Sample,EVM1 VSHUNT Results (mV),EVM1 VBUS Results (V),EVM1 CURRENT Results (A),EVM1 POWER Results (W)
0,0.8475,5.18125,0.06107010014306152,0.3158798283261803
1,0.8225,5.20125,0.06857796852646639,0.3570815450643777
2,0.875,5.205,0.07288125894134478,0.3776824034334764
3,0.685,5.21375,0.06912732474964235,0.35937052932761093
4,0.75,5.2075,0.06253505007153076,0.32732474964234626
5,0.7125,5.17875,0.059330472103004295,0.30672389127324756
6,0.7525,5.205,0.06537339055793992,0.3410586552217454
7,0.785,5.18625,0.06537339055793992,0.33648068669527903
8,0.755,5.18125,0.06290128755364807,0.32732474964234626
9,0.73,5.21,0.07919885550786838,0.4120171673819743
10,0.9075,5.20625,0.07562804005722461,0.3937052932761088
11,0.9,5.205,0.07498712446351932,0.3891273247496424
12,0.8725,5.1875,0.06436623748211731,0.3341917024320458
13,0.7925,5.21375,0.06601430615164522,0.34563662374821175
14,0.7025,5.18375,0.05850643776824035,0.30443490701001436
15,0.8875,5.19125,0.056492131616595144,0.2929899856938484
16,0.7075,5.2025,0.07645207439198856,0.3982832618025752
17,0.8675,5.2125,0.07233190271816882,0.3776824034334764
18,0.6925,5.205,0.07333905579399143,0.38226037195994284
19,1.4325,5.14625,0.1301974248927039,0.6706723891273249
20,1.2475,5.1375,0.10391988555078685,0.5333333333333334
21,1.765,5.12125,0.12250643776824036,0.6271816881258943
22,0.8575,5.19875,0.08899570815450644,0.46237482117310447
23,0.84,5.21,0.07004291845493563,0.3639484978540773
24,0.91,5.18125,0.06253505007153076,0.32274678111587984
25,0.9025,5.18125,0.06308440629470673,0.32732474964234626
26,0.75,5.185,0.06253505007153076,0.32274678111587984
27,0.7225,5.20875,0.060246065808297576,0.4005722460658083
28,0.7125,5.21125,0.0683032904148784,0.3570815450643777
29,0.755,5.21,0.06290128755364807,0.32732474964234626
30,0.695,5.1825,0.05795708154506438,0.29985693848354794
31,0.8,5.195,0.056858369098712454,0.2952789699570816
32,0.6975,5.185,0.05814020028612304,0.29985693848354794
33,0.8725,5.205,0.07269814020028613,0.3776824034334764
34,0.6725,5.21125,0.07315593705293277,0.38226037195994284
35,0.86,5.21375,0.07169098712446352,0.37539341917024327
36,0.68,5.19125,0.0566752503576538,0.2929899856938484
37,0.7675,5.20375,0.06482403433476396,0.33648068669527903
38,0.7625,5.19375,0.06354220314735337,0.32961373390557946
39,0.735,5.1975,0.06125321888412018,0.3181688125894135
40,0.735,5.2025,0.07498712446351932,0.3891273247496424
41,0.8825,5.1975,0.07352217453505008,0.38226037195994284
42,0.87,5.19625,0.07251502145922747,0.37539341917024327
43,0.86,5.1875,0.059330472103004295,0.30672389127324756
44,0.7275,5.185,0.060612303290414886,0.3158798283261803
45,0.8475,5.21375,0.07059227467811159,0.36852646638054365
46,0.6925,5.205,0.07727610872675252,0.4005722460658083
47,0.705,5.21375,0.06537339055793992,0.3410586552217454
48,0.6825,5.185,0.056858369098712454,0.2952789699570816
49,0.8025,5.195,0.0566752503576538,0.2952789699570816
50,0.715,5.20125,0.07004291845493563,0.3639484978540773
51,0.7075,5.20375,0.058964234620886985,0.30672389127324756
52,0.715,5.21125,0.07562804005722461,0.3937052932761088
53,0.775,5.2075,0.07233190271816882,0.37539341917024327
54,0.855,5.195,0.07123319027181689,0.37081545064377686
55,0.78,5.20375,0.06308440629470673,0.32961373390557946
56,0.8025,5.20125,0.06747925608011446,0.35250357653791137
57,0.76,5.2025,0.06335908440629472,0.32961373390557946
58,0.6825,5.21125,0.056858369098712454,0.3891273247496424
59,0.76,5.1975,0.06857796852646639,0.3570815450643777
60,0.86,5.2125,0.07169098712446352,0.37539341917024327
61,0.72,5.205,0.059971387696709594,0.3113018597997139
62,0.695,5.2125,0.06711301859799715,0.34792560801144495
63,0.6825,5.19875,0.056858369098712454,0.2952789699570816
64,0.6925,5.18375,0.0576824034334764,0.29985693848354794
65,0.7925,5.19875,0.06271816881258942,0.32732474964234626
66,0.735,5.18625,0.06125321888412018,0.3181688125894135
67,0.79,5.21125,0.06583118741058656,0.3410586552217454
68,0.9175,5.18,0.06775393419170243,0.35250357653791137
69,0.78,5.18375,0.06500715307582261,0.33648068669527903
70,0.7625,5.1825,0.06354220314735337,0.32961373390557946
71,0.865,5.19,0.059330472103004295,0.30672389127324756
72,0.7125,5.19,0.059330472103004295,0.30672389127324756
73,0.6825,5.18625,0.056858369098712454,0.2952789699570816
74,0.7725,5.20125,0.05814020028612304,0.30443490701001436
75,0.7,5.185,0.05832331902718169,0.30443490701001436
76,0.8725,5.2075,0.07269814020028613,0.3776824034334764
77,0.8325,5.18625,0.06601430615164522,0.3410586552217454
78,0.87,5.21375,0.07251502145922747,0.3776824034334764
79,0.71,5.20375,0.05914735336194564,0.30672389127324756
80,0.7175,5.21125,0.06308440629470673,0.32961373390557946
81,0.86,5.185,0.059971387696709594,0.3113018597997139
82,0.865,5.21125,0.07205722460658083,0.37539341917024327
83,1.2725,5.16625,0.11628040057224608,0.5997138769670959
84,0.7825,5.19375,0.07123319027181689,0.37081545064377686
85,0.7725,5.1825,0.06436623748211731,0.3341917024320458
86,0.79,5.20375,0.06308440629470673,0.32961373390557946
87,0.7475,5.21,0.06747925608011446,0.35250357653791137
88,0.8225,5.215,0.06857796852646639,0.3570815450643777
89,0.68,5.2075,0.07169098712446352,0.37539341917024327
90,0.7075,5.21,0.06857796852646639,0.3570815450643777
91,0.665,5.1975,0.05539341917024321,0.288412017167382
92,0.7275,5.21,0.060612303290414886,0.3158798283261803
93,0.8475,5.1875,0.056492131616595144,0.2929899856938484
94,0.845,5.2025,0.07040915593705294,0.36852646638054365
95,0.745,5.20875,0.062077253218884125,0.32274678111587984
96,0.68,5.21375,0.07169098712446352,0.37539341917024327
97,0.7,5.2025,0.05832331902718169,0.30443490701001436
98,0.795,5.2,0.0662889842632332,0.34563662374821175
99,0.86,5.1875,0.06793705293276109,0.35250357653791137
100,0.8675,5.195,0.07233190271816882,0.37539341917024327
101,0.86,5.19375,0.07169098712446352,0.37081545064377686
102,0.7175,5.21125,0.07498712446351932,0.3891273247496424
103,0.825,5.21375,0.06876108726752504,0.35937052932761093
104,0.8325,5.215,0.06940200286123034,0.3639484978540773
105,0.7425,5.19625,0.06683834048640916,0.34792560801144495
106,1.4,5.16625,0.11664663805436339,0.6042918454935623
107,0.87,5.21,0.07251502145922747,0.3776824034334764
108,0.9125,5.17875,0.06601430615164522,0.3410586552217454
109,0.9075,5.1925,0.07562804005722461,0.3937052932761088
110,0.895,5.2075,0.07462088698140201,0.3891273247496424
111,0.9325,5.175,0.06775393419170243,0.34792560801144495
112,0.7375,5.2,0.06857796852646639,0.3570815450643777
113,0.905,5.20875,0.07544492131616595,0.3937052932761088
114,0.9275,5.17875,0.06683834048640916,0.34563662374821175
115,0.8175,5.19125,0.07086695278969958,0.36852646638054365
116,0.8675,5.19375,0.07233190271816882,0.37539341917024327
117,0.8525,5.19375,0.059971387696709594,0.3113018597997139
118,0.82,5.19125,0.05978826895565094,0.3113018597997139
119,0.7175,5.185,0.05978826895565094,0.3113018597997139
120,0.8125,5.1925,0.05621745350500716,0.2929899856938484
121,0.74,5.1975,0.0672961373390558,0.34792560801144495
122,0.8475,5.215,0.07059227467811159,0.36852646638054365
123,0.71,5.2025,0.05914735336194564,0.30672389127324756
124,0.7375,5.2075,0.07837482117310444,0.4097281831187411
125,0.9075,5.2125,0.07562804005722461,0.3937052932761088
126,0.6925,5.205,0.0576824034334764,0.29985693848354794
127,0.68,5.2125,0.07187410586552218,0.37539341917024327
128,0.9475,5.20625,0.07892417739628041,0.4120171673819743
129,0.8925,5.19625,0.07434620886981402,0.3868383404864092
130,0.8625,5.19,0.059330472103004295,0.30672389127324756
131,0.7325,5.1825,0.06107010014306152,0.3158798283261803
132,0.72,5.19,0.059971387696709594,0.3113018597997139
133,0.6875,5.21125,0.07462088698140201,0.3891273247496424
134,0.8375,5.21375,0.06976824034334765,0.3639484978540773
135,0.7625,5.2125,0.06354220314735337,0.32961373390557946
136,0.7375,5.20875,0.06189413447782547,0.32274678111587984
137,0.705,5.18375,0.05878111587982833,0.30443490701001436
138,0.86,5.21375,0.07169098712446352,0.37539341917024327
139,0.6925,5.20625,0.0762689556509299,0.3982832618025752
140,0.7625,5.2125,0.06354220314735337,0.32961373390557946
141,0.68,5.18375,0.0566752503576538,0.2929899856938484
142,0.825,5.19125,0.05621745350500716,0.2929899856938484
143,1.2175,5.1775,0.11206866952789701,0.5814020028612304
144,0.8125,5.18625,0.06775393419170243,0.35250357653791137
145,0.835,5.19375,0.06079542203147354,0.3158798283261803
146,0.8775,5.1875,0.059971387696709594,0.3113018597997139
147,0.7875,5.20875,0.06564806866952791,0.3410586552217454
148,0.7675,5.19375,0.06564806866952791,0.3410586552217454
149,0.6925,5.21375,0.06793705293276109,0.35250357653791137
150,0.6875,5.185,0.05731616595135909,0.2952789699570816
151,0.8375,5.19,0.05621745350500716,0.2929899856938484
152,0.8125,5.195,0.055851216022889845,0.288412017167382
153,0.685,5.185,0.05704148783977111,0.2952789699570816
154,0.7725,5.2,0.06436623748211731,0.3181688125894135
155,0.85,5.18625,0.05704148783977111,0.2952789699570816
156,0.7125,5.18375,0.059330472103004295,0.30672389127324756
157,0.7,5.1825,0.05832331902718169,0.30443490701001436
158,0.765,5.20125,0.07745922746781117,0.4005722460658083
159,0.835,5.19125,0.069585121602289,0.35937052932761093
160,0.8825,5.19875,0.07352217453505008,0.38226037195994284
161,0.8725,5.18625,0.06482403433476396,0.33648068669527903
162,0.7125,5.18875,0.059330472103004295,0.30672389127324756
163,0.675,5.19,0.05621745350500716,0.2929899856938484
164,0.7875,5.2,0.057499284692417746,0.29985693848354794
165,0.7725,5.19125,0.06436623748211731,0.3341917024320458
166,0.8775,5.2125,0.07315593705293277,0.38226037195994284
167,0.6775,5.2125,0.06940200286123034,0.35937052932761093
168,0.7,5.1925,0.05832331902718169,0.30443490701001436
169,0.7825,5.1925,0.06519027181688127,0.33648068669527903
170,0.815,5.1875,0.06189413447782547,0.32274678111587984
171,0.8725,5.21125,0.07269814020028613,0.3776824034334764
172,0.77,5.21125,0.06418311874105866,0.3341917024320458
173,0.7825,5.2075,0.07123319027181689,0.37081545064377686
174,0.745,5.21,0.06747925608011446,0.35250357653791137
175,0.8925,5.20125,0.07434620886981402,0.3868383404864092
176,0.9025,5.1825,0.060246065808297576,0.3113018597997139
177,0.7875,5.2025,0.06189413447782547,0.32274678111587984
178,0.715,5.2025,0.059605150214592284,0.3113018597997139
179,0.675,5.2125,0.07205722460658083,0.37539341917024327
180,0.8075,5.19625,0.056858369098712454,0.2952789699570816
181,0.695,5.18375,0.05795708154506438,0.29985693848354794
182,0.84,5.185,0.056492131616595144,0.2929899856938484
183,0.8225,5.18875,0.06253505007153076,0.32732474964234626
184,0.89,5.20875,0.07416309012875537,0.3868383404864092
185,0.7025,5.205,0.07462088698140201,0.3891273247496424
186,0.7075,5.21375,0.06308440629470673,0.32961373390557946
187,0.71,5.18375,0.05914735336194564,0.30672389127324756
188,0.935,5.2,0.0779170243204578,0.40515021459227474
189,0.875,5.18875,0.06482403433476396,0.33648068669527903
190,0.75,5.1825,0.06253505007153076,0.32274678111587984
191,0.7225,5.19,0.060246065808297576,0.3113018597997139
192,0.73,5.21125,0.07141630901287555,0.37081545064377686
193,0.895,5.2075,0.07462088698140201,0.3891273247496424
194,0.7025,5.20375,0.05850643776824035,0.30443490701001436
195,0.7725,5.2,0.06857796852646639,0.3570815450643777
196,0.6875,5.185,0.05731616595135909,0.2952789699570816
197,0.8375,5.20125,0.06976824034334765,0.3639484978540773
198,0.8425,5.18375,0.06601430615164522,0.3410586552217454
199,0.845,5.2025,0.07040915593705294,0.36852646638054365
200,0.8325,5.215,0.06940200286123034,0.3639484978540773
201,0.68,5.21375,0.07086695278969958,0.37081545064377686
202,0.955,5.21125,0.07956509298998571,0.41659513590844066
203,0.82,5.20625,0.0683032904148784,0.3570815450643777
204,0.8975,5.18,0.06308440629470673,0.32732474964234626
205,0.9075,5.18125,0.07562804005722461,0.3891273247496424
206,0.725,5.18,0.06042918454935623,0.3113018597997139
207,0.8,5.20125,0.06354220314735337,0.32961373390557946
208,0.78,5.2,0.06042918454935623,0.3158798283261803
209,0.7375,5.1875,0.06143633762517883,0.3181688125894135
210,0.865,5.18375,0.05795708154506438,0.29985693848354794
211,0.6725,5.2125,0.07233190271816882,0.3776824034334764
212,0.69,5.2,0.057499284692417746,0.29985693848354794
213,0.6925,5.215,0.06683834048640916,0.34792560801144495
214,0.7725,5.20125,0.06271816881258942,0.32732474964234626
215,0.77,5.18375,0.06418311874105866,0.3341917024320458
216,0.8325,5.19,0.05621745350500716,0.2929899856938484
217,0.68,5.20875,0.07745922746781117,0.40515021459227474
218,0.79,5.18,0.06583118741058656,0.3410586552217454
219,0.72,5.19,0.059971387696709594,0.3113018597997139
220,0.725,5.21125,0.07187410586552218,0.37539341917024327
221,0.9,5.21125,0.07498712446351932,0.3891273247496424
222,0.905,5.20375,0.07544492131616595,0.3937052932761088
223,0.8575,5.18625,0.05704148783977111,0.2952789699570816
224,0.7875,5.195,0.06564806866952791,0.3410586552217454
225,0.8275,5.215,0.0689442060085837,0.35937052932761093
226,0.6775,5.21125,0.07141630901287555,0.37081545064377686
227,0.7675,5.20875,0.064,0.3341917024320458
228,0.725,5.18625,0.06042918454935623,0.3158798283261803
229,0.715,5.21125,0.06253505007153076,0.32732474964234626
230,0.695,5.18375,0.05795708154506438,0.29985693848354794
231,0.8225,5.2,0.06857796852646639,0.3570815450643777
232,0.87,5.1825,0.06354220314735337,0.32961373390557946
233,1.2825,5.17375,0.10684978540772533,0.5516452074391989
234,0.7175,5.185,0.05978826895565094,0.3113018597997139
235,0.7325,5.2025,0.07480400572246067,0.3891273247496424
236,0.87,5.20875,0.07251502145922747,0.3776824034334764
237,0.915,5.2125,0.0762689556509299,0.3982832618025752
238,0.82,5.1925,0.05621745350500716,0.2929899856938484
239,0.76,5.195,0.06683834048640916,0.34792560801144495
240,0.755,5.21125,0.06290128755364807,0.32732474964234626
241,0.6875,5.21625,0.07040915593705294,0.36852646638054365
242,0.8675,5.18,0.0566752503576538,0.2929899856938484
243,0.7725,5.18875,0.06436623748211731,0.3341917024320458
244,0.8225,5.1925,0.055851216022889845,0.288412017167382
245,0.7675,5.1975,0.0666552217453505,0.34563662374821175
246,0.865,5.21,0.07205722460658083,0.37539341917024327
247,0.7525,5.195,0.07169098712446352,0.37081545064377686
248,1.3475,5.16125,0.10977968526466382,0.5653791130185981
249,0.73,5.18125,0.06079542203147354,0.3158798283261803
250,0.7225,5.2125,0.060246065808297576,0.3113018597997139
251,0.7475,5.20875,0.06683834048640916,0.34792560801144495
252,1.1475,5.19,0.09558798283261803,0.49442060085836914
253,0.835,5.2025,0.069585121602289,0.3639484978540773
254,0.7425,5.1975,0.06683834048640916,0.34792560801144495
255,0.745,5.205,0.062077253218884125,0.32274678111587984
256,0.7725,5.195,0.06436623748211731,0.3341917024320458
257,0.8625,5.18375,0.062077253218884125,0.32274678111587984
258,0.8225,5.2,0.06857796852646639,0.3570815450643777
259,0.82,5.21375,0.0683032904148784,0.3570815450643777
260,0.675,5.21,0.07205722460658083,0.37539341917024327
261,0.7725,5.21125,0.06436623748211731,0.3341917024320458
262,0.6925,5.18375,0.0576824034334764,0.29985693848354794
263,0.9175,5.1825,0.06271816881258942,0.32732474964234626
264,0.86,5.21,0.07169098712446352,0.37539341917024327
265,0.84,5.21,0.07004291845493563,0.3639484978540773
266,0.7125,5.2075,0.07544492131616595,0.3937052932761088
267,0.91,5.2025,0.07581115879828328,0.3937052932761088
268,0.8275,5.2,0.0689442060085837,0.35937052932761093
269,0.85,5.185,0.059330472103004295,0.30672389127324756
270,0.6975,5.2075,0.07105007153075824,0.37081545064377686
271,0.695,5.2025,0.05795708154506438,0.29985693848354794
272,0.7125,5.21125,0.064,0.3341917024320458
273,0.835,5.18625,0.059605150214592284,0.30672389127324756
274,0.805,5.1975,0.06711301859799715,0.34792560801144495
275,0.855,5.185,0.059605150214592284,0.30672389127324756
276,0.69,5.215,0.07333905579399143,0.38226037195994284
277,0.7025,5.18375,0.05850643776824035,0.30443490701001436
278,0.9425,5.18125,0.07105007153075824,0.36852646638054365
279,0.9,5.1825,0.060246065808297576,0.3113018597997139
280,0.71,5.1875,0.05914735336194564,0.30672389127324756
281,0.75,5.21,0.06253505007153076,0.3570815450643777
282,0.7375,5.21,0.07004291845493563,0.3639484978540773
283,0.85,5.21375,0.07086695278969958,0.37081545064377686
284,0.6725,5.19125,0.05603433476394851,0.2929899856938484
285,0.86,5.185,0.05731616595135909,0.2952789699570816
286,0.855,5.18375,0.07123319027181689,0.36852646638054365
287,0.8275,5.20125,0.0689442060085837,0.35937052932761093
288,0.8725,5.18375,0.05832331902718169,0.30443490701001436
289,0.82,5.2,0.0683032904148784,0.3570815450643777
290,0.73,5.21,0.06079542203147354,0.3158798283261803
291,0.7375,5.2075,0.060612303290414886,0.3158798283261803
292,0.7,5.1825,0.05832331902718169,0.30443490701001436
293,1.2425,5.14875,0.10355364806866954,0.5333333333333334
294,0.72,5.2075,0.07581115879828328,0.3937052932761088
295,0.8825,5.2,0.07352217453505008,0.38226037195994284
296,0.8925,5.19125,0.07434620886981402,0.3868383404864092
297,0.7375,5.21125,0.06940200286123034,0.35937052932761093
298,0.8675,5.2125,0.07233190271816882,0.3776824034334764
299,0.85,5.21375,0.07086695278969958,0.37081545064377686
300,0.7125,5.20125,0.069585121602289,0.3639484978540773
301,0.78,5.19875,0.059330472103004295,0.30672389127324756
302,0.9475,5.15125,0.07892417739628041,0.40515021459227474
303,0.68,5.21375,0.07169098712446352,0.37539341917024327
304,0.855,5.1875,0.0566752503576538,0.2929899856938484
305,0.81,5.19625,0.06747925608011446,0.34792560801144495
306,0.7625,5.195,0.07141630901287555,0.37081545064377686
307,0.7325,5.20875,0.06125321888412018,0.3181688125894135
308,0.75,5.18875,0.06253505007153076,0.32732474964234626
309,0.7425,5.19875,0.07333905579399143,0.38226037195994284
310,0.7375,5.20125,0.07370529327610874,0.38226037195994284
311,0.895,5.205,0.07462088698140201,0.3891273247496424
312,0.91,5.18,0.07581115879828328,0.32961373390557946
313,0.74,5.19875,0.06812017167381974,0.35250357653791137
314,0.8325,5.21375,0.06940200286123034,0.35937052932761093
315,0.6925,5.19625,0.0576824034334764,0.29985693848354794
316,0.7875,5.19875,0.05704148783977111,0.2952789699570816
317,0.6775,5.1875,0.056492131616595144,0.2929899856938484
318,0.85,5.205,0.07086695278969958,0.36852646638054365
319,0.695,5.205,0.07123319027181689,0.37081545064377686
320,0.7725,5.21125,0.06436623748211731,0.3341917024320458
321,0.6825,5.19125,0.056858369098712454,0.2952789699570816
322,0.75,5.20625,0.060246065808297576,0.3158798283261803
323,0.81,5.17875,0.06747925608011446,0.34792560801144495
324,0.7175,5.18375,0.05978826895565094,0.3113018597997139
325,0.7425,5.21,0.0683032904148784,0.3570815450643777
326,0.865,5.21125,0.07205722460658083,0.37539341917024327
327,0.8525,5.21,0.07105007153075824,0.37081545064377686
328,0.8325,5.18625,0.061711015736766815,0.3181688125894135
329,0.7925,5.195,0.06601430615164522,0.3410586552217454
330,0.8725,5.21375,0.07269814020028613,0.3776824034334764
331,0.7075,5.2125,0.064,0.3341917024320458
332,0.8325,5.18625,0.06042918454935623,0.3158798283261803
333,0.875,5.2075,0.07288125894134478,0.3776824034334764
334,0.75,5.1975,0.0672961373390558,0.34792560801144495
335,0.6925,5.20625,0.07187410586552218,0.37539341917024327
336,0.745,5.21,0.062077253218884125,0.32274678111587984
337,0.675,5.20875,0.07141630901287555,0.37081545064377686
338,0.905,5.185,0.06308440629470673,0.32732474964234626
339,0.885,5.21125,0.07370529327610874,0.38226037195994284
340,0.8975,5.1825,0.062077253218884125,0.32274678111587984
341,0.8725,5.18625,0.05978826895565094,0.3113018597997139
342,0.73,5.19875,0.06079542203147354,0.3158798283261803
343,0.6825,5.215,0.056858369098712454,0.3776824034334764
344,0.8625,5.1825,0.06372532188841203,0.32961373390557946
345,1.155,5.17125,0.09622889842632333,0.4989985693848355
346,0.8225,5.2,0.06857796852646639,0.3570815450643777
347,0.715,5.20125,0.07040915593705294,0.36852646638054365
348,0.73,5.2075,0.06079542203147354,0.3158798283261803
349,0.6875,5.185,0.05731616595135909,0.2952789699570816
350,0.77,5.20125,0.05795708154506438,0.29985693848354794
351,0.6825,5.18375,0.056858369098712454,0.2952789699570816
352,0.905,5.20875,0.07544492131616595,0.3937052932761088
353,0.9425,5.17875,0.06583118741058656,0.3410586552217454
354,0.715,5.1875,0.059605150214592284,0.30672389127324756
355,0.7225,5.18,0.060246065808297576,0.3113018597997139
356,0.7125,5.20875,0.07480400572246067,0.3891273247496424
357,0.8775,5.2125,0.07315593705293277,0.38226037195994284
358,0.7775,5.21125,0.06482403433476396,0.33648068669527903
359,0.6975,5.21375,0.0672961373390558,0.35250357653791137
360,0.68,5.19875,0.0566752503576538,0.2952789699570816
361,0.7825,5.1925,0.06519027181688127,0.33648068669527903
362,0.7725,5.19375,0.06537339055793992,0.3410586552217454
363,0.875,5.20875,0.07288125894134478,0.3776824034334764
364,0.7625,5.21125,0.06354220314735337,0.32961373390557946
365,0.7225,5.20875,0.06290128755364807,0.32732474964234626
366,0.8625,5.1825,0.056858369098712454,0.2952789699570816
367,0.8875,5.2125,0.07397997138769671,0.3868383404864092
368,0.9275,5.18,0.06253505007153076,0.32274678111587984
369,0.7675,5.205,0.06436623748211731,0.3341917024320458
370,0.76,5.20375,0.06335908440629472,0.32961373390557946
371,0.765,5.1975,0.07288125894134478,0.3776824034334764
372,0.7175,5.2075,0.07498712446351932,0.3891273247496424
373,0.8525,5.21375,0.07105007153075824,0.37081545064377686
374,0.715,5.2025,0.07517024320457798,0.3891273247496424
375,0.69,5.21375,0.07233190271816882,0.3776824034334764
376,0.885,5.21375,0.07370529327610874,0.38226037195994284
377,0.7625,5.19,0.06354220314735337,0.32961373390557946
378,0.7525,5.2025,0.058964234620886985,0.30672389127324756
379,0.745,5.18875,0.062077253218884125,0.32274678111587984
380,0.845,5.21375,0.07040915593705294,0.36852646638054365
381,0.69,5.205,0.07169098712446352,0.37081545064377686
382,0.7625,5.2125,0.06354220314735337,0.32961373390557946
383,1.225,5.16625,0.1020886981402003,0.528755364806867
384,0.8575,5.19125,0.05978826895565094,0.3113018597997139
385,0.75,5.2025,0.06253505007153076,0.32732474964234626
386,0.77,5.205,0.06418311874105866,0.3341917024320458
387,0.73,5.20375,0.07544492131616595,0.3937052932761088
388,0.875,5.20625,0.07288125894134478,0.3776824034334764
389,0.855,5.2125,0.07123319027181689,0.37081545064377686
390,0.7,5.20625,0.07269814020028613,0.3776824034334764
391,0.7975,5.21375,0.06647210300429185,0.34563662374821175
392,0.69,5.18375,0.057499284692417746,0.2952789699570816
393,0.8275,5.19,0.05621745350500716,0.2929899856938484
394,0.8025,5.195,0.06683834048640916,0.34792560801144495
395,0.85,5.21375,0.07086695278969958,0.37081545064377686
396,0.675,5.21,0.07141630901287555,0.37081545064377686
397,0.7825,5.2,0.057499284692417746,0.29985693848354794
398,0.7675,5.19,0.064,0.3341917024320458
399,0.84,5.1875,0.06683834048640916,0.34563662374821175
400,0.91,5.18,0.06107010014306152,0.3158798283261803
401,0.8075,5.18875,0.0672961373390558,0.34792560801144495
402,0.7325,5.21125,0.07123319027181689,0.37081545064377686
403,0.86,5.185,0.06519027181688127,0.33648068669527903
404,0.8525,5.20875,0.07105007153075824,0.37081545064377686
405,0.675,5.21375,0.07123319027181689,0.37081545064377686
406,0.78,5.20125,0.0576824034334764,0.29985693848354794
407,0.8275,5.20125,0.0689442060085837,0.35937052932761093
408,0.6775,5.19375,0.056492131616595144,0.2929899856938484
409,0.8225,5.19375,0.055851216022889845,0.288412017167382
410,0.72,5.185,0.059971387696709594,0.3113018597997139
411,0.8275,5.21375,0.0689442060085837,0.35937052932761093
412,0.6825,5.215,0.07059227467811159,0.36852646638054365
413,1.28,5.17375,0.10666666666666667,0.5516452074391989
414,0.715,5.18375,0.059605150214592284,0.30672389127324756
415,0.72,5.21,0.07892417739628041,0.4120171673819743
416,0.8925,5.20375,0.07434620886981402,0.3868383404864092
417,0.89,5.21,0.07416309012875537,0.3868383404864092
418,0.8575,5.18375,0.056492131616595144,0.2929899856938484
419,0.8325,5.19625,0.06940200286123034,0.35937052932761093
420,0.8325,5.215,0.06940200286123034,0.3639484978540773
421,0.6775,5.21375,0.07123319027181689,0.37081545064377686
422,0.6925,5.2025,0.0576824034334764,0.29985693848354794
423,0.6825,5.18375,0.056858369098712454,0.2952789699570816
424,0.8075,5.195,0.05603433476394851,0.2929899856938484
425,0.8525,5.2075,0.07105007153075824,0.37081545064377686
426,0.7,5.20375,0.05832331902718169,0.30443490701001436
427,0.68,5.21625,0.07059227467811159,0.36852646638054365
428,0.91,5.1825,0.06940200286123034,0.35937052932761093
429,0.72,5.18375,0.059971387696709594,0.3113018597997139
430,0.82,5.19125,0.06912732474964235,0.35937052932761093
431,0.8875,5.18125,0.06354220314735337,0.32961373390557946
432,0.7775,5.18375,0.06482403433476396,0.33648068669527903
433,0.685,5.2125,0.07498712446351932,0.3891273247496424
434,0.795,5.1975,0.057499284692417746,0.29985693848354794
435,0.685,5.1825,0.05704148783977111,0.2952789699570816
436,0.7675,5.2025,0.05795708154506438,0.29985693848354794
437,0.85,5.18375,0.059330472103004295,0.30672389127324756
438,0.84,5.21625,0.07004291845493563,0.3639484978540773
439,0.6925,5.215,0.0576824034334764,0.29985693848354794
440,0.85,5.185,0.056858369098712454,0.2952789699570816
441,0.815,5.1975,0.06793705293276109,0.35250357653791137
442,0.8225,5.215,0.06857796852646639,0.3570815450643777
443,1.26,5.1725,0.10565951359084408,0.5470672389127326
444,0.8925,5.2025,0.07434620886981402,0.3868383404864092
445,0.8975,5.2025,0.07480400572246067,0.3891273247496424
446,0.89,5.18375,0.059971387696709594,0.3113018597997139
447,0.735,5.19,0.06125321888412018,0.3181688125894135
448,0.7875,5.2125,0.06564806866952791,0.3410586552217454
449,0.6875,5.21375,0.0683032904148784,0.3570815450643777
450,0.705,5.20375,0.05878111587982833,0.30672389127324756
451,0.7125,5.185,0.059330472103004295,0.30672389127324756
452,0.7975,5.19625,0.056858369098712454,0.2952789699570816
453,0.735,5.20375,0.06125321888412018,0.3181688125894135
454,0.7575,5.18875,0.06308440629470673,0.32732474964234626
455,0.845,5.185,0.059330472103004295,0.30672389127324756
456,0.8375,5.2125,0.06976824034334765,0.3639484978540773
457,0.68,5.1875,0.0566752503576538,0.2929899856938484
458,0.93,5.17875,0.07462088698140201,0.3868383404864092
459,0.895,5.1825,0.060246065808297576,0.3113018597997139
460,0.7175,5.195,0.05978826895565094,0.3113018597997139
461,0.8125,5.1925,0.07517024320457798,0.3891273247496424
462,0.765,5.1975,0.07315593705293277,0.3776824034334764
463,0.8925,5.195,0.07434620886981402,0.3868383404864092
464,0.8375,5.1875,0.06042918454935623,0.3158798283261803
465,0.6825,5.215,0.06940200286123034,0.3639484978540773
466,0.68,5.185,0.0566752503576538,0.2929899856938484
467,0.7825,5.2025,0.05878111587982833,0.30672389127324756
468,0.855,5.18375,0.07123319027181689,0.36852646638054365
469,0.855,5.21375,0.07123319027181689,0.37081545064377686
470,0.685,5.21625,0.05704148783977111,0.3639484978540773
471,0.84,5.18875,0.056492131616595144,0.2929899856938484
472,0.8575,5.20625,0.07141630901287555,0.37081545064377686
473,1.2125,5.1625,0.10108154506437769,0.5218884120171675
474,0.8875,5.1825,0.060246065808297576,0.3113018597997139
475,0.7675,5.1825,0.064,0.32961373390557946
476,0.7625,5.18125,0.06354220314735337,0.32961373390557946
477,0.7675,5.20625,0.06354220314735337,0.32961373390557946
478,0.9425,5.205,0.0785579399141631,0.4097281831187411
479,0.8275,5.2125,0.0689442060085837,0.35937052932761093
480,0.675,5.21125,0.07187410586552218,0.37539341917024327
481,0.755,5.21,0.06290128755364807,0.32732474964234626
482,0.68,5.185,0.0566752503576538,0.2929899856938484
483,0.8525,5.185,0.056858369098712454,0.2952789699570816
484,0.8375,5.20125,0.06976824034334765,0.3639484978540773
485,0.785,5.21375,0.06537339055793992,0.3410586552217454
486,0.6925,5.21375,0.07352217453505008,0.38226037195994284
487,0.675,5.19,0.05621745350500716,0.2929899856938484
488,0.7675,5.19,0.064,0.3341917024320458
489,1.8275,5.13125,0.15565092989985696,0.7988555078683836
490,0.965,5.19875,0.08038912732474965,0.41659513590844066
491,0.775,5.18,0.06454935622317597,0.3341917024320458
492,0.7675,5.2075,0.0672961373390558,0.34792560801144495
493,0.715,5.20875,0.07544492131616595,0.3937052932761088
494,0.9225,5.195,0.0769098712446352,0.4005722460658083
495,0.875,5.19,0.06876108726752504,0.3570815450643777
496,0.835,5.1875,0.062077253218884125,0.32274678111587984
497,0.85,5.20375,0.07086695278969958,0.36852646638054365
498,0.8575,5.185,0.0683032904148784,0.35250357653791137
499,0.71,5.205,0.07544492131616595,0.3937052932761088
500,0.7025,5.205,0.05850643776824035,0.30443490701001436
501,0.735,5.2075,0.06042918454935623,0.3158798283261803
502,0.8825,5.18125,0.06107010014306152,0.3158798283261803
503,0.7725,5.1875,0.06436623748211731,0.3341917024320458
504,0.8125,5.215,0.06775393419170243,0.35250357653791137
505,0.67,5.20875,0.07169098712446352,0.37539341917024327
506,0.8125,5.21125,0.06775393419170243,0.35250357653791137
507,0.6775,5.18625,0.056492131616595144,0.2929899856938484
508,0.815,5.2025,0.07251502145922747,0.3776824034334764
509,3.0325,5.06625,0.25270386266094425,1.2795422031473536
510,0.8175,5.21,0.06812017167381974,0.3570815450643777
511,0.8575,5.185,0.06647210300429185,0.34563662374821175
512,0.855,5.19625,0.07123319027181689,0.37081545064377686
513,0.86,5.195,0.07169098712446352,0.37081545064377686
514,0.8125,5.1975,0.060612303290414886,0.3158798283261803
515,0.7025,5.185,0.05850643776824035,0.30443490701001436
516,0.86,5.2125,0.07169098712446352,0.37539341917024327
517,0.68,5.21125,0.07562804005722461,0.3937052932761088
518,0.845,5.1925,0.07040915593705294,0.3639484978540773
519,0.7525,5.18125,0.06271816881258942,0.32732474964234626
520,0.7925,5.20125,0.06271816881258942,0.32732474964234626
521,0.72,5.18125,0.059971387696709594,0.3113018597997139
522,0.735,5.18125,0.06125321888412018,0.3181688125894135
523,0.75,5.205,0.05914735336194564,0.30672389127324756
524,0.84,5.1875,0.06500715307582261,0.33648068669527903
525,0.86,5.205,0.07169098712446352,0.37081545064377686
526,0.8175,5.19,0.06335908440629472,0.32961373390557946
527,0.7275,5.20625,0.06537339055793992,0.3410586552217454
528,0.6875,5.18375,0.05731616595135909,0.2952789699570816
529,0.7475,5.205,0.06042918454935623,0.3158798283261803
530,0.87,5.18375,0.057499284692417746,0.2952789699570816
531,0.84,5.205,0.07004291845493563,0.3639484978540773
532,0.8575,5.185,0.059330472103004295,0.30672389127324756
533,0.7525,5.2,0.07370529327610874,0.38226037195994284
534,0.9125,5.205,0.07608583690987125,0.3982832618025752
535,0.8775,5.18625,0.07315593705293277,0.3776824034334764
536,0.89,5.18125,0.06482403433476396,0.33648068669527903
537,0.72,5.1825,0.059971387696709594,0.3113018597997139
538,0.69,5.185,0.057499284692417746,0.2952789699570816
539,0.8025,5.1975,0.0566752503576538,0.2952789699570816
540,0.72,5.18625,0.059971387696709594,0.3113018597997139
541,0.84,5.20125,0.07004291845493563,0.3639484978540773
542,0.74,5.1975,0.0672961373390558,0.34792560801144495
543,0.8525,5.2125,0.07105007153075824,0.37081545064377686
544,0.82,5.21625,0.0683032904148784,0.3570815450643777
545,0.69,5.20625,0.07434620886981402,0.3868383404864092
546,0.74,5.20375,0.061711015736766815,0.32274678111587984
547,0.68,5.19875,0.0566752503576538,0.2952789699570816
548,0.7175,5.21,0.07544492131616595,0.3937052932761088
549,0.885,5.2125,0.07370529327610874,0.38226037195994284
550,0.84,5.21125,0.07004291845493563,0.3639484978540773
551,0.7125,5.21,0.07562804005722461,0.3937052932761088
552,0.8475,5.2125,0.07059227467811159,0.36852646638054365
553,0.6875,5.185,0.05731616595135909,0.2952789699570816
554,0.825,5.19,0.05731616595135909,0.2952789699570816
555,0.85,5.185,0.06042918454935623,0.3158798283261803
556,0.86,5.2075,0.07169098712446352,0.37539341917024327
557,0.715,5.20125,0.07059227467811159,0.36852646638054365
558,0.69,5.2125,0.06812017167381974,0.3570815450643777
559,0.7725,5.18875,0.06436623748211731,0.3341917024320458
560,0.6975,5.215,0.06647210300429185,0.34563662374821175
561,0.72,5.21,0.062077253218884125,0.32274678111587984
562,0.695,5.185,0.05795708154506438,0.29985693848354794
563,0.7225,5.2125,0.07397997138769671,0.3868383404864092
564,0.745,5.21125,0.06683834048640916,0.34792560801144495
565,0.74,5.19875,0.061711015736766815,0.32274678111587984
566,0.7675,5.19375,0.064,0.3937052932761088
567,0.71,5.20875,0.07416309012875537,0.3868383404864092
568,0.9625,5.21375,0.080206008583691,0.421173104434907
569,0.695,5.1975,0.05795708154506438,0.29985693848354794
570,0.8,5.1975,0.062077253218884125,0.32274678111587984
571,0.8375,5.2025,0.06976824034334765,0.3639484978540773
572,0.7775,5.21375,0.06482403433476396,0.33648068669527903
573,0.68,5.21375,0.06976824034334765,0.3639484978540773
574,0.6775,5.195,0.056492131616595144,0.2929899856938484
575,0.695,5.18375,0.05795708154506438,0.29985693848354794
576,1.325,5.15375,0.09851788268955652,0.5058655221745351
577,0.7925,5.2125,0.06601430615164522,0.34563662374821175
578,0.815,5.21,0.06793705293276109,0.35250357653791137
579,0.8925,5.18375,0.06290128755364807,0.32732474964234626
580,0.81,5.20875,0.06747925608011446,0.35250357653791137
581,0.75,5.2,0.06253505007153076,0.32732474964234626
582,0.7225,5.20625,0.07562804005722461,0.3937052932761088
583,0.9675,5.2075,0.08066380543633764,0.421173104434907
584,0.8125,5.2125,0.06775393419170243,0.35250357653791137
585,0.7125,5.21125,0.06271816881258942,0.32732474964234626
586,0.845,5.18625,0.05621745350500716,0.2929899856938484
587,0.775,5.195,0.06454935622317597,0.3341917024320458
588,0.8625,5.185,0.05832331902718169,0.30443490701001436
589,0.7925,5.19125,0.06775393419170243,0.35250357653791137
590,0.8775,5.21125,0.07315593705293277,0.38226037195994284
591,0.725,5.20125,0.06876108726752504,0.3570815450643777
592,0.695,5.2125,0.06711301859799715,0.34792560801144495
593,0.865,5.2125,0.07205722460658083,0.37539341917024327
594,0.865,5.18625,0.06537339055793992,0.33648068669527903
595,0.7775,5.19625,0.07086695278969958,0.36852646638054365
596,0.88,5.205,0.07333905579399143,0.38226037195994284
597,0.8725,5.18125,0.07269814020028613,0.32274678111587984
598,0.9525,5.1775,0.0689442060085837,0.3570815450643777
599,0.7975,5.20125,0.06647210300429185,0.34563662374821175
600,0.865,5.215,0.07205722460658083,0.37539341917024327
601,0.6825,5.215,0.07233190271816882,0.3776824034334764
602,0.6975,5.2,0.05814020028612304,0.30443490701001436
603,0.6775,5.18375,0.056492131616595144,0.2929899856938484
604,0.8325,5.19,0.055851216022889845,0.288412017167382
605,0.7225,5.18625,0.060246065808297576,0.3113018597997139
606,0.845,5.20125,0.07040915593705294,0.36852646638054365
607,0.8675,5.1825,0.05914735336194564,0.30672389127324756
608,0.72,5.1825,0.059971387696709594,0.3113018597997139
609,0.72,5.1825,0.059971387696709594,0.3113018597997139
610,0.715,5.21125,0.07462088698140201,0.3891273247496424
611,0.855,5.21125,0.07123319027181689,0.37081545064377686
612,0.805,5.21,0.06711301859799715,0.34792560801144495
613,0.7275,5.20875,0.07773390557939915,0.40515021459227474
614,0.8525,5.2125,0.07105007153075824,0.37081545064377686
615,0.6975,5.18375,0.05814020028612304,0.29985693848354794
616,0.8425,5.1875,0.05603433476394851,0.2929899856938484
617,0.78,5.195,0.06500715307582261,0.33648068669527903
618,0.8175,5.215,0.06812017167381974,0.3570815450643777
619,0.6775,5.2125,0.06976824034334765,0.3639484978540773
620,0.7475,5.205,0.05978826895565094,0.3113018597997139
621,0.69,5.1825,0.057499284692417746,0.2952789699570816
622,0.8425,5.18875,0.05603433476394851,0.2929899856938484
623,0.7425,5.21,0.06683834048640916,0.34792560801144495
624,0.7675,5.20375,0.064,0.3341917024320458
625,0.855,5.185,0.06537339055793992,0.33648068669527903
626,0.8375,5.19,0.0683032904148784,0.3570815450643777
627,0.8575,5.19625,0.07141630901287555,0.37081545064377686
628,0.895,5.18125,0.06226037195994278,0.32274678111587984
629,0.7075,5.2025,0.07517024320457798,0.3891273247496424
630,0.7925,5.2125,0.06601430615164522,0.34563662374821175
631,0.7,5.18375,0.05832331902718169,0.30443490701001436
632,0.86,5.18375,0.05795708154506438,0.29985693848354794
633,0.8525,5.21375,0.07105007153075824,0.37081545064377686
634,0.675,5.18625,0.05621745350500716,0.2929899856938484
635,0.8175,5.1925,0.055851216022889845,0.288412017167382
636,0.855,5.2075,0.07123319027181689,0.37081545064377686
637,0.8575,5.21375,0.07141630901287555,0.37081545064377686
638,0.7625,5.1975,0.07187410586552218,0.37539341917024327
639,0.92,5.21,0.07663519313304722,0.3982832618025752
640,0.865,5.19625,0.07205722460658083,0.37539341917024327
641,0.9,5.18375,0.060246065808297576,0.3113018597997139
642,0.755,5.18125,0.06290128755364807,0.32732474964234626
643,0.875,5.19625,0.07288125894134478,0.3776824034334764
644,0.82,5.19,0.06335908440629472,0.32961373390557946
645,0.86,5.2125,0.07169098712446352,0.37539341917024327
646,0.6825,5.19625,0.056858369098712454,0.2952789699570816
647,0.7775,5.20125,0.057499284692417746,0.29985693848354794
648,0.74,5.18875,0.061711015736766815,0.3181688125894135
649,0.8225,5.19875,0.06857796852646639,0.3570815450643777
650,0.89,5.17875,0.05795708154506438,0.29985693848354794
651,0.6725,5.21125,0.07205722460658083,0.37539341917024327
652,0.71,5.20625,0.05914735336194564,0.30672389127324756
653,0.9175,5.1775,0.07086695278969958,0.36852646638054365
654,0.795,5.19375,0.07040915593705294,0.36852646638054365
655,0.8725,5.1975,0.07269814020028613,0.3776824034334764
656,0.9,5.1825,0.06042918454935623,0.3158798283261803
657,0.8775,5.1825,0.06335908440629472,0.32961373390557946
658,0.87,5.19625,0.07251502145922747,0.37539341917024327
659,0.8,5.19625,0.0566752503576538,0.2952789699570816
660,0.7575,5.195,0.06583118741058656,0.3410586552217454
661,0.8025,5.215,0.06683834048640916,0.34792560801144495
662,0.7475,5.20625,0.06226037195994278,0.32274678111587984
663,0.855,5.185,0.06335908440629472,0.32961373390557946
664,0.8575,5.20625,0.07141630901287555,0.37081545064377686
665,0.675,5.185,0.05621745350500716,0.2929899856938484
666,0.865,5.1825,0.05814020028612304,0.29985693848354794
667,0.8475,5.21375,0.07059227467811159,0.36852646638054365
668,0.7775,5.20625,0.06482403433476396,0.33648068669527903
669,0.725,5.205,0.07837482117310444,0.4097281831187411
670,0.8675,5.2125,0.07233190271816882,0.3776824034334764
671,0.8275,5.21,0.0689442060085837,0.35937052932761093
672,0.87,5.18625,0.07397997138769671,0.38226037195994284
673,0.8625,5.2075,0.07187410586552218,0.37539341917024327
674,0.6825,5.19875,0.056858369098712454,0.2952789699570816
675,0.7975,5.20375,0.05878111587982833,0.30672389127324756
676,0.6925,5.1825,0.0576824034334764,0.29985693848354794
677,0.79,5.195,0.06583118741058656,0.3410586552217454
678,0.8025,5.19125,0.06335908440629472,0.32961373390557946
679,0.875,5.21,0.07288125894134478,0.3776824034334764
680,0.7,5.20375,0.05832331902718169,0.30443490701001436
681,0.675,5.20875,0.07205722460658083,0.37539341917024327
682,0.755,5.205,0.058964234620886985,0.30672389127324756
683,0.86,5.21125,0.07169098712446352,0.37539341917024327
684,0.7625,5.19875,0.07288125894134478,0.3776824034334764
685,0.7175,5.2075,0.07517024320457798,0.3891273247496424
686,0.8675,5.2125,0.07233190271816882,0.3776824034334764
687,0.9,5.18,0.06583118741058656,0.3410586552217454
688,0.8625,5.1825,0.05850643776824035,0.30443490701001436
689,0.865,5.215,0.07205722460658083,0.37539341917024327
690,0.69,5.21375,0.06793705293276109,0.35250357653791137
691,0.6825,5.21375,0.0689442060085837,0.35937052932761093
692,0.6775,5.19375,0.056492131616595144,0.2929899856938484
693,0.7725,5.20125,0.06436623748211731,0.29985693848354794
694,0.8,5.19125,0.06436623748211731,0.3341917024320458
695,0.7925,5.21375,0.06601430615164522,0.34563662374821175
696,0.705,5.18375,0.05878111587982833,0.30443490701001436
697,0.8375,5.1875,0.05621745350500716,0.2929899856938484
698,0.75,5.18125,0.06253505007153076,0.32274678111587984
699,0.9275,5.205,0.07727610872675252,0.4005722460658083
700,0.83,5.1925,0.06976824034334765,0.3639484978540773
701,0.8725,5.19625,0.07269814020028613,0.3776824034334764
702,0.8325,5.1925,0.06940200286123034,0.35937052932761093
703,0.7175,5.21,0.07352217453505008,0.38226037195994284
704,0.685,5.18375,0.05704148783977111,0.2952789699570816
705,0.795,5.195,0.0662889842632332,0.34563662374821175
706,1.365,5.15,0.10163090128755366,0.5241773962804006
707,0.735,5.1825,0.06125321888412018,0.3181688125894135
708,0.7375,5.1825,0.06143633762517883,0.3181688125894135
709,0.7475,5.20625,0.07727610872675252,0.4005722460658083
710,0.9075,5.21,0.07562804005722461,0.3937052932761088
711,0.8825,5.2125,0.07352217453505008,0.38226037195994284
712,0.68,5.21375,0.07022603719599428,0.36852646638054365
713,0.7525,5.19875,0.07288125894134478,0.3776824034334764
714,0.8725,5.19875,0.07269814020028613,0.3776824034334764
715,0.9,5.18125,0.059971387696709594,0.3113018597997139
716,0.8325,5.18875,0.06711301859799715,0.34792560801144495
717,0.8625,5.1875,0.07187410586552218,0.37081545064377686
718,0.9625,5.17625,0.06500715307582261,0.33648068669527903
719,0.865,5.18375,0.05914735336194564,0.30672389127324756
720,0.87,5.20875,0.07251502145922747,0.3776824034334764
721,0.7825,5.1925,0.07004291845493563,0.3639484978540773
722,0.685,5.21625,0.06976824034334765,0.3639484978540773
723,0.68,5.185,0.0566752503576538,0.2929899856938484
724,0.7825,5.19875,0.06519027181688127,0.2952789699570816
725,0.7675,5.195,0.06583118741058656,0.3410586552217454
726,0.825,5.21625,0.06876108726752504,0.35937052932761093
727,0.68,5.185,0.0566752503576538,0.2929899856938484
728,0.73,5.2125,0.07059227467811159,0.36852646638054365
729,0.88,5.21125,0.07333905579399143,0.38226037195994284
730,0.8325,5.21,0.06940200286123034,0.35937052932761093
731,0.8125,5.195,0.07956509298998571,0.4120171673819743
732,0.8825,5.19375,0.07352217453505008,0.38226037195994284
733,0.885,5.19625,0.07370529327610874,0.38226037195994284
734,0.855,5.1825,0.05731616595135909,0.2952789699570816
735,0.8125,5.195,0.06775393419170243,0.35250357653791137
736,0.8325,5.215,0.06940200286123034,0.3639484978540773
737,0.7025,5.2125,0.064,0.3341917024320458
738,0.71,5.185,0.05914735336194564,0.30672389127324756
739,0.8575,5.2075,0.07141630901287555,0.37081545064377686
740,0.76,5.195,0.06647210300429185,0.34563662374821175
741,0.8025,5.21375,0.06683834048640916,0.34792560801144495
742,0.765,5.2125,0.06372532188841203,0.3341917024320458
743,0.7625,5.2,0.07544492131616595,0.3937052932761088
744,0.91,5.20625,0.07581115879828328,0.3937052932761088
745,0.9075,5.21,0.07562804005722461,0.3937052932761088
746,0.8825,5.18375,0.06418311874105866,0.3341917024320458
747,0.7425,5.2,0.07397997138769671,0.3868383404864092
748,0.8325,5.21125,0.06940200286123034,0.35937052932761093
749,0.73,5.20875,0.060246065808297576,0.3158798283261803
750,0.8475,5.18625,0.0566752503576538,0.2929899856938484
751,0.86,5.20875,0.07169098712446352,0.37539341917024327
752,0.765,5.195,0.06537339055793992,0.3410586552217454
753,1.1475,5.18125,0.11811158798283262,0.6111587982832619
754,0.69,5.1825,0.057499284692417746,0.2952789699570816
755,0.86,5.18375,0.05878111587982833,0.30443490701001436
756,0.6825,5.21375,0.06976824034334765,0.3639484978540773
757,0.6725,5.19125,0.05603433476394851,0.2929899856938484
758,0.765,5.18,0.06372532188841203,0.32961373390557946
759,0.7575,5.20625,0.06454935622317597,0.33648068669527903
760,0.885,5.21,0.07370529327610874,0.38226037195994284
761,0.8975,5.2125,0.07480400572246067,0.3891273247496424
762,0.885,5.1825,0.06335908440629472,0.32961373390557946
763,0.8325,5.1925,0.06940200286123034,0.35937052932761093
764,0.8425,5.2025,0.07022603719599428,0.3639484978540773
765,0.73,5.19875,0.06812017167381974,0.35250357653791137
766,0.78,5.21375,0.06500715307582261,0.33648068669527903
767,0.6725,5.19,0.05603433476394851,0.2929899856938484
768,0.8225,5.19,0.05603433476394851,0.2929899856938484
769,0.705,5.185,0.05878111587982833,0.30443490701001436
770,0.855,5.20375,0.07123319027181689,0.37081545064377686
771,0.7475,5.1975,0.06683834048640916,0.34792560801144495
772,0.8,5.21375,0.0666552217453505,0.34792560801144495
773,0.8525,5.2125,0.07105007153075824,0.37081545064377686
774,0.7675,5.1975,0.07233190271816882,0.37539341917024327
775,0.885,5.195,0.07370529327610874,0.38226037195994284
776,0.905,5.20375,0.07544492131616595,0.3937052932761088
777,0.8975,5.18125,0.06107010014306152,0.3158798283261803
778,0.885,5.18125,0.06335908440629472,0.32961373390557946
779,0.8475,5.2075,0.07059227467811159,0.36852646638054365
780,0.745,5.2,0.06812017167381974,0.35250357653791137
781,0.6925,5.215,0.07205722460658083,0.37539341917024327
782,0.6725,5.19,0.05603433476394851,0.2929899856938484
783,0.6975,5.21375,0.06537339055793992,0.3410586552217454
784,0.84,5.1875,0.05566809728183119,0.288412017167382
785,0.87,5.2075,0.07251502145922747,0.3776824034334764
786,0.6925,5.20625,0.07169098712446352,0.37539341917024327
787,0.695,5.21375,0.06647210300429185,0.34563662374821175
788,0.945,5.21125,0.07874105865522175,0.4097281831187411
789,0.7275,5.20625,0.060612303290414886,0.3158798283261803
790,0.8725,5.18375,0.07086695278969958,0.36852646638054365
791,0.8525,5.19625,0.07105007153075824,0.36852646638054365
792,0.895,5.20125,0.07462088698140201,0.3868383404864092
793,0.9025,5.1825,0.06042918454935623,0.3158798283261803
794,0.78,5.19,0.06500715307582261,0.33648068669527903
795,0.855,5.2125,0.07123319027181689,0.37081545064377686
796,0.6725,5.21125,0.07169098712446352,0.37539341917024327
797,0.7125,5.2075,0.059330472103004295,0.30672389127324756
798,0.69,5.1825,0.057499284692417746,0.2952789699570816
799,0.8325,5.18875,0.05621745350500716,0.2929899856938484
800,0.7625,5.1925,0.06354220314735337,0.32961373390557946
801,0.8525,5.2075,0.07105007153075824,0.37081545064377686
802,0.86,5.185,0.06226037195994278,0.32274678111587984
803,1.4275,5.155,0.11893562231759658,0.6111587982832619
804,0.73,5.1825,0.06079542203147354,0.3158798283261803
805,0.725,5.20875,0.07663519313304722,0.3982832618025752
806,0.785,5.20625,0.06537339055793992,0.3410586552217454
807,0.7475,5.20125,0.06226037195994278,0.32274678111587984
808,0.71,5.20875,0.07581115879828328,0.3937052932761088
809,0.735,5.2075,0.06042918454935623,0.3158798283261803
810,0.6875,5.18375,0.05731616595135909,0.2952789699570816
811,0.855,5.18375,0.05850643776824035,0.30443490701001436
812,0.7,5.20375,0.07956509298998571,0.4120171673819743
813,0.86,5.2125,0.07169098712446352,0.37539341917024327
814,0.68,5.215,0.07105007153075824,0.37081545064377686
815,0.7725,5.20125,0.056858369098712454,0.2952789699570816
816,0.8,5.1975,0.0666552217453505,0.34563662374821175
817,0.815,5.1875,0.062077253218884125,0.32274678111587984
818,0.8275,5.19,0.08185407725321889,0.4234620886981402
819,0.95,5.1975,0.07919885550786838,0.4120171673819743
820,0.7675,5.205,0.064,0.32961373390557946
821,0.8725,5.1875,0.059605150214592284,0.30672389127324756
822,0.765,5.19,0.06372532188841203,0.32961373390557946
823,0.8275,5.1925,0.0689442060085837,0.3570815450643777
824,0.8625,5.18375,0.05731616595135909,0.2952789699570816
825,0.8575,5.20625,0.07141630901287555,0.37081545064377686
826,0.675,5.195,0.05621745350500716,0.2929899856938484
827,0.8575,5.185,0.057499284692417746,0.2952789699570816
828,0.8375,5.20125,0.06976824034334765,0.3639484978540773
829,0.675,5.195,0.05621745350500716,0.2929899856938484
830,0.695,5.2125,0.06647210300429185,0.34563662374821175
831,0.685,5.18375,0.05704148783977111,0.2952789699570816
832,0.8625,5.2125,0.07187410586552218,0.37539341917024327
833,0.9325,5.1775,0.0779170243204578,0.40515021459227474
834,0.74,5.185,0.061711015736766815,0.3181688125894135
835,0.7225,5.18125,0.060246065808297576,0.3113018597997139
836,0.75,5.20875,0.06601430615164522,0.34563662374821175
837,0.88,5.21125,0.07333905579399143,0.38226037195994284
838,0.895,5.21125,0.07462088698140201,0.3891273247496424
839,0.6825,5.2075,0.07123319027181689,0.37081545064377686
840,0.7775,5.19875,0.05731616595135909,0.2952789699570816
841,0.705,5.185,0.05878111587982833,0.30443490701001436
842,0.845,5.185,0.06042918454935623,0.3158798283261803
843,0.7625,5.19625,0.06711301859799715,0.34792560801144495
844,0.83,5.21375,0.06912732474964235,0.35937052932761093
845,0.68,5.21,0.07581115879828328,0.3937052932761088
846,0.75,5.205,0.05914735336194564,0.30672389127324756
847,0.74,5.18875,0.061711015736766815,0.3181688125894135
848,1.0875,5.175,0.08624892703862662,0.44635193133047213
849,0.72,5.21125,0.07205722460658083,0.37539341917024327
850,0.7875,5.20625,0.06564806866952791,0.3410586552217454
851,0.8675,5.185,0.06500715307582261,0.33648068669527903
852,0.88,5.185,0.06482403433476396,0.33648068669527903
853,0.7875,5.18375,0.06564806866952791,0.3410586552217454
854,0.6725,5.19,0.05603433476394851,0.2929899856938484
855,0.845,5.1875,0.05621745350500716,0.2929899856938484
856,0.7975,5.1975,0.06647210300429185,0.34563662374821175
857,0.8125,5.215,0.06775393419170243,0.35250357653791137
858,0.6875,5.2125,0.06793705293276109,0.35250357653791137
859,0.6775,5.19,0.056492131616595144,0.2929899856938484
860,0.75,5.18875,0.06253505007153076,0.32732474964234626
861,0.85,5.185,0.05795708154506438,0.29985693848354794
862,0.8125,5.1975,0.06775393419170243,0.35250357653791137
863,1.0075,5.2075,0.08395994277539343,0.4394849785407726
864,0.8925,5.1825,0.06976824034334765,0.35937052932761093
865,0.845,5.195,0.07040915593705294,0.36852646638054365
866,0.91,5.2075,0.07581115879828328,0.3937052932761088
867,0.865,5.18375,0.06418311874105866,0.3341917024320458
868,0.76,5.18375,0.06335908440629472,0.32961373390557946
869,0.7075,5.185,0.058964234620886985,0.30672389127324756
870,0.785,5.19625,0.059971387696709594,0.3113018597997139
871,0.7525,5.19,0.06271816881258942,0.32732474964234626
872,0.8575,5.21,0.07141630901287555,0.37081545064377686
873,0.8175,5.18875,0.06226037195994278,0.32274678111587984
874,0.69,5.21375,0.06601430615164522,0.34563662374821175
875,0.685,5.1825,0.05704148783977111,0.2952789699570816
876,0.85,5.185,0.05603433476394851,0.288412017167382
877,0.71,5.2,0.0683032904148784,0.3570815450643777
878,1.2475,5.19625,0.10391988555078685,0.540200286123033
879,0.8925,5.18,0.061711015736766815,0.3181688125894135
880,0.88,5.18625,0.06189413447782547,0.32274678111587984
881,0.72,5.1825,0.059971387696709594,0.3113018597997139
882,0.725,5.21125,0.07040915593705294,0.36852646638054365
883,0.74,5.21,0.07251502145922747,0.3776824034334764
884,0.7025,5.1975,0.05850643776824035,0.30443490701001436
885,0.7275,5.21,0.060612303290414886,0.3158798283261803
886,0.85,5.18625,0.0566752503576538,0.2929899856938484
887,0.845,5.2025,0.07040915593705294,0.36852646638054365
888,0.6775,5.19,0.056492131616595144,0.2929899856938484
889,0.8425,5.18625,0.05621745350500716,0.2929899856938484
890,0.84,5.215,0.07004291845493563,0.3639484978540773
891,0.6925,5.2025,0.0576824034334764,0.29985693848354794
892,0.69,5.21375,0.06747925608011446,0.35250357653791137
893,1.2975,5.1725,0.10813161659513591,0.5585121602288985
894,0.89,5.2075,0.07416309012875537,0.3868383404864092
895,0.845,5.1875,0.06583118741058656,0.3410586552217454
896,0.8025,5.19,0.06683834048640916,0.34563662374821175
897,0.84,5.195,0.07004291845493563,0.3639484978540773
898,0.8775,5.1875,0.059605150214592284,0.30672389127324756
899,0.7375,5.18625,0.06143633762517883,0.3181688125894135
900,0.7875,5.21125,0.06564806866952791,0.3410586552217454
901,0.6975,5.20375,0.07004291845493563,0.3639484978540773
902,0.7975,5.21375,0.06647210300429185,0.34563662374821175
903,0.7675,5.18125,0.064,0.32961373390557946
904,0.6675,5.21125,0.07205722460658083,0.37539341917024327
905,0.8625,5.18625,0.05704148783977111,0.2952789699570816
906,0.8475,5.20375,0.07059227467811159,0.36852646638054365
907,0.7025,5.205,0.07086695278969958,0.36852646638054365
908,2.51,5.0825,0.2081144492131617,1.057510729613734
909,4.5925,4.94375,0.38271816881258947,1.8929899856938486
910,5.01,4.915,0.41686981402002865,2.0486409155937055
911,5.03,4.9125,0.41915879828326186,2.0577968526466384
912,4.985,4.915,0.4154048640915594,2.0394849785407727
913,5.0475,4.91375,0.41851788268955653,2.0555078683834047
914,5.0425,4.9125,0.42016595135908447,2.0623748211731048
915,5.02,4.9125,0.4183347639484979,2.0555078683834047
916,5.03,4.91375,0.41915879828326186,2.0623748211731048
917,5.0275,4.91375,0.4176938483547926,2.0509298998569387
918,5.01,4.91375,0.4175107296137339,2.0509298998569387
919,5.0275,4.91125,0.4189756795422032,2.0577968526466384
920,5.015,4.91125,0.422271816881259,2.073819742489271
921,5.08,4.9125,0.42337052932761093,2.08068669527897
922,5.045,4.9125,0.42044062947067246,2.066952789699571
923,5.0775,4.91125,0.4210815450643777,2.066952789699571
924,5.0625,4.91125,0.4219055793991417,2.073819742489271
925,5.0425,4.91,0.42016595135908447,2.0623748211731048
926,5.0725,4.91,0.4237367668097282,2.08068669527897
927,5.0925,4.91,0.42437768240343354,2.0852646638054364
928,5.0925,4.91,0.42437768240343354,2.0852646638054364
929,5.0375,4.9125,0.4219055793991417,2.073819742489271
930,5.0475,4.9125,0.4206237482117311,2.066952789699571
931,5.11,4.91375,0.4258426323319028,2.0921316165951365
932,5.0575,4.91125,0.4216309012875537,2.069241773962804
933,5.0575,4.9125,0.421447782546495,2.069241773962804
934,5.11,4.91,0.4258426323319028,2.0921316165951365
935,5.11,4.91125,0.4237367668097282,2.08068669527897
936,5.0825,4.91,0.42309585121602294,2.0783977110157372
937,5.05,4.90875,0.42080686695278974,2.066952789699571
938,5.095,4.91,0.42437768240343354,2.0852646638054364
939,5.095,4.91,0.4235536480686696,2.08068669527897
940,5.095,4.91,0.4245608011444922,2.0852646638054364
941,5.095,4.91125,0.4245608011444922,2.0852646638054364
942,5.0875,4.91125,0.4229127324749643,2.0783977110157372
943,5.1025,4.91,0.42520171673819745,2.089842632331903
944,5.0875,4.9075,0.4271244635193133,2.0967095851216024
945,5.09,4.91,0.4219055793991417,2.069241773962804
946,5.11,4.90875,0.4258426323319028,2.089842632331903
947,5.09,4.90875,0.42337052932761093,2.0783977110157372
948,5.095,4.90875,0.4250185979971388,2.0852646638054364
949,5.1025,4.91,0.42520171673819745,2.089842632331903
950,5.0925,4.91,0.42437768240343354,2.0852646638054364
951,5.0925,4.90875,0.4256595135908441,2.089842632331903
952,5.0875,4.90875,0.42391988555078686,2.08068669527897
953,5.0875,4.90875,0.42391988555078686,2.08068669527897
954,5.1,4.90875,0.4260257510729614,2.0921316165951365
955,5.1075,4.90875,0.4256595135908441,2.089842632331903
956,5.095,4.90875,0.4245608011444922,2.0852646638054364
957,5.0975,4.91,0.4235536480686696,2.08068669527897
958,5.065,4.90875,0.42208869814020034,2.069241773962804
959,5.0875,4.90875,0.42391988555078686,2.08068669527897
960,5.09,4.91,0.42391988555078686,2.08068669527897
961,5.1075,4.90875,0.4256595135908441,2.089842632331903
962,5.1,4.91,0.4250185979971388,2.0852646638054364
963,5.105,4.90875,0.42520171673819745,2.089842632331903
964,5.11,4.90875,0.4258426323319028,2.089842632331903
965,5.085,4.90875,0.4237367668097282,2.08068669527897
966,5.0975,4.91,0.42437768240343354,2.0852646638054364
967,5.12,4.90875,0.4266666666666667,2.0921316165951365
968,5.105,4.9075,0.4253848354792561,2.089842632331903
969,5.1075,4.90875,0.4253848354792561,2.089842632331903
970,5.1,4.90875,0.42520171673819745,2.089842632331903
971,5.1075,4.90875,0.4256595135908441,2.089842632331903
972,5.1025,4.90875,0.42309585121602294,2.0783977110157372
973,5.115,4.9075,0.42419456366237485,2.08068669527897
974,5.1025,4.90875,0.42520171673819745,2.089842632331903
975,5.105,4.9075,0.4258426323319028,2.089842632331903
976,5.1075,4.90875,0.4245608011444922,2.0852646638054364
977,5.1025,4.91,0.42520171673819745,2.089842632331903
978,5.1125,4.9075,0.42620886981402006,2.0921316165951365
979,5.11,4.9075,0.42437768240343354,2.08068669527897
980,5.1075,4.90875,0.4256595135908441,2.089842632331903
981,5.0875,4.91,0.42391988555078686,2.08068669527897
982,5.1025,4.91,0.4250185979971388,2.0852646638054364
983,5.095,4.90875,0.4245608011444922,2.0852646638054364
984,5.11,4.91,0.4258426323319028,2.0921316165951365
985,5.105,4.90875,0.4237367668097282,2.08068669527897
986,5.095,4.9075,0.4245608011444922,2.0852646638054364
987,5.1025,4.90875,0.42520171673819745,2.089842632331903
988,5.11,4.91,0.4258426323319028,2.0921316165951365
989,5.1125,4.9075,0.4260257510729614,2.089842632331903
990,5.0975,4.9075,0.4248354792560802,2.0852646638054364
991,5.0925,4.91,0.42419456366237485,2.08068669527897
992,5.11,4.90875,0.4258426323319028,2.089842632331903
993,5.1025,4.90875,0.42520171673819745,2.089842632331903
994,5.1125,4.9075,0.4250185979971388,2.0852646638054364
995,5.0975,4.91125,0.4248354792560802,2.0852646638054364
996,5.0975,4.91,0.4248354792560802,2.0852646638054364
997,5.1075,4.90875,0.4248354792560802,2.0852646638054364
998,5.1025,4.90875,0.42520171673819745,2.089842632331903
999,5.105,4.91,0.4253848354792561,2.089842632331903
1000,5.1025,4.90875,0.42520171673819745,2.089842632331903
1001,5.09,4.91,0.4250185979971388,2.0852646638054364
1002,5.105,4.91,0.4253848354792561,2.089842632331903
1003,5.09,4.91,0.4248354792560802,2.0852646638054364
1004,5.0925,4.91,0.4248354792560802,2.0852646638054364
1005,5.11,4.90875,0.4258426323319028,2.089842632331903
1006,5.1075,4.91,0.4256595135908441,2.089842632331903
1007,5.1025,4.90875,0.4253848354792561,2.089842632331903
1008,5.105,4.91,0.4253848354792561,2.089842632331903
1009,5.095,4.91,0.4250185979971388,2.0852646638054364
1010,5.0975,4.9075,0.4250185979971388,2.0852646638054364
1011,5.1125,4.90875,0.4260257510729614,2.0921316165951365
1012,5.115,4.91,0.42620886981402006,2.089842632331903
1013,5.1025,4.90875,0.4256595135908441,2.089842632331903
1014,5.0975,4.90875,0.4248354792560802,2.0852646638054364
1015,5.115,4.91,0.42620886981402006,2.0921316165951365
1016,5.1125,4.9075,0.4258426323319028,2.089842632331903
1017,5.1075,4.9075,0.4256595135908441,2.089842632331903
1018,5.105,4.90875,0.4253848354792561,2.089842632331903
1019,5.1075,4.90875,0.4250185979971388,2.0852646638054364
1020,5.1,4.9075,0.4250185979971388,2.0852646638054364
1021,5.0925,4.90875,0.42437768240343354,2.08068669527897
1022,5.0975,4.91,0.4245608011444922,2.0852646638054364
1023,5.1,4.90875,0.4250185979971388,2.0852646638054364
1024,5.1,4.90625,0.4250185979971388,2.0852646638054364
1025,5.125,4.91,0.4260257510729614,2.0921316165951365
1026,5.0825,4.90875,0.4235536480686696,2.0783977110157372
1027,5.1,4.90875,0.4250185979971388,2.0852646638054364
1028,5.1125,4.90875,0.4248354792560802,2.0852646638054364
1029,5.11,4.90875,0.4258426323319028,2.089842632331903
1030,5.1,4.90875,0.4250185979971388,2.0852646638054364
1031,5.0975,4.91,0.4256595135908441,2.089842632331903
1032,5.11,4.90875,0.4237367668097282,2.08068669527897
1033,5.09,4.90875,0.42419456366237485,2.08068669527897
1034,5.12,4.90875,0.4253848354792561,2.089842632331903
1035,5.12,4.91,0.4258426323319028,2.0921316165951365
1036,5.105,4.9075,0.4253848354792561,2.089842632331903
1037,5.0925,4.91,0.4258426323319028,2.0921316165951365
1038,5.1025,4.91,0.42419456366237485,2.08068669527897
1039,5.12,4.91,0.4266666666666667,2.0967095851216024
1040,5.11,4.90875,0.4258426323319028,2.089842632331903
1041,5.1075,4.9075,0.42520171673819745,2.0852646638054364
1042,5.0875,4.9075,0.42391988555078686,2.08068669527897
1043,5.11,4.90875,0.42437768240343354,2.08068669527897
1044,5.11,4.91,0.42520171673819745,2.089842632331903
1045,5.1075,4.91,0.4256595135908441,2.089842632331903
1046,5.1025,4.90875,0.42520171673819745,2.089842632331903
1047,5.1075,4.90875,0.4237367668097282,2.08068669527897
1048,5.1,4.9075,0.4250185979971388,2.0852646638054364
1049,5.115,4.9075,0.42620886981402006,2.0921316165951365
1050,5.105,4.90875,0.42391988555078686,2.08068669527897
1051,5.105,4.91125,0.4253848354792561,2.089842632331903
1052,5.1075,4.90875,0.4256595135908441,2.089842632331903
1053,5.1075,4.90875,0.42620886981402006,2.0921316165951365
1054,5.11,4.90875,0.4258426323319028,2.089842632331903
1055,5.09,4.90875,0.42419456366237485,2.08068669527897
1056,5.11,4.90875,0.4235536480686696,2.0783977110157372
1057,5.1175,4.91,0.42648354792560805,2.0921316165951365
1058,5.1175,4.90875,0.42648354792560805,2.0921316165951365
1059,5.095,4.90875,0.42648354792560805,2.0921316165951365
1060,5.0875,4.9075,0.42391988555078686,2.08068669527897
1061,5.095,4.91,0.4245608011444922,2.0852646638054364
1062,5.125,4.90875,0.4258426323319028,2.089842632331903
1063,5.105,4.91,0.4253848354792561,2.089842632331903
1064,5.1125,4.91,0.4260257510729614,2.0921316165951365
1065,5.1125,4.9075,0.4258426323319028,2.089842632331903
1066,5.105,4.90875,0.4248354792560802,2.0852646638054364
1067,5.1175,4.9075,0.42648354792560805,2.0921316165951365
1068,5.0975,4.90875,0.4248354792560802,2.0852646638054364
1069,5.115,4.91,0.4256595135908441,2.089842632331903
1070,5.1025,4.9075,0.42520171673819745,2.0852646638054364
1071,5.12,4.9075,0.42648354792560805,2.0921316165951365
1072,5.12,4.90875,0.4250185979971388,2.0852646638054364
1073,5.105,4.91,0.4253848354792561,2.089842632331903
1074,5.1,4.91,0.4253848354792561,2.089842632331903
1075,5.095,4.90875,0.42437768240343354,2.08068669527897
1076,5.1225,4.91,0.4268497854077254,2.0967095851216024
1077,5.1075,4.91,0.4256595135908441,2.089842632331903
1078,5.09,4.90875,0.4258426323319028,2.089842632331903
1079,5.0875,4.90875,0.42391988555078686,2.08068669527897
1080,5.12,4.9075,0.4266666666666667,2.0921316165951365
1081,5.1025,4.91,0.4248354792560802,2.0852646638054364
1082,5.0975,4.91,0.4248354792560802,2.0852646638054364
1083,5.1075,4.91,0.4256595135908441,2.089842632331903
1084,5.1125,4.91125,0.42437768240343354,2.0852646638054364
1085,5.115,4.90875,0.42620886981402006,2.0921316165951365
1086,5.1175,4.90875,0.42648354792560805,2.0921316165951365
1087,5.1,4.90875,0.42419456366237485,2.08068669527897
1088,5.115,4.91,0.42620886981402006,2.0921316165951365
1089,5.1075,4.91,0.4256595135908441,2.089842632331903
1090,5.1,4.91,0.4268497854077254,2.0967095851216024
1091,5.1125,4.90875,0.4260257510729614,2.0921316165951365
1092,5.105,4.91,0.4253848354792561,2.089842632331903
1093,5.1075,4.91125,0.4253848354792561,2.089842632331903
1094,5.1075,4.91,0.4256595135908441,2.089842632331903
1095,5.105,4.90875,0.4253848354792561,2.089842632331903
1096,5.0975,4.90875,0.4266666666666667,2.0921316165951365
1097,5.0925,4.91,0.4253848354792561,2.089842632331903
1098,5.1125,4.91,0.4260257510729614,2.0921316165951365
1099,5.1075,4.91,0.4248354792560802,2.0852646638054364
1100,5.1,4.90875,0.42648354792560805,2.0921316165951365
1101,5.095,4.90875,0.4245608011444922,2.0852646638054364
1102,5.1025,4.91,0.427307582260372,2.0967095851216024
1103,5.1025,4.91,0.4279484978540773,2.101287553648069
1104,5.115,4.91,0.42620886981402006,2.0921316165951365
1105,5.11,4.90875,0.42520171673819745,2.089842632331903
1106,5.11,4.90875,0.4271244635193133,2.0967095851216024
1107,5.1175,4.90875,0.42648354792560805,2.0921316165951365
1108,4.995,4.9175,0.4162288984263234,2.0280400572246067
1109,1.46,5.15875,0.12754220314735337,0.6569384835479257
1110,1.47,5.16625,0.12250643776824036,0.6340486409155938
1111,1.375,5.1325,0.11454077253218885,0.58826895565093
1112,1.295,5.1675,0.12003433476394851,0.6180257510729614
1113,1.3275,5.145,0.11060371959942776,0.5699570815450644
1114,1.605,5.11,0.13376824034334767,0.6821173104434908
1115,1.2025,5.175,0.11664663805436339,0.6042918454935623
1116,1.4375,5.16375,0.11975965665236053,0.6180257510729614
1117,1.28,5.1475,0.10666666666666667,0.5470672389127326
1118,2.2725,5.09875,0.18311874105865525,0.9339055793991416
1119,1.39,5.145,0.11582260371959945,0.5974248927038627
1120,1.215,5.15625,0.10126466380543635,0.5218884120171675
1121,1.2625,5.16625,0.11316738197424894,0.5859799713876968
1122,1.2075,5.15125,0.10062374821173105,0.517310443490701
1123,1.255,5.17375,0.10456080114449214,0.540200286123033
1124,1.2975,5.16,0.10913876967095852,0.5630901287553648
1125,1.17,5.14875,0.09751072961373392,0.5035765379113019
1126,1.15,5.15375,0.09586266094420602,0.49442060085836914
1127,1.1325,5.18125,0.10849785407725324,0.5630901287553648
1128,1.33,5.17875,0.11087839771101575,0.5745350500715308
1129,1.3325,5.16875,0.1110615164520744,0.5745350500715308
1130,1.345,5.15,0.09732761087267526,0.5035765379113019
1131,1.3125,5.15375,0.09586266094420602,0.49442060085836914
1132,1.1275,5.1575,0.09393991416309014,0.4829756795422032
1133,1.2975,5.1625,0.11252646638054364,0.5814020028612304
1134,1.3425,5.1575,0.1127095851216023,0.5814020028612304
1135,1.175,5.1625,0.09787696709585123,0.5058655221745351
1136,1.265,5.165,0.1133505007153076,0.5859799713876968
1137,1.3725,5.14875,0.10666666666666667,0.5470672389127326
1138,1.25,5.1625,0.10419456366237483,0.5356223175965666
1139,1.3075,5.15375,0.10730758226037197,0.5516452074391989
1140,1.34,5.1525,0.09705293276108727,0.4989985693848355
1141,1.1625,5.15625,0.09686981402002862,0.4989985693848355
1142,1.22,5.17,0.10163090128755366,0.5241773962804006
1143,1.335,5.1525,0.10337052932761089,0.5333333333333334
1144,1.2,5.15375,0.09998283261802576,0.5127324749642347
1145,1.13,5.16,0.09412303290414879,0.4875536480686696
1146,1.1925,5.175,0.1104206008583691,0.5699570815450644
1147,1.32,5.165,0.10996280400572248,0.5653791130185981
1148,1.3975,5.16125,0.11646351931330473,0.5997138769670959
1149,1.1775,5.17875,0.11170243204577969,0.576824034334764
1150,1.345,5.1675,0.11206866952789701,0.576824034334764
1151,1.215,5.15,0.10126466380543635,0.5218884120171675
1152,1.24,5.17,0.11728755364806868,0.6065808297567954
1153,0.9075,5.2075,0.07562804005722461,0.3937052932761088
1154,0.8375,5.20125,0.06976824034334765,0.3639484978540773
1155,0.8125,5.19,0.06372532188841203,0.32961373390557946
1156,0.81,5.2125,0.06747925608011446,0.35250357653791137
1157,0.7675,5.185,0.064,0.32961373390557946
1158,0.8175,5.1925,0.05704148783977111,0.2952789699570816
1159,0.745,5.18625,0.062077253218884125,0.32274678111587984
1160,0.86,5.20625,0.07169098712446352,0.37539341917024327
1161,0.6775,5.21125,0.07416309012875537,0.3868383404864092
1162,0.74,5.2075,0.064,0.3341917024320458
1163,0.87,5.18875,0.07251502145922747,0.37539341917024327
1164,0.7225,5.2075,0.07480400572246067,0.3891273247496424
1165,0.785,5.195,0.07233190271816882,0.37539341917024327
1166,0.94,5.21,0.07837482117310444,0.4097281831187411
1167,0.865,5.19,0.060612303290414886,0.3158798283261803
1168,0.8575,5.18875,0.05978826895565094,0.3113018597997139
1169,0.6825,5.19,0.056858369098712454,0.2952789699570816
1170,0.7675,5.2025,0.05832331902718169,0.30443490701001436
1171,0.79,5.1925,0.069585121602289,0.35937052932761093
1172,0.8975,5.2125,0.07480400572246067,0.3891273247496424
1173,0.6825,5.2075,0.056858369098712454,0.3776824034334764
1174,0.785,5.19875,0.05814020028612304,0.30443490701001436
1175,0.79,5.19125,0.06583118741058656,0.3410586552217454
1176,0.875,5.2075,0.07288125894134478,0.3776824034334764
1177,0.7225,5.2025,0.07397997138769671,0.3868383404864092
1178,0.74,5.2025,0.061711015736766815,0.32274678111587984
1179,0.805,5.20875,0.06711301859799715,0.34792560801144495
1180,0.7575,5.20125,0.07498712446351932,0.3891273247496424
1181,0.885,5.19,0.07370529327610874,0.38226037195994284
1182,0.88,5.19625,0.07333905579399143,0.38226037195994284
1183,0.9275,5.18125,0.06143633762517883,0.3181688125894135
1184,0.835,5.2,0.069585121602289,0.35937052932761093
1185,0.8825,5.21,0.07352217453505008,0.38226037195994284
1186,0.7275,5.2,0.07059227467811159,0.36852646638054365
1187,0.8925,5.21,0.07434620886981402,0.3868383404864092
1188,0.6975,5.1925,0.05814020028612304,0.29985693848354794
1189,0.7275,5.20875,0.0672961373390558,0.34792560801144495
1190,0.68,5.19375,0.0566752503576538,0.2929899856938484
1191,0.7975,5.19375,0.06647210300429185,0.34563662374821175
1192,0.8325,5.19,0.06125321888412018,0.3181688125894135
1193,0.88,5.18375,0.06500715307582261,0.33648068669527903
1194,0.74,5.18625,0.061711015736766815,0.3181688125894135
1195,0.97,5.1725,0.07397997138769671,0.38226037195994284
1196,0.8975,5.1875,0.06940200286123034,0.35937052932761093
1197,0.76,5.18125,0.06335908440629472,0.32961373390557946
1198,0.795,5.2025,0.06418311874105866,0.3341917024320458
1199,0.78,5.20125,0.058964234620886985,0.30672389127324756
1200,0.7325,5.1825,0.06107010014306152,0.3158798283261803
1201,0.7825,5.20125,0.06290128755364807,0.32732474964234626
1202,0.8725,5.185,0.05731616595135909,0.2952789699570816
1203,0.7575,5.1875,0.06308440629470673,0.32732474964234626
1204,0.705,5.21125,0.07233190271816882,0.3776824034334764
1205,0.8475,5.18875,0.06418311874105866,0.3341917024320458
1206,0.88,5.2,0.07333905579399143,0.38226037195994284
1207,0.8425,5.21375,0.07022603719599428,0.36852646638054365
1208,0.715,5.2075,0.07269814020028613,0.3776824034334764
1209,0.7975,5.185,0.06647210300429185,0.34563662374821175
1210,0.885,5.19,0.07370529327610874,0.38226037195994284
1211,0.855,5.19,0.07022603719599428,0.3639484978540773
1212,0.7625,5.18125,0.06354220314735337,0.32961373390557946
1213,0.7275,5.185,0.060612303290414886,0.3158798283261803
1214,0.68,5.21,0.07315593705293277,0.38226037195994284
1215,0.705,5.1925,0.05878111587982833,0.30443490701001436
1216,0.83,5.195,0.06912732474964235,0.35937052932761093
1217,0.89,5.17875,0.05878111587982833,0.30443490701001436
1218,0.75,5.18875,0.06253505007153076,0.32732474964234626
1219,1.89,5.16,0.1574821173104435,0.8148783977110158
1220,1.8525,5.135,0.16352503576537913,0.8400572246065808
1221,1.9,5.15625,0.15830615164520745,0.817167381974249
1222,0.9375,5.2025,0.07810014306151646,0.40515021459227474
1223,0.9175,5.18125,0.064,0.32961373390557946
1224,0.7275,5.18125,0.060612303290414886,0.3158798283261803
1225,0.8525,5.1925,0.07105007153075824,0.36852646638054365
1226,0.805,5.2,0.06253505007153076,0.32732474964234626
1227,0.88,5.1875,0.06226037195994278,0.32274678111587984
1228,0.73,5.18625,0.06079542203147354,0.3158798283261803
1229,0.79,5.1975,0.0662889842632332,0.34563662374821175
1230,0.81,5.19,0.06354220314735337,0.32961373390557946
1231,0.855,5.215,0.07123319027181689,0.37081545064377686
1232,0.74,5.2075,0.06042918454935623,0.3158798283261803
1233,0.8725,5.1825,0.05850643776824035,0.30443490701001436
1234,0.85,5.21375,0.07086695278969958,0.37081545064377686
1235,0.6875,5.215,0.07105007153075824,0.37081545064377686
1236,0.855,5.185,0.05704148783977111,0.2952789699570816
1237,0.8325,5.19875,0.06940200286123034,0.35937052932761093
1238,0.875,5.1825,0.07288125894134478,0.3776824034334764
1239,0.795,5.2025,0.06418311874105866,0.3341917024320458
1240,0.77,5.2025,0.06418311874105866,0.3341917024320458
1241,0.805,5.2075,0.06711301859799715,0.34792560801144495
1242,0.8725,5.185,0.06647210300429185,0.34563662374821175
1243,0.7475,5.18,0.06226037195994278,0.32274678111587984
1244,0.71,5.1825,0.05914735336194564,0.30672389127324756
1245,0.86,5.1825,0.059605150214592284,0.30672389127324756
1246,0.7925,5.195,0.06601430615164522,0.3410586552217454
1247,0.8425,5.215,0.07022603719599428,0.36852646638054365
1248,0.685,5.20625,0.07251502145922747,0.3776824034334764
1249,0.6825,5.195,0.056858369098712454,0.2952789699570816
1250,0.755,5.19,0.06290128755364807,0.32732474964234626
1251,0.7125,5.20125,0.07544492131616595,0.3937052932761088
1252,0.725,5.2075,0.06042918454935623,0.3158798283261803
1253,0.7825,5.1925,0.06519027181688127,0.33648068669527903
1254,0.72,5.20875,0.08103004291845495,0.4234620886981402
1255,0.86,5.2,0.07169098712446352,0.37081545064377686
1256,0.8975,5.2025,0.07480400572246067,0.3891273247496424
1257,0.905,5.18125,0.06189413447782547,0.32274678111587984
1258,0.915,5.18125,0.062077253218884125,0.32274678111587984
1259,0.7225,5.18375,0.060246065808297576,0.3113018597997139
1260,0.855,5.185,0.056858369098712454,0.2952789699570816
1261,0.77,5.195,0.07004291845493563,0.3639484978540773
1262,0.865,5.2125,0.07205722460658083,0.37539341917024327
1263,0.7,5.21375,0.06793705293276109,0.35250357653791137
1264,0.8625,5.18375,0.05850643776824035,0.30443490701001436
1265,0.83,5.21375,0.06912732474964235,0.35937052932761093
1266,0.72,5.21125,0.06253505007153076,0.32732474964234626
1267,0.85,5.185,0.060246065808297576,0.3113018597997139
1268,0.8625,5.20625,0.07187410586552218,0.37539341917024327
1269,0.885,5.18375,0.06372532188841203,0.32961373390557946
1270,0.8325,5.19625,0.060612303290414886,0.3158798283261803
1271,0.74,5.1875,0.061711015736766815,0.3181688125894135
1272,0.73,5.19375,0.06079542203147354,0.3158798283261803
1273,0.7225,5.205,0.07608583690987125,0.3982832618025752
1274,0.765,5.21125,0.06372532188841203,0.3341917024320458
1275,0.8225,5.19875,0.06857796852646639,0.3570815450643777
1276,0.8575,5.18375,0.07269814020028613,0.37539341917024327
1277,0.8275,5.19875,0.0689442060085837,0.35937052932761093
1278,0.845,5.21375,0.07040915593705294,0.36852646638054365
1279,0.835,5.1875,0.06189413447782547,0.32274678111587984
1280,0.87,5.21125,0.07251502145922747,0.3776824034334764
1281,0.6875,5.19375,0.05731616595135909,0.2952789699570816
1282,0.6975,5.2125,0.0672961373390558,0.35250357653791137
1283,0.6875,5.1975,0.05731616595135909,0.2952789699570816
1284,0.755,5.2025,0.06290128755364807,0.32732474964234626
1285,0.72,5.21,0.07462088698140201,0.3891273247496424
1286,0.9425,5.2125,0.0785579399141631,0.4097281831187411
1287,0.8375,5.21,0.06976824034334765,0.3639484978540773
1288,0.7925,5.19375,0.07059227467811159,0.36852646638054365
1289,0.8625,5.2125,0.07187410586552218,0.37539341917024327
1290,0.6825,5.1975,0.056858369098712454,0.2952789699570816
1291,0.7525,5.20375,0.05978826895565094,0.3113018597997139
1292,0.8,5.19125,0.06454935622317597,0.3341917024320458
1293,0.8875,5.20875,0.07397997138769671,0.3868383404864092
1294,0.765,5.19625,0.06775393419170243,0.35250357653791137
1295,0.6925,5.21375,0.07251502145922747,0.3776824034334764
1296,0.725,5.185,0.06042918454935623,0.3158798283261803
1297,0.8075,5.195,0.0566752503576538,0.2952789699570816
1298,0.79,5.19375,0.06537339055793992,0.3410586552217454
1299,0.8975,5.20125,0.07480400572246067,0.3891273247496424
1300,0.9,5.1825,0.060612303290414886,0.3158798283261803
1301,0.89,5.185,0.06372532188841203,0.32961373390557946
1302,0.7275,5.195,0.060612303290414886,0.3158798283261803
1303,0.7625,5.1975,0.06354220314735337,0.32961373390557946
1304,0.82,5.19,0.0769098712446352,0.3982832618025752
1305,0.865,5.21,0.07205722460658083,0.37539341917024327
1306,0.84,5.19125,0.07004291845493563,0.3639484978540773
1307,0.765,5.2075,0.0662889842632332,0.34563662374821175
1308,0.7875,5.205,0.06564806866952791,0.3410586552217454
1309,0.7675,5.2025,0.064,0.3341917024320458
1310,0.7775,5.19625,0.07205722460658083,0.37539341917024327
1311,0.9125,5.19625,0.07608583690987125,0.3937052932761088
1312,0.7725,5.21,0.06436623748211731,0.3341917024320458
1313,0.6975,5.21375,0.0672961373390558,0.35250357653791137
1314,0.905,5.19375,0.07544492131616595,0.3891273247496424
1315,0.8725,5.1975,0.07269814020028613,0.3776824034334764
1316,0.86,5.18875,0.059605150214592284,0.30672389127324756
1317,0.7175,5.18875,0.05978826895565094,0.3113018597997139
1318,0.73,5.19375,0.06079542203147354,0.3158798283261803
1319,0.7,5.2125,0.0666552217453505,0.34792560801144495
1320,0.6875,5.185,0.05731616595135909,0.2952789699570816
1321,0.8425,5.20125,0.07022603719599428,0.3639484978540773
1322,0.8,5.19125,0.06418311874105866,0.3341917024320458
1323,0.6825,5.215,0.07105007153075824,0.37081545064377686
1324,0.6875,5.1825,0.05731616595135909,0.2952789699570816
1325,0.8375,5.18875,0.05621745350500716,0.2929899856938484
1326,0.7375,5.1975,0.06747925608011446,0.35250357653791137
1327,0.835,5.2,0.069585121602289,0.35937052932761093
1328,0.755,5.195,0.0662889842632332,0.34563662374821175
1329,0.92,5.17875,0.06683834048640916,0.34563662374821175
1330,0.7225,5.18625,0.060246065808297576,0.3113018597997139
1331,0.815,5.19875,0.06143633762517883,0.3181688125894135
1332,0.91,5.18,0.060612303290414886,0.3158798283261803
1333,0.855,5.195,0.07123319027181689,0.37081545064377686
1334,0.82,5.1925,0.0683032904148784,0.2929899856938484
1335,0.8025,5.19,0.06354220314735337,0.32961373390557946
1336,0.8225,5.2125,0.06857796852646639,0.3570815450643777
1337,0.7025,5.18375,0.05850643776824035,0.30443490701001436
1338,0.7925,5.19625,0.05731616595135909,0.2952789699570816
1339,0.7225,5.185,0.060246065808297576,0.3113018597997139
1340,0.8625,5.205,0.07187410586552218,0.37539341917024327
1341,0.6925,5.20625,0.07233190271816882,0.37539341917024327
1342,0.73,5.2075,0.06079542203147354,0.3158798283261803
1343,0.685,5.1875,0.05704148783977111,0.2952789699570816
1344,0.915,5.17875,0.0689442060085837,0.3570815450643777
1345,0.835,5.19,0.069585121602289,0.35937052932761093
1346,0.8275,5.1875,0.0689442060085837,0.3570815450643777
1347,0.8125,5.2,0.06583118741058656,0.3410586552217454
1348,0.745,5.17875,0.062077253218884125,0.32274678111587984
1349,0.82,5.2,0.0683032904148784,0.3570815450643777
1350,0.6925,5.205,0.07205722460658083,0.37539341917024327
1351,0.785,5.2125,0.06537339055793992,0.3410586552217454
1352,0.675,5.1925,0.05621745350500716,0.2929899856938484
1353,0.7125,5.21,0.06290128755364807,0.32732474964234626
1354,0.8725,5.21375,0.07269814020028613,0.3776824034334764
1355,0.745,5.18875,0.062077253218884125,0.32274678111587984
1356,0.8625,5.18375,0.05878111587982833,0.30443490701001436
1357,0.7025,5.215,0.07004291845493563,0.3639484978540773
1358,0.815,5.19625,0.06793705293276109,0.35250357653791137
1359,0.7825,5.2025,0.06290128755364807,0.32732474964234626
1360,0.88,5.185,0.05978826895565094,0.3113018597997139
1361,0.785,5.18375,0.06537339055793992,0.33648068669527903
1362,0.7975,5.20125,0.06253505007153076,0.32732474964234626
1363,0.8725,5.18625,0.059605150214592284,0.30672389127324756
1364,0.7625,5.19,0.06354220314735337,0.32961373390557946
1365,0.75,5.19625,0.0672961373390558,0.34792560801144495
1366,0.69,5.21375,0.069585121602289,0.3639484978540773
1367,0.745,5.20125,0.062077253218884125,0.32274678111587984
1368,0.8225,5.19125,0.06857796852646639,0.3570815450643777
1369,0.7075,5.20375,0.07086695278969958,0.36852646638054365
1370,0.77,5.21125,0.06418311874105866,0.3341917024320458
1371,0.7375,5.18625,0.06143633762517883,0.3181688125894135
1372,1.2475,5.17375,0.10813161659513591,0.5585121602288985
1373,0.865,5.21375,0.07205722460658083,0.37539341917024327
1374,0.9,5.19375,0.07498712446351932,0.3891273247496424
1375,0.9,5.1825,0.06372532188841203,0.32961373390557946
1376,0.8075,5.18625,0.0672961373390558,0.34792560801144495
1377,0.93,5.20875,0.07745922746781117,0.40515021459227474
1378,0.74,5.20125,0.07434620886981402,0.3868383404864092
1379,0.7825,5.21125,0.06519027181688127,0.3410586552217454
1380,0.6975,5.18125,0.05814020028612304,0.29985693848354794
1381,0.835,5.18625,0.06143633762517883,0.3181688125894135
1382,0.8625,5.21375,0.07187410586552218,0.37539341917024327
1383,0.705,5.1825,0.05878111587982833,0.30443490701001436
1384,0.855,5.185,0.056492131616595144,0.2929899856938484
1385,0.88,5.21125,0.07333905579399143,0.38226037195994284
1386,0.765,5.21125,0.06372532188841203,0.3341917024320458
1387,0.7725,5.20125,0.05795708154506438,0.29985693848354794
1388,0.8025,5.195,0.0566752503576538,0.2952789699570816
1389,0.79,5.20625,0.06583118741058656,0.3410586552217454
1390,0.8725,5.18375,0.06601430615164522,0.3410586552217454
1391,0.7525,5.20125,0.07434620886981402,0.3868383404864092
1392,0.79,5.185,0.06583118741058656,0.3410586552217454
1393,0.745,5.20875,0.07544492131616595,0.3937052932761088
1394,0.805,5.19625,0.056492131616595144,0.2929899856938484
1395,0.87,5.20875,0.07251502145922747,0.3776824034334764
1396,0.68,5.21,0.07269814020028613,0.3776824034334764
1397,0.83,5.19125,0.05621745350500716,0.2929899856938484
1398,0.725,5.185,0.06042918454935623,0.3158798283261803
1399,0.8525,5.185,0.07105007153075824,0.2952789699570816
1400,0.76,5.195,0.0662889842632332,0.34563662374821175
1401,0.84,5.215,0.07004291845493563,0.3639484978540773
1402,0.7225,5.185,0.060246065808297576,0.3113018597997139
1403,0.8725,5.18375,0.05878111587982833,0.30443490701001436
1404,1.0375,5.16875,0.08643204577968527,0.44635193133047213
1405,0.91,5.2025,0.07581115879828328,0.3937052932761088
1406,0.8975,5.18375,0.06436623748211731,0.3341917024320458
1407,0.9,5.2025,0.07498712446351932,0.3891273247496424
1408,0.7625,5.20125,0.06354220314735337,0.32961373390557946
1409,0.68,5.21375,0.07141630901287555,0.37081545064377686
1410,0.6975,5.18375,0.05814020028612304,0.29985693848354794
1411,0.8475,5.2025,0.07059227467811159,0.36852646638054365
1412,0.695,5.215,0.0683032904148784,0.3570815450643777
1413,0.68,5.19625,0.0566752503576538,0.2952789699570816
1414,0.715,5.18375,0.059605150214592284,0.30672389127324756
1415,0.8675,5.18375,0.05731616595135909,0.2952789699570816
1416,0.8425,5.215,0.07022603719599428,0.36852646638054365
1417,0.69,5.1825,0.057499284692417746,0.2952789699570816
1418,0.6775,5.21375,0.07105007153075824,0.37081545064377686
1419,0.745,5.21,0.06912732474964235,0.35937052932761093
1420,0.715,5.18625,0.059605150214592284,0.30672389127324756
1421,0.7375,5.21125,0.07004291845493563,0.3639484978540773
1422,0.7875,5.20375,0.06372532188841203,0.32961373390557946
1423,0.7475,5.19875,0.06226037195994278,0.32274678111587984
1424,0.68,5.21375,0.07169098712446352,0.37539341917024327
1425,0.7075,5.21125,0.06793705293276109,0.35250357653791137
1426,0.7175,5.185,0.05978826895565094,0.3113018597997139
1427,0.8625,5.18375,0.05832331902718169,0.30443490701001436
1428,0.69,5.215,0.06857796852646639,0.3570815450643777
1429,0.6875,5.1975,0.05731616595135909,0.2952789699570816
1430,0.76,5.2025,0.05814020028612304,0.30443490701001436
1431,0.8525,5.18375,0.059605150214592284,0.30672389127324756
1432,0.8325,5.21375,0.06940200286123034,0.35937052932761093
1433,0.695,5.185,0.05795708154506438,0.29985693848354794
1434,0.765,5.205,0.06500715307582261,0.33648068669527903
1435,0.72,5.1925,0.059971387696709594,0.3113018597997139
1436,0.72,5.185,0.059971387696709594,0.3113018597997139
1437,0.715,5.20875,0.07562804005722461,0.3937052932761088
1438,0.9225,5.20625,0.0769098712446352,0.4005722460658083
1439,0.8225,5.21375,0.06857796852646639,0.3570815450643777
1440,0.6825,5.21375,0.07059227467811159,0.36852646638054365
1441,0.68,5.18625,0.0566752503576538,0.2929899856938484
1442,0.8725,5.20875,0.07269814020028613,0.3776824034334764
1443,0.6925,5.20625,0.07205722460658083,0.37539341917024327
1444,0.795,5.21125,0.0662889842632332,0.34563662374821175
1445,0.685,5.185,0.05704148783977111,0.2952789699570816
1446,0.86,5.1825,0.05832331902718169,0.30443490701001436
1447,0.86,5.21,0.07169098712446352,0.37539341917024327
1448,0.79,5.21125,0.06583118741058656,0.3410586552217454
1449,0.925,5.18,0.0672961373390558,0.34792560801144495
1450,0.7375,5.18,0.06143633762517883,0.3181688125894135
1451,0.8,5.18625,0.0666552217453505,0.34563662374821175
1452,0.835,5.19375,0.06537339055793992,0.3410586552217454
1453,0.9075,5.1825,0.06042918454935623,0.3158798283261803
1454,0.74,5.18125,0.061711015736766815,0.3181688125894135
1455,0.79,5.1975,0.0566752503576538,0.2952789699570816
1456,0.8675,5.18375,0.05814020028612304,0.29985693848354794
1457,0.8275,5.19875,0.0689442060085837,0.35937052932761093
1458,0.8675,5.185,0.0689442060085837,0.3570815450643777
1459,0.74,5.2075,0.06079542203147354,0.3158798283261803
1460,0.7925,5.19625,0.06601430615164522,0.3410586552217454
1461,0.8,5.19,0.06912732474964235,0.35937052932761093
1462,0.6775,5.2125,0.07608583690987125,0.3982832618025752
1463,0.7575,5.2075,0.06308440629470673,0.32961373390557946
1464,0.7725,5.19625,0.06436623748211731,0.3341917024320458
1465,0.7225,5.2075,0.07544492131616595,0.3937052932761088
1466,0.875,5.21125,0.07288125894134478,0.3776824034334764
1467,0.805,5.20875,0.06711301859799715,0.34792560801144495
1468,0.7675,5.1975,0.07315593705293277,0.3776824034334764
1469,0.8875,5.21125,0.07397997138769671,0.3868383404864092
1470,0.6825,5.18375,0.056858369098712454,0.2952789699570816
1471,0.8575,5.18625,0.05731616595135909,0.2952789699570816
1472,0.8825,5.20875,0.07352217453505008,0.38226037195994284
1473,0.7325,5.20875,0.06107010014306152,0.3181688125894135
1474,0.7225,5.21,0.06271816881258942,0.32732474964234626
1475,0.695,5.18375,0.05795708154506438,0.29985693848354794
1476,0.785,5.19375,0.06537339055793992,0.3410586552217454
1477,0.8675,5.18375,0.056492131616595144,0.2929899856938484
1478,0.9,5.21,0.07498712446351932,0.3891273247496424
1479,0.905,5.2,0.07544492131616595,0.3937052932761088
1480,0.8575,5.19125,0.059605150214592284,0.3113018597997139
1481,0.735,5.18,0.06125321888412018,0.3181688125894135
1482,0.7925,5.1825,0.06601430615164522,0.3410586552217454
1483,0.715,5.20625,0.07608583690987125,0.3982832618025752
1484,0.685,5.215,0.07004291845493563,0.3639484978540773
1485,0.695,5.18375,0.05795708154506438,0.29985693848354794
1486,0.85,5.18875,0.056492131616595144,0.2929899856938484
1487,0.77,5.19625,0.06647210300429185,0.34563662374821175
1488,0.8575,5.2125,0.07141630901287555,0.37081545064377686
1489,0.7125,5.2025,0.07608583690987125,0.3982832618025752
1490,0.72,5.21,0.06253505007153076,0.32732474964234626
1491,0.725,5.185,0.06042918454935623,0.3158798283261803
1492,0.855,5.19125,0.06500715307582261,0.33648068669527903
1493,0.6975,5.215,0.06812017167381974,0.3570815450643777
1494,0.715,5.1925,0.059605150214592284,0.3113018597997139
1495,0.7275,5.21125,0.060612303290414886,0.37539341917024327
1496,0.8125,5.19875,0.061711015736766815,0.32274678111587984
1497,0.735,5.18125,0.06125321888412018,0.3181688125894135
1498,0.7725,5.18375,0.06436623748211731,0.3341917024320458
1499,0.715,5.21,0.06354220314735337,0.32961373390557946
1500,0.6825,5.18625,0.056858369098712454,0.2952789699570816
1501,0.8125,5.19625,0.06775393419170243,0.35250357653791137
1502,0.8425,5.185,0.06042918454935623,0.3158798283261803
1503,0.8325,5.215,0.06940200286123034,0.3639484978540773
1504,0.685,5.19375,0.05704148783977111,0.2952789699570816
1505,0.78,5.19375,0.06601430615164522,0.3410586552217454
1506,0.87,5.21125,0.07251502145922747,0.3776824034334764
1507,0.7925,5.2125,0.06601430615164522,0.34563662374821175
1508,0.6875,5.2125,0.07517024320457798,0.3891273247496424
1509,0.9,5.2025,0.07498712446351932,0.3891273247496424
1510,0.8475,5.21,0.07059227467811159,0.36852646638054365
1511,0.7475,5.20125,0.07434620886981402,0.3868383404864092
1512,0.9275,5.2075,0.07727610872675252,0.4005722460658083
1513,0.85,5.19375,0.07086695278969958,0.36852646638054365
1514,0.7825,5.1975,0.0662889842632332,0.34563662374821175
1515,0.79,5.19375,0.06583118741058656,0.3410586552217454
1516,0.8,5.2125,0.0666552217453505,0.34792560801144495
1517,0.6875,5.2125,0.06912732474964235,0.35937052932761093
1518,0.8725,5.1825,0.05814020028612304,0.29985693848354794
1519,0.8575,5.20625,0.07141630901287555,0.37081545064377686
1520,0.7,5.20375,0.07123319027181689,0.37081545064377686
1521,0.72,5.20875,0.06189413447782547,0.32274678111587984
1522,0.6975,5.185,0.05814020028612304,0.29985693848354794
1523,0.815,5.195,0.0566752503576538,0.2952789699570816
1524,0.915,5.1825,0.06079542203147354,0.3158798283261803
1525,0.7275,5.17875,0.060612303290414886,0.3158798283261803
1526,0.7375,5.21125,0.07004291845493563,0.3639484978540773
1527,0.7825,5.20375,0.06354220314735337,0.32961373390557946
1528,0.79,5.20625,0.06583118741058656,0.3410586552217454
1529,0.8825,5.18,0.07352217453505008,0.38226037195994284
1530,0.6925,5.205,0.07086695278969958,0.36852646638054365
1531,0.8025,5.21375,0.06683834048640916,0.34792560801144495
1532,0.6775,5.19125,0.056492131616595144,0.2929899856938484
1533,0.7875,5.2,0.0576824034334764,0.29985693848354794
1534,0.7875,5.19375,0.06564806866952791,0.3410586552217454
1535,0.8225,5.215,0.06857796852646639,0.3570815450643777
1536,1.4375,5.1625,0.14274105865522177,0.7347639484978541
1537,1.7,5.14875,0.14164234620886984,0.7278969957081546
1538,2.56,5.0825,0.21333333333333335,1.0849785407725323
1539,1.75,5.1375,0.1491502145922747,0.7645207439198857
1540,1.455,5.155,0.12122460658082977,0.6271816881258943
1541,1.8275,5.10875,0.15226323319027182,0.7759656652360516
1542,2.245,5.09625,0.18998569384835481,0.9682403433476396
1543,2.235,5.1075,0.18623175965665237,0.9522174535050073
1544,0.775,5.18125,0.06454935622317597,0.3341917024320458
1545,0.735,5.2025,0.07974821173104436,0.41659513590844066
1546,2.7725,5.08125,0.2310042918454936,1.1742489270386267
1547,0.96,5.20625,0.08002288984263234,0.41659513590844066
1548,0.8275,5.19,0.06812017167381974,0.35250357653791137
1549,0.765,5.19625,0.07645207439198856,0.3982832618025752
1550,0.855,5.2,0.07123319027181689,0.37081545064377686
1551,0.8425,5.18625,0.06226037195994278,0.32274678111587984
1552,0.7125,5.2,0.07004291845493563,0.3639484978540773
1553,0.8275,5.20125,0.0689442060085837,0.35937052932761093
1554,0.745,5.21,0.06775393419170243,0.35250357653791137
1555,2.4375,5.105,0.19016881258941346,0.9705293276108728
1556,1.7475,5.13875,0.14557939914163093,0.7462088698140201
1557,1.88,5.125,0.1362403433476395,0.6981402002861231
1558,0.82,5.19875,0.11060371959942776,0.5745350500715308
1559,1.045,5.1925,0.08707296137339057,0.4532188841201717
1560,0.69,5.2075,0.057499284692417746,0.41659513590844066
1561,0.7925,5.19625,0.064,0.3341917024320458
1562,0.71,5.18375,0.05914735336194564,0.30672389127324756
1563,0.8425,5.20375,0.07022603719599428,0.3639484978540773
1564,0.7925,5.19125,0.06775393419170243,0.35250357653791137
1565,0.835,5.21125,0.069585121602289,0.3639484978540773
1566,0.7725,5.20875,0.06436623748211731,0.3341917024320458
1567,0.7575,5.2025,0.05832331902718169,0.30443490701001436
1568,0.7125,5.1825,0.059330472103004295,0.30672389127324756
1569,0.815,5.2025,0.06793705293276109,0.35250357653791137
1570,0.725,5.20625,0.07581115879828328,0.3937052932761088
1571,0.885,5.2025,0.07370529327610874,0.38226037195994284
1572,0.9,5.2075,0.07498712446351932,0.3891273247496424
1573,0.845,5.19875,0.061711015736766815,0.32274678111587984
1574,0.7075,5.1925,0.058964234620886985,0.30672389127324756
1575,0.8,5.1975,0.0666552217453505,0.34563662374821175
1576,0.905,5.18375,0.0576824034334764,0.29985693848354794
1577,0.7325,5.1875,0.06107010014306152,0.3158798283261803
1578,0.8825,5.205,0.07352217453505008,0.38226037195994284
1579,0.715,5.21,0.07773390557939915,0.40515021459227474
1580,0.705,5.185,0.05878111587982833,0.30443490701001436
1581,0.74,5.1875,0.061711015736766815,0.3181688125894135
1582,0.885,5.18,0.05850643776824035,0.30443490701001436
1583,0.7875,5.19,0.06683834048640916,0.34563662374821175
1584,0.765,5.17875,0.06372532188841203,0.32961373390557946
1585,0.73,5.2125,0.07187410586552218,0.37539341917024327
1586,0.79,5.19875,0.06125321888412018,0.3181688125894135
1587,0.7525,5.1825,0.06271816881258942,0.32732474964234626
1588,0.7975,5.2075,0.06500715307582261,0.33648068669527903
1589,0.7675,5.20375,0.05914735336194564,0.30672389127324756
1590,0.6775,5.185,0.056492131616595144,0.2929899856938484
1591,0.72,5.20875,0.06564806866952791,0.3410586552217454
1592,0.86,5.1875,0.05832331902718169,0.30443490701001436
1593,0.7075,5.17875,0.058964234620886985,0.30443490701001436
1594,0.8625,5.18375,0.07187410586552218,0.37539341917024327
1595,0.7475,5.2025,0.06482403433476396,0.33648068669527903
1596,0.7325,5.1875,0.06107010014306152,0.3158798283261803
1597,0.7375,5.18375,0.06143633762517883,0.3181688125894135
1598,0.89,5.185,0.0566752503576538,0.2929899856938484
1599,0.7425,5.2,0.06189413447782547,0.32274678111587984
1600,0.875,5.20375,0.07288125894134478,0.3776824034334764
1601,0.875,5.1825,0.060246065808297576,0.3113018597997139
1602,0.7625,5.17875,0.06354220314735337,0.32961373390557946
1603,0.7325,5.185,0.06107010014306152,0.3158798283261803
1604,0.685,5.21125,0.07187410586552218,0.37539341917024327
1605,0.8625,5.20875,0.07187410586552218,0.37539341917024327
1606,0.685,5.19625,0.05704148783977111,0.2952789699570816
1607,0.835,5.19375,0.059971387696709594,0.3113018597997139
1608,0.695,5.18,0.05795708154506438,0.29985693848354794
1609,0.8325,5.20375,0.06940200286123034,0.35937052932761093
1610,0.6925,5.2125,0.07562804005722461,0.3937052932761088
1611,0.705,5.18625,0.05878111587982833,0.30443490701001436
1612,0.875,5.2025,0.07288125894134478,0.3776824034334764
1613,0.7475,5.205,0.07562804005722461,0.3937052932761088
1614,0.92,5.18375,0.06226037195994278,0.32274678111587984
1615,0.7375,5.19875,0.06143633762517883,0.3181688125894135
1616,0.7175,5.21,0.07773390557939915,0.40515021459227474
1617,0.74,5.21,0.07315593705293277,0.38226037195994284
1618,0.905,5.20375,0.07544492131616595,0.3937052932761088
1619,0.8075,5.195,0.056492131616595144,0.2929899856938484
1620,0.8275,5.1875,0.06519027181688127,0.33648068669527903
1621,0.8475,5.20125,0.07059227467811159,0.36852646638054365
1622,0.855,5.18625,0.06482403433476396,0.33648068669527903
1623,0.7275,5.21,0.07370529327610874,0.38226037195994284
1624,0.8725,5.215,0.07269814020028613,0.3776824034334764
1625,0.6875,5.2075,0.05731616595135909,0.3776824034334764
1626,0.71,5.2125,0.06308440629470673,0.32961373390557946
1627,0.725,5.18375,0.06042918454935623,0.3158798283261803
1628,0.86,5.20125,0.07169098712446352,0.37081545064377686
1629,0.895,5.1825,0.05978826895565094,0.3113018597997139
1630,0.825,5.20875,0.06876108726752504,0.35937052932761093
1631,0.725,5.1975,0.06042918454935623,0.3158798283261803
1632,0.8075,5.19375,0.07608583690987125,0.3937052932761088
1633,0.9425,5.19875,0.0785579399141631,0.4097281831187411
1634,0.8025,5.19625,0.06683834048640916,0.34792560801144495
1635,0.7825,5.1925,0.06519027181688127,0.33648068669527903
1636,0.8725,5.205,0.07269814020028613,0.3776824034334764
1637,0.8125,5.21125,0.06775393419170243,0.35250357653791137
1638,0.745,5.2025,0.07498712446351932,0.3891273247496424
1639,0.785,5.2125,0.06537339055793992,0.3410586552217454
1640,0.74,5.195,0.061711015736766815,0.3181688125894135
1641,0.685,5.2125,0.069585121602289,0.3639484978540773
1642,0.775,5.2125,0.06454935622317597,0.33648068669527903
1643,0.715,5.18,0.059605150214592284,0.30672389127324756
1644,0.8725,5.195,0.07480400572246067,0.3891273247496424
1645,0.8125,5.1875,0.06775393419170243,0.35250357653791137
1646,0.79,5.185,0.06583118741058656,0.3410586552217454
1647,0.7675,5.205,0.06482403433476396,0.33648068669527903
1648,0.735,5.21125,0.07288125894134478,0.3776824034334764
1649,1.925,5.1225,0.160412017167382,0.8217453505007154
1650,1.3325,5.16,0.14164234620886984,0.7301859799713878
1651,1.3225,5.1625,0.133585121602289,0.6889842632331903
1652,0.955,5.205,0.07956509298998571,0.4120171673819743
1653,0.86,5.19,0.06372532188841203,0.32961373390557946
1654,0.805,5.19875,0.062077253218884125,0.32274678111587984
1655,0.8325,5.19,0.06940200286123034,0.35937052932761093
1656,0.8475,5.19,0.059605150214592284,0.30672389127324756
1657,0.7975,5.195,0.0566752503576538,0.2952789699570816
1658,0.745,5.1875,0.062077253218884125,0.32274678111587984
1659,0.7525,5.21,0.06271816881258942,0.32732474964234626
1660,0.745,5.20625,0.080206008583691,0.41659513590844066
1661,0.9425,5.2,0.0785579399141631,0.4097281831187411
1662,0.9025,5.2075,0.07517024320457798,0.3891273247496424
1663,0.895,5.17875,0.0662889842632332,0.34563662374821175
1664,0.72,5.18375,0.059971387696709594,0.3113018597997139
1665,0.8475,5.205,0.07059227467811159,0.36852646638054365
1666,0.8125,5.19,0.06354220314735337,0.32961373390557946
1667,0.8025,5.21375,0.06683834048640916,0.34792560801144495
1668,0.6775,5.18625,0.056492131616595144,0.2929899856938484
1669,0.86,5.1825,0.057499284692417746,0.2952789699570816
1670,0.8825,5.215,0.07352217453505008,0.38226037195994284
1671,0.715,5.20625,0.059605150214592284,0.3113018597997139
1672,0.725,5.20875,0.061711015736766815,0.32274678111587984
1673,0.7025,5.18375,0.05850643776824035,0.30443490701001436
1674,0.75,5.19,0.06253505007153076,0.32732474964234626
1675,0.7175,5.20875,0.07956509298998571,0.41659513590844066
1676,0.9025,5.21,0.07517024320457798,0.3891273247496424
1677,0.895,5.2075,0.07462088698140201,0.3891273247496424
1678,0.8,5.19125,0.06940200286123034,0.35937052932761093
1679,0.805,5.19,0.07416309012875537,0.3868383404864092
1680,0.8475,5.21375,0.07059227467811159,0.36852646638054365
1681,0.6775,5.21,0.07233190271816882,0.37539341917024327
1682,0.8475,5.1875,0.05621745350500716,0.2929899856938484
1683,0.8675,5.2075,0.07233190271816882,0.37539341917024327
1684,0.6875,5.2125,0.07462088698140201,0.3891273247496424
1685,0.85,5.18625,0.056492131616595144,0.2929899856938484
1686,0.875,5.20625,0.07288125894134478,0.3776824034334764
1687,0.7,5.20375,0.07040915593705294,0.36852646638054365
1688,0.695,5.21125,0.06647210300429185,0.34563662374821175
1689,0.8475,5.205,0.07059227467811159,0.36852646638054365
1690,0.7275,5.205,0.060612303290414886,0.3891273247496424
1691,0.775,5.195,0.07141630901287555,0.37081545064377686
1692,0.9075,5.20875,0.07562804005722461,0.3937052932761088
1693,0.89,5.2125,0.07416309012875537,0.3868383404864092
1694,0.67,5.21,0.07169098712446352,0.37539341917024327
1695,0.71,5.205,0.05914735336194564,0.30672389127324756
1696,0.8525,5.205,0.07105007153075824,0.37081545064377686
1697,0.705,5.2025,0.07086695278969958,0.36852646638054365
1698,0.705,5.19875,0.05878111587982833,0.30443490701001436
1699,0.71,5.185,0.05914735336194564,0.30672389127324756
1700,0.8725,5.18375,0.05814020028612304,0.29985693848354794
1701,0.825,5.19875,0.06876108726752504,0.3570815450643777
1702,0.8075,5.21,0.0672961373390558,0.34792560801144495
1703,0.745,5.20875,0.06857796852646639,0.3570815450643777
1704,0.8625,5.2075,0.07187410586552218,0.37539341917024327
1705,0.905,5.20625,0.07544492131616595,0.3937052932761088
1706,0.915,5.18,0.06125321888412018,0.3181688125894135
1707,0.775,5.18125,0.06454935622317597,0.3341917024320458
1708,0.845,5.19375,0.07040915593705294,0.36852646638054365
1709,0.8575,5.18375,0.05795708154506438,0.29985693848354794
1710,0.73,5.2,0.07022603719599428,0.3639484978540773
1711,0.865,5.21375,0.07205722460658083,0.37539341917024327
1712,0.68,5.20875,0.07059227467811159,0.36852646638054365
1713,0.7125,5.21125,0.06912732474964235,0.35937052932761093
1714,0.775,5.1925,0.06454935622317597,0.3341917024320458
1715,0.755,5.195,0.06583118741058656,0.3410586552217454
1716,0.695,5.21375,0.06564806866952791,0.3410586552217454
1717,0.7175,5.185,0.05978826895565094,0.3113018597997139
1718,0.855,5.18375,0.0566752503576538,0.2929899856938484
1719,0.8325,5.19,0.06747925608011446,0.34792560801144495
1720,0.885,5.2025,0.07370529327610874,0.38226037195994284
1721,0.91,5.17875,0.06482403433476396,0.33648068669527903
1722,0.895,5.18,0.06253505007153076,0.32274678111587984
1723,0.74,5.18,0.061711015736766815,0.3181688125894135
1724,0.7975,5.19625,0.06647210300429185,0.34563662374821175
1725,0.82,5.18875,0.06857796852646639,0.3570815450643777
1726,0.855,5.21375,0.07123319027181689,0.37081545064377686
1727,0.6775,5.19125,0.056492131616595144,0.2929899856938484
1728,0.8375,5.1875,0.05603433476394851,0.2929899856938484
1729,0.745,5.18625,0.062077253218884125,0.32274678111587984
1730,0.8525,5.20625,0.07105007153075824,0.37081545064377686
1731,0.8325,5.19,0.06857796852646639,0.3570815450643777
1732,0.86,5.20625,0.07169098712446352,0.37539341917024327
1733,0.7,5.2025,0.05832331902718169,0.30443490701001436
1734,0.7425,5.2,0.07462088698140201,0.3868383404864092
1735,0.8875,5.21,0.07397997138769671,0.3868383404864092
1736,0.915,5.21125,0.0762689556509299,0.3982832618025752
1737,0.925,5.17875,0.061711015736766815,0.3181688125894135
1738,0.7575,5.1875,0.06308440629470673,0.32732474964234626
1739,0.73,5.20875,0.06079542203147354,0.3158798283261803
1740,0.755,5.205,0.05978826895565094,0.3113018597997139
1741,0.8175,5.185,0.06812017167381974,0.35250357653791137
1742,0.84,5.20375,0.07004291845493563,0.3639484978540773
1743,0.7125,5.205,0.07462088698140201,0.3891273247496424
1744,0.8425,5.1875,0.056492131616595144,0.2929899856938484
1745,0.8125,5.19875,0.06775393419170243,0.35250357653791137
1746,0.745,5.19625,0.07251502145922747,0.37539341917024327
1747,0.6975,5.215,0.06564806866952791,0.3410586552217454
1748,0.67,5.1925,0.055851216022889845,0.288412017167382
1749,0.715,5.2125,0.07562804005722461,0.3937052932761088
1750,0.7375,5.21,0.06857796852646639,0.3570815450643777
1751,0.755,5.19,0.06290128755364807,0.32732474964234626
1752,0.7475,5.20875,0.06775393419170243,0.35250357653791137
1753,0.7575,5.2075,0.06583118741058656,0.3410586552217454
1754,0.855,5.20625,0.07123319027181689,0.37081545064377686
1755,0.88,5.17625,0.07333905579399143,0.3181688125894135
1756,0.6725,5.21,0.07233190271816882,0.37539341917024327
1757,0.6875,5.1975,0.05731616595135909,0.2952789699570816
1758,0.8225,5.2,0.06857796852646639,0.3570815450643777
1759,0.67,5.21125,0.07269814020028613,0.3776824034334764
1760,0.6975,5.20125,0.05814020028612304,0.30443490701001436
1761,0.8475,5.20375,0.07059227467811159,0.36852646638054365
1762,0.835,5.185,0.060612303290414886,0.3158798283261803
1763,0.8675,5.21125,0.07233190271816882,0.3776824034334764
1764,0.91,5.2025,0.07581115879828328,0.3937052932761088
1765,0.8225,5.19,0.0689442060085837,0.3570815450643777
1766,0.9025,5.20125,0.07517024320457798,0.3891273247496424
1767,0.885,5.21,0.07370529327610874,0.38226037195994284
1768,0.8675,5.1875,0.06775393419170243,0.35250357653791137
1769,0.74,5.1875,0.061711015736766815,0.3181688125894135
1770,0.8825,5.20875,0.07352217453505008,0.38226037195994284
1771,0.6725,5.2125,0.07187410586552218,0.37539341917024327
1772,0.69,5.18375,0.057499284692417746,0.2952789699570816
1773,0.865,5.205,0.07205722460658083,0.37539341917024327
1774,0.8125,5.19,0.06290128755364807,0.32732474964234626
1775,0.68,5.21375,0.06857796852646639,0.3570815450643777
1776,0.695,5.20125,0.05795708154506438,0.29985693848354794
1777,0.72,5.21,0.062077253218884125,0.32274678111587984
1778,0.86,5.18375,0.06189413447782547,0.32274678111587984
1779,0.765,5.17875,0.06372532188841203,0.32961373390557946
1780,0.7325,5.20375,0.07462088698140201,0.3891273247496424
1781,0.74,5.21,0.06976824034334765,0.3639484978540773
1782,0.735,5.18125,0.06125321888412018,0.3181688125894135
1783,0.75,5.2075,0.0666552217453505,0.34792560801144495
1784,0.6925,5.215,0.07105007153075824,0.37081545064377686
1785,0.6925,5.195,0.0576824034334764,0.29985693848354794
1786,0.725,5.20875,0.06308440629470673,0.32961373390557946
1787,0.87,5.18375,0.06125321888412018,0.3181688125894135
1788,0.8,5.19375,0.0666552217453505,0.34563662374821175
1789,0.865,5.21125,0.07205722460658083,0.37539341917024327
1790,0.7525,5.2,0.07040915593705294,0.36852646638054365
1791,0.855,5.2125,0.07123319027181689,0.37081545064377686
1792,0.685,5.1925,0.05704148783977111,0.2952789699570816
1793,0.775,5.19875,0.057499284692417746,0.29985693848354794
1794,0.725,5.18125,0.06042918454935623,0.3113018597997139
1795,0.74,5.18,0.061711015736766815,0.3181688125894135
1796,0.765,5.20625,0.06482403433476396,0.33648068669527903
1797,0.8325,5.21,0.06940200286123034,0.35937052932761093
1798,0.81,5.20875,0.06747925608011446,0.35250357653791137
1799,0.8725,5.185,0.0785579399141631,0.4097281831187411
1800,0.8375,5.21375,0.06976824034334765,0.3639484978540773
1801,0.6875,5.18375,0.05731616595135909,0.2952789699570816
1802,0.7525,5.20375,0.06482403433476396,0.33648068669527903
1803,0.7325,5.1875,0.06107010014306152,0.3158798283261803
1804,0.8625,5.205,0.07187410586552218,0.37539341917024327
1805,0.8825,5.1775,0.061711015736766815,0.3181688125894135
1806,0.85,5.21375,0.07086695278969958,0.37081545064377686
1807,0.675,5.19,0.05621745350500716,0.2929899856938484
1808,0.8475,5.18625,0.0566752503576538,0.2929899856938484
1809,0.7825,5.20375,0.06271816881258942,0.32732474964234626
1810,0.7775,5.20625,0.06482403433476396,0.33648068669527903
1811,0.7125,5.20875,0.07352217453505008,0.38226037195994284
1812,0.745,5.21125,0.07187410586552218,0.37539341917024327
1813,0.7925,5.2075,0.06601430615164522,0.34563662374821175
1814,0.7675,5.205,0.07892417739628041,0.4120171673819743
1815,0.81,5.19625,0.05621745350500716,0.2929899856938484
1816,0.8575,5.205,0.07141630901287555,0.37081545064377686
1817,0.7125,5.20375,0.07480400572246067,0.3891273247496424
1818,0.6875,5.21375,0.06857796852646639,0.3570815450643777
1819,0.6975,5.185,0.05814020028612304,0.29985693848354794
1820,0.825,5.19125,0.06876108726752504,0.3570815450643777
1821,0.71,5.20125,0.07004291845493563,0.3639484978540773
1822,0.7375,5.205,0.06143633762517883,0.3181688125894135
1823,0.8025,5.1975,0.06683834048640916,0.34792560801144495
1824,0.785,5.20375,0.06290128755364807,0.32732474964234626
1825,0.895,5.21,0.07462088698140201,0.3891273247496424
1826,0.7875,5.2075,0.06564806866952791,0.3410586552217454
1827,0.72,5.20375,0.07517024320457798,0.3891273247496424
1828,0.7825,5.20625,0.06519027181688127,0.33648068669527903
1829,0.75,5.18,0.06253505007153076,0.32274678111587984
1830,0.8325,5.19125,0.05621745350500716,0.2929899856938484
1831,0.8175,5.1975,0.06812017167381974,0.35250357653791137
1832,0.9575,5.21125,0.07974821173104436,0.41659513590844066
1833,0.695,5.2125,0.06711301859799715,0.34792560801144495
1834,0.6875,5.18375,0.05731616595135909,0.2952789699570816
1835,0.87,5.20875,0.07251502145922747,0.3776824034334764
1836,0.68,5.21,0.07141630901287555,0.37081545064377686
1837,0.7775,5.2125,0.06482403433476396,0.33648068669527903
1838,0.77,5.1875,0.06418311874105866,0.3341917024320458
1839,0.7725,5.205,0.06454935622317597,0.33648068669527903
1840,0.9,5.18125,0.059971387696709594,0.3113018597997139
1841,0.77,5.185,0.06418311874105866,0.3341917024320458
1842,0.8225,5.195,0.06042918454935623,0.3158798283261803
1843,0.7675,5.20625,0.06500715307582261,0.33648068669527903
1844,0.7325,5.19625,0.06107010014306152,0.3181688125894135
1845,0.8525,5.185,0.05621745350500716,0.2929899856938484
1846,0.7,5.2125,0.07086695278969958,0.36852646638054365
1847,0.71,5.18375,0.05914735336194564,0.30672389127324756
1848,0.8475,5.18375,0.058964234620886985,0.30672389127324756
1849,0.7025,5.205,0.07022603719599428,0.3639484978540773
1850,0.675,5.19375,0.05621745350500716,0.2929899856938484
1851,0.8025,5.195,0.06683834048640916,0.2929899856938484
1852,0.68,5.21375,0.07086695278969958,0.37081545064377686
1853,0.675,5.18875,0.05621745350500716,0.2929899856938484
1854,0.72,5.18375,0.059971387696709594,0.3113018597997139
1855,0.74,5.21125,0.07810014306151646,0.4097281831187411
1856,0.8175,5.20875,0.06812017167381974,0.3570815450643777
1857,0.8675,5.21125,0.07233190271816882,0.3776824034334764
1858,0.84,5.18875,0.0683032904148784,0.3570815450643777
1859,0.86,5.21125,0.07169098712446352,0.37539341917024327
1860,0.685,5.19375,0.05704148783977111,0.2952789699570816
1861,0.705,5.2125,0.06482403433476396,0.33648068669527903
1862,0.7825,5.19375,0.06519027181688127,0.33648068669527903
1863,0.7675,5.21125,0.064,0.3341917024320458
1864,0.6875,5.21375,0.06857796852646639,0.3570815450643777
1865,0.68,5.185,0.0566752503576538,0.2929899856938484
1866,0.7975,5.195,0.06647210300429185,0.34563662374821175
1867,0.7725,5.195,0.06482403433476396,0.33648068669527903
1868,0.7325,5.2075,0.06107010014306152,0.3181688125894135
1869,0.915,5.2075,0.0762689556509299,0.3982832618025752
1870,0.7525,5.19875,0.07352217453505008,0.38226037195994284
1871,0.8725,5.1975,0.07269814020028613,0.3776824034334764
1872,0.87,5.1975,0.07251502145922747,0.37539341917024327
1873,0.9125,5.18125,0.06226037195994278,0.32274678111587984
1874,1.265,5.16375,0.09705293276108727,0.5035765379113019
1875,0.77,5.1875,0.06418311874105866,0.3341917024320458
1876,0.7775,5.1975,0.0576824034334764,0.29985693848354794
1877,0.7975,5.19,0.06290128755364807,0.32732474964234626
1878,0.8675,5.21,0.07233190271816882,0.37539341917024327
1879,0.69,5.21625,0.06793705293276109,0.35250357653791137
1880,0.85,5.18625,0.059971387696709594,0.3113018597997139
1881,0.8075,5.21375,0.0672961373390558,0.35250357653791137
1882,0.67,5.21,0.07233190271816882,0.37539341917024327
1883,0.6825,5.215,0.07022603719599428,0.36852646638054365
1884,0.85,5.21125,0.07086695278969958,0.36852646638054365
1885,0.7175,5.1925,0.05978826895565094,0.3113018597997139
1886,0.705,5.20625,0.07480400572246067,0.3891273247496424
1887,0.915,5.21,0.0762689556509299,0.3982832618025752
1888,0.8125,5.20875,0.06775393419170243,0.35250357653791137
1889,0.7375,5.1975,0.06775393419170243,0.35250357653791137
1890,0.8225,5.21375,0.06857796852646639,0.3570815450643777
1891,0.72,5.18625,0.059971387696709594,0.3113018597997139
1892,0.86,5.18375,0.058964234620886985,0.30672389127324756
1893,0.8275,5.215,0.0689442060085837,0.35937052932761093
1894,0.695,5.18375,0.05795708154506438,0.29985693848354794
1895,0.8125,5.195,0.05621745350500716,0.2929899856938484
1896,0.7875,5.195,0.06564806866952791,0.3410586552217454
1897,0.69,5.1925,0.057499284692417746,0.29985693848354794
1898,0.785,5.20125,0.05914735336194564,0.30672389127324756
1899,0.7475,5.1875,0.06226037195994278,0.32274678111587984
1900,0.7225,5.19375,0.060246065808297576,0.3113018597997139
1901,0.72,5.21,0.07498712446351932,0.3891273247496424
1902,0.85,5.20875,0.07086695278969958,0.36852646638054365
1903,0.8825,5.21125,0.07352217453505008,0.38226037195994284
1904,1.285,5.16125,0.10062374821173105,0.517310443490701
1905,1.21,5.1725,0.10895565092989987,0.5630901287553648
1906,1.38,5.17625,0.11499856938483549,0.5974248927038627
1907,0.7175,5.21,0.07517024320457798,0.3891273247496424
1908,0.72,5.21,0.07288125894134478,0.3776824034334764
1909,0.77,5.205,0.06418311874105866,0.3341917024320458
1910,0.8,5.19625,0.07123319027181689,0.37081545064377686
1911,0.6775,5.21375,0.07187410586552218,0.37539341917024327
1912,0.6775,5.185,0.056492131616595144,0.2929899856938484
1913,0.9025,5.17375,0.06564806866952791,0.3410586552217454
1914,0.8725,5.18375,0.06857796852646639,0.3570815450643777
1915,0.8725,5.1975,0.07269814020028613,0.3776824034334764
1916,0.9175,5.17875,0.07645207439198856,0.3113018597997139
1917,0.805,5.1975,0.06125321888412018,0.3181688125894135
1918,0.72,5.1825,0.059971387696709594,0.3113018597997139
1919,0.9,5.18,0.07498712446351932,0.3891273247496424
1920,0.82,5.19,0.06308440629470673,0.32732474964234626
1921,0.79,5.21125,0.06583118741058656,0.3410586552217454
1922,0.715,5.1825,0.059605150214592284,0.30672389127324756
1923,0.915,5.18125,0.05704148783977111,0.2952789699570816
1924,0.8475,5.2125,0.07059227467811159,0.36852646638054365
1925,0.6725,5.19125,0.05603433476394851,0.2929899856938484
1926,0.73,5.20875,0.06107010014306152,0.3181688125894135
1927,0.6875,5.1825,0.05731616595135909,0.2952789699570816
1928,0.795,5.19375,0.0662889842632332,0.34563662374821175
1929,0.86,5.1925,0.06290128755364807,0.32732474964234626
1930,0.85,5.21125,0.07086695278969958,0.36852646638054365
1931,0.8675,5.21125,0.07233190271816882,0.3776824034334764
1932,0.8975,5.18125,0.06125321888412018,0.3181688125894135
1933,0.785,5.185,0.06537339055793992,0.33648068669527903
1934,1.0025,5.20375,0.0835021459227468,0.4349070100143062
1935,0.8625,5.1825,0.05850643776824035,0.30443490701001436
1936,0.7625,5.19625,0.06912732474964235,0.35937052932761093
1937,0.87,5.20625,0.07251502145922747,0.3776824034334764
1938,0.86,5.18625,0.06253505007153076,0.32274678111587984
1939,0.675,5.21375,0.07251502145922747,0.3776824034334764
1940,0.7175,5.20625,0.05978826895565094,0.3113018597997139
1941,0.8125,5.1925,0.05621745350500716,0.2929899856938484
1942,0.84,5.18625,0.06079542203147354,0.3158798283261803
1943,0.8,5.2125,0.0666552217453505,0.34792560801144495
1944,0.9225,5.17875,0.06418311874105866,0.3341917024320458
1945,0.8725,5.18625,0.05978826895565094,0.3113018597997139
1946,0.7325,5.18,0.06107010014306152,0.3158798283261803
1947,0.78,5.20375,0.06290128755364807,0.32732474964234626
1948,0.8325,5.195,0.06482403433476396,0.33648068669527903
1949,0.755,5.1825,0.06290128755364807,0.32732474964234626
1950,0.745,5.1875,0.062077253218884125,0.32274678111587984
1951,0.805,5.19125,0.064,0.3341917024320458
1952,0.7975,5.21375,0.06647210300429185,0.34563662374821175
1953,0.6925,5.19875,0.0576824034334764,0.29985693848354794
1954,0.6775,5.21,0.07837482117310444,0.4097281831187411
1955,0.8725,5.21375,0.07269814020028613,0.3776824034334764
1956,0.765,5.21375,0.06372532188841203,0.3341917024320458
1957,0.765,5.2025,0.058964234620886985,0.30672389127324756
1958,0.84,5.2025,0.07004291845493563,0.3639484978540773
1959,0.87,5.21125,0.07251502145922747,0.3776824034334764
1960,0.82,5.19,0.06747925608011446,0.34792560801144495
1961,0.8625,5.1975,0.07187410586552218,0.37539341917024327
1962,0.9125,5.21,0.07608583690987125,0.3982832618025752
1963,0.9,5.18,0.06711301859799715,0.34792560801144495
1964,0.7975,5.18625,0.06647210300429185,0.34563662374821175
1965,1.1025,5.21,0.0918340486409156,0.48068669527897
1966,0.685,5.215,0.06912732474964235,0.35937052932761093
1967,0.7125,5.185,0.059330472103004295,0.30672389127324756
1968,0.845,5.215,0.07040915593705294,0.36852646638054365
1969,0.7075,5.2125,0.06647210300429185,0.34563662374821175
1970,0.87,5.1825,0.05731616595135909,0.2952789699570816
1971,0.885,5.2075,0.07370529327610874,0.38226037195994284
1972,0.685,5.2075,0.07169098712446352,0.37539341917024327
1973,0.6775,5.21125,0.07169098712446352,0.37539341917024327
1974,0.955,5.205,0.07956509298998571,0.4120171673819743
1975,0.825,5.1925,0.059971387696709594,0.3113018597997139
1976,0.895,5.1825,0.062077253218884125,0.32274678111587984
1977,0.855,5.19625,0.07123319027181689,0.37081545064377686
1978,0.78,5.205,0.0683032904148784,0.3570815450643777
1979,0.7325,5.21125,0.06976824034334765,0.3639484978540773
1980,0.6975,5.1825,0.05814020028612304,0.29985693848354794
1981,0.775,5.2,0.06454935622317597,0.3341917024320458
1982,0.7,5.205,0.06940200286123034,0.35937052932761093
1983,0.805,5.21375,0.06711301859799715,0.34792560801144495
1984,0.82,5.2,0.0683032904148784,0.3570815450643777
1985,0.785,5.19375,0.064,0.3341917024320458
1986,0.7575,5.21125,0.06308440629470673,0.32961373390557946
1987,0.675,5.19,0.05621745350500716,0.2929899856938484
1988,0.7875,5.19875,0.057499284692417746,0.29985693848354794
1989,0.845,5.20625,0.07040915593705294,0.36852646638054365
1990,0.735,5.195,0.06125321888412018,0.3181688125894135
1991,0.715,5.2075,0.07562804005722461,0.3937052932761088
1992,0.905,5.205,0.07544492131616595,0.3937052932761088
1993,0.865,5.21125,0.07205722460658083,0.37539341917024327
1994,0.845,5.185,0.07727610872675252,0.4005722460658083
1995,0.725,5.20375,0.06042918454935623,0.3158798283261803
1996,0.745,5.18875,0.062077253218884125,0.32274678111587984
1997,0.8075,5.19375,0.05603433476394851,0.2929899856938484
1998,0.8425,5.2025,0.07022603719599428,0.3639484978540773
1999,0.7025,5.20125,0.05850643776824035,0.30443490701001436
2000,0.7725,5.2,0.05814020028612304,0.30443490701001436
2001,0.8175,5.1875,0.06226037195994278,0.32274678111587984
2002,0.8175,5.21375,0.06812017167381974,0.3570815450643777
2003,0.6725,5.21,0.07141630901287555,0.37081545064377686
2004,0.7675,5.205,0.08066380543633764,0.421173104434907
2005,0.8375,5.1925,0.06976824034334765,0.3639484978540773
2006,0.7225,5.20375,0.08167095851216023,0.4234620886981402
2007,0.715,5.21,0.07517024320457798,0.3891273247496424
2008,0.915,5.205,0.0762689556509299,0.3982832618025752
2009,0.905,5.18125,0.062077253218884125,0.32274678111587984
2010,0.6775,5.20875,0.07288125894134478,0.3776824034334764
2011,0.715,5.20625,0.059605150214592284,0.3113018597997139
2012,0.7475,5.205,0.06226037195994278,0.30443490701001436
2013,0.8525,5.1825,0.05814020028612304,0.29985693848354794
2014,0.8425,5.215,0.07022603719599428,0.36852646638054365
2015,0.71,5.205,0.05914735336194564,0.30672389127324756
2016,0.76,5.20625,0.058964234620886985,0.30672389127324756
2017,0.8375,5.20125,0.06976824034334765,0.3639484978540773
2018,0.72,5.205,0.059971387696709594,0.3113018597997139
2019,0.7475,5.21,0.07773390557939915,0.40515021459227474
2020,0.78,5.205,0.06500715307582261,0.33648068669527903
2021,0.7175,5.1875,0.05978826895565094,0.3113018597997139
2022,0.7125,5.21,0.07352217453505008,0.38226037195994284
2023,0.865,5.21125,0.07205722460658083,0.37539341917024327
2024,0.715,5.195,0.059605150214592284,0.3113018597997139
2025,0.7,5.21375,0.07141630901287555,0.37081545064377686
2026,0.685,5.185,0.05704148783977111,0.2952789699570816
2027,0.8625,5.20875,0.07187410586552218,0.37539341917024327
2028,0.6825,5.21,0.07269814020028613,0.3776824034334764
2029,0.6925,5.2,0.0576824034334764,0.29985693848354794
2030,0.75,5.19,0.06253505007153076,0.32732474964234626
2031,0.8025,5.18625,0.05978826895565094,0.3113018597997139
2032,0.85,5.21375,0.07086695278969958,0.37081545064377686
2033,0.6875,5.19625,0.05731616595135909,0.2952789699570816
2034,0.805,5.20125,0.07333905579399143,0.38226037195994284
2035,0.905,5.17875,0.07040915593705294,0.3639484978540773
2036,0.8175,5.19125,0.06812017167381974,0.35250357653791137
2037,0.845,5.19625,0.05978826895565094,0.3113018597997139
2038,0.8225,5.1975,0.06079542203147354,0.3158798283261803
2039,0.74,5.2025,0.061711015736766815,0.32274678111587984
2040,0.7175,5.20875,0.07205722460658083,0.37539341917024327
2041,0.8175,5.1925,0.05731616595135909,0.2952789699570816
2042,0.8225,5.195,0.06857796852646639,0.3570815450643777
2043,0.85,5.185,0.059605150214592284,0.30672389127324756
2044,0.6825,5.2125,0.0666552217453505,0.34792560801144495
2045,0.7075,5.18375,0.058964234620886985,0.30672389127324756
2046,0.845,5.18375,0.07040915593705294,0.36852646638054365
2047,0.705,5.2125,0.06308440629470673,0.32961373390557946
2048,0.6875,5.18125,0.05731616595135909,0.2952789699570816
2049,0.9175,5.19,0.07645207439198856,0.3982832618025752
2050,0.9175,5.17875,0.06912732474964235,0.3570815450643777
2051,0.7475,5.18125,0.06226037195994278,0.32274678111587984
2052,0.855,5.19,0.07123319027181689,0.37081545064377686
2053,0.8975,5.18125,0.06143633762517883,0.3181688125894135
2054,0.8025,5.17875,0.06683834048640916,0.34563662374821175
2055,0.775,5.19375,0.06454935622317597,0.3341917024320458
2056,0.7475,5.2025,0.059605150214592284,0.3113018597997139
2057,0.8025,5.195,0.06683834048640916,0.34792560801144495
2058,0.73,5.2075,0.06079542203147354,0.3158798283261803
2059,0.7775,5.19875,0.057499284692417746,0.29985693848354794
2060,0.7625,5.19125,0.06354220314735337,0.32961373390557946
2061,0.8375,5.21375,0.06976824034334765,0.3639484978540773
2062,0.675,5.21,0.07269814020028613,0.3776824034334764
2063,0.69,5.19875,0.057499284692417746,0.29985693848354794
2064,0.7525,5.18625,0.06271816881258942,0.32732474964234626
2065,0.79,5.20125,0.06775393419170243,0.35250357653791137
2066,0.86,5.19,0.05914735336194564,0.30672389127324756
2067,0.7225,5.18125,0.060246065808297576,0.3113018597997139
2068,0.75,5.2075,0.0662889842632332,0.34563662374821175
2069,0.7775,5.20625,0.06912732474964235,0.35937052932761093
2070,0.7,5.18375,0.05832331902718169,0.30443490701001436
2071,0.86,5.185,0.05832331902718169,0.30443490701001436
2072,0.7075,5.20375,0.07251502145922747,0.3776824034334764
2073,0.7475,5.21,0.06226037195994278,0.32274678111587984
2074,0.7275,5.2075,0.060246065808297576,0.3158798283261803
2075,0.8625,5.1825,0.06857796852646639,0.3570815450643777
2076,0.84,5.2025,0.07004291845493563,0.3639484978540773
2077,0.685,5.215,0.05704148783977111,0.37539341917024327
2078,0.8625,5.18375,0.05731616595135909,0.2952789699570816
2079,0.86,5.18375,0.07169098712446352,0.37081545064377686
2080,0.885,5.19625,0.07370529327610874,0.38226037195994284
2081,0.835,5.19,0.06812017167381974,0.35250357653791137
2082,0.9,5.2025,0.07498712446351932,0.3891273247496424
2083,0.875,5.2,0.07288125894134478,0.3776824034334764
2084,0.85,5.19125,0.059330472103004295,0.30672389127324756
2085,0.7775,5.185,0.06482403433476396,0.33648068669527903
2086,0.865,5.21125,0.07205722460658083,0.37539341917024327
2087,0.6725,5.21125,0.07205722460658083,0.37539341917024327
2088,0.695,5.2,0.05795708154506438,0.29985693848354794
2089,0.7675,5.19,0.064,0.3341917024320458
2090,0.8025,5.19125,0.06253505007153076,0.32732474964234626
2091,0.83,5.215,0.06912732474964235,0.35937052932761093
2092,0.7,5.18375,0.05832331902718169,0.30443490701001436
2093,0.8625,5.1825,0.057499284692417746,0.2952789699570816
2094,0.97,5.19625,0.08084692417739629,0.421173104434907
2095,0.98,5.20375,0.08167095851216023,0.4234620886981402
2096,0.86,5.1875,0.06711301859799715,0.34792560801144495
2097,0.7275,5.20375,0.07498712446351932,0.3891273247496424
2098,0.9025,5.21125,0.07517024320457798,0.3891273247496424
2099,0.74,5.20125,0.07416309012875537,0.3868383404864092
2100,0.7625,5.20375,0.05814020028612304,0.30443490701001436
2101,0.6925,5.1825,0.0576824034334764,0.29985693848354794
2102,0.8,5.195,0.05621745350500716,0.2929899856938484
2103,0.7125,5.2,0.0683032904148784,0.3570815450643777
2104,0.7025,5.20375,0.05850643776824035,0.30443490701001436
2105,0.7475,5.205,0.06335908440629472,0.32961373390557946
2106,0.7725,5.2,0.05795708154506438,0.29985693848354794
2107,0.77,5.19125,0.06418311874105866,0.3341917024320458
2108,0.7625,5.19375,0.06354220314735337,0.3410586552217454
2109,0.965,5.185,0.09229184549356224,0.48068669527897
2110,0.8925,5.21,0.07434620886981402,0.3868383404864092
2111,0.7425,5.2025,0.06189413447782547,0.32274678111587984
2112,0.7325,5.2025,0.07462088698140201,0.3891273247496424
2113,0.7975,5.1875,0.06647210300429185,0.34563662374821175
2114,0.8825,5.2,0.07352217453505008,0.38226037195994284
2115,0.8625,5.18375,0.060612303290414886,0.3158798283261803
2116,0.7775,5.19375,0.06482403433476396,0.33648068669527903
2117,0.8,5.215,0.0666552217453505,0.34792560801144495
2118,0.705,5.2125,0.06418311874105866,0.3341917024320458
2119,2.0425,5.1125,0.17020886981402006,0.8698140200286124
2120,3.6425,5.0075,0.30351931330472104,1.5198855507868385
2121,4.58,4.9475,0.3291559370529328,1.6274678111587986
2122,5.0725,4.91125,0.4227296137339056,2.0783977110157372
2123,5.075,4.91375,0.4229127324749643,2.0783977110157372
2124,5.0625,4.91125,0.4237367668097282,2.08068669527897
2125,5.075,4.9125,0.4229127324749643,2.0783977110157372
2126,5.1,4.91,0.4250185979971388,2.0852646638054364
2127,5.0875,4.9125,0.4250185979971388,2.089842632331903
2128,5.0625,4.91125,0.4219055793991417,2.073819742489271
2129,5.0975,4.91,0.4248354792560802,2.0852646638054364
2130,5.0925,4.91125,0.42520171673819745,2.089842632331903
2131,5.115,4.91,0.4256595135908441,2.089842632331903
2132,5.13,4.90875,0.42749070100143066,2.101287553648069
2133,5.1125,4.9075,0.4268497854077254,2.0967095851216024
2134,5.13,4.9075,0.427307582260372,2.0967095851216024
2135,5.115,4.91,0.42620886981402006,2.0921316165951365
2136,5.13,4.90625,0.4279484978540773,2.101287553648069
2137,5.125,4.9075,0.4268497854077254,2.0967095851216024
2138,5.115,4.90875,0.42620886981402006,2.0921316165951365
2139,5.1,4.9075,0.42749070100143066,2.0967095851216024
2140,5.1275,4.90875,0.42520171673819745,2.089842632331903
2141,5.12,4.90875,0.4266666666666667,2.0921316165951365
2142,5.11,4.9075,0.4258426323319028,2.089842632331903
2143,5.1125,4.9075,0.4258426323319028,2.089842632331903
2144,5.125,4.90875,0.4271244635193133,2.0967095851216024
2145,5.1425,4.90625,0.42849785407725327,2.103576537911302
2146,5.115,4.9075,0.4266666666666667,2.0921316165951365
2147,5.1275,4.90625,0.427307582260372,2.0967095851216024
2148,5.125,4.9075,0.4271244635193133,2.0967095851216024
2149,5.125,4.90875,0.4271244635193133,2.0967095851216024
2150,5.145,4.9075,0.42877253218884126,2.103576537911302
2151,5.1375,4.9075,0.42813161659513593,2.101287553648069
2152,5.14,4.90625,0.42831473533619463,2.101287553648069
2153,5.145,4.9075,0.42877253218884126,2.103576537911302
2154,5.1425,4.9075,0.42849785407725327,2.103576537911302
2155,5.14,4.90625,0.427307582260372,2.0967095851216024
2156,5.15,4.90875,0.42913876967095854,2.1081545064377685
2157,5.1475,4.90625,0.4289556509298999,2.103576537911302
2158,5.1425,4.9075,0.42941344778254653,2.1081545064377685
2159,5.145,4.90625,0.42877253218884126,2.103576537911302
2160,5.1475,4.905,0.4289556509298999,2.103576537911302
2161,5.165,4.90625,0.42913876967095854,2.103576537911302
2162,5.1375,4.90375,0.42877253218884126,2.103576537911302
2163,5.1325,4.90625,0.4276738197424893,2.0967095851216024
2164,5.1375,4.9075,0.43087839771101577,2.115021459227468
2165,5.1475,4.9075,0.4289556509298999,2.103576537911302
2166,5.1525,4.90625,0.42941344778254653,2.1081545064377685
2167,5.165,4.905,0.427307582260372,2.0967095851216024
2168,5.1375,4.90625,0.42941344778254653,2.1081545064377685
2169,5.1525,4.90625,0.42941344778254653,2.1081545064377685
2170,5.145,4.9075,0.4302374821173105,2.1104434907010017
2171,5.1325,4.905,0.42913876967095854,2.103576537911302
2172,5.1425,4.9075,0.42849785407725327,2.103576537911302
2173,5.1575,4.90625,0.42977968526466387,2.1081545064377685
2174,5.1425,4.905,0.42941344778254653,2.1081545064377685
2175,4.68,4.9325,0.39004291845493566,1.9250357653791133
2176,4.75,4.92875,0.3958111587982833,1.9502145922746783
2177,4.7575,4.9275,0.40002288984263235,1.9731044349070102
2178,4.795,4.92875,0.3995650929899857,1.968526466380544
2179,4.785,4.92625,0.3987410586552218,1.9662374821173105
2180,4.7925,4.9275,0.3985579399141631,1.9662374821173105
2181,4.785,4.92875,0.3987410586552218,1.9662374821173105
2182,4.78,4.9275,0.39837482117310447,1.9616595135908441
2183,4.7925,4.92625,0.4008469241773963,1.9753934191702434
2184,4.7975,4.92625,0.3997482117310444,1.968526466380544
2185,4.7875,4.925,0.39892417739628044,1.9662374821173105
2186,4.7925,4.9275,0.39837482117310447,1.9616595135908441
2187,4.795,4.92625,0.3995650929899857,1.968526466380544
2188,4.8,4.925,0.40002288984263235,1.968526466380544
2189,4.7825,4.925,0.4003891273247497,1.9731044349070102
2190,4.785,4.92625,0.3987410586552218,1.9662374821173105
2191,4.81,4.9275,0.4008469241773963,1.9753934191702434
2192,4.805,4.92625,0.40020600858369104,1.9731044349070102
2193,4.815,4.92625,0.40148783977110164,1.9753934191702434
2194,4.7975,4.92625,0.3997482117310444,1.968526466380544
2195,4.8225,4.92625,0.4016709585121603,1.9799713876967096
2196,4.8075,4.92625,0.3997482117310444,1.968526466380544
2197,4.8125,4.925,0.40103004291845495,1.9753934191702434
2198,4.8025,4.92625,0.40103004291845495,1.9753934191702434
2199,4.815,4.925,0.3997482117310444,1.968526466380544
2200,4.7975,4.925,0.3997482117310444,1.968526466380544
2201,4.805,4.92625,0.40020600858369104,1.9731044349070102
2202,4.8175,4.92375,0.3995650929899857,1.968526466380544
2203,4.8125,4.92625,0.40103004291845495,1.9753934191702434
2204,4.815,4.92625,0.40121316165951365,1.9731044349070102
2205,4.8175,4.92625,0.40148783977110164,1.9753934191702434
2206,4.825,4.92625,0.4021287553648069,1.9799713876967096
2207,4.8175,4.92625,0.40148783977110164,1.9753934191702434
2208,4.8125,4.925,0.40121316165951365,1.9753934191702434
2209,4.8125,4.92625,0.40103004291845495,1.9753934191702434
2210,4.82,4.9275,0.4016709585121603,1.9799713876967096
2211,4.815,4.92375,0.40148783977110164,1.9753934191702434
2212,4.815,4.92625,0.40121316165951365,1.9753934191702434
2213,4.8225,4.9275,0.4018540772532189,1.9799713876967096
2214,4.8225,4.925,0.40121316165951365,1.9753934191702434
2215,4.8075,4.92625,0.40066380543633767,1.9731044349070102
2216,4.8225,4.92625,0.4018540772532189,1.9799713876967096
2217,4.8275,4.925,0.40002288984263235,1.968526466380544
2218,4.81,4.92625,0.4008469241773963,1.9753934191702434
2219,4.8175,4.925,0.40148783977110164,1.9753934191702434
2220,4.8225,4.925,0.4021287553648069,1.9799713876967096
2221,4.82,4.925,0.4016709585121603,1.9753934191702434
2222,4.815,4.925,0.40121316165951365,1.9753934191702434
2223,4.825,4.92625,0.4003891273247497,1.9731044349070102
2224,4.81,4.92625,0.4008469241773963,1.9753934191702434
2225,4.83,4.925,0.4024949928469242,1.9845493562231764
2226,4.82,4.925,0.40121316165951365,1.9753934191702434
2227,4.825,4.92375,0.4016709585121603,1.9753934191702434
2228,4.8275,4.92625,0.40231187410586555,1.9799713876967096
2229,4.8225,4.92625,0.40331902718168816,1.9868383404864094
2230,4.8275,4.925,0.4029527896995709,1.9845493562231764
2231,4.83,4.925,0.4024949928469242,1.9845493562231764
2232,4.825,4.92625,0.40066380543633767,1.9731044349070102
2233,4.8075,4.925,0.4021287553648069,1.9799713876967096
2234,4.82,4.92625,0.4016709585121603,1.9799713876967096
2235,4.8225,4.92375,0.40066380543633767,1.9731044349070102
2236,4.82,4.92625,0.4037768240343348,1.9868383404864094
2237,4.825,4.925,0.4021287553648069,1.9799713876967096
2238,4.835,4.925,0.4029527896995709,1.9845493562231764
2239,4.815,4.92625,0.4018540772532189,1.9799713876967096
2240,4.83,4.92375,0.4024949928469242,1.9799713876967096
2241,4.835,4.925,0.4029527896995709,1.9845493562231764
2242,4.825,4.92625,0.4024949928469242,1.9845493562231764
2243,4.8225,4.925,0.4018540772532189,1.9799713876967096
2244,4.8275,4.925,0.40231187410586555,1.9799713876967096
2245,4.825,4.92625,0.4016709585121603,1.9799713876967096
2246,4.6425,4.925,0.3868383404864092,1.9044349070100146
2247,4.8325,4.925,0.4026781115879829,1.9845493562231764
2248,4.815,4.9275,0.4024949928469242,1.9845493562231764
2249,4.8125,4.92375,0.40103004291845495,1.9753934191702434
2250,4.815,4.92625,0.40121316165951365,1.9753934191702434
2251,4.8025,4.92375,0.4024949928469242,1.9799713876967096
2252,4.8275,4.92375,0.40231187410586555,1.9799713876967096
2253,4.8075,4.925,0.40066380543633767,1.9731044349070102
2254,4.8225,4.925,0.4024949928469242,1.9845493562231764
2255,4.815,4.925,0.40121316165951365,1.9753934191702434
2256,4.8225,4.92375,0.4018540772532189,1.9799713876967096
2257,4.8275,4.925,0.4031359084406295,1.9845493562231764
2258,4.825,4.92375,0.4026781115879829,1.9845493562231764
2259,4.81,4.925,0.4008469241773963,1.9731044349070102
2260,4.8275,4.925,0.40066380543633767,1.9731044349070102
2261,4.8425,4.925,0.40121316165951365,1.9753934191702434
2262,4.8225,4.92625,0.4018540772532189,1.9799713876967096
2263,4.8325,4.925,0.40020600858369104,1.9731044349070102
2264,4.84,4.925,0.4029527896995709,1.9845493562231764
2265,4.8275,4.925,0.40231187410586555,1.9799713876967096
2266,4.8275,4.92625,0.4031359084406295,1.9868383404864094
2267,4.8075,4.92625,0.4021287553648069,1.9799713876967096
2268,4.8425,4.92375,0.4035021459227468,1.9868383404864094
2269,4.8325,4.925,0.4026781115879829,1.9753934191702434
2270,4.82,4.92625,0.4016709585121603,1.9799713876967096
2271,4.8225,4.925,0.4018540772532189,1.9799713876967096
2272,4.8225,4.925,0.4018540772532189,1.9799713876967096
2273,4.845,4.925,0.40121316165951365,1.9753934191702434
2274,4.8225,4.92375,0.4018540772532189,1.9799713876967096
2275,4.865,4.925,0.4054248927038627,1.995994277539342
2276,4.84,4.925,0.4024949928469242,1.9845493562231764
2277,4.82,4.92625,0.4016709585121603,1.9799713876967096
2278,4.8275,4.925,0.40231187410586555,1.9799713876967096
2279,4.8125,4.925,0.4024949928469242,1.9845493562231764
2280,4.8125,4.92375,0.40103004291845495,1.9753934191702434
2281,4.83,4.9275,0.4024949928469242,1.9845493562231764
2282,4.825,4.92625,0.4026781115879829,1.9845493562231764
2283,4.835,4.92375,0.4029527896995709,1.9845493562231764
2284,4.825,4.92625,0.4021287553648069,1.9799713876967096
2285,4.8275,4.925,0.4018540772532189,1.9799713876967096
2286,4.8175,4.925,0.40148783977110164,1.9753934191702434
2287,4.825,4.925,0.4021287553648069,1.9799713876967096
2288,4.825,4.925,0.4021287553648069,1.9799713876967096
2289,4.8325,4.925,0.4026781115879829,1.9845493562231764
2290,4.8325,4.925,0.4026781115879829,1.9845493562231764
2291,4.8,4.925,0.4024949928469242,1.9845493562231764
2292,4.8275,4.92375,0.4035021459227468,1.9868383404864094
2293,4.8325,4.925,0.4026781115879829,1.9845493562231764
2294,4.8225,4.92625,0.4018540772532189,1.9799713876967096
2295,4.8325,4.925,0.40331902718168816,1.9868383404864094
2296,4.805,4.92625,0.4003891273247497,1.9731044349070102
2297,4.805,4.92625,0.4024949928469242,1.9845493562231764
2298,4.825,4.92375,0.40231187410586555,1.9799713876967096
2299,4.8225,4.92375,0.4018540772532189,1.9799713876967096
2300,4.835,4.925,0.4024949928469242,1.9845493562231764
2301,4.8425,4.92625,0.40148783977110164,1.9753934191702434
2302,4.85,4.925,0.40414306151645213,1.9914163090128758
2303,4.8325,4.925,0.4026781115879829,1.9845493562231764
2304,4.825,4.92375,0.4016709585121603,1.9753934191702434
2305,4.82,4.92375,0.4016709585121603,1.9753934191702434
2306,4.825,4.92625,0.4021287553648069,1.9799713876967096
2307,4.815,4.925,0.4016709585121603,1.9753934191702434
2308,4.845,4.925,0.4037768240343348,1.9868383404864094
2309,4.8225,4.92625,0.4018540772532189,1.9799713876967096
2310,4.82,4.925,0.4026781115879829,1.9845493562231764
2311,4.82,4.925,0.4016709585121603,1.9753934191702434
2312,4.81,4.92625,0.4008469241773963,1.9753934191702434
2313,4.8225,4.92375,0.4031359084406295,1.9845493562231764
2314,4.83,4.92375,0.4024949928469242,1.9799713876967096
2315,4.8275,4.925,0.40231187410586555,1.9799713876967096
2316,4.82,4.92375,0.40231187410586555,1.9799713876967096
2317,4.85,4.925,0.40414306151645213,1.9914163090128758
2318,4.8425,4.925,0.4035021459227468,1.9868383404864094
2319,4.8275,4.92375,0.40148783977110164,1.9753934191702434
2320,4.82,4.925,0.4016709585121603,1.9753934191702434
2321,4.8225,4.92375,0.4018540772532189,1.9799713876967096
2322,4.8225,4.92625,0.40331902718168816,1.9868383404864094
2323,4.8175,4.925,0.40066380543633767,1.9731044349070102
2324,4.8275,4.92625,0.40231187410586555,1.9799713876967096
2325,4.8275,4.925,0.4021287553648069,1.9799713876967096
2326,4.83,4.925,0.40121316165951365,1.9753934191702434
2327,4.835,4.92625,0.4029527896995709,1.9845493562231764
2328,4.84,4.92375,0.4029527896995709,1.9845493562231764
2329,4.835,4.92375,0.4021287553648069,1.9799713876967096
2330,4.8325,4.92625,0.4026781115879829,1.9845493562231764
2331,4.7825,4.92625,0.3974592274678112,1.9570815450643777
2332,1.665,5.14,0.12314735336194566,0.6340486409155938
2333,1.3575,5.17125,0.11316738197424894,0.5859799713876968
2334,1.8025,5.12875,0.15024892703862663,0.7736766809728184
2335,1.3525,5.1675,0.1223233190271817,0.6340486409155938
2336,1.305,5.14375,0.10877253218884121,0.5585121602288985
2337,1.4325,5.14,0.11939341917024322,0.6157367668097282
2338,1.47,5.14125,0.11170243204577969,0.5745350500715308
2339,1.305,5.16,0.10877253218884121,0.5630901287553648
2340,1.495,5.16125,0.1246123032904149,0.6409155937052933
2341,2.5925,5.065,0.20024034334763952,1.0117310443490701
2342,1.4025,5.15,0.11682975679542204,0.5997138769670959
2343,1.495,5.14875,0.1246123032904149,0.6409155937052933
2344,1.4,5.15625,0.11399141630901288,0.58826895565093
2345,1.3525,5.1575,0.1127095851216023,0.5814020028612304
2346,1.2325,5.16875,0.10272961373390559,0.5333333333333334
2347,1.2475,5.16375,0.10565951359084408,0.5447782546494994
2348,1.275,5.165,0.10620886981402004,0.5470672389127326
2349,1.3725,5.1475,0.11435765379113019,0.58826895565093
2350,1.2825,5.1625,0.10767381974248928,0.5539341917024321
2351,1.285,5.16375,0.10712446351931332,0.5516452074391989
2352,1.295,5.16375,0.10794849785407726,0.5585121602288985
2353,1.285,5.1625,0.10913876967095852,0.5630901287553648
2354,1.2975,5.16125,0.11170243204577969,0.576824034334764
2355,1.2625,5.1625,0.10520171673819743,0.5447782546494994
2356,1.14,5.18,0.10941344778254651,0.5653791130185981
2357,1.24,5.16375,0.10767381974248928,0.5539341917024321
2358,1.27,5.15,0.10584263233190273,0.5447782546494994
2359,1.16,5.17625,0.11142775393419171,0.576824034334764
2360,1.3475,5.15125,0.101447782546495,0.5218884120171675
2361,1.1575,5.15,0.0965035765379113,0.4989985693848355
2362,1.1475,5.17875,0.10959656652360517,0.5653791130185981
2363,1.22,5.165,0.10996280400572248,0.5653791130185981
2364,1.205,5.14875,0.1004406294706724,0.517310443490701
2365,1.235,5.17125,0.10291273247496424,0.6042918454935623
2366,1.37,5.15125,0.10941344778254651,0.5630901287553648
2367,1.1975,5.1525,0.09979971387696711,0.5127324749642347
2368,1.2875,5.17625,0.10730758226037197,0.5539341917024321
2369,1.37,5.1475,0.1030958512160229,0.5333333333333334
2370,1.16,5.1675,0.09668669527896996,0.4989985693848355
2371,1.2,5.17,0.09998283261802576,0.517310443490701
2372,1.305,5.16,0.10684978540772533,0.5516452074391989
2373,1.22,5.1525,0.10163090128755366,0.5241773962804006
2374,0.825,5.195,0.06876108726752504,0.3570815450643777
2375,0.8375,5.185,0.06189413447782547,0.32274678111587984
2376,0.7075,5.18625,0.058964234620886985,0.30672389127324756
2377,0.9025,5.20375,0.07517024320457798,0.3891273247496424
2378,0.955,5.17875,0.05978826895565094,0.3113018597997139
2379,0.835,5.1875,0.069585121602289,0.35937052932761093
2380,0.8025,5.18375,0.06683834048640916,0.34563662374821175
2381,0.865,5.18875,0.06354220314735337,0.32961373390557946
2382,0.815,5.2025,0.06793705293276109,0.35250357653791137
2383,0.8325,5.205,0.06940200286123034,0.35937052932761093
2384,0.8625,5.185,0.0683032904148784,0.35250357653791137
2385,0.845,5.20125,0.07040915593705294,0.36852646638054365
2386,0.8025,5.21125,0.06683834048640916,0.34792560801144495
2387,0.7975,5.18625,0.07517024320457798,0.3891273247496424
2388,0.715,5.21,0.07141630901287555,0.37081545064377686
2389,0.685,5.18625,0.05704148783977111,0.2952789699570816
2390,0.8075,5.195,0.061711015736766815,0.3181688125894135
2391,0.7925,5.19125,0.06482403433476396,0.33648068669527903
2392,0.8475,5.2125,0.07059227467811159,0.36852646638054365
2393,0.715,5.21125,0.07581115879828328,0.3937052932761088
2394,0.75,5.20875,0.06812017167381974,0.3570815450643777
2395,0.91,5.2075,0.07581115879828328,0.3937052932761088
2396,0.9125,5.18,0.061711015736766815,0.3181688125894135
2397,0.9775,5.1725,0.07004291845493563,0.3639484978540773
2398,0.835,5.1875,0.069585121602289,0.35937052932761093
2399,0.7925,5.20375,0.06601430615164522,0.3410586552217454
2400,0.9175,5.18375,0.05795708154506438,0.29985693848354794
2401,0.835,5.19875,0.069585121602289,0.35937052932761093
2402,0.8675,5.2125,0.07233190271816882,0.3776824034334764
2403,0.705,5.2025,0.07086695278969958,0.36852646638054365
2404,0.775,5.21125,0.06454935622317597,0.33648068669527903
2405,0.685,5.19125,0.05704148783977111,0.2952789699570816
2406,0.8225,5.18375,0.07352217453505008,0.38226037195994284
2407,0.8925,5.20125,0.07434620886981402,0.3868383404864092
2408,0.8625,5.2025,0.07187410586552218,0.37539341917024327
2409,0.8425,5.18625,0.0683032904148784,0.35250357653791137
2410,0.7575,5.18,0.06308440629470673,0.32732474964234626
2411,0.8075,5.185,0.0672961373390558,0.34792560801144495
2412,0.7675,5.2075,0.07288125894134478,0.3776824034334764
2413,0.785,5.19625,0.06537339055793992,0.3410586552217454
2414,0.7625,5.20125,0.06354220314735337,0.32961373390557946
2415,0.7,5.20875,0.07352217453505008,0.38226037195994284
2416,0.8725,5.20875,0.07269814020028613,0.3776824034334764
2417,0.7975,5.21125,0.06647210300429185,0.34563662374821175
2418,0.685,5.2075,0.0762689556509299,0.3982832618025752
2419,0.71,5.21375,0.06857796852646639,0.3570815450643777
2420,0.7175,5.1825,0.05978826895565094,0.3113018597997139
2421,0.8475,5.18625,0.056858369098712454,0.2952789699570816
2422,0.8375,5.18625,0.0672961373390558,0.34792560801144495
2423,0.8425,5.2125,0.07022603719599428,0.36852646638054365
2424,0.8125,5.205,0.059605150214592284,0.3113018597997139
2425,0.7625,5.1975,0.07397997138769671,0.3868383404864092
2426,0.8475,5.19125,0.07059227467811159,0.36852646638054365
2427,0.875,5.18625,0.060246065808297576,0.3113018597997139
2428,0.9325,5.17375,0.06354220314735337,0.32961373390557946
2429,0.895,5.18375,0.07462088698140201,0.3868383404864092
2430,0.7425,5.205,0.06189413447782547,0.3158798283261803
2431,0.7775,5.1925,0.06564806866952791,0.3410586552217454
2432,0.83,5.21375,0.06912732474964235,0.35937052932761093
2433,0.7375,5.20125,0.06143633762517883,0.3181688125894135
2434,0.715,5.20875,0.07141630901287555,0.37081545064377686
2435,0.7075,5.1825,0.058964234620886985,0.30443490701001436
2436,0.85,5.2025,0.07086695278969958,0.36852646638054365
2437,0.71,5.20125,0.07086695278969958,0.36852646638054365
2438,0.8525,5.21375,0.07105007153075824,0.37081545064377686
2439,1.6075,5.1375,0.1339513590844063,0.6889842632331903
2440,1.5725,5.11625,0.17332188841201718,0.8858369098712447
2441,2.0725,5.13375,0.17268097281831188,0.8858369098712447
2442,0.955,5.205,0.07956509298998571,0.4120171673819743
2443,0.92,5.18,0.062077253218884125,0.32274678111587984
2444,0.72,5.18875,0.059971387696709594,0.3113018597997139
2445,0.72,5.18875,0.059971387696709594,0.3113018597997139
2446,0.725,5.21,0.07517024320457798,0.3891273247496424
2447,0.765,5.21125,0.06372532188841203,0.3341917024320458
2448,0.755,5.18625,0.06290128755364807,0.32732474964234626
2449,0.7975,5.19125,0.06519027181688127,0.33648068669527903
2450,0.7075,5.21375,0.0666552217453505,0.34792560801144495
2451,0.745,5.1875,0.062077253218884125,0.32274678111587984
2452,0.825,5.18625,0.06308440629470673,0.32732474964234626
2453,0.6925,5.20375,0.07059227467811159,0.36852646638054365
2454,0.765,5.21,0.06372532188841203,0.3341917024320458
2455,0.835,5.19375,0.06125321888412018,0.3181688125894135
2456,0.745,5.20625,0.08331902718168814,0.4349070100143062
2457,0.85,5.21,0.07086695278969958,0.36852646638054365
2458,0.91,5.17875,0.06482403433476396,0.33648068669527903
2459,0.9,5.18125,0.06107010014306152,0.3158798283261803
2460,0.7775,5.1875,0.06482403433476396,0.33648068669527903
2461,0.865,5.1825,0.07205722460658083,0.29985693848354794
2462,0.8425,5.185,0.06876108726752504,0.3570815450643777
2463,0.8175,5.19625,0.06812017167381974,0.35250357653791137
2464,0.8575,5.2125,0.07141630901287555,0.37081545064377686
2465,0.68,5.20875,0.07352217453505008,0.38226037195994284
2466,0.695,5.19875,0.05795708154506438,0.29985693848354794
2467,0.7725,5.19,0.06436623748211731,0.3341917024320458
2468,0.85,5.1875,0.06079542203147354,0.3158798283261803
2469,0.8225,5.19625,0.06857796852646639,0.3570815450643777
2470,0.885,5.1975,0.07370529327610874,0.38226037195994284
2471,0.905,5.18,0.062077253218884125,0.32274678111587984
2472,0.735,5.18,0.06125321888412018,0.3181688125894135
2473,0.75,5.18,0.06253505007153076,0.32274678111587984
2474,0.88,5.185,0.060246065808297576,0.3113018597997139
2475,0.715,5.18375,0.059605150214592284,0.30672389127324756
2476,0.875,5.20875,0.07288125894134478,0.3776824034334764
2477,0.69,5.20625,0.07416309012875537,0.3868383404864092
2478,0.7925,5.1825,0.06601430615164522,0.3410586552217454
2479,0.82,5.19625,0.0683032904148784,0.3570815450643777
2480,0.77,5.19375,0.06583118741058656,0.3410586552217454
2481,0.8175,5.2125,0.06812017167381974,0.3570815450643777
2482,0.69,5.1825,0.057499284692417746,0.2952789699570816
2483,0.76,5.20375,0.059330472103004295,0.30672389127324756
2484,0.8575,5.1825,0.059330472103004295,0.30672389127324756
2485,0.7775,5.1825,0.06482403433476396,0.33648068669527903
2486,0.9375,5.1775,0.06747925608011446,0.34792560801144495
2487,0.78,5.19625,0.07251502145922747,0.37539341917024327
2488,0.96,5.2025,0.08002288984263234,0.41659513590844066
2489,0.8125,5.1975,0.06290128755364807,0.32732474964234626
2490,0.8225,5.1925,0.05621745350500716,0.2929899856938484
2491,0.7525,5.1875,0.06271816881258942,0.32732474964234626
2492,0.885,5.18125,0.05978826895565094,0.3113018597997139
2493,0.78,5.19125,0.07462088698140201,0.3868383404864092
2494,0.7,5.2,0.05832331902718169,0.30443490701001436
2495,0.72,5.20875,0.059971387696709594,0.3113018597997139
2496,0.7575,5.19625,0.07086695278969958,0.36852646638054365
2497,0.8275,5.2125,0.0689442060085837,0.35937052932761093
2498,0.6775,5.19125,0.056492131616595144,0.2929899856938484
2499,0.8225,5.19125,0.0566752503576538,0.2929899856938484
2500,0.7675,5.19375,0.064,0.3341917024320458
2501,0.7275,5.18125,0.060612303290414886,0.3158798283261803
2502,0.7875,5.20375,0.06354220314735337,0.32961373390557946
2503,0.7725,5.20375,0.06436623748211731,0.3341917024320458
2504,0.7175,5.18625,0.05978826895565094,0.3113018597997139
2505,0.7,5.21375,0.06857796852646639,0.3570815450643777
2506,1.2575,5.155,0.10483547925608012,0.540200286123033
2507,0.75,5.19875,0.06253505007153076,0.32732474964234626
2508,0.7275,5.21125,0.07333905579399143,0.38226037195994284
2509,0.735,5.19625,0.06125321888412018,0.3181688125894135
2510,0.725,5.1925,0.06042918454935623,0.3158798283261803
2511,0.8125,5.1925,0.08103004291845495,0.421173104434907
2512,0.76,5.20875,0.06335908440629472,0.32961373390557946
2513,0.6775,5.18875,0.056492131616595144,0.2929899856938484
2514,0.865,5.185,0.05731616595135909,0.2952789699570816
2515,0.7475,5.21,0.07233190271816882,0.37539341917024327
2516,0.765,5.2025,0.06372532188841203,0.32961373390557946
2517,0.7725,5.195,0.07251502145922747,0.37539341917024327
2518,0.72,5.2075,0.07562804005722461,0.3937052932761088
2519,0.7325,5.19375,0.06107010014306152,0.3181688125894135
2520,0.6975,5.205,0.07205722460658083,0.37539341917024327
2521,0.795,5.19625,0.057499284692417746,0.29985693848354794
2522,0.735,5.18375,0.06125321888412018,0.3181688125894135
2523,0.87,5.18125,0.05795708154506438,0.29985693848354794
2524,0.75,5.19625,0.06775393419170243,0.35250357653791137
2525,0.7725,5.21,0.06436623748211731,0.3341917024320458
2526,0.73,5.20875,0.06079542203147354,0.3341917024320458
2527,0.865,5.1825,0.057499284692417746,0.2952789699570816
2528,0.7975,5.19375,0.06647210300429185,0.34563662374821175
2529,0.83,5.19875,0.06912732474964235,0.35937052932761093
2530,0.755,5.2075,0.06775393419170243,0.35250357653791137
2531,0.7375,5.19625,0.06143633762517883,0.3181688125894135
2532,0.755,5.1975,0.06290128755364807,0.32732474964234626
2533,0.725,5.21,0.07462088698140201,0.3891273247496424
2534,0.8275,5.2075,0.0689442060085837,0.35937052932761093
2535,0.68,5.18875,0.0566752503576538,0.2929899856938484
2536,0.715,5.21125,0.06793705293276109,0.35250357653791137
2537,0.6975,5.2,0.05814020028612304,0.30443490701001436
2538,0.825,5.1975,0.06876108726752504,0.3570815450643777
2539,0.7875,5.1925,0.06418311874105866,0.3341917024320458
2540,0.775,5.20875,0.06454935622317597,0.33648068669527903
2541,0.69,5.18375,0.057499284692417746,0.2952789699570816
2542,0.795,5.1975,0.05731616595135909,0.2952789699570816
2543,0.77,5.19,0.06418311874105866,0.3341917024320458
2544,0.865,5.20625,0.07205722460658083,0.37539341917024327
2545,0.8875,5.1825,0.060246065808297576,0.3113018597997139
2546,0.7275,5.18375,0.060612303290414886,0.3158798283261803
2547,0.7275,5.18,0.060612303290414886,0.3158798283261803
2548,0.8075,5.19875,0.061711015736766815,0.32274678111587984
2549,0.765,5.205,0.06647210300429185,0.34563662374821175
2550,0.6775,5.18875,0.056492131616595144,0.2929899856938484
2551,0.815,5.1925,0.05704148783977111,0.2952789699570816
2552,0.7725,5.19375,0.0666552217453505,0.34563662374821175
2553,0.855,5.21375,0.07123319027181689,0.37081545064377686
2554,0.725,5.21,0.062077253218884125,0.32274678111587984
2555,0.8325,5.18625,0.06189413447782547,0.32274678111587984
2556,1.0075,5.2,0.08395994277539343,0.4349070100143062
2557,0.845,5.1875,0.056858369098712454,0.2952789699570816
2558,0.7675,5.19375,0.06683834048640916,0.34792560801144495
2559,0.81,5.2125,0.06747925608011446,0.35250357653791137
2560,0.9475,5.17875,0.07892417739628041,0.4120171673819743
2561,0.8875,5.18375,0.060612303290414886,0.3158798283261803
2562,0.745,5.17875,0.062077253218884125,0.32274678111587984
2563,0.7675,5.18,0.064,0.32961373390557946
2564,0.7725,5.20625,0.07004291845493563,0.3639484978540773
2565,0.75,5.2075,0.06253505007153076,0.32732474964234626
2566,0.7,5.1825,0.05832331902718169,0.30443490701001436
2567,0.765,5.19375,0.06583118741058656,0.3410586552217454
2568,0.695,5.1975,0.05795708154506438,0.29985693848354794
2569,0.73,5.18125,0.06079542203147354,0.3158798283261803
2570,0.795,5.19625,0.057499284692417746,0.29985693848354794
2571,0.7875,5.1925,0.06564806866952791,0.3410586552217454
2572,0.7425,5.20875,0.06189413447782547,0.32274678111587984
2573,0.69,5.21375,0.07059227467811159,0.36852646638054365
2574,0.6975,5.1825,0.05814020028612304,0.29985693848354794
2575,0.7725,5.19375,0.06436623748211731,0.3341917024320458
2576,0.7475,5.2,0.07480400572246067,0.3891273247496424
2577,0.815,5.18875,0.06793705293276109,0.35250357653791137
2578,0.895,5.19875,0.07462088698140201,0.3868383404864092
2579,0.8925,5.1825,0.060612303290414886,0.3158798283261803
2580,0.8475,5.19,0.0576824034334764,0.29985693848354794
2581,0.7625,5.18625,0.06354220314735337,0.32961373390557946
2582,0.865,5.18375,0.05731616595135909,0.2952789699570816
2583,0.745,5.19875,0.06812017167381974,0.35250357653791137
2584,0.86,5.21125,0.07169098712446352,0.37539341917024327
2585,0.6925,5.20375,0.07187410586552218,0.37539341917024327
2586,0.75,5.205,0.059605150214592284,0.3113018597997139
2587,0.71,5.1825,0.05914735336194564,0.30672389127324756
2588,0.875,5.1825,0.05878111587982833,0.30443490701001436
2589,0.7175,5.21,0.06308440629470673,0.32961373390557946
2590,0.78,5.17625,0.06500715307582261,0.33648068669527903
2591,0.7775,5.20375,0.06482403433476396,0.3341917024320458
2592,0.915,5.18,0.060612303290414886,0.3158798283261803
2593,0.8525,5.1825,0.07105007153075824,0.36852646638054365
2594,0.8825,5.2,0.07352217453505008,0.38226037195994284
2595,0.815,5.18875,0.06454935622317597,0.3341917024320458
2596,0.86,5.21375,0.07169098712446352,0.37539341917024327
2597,0.7325,5.185,0.06107010014306152,0.3158798283261803
2598,0.7525,5.19625,0.06711301859799715,0.34792560801144495
2599,0.8375,5.21125,0.06976824034334765,0.3639484978540773
2600,0.6775,5.19,0.056492131616595144,0.2929899856938484
2601,0.735,5.20625,0.06189413447782547,0.32274678111587984
2602,0.8,5.19375,0.0666552217453505,0.34563662374821175
2603,0.8525,5.21375,0.07105007153075824,0.37081545064377686
2604,0.6875,5.21375,0.07059227467811159,0.36852646638054365
2605,0.8675,5.21,0.07233190271816882,0.37539341917024327
2606,0.77,5.19375,0.06418311874105866,0.3341917024320458
2607,0.8825,5.1825,0.06418311874105866,0.3341917024320458
2608,0.8225,5.19,0.06857796852646639,0.3570815450643777
2609,0.885,5.19875,0.07370529327610874,0.38226037195994284
2610,0.7425,5.2,0.06940200286123034,0.35937052932761093
2611,0.8575,5.20375,0.07141630901287555,0.37081545064377686
2612,0.73,5.2075,0.06079542203147354,0.3158798283261803
2613,0.8025,5.1975,0.05704148783977111,0.2952789699570816
2614,0.77,5.195,0.0666552217453505,0.34563662374821175
2615,0.78,5.21125,0.06500715307582261,0.33648068669527903
2616,0.7,5.2125,0.06647210300429185,0.34563662374821175
2617,0.8575,5.185,0.06079542203147354,0.3158798283261803
2618,0.85,5.2125,0.07086695278969958,0.36852646638054365
2619,0.6775,5.20875,0.07251502145922747,0.3776824034334764
2620,0.745,5.2025,0.07544492131616595,0.3937052932761088
2621,0.9075,5.2075,0.07562804005722461,0.3937052932761088
2622,0.7425,5.20125,0.07462088698140201,0.3868383404864092
2623,0.725,5.2125,0.07462088698140201,0.3891273247496424
2624,0.8725,5.19625,0.07269814020028613,0.3776824034334764
2625,0.84,5.185,0.07004291845493563,0.2929899856938484
2626,0.685,5.20625,0.07233190271816882,0.37539341917024327
2627,0.7675,5.20875,0.064,0.3341917024320458
2628,0.725,5.18375,0.06042918454935623,0.3158798283261803
2629,0.8475,5.1825,0.058964234620886985,0.30443490701001436
2630,0.8625,5.21125,0.07187410586552218,0.37539341917024327
2631,0.6825,5.1925,0.056858369098712454,0.2952789699570816
2632,0.7575,5.20375,0.059330472103004295,0.30672389127324756
2633,0.7125,5.1825,0.059330472103004295,0.30672389127324756
2634,0.87,5.2075,0.07251502145922747,0.3776824034334764
2635,0.8975,5.1825,0.06372532188841203,0.32961373390557946
2636,0.84,5.19,0.07004291845493563,0.3639484978540773
2637,0.9075,5.1975,0.07562804005722461,0.3937052932761088
2638,0.8975,5.18375,0.059971387696709594,0.3113018597997139
2639,0.725,5.18375,0.06042918454935623,0.3158798283261803
2640,0.7525,5.2025,0.06271816881258942,0.32732474964234626
2641,0.7625,5.2025,0.059605150214592284,0.3113018597997139
2642,0.74,5.18625,0.061711015736766815,0.3181688125894135
2643,0.8725,5.21,0.07269814020028613,0.3776824034334764
2644,0.6825,5.2075,0.07251502145922747,0.3776824034334764
2645,0.745,5.205,0.06079542203147354,0.3158798283261803
2646,0.87,5.2075,0.07251502145922747,0.3776824034334764
2647,0.73,5.2,0.06976824034334765,0.3639484978540773
2648,0.8025,5.19375,0.05704148783977111,0.2952789699570816
2649,0.825,5.19625,0.06876108726752504,0.3570815450643777
2650,0.8725,5.1875,0.06335908440629472,0.32961373390557946
2651,0.91,5.18,0.06226037195994278,0.32274678111587984
2652,0.8275,5.1875,0.0689442060085837,0.3570815450643777
2653,0.895,5.18,0.06226037195994278,0.32274678111587984
2654,0.8825,5.18125,0.06436623748211731,0.3341917024320458
2655,0.755,5.18875,0.06290128755364807,0.32732474964234626
2656,0.8125,5.1875,0.06308440629470673,0.32732474964234626
2657,0.8575,5.18375,0.06308440629470673,0.32732474964234626
2658,0.865,5.20625,0.07205722460658083,0.37539341917024327
2659,0.835,5.2125,0.069585121602289,0.3639484978540773
2660,0.7825,5.1975,0.0785579399141631,0.4097281831187411
2661,0.8225,5.2125,0.06857796852646639,0.3570815450643777
2662,0.7275,5.185,0.060612303290414886,0.3158798283261803
2663,0.86,5.1825,0.05914735336194564,0.30672389127324756
2664,0.86,5.2075,0.07169098712446352,0.37539341917024327
2665,0.91,5.205,0.07581115879828328,0.3937052932761088
2666,0.8975,5.17875,0.062077253218884125,0.32274678111587984
2667,0.755,5.17875,0.06290128755364807,0.32732474964234626
2668,0.8475,5.19125,0.07059227467811159,0.36852646638054365
2669,0.88,5.185,0.060246065808297576,0.3113018597997139
2670,0.795,5.195,0.0662889842632332,0.34563662374821175
2671,0.7725,5.21125,0.06436623748211731,0.3341917024320458
2672,0.735,5.2075,0.060612303290414886,0.3158798283261803
2673,0.7575,5.1875,0.06308440629470673,0.32732474964234626
2674,0.8175,5.2125,0.06812017167381974,0.3570815450643777
2675,0.69,5.2125,0.06912732474964235,0.35937052932761093
2676,0.6825,5.19625,0.056858369098712454,0.2952789699570816
2677,0.8625,5.20125,0.07187410586552218,0.37539341917024327
2678,0.7175,5.19875,0.07352217453505008,0.38226037195994284
2679,0.7225,5.20875,0.061711015736766815,0.32274678111587984
2680,0.805,5.20625,0.06711301859799715,0.34792560801144495
2681,0.875,5.1825,0.06583118741058656,0.3410586552217454
2682,0.8575,5.185,0.06683834048640916,0.34563662374821175
2683,0.855,5.195,0.07123319027181689,0.37081545064377686
2684,0.9125,5.18,0.060612303290414886,0.3158798283261803
2685,0.75,5.19625,0.07773390557939915,0.40515021459227474
2686,0.895,5.20625,0.07462088698140201,0.3891273247496424
2687,0.685,5.2075,0.07562804005722461,0.3937052932761088
2688,0.76,5.2025,0.05814020028612304,0.30443490701001436
2689,0.7425,5.185,0.06189413447782547,0.32274678111587984
2690,0.755,5.19625,0.06290128755364807,0.34563662374821175
2691,0.6875,5.2125,0.07086695278969958,0.36852646638054365
2692,0.6975,5.1825,0.05814020028612304,0.29985693848354794
2693,0.815,5.195,0.06793705293276109,0.35250357653791137
2694,0.765,5.19375,0.07315593705293277,0.3776824034334764
2695,0.7875,5.18375,0.06564806866952791,0.3410586552217454
2696,0.8575,5.195,0.07141630901287555,0.37081545064377686
2697,0.9125,5.17625,0.06271816881258942,0.32732474964234626
2698,0.7675,5.18125,0.064,0.32961373390557946
2699,0.8475,5.1925,0.07059227467811159,0.36852646638054365
2700,0.8675,5.18125,0.0576824034334764,0.29985693848354794
2701,0.8075,5.19625,0.0672961373390558,0.34792560801144495
2702,0.745,5.2075,0.062077253218884125,0.32274678111587984
2703,0.7675,5.20125,0.059330472103004295,0.30672389127324756
2704,0.7725,5.19125,0.06436623748211731,0.3341917024320458
2705,0.68,5.195,0.0566752503576538,0.2952789699570816
2706,0.7825,5.2,0.05795708154506438,0.29985693848354794
2707,0.7225,5.19125,0.060246065808297576,0.3113018597997139
2708,0.865,5.21,0.07205722460658083,0.37539341917024327
2709,0.685,5.2075,0.07709298998569386,0.4005722460658083
2710,1.235,5.17,0.11353361945636625,0.58826895565093
2711,0.765,5.18,0.06372532188841203,0.32961373390557946
2712,0.79,5.20125,0.06308440629470673,0.32732474964234626
2713,0.8125,5.1975,0.06107010014306152,0.3181688125894135
2714,0.715,5.18875,0.059605150214592284,0.30672389127324756
2715,0.72,5.21,0.06354220314735337,0.32961373390557946
2716,0.8425,5.185,0.06079542203147354,0.3158798283261803
2717,0.87,5.205,0.07251502145922747,0.3776824034334764
2718,0.7875,5.19,0.064,0.3341917024320458
2719,0.695,5.2125,0.0683032904148784,0.3570815450643777
2720,0.7275,5.20625,0.060612303290414886,0.3158798283261803
2721,0.8225,5.19125,0.059605150214592284,0.3113018597997139
2722,0.81,5.19,0.064,0.3341917024320458
2723,0.84,5.2125,0.07004291845493563,0.3639484978540773
2724,0.68,5.18625,0.0566752503576538,0.2929899856938484
2725,0.72,5.20875,0.07480400572246067,0.3891273247496424
2726,0.8875,5.2125,0.07397997138769671,0.3868383404864092
2727,0.725,5.19375,0.06042918454935623,0.3158798283261803
2728,0.72,5.21,0.07498712446351932,0.3891273247496424
2729,0.8525,5.19375,0.07105007153075824,0.36852646638054365
2730,0.8475,5.215,0.07059227467811159,0.36852646638054365
2731,0.6825,5.21375,0.07498712446351932,0.3891273247496424
2732,0.7,5.2,0.05832331902718169,0.30443490701001436
2733,0.78,5.19125,0.06500715307582261,0.33648068669527903
2734,0.8675,5.1825,0.05914735336194564,0.30672389127324756
2735,0.86,5.2075,0.07169098712446352,0.37539341917024327
2736,0.7725,5.21,0.06436623748211731,0.3341917024320458
2737,0.78,5.19875,0.06335908440629472,0.32961373390557946
2738,0.7575,5.18875,0.06308440629470673,0.32732474964234626
2739,0.85,5.21375,0.07086695278969958,0.37081545064377686
2740,0.855,5.18625,0.06683834048640916,0.34563662374821175
2741,0.9775,5.20625,0.08148783977110158,0.4234620886981402
2742,0.895,5.20875,0.07462088698140201,0.3891273247496424
2743,0.87,5.18375,0.06601430615164522,0.3410586552217454
2744,0.8525,5.18625,0.06711301859799715,0.34792560801144495
2745,0.7725,5.19,0.06436623748211731,0.3341917024320458
2746,0.77,5.195,0.06647210300429185,0.34563662374821175
2747,0.7725,5.2,0.0576824034334764,0.29985693848354794
2748,0.7575,5.18875,0.06308440629470673,0.32732474964234626
2749,0.8825,5.1775,0.06335908440629472,0.32732474964234626
2750,0.7075,5.2125,0.06583118741058656,0.3410586552217454
2751,0.7275,5.1825,0.060612303290414886,0.3158798283261803
2752,0.84,5.19,0.060612303290414886,0.3158798283261803
2753,0.79,5.19,0.06454935622317597,0.3341917024320458
2754,0.8625,5.21375,0.07187410586552218,0.37539341917024327
2755,0.7325,5.205,0.06107010014306152,0.3181688125894135
2756,0.7275,5.21125,0.07269814020028613,0.3776824034334764
2757,0.9075,5.205,0.07562804005722461,0.3937052932761088
2758,0.88,5.21,0.07333905579399143,0.38226037195994284
2759,0.79,5.195,0.07169098712446352,0.37081545064377686
2760,0.8725,5.21,0.07269814020028613,0.3776824034334764
2761,0.6875,5.19625,0.05731616595135909,0.2952789699570816
2762,0.8675,5.1825,0.05832331902718169,0.30443490701001436
2763,0.86,5.2125,0.07169098712446352,0.37539341917024327
2764,0.725,5.185,0.06042918454935623,0.3158798283261803
2765,0.8725,5.1825,0.05850643776824035,0.30443490701001436
2766,0.87,5.20875,0.07251502145922747,0.3776824034334764
2767,0.705,5.2,0.05878111587982833,0.30672389127324756
2768,0.8075,5.19375,0.056492131616595144,0.2929899856938484
2769,0.7525,5.1875,0.06271816881258942,0.32732474964234626
2770,0.785,5.18375,0.06537339055793992,0.33648068669527903
2771,0.8,5.20125,0.06290128755364807,0.32732474964234626
2772,0.75,5.2,0.06253505007153076,0.32732474964234626
2773,0.735,5.18,0.06125321888412018,0.3181688125894135
2774,0.7325,5.21125,0.07233190271816882,0.3776824034334764
2775,0.855,5.18625,0.0576824034334764,0.29985693848354794
2776,0.7875,5.19125,0.06564806866952791,0.3410586552217454
2777,0.875,5.1825,0.059971387696709594,0.3113018597997139
2778,0.675,5.21,0.07187410586552218,0.37539341917024327
2779,0.68,5.1875,0.0566752503576538,0.2929899856938484
2780,0.86,5.18125,0.0576824034334764,0.29985693848354794
2781,0.72,5.2,0.07370529327610874,0.38226037195994284
2782,0.86,5.2075,0.07169098712446352,0.37539341917024327
2783,0.7,5.21375,0.06683834048640916,0.34792560801144495
2784,0.865,5.1825,0.05914735336194564,0.30672389127324756
2785,0.755,5.18,0.06290128755364807,0.32732474964234626
2786,0.7175,5.205,0.0769098712446352,0.4005722460658083
2787,0.765,5.2075,0.06683834048640916,0.34792560801144495
2788,0.72,5.1825,0.059971387696709594,0.3113018597997139
2789,0.725,5.18375,0.06042918454935623,0.3158798283261803
2790,0.9425,5.17625,0.06537339055793992,0.33648068669527903
2791,0.775,5.1825,0.06454935622317597,0.3341917024320458
2792,0.735,5.17875,0.06125321888412018,0.3181688125894135
2793,0.78,5.20375,0.064,0.3341917024320458
2794,0.7575,5.20125,0.06308440629470673,0.32732474964234626
2795,0.7175,5.1825,0.05978826895565094,0.3113018597997139
2796,0.845,5.185,0.059971387696709594,0.3113018597997139
2797,0.8325,5.2125,0.06940200286123034,0.35937052932761093
2798,0.685,5.18375,0.05704148783977111,0.2952789699570816
2799,0.82,5.1875,0.06290128755364807,0.32732474964234626
2800,0.7425,5.18125,0.06189413447782547,0.32274678111587984
2801,0.7675,5.1825,0.064,0.32961373390557946
2802,0.755,5.2075,0.0672961373390558,0.34792560801144495
2803,0.715,5.185,0.059605150214592284,0.30672389127324756
2804,0.735,5.1775,0.06125321888412018,0.3181688125894135
2805,0.755,5.2025,0.05850643776824035,0.30443490701001436
2806,0.7775,5.19,0.06482403433476396,0.33648068669527903
2807,0.695,5.18125,0.05795708154506438,0.29985693848354794
2808,0.8175,5.1875,0.06253505007153076,0.32732474964234626
2809,0.6925,5.21375,0.06747925608011446,0.35250357653791137
2810,0.77,5.1875,0.06418311874105866,0.3341917024320458
2811,0.8675,5.18375,0.0576824034334764,0.29985693848354794
2812,0.75,5.19625,0.07123319027181689,0.37081545064377686
2813,0.8425,5.215,0.07022603719599428,0.36852646638054365
2814,0.7275,5.20875,0.06107010014306152,0.3181688125894135
2815,0.8325,5.19875,0.06500715307582261,0.33648068669527903
2816,0.7325,5.19625,0.06107010014306152,0.3181688125894135
2817,0.74,5.21125,0.06976824034334765,0.3639484978540773
2818,0.785,5.2025,0.06290128755364807,0.32732474964234626
2819,0.72,5.185,0.059971387696709594,0.3113018597997139
2820,0.7,5.21375,0.05832331902718169,0.30443490701001436
2821,0.8025,5.195,0.05704148783977111,0.2952789699570816
2822,0.8075,5.18625,0.0672961373390558,0.34792560801144495
2823,0.8225,5.19875,0.06857796852646639,0.3570815450643777
2824,0.8,5.19,0.06354220314735337,0.32961373390557946
2825,0.825,5.2125,0.06876108726752504,0.35937052932761093
2826,0.68,5.18625,0.0566752503576538,0.2929899856938484
2827,0.7875,5.19875,0.057499284692417746,0.29985693848354794
2828,0.7375,5.18625,0.06143633762517883,0.3181688125894135
2829,0.8725,5.20875,0.07269814020028613,0.3776824034334764
2830,0.8475,5.18625,0.06775393419170243,0.35250357653791137
2831,0.855,5.19375,0.07123319027181689,0.37081545064377686
2832,0.9475,5.20125,0.07892417739628041,0.4097281831187411
2833,0.8975,5.1825,0.06042918454935623,0.3158798283261803
2834,0.83,5.19,0.06912732474964235,0.35937052932761093
2835,0.8625,5.21,0.07187410586552218,0.37539341917024327
2836,0.7675,5.19375,0.0662889842632332,0.34563662374821175
2837,0.8,5.2125,0.0666552217453505,0.34792560801144495
2838,0.7425,5.18625,0.06189413447782547,0.32274678111587984
2839,0.8275,5.18625,0.06271816881258942,0.32732474964234626
2840,0.6975,5.215,0.07205722460658083,0.37539341917024327
2841,0.7225,5.18375,0.060246065808297576,0.3113018597997139
2842,0.8175,5.18625,0.06271816881258942,0.32732474964234626
2843,0.6825,5.2125,0.07187410586552218,0.37539341917024327
2844,0.685,5.18625,0.05704148783977111,0.2952789699570816
2845,1.3175,5.15625,0.10996280400572248,0.5653791130185981
2846,0.9125,5.18,0.06189413447782547,0.3181688125894135
2847,0.8225,5.185,0.06857796852646639,0.3570815450643777
2848,0.8475,5.1925,0.059971387696709594,0.3113018597997139
2849,0.8975,5.18125,0.06042918454935623,0.3113018597997139
2850,0.695,5.1825,0.05795708154506438,0.29985693848354794
2851,0.81,5.19625,0.06747925608011446,0.2952789699570816
2852,0.8625,5.1825,0.05914735336194564,0.30672389127324756
2853,0.77,5.19125,0.06418311874105866,0.3341917024320458
2854,0.865,5.21,0.07205722460658083,0.37539341917024327
2855,0.6775,5.21,0.0762689556509299,0.3982832618025752
2856,0.6925,5.195,0.0576824034334764,0.29985693848354794
2857,0.6825,5.1875,0.056858369098712454,0.2952789699570816
2858,0.8,5.19625,0.06042918454935623,0.3158798283261803
2859,0.7775,5.19125,0.06482403433476396,0.33648068669527903
2860,0.785,5.17625,0.06537339055793992,0.33648068669527903
2861,0.75,5.21,0.06812017167381974,0.3570815450643777
2862,0.765,5.20125,0.06372532188841203,0.32961373390557946
2863,0.7825,5.2075,0.06519027181688127,0.3410586552217454
2864,0.7275,5.20375,0.07498712446351932,0.3891273247496424
2865,0.8775,5.20625,0.07315593705293277,0.38226037195994284
2866,0.735,5.20625,0.06125321888412018,0.3181688125894135
2867,0.725,5.20875,0.06271816881258942,0.32732474964234626
2868,0.6975,5.1875,0.05814020028612304,0.29985693848354794
2869,0.875,5.205,0.07288125894134478,0.3776824034334764
2870,0.7775,5.1925,0.06482403433476396,0.33648068669527903
2871,0.825,5.2125,0.06876108726752504,0.35937052932761093
2872,0.6875,5.18125,0.05731616595135909,0.2952789699570816
2873,0.755,5.20375,0.05978826895565094,0.3113018597997139
2874,0.7625,5.19375,0.06601430615164522,0.3410586552217454
2875,0.8425,5.19125,0.07022603719599428,0.3639484978540773
2876,0.795,5.20125,0.06226037195994278,0.32274678111587984
2877,0.7675,5.205,0.0683032904148784,0.3570815450643777
2878,0.77,5.20125,0.06418311874105866,0.3341917024320458
2879,0.825,5.1875,0.06857796852646639,0.3570815450643777
2880,0.7025,5.2025,0.07040915593705294,0.36852646638054365
2881,0.8075,5.21375,0.0672961373390558,0.35250357653791137
2882,0.6975,5.21375,0.0683032904148784,0.3570815450643777
2883,0.7375,5.2075,0.060246065808297576,0.3158798283261803
2884,0.85,5.20125,0.07086695278969958,0.36852646638054365
2885,0.735,5.19625,0.06125321888412018,0.3181688125894135
2886,0.715,5.21125,0.06335908440629472,0.32961373390557946
2887,0.725,5.185,0.06042918454935623,0.3158798283261803
2888,0.79,5.19125,0.06583118741058656,0.3410586552217454
2889,0.745,5.195,0.06647210300429185,0.34563662374821175
2890,0.7675,5.1825,0.064,0.32961373390557946
2891,0.88,5.19875,0.07333905579399143,0.38226037195994284
2892,0.89,5.1775,0.06125321888412018,0.3181688125894135
2893,0.74,5.18875,0.061711015736766815,0.3181688125894135
2894,0.7275,5.18125,0.060612303290414886,0.3158798283261803
2895,0.715,5.2125,0.06354220314735337,0.32961373390557946
2896,0.695,5.18125,0.05795708154506438,0.29985693848354794
2897,0.865,5.2125,0.07205722460658083,0.37539341917024327
2898,0.6875,5.205,0.07773390557939915,0.40515021459227474
2899,0.805,5.2125,0.06711301859799715,0.34792560801144495
2900,0.69,5.1825,0.057499284692417746,0.2952789699570816
2901,0.7325,5.205,0.060612303290414886,0.3158798283261803
2902,0.6775,5.1875,0.056492131616595144,0.2929899856938484
2903,0.885,5.20875,0.07370529327610874,0.38226037195994284
2904,0.7175,5.19625,0.06793705293276109,0.35250357653791137
2905,0.745,5.20125,0.07370529327610874,0.38226037195994284
2906,0.915,5.2075,0.0762689556509299,0.3982832618025752
2907,0.8125,5.1975,0.06775393419170243,0.35250357653791137
2908,0.8975,5.18375,0.06354220314735337,0.32961373390557946
2909,0.8225,5.1875,0.06857796852646639,0.3570815450643777
2910,0.9225,5.17875,0.06500715307582261,0.33648068669527903
2911,0.69,5.21375,0.06940200286123034,0.35937052932761093
2912,0.6775,5.19625,0.056492131616595144,0.2929899856938484
2913,0.92,5.18,0.05832331902718169,0.30443490701001436
2914,0.7375,5.195,0.06647210300429185,0.34563662374821175
2915,0.72,5.20375,0.059971387696709594,0.3113018597997139
2916,0.7025,5.21125,0.05850643776824035,0.34792560801144495
2917,0.85,5.18375,0.05731616595135909,0.2952789699570816
2918,0.8625,5.20625,0.07187410586552218,0.37539341917024327
2919,0.8425,5.21375,0.07022603719599428,0.36852646638054365
2920,0.815,5.19125,0.07462088698140201,0.3868383404864092
2921,0.905,5.20375,0.07544492131616595,0.3937052932761088
2922,0.86,5.20875,0.07169098712446352,0.37539341917024327
2923,0.7325,5.2025,0.07434620886981402,0.3868383404864092
2924,0.815,5.20875,0.06793705293276109,0.35250357653791137
2925,0.75,5.185,0.06253505007153076,0.32274678111587984
2926,0.7375,5.20875,0.06253505007153076,0.32732474964234626
2927,0.71,5.1825,0.05914735336194564,0.30672389127324756
2928,0.83,5.1975,0.06912732474964235,0.35937052932761093
2929,0.865,5.1825,0.058964234620886985,0.30443490701001436
2930,0.8675,5.21125,0.07233190271816882,0.3776824034334764
2931,0.68,5.1875,0.0566752503576538,0.2929899856938484
2932,0.8425,5.1875,0.0566752503576538,0.2929899856938484
2933,0.8025,5.19625,0.06683834048640916,0.34792560801144495
2934,0.775,5.21125,0.06454935622317597,0.33648068669527903
2935,0.7275,5.2,0.07397997138769671,0.3868383404864092
2936,0.7275,5.20375,0.07544492131616595,0.3937052932761088
2937,0.895,5.21,0.07462088698140201,0.3891273247496424
2938,0.8175,5.19,0.06812017167381974,0.35250357653791137
2939,0.74,5.2025,0.07498712446351932,0.3891273247496424
2940,0.8525,5.21,0.07105007153075824,0.37081545064377686
2941,0.73,5.2,0.07416309012875537,0.3868383404864092
2942,0.78,5.1975,0.05978826895565094,0.3113018597997139
2943,0.7825,5.19125,0.06519027181688127,0.33648068669527903
2944,0.68,5.2075,0.07205722460658083,0.37539341917024327
2945,0.75,5.20625,0.05978826895565094,0.3113018597997139
2946,0.7125,5.18375,0.059330472103004295,0.30672389127324756
2947,0.8675,5.1825,0.0576824034334764,0.29985693848354794
2948,0.68,5.20625,0.07205722460658083,0.37539341917024327
2949,0.7,5.20125,0.05832331902718169,0.30443490701001436
2950,0.7175,5.18625,0.05978826895565094,0.3113018597997139
2951,0.73,5.21125,0.07251502145922747,0.3776824034334764
2952,0.86,5.21,0.07169098712446352,0.37539341917024327
2953,0.8275,5.20625,0.0689442060085837,0.35937052932761093
2954,0.74,5.195,0.07233190271816882,0.37539341917024327
2955,0.815,5.1975,0.06793705293276109,0.35250357653791137
2956,0.7875,5.2125,0.06564806866952791,0.3410586552217454
2957,1.1425,5.18,0.12003433476394851,0.6226037195994278
2958,0.82,5.2125,0.0683032904148784,0.3570815450643777
2959,0.675,5.1925,0.05621745350500716,0.2929899856938484
2960,0.785,5.19875,0.056858369098712454,0.2952789699570816
2961,0.855,5.2025,0.07123319027181689,0.37081545064377686
2962,0.785,5.21,0.06537339055793992,0.3410586552217454
2963,0.6775,5.21,0.07141630901287555,0.37081545064377686
2964,0.815,5.2125,0.06793705293276109,0.35250357653791137
2965,0.7375,5.195,0.06143633762517883,0.3181688125894135
2966,0.735,5.21125,0.07205722460658083,0.37539341917024327
2967,0.755,5.20125,0.06290128755364807,0.32732474964234626
2968,0.7325,5.19875,0.06107010014306152,0.3181688125894135
2969,0.715,5.20875,0.07480400572246067,0.3891273247496424
2970,0.705,5.21375,0.06876108726752504,0.35937052932761093
2971,0.7,5.1825,0.05832331902718169,0.30443490701001436
2972,0.79,5.1925,0.07086695278969958,0.36852646638054365
2973,0.68,5.2075,0.07709298998569386,0.4005722460658083
2974,0.6875,5.1975,0.05731616595135909,0.2952789699570816
2975,0.825,5.19125,0.05621745350500716,0.2929899856938484
2976,0.725,5.2,0.06940200286123034,0.35937052932761093
2977,0.855,5.21375,0.07123319027181689,0.37081545064377686
2978,0.695,5.20625,0.07123319027181689,0.37081545064377686
2979,0.7975,5.195,0.056858369098712454,0.2952789699570816
2980,0.7525,5.185,0.06271816881258942,0.32732474964234626
2981,0.8275,5.19125,0.0689442060085837,0.35937052932761093
2982,0.7325,5.20125,0.07562804005722461,0.3937052932761088
2983,0.8925,5.20375,0.07434620886981402,0.3868383404864092
2984,0.92,5.2075,0.07663519313304722,0.3982832618025752
2985,0.7425,5.19625,0.06793705293276109,0.35250357653791137
2986,0.845,5.2125,0.07040915593705294,0.36852646638054365
2987,0.6925,5.18125,0.0576824034334764,0.29985693848354794
2988,0.82,5.19,0.0566752503576538,0.2929899856938484
2989,0.8175,5.19625,0.06812017167381974,0.35250357653791137
2990,0.865,5.20625,0.07205722460658083,0.37539341917024327
2991,0.7575,5.195,0.0662889842632332,0.34563662374821175
2992,0.7875,5.21125,0.06564806866952791,0.3410586552217454
2993,0.6775,5.19375,0.056492131616595144,0.2929899856938484
2994,0.8025,5.1925,0.06436623748211731,0.3341917024320458
2995,0.7175,5.185,0.05978826895565094,0.3113018597997139
2996,0.7675,5.18125,0.064,0.32961373390557946
2997,0.855,5.19125,0.05978826895565094,0.3113018597997139
2998,0.7275,5.1825,0.060612303290414886,0.3158798283261803
2999,0.7225,5.18125,0.060246065808297576,0.3113018597997139
3000,0.7575,5.205,0.060612303290414886,0.3158798283261803
3001,0.8675,5.18875,0.07233190271816882,0.37539341917024327
3002,0.785,5.21375,0.06537339055793992,0.3410586552217454
3003,0.685,5.21375,0.07022603719599428,0.36852646638054365
3004,0.8025,5.19875,0.061711015736766815,0.32274678111587984
3005,0.9,5.21,0.07498712446351932,0.3891273247496424
3006,0.6875,5.20625,0.07169098712446352,0.37539341917024327
3007,1.1225,5.18125,0.1249785407725322,0.6477825464949929
3008,0.82,5.21125,0.0683032904148784,0.3570815450643777
3009,0.6975,5.2125,0.06711301859799715,0.34792560801144495
3010,0.7725,5.20625,0.06354220314735337,0.32961373390557946
3011,0.73,5.18,0.06079542203147354,0.3158798283261803
3012,0.87,5.18875,0.059971387696709594,0.3113018597997139
3013,0.865,5.18875,0.05914735336194564,0.30672389127324756
3014,0.7975,5.2025,0.06647210300429185,0.34563662374821175
3015,0.9175,5.1825,0.07645207439198856,0.3982832618025752
3016,0.72,5.21,0.06793705293276109,0.35250357653791137
3017,0.8025,5.195,0.06683834048640916,0.34792560801144495
3018,0.8275,5.215,0.0689442060085837,0.35937052932761093
3019,0.68,5.2125,0.06912732474964235,0.35937052932761093
3020,0.6825,5.185,0.056858369098712454,0.2952789699570816
3021,0.845,5.20125,0.07040915593705294,0.36852646638054365
3022,0.835,5.18625,0.06079542203147354,0.3158798283261803
3023,0.87,5.21375,0.07251502145922747,0.3776824034334764
3024,0.695,5.1825,0.05795708154506438,0.29985693848354794
3025,0.8575,5.19,0.060246065808297576,0.3113018597997139
3026,0.7725,5.205,0.06436623748211731,0.3341917024320458
3027,0.7225,5.18,0.060246065808297576,0.3113018597997139
3028,0.79,5.20375,0.06335908440629472,0.32961373390557946
3029,0.76,5.2025,0.06335908440629472,0.32961373390557946
3030,0.8625,5.20375,0.07187410586552218,0.37539341917024327
3031,0.8025,5.19625,0.0566752503576538,0.2952789699570816
3032,0.8575,5.20625,0.07141630901287555,0.37081545064377686
3033,0.7675,5.2125,0.064,0.3341917024320458
3034,0.86,5.185,0.056858369098712454,0.2952789699570816
3035,0.755,5.1975,0.06775393419170243,0.35250357653791137
3036,0.84,5.2125,0.07004291845493563,0.3639484978540773
3037,0.735,5.2075,0.06583118741058656,0.3410586552217454
3038,0.825,5.18375,0.059330472103004295,0.30672389127324756
3039,0.825,5.2125,0.06876108726752504,0.35937052932761093
3040,0.9,5.18625,0.06583118741058656,0.3410586552217454
3041,0.8425,5.1925,0.05978826895565094,0.3113018597997139
3042,0.7275,5.18125,0.060612303290414886,0.3158798283261803
3043,0.77,5.205,0.06537339055793992,0.3410586552217454
3044,0.8975,5.185,0.06354220314735337,0.32961373390557946
3045,0.845,5.185,0.07040915593705294,0.3639484978540773
3046,0.8225,5.1925,0.06857796852646639,0.2929899856938484
3047,0.7175,5.19875,0.06912732474964235,0.35937052932761093
3048,0.8175,5.21375,0.06812017167381974,0.3570815450643777
3049,0.7225,5.18375,0.060246065808297576,0.3113018597997139
3050,0.8025,5.19125,0.06436623748211731,0.3341917024320458
3051,0.7875,5.21125,0.06564806866952791,0.3410586552217454
3052,0.69,5.18375,0.057499284692417746,0.2952789699570816
3053,0.84,5.18875,0.056492131616595144,0.2929899856938484
3054,0.75,5.18875,0.06253505007153076,0.32732474964234626
3055,0.8725,5.19625,0.07269814020028613,0.3776824034334764
3056,0.915,5.17875,0.06107010014306152,0.3158798283261803
3057,0.8475,5.1775,0.07059227467811159,0.3639484978540773
3058,0.775,5.205,0.06454935622317597,0.33648068669527903
3059,0.7775,5.19625,0.07251502145922747,0.37539341917024327
3060,0.9325,5.20375,0.07773390557939915,0.40515021459227474
3061,0.7425,5.2075,0.06189413447782547,0.32274678111587984
3062,0.715,5.20875,0.06335908440629472,0.32961373390557946
3063,0.68,5.185,0.0566752503576538,0.2929899856938484
3064,0.84,5.21375,0.07004291845493563,0.3639484978540773
3065,0.85,5.18375,0.06290128755364807,0.32732474964234626
3066,0.86,5.21,0.07169098712446352,0.37539341917024327
3067,0.6775,5.18875,0.056492131616595144,0.2929899856938484
3068,0.785,5.1975,0.056858369098712454,0.2952789699570816
3069,0.6925,5.21625,0.07059227467811159,0.36852646638054365
3070,0.8775,5.20875,0.07315593705293277,0.38226037195994284
3071,0.8375,5.1875,0.06793705293276109,0.35250357653791137
3072,0.72,5.2075,0.07517024320457798,0.3891273247496424
3073,0.725,5.1975,0.06042918454935623,0.3158798283261803
3074,0.7275,5.21,0.07938197424892705,0.4120171673819743
3075,0.8475,5.19,0.06857796852646639,0.3570815450643777
3076,0.8325,5.2,0.06940200286123034,0.35937052932761093
3077,0.7875,5.19125,0.06500715307582261,0.33648068669527903
3078,0.71,5.21,0.064,0.3341917024320458
3079,0.7475,5.18625,0.06226037195994278,0.32274678111587984
3080,0.855,5.18375,0.07123319027181689,0.37081545064377686
3081,0.6775,5.21,0.07169098712446352,0.37539341917024327
3082,0.725,5.2075,0.06042918454935623,0.3158798283261803
3083,0.7375,5.185,0.06143633762517883,0.3181688125894135
3084,0.855,5.18375,0.05795708154506438,0.29985693848354794
3085,0.79,5.17625,0.06583118741058656,0.3410586552217454
3086,0.735,5.18125,0.06125321888412018,0.3181688125894135
3087,0.765,5.205,0.06537339055793992,0.3410586552217454
3088,0.77,5.20375,0.06418311874105866,0.3341917024320458
3089,0.79,5.20625,0.06583118741058656,0.3410586552217454
3090,0.725,5.205,0.07544492131616595,0.3937052932761088
3091,0.8325,5.2125,0.06940200286123034,0.35937052932761093
3092,0.6775,5.18625,0.056492131616595144,0.2929899856938484
3093,0.7275,5.2075,0.06125321888412018,0.3181688125894135
3094,0.705,5.1825,0.05878111587982833,0.30443490701001436
3095,0.84,5.215,0.07004291845493563,0.3639484978540773
3096,0.74,5.19875,0.07086695278969958,0.36852646638054365
3097,0.805,5.2125,0.06711301859799715,0.34792560801144495
3098,0.6925,5.18375,0.0576824034334764,0.29985693848354794
3099,0.8725,5.18125,0.06271816881258942,0.32732474964234626
3100,0.79,5.195,0.07333905579399143,0.38226037195994284
3101,0.91,5.2075,0.07581115879828328,0.3937052932761088
3102,0.885,5.18375,0.06482403433476396,0.33648068669527903
3103,0.745,5.2,0.07745922746781117,0.4005722460658083
3104,0.905,5.2,0.07544492131616595,0.3937052932761088
3105,0.78,5.19375,0.07187410586552218,0.37539341917024327
3106,0.8875,5.18375,0.06436623748211731,0.3341917024320458
3107,0.89,5.1925,0.07416309012875537,0.3868383404864092
3108,0.735,5.2075,0.07727610872675252,0.4005722460658083
3109,0.7675,5.2075,0.07141630901287555,0.37081545064377686
3110,0.8775,5.21125,0.07315593705293277,0.38226037195994284
3111,0.6775,5.21125,0.07251502145922747,0.3776824034334764
3112,0.8125,5.1925,0.05621745350500716,0.2929899856938484
3113,0.7925,5.19375,0.06601430615164522,0.3410586552217454
3114,0.8,5.2125,0.0666552217453505,0.34792560801144495
3115,0.89,5.17875,0.07745922746781117,0.4005722460658083
3116,0.77,5.1825,0.06418311874105866,0.3341917024320458
3117,0.8425,5.1925,0.07022603719599428,0.3639484978540773
3118,0.9,5.17875,0.06537339055793992,0.33648068669527903
3119,0.7225,5.1825,0.060246065808297576,0.3113018597997139
3120,0.745,5.18,0.062077253218884125,0.32274678111587984
3121,0.87,5.18375,0.057499284692417746,0.2952789699570816
3122,0.86,5.20375,0.07169098712446352,0.37081545064377686
3123,0.815,5.2125,0.06793705293276109,0.35250357653791137
3124,0.7325,5.19875,0.06857796852646639,0.3570815450643777
3125,0.7825,5.21375,0.06519027181688127,0.3410586552217454
3126,0.705,5.18375,0.05878111587982833,0.30443490701001436
3127,0.8675,5.18375,0.0566752503576538,0.2929899856938484
3128,0.7275,5.18375,0.060612303290414886,0.3158798283261803
3129,0.7825,5.21125,0.06519027181688127,0.3410586552217454
3130,0.7275,5.2075,0.08267811158798284,0.43032904148783985
3131,0.7825,5.205,0.06519027181688127,0.33648068669527903
3132,0.7525,5.2,0.06271816881258942,0.32732474964234626
3133,0.73,5.20625,0.0785579399141631,0.4097281831187411
3134,0.7825,5.20125,0.06335908440629472,0.32961373390557946
3135,0.8125,5.21,0.06775393419170243,0.35250357653791137
3136,0.715,5.20875,0.06271816881258942,0.32732474964234626
3137,0.84,5.19,0.0566752503576538,0.2929899856938484
3138,0.83,5.2,0.06912732474964235,0.35937052932761093
3139,0.755,5.19625,0.0672961373390558,0.34792560801144495
3140,0.795,5.1975,0.06107010014306152,0.3181688125894135
3141,0.745,5.1875,0.062077253218884125,0.32274678111587984
3142,0.8475,5.18375,0.059971387696709594,0.3113018597997139
3143,0.6825,5.20875,0.07205722460658083,0.37539341917024327
3144,0.6825,5.18375,0.056858369098712454,0.2952789699570816
3145,0.835,5.1925,0.069585121602289,0.35937052932761093
3146,0.825,5.1975,0.06042918454935623,0.3158798283261803
3147,0.7475,5.19375,0.06226037195994278,0.32274678111587984
3148,0.725,5.18,0.06042918454935623,0.3113018597997139
3149,0.7775,5.205,0.07086695278969958,0.36852646638054365
3150,0.81,5.2,0.06747925608011446,0.35250357653791137
3151,0.7125,5.1825,0.059330472103004295,0.30672389127324756
3152,0.865,5.1825,0.057499284692417746,0.2952789699570816
3153,0.8475,5.20375,0.07059227467811159,0.36852646638054365
3154,0.6775,5.19,0.056492131616595144,0.2929899856938484
3155,0.855,5.1825,0.056858369098712454,0.2952789699570816
3156,0.885,5.21375,0.07370529327610874,0.38226037195994284
3157,0.7325,5.18375,0.06107010014306152,0.3158798283261803
3158,0.8225,5.1875,0.06253505007153076,0.32732474964234626
3159,0.87,5.21125,0.07251502145922747,0.3776824034334764
3160,0.9325,5.2025,0.07773390557939915,0.40515021459227474
3161,0.9,5.18,0.06107010014306152,0.3158798283261803
3162,0.7925,5.18125,0.06601430615164522,0.3410586552217454
3163,0.7425,5.18,0.06189413447782547,0.3181688125894135
3164,0.7225,5.21,0.07288125894134478,0.3776824034334764
3165,0.7675,5.20625,0.07086695278969958,0.36852646638054365
3166,0.72,5.19125,0.059971387696709594,0.3113018597997139
3167,0.7625,5.20125,0.058964234620886985,0.30672389127324756
3168,0.87,5.1825,0.05832331902718169,0.30443490701001436
3169,0.8475,5.2025,0.07059227467811159,0.36852646638054365
3170,0.7525,5.19625,0.06711301859799715,0.34792560801144495
3171,0.6875,5.21375,0.06976824034334765,0.3639484978540773
3172,0.7,5.185,0.05832331902718169,0.30443490701001436
3173,0.7875,5.1975,0.05704148783977111,0.2952789699570816
3174,0.755,5.195,0.06683834048640916,0.34792560801144495
3175,0.925,5.21125,0.07709298998569386,0.4005722460658083
3176,0.8225,5.2,0.06857796852646639,0.3868383404864092
3177,0.7325,5.21,0.07727610872675252,0.4005722460658083
3178,0.8,5.2075,0.0666552217453505,0.34792560801144495
3179,0.775,5.20625,0.06454935622317597,0.33648068669527903
3180,0.7925,5.19375,0.07105007153075824,0.36852646638054365
3181,0.7625,5.21,0.06354220314735337,0.32961373390557946
3182,0.6925,5.18375,0.0576824034334764,0.29985693848354794
3183,0.81,5.19375,0.0566752503576538,0.2929899856938484
3184,0.85,5.20375,0.07086695278969958,0.36852646638054365
3185,0.6775,5.19375,0.056492131616595144,0.2929899856938484
3186,0.7875,5.1975,0.05731616595135909,0.2952789699570816
3187,0.6975,5.1825,0.05814020028612304,0.29985693848354794
3188,0.85,5.2025,0.07086695278969958,0.36852646638054365
3189,0.745,5.19625,0.06747925608011446,0.34792560801144495
3190,0.9825,5.21,0.08185407725321889,0.4280400572246066
3191,0.735,5.1975,0.06125321888412018,0.3181688125894135
3192,0.7225,5.20625,0.0785579399141631,0.4097281831187411
3193,0.8475,5.21125,0.07059227467811159,0.36852646638054365
3194,0.735,5.1975,0.06125321888412018,0.3181688125894135
3195,0.7175,5.20625,0.07517024320457798,0.3891273247496424
3196,0.835,5.21375,0.069585121602289,0.3639484978540773
3197,0.735,5.2075,0.06125321888412018,0.3181688125894135
3198,0.8075,5.19375,0.056492131616595144,0.2929899856938484
3199,0.7375,5.19875,0.06857796852646639,0.3570815450643777
3200,0.685,5.185,0.05704148783977111,0.2952789699570816
3201,0.7825,5.19,0.064,0.3341917024320458
3202,0.845,5.18625,0.056492131616595144,0.2929899856938484
3203,0.86,5.2075,0.07169098712446352,0.37539341917024327
3204,0.77,5.1925,0.06647210300429185,0.34563662374821175
3205,0.8075,5.19375,0.12204864091559371,0.6340486409155938
3206,0.8925,5.2125,0.07434620886981402,0.3868383404864092
3207,0.7975,5.19375,0.07645207439198856,0.3982832618025752
3208,0.7975,5.1925,0.07040915593705294,0.3639484978540773
3209,0.8925,5.2,0.07434620886981402,0.3868383404864092
3210,0.885,5.1825,0.07370529327610874,0.3113018597997139
3211,0.7425,5.1975,0.07333905579399143,0.38226037195994284
3212,0.8225,5.2125,0.06857796852646639,0.3570815450643777
3213,0.675,5.19125,0.05621745350500716,0.2929899856938484
3214,0.82,5.1925,0.05621745350500716,0.2929899856938484
3215,0.7875,5.19375,0.06564806866952791,0.3410586552217454
3216,0.8625,5.20625,0.07187410586552218,0.37539341917024327
3217,0.69,5.21375,0.06912732474964235,0.35937052932761093
3218,0.69,5.1825,0.057499284692417746,0.2952789699570816
3219,0.825,5.19875,0.06876108726752504,0.3570815450643777
3220,0.925,5.17875,0.08103004291845495,0.421173104434907
3221,0.8975,5.195,0.07480400572246067,0.3891273247496424
3222,0.8875,5.21,0.07397997138769671,0.3868383404864092
3223,0.72,5.205,0.07498712446351932,0.3891273247496424
3224,0.82,5.20875,0.0683032904148784,0.3570815450643777
3225,0.72,5.19,0.059971387696709594,0.3113018597997139
3226,0.77,5.20125,0.05914735336194564,0.30672389127324756
3227,0.7825,5.1925,0.06519027181688127,0.33648068669527903
3228,0.85,5.2125,0.07086695278969958,0.36852646638054365
3229,0.69,5.2125,0.06912732474964235,0.35937052932761093
3230,0.86,5.18375,0.058964234620886985,0.30672389127324756
3231,0.8575,5.205,0.07141630901287555,0.37081545064377686
3232,0.695,5.20375,0.07059227467811159,0.36852646638054365
3233,0.77,5.2025,0.05832331902718169,0.30443490701001436
3234,0.735,5.185,0.06125321888412018,0.3181688125894135
3235,1.0825,5.16375,0.08808011444921317,0.4532188841201717
3236,0.8,5.1925,0.07086695278969958,0.36852646638054365
3237,0.8925,5.21,0.07434620886981402,0.3868383404864092
3238,0.75,5.19875,0.07315593705293277,0.3776824034334764
3239,0.7175,5.21,0.07462088698140201,0.3891273247496424
3240,0.745,5.19875,0.062077253218884125,0.32274678111587984
3241,0.7175,5.21,0.05978826895565094,0.32732474964234626
3242,0.795,5.19125,0.06454935622317597,0.3341917024320458
3243,0.795,5.2125,0.0662889842632332,0.34563662374821175
3244,0.705,5.18125,0.05878111587982833,0.30443490701001436
3245,0.875,5.18125,0.05795708154506438,0.29985693848354794
3246,0.865,5.21125,0.07205722460658083,0.37539341917024327
3247,0.71,5.18375,0.05914735336194564,0.30672389127324756
3248,0.8075,5.195,0.05621745350500716,0.2929899856938484
3249,0.815,5.1975,0.06793705293276109,0.35250357653791137
3250,1.22,5.18375,0.10163090128755366,0.5241773962804006
3251,0.865,5.18875,0.059330472103004295,0.30672389127324756
3252,0.725,5.18,0.06042918454935623,0.3113018597997139
3253,0.8975,5.2025,0.07480400572246067,0.3891273247496424
3254,0.8125,5.19125,0.06940200286123034,0.35937052932761093
3255,0.8825,5.19875,0.07352217453505008,0.38226037195994284
3256,0.83,5.21375,0.06912732474964235,0.35937052932761093
3257,0.7075,5.205,0.07498712446351932,0.3891273247496424
3258,0.845,5.20125,0.07040915593705294,0.36852646638054365
3259,0.7525,5.21,0.06271816881258942,0.32732474964234626
3260,0.7075,5.21125,0.064,0.3341917024320458
3261,0.8325,5.1875,0.06519027181688127,0.33648068669527903
3262,0.86,5.2125,0.07169098712446352,0.37539341917024327
3263,0.69,5.205,0.07022603719599428,0.3639484978540773
3264,0.865,5.1825,0.057499284692417746,0.2952789699570816
3265,1.0625,5.16,0.08853791130185981,0.4577968526466381
3266,0.78,5.205,0.06418311874105866,0.3341917024320458
3267,0.83,5.195,0.06079542203147354,0.3158798283261803
3268,0.765,5.20375,0.06372532188841203,0.32961373390557946
3269,0.7175,5.21,0.07397997138769671,0.3868383404864092
3270,0.8,5.2,0.06601430615164522,0.34563662374821175
3271,0.7875,5.1925,0.06564806866952791,0.3410586552217454
3272,0.8525,5.1825,0.05978826895565094,0.3113018597997139
3273,0.6775,5.21125,0.07123319027181689,0.37081545064377686
3274,0.705,5.2025,0.05878111587982833,0.30672389127324756
3275,0.6975,5.1825,0.05814020028612304,0.29985693848354794
3276,0.835,5.1875,0.056492131616595144,0.2929899856938484
3277,0.865,5.21125,0.07205722460658083,0.37539341917024327
3278,0.82,5.21375,0.0683032904148784,0.3570815450643777
3279,0.675,5.20875,0.07141630901287555,0.37081545064377686
3280,1.0475,5.16625,0.08725608011444923,0.45092989985693854
3281,0.72,5.19375,0.059971387696709594,0.3113018597997139
3282,0.7725,5.205,0.06418311874105866,0.3341917024320458
3283,0.72,5.19125,0.059971387696709594,0.3113018597997139
3284,0.7525,5.20125,0.06271816881258942,0.32732474964234626
3285,0.7225,5.21,0.07233190271816882,0.37539341917024327
3286,0.6825,5.19625,0.056858369098712454,0.2952789699570816
3287,0.755,5.1875,0.06290128755364807,0.32732474964234626
3288,0.7825,5.1925,0.06601430615164522,0.3410586552217454
3289,0.7775,5.2125,0.06482403433476396,0.33648068669527903
3290,0.745,5.18625,0.062077253218884125,0.32274678111587984
3291,0.8275,5.185,0.06107010014306152,0.3158798283261803
3292,0.87,5.205,0.07251502145922747,0.3776824034334764
3293,0.705,5.20375,0.05878111587982833,0.30672389127324756
3294,0.7175,5.21,0.06308440629470673,0.32961373390557946
3295,0.91,5.18875,0.07352217453505008,0.38226037195994284
3296,0.7425,5.18,0.06189413447782547,0.3181688125894135
3297,0.775,5.20375,0.06418311874105866,0.3341917024320458
3298,0.7125,5.20875,0.07498712446351932,0.3891273247496424
3299,0.855,5.21,0.07123319027181689,0.37081545064377686
3300,0.8225,5.19125,0.07416309012875537,0.3868383404864092
3301,0.6775,5.2125,0.07169098712446352,0.37539341917024327
3302,0.7275,5.2075,0.060612303290414886,0.3158798283261803
3303,0.81,5.19375,0.05621745350500716,0.2929899856938484
3304,0.775,5.19125,0.06454935622317597,0.3341917024320458
3305,0.8475,5.21,0.07059227467811159,0.36852646638054365
3306,0.675,5.21125,0.05621745350500716,0.2929899856938484
3307,0.75,5.205,0.059605150214592284,0.3113018597997139
3308,0.7825,5.2125,0.06519027181688127,0.3410586552217454
3309,0.67,5.19125,0.055851216022889845,0.288412017167382
3310,0.8,5.2025,0.07727610872675252,0.4005722460658083
3311,0.8575,5.19375,0.07141630901287555,0.37081545064377686
3312,0.8775,5.19875,0.07315593705293277,0.3776824034334764
3313,0.9,5.18,0.06143633762517883,0.3181688125894135
3314,0.85,5.19,0.07086695278969958,0.36852646638054365
3315,0.8725,5.1975,0.07269814020028613,0.3776824034334764
3316,0.7975,5.19125,0.06354220314735337,0.32961373390557946
3317,0.7075,5.20375,0.058964234620886985,0.30672389127324756
3318,0.85,5.2025,0.07086695278969958,0.36852646638054365
3319,0.69,5.205,0.07141630901287555,0.37081545064377686
3320,0.735,5.1975,0.06125321888412018,0.3181688125894135
3321,0.8225,5.1975,0.06857796852646639,0.3570815450643777
3322,0.7625,5.195,0.07123319027181689,0.37081545064377686
3323,0.745,5.20875,0.062077253218884125,0.32274678111587984
3324,0.7325,5.18625,0.06107010014306152,0.3158798283261803
3325,0.9825,5.1725,0.0689442060085837,0.3570815450643777
3326,0.895,5.18125,0.060612303290414886,0.3158798283261803
3327,0.7525,5.18125,0.06271816881258942,0.32732474964234626
3328,0.84,5.19375,0.06418311874105866,0.3341917024320458
3329,0.8975,5.18,0.06271816881258942,0.32732474964234626
3330,0.8875,5.20125,0.07397997138769671,0.3868383404864092
3331,0.7575,5.19375,0.0662889842632332,0.34563662374821175
3332,0.8475,5.18625,0.05621745350500716,0.2929899856938484
3333,0.84,5.2025,0.07004291845493563,0.3639484978540773
3334,0.7175,5.2,0.06912732474964235,0.35937052932761093
3335,0.775,5.2,0.05795708154506438,0.29985693848354794
3336,0.7525,5.18875,0.06271816881258942,0.32732474964234626
3337,0.755,5.195,0.06647210300429185,0.34563662374821175
3338,0.685,5.2125,0.07773390557939915,0.40515021459227474
3339,0.6775,5.1875,0.056492131616595144,0.2929899856938484
3340,0.9275,5.18375,0.07727610872675252,0.4005722460658083
3341,0.78,5.2025,0.06354220314735337,0.32961373390557946
3342,0.7275,5.18125,0.060612303290414886,0.3158798283261803
3343,2.52,5.08,0.21003719599427756,1.0689556509299
3344,2.545,5.07875,0.21351645207439202,1.0849785407725323
3345,2.5775,5.07625,0.2147982832618026,1.091845493562232
3346,2.55,5.07875,0.2125092989985694,1.080400572246066
3347,2.565,5.0775,0.2151645207439199,1.091845493562232
3348,3.7875,4.99875,0.3156051502145923,1.5793991416309014
3349,3.72,5,0.3100200286123033,1.54964234620887
3350,3.7,5,0.30919599427753935,1.5450643776824036
3351,4.6475,4.93875,0.3872961373390558,1.9135908440629474
3352,4.865,4.925,0.4054248927038627,1.995994277539342
3353,4.89,4.92,0.4070729613733906,2.002861230329042
3354,4.8925,4.92125,0.4077138769670959,2.0074391988555083
3355,4.9125,4.91875,0.4093619456366238,2.0143061516452074
3356,4.9075,4.91875,0.4093619456366238,2.0143061516452074
3357,4.905,4.92,0.4087210300429185,2.009728183118741
3358,4.9275,4.91875,0.41064377682403436,2.0211731044349075
3359,4.925,4.91875,0.4091788268955651,2.0143061516452074
3360,4.925,4.91875,0.4091788268955651,2.0143061516452074
3361,4.93,4.9175,0.41082689556509305,2.0211731044349075
3362,4.94,4.9175,0.4122918454935623,2.0280400572246067
3363,4.945,4.91625,0.4101859799713877,2.016595135908441
3364,4.9725,4.91625,0.4143977110157368,2.0371959942775395
3365,4.9675,4.915,0.41183404864091566,2.0257510729613735
3366,4.97,4.91625,0.4141230329041488,2.0371959942775395
3367,4.9525,4.91625,0.4127496423462089,2.0280400572246067
3368,4.9725,4.91625,0.4141230329041488,2.0371959942775395
3369,4.995,4.915,0.41357367668097283,2.032618025751073
3370,4.9875,4.91375,0.41558798283261805,2.044062947067239
3371,4.9925,4.91625,0.4160457796852647,2.044062947067239
3372,4.965,4.91375,0.41522174535050077,2.0394849785407727
3373,4.9975,4.91375,0.41650357653791137,2.0486409155937055
3374,4.9825,4.91375,0.41522174535050077,2.0394849785407727
3375,4.9875,4.915,0.4154048640915594,2.0394849785407727
3376,4.96,4.915,0.4132989985693849,2.032618025751073
3377,4.9925,4.91625,0.4160457796852647,2.044062947067239
3378,4.995,4.9125,0.41503862660944213,2.0394849785407727
3379,4.995,4.915,0.4162288984263234,2.044062947067239
3380,4.9625,4.915,0.41357367668097283,2.032618025751073
3381,5,4.91125,0.41586266094420604,2.044062947067239
3382,4.995,4.91375,0.4162288984263234,2.044062947067239
3383,4.9925,4.91375,0.4160457796852647,2.044062947067239
3384,4.9825,4.91375,0.4162288984263234,2.044062947067239
3385,4.9925,4.915,0.4160457796852647,2.044062947067239
3386,5.015,4.91375,0.41787696709585126,2.0555078683834047
3387,4.99,4.9125,0.4175107296137339,2.0509298998569387
3388,5.01,4.91375,0.4175107296137339,2.0509298998569387
3389,5,4.91375,0.41668669527897,2.0486409155937055
3390,5,4.9125,0.41650357653791137,2.0486409155937055
3391,5.0025,4.9125,0.4162288984263234,2.044062947067239
3392,5.0075,4.9125,0.4173276108726753,2.0509298998569387
3393,5.0125,4.9125,0.41650357653791137,2.0486409155937055
3394,5.015,4.9125,0.41686981402002865,2.0486409155937055
3395,4.97,4.9125,0.4141230329041488,2.032618025751073
3396,4.9825,4.915,0.4160457796852647,2.044062947067239
3397,4.9925,4.91375,0.41686981402002865,2.0486409155937055
3398,4.995,4.91375,0.4162288984263234,2.044062947067239
3399,4.9975,4.91375,0.41668669527897,2.0486409155937055
3400,5,4.91375,0.4175107296137339,2.0509298998569387
3401,4.995,4.9125,0.4162288984263234,2.044062947067239
3402,4.995,4.91375,0.4162288984263234,2.0486409155937055
3403,4.9975,4.91375,0.41558798283261805,2.044062947067239
3404,4.9975,4.91375,0.41650357653791137,2.0486409155937055
3405,5.015,4.91375,0.41787696709585126,2.0555078683834047
3406,4.9975,4.91125,0.41686981402002865,2.0486409155937055
3407,4.985,4.91375,0.4154048640915594,2.0394849785407727
3408,5.0075,4.91375,0.4173276108726753,2.0509298998569387
3409,4.995,4.9125,0.4170529327610873,2.0486409155937055
3410,4.99,4.9125,0.41586266094420604,2.044062947067239
3411,4.98,4.9125,0.41503862660944213,2.0394849785407727
3412,5.0025,4.9125,0.41668669527897,2.0486409155937055
3413,4.9925,4.91375,0.4160457796852647,2.044062947067239
3414,5.005,4.91375,0.4170529327610873,2.0486409155937055
3415,5.0025,4.91375,0.41650357653791137,2.0486409155937055
3416,5.005,4.91375,0.4170529327610873,2.0486409155937055
3417,4.995,4.91375,0.4162288984263234,2.044062947067239
3418,5.015,4.91375,0.41650357653791137,2.0486409155937055
3419,5.01,4.9125,0.4175107296137339,2.0509298998569387
3420,5.0225,4.91375,0.41851788268955653,2.0555078683834047
3421,4.985,4.91125,0.4176938483547926,2.0509298998569387
3422,5.0075,4.91375,0.4160457796852647,2.044062947067239
3423,5.015,4.91375,0.41787696709585126,2.0555078683834047
3424,5.0075,4.9125,0.4170529327610873,2.0486409155937055
3425,5.0025,4.91375,0.4162288984263234,2.044062947067239
3426,5.0125,4.9125,0.4176938483547926,2.0509298998569387
3427,5.01,4.91375,0.41650357653791137,2.0486409155937055
3428,5.0025,4.915,0.4170529327610873,2.0509298998569387
3429,5,4.91375,0.41668669527897,2.0486409155937055
3430,4.99,4.9125,0.41787696709585126,2.0509298998569387
3431,5.0075,4.91375,0.41686981402002865,2.0486409155937055
3432,4.9925,4.9125,0.4160457796852647,2.044062947067239
3433,4.9975,4.91375,0.4162288984263234,2.044062947067239
3434,4.985,4.9125,0.4170529327610873,2.0486409155937055
3435,5.015,4.9125,0.41787696709585126,2.0509298998569387
3436,5.005,4.91375,0.4170529327610873,2.0486409155937055
3437,4.99,4.91125,0.4176938483547926,2.0509298998569387
3438,5.01,4.9125,0.4175107296137339,2.0509298998569387
3439,5.01,4.91375,0.4175107296137339,2.0509298998569387
3440,4.99,4.91375,0.41558798283261805,2.044062947067239
3441,5.005,4.9125,0.4170529327610873,2.0486409155937055
3442,5.015,4.91375,0.41787696709585126,2.0555078683834047
3443,4.9975,4.91375,0.41686981402002865,2.0486409155937055
3444,5.0075,4.9125,0.4173276108726753,2.0509298998569387
3445,5.0175,4.91375,0.41815164520743925,2.0555078683834047
3446,5.0125,4.91375,0.4173276108726753,2.0509298998569387
3447,5.015,4.91375,0.41787696709585126,2.0555078683834047
3448,5.005,4.91375,0.4170529327610873,2.0486409155937055
3449,5,4.915,0.4173276108726753,2.0509298998569387
3450,4.9925,4.9125,0.4160457796852647,2.044062947067239
3451,5,4.91375,0.41668669527897,2.0486409155937055
3452,5.01,4.9125,0.4175107296137339,2.0509298998569387
3453,5.0125,4.91375,0.4176938483547926,2.0509298998569387
3454,5.005,4.9125,0.4170529327610873,2.0486409155937055
3455,5.025,4.9125,0.41686981402002865,2.0486409155937055
3456,5.0125,4.91375,0.4175107296137339,2.0509298998569387
3457,5.02,4.9125,0.4183347639484979,2.0555078683834047
3458,5.005,4.91375,0.41787696709585126,2.0555078683834047
3459,5.005,4.91375,0.4160457796852647,2.044062947067239
3460,5.01,4.91375,0.4175107296137339,2.0509298998569387
3461,4.9925,4.91375,0.4175107296137339,2.0509298998569387
3462,4.995,4.91375,0.4170529327610873,2.0486409155937055
3463,5.0175,4.9125,0.41815164520743925,2.0555078683834047
3464,4.9925,4.9125,0.41650357653791137,2.0486409155937055
3465,5.0225,4.91125,0.4160457796852647,2.044062947067239
3466,5.01,4.9125,0.4175107296137339,2.0509298998569387
3467,5.005,4.9125,0.4170529327610873,2.0486409155937055
3468,5.005,4.9125,0.4173276108726753,2.0509298998569387
3469,5.0175,4.91375,0.41815164520743925,2.0555078683834047
3470,5.005,4.91375,0.4170529327610873,2.0486409155937055
3471,5.0025,4.91375,0.4183347639484979,2.0555078683834047
3472,4.9925,4.9125,0.4160457796852647,2.044062947067239
3473,5,4.9125,0.41668669527897,2.0486409155937055
3474,5.01,4.91375,0.41558798283261805,2.044062947067239
3475,5.0025,4.9125,0.41686981402002865,2.0486409155937055
3476,5.01,4.9125,0.4175107296137339,2.0509298998569387
3477,4.995,4.9125,0.4176938483547926,2.0509298998569387
3478,4.99,4.9125,0.41586266094420604,2.044062947067239
3479,5.005,4.9125,0.4170529327610873,2.0486409155937055
3480,5.0025,4.91375,0.41787696709585126,2.0555078683834047
3481,5.0025,4.91375,0.41686981402002865,2.0486409155937055
3482,5.005,4.9125,0.4170529327610873,2.0486409155937055
3483,5.0075,4.915,0.4187925608011445,2.0577968526466384
3484,4.9925,4.91375,0.4160457796852647,2.044062947067239
3485,5.01,4.91375,0.4175107296137339,2.0509298998569387
3486,5.0025,4.9125,0.4170529327610873,2.0486409155937055
3487,5.0325,4.91375,0.4162288984263234,2.044062947067239
3488,4.9925,4.9125,0.4160457796852647,2.044062947067239
3489,5.0125,4.91375,0.4176938483547926,2.0509298998569387
3490,4.98,4.9125,0.4187925608011445,2.0577968526466384
3491,5.005,4.9125,0.4170529327610873,2.0486409155937055
3492,5.0075,4.9125,0.4160457796852647,2.044062947067239
3493,5.005,4.9125,0.41787696709585126,2.0509298998569387
3494,4.9875,4.91375,0.41558798283261805,2.044062947067239
3495,5.005,4.915,0.41650357653791137,2.0486409155937055
3496,4.99,4.91375,0.41650357653791137,2.0486409155937055
3497,5.015,4.91375,0.41787696709585126,2.0555078683834047
3498,4.9975,4.9125,0.41650357653791137,2.044062947067239
3499,4.995,4.91375,0.41815164520743925,2.0555078683834047
3500,5.015,4.9125,0.41787696709585126,2.0509298998569387
3501,4.99,4.9125,0.41586266094420604,2.044062947067239
3502,4.985,4.9125,0.41686981402002865,2.0486409155937055
3503,5.02,4.91375,0.4183347639484979,2.0555078683834047
3504,5.015,4.91375,0.41787696709585126,2.0555078683834047
3505,4.99,4.915,0.4170529327610873,2.0509298998569387
3506,5.0075,4.91375,0.4173276108726753,2.0509298998569387
3507,5.005,4.9125,0.4170529327610873,2.0486409155937055
3508,5,4.91375,0.4175107296137339,2.0509298998569387
3509,4.9975,4.9125,0.41650357653791137,2.0486409155937055
3510,4.9925,4.9125,0.4160457796852647,2.044062947067239
3511,5.005,4.9125,0.4170529327610873,2.0486409155937055
3512,5.0075,4.91375,0.4173276108726753,2.0509298998569387
3513,4.995,4.9125,0.4162288984263234,2.044062947067239
3514,5.0075,4.91375,0.41686981402002865,2.0486409155937055
3515,5,4.9125,0.41668669527897,2.0486409155937055
3516,5.0325,4.91375,0.4193419170243205,2.0577968526466384
3517,5,4.91375,0.4175107296137339,2.0509298998569387
3518,4.995,4.91375,0.41668669527897,2.0486409155937055
3519,5.0125,4.91375,0.4176938483547926,2.0509298998569387
3520,5.02,4.91375,0.41686981402002865,2.0486409155937055
3521,5.02,4.91375,0.41787696709585126,2.0555078683834047
3522,5.0025,4.9125,0.41686981402002865,2.0486409155937055
3523,4.9975,4.91375,0.4173276108726753,2.0509298998569387
3524,5.01,4.91375,0.41668669527897,2.0486409155937055
3525,5.0075,4.91375,0.4173276108726753,2.0509298998569387
3526,5.005,4.9125,0.41650357653791137,2.0486409155937055
3527,4.985,4.91375,0.4162288984263234,2.044062947067239
3528,4.995,4.9125,0.4162288984263234,2.044062947067239
3529,5.0025,4.91375,0.4160457796852647,2.044062947067239
3530,4.9925,4.9125,0.4162288984263234,2.044062947067239
3531,4.9975,4.91375,0.41650357653791137,2.0486409155937055
3532,5.005,4.9125,0.4170529327610873,2.0486409155937055
3533,4.9925,4.9125,0.4176938483547926,2.0509298998569387
3534,5.005,4.9125,0.4170529327610873,2.0486409155937055
3535,5.0075,4.91375,0.4173276108726753,2.0509298998569387
3536,5.005,4.91375,0.4176938483547926,2.0509298998569387
3537,5.0075,4.91375,0.4173276108726753,2.0509298998569387
3538,4.9925,4.91125,0.4160457796852647,2.044062947067239
3539,4.99,4.9125,0.4154048640915594,2.0394849785407727
3540,4.9825,4.9125,0.41522174535050077,2.0394849785407727
3541,5,4.91375,0.41668669527897,2.0486409155937055
3542,5.02,4.9125,0.41668669527897,2.0486409155937055
3543,5.0025,4.91375,0.41686981402002865,2.0486409155937055
3544,4.9925,4.9125,0.4160457796852647,2.044062947067239
3545,5.0075,4.91125,0.4183347639484979,2.0555078683834047
3546,5.0125,4.91125,0.4176938483547926,2.0509298998569387
3547,4.9875,4.91125,0.41558798283261805,2.0394849785407727
3548,5.015,4.91375,0.4176938483547926,2.0509298998569387
3549,4.9975,4.91375,0.41650357653791137,2.0486409155937055
3550,5.015,4.9125,0.41787696709585126,2.0509298998569387
3551,5.0125,4.91125,0.4176938483547926,2.0509298998569387
3552,5.005,4.9125,0.41650357653791137,2.0486409155937055
3553,5.01,4.9125,0.4175107296137339,2.0509298998569387
3554,5,4.915,0.41650357653791137,2.0486409155937055
3555,4.9575,4.91625,0.4122918454935623,2.0257510729613735
3556,1.535,5.13125,0.12790844062947068,0.6569384835479257
3557,1.295,5.16625,0.13083834048640916,0.6752503576537912
3558,1.43,5.1475,0.12104148783977112,0.6226037195994278
3559,2.1225,5.10625,0.17689270386266095,0.9041487839771103
3560,1.4625,5.14,0.11628040057224608,0.5974248927038627
3561,1.415,5.155,0.11545636623748214,0.5974248927038627
3562,1.39,5.17125,0.11582260371959945,0.5997138769670959
3563,1.4725,5.1375,0.12268955650929901,0.6340486409155938
3564,1.34,5.16375,0.11252646638054364,0.5814020028612304
3565,1.6825,5.15875,0.14017739628040057,0.7233190271816882
3566,1.385,5.14875,0.11545636623748214,0.5974248927038627
3567,1.2525,5.165,0.11499856938483549,0.5928469241773964
3568,1.265,5.1475,0.10538483547925609,0.5447782546494994
3569,1.285,5.1575,0.10712446351931332,0.5516452074391989
3570,1.2675,5.1625,0.11747067238912734,0.6065808297567954
3571,1.27,5.1575,0.10584263233190273,0.5470672389127326
3572,1.2125,5.15125,0.10108154506437769,0.5218884120171675
3573,1.1975,5.175,0.10163090128755366,0.5241773962804006
3574,1.35,5.18,0.11252646638054364,0.5814020028612304
3575,1.3575,5.18,0.11316738197424894,0.5859799713876968
3576,1.3,5.1525,0.101447782546495,0.5218884120171675
3577,1.15,5.15375,0.09586266094420602,0.49442060085836914
3578,1.1375,5.16625,0.09476394849785409,0.492131616595136
3579,1.1575,5.175,0.11353361945636625,0.58826895565093
3580,1.3725,5.1775,0.11435765379113019,0.5928469241773964
3581,1.2625,5.15125,0.10520171673819743,0.5447782546494994
3582,1.2125,5.175,0.10666666666666667,0.5516452074391989
3583,1.175,5.17625,0.11728755364806868,0.6065808297567954
3584,1.3175,5.15,0.10977968526466382,0.5653791130185981
3585,1.21,5.17625,0.11435765379113019,0.5928469241773964
3586,1.16,5.17625,0.11087839771101575,0.5745350500715308
3587,1.2975,5.16375,0.10813161659513591,0.5585121602288985
3588,1.2475,5.16625,0.09622889842632333,0.4989985693848355
3589,1.22,5.1725,0.09851788268955652,0.5104434907010015
3590,1.3575,5.175,0.11316738197424894,0.5859799713876968
3591,1.37,5.155,0.09476394849785409,0.4875536480686696
3592,1.2875,5.16125,0.09439771101573678,0.4875536480686696
3593,1.1425,5.16625,0.09522174535050072,0.492131616595136
3594,1.19,5.1725,0.09915879828326181,0.58826895565093
3595,1.2375,5.17125,0.11582260371959945,0.5997138769670959
3596,1.315,5.155,0.10959656652360517,0.5653791130185981
3597,1.23,5.1475,0.10245493562231761,0.528755364806867
3598,1.2975,5.16125,0.11664663805436339,0.6042918454935623
3599,1.2425,5.14875,0.10355364806866954,0.5333333333333334
3600,0.8975,5.19375,0.07480400572246067,0.3891273247496424
3601,0.85,5.185,0.057499284692417746,0.2952789699570816
3602,0.8075,5.1925,0.0672961373390558,0.34792560801144495
3603,0.8725,5.21,0.07269814020028613,0.3776824034334764
3604,0.73,5.2,0.07205722460658083,0.37539341917024327
3605,0.7125,5.18125,0.059330472103004295,0.30672389127324756
3606,0.83,5.19875,0.06912732474964235,0.35937052932761093
3607,0.7525,5.195,0.06775393419170243,0.35250357653791137
3608,0.89,5.19625,0.07416309012875537,0.3868383404864092
3609,0.885,5.21,0.07370529327610874,0.38226037195994284
3610,0.85,5.185,0.064,0.32961373390557946
3611,0.7425,5.19375,0.06189413447782547,0.32274678111587984
3612,0.73,5.17875,0.06079542203147354,0.3158798283261803
3613,0.8225,5.19875,0.06253505007153076,0.32732474964234626
3614,0.7725,5.18,0.06436623748211731,0.3341917024320458
3615,0.845,5.185,0.07040915593705294,0.3639484978540773
3616,0.8275,5.19125,0.0566752503576538,0.2929899856938484
3617,0.8625,5.18375,0.06042918454935623,0.3158798283261803
3618,0.8725,5.21125,0.07269814020028613,0.3776824034334764
3619,0.685,5.20625,0.07517024320457798,0.3891273247496424
3620,0.69,5.21,0.07416309012875537,0.3868383404864092
3621,0.7825,5.2025,0.06519027181688127,0.33648068669527903
3622,0.6925,5.215,0.07105007153075824,0.37081545064377686
3623,0.7275,5.20875,0.06271816881258942,0.32732474964234626
3624,0.7725,5.18875,0.06436623748211731,0.3341917024320458
3625,0.86,5.1825,0.06564806866952791,0.3410586552217454
3626,0.94,5.175,0.064,0.32961373390557946
3627,0.775,5.18,0.06454935622317597,0.3341917024320458
3628,0.8175,5.185,0.06812017167381974,0.35250357653791137
3629,0.8825,5.185,0.06107010014306152,0.3158798283261803
3630,0.7525,5.17875,0.06271816881258942,0.32732474964234626
3631,0.88,5.2025,0.07333905579399143,0.38226037195994284
3632,0.6925,5.20875,0.07352217453505008,0.38226037195994284
3633,0.8175,5.2125,0.06812017167381974,0.3570815450643777
3634,0.69,5.18375,0.057499284692417746,0.2952789699570816
3635,0.89,5.18,0.064,0.32961373390557946
3636,0.855,5.20125,0.07123319027181689,0.37081545064377686
3637,0.8,5.21125,0.0666552217453505,0.34792560801144495
3638,0.6875,5.21375,0.07187410586552218,0.37539341917024327
3639,0.6825,5.18625,0.056858369098712454,0.2952789699570816
3640,0.8925,5.20375,0.07434620886981402,0.3868383404864092
3641,0.8525,5.19375,0.06775393419170243,0.35250357653791137
3642,0.725,5.1825,0.06042918454935623,0.3158798283261803
3643,0.78,5.1825,0.06500715307582261,0.33648068669527903
3644,0.9,5.18125,0.060612303290414886,0.3158798283261803
3645,0.7775,5.18125,0.06482403433476396,0.33648068669527903
3646,0.74,5.18,0.061711015736766815,0.3181688125894135
3647,0.855,5.185,0.0566752503576538,0.2929899856938484
3648,0.78,5.19375,0.06436623748211731,0.3341917024320458
3649,0.845,5.2,0.07040915593705294,0.36852646638054365
3650,0.86,5.18,0.07773390557939915,0.4005722460658083
3651,0.725,5.21,0.07663519313304722,0.3982832618025752
3652,0.69,5.1825,0.057499284692417746,0.2952789699570816
3653,0.855,5.185,0.056858369098712454,0.2952789699570816
3654,0.7275,5.19875,0.06812017167381974,0.35250357653791137
3655,0.8425,5.2125,0.07022603719599428,0.36852646638054365
3656,0.875,5.19625,0.061711015736766815,0.32274678111587984
3657,0.8475,5.19125,0.060246065808297576,0.3113018597997139
3658,1.5375,5.17,0.12809155937052935,0.6638054363376252
3659,1.4225,5.15625,0.11856938483547927,0.7622317596566525
3660,2,5.10625,0.1833018597997139,0.9384835479256081
3661,1.9575,5.12875,0.16315879828326182,0.8354792560801145
3662,0.915,5.185,0.0762689556509299,0.3937052932761088
3663,0.8375,5.1925,0.06079542203147354,0.3158798283261803
3664,0.72,5.195,0.059971387696709594,0.3113018597997139
3665,0.74,5.17875,0.061711015736766815,0.3181688125894135
3666,0.8575,5.19125,0.06079542203147354,0.3158798283261803
3667,0.7,5.1825,0.05832331902718169,0.30443490701001436
3668,0.8575,5.215,0.07141630901287555,0.37081545064377686
3669,0.7225,5.21,0.06454935622317597,0.33648068669527903
3670,0.6875,5.18,0.05731616595135909,0.2952789699570816
3671,0.7775,5.20125,0.06482403433476396,0.33648068669527903
3672,0.72,5.20875,0.07773390557939915,0.40515021459227474
3673,0.91,5.2075,0.07581115879828328,0.3937052932761088
3674,0.895,5.20625,0.07462088698140201,0.3891273247496424
3675,0.88,5.185,0.07269814020028613,0.3776824034334764
3676,0.8425,5.2125,0.07022603719599428,0.36852646638054365
3677,0.765,5.18875,0.06372532188841203,0.32961373390557946
3678,0.7725,5.195,0.06711301859799715,0.34792560801144495
3679,0.7775,5.21125,0.06482403433476396,0.33648068669527903
3680,0.68,5.18875,0.0566752503576538,0.2929899856938484
3681,0.76,5.2,0.06290128755364807,0.32732474964234626
3682,0.8525,5.18625,0.06253505007153076,0.32274678111587984
3683,0.85,5.21,0.07086695278969958,0.36852646638054365
3684,0.68,5.21125,0.07187410586552218,0.37539341917024327
3685,0.7575,5.20375,0.059330472103004295,0.30672389127324756
3686,0.86,5.21,0.07169098712446352,0.37539341917024327
3687,0.84,5.18875,0.06912732474964235,0.35937052932761093
3688,0.7925,5.195,0.07315593705293277,0.3776824034334764
3689,0.895,5.2,0.07462088698140201,0.3868383404864092
3690,0.91,5.17875,0.06226037195994278,0.32274678111587984
3691,0.805,5.18875,0.0666552217453505,0.34563662374821175
3692,0.795,5.21125,0.0662889842632332,0.34563662374821175
3693,0.7,5.18375,0.05832331902718169,0.30443490701001436
3694,0.8725,5.18375,0.05850643776824035,0.30443490701001436
3695,0.885,5.21,0.07370529327610874,0.38226037195994284
3696,0.74,5.185,0.061711015736766815,0.3181688125894135
3697,0.85,5.1825,0.057499284692417746,0.2952789699570816
3698,0.8675,5.21125,0.07233190271816882,0.3776824034334764
3699,0.685,5.185,0.05704148783977111,0.2952789699570816
3700,0.8775,5.1825,0.0576824034334764,0.29985693848354794
3701,0.73,5.19125,0.06079542203147354,0.3158798283261803
3702,0.7725,5.1825,0.06436623748211731,0.3341917024320458
3703,0.8825,5.18625,0.059971387696709594,0.3113018597997139
3704,0.7475,5.17875,0.06226037195994278,0.32274678111587984
3705,0.8075,5.18625,0.0672961373390558,0.34792560801144495
3706,0.8375,5.1975,0.06564806866952791,0.3410586552217454
3707,0.7525,5.1825,0.06271816881258942,0.32732474964234626
3708,0.87,5.175,0.07251502145922747,0.37539341917024327
3709,0.7625,5.20625,0.08084692417739629,0.421173104434907
3710,0.73,5.18125,0.06079542203147354,0.3158798283261803
3711,0.74,5.185,0.061711015736766815,0.3181688125894135
3712,0.83,5.1875,0.06226037195994278,0.32274678111587984
3713,0.7225,5.2075,0.06253505007153076,0.32732474964234626
3714,0.77,5.19,0.06418311874105866,0.3341917024320458
3715,0.7475,5.2075,0.06583118741058656,0.3410586552217454
3716,0.7675,5.205,0.06940200286123034,0.35937052932761093
3717,0.7275,5.1925,0.060612303290414886,0.3158798283261803
3718,0.725,5.21125,0.07416309012875537,0.3868383404864092
3719,0.745,5.21,0.06876108726752504,0.35937052932761093
3720,0.7525,5.19875,0.06271816881258942,0.32732474964234626
3721,0.6825,5.2125,0.07233190271816882,0.3776824034334764
3722,0.8725,5.18375,0.05731616595135909,0.2952789699570816
3723,0.84,5.20125,0.07004291845493563,0.3639484978540773
3724,0.8,5.19125,0.0666552217453505,0.3341917024320458
3725,0.68,5.2125,0.07040915593705294,0.36852646638054365
3726,0.69,5.18375,0.057499284692417746,0.2952789699570816
3727,0.86,5.20375,0.07169098712446352,0.37081545064377686
3728,0.6825,5.20625,0.07233190271816882,0.37539341917024327
3729,0.7875,5.2125,0.06564806866952791,0.3410586552217454
3730,0.69,5.19375,0.057499284692417746,0.29985693848354794
3731,0.8625,5.1875,0.0672961373390558,0.34792560801144495
3732,0.9125,5.20875,0.07608583690987125,0.3982832618025752
3733,0.81,5.20875,0.06747925608011446,0.35250357653791137
3734,0.7275,5.20375,0.0769098712446352,0.4005722460658083
3735,0.8925,5.21,0.07434620886981402,0.3868383404864092
3736,0.68,5.185,0.0566752503576538,0.2929899856938484
3737,0.76,5.20125,0.05978826895565094,0.3113018597997139
3738,0.7225,5.185,0.060246065808297576,0.3113018597997139
3739,0.8775,5.21,0.07315593705293277,0.38226037195994284
3740,0.6975,5.2125,0.06747925608011446,0.35250357653791137
3741,0.7575,5.195,0.06308440629470673,0.32732474964234626
3742,0.8175,5.1975,0.06812017167381974,0.35250357653791137
3743,0.865,5.18125,0.058964234620886985,0.30443490701001436
3744,0.6875,5.21,0.07288125894134478,0.3776824034334764
3745,0.755,5.20875,0.06290128755364807,0.32732474964234626
3746,0.93,5.1775,0.06583118741058656,0.3410586552217454
3747,0.865,5.18625,0.0672961373390558,0.34792560801144495
3748,0.8125,5.185,0.06775393419170243,0.35250357653791137
3749,0.915,5.17875,0.06271816881258942,0.32732474964234626
3750,0.8875,5.18125,0.06418311874105866,0.3341917024320458
3751,0.715,5.1875,0.059605150214592284,0.30672389127324756
3752,0.82,5.1925,0.0566752503576538,0.2929899856938484
3753,0.7775,5.1925,0.06564806866952791,0.3410586552217454
3754,0.6925,5.20125,0.0576824034334764,0.29985693848354794
3755,0.785,5.19875,0.05795708154506438,0.29985693848354794
3756,0.745,5.1975,0.0683032904148784,0.3570815450643777
3757,0.7725,5.21125,0.06436623748211731,0.3341917024320458
3758,0.8125,5.18625,0.06775393419170243,0.35250357653791137
3759,0.88,5.18125,0.05731616595135909,0.2952789699570816
3760,0.7625,5.19,0.06354220314735337,0.32961373390557946
3761,0.985,5.1925,0.08212875536480688,0.4280400572246066
3762,0.785,5.20125,0.06335908440629472,0.32961373390557946
3763,0.7225,5.19,0.060246065808297576,0.3113018597997139
3764,0.745,5.18,0.062077253218884125,0.32274678111587984
3765,0.8125,5.19875,0.06271816881258942,0.32732474964234626
3766,0.685,5.19,0.05704148783977111,0.2952789699570816
3767,0.845,5.20375,0.07040915593705294,0.36852646638054365
3768,0.72,5.2,0.06976824034334765,0.3639484978540773
3769,0.7225,5.205,0.060246065808297576,0.3158798283261803
3770,0.77,5.18875,0.06418311874105866,0.3341917024320458
3771,0.78,5.1925,0.06500715307582261,0.33648068669527903
3772,0.85,5.21375,0.07086695278969958,0.37081545064377686
3773,0.695,5.185,0.05795708154506438,0.29985693848354794
3774,0.87,5.18375,0.05850643776824035,0.30443490701001436
3775,0.7525,5.20875,0.06271816881258942,0.32732474964234626
3776,0.8925,5.20875,0.07434620886981402,0.3868383404864092
3777,0.79,5.19375,0.07205722460658083,0.37539341917024327
3778,0.785,5.195,0.07233190271816882,0.37539341917024327
3779,0.8925,5.2125,0.07434620886981402,0.3868383404864092
3780,0.835,5.1875,0.06812017167381974,0.35250357653791137
3781,0.75,5.195,0.0683032904148784,0.3570815450643777
3782,0.6775,5.19375,0.056492131616595144,0.2929899856938484
3783,0.795,5.195,0.056858369098712454,0.2952789699570816
3784,0.785,5.1925,0.06537339055793992,0.3410586552217454
3785,0.85,5.21375,0.07086695278969958,0.37081545064377686
3786,0.7,5.2125,0.06857796852646639,0.3570815450643777
3787,0.8225,5.19,0.0566752503576538,0.2929899856938484
3788,0.8175,5.1975,0.06812017167381974,0.35250357653791137
3789,0.735,5.2,0.06125321888412018,0.3181688125894135
3790,0.7625,5.2025,0.058964234620886985,0.30672389127324756
3791,0.8675,5.21125,0.07233190271816882,0.3776824034334764
3792,0.7175,5.18375,0.05978826895565094,0.3113018597997139
3793,0.7975,5.2025,0.06290128755364807,0.32732474964234626
3794,0.72,5.1875,0.059971387696709594,0.3113018597997139
3795,0.7425,5.17875,0.06189413447782547,0.3181688125894135
3796,0.71,5.21125,0.06793705293276109,0.35250357653791137
3797,0.69,5.18375,0.057499284692417746,0.2952789699570816
3798,0.8525,5.20375,0.07105007153075824,0.37081545064377686
3799,0.6975,5.2025,0.07187410586552218,0.37539341917024327
3800,0.6925,5.1975,0.0576824034334764,0.29985693848354794
3801,0.77,5.19125,0.06418311874105866,0.3341917024320458
3802,0.68,5.21,0.07269814020028613,0.3776824034334764
3803,0.725,5.20375,0.06042918454935623,0.3158798283261803
3804,0.7675,5.18875,0.064,0.3341917024320458
3805,0.855,5.1825,0.058964234620886985,0.30443490701001436
3806,0.77,5.18125,0.06418311874105866,0.3341917024320458
3807,0.92,5.21125,0.07663519313304722,0.3982832618025752
3808,0.835,5.18875,0.06876108726752504,0.3570815450643777
3809,0.86,5.19,0.059971387696709594,0.3113018597997139
3810,0.725,5.1825,0.06042918454935623,0.3158798283261803
3811,0.7375,5.20625,0.06354220314735337,0.32961373390557946
3812,0.6925,5.205,0.07205722460658083,0.37539341917024327
3813,0.68,5.1875,0.0566752503576538,0.2929899856938484
3814,0.8325,5.18875,0.056492131616595144,0.2929899856938484
3815,0.7275,5.19875,0.0689442060085837,0.35937052932761093
3816,0.8325,5.2125,0.06940200286123034,0.35937052932761093
3817,0.68,5.21,0.07251502145922747,0.3776824034334764
3818,0.715,5.21125,0.06482403433476396,0.33648068669527903
3819,0.685,5.18375,0.05704148783977111,0.2952789699570816
3820,0.8725,5.1825,0.07269814020028613,0.30443490701001436
3821,0.905,5.18,0.07397997138769671,0.38226037195994284
3822,0.7625,5.18,0.06354220314735337,0.32961373390557946
3823,0.8575,5.19375,0.07141630901287555,0.37081545064377686
3824,0.9025,5.18125,0.06107010014306152,0.3158798283261803
3825,0.79,5.1825,0.06583118741058656,0.3410586552217454
3826,0.785,5.19125,0.06537339055793992,0.33648068669527903
3827,0.7625,5.19375,0.06711301859799715,0.34792560801144495
3828,0.6775,5.18875,0.056492131616595144,0.2929899856938484
3829,0.815,5.1975,0.06793705293276109,0.35250357653791137
3830,0.84,5.1875,0.06226037195994278,0.32274678111587984
3831,0.8525,5.20375,0.07105007153075824,0.37081545064377686
3832,0.77,5.20875,0.06418311874105866,0.3341917024320458
3833,0.715,5.21125,0.06418311874105866,0.3341917024320458
3834,0.705,5.18125,0.05878111587982833,0.30443490701001436
3835,0.8225,5.2125,0.06857796852646639,0.3570815450643777
3836,0.8325,5.18875,0.06912732474964235,0.35937052932761093
3837,0.9025,5.205,0.07517024320457798,0.3891273247496424
3838,0.84,5.2075,0.07004291845493563,0.3639484978540773
3839,0.8425,5.1875,0.06747925608011446,0.34792560801144495
3840,0.73,5.21,0.07370529327610874,0.38226037195994284
3841,0.855,5.21375,0.07123319027181689,0.37081545064377686
3842,0.75,5.20625,0.06308440629470673,0.32961373390557946
3843,0.84,5.18875,0.0566752503576538,0.2929899856938484
3844,0.86,5.205,0.07169098712446352,0.37081545064377686
3845,0.68,5.2075,0.07251502145922747,0.3776824034334764
3846,0.8625,5.18375,0.05704148783977111,0.2952789699570816
3847,0.8525,5.2,0.07105007153075824,0.37081545064377686
3848,0.6925,5.20625,0.07251502145922747,0.3776824034334764
3849,0.7925,5.1975,0.0576824034334764,0.29985693848354794
3850,0.78,5.1875,0.06500715307582261,0.33648068669527903
3851,0.8475,5.1925,0.06042918454935623,0.3158798283261803
3852,0.905,5.18125,0.06042918454935623,0.3113018597997139
3853,0.725,5.185,0.06042918454935623,0.3158798283261803
3854,0.745,5.17875,0.062077253218884125,0.32274678111587984
3855,0.79,5.2025,0.06308440629470673,0.32961373390557946
3856,0.69,5.1825,0.057499284692417746,0.2952789699570816
3857,0.875,5.20875,0.07288125894134478,0.3776824034334764
3858,0.6925,5.21375,0.06775393419170243,0.35250357653791137
3859,0.79,5.2125,0.06583118741058656,0.3410586552217454
3860,0.705,5.1825,0.05878111587982833,0.30443490701001436
3861,0.7725,5.2025,0.05878111587982833,0.30672389127324756
3862,0.8075,5.1925,0.0672961373390558,0.34792560801144495
3863,0.8225,5.21375,0.06857796852646639,0.3570815450643777
3864,0.6875,5.2125,0.07086695278969958,0.36852646638054365
3865,0.725,5.20125,0.06042918454935623,0.3158798283261803
3866,0.72,5.18375,0.059971387696709594,0.3113018597997139
3867,0.7275,5.21125,0.07141630901287555,0.37081545064377686
3868,0.72,5.18375,0.059971387696709594,0.3113018597997139
3869,0.8075,5.185,0.0672961373390558,0.34792560801144495
3870,0.9,5.1825,0.060612303290414886,0.3158798283261803
3871,0.72,5.18375,0.059971387696709594,0.3113018597997139
3872,0.88,5.21125,0.07333905579399143,0.38226037195994284
3873,0.7525,5.195,0.06775393419170243,0.35250357653791137
3874,0.69,5.21375,0.06976824034334765,0.3639484978540773
3875,0.69,5.18125,0.057499284692417746,0.2952789699570816
3876,0.855,5.1825,0.059605150214592284,0.30672389127324756
3877,0.6975,5.21125,0.06583118741058656,0.3410586552217454
3878,0.7725,5.19,0.06436623748211731,0.3341917024320458
3879,0.8025,5.19125,0.06976824034334765,0.3639484978540773
3880,0.805,5.19375,0.057499284692417746,0.29985693848354794
3881,0.73,5.195,0.06079542203147354,0.3158798283261803
3882,0.7875,5.2025,0.07004291845493563,0.3639484978540773
3883,0.89,5.1825,0.06418311874105866,0.3341917024320458
3884,0.84,5.18875,0.07004291845493563,0.3639484978540773
3885,0.79,5.2,0.06583118741058656,0.3410586552217454
3886,0.8625,5.1825,0.058964234620886985,0.30443490701001436
3887,0.855,5.20375,0.07123319027181689,0.37081545064377686
3888,0.775,5.21,0.06454935622317597,0.33648068669527903
3889,0.685,5.2125,0.07187410586552218,0.37539341917024327
3890,0.74,5.2075,0.061711015736766815,0.32274678111587984
3891,0.7,5.18375,0.05832331902718169,0.30443490701001436
3892,0.865,5.1825,0.06454935622317597,0.3341917024320458
3893,0.8775,5.2075,0.07315593705293277,0.38226037195994284
3894,0.7675,5.20875,0.064,0.3341917024320458
3895,0.715,5.21125,0.06436623748211731,0.3341917024320458
3896,0.7825,5.205,0.06519027181688127,0.33648068669527903
3897,0.7225,5.18625,0.060246065808297576,0.3113018597997139
3898,0.725,5.21,0.07462088698140201,0.3891273247496424
3899,0.775,5.20625,0.06454935622317597,0.33648068669527903
3900,0.7225,5.19125,0.060246065808297576,0.3113018597997139
3901,0.755,5.20375,0.05978826895565094,0.3113018597997139
3902,0.8125,5.195,0.06775393419170243,0.35250357653791137
3903,0.8925,5.20875,0.07434620886981402,0.3868383404864092
3904,0.68,5.2125,0.07169098712446352,0.37539341917024327
3905,0.8025,5.19375,0.0566752503576538,0.2929899856938484
3906,0.815,5.195,0.06793705293276109,0.35250357653791137
3907,0.7725,5.19375,0.06519027181688127,0.33648068669527903
3908,0.7875,5.19875,0.057499284692417746,0.29985693848354794
3909,0.76,5.20375,0.06335908440629472,0.32961373390557946
3910,0.73,5.2075,0.0683032904148784,0.3570815450643777
3911,0.875,5.185,0.060246065808297576,0.3113018597997139
3912,0.7425,5.18,0.06189413447782547,0.3181688125894135
3913,0.735,5.2075,0.07608583690987125,0.3982832618025752
3914,0.7875,5.20125,0.06372532188841203,0.32961373390557946
3915,0.74,5.18,0.061711015736766815,0.3181688125894135
3916,0.8275,5.19625,0.0689442060085837,0.29985693848354794
3917,0.8175,5.18875,0.06812017167381974,0.35250357653791137
3918,0.7375,5.2075,0.06143633762517883,0.3181688125894135
3919,0.7925,5.19375,0.06601430615164522,0.3410586552217454
3920,0.8675,5.1825,0.05878111587982833,0.30443490701001436
3921,0.86,5.2125,0.07169098712446352,0.37539341917024327
3922,0.7575,5.18,0.06308440629470673,0.32732474964234626
3923,0.875,5.18875,0.06226037195994278,0.32274678111587984
3924,0.92,5.2075,0.07663519313304722,0.3982832618025752
3925,0.6825,5.19375,0.056858369098712454,0.2952789699570816
3926,0.8475,5.18875,0.07315593705293277,0.3776824034334764
3927,0.8625,5.195,0.07187410586552218,0.37539341917024327
3928,0.8475,5.19125,0.07059227467811159,0.36852646638054365
3929,0.86,5.18875,0.059971387696709594,0.3113018597997139
3930,0.9575,5.20375,0.07974821173104436,0.41659513590844066
3931,0.775,5.18125,0.06454935622317597,0.3341917024320458
3932,0.7975,5.20125,0.062077253218884125,0.32274678111587984
3933,0.79,5.20625,0.06583118741058656,0.3410586552217454
3934,0.905,5.21,0.07544492131616595,0.3937052932761088
3935,0.7525,5.1975,0.07333905579399143,0.38226037195994284
3936,0.86,5.2125,0.07169098712446352,0.37539341917024327
3937,0.6925,5.18125,0.0576824034334764,0.29985693848354794
3938,0.82,5.19,0.06436623748211731,0.3341917024320458
3939,0.685,5.2125,0.06876108726752504,0.35937052932761093
3940,0.6775,5.18375,0.056492131616595144,0.2929899856938484
3941,0.72,5.21,0.07480400572246067,0.3891273247496424
3942,0.8225,5.195,0.06125321888412018,0.3181688125894135
3943,0.7975,5.18625,0.06647210300429185,0.34563662374821175
3944,0.895,5.1825,0.06042918454935623,0.3158798283261803
3945,0.9025,5.18125,0.06042918454935623,0.3113018597997139
3946,0.6875,5.19625,0.05731616595135909,0.2952789699570816
3947,0.79,5.1975,0.05795708154506438,0.29985693848354794
3948,0.6975,5.20375,0.07233190271816882,0.37539341917024327
3949,0.745,5.20875,0.062077253218884125,0.32274678111587984
3950,0.6975,5.21375,0.05814020028612304,0.29985693848354794
3951,0.8575,5.18375,0.05731616595135909,0.2952789699570816
3952,0.87,5.2075,0.07251502145922747,0.3776824034334764
3953,0.7275,5.20625,0.060612303290414886,0.3158798283261803
3954,0.68,5.21,0.07608583690987125,0.3982832618025752
3955,0.6925,5.19625,0.0576824034334764,0.29985693848354794
3956,0.715,5.18875,0.059605150214592284,0.30672389127324756
3957,0.76,5.1975,0.07370529327610874,0.38226037195994284
3958,0.8725,5.21,0.07269814020028613,0.3776824034334764
3959,0.905,5.2,0.07544492131616595,0.3937052932761088
3960,0.9125,5.18,0.062077253218884125,0.32274678111587984
3961,0.78,5.1925,0.06500715307582261,0.33648068669527903
3962,0.7875,5.2125,0.06564806866952791,0.3410586552217454
3963,0.71,5.2125,0.07123319027181689,0.37081545064377686
3964,0.7425,5.185,0.06189413447782547,0.32274678111587984
3965,0.84,5.2125,0.07004291845493563,0.3639484978540773
3966,0.6875,5.21125,0.07544492131616595,0.3937052932761088
3967,0.69,5.18,0.057499284692417746,0.2952789699570816
3968,0.8825,5.20875,0.07352217453505008,0.38226037195994284
3969,0.7025,5.21375,0.0666552217453505,0.34792560801144495
3970,0.8575,5.18375,0.058964234620886985,0.30672389127324756
3971,0.7175,5.1925,0.05978826895565094,0.3113018597997139
3972,0.74,5.2125,0.07105007153075824,0.37081545064377686
3973,0.895,5.18125,0.060246065808297576,0.3113018597997139
3974,0.8025,5.18625,0.06683834048640916,0.34563662374821175
3975,0.8875,5.18125,0.06454935622317597,0.3341917024320458
3976,0.68,5.2125,0.07187410586552218,0.37539341917024327
3977,0.6725,5.19375,0.05603433476394851,0.2929899856938484
3978,0.845,5.19,0.0566752503576538,0.2929899856938484
3979,0.765,5.19375,0.06564806866952791,0.3410586552217454
3980,0.7225,5.205,0.060246065808297576,0.3158798283261803
3981,0.8725,5.1825,0.07269814020028613,0.3158798283261803
3982,0.705,5.20375,0.0762689556509299,0.3982832618025752
3983,0.755,5.21,0.06290128755364807,0.32732474964234626
3984,0.8275,5.2,0.0689442060085837,0.35937052932761093
3985,0.675,5.20875,0.07251502145922747,0.3776824034334764
3986,0.8975,5.21,0.07480400572246067,0.3891273247496424
3987,0.83,5.21,0.06912732474964235,0.35937052932761093
3988,0.72,5.205,0.07498712446351932,0.3891273247496424
3989,0.905,5.2025,0.07544492131616595,0.3937052932761088
3990,0.84,5.21,0.07004291845493563,0.3639484978540773
3991,0.7325,5.2,0.06976824034334765,0.3639484978540773
3992,0.8,5.2125,0.0666552217453505,0.34792560801144495
3993,0.695,5.18,0.05795708154506438,0.29985693848354794
3994,0.84,5.18625,0.06290128755364807,0.32732474964234626
3995,0.8725,5.20375,0.07269814020028613,0.3776824034334764
3996,0.7375,5.2075,0.06143633762517883,0.3181688125894135
3997,0.7825,5.2,0.06354220314735337,0.32961373390557946
3998,0.7475,5.18625,0.06226037195994278,0.32274678111587984
3999,0.825,5.21375,0.06876108726752504,0.35937052932761093
4000,0.6825,5.2125,0.07233190271816882,0.3776824034334764
4001,0.8525,5.21,0.07105007153075824,0.37081545064377686
4002,0.785,5.205,0.06537339055793992,0.3410586552217454
4003,0.7525,5.19875,0.07416309012875537,0.3868383404864092
4004,0.7275,5.20875,0.08148783977110158,0.4234620886981402
4005,0.8625,5.21125,0.07187410586552218,0.37539341917024327
4006,0.6775,5.21,0.07169098712446352,0.37539341917024327
4007,0.79,5.1975,0.058964234620886985,0.30672389127324756
4008,0.725,5.185,0.06042918454935623,0.3158798283261803
4009,0.7575,5.20375,0.05914735336194564,0.30672389127324756
4010,0.8725,5.1825,0.05850643776824035,0.30443490701001436
4011,0.87,5.215,0.07251502145922747,0.3776824034334764
4012,0.735,5.20125,0.07022603719599428,0.3639484978540773
4013,0.795,5.18875,0.06308440629470673,0.32732474964234626
4014,0.8775,5.20875,0.07315593705293277,0.38226037195994284
4015,0.675,5.1875,0.05621745350500716,0.2929899856938484
4016,0.7175,5.20875,0.07663519313304722,0.3982832618025752
4017,0.8975,5.2075,0.07480400572246067,0.3891273247496424
4018,0.8925,5.19875,0.07434620886981402,0.3868383404864092
4019,0.8875,5.18375,0.06042918454935623,0.3158798283261803
4020,0.73,5.18,0.06079542203147354,0.3158798283261803
4021,0.805,5.195,0.06711301859799715,0.34792560801144495
4022,0.71,5.21,0.07269814020028613,0.3776824034334764
4023,0.6925,5.1925,0.0576824034334764,0.29985693848354794
4024,0.7775,5.18875,0.06482403433476396,0.33648068669527903
4025,0.8575,5.18375,0.059330472103004295,0.30672389127324756
4026,0.8875,5.2125,0.07397997138769671,0.3868383404864092
4027,0.695,5.18375,0.05795708154506438,0.29985693848354794
4028,0.83,5.19,0.0566752503576538,0.2929899856938484
4029,0.885,5.2025,0.07370529327610874,0.38226037195994284
4030,0.6825,5.195,0.056858369098712454,0.2952789699570816
4031,0.73,5.2025,0.07581115879828328,0.3937052932761088
4032,0.925,5.20375,0.07709298998569386,0.4005722460658083
4033,0.8775,5.1975,0.07315593705293277,0.3776824034334764
4034,0.8975,5.18,0.06372532188841203,0.32961373390557946
4035,0.9175,5.17875,0.062077253218884125,0.32274678111587984
4036,0.84,5.20125,0.07004291845493563,0.3639484978540773
4037,0.7,5.205,0.07187410586552218,0.37539341917024327
4038,0.7075,5.2125,0.06418311874105866,0.3341917024320458
4039,0.74,5.185,0.061711015736766815,0.3181688125894135
4040,0.8825,5.18125,0.05731616595135909,0.2952789699570816
4041,0.7225,5.21,0.06876108726752504,0.35937052932761093
4042,0.7425,5.185,0.06189413447782547,0.32274678111587984
4043,0.855,5.1825,0.059605150214592284,0.30672389127324756
4044,0.755,5.20375,0.059605150214592284,0.3113018597997139
4045,0.83,5.2,0.06912732474964235,0.35937052932761093
4046,0.9125,5.18,0.07608583690987125,0.32274678111587984
4047,0.82,5.19,0.069585121602289,0.35937052932761093
4048,0.9,5.205,0.07498712446351932,0.3891273247496424
4049,0.89,5.21,0.07416309012875537,0.3868383404864092
4050,0.885,5.1825,0.06454935622317597,0.3341917024320458
4051,0.8325,5.2,0.06940200286123034,0.35937052932761093
4052,0.715,5.205,0.059605150214592284,0.3113018597997139
4053,0.715,5.21,0.064,0.3341917024320458
4054,0.7225,5.18375,0.060246065808297576,0.3113018597997139
4055,0.795,5.19125,0.0662889842632332,0.34563662374821175
4056,0.755,5.19625,0.06747925608011446,0.34792560801144495
4057,0.7375,5.20625,0.06143633762517883,0.3181688125894135
4058,0.73,5.18375,0.06079542203147354,0.3158798283261803
4059,0.71,5.21,0.07745922746781117,0.40515021459227474
4060,0.7025,5.1825,0.05850643776824035,0.30443490701001436
4061,0.7925,5.1825,0.06601430615164522,0.3410586552217454
4062,0.7475,5.20875,0.06812017167381974,0.3570815450643777
4063,0.8825,5.21125,0.07352217453505008,0.38226037195994284
4064,0.8175,5.21,0.06812017167381974,0.3570815450643777
4065,0.7575,5.2075,0.0666552217453505,0.34792560801144495
4066,0.7625,5.205,0.06354220314735337,0.32961373390557946
4067,0.7,5.1825,0.05832331902718169,0.30443490701001436
4068,0.88,5.1825,0.05814020028612304,0.29985693848354794
4069,0.7375,5.19875,0.07086695278969958,0.36852646638054365
4070,0.8725,5.2075,0.07269814020028613,0.3776824034334764
4071,0.7525,5.195,0.07288125894134478,0.3776824034334764
4072,0.7075,5.21125,0.06482403433476396,0.33648068669527903
4073,0.78,5.19125,0.06500715307582261,0.33648068669527903
4074,0.85,5.18375,0.06125321888412018,0.3181688125894135
4075,0.725,5.21,0.06683834048640916,0.34792560801144495
4076,0.72,5.185,0.059971387696709594,0.3113018597997139
4077,0.79,5.2025,0.06418311874105866,0.3341917024320458
4078,0.7575,5.20875,0.06876108726752504,0.35937052932761093
4079,0.7375,5.17875,0.06143633762517883,0.3181688125894135
4080,0.81,5.1975,0.06747925608011446,0.34792560801144495
4081,0.7925,5.1975,0.05704148783977111,0.2952789699570816
4082,0.8425,5.2,0.07022603719599428,0.3639484978540773
4083,0.8675,5.2075,0.07233190271816882,0.37539341917024327
4084,0.6775,5.2125,0.07187410586552218,0.37539341917024327
4085,0.7525,5.19625,0.06271816881258942,0.32732474964234626
4086,0.88,5.21125,0.07333905579399143,0.38226037195994284
4087,0.69,5.205,0.07123319027181689,0.37081545064377686
4088,0.6775,5.18625,0.056492131616595144,0.2929899856938484
4089,0.8375,5.20125,0.06976824034334765,0.3639484978540773
4090,0.7525,5.195,0.06747925608011446,0.34792560801144495
4091,0.85,5.1925,0.07086695278969958,0.36852646638054365
4092,0.9125,5.20625,0.07608583690987125,0.3982832618025752
4093,0.8725,5.18375,0.07040915593705294,0.3639484978540773
4094,0.83,5.18875,0.06912732474964235,0.35937052932761093
4095,0.925,5.2,0.07709298998569386,0.4005722460658083
4096,0.8625,5.18375,0.05978826895565094,0.3113018597997139
4097,0.8625,5.2125,0.07187410586552218,0.37539341917024327
4098,0.6775,5.1875,0.056492131616595144,0.2929899856938484
4099,0.8675,5.18375,0.0566752503576538,0.2929899856938484
4100,0.745,5.19625,0.07022603719599428,0.3639484978540773
4101,0.8475,5.2125,0.07059227467811159,0.36852646638054365
4102,0.7075,5.2125,0.06418311874105866,0.3341917024320458
4103,0.7775,5.1975,0.06143633762517883,0.3181688125894135
4104,0.7275,5.185,0.060612303290414886,0.3158798283261803
4105,0.795,5.18875,0.06354220314735337,0.32961373390557946
4106,0.7175,5.2075,0.07645207439198856,0.3982832618025752
4107,0.91,5.20625,0.07581115879828328,0.3937052932761088
4108,0.8625,5.18375,0.06583118741058656,0.3410586552217454
4109,0.9,5.18,0.06857796852646639,0.3570815450643777
4110,0.74,5.17875,0.061711015736766815,0.3181688125894135
4111,0.8825,5.185,0.07352217453505008,0.32961373390557946
4112,0.885,5.18,0.05795708154506438,0.29985693848354794
4113,0.8875,5.21125,0.07397997138769671,0.3868383404864092
4114,0.76,5.1875,0.06335908440629472,0.32961373390557946
4115,0.7925,5.1925,0.06454935622317597,0.3341917024320458
4116,0.77,5.21125,0.06418311874105866,0.3341917024320458
4117,0.7375,5.1875,0.06143633762517883,0.3181688125894135
4118,0.845,5.18625,0.056492131616595144,0.2929899856938484
4119,0.805,5.19625,0.06711301859799715,0.34792560801144495
4120,0.7625,5.20875,0.06354220314735337,0.32961373390557946
4121,0.9025,5.18125,0.064,0.32961373390557946
4122,0.875,5.19625,0.07288125894134478,0.3776824034334764
4123,0.88,5.19625,0.07333905579399143,0.38226037195994284
4124,0.885,5.1825,0.06454935622317597,0.3341917024320458
4125,0.9125,5.205,0.07608583690987125,0.3982832618025752
4126,0.875,5.205,0.07288125894134478,0.3776824034334764
4127,0.735,5.2075,0.06107010014306152,0.3181688125894135
4128,0.7925,5.19375,0.06601430615164522,0.3410586552217454
4129,0.8375,5.2125,0.06976824034334765,0.3639484978540773
4130,0.6925,5.2125,0.07315593705293277,0.38226037195994284
4131,0.8225,5.18625,0.06143633762517883,0.3181688125894135
4132,0.8025,5.2125,0.06683834048640916,0.34792560801144495
4133,0.7,5.21125,0.07105007153075824,0.37081545064377686
4134,0.8625,5.18375,0.056858369098712454,0.2952789699570816
4135,0.885,5.21375,0.07370529327610874,0.38226037195994284
4136,0.845,5.1875,0.06711301859799715,0.34792560801144495
4137,0.735,5.20375,0.080206008583691,0.41659513590844066
4138,0.8325,5.21,0.06940200286123034,0.35937052932761093
4139,0.7175,5.21125,0.07517024320457798,0.3891273247496424
4140,0.7325,5.21,0.07141630901287555,0.37081545064377686
4141,0.6975,5.1825,0.05814020028612304,0.29985693848354794
4142,0.875,5.1825,0.05731616595135909,0.2952789699570816
4143,0.7275,5.2075,0.07205722460658083,0.37539341917024327
4144,0.7175,5.20375,0.05978826895565094,0.3113018597997139
4145,1.3375,5.18125,0.11142775393419171,0.576824034334764
4146,0.78,5.19875,0.05814020028612304,0.30443490701001436
4147,0.8375,5.20125,0.06976824034334765,0.3639484978540773
4148,0.7325,5.205,0.06107010014306152,0.3181688125894135
4149,0.7525,5.20375,0.05978826895565094,0.3113018597997139
4150,0.8125,5.19625,0.06775393419170243,0.35250357653791137
4151,0.9,5.21,0.07498712446351932,0.3891273247496424
4152,0.75,5.20125,0.07397997138769671,0.3868383404864092
4153,0.825,5.20875,0.06876108726752504,0.35937052932761093
4154,0.72,5.1925,0.059971387696709594,0.3113018597997139
4155,0.7175,5.20875,0.07562804005722461,0.3937052932761088
4156,0.845,5.21,0.07040915593705294,0.36852646638054365
4157,0.7925,5.19375,0.06601430615164522,0.3410586552217454
4158,0.7925,5.19125,0.07040915593705294,0.3639484978540773
4159,1.2075,5.18875,0.10062374821173105,0.5218884120171675
4160,0.8725,5.21,0.07269814020028613,0.3776824034334764
4161,0.68,5.21125,0.07187410586552218,0.37539341917024327
4162,0.6825,5.1825,0.056858369098712454,0.2952789699570816
4163,0.825,5.2,0.06876108726752504,0.3570815450643777
4164,0.74,5.1975,0.06793705293276109,0.35250357653791137
4165,0.8,5.19625,0.05731616595135909,0.2952789699570816
4166,0.745,5.18625,0.062077253218884125,0.32274678111587984
4167,0.7225,5.21125,0.07434620886981402,0.3868383404864092
4168,0.81,5.1975,0.062077253218884125,0.32274678111587984
4169,0.765,5.18,0.06372532188841203,0.32961373390557946
4170,0.835,5.19375,0.05978826895565094,0.3113018597997139
4171,0.8675,5.1825,0.059330472103004295,0.30672389127324756
4172,0.78,5.19125,0.06500715307582261,0.33648068669527903
4173,0.87,5.18,0.064,0.32961373390557946
4174,0.6875,5.21375,0.07004291845493563,0.3639484978540773
4175,0.73,5.185,0.06079542203147354,0.3158798283261803
4176,0.855,5.1825,0.07123319027181689,0.37081545064377686
4177,0.68,5.2075,0.07205722460658083,0.37539341917024327
4178,0.7,5.2025,0.05832331902718169,0.30443490701001436
4179,0.695,5.1825,0.05795708154506438,0.29985693848354794
4180,0.8625,5.185,0.056858369098712454,0.2952789699570816
4181,0.745,5.17875,0.062077253218884125,0.32274678111587984
4182,0.8875,5.1975,0.07397997138769671,0.3868383404864092
4183,0.895,5.1825,0.059971387696709594,0.3113018597997139
4184,0.87,5.19625,0.07251502145922747,0.37539341917024327
4185,0.895,5.21125,0.07462088698140201,0.3891273247496424
4186,0.89,5.18625,0.06290128755364807,0.32732474964234626
4187,0.685,5.1825,0.05704148783977111,0.2952789699570816
4188,0.89,5.20875,0.07416309012875537,0.3868383404864092
4189,0.68,5.21375,0.07141630901287555,0.37081545064377686
4190,0.6775,5.185,0.056492131616595144,0.2929899856938484
4191,0.8225,5.2,0.06857796852646639,0.3570815450643777
4192,0.7425,5.1975,0.07105007153075824,0.36852646638054365
4193,0.795,5.2125,0.0662889842632332,0.34563662374821175
4194,0.695,5.18125,0.05795708154506438,0.29985693848354794
4195,0.8525,5.1825,0.05914735336194564,0.30672389127324756
4196,0.905,5.17875,0.06125321888412018,0.3181688125894135
4197,0.8375,5.1925,0.06976824034334765,0.3639484978540773
4198,0.9,5.17875,0.0672961373390558,0.34792560801144495
4199,0.815,5.19,0.07141630901287555,0.37081545064377686
4200,0.9125,5.20375,0.07608583690987125,0.3982832618025752
4201,0.8675,5.18375,0.05795708154506438,0.29985693848354794
4202,0.68,5.20875,0.07810014306151646,0.40515021459227474
4203,0.68,5.19375,0.0566752503576538,0.2929899856938484
4204,0.725,5.2075,0.06253505007153076,0.32732474964234626
4205,0.85,5.185,0.06125321888412018,0.3181688125894135
4206,0.8625,5.21,0.07187410586552218,0.37539341917024327
4207,0.715,5.20125,0.059605150214592284,0.3639484978540773
4208,0.8025,5.195,0.06125321888412018,0.3181688125894135
4209,0.995,5.205,0.08295278969957083,0.43032904148783985
4210,0.8125,5.21375,0.06775393419170243,0.35250357653791137
4211,0.7125,5.20875,0.07608583690987125,0.3982832618025752
4212,0.9675,5.21125,0.08066380543633764,0.421173104434907
4213,0.715,5.18375,0.059605150214592284,0.30672389127324756
4214,0.79,5.19375,0.07187410586552218,0.37539341917024327
4215,0.885,5.21,0.07370529327610874,0.38226037195994284
4216,0.8075,5.21125,0.0672961373390558,0.35250357653791137
4217,0.685,5.2125,0.07645207439198856,0.3982832618025752
4218,0.6775,5.18625,0.056492131616595144,0.2929899856938484
4219,0.8775,5.21375,0.07315593705293277,0.38226037195994284
4220,0.73,5.20625,0.06226037195994278,0.32274678111587984
4221,0.75,5.1875,0.06253505007153076,0.32732474964234626
4222,0.8775,5.21,0.07315593705293277,0.38226037195994284
4223,0.745,5.205,0.05978826895565094,0.3113018597997139
4224,0.8075,5.19625,0.0672961373390558,0.34792560801144495
4225,0.6775,5.1925,0.056492131616595144,0.2929899856938484
4226,0.75,5.20625,0.0683032904148784,0.3570815450643777
4227,0.865,5.21,0.07205722460658083,0.37539341917024327
4228,0.7175,5.18875,0.05978826895565094,0.3113018597997139
4229,0.7575,5.20625,0.06519027181688127,0.33648068669527903
4230,0.79,5.2,0.062077253218884125,0.32274678111587984
4231,0.75,5.19,0.06253505007153076,0.32732474964234626
4232,0.8375,5.185,0.060612303290414886,0.3158798283261803
4233,0.745,5.1975,0.07141630901287555,0.37081545064377686
4234,0.705,5.2,0.05878111587982833,0.30672389127324756
4235,0.71,5.21375,0.06418311874105866,0.3341917024320458
4236,0.86,5.18375,0.05850643776824035,0.30443490701001436
4237,0.88,5.21125,0.07333905579399143,0.38226037195994284
4238,0.68,5.2075,0.07233190271816882,0.37539341917024327
4239,0.8575,5.18625,0.056492131616595144,0.2929899856938484
4240,0.7725,5.19125,0.06436623748211731,0.3341917024320458
4241,0.7825,5.18375,0.06519027181688127,0.33648068669527903
4242,0.885,5.1825,0.05978826895565094,0.3113018597997139
4243,0.755,5.17875,0.06290128755364807,0.32732474964234626
4244,0.73,5.18,0.06079542203147354,0.3158798283261803
4245,0.85,5.1925,0.06042918454935623,0.3158798283261803
4246,0.84,5.17375,0.07004291845493563,0.3639484978540773
4247,0.855,5.2075,0.07123319027181689,0.37081545064377686
4248,0.675,5.21,0.07288125894134478,0.3776824034334764
4249,0.6775,5.19125,0.056492131616595144,0.2929899856938484
4250,0.7425,5.185,0.06189413447782547,0.32274678111587984
4251,0.8325,5.185,0.06143633762517883,0.3181688125894135
4252,0.7925,5.2125,0.06601430615164522,0.34563662374821175
4253,0.7025,5.18125,0.05850643776824035,0.30443490701001436
4254,0.69,5.20375,0.07105007153075824,0.37081545064377686
4255,0.73,5.20375,0.06079542203147354,0.3158798283261803
4256,0.7525,5.18,0.06271816881258942,0.32732474964234626
4257,0.8775,5.185,0.06793705293276109,0.35250357653791137
4258,0.86,5.1925,0.07169098712446352,0.37081545064377686
4259,0.92,5.195,0.07663519313304722,0.3982832618025752
4260,0.7875,5.2025,0.06335908440629472,0.32961373390557946
4261,0.8175,5.19625,0.07086695278969958,0.36852646638054365
4262,0.7975,5.19625,0.06647210300429185,0.34563662374821175
4263,0.7475,5.19625,0.06647210300429185,0.34563662374821175
4264,0.68,5.2125,0.07269814020028613,0.3776824034334764
4265,0.69,5.19625,0.057499284692417746,0.29985693848354794
4266,0.7925,5.19625,0.05704148783977111,0.2952789699570816
4267,0.775,5.1925,0.06775393419170243,0.35250357653791137
4268,0.8025,5.215,0.06683834048640916,0.34792560801144495
4269,0.685,5.215,0.0689442060085837,0.35937052932761093
4270,0.855,5.19,0.056492131616595144,0.2929899856938484
4271,0.7525,5.18125,0.06271816881258942,0.32732474964234626
4272,0.855,5.18875,0.07123319027181689,0.30672389127324756
4273,0.885,5.1875,0.05914735336194564,0.30672389127324756
4274,0.8075,5.18625,0.0672961373390558,0.34792560801144495
4275,0.9125,5.2,0.07608583690987125,0.3937052932761088
4276,0.8675,5.1825,0.06500715307582261,0.33648068669527903
4277,0.74,5.20625,0.061711015736766815,0.32274678111587984
4278,0.775,5.19125,0.06454935622317597,0.3341917024320458
4279,0.7025,5.20375,0.07059227467811159,0.36852646638054365
4280,0.7175,5.205,0.05978826895565094,0.3113018597997139
4281,0.6875,5.185,0.05731616595135909,0.2952789699570816
4282,0.8375,5.185,0.06125321888412018,0.3181688125894135
4283,0.845,5.215,0.07040915593705294,0.36852646638054365
4284,0.7025,5.1825,0.05850643776824035,0.30443490701001436
4285,0.88,5.1825,0.06335908440629472,0.32961373390557946
4286,0.86,5.19375,0.07169098712446352,0.37081545064377686
4287,0.885,5.2,0.07370529327610874,0.38226037195994284
4288,0.8925,5.18375,0.059971387696709594,0.3113018597997139
4289,0.79,5.18375,0.06583118741058656,0.3410586552217454
4290,0.9,5.21,0.07498712446351932,0.3891273247496424
4291,0.8075,5.19,0.07416309012875537,0.3868383404864092
4292,0.7,5.21375,0.06601430615164522,0.34563662374821175
4293,0.7525,5.18875,0.06271816881258942,0.32732474964234626
4294,0.8375,5.18875,0.06454935622317597,0.3341917024320458
4295,0.68,5.21,0.07370529327610874,0.38226037195994284
4296,0.7125,5.19875,0.059330472103004295,0.30672389127324756
4297,0.7425,5.205,0.06519027181688127,0.33648068669527903
4298,0.7975,5.19,0.06454935622317597,0.3341917024320458
4299,0.84,5.21375,0.07004291845493563,0.3639484978540773
4300,0.7125,5.21125,0.06335908440629472,0.32961373390557946
4301,0.7625,5.2075,0.06583118741058656,0.3410586552217454
4302,0.715,5.185,0.059605150214592284,0.30672389127324756
4303,0.72,5.21125,0.059971387696709594,0.3891273247496424
4304,0.745,5.20875,0.07288125894134478,0.3776824034334764
4305,0.8225,5.2075,0.06857796852646639,0.3570815450643777
4306,0.95,5.20625,0.07919885550786838,0.4120171673819743
4307,0.86,5.18625,0.0672961373390558,0.34792560801144495
4308,0.7975,5.18625,0.06647210300429185,0.34563662374821175
4309,0.8875,5.2025,0.07397997138769671,0.3868383404864092
4310,0.8225,5.195,0.05978826895565094,0.3113018597997139
4311,0.72,5.18375,0.059971387696709594,0.3113018597997139
4312,0.8625,5.20875,0.07187410586552218,0.37539341917024327
4313,0.7125,5.2,0.069585121602289,0.35937052932761093
4314,0.7125,5.2,0.059330472103004295,0.30672389127324756
4315,0.815,5.1975,0.06793705293276109,0.35250357653791137
4316,0.85,5.19,0.06482403433476396,0.33648068669527903
4317,0.7175,5.1825,0.05978826895565094,0.3113018597997139
4318,0.86,5.195,0.07169098712446352,0.37081545064377686
4319,0.88,5.1825,0.06519027181688127,0.33648068669527903
4320,0.7725,5.1825,0.06436623748211731,0.3341917024320458
4321,0.8,5.185,0.0666552217453505,0.34563662374821175
4322,0.82,5.1875,0.06189413447782547,0.32274678111587984
4323,0.84,5.21375,0.07004291845493563,0.3639484978540773
4324,0.7025,5.18125,0.05850643776824035,0.30443490701001436
4325,0.8275,5.19,0.06143633762517883,0.3181688125894135
4326,0.6875,5.20625,0.07288125894134478,0.3776824034334764
4327,0.75,5.21,0.06253505007153076,0.32732474964234626
4328,0.7275,5.20875,0.06253505007153076,0.32732474964234626
4329,0.86,5.185,0.06519027181688127,0.33648068669527903
4330,0.855,5.2125,0.07123319027181689,0.37081545064377686
4331,1,5.17375,0.07370529327610874,0.38226037195994284
4332,0.925,5.1775,0.06564806866952791,0.3410586552217454
4333,0.7675,5.1825,0.064,0.32961373390557946
4334,0.885,5.185,0.06500715307582261,0.33648068669527903
4335,0.8425,5.18875,0.0689442060085837,0.3570815450643777
4336,0.8025,5.1875,0.06683834048640916,0.34563662374821175
4337,0.85,5.18375,0.07086695278969958,0.36852646638054365
4338,0.705,5.21125,0.07141630901287555,0.37081545064377686
4339,0.7075,5.1825,0.058964234620886985,0.30443490701001436
4340,0.8425,5.2,0.07022603719599428,0.3639484978540773
4341,0.7375,5.19875,0.0683032904148784,0.3570815450643777
4342,0.7125,5.20375,0.059330472103004295,0.30672389127324756
4343,0.7675,5.19125,0.064,0.3341917024320458
4344,0.795,5.18875,0.07040915593705294,0.3639484978540773
4345,0.765,5.21,0.06372532188841203,0.3341917024320458
4346,0.865,5.21,0.07205722460658083,0.37539341917024327
4347,0.72,5.205,0.07562804005722461,0.3937052932761088
4348,0.9425,5.2,0.0785579399141631,0.4097281831187411
4349,0.7525,5.17875,0.06271816881258942,0.32732474964234626
4350,0.8325,5.195,0.060246065808297576,0.3113018597997139
4351,0.75,5.18,0.06253505007153076,0.32274678111587984
4352,0.8475,5.21375,0.07059227467811159,0.36852646638054365
4353,0.7,5.2125,0.06683834048640916,0.34792560801144495
4354,0.76,5.18875,0.06335908440629472,0.32961373390557946
4355,0.675,5.19,0.05621745350500716,0.2929899856938484
4356,0.815,5.19125,0.05603433476394851,0.2929899856938484
4357,0.6775,5.21,0.07315593705293277,0.38226037195994284
4358,0.6825,5.1925,0.056858369098712454,0.2952789699570816
4359,0.845,5.18625,0.0566752503576538,0.2929899856938484
4360,0.8375,5.18625,0.061711015736766815,0.3181688125894135
4361,0.93,5.20625,0.07745922746781117,0.40515021459227474
4362,0.8,5.1925,0.07169098712446352,0.37081545064377686
4363,0.7325,5.2025,0.07837482117310444,0.4097281831187411
4364,0.8825,5.21,0.07352217453505008,0.38226037195994284
4365,0.8175,5.19125,0.06940200286123034,0.35937052932761093
4366,0.785,5.19875,0.08103004291845495,0.421173104434907
4367,0.815,5.21375,0.06793705293276109,0.35250357653791137
4368,0.705,5.21,0.05878111587982833,0.3639484978540773
4369,0.8675,5.1825,0.0576824034334764,0.29985693848354794
4370,0.8675,5.2125,0.07233190271816882,0.3776824034334764
4371,0.68,5.19375,0.0566752503576538,0.2929899856938484
4372,0.795,5.19625,0.0566752503576538,0.2952789699570816
4373,0.725,5.18375,0.06042918454935623,0.3158798283261803
4374,0.845,5.21375,0.07040915593705294,0.36852646638054365
4375,0.6875,5.21375,0.06912732474964235,0.35937052932761093
4376,0.7675,5.2025,0.064,0.3341917024320458
4377,0.78,5.20625,0.06500715307582261,0.33648068669527903
4378,0.7325,5.21,0.0779170243204578,0.40515021459227474
4379,0.72,5.1925,0.059971387696709594,0.3113018597997139
4380,0.74,5.18,0.061711015736766815,0.3181688125894135
4381,0.745,5.2075,0.07773390557939915,0.40515021459227474
4382,0.6875,5.18375,0.05731616595135909,0.2952789699570816
4383,0.8625,5.2075,0.07187410586552218,0.37539341917024327
4384,0.675,5.21,0.07205722460658083,0.37539341917024327
4385,0.69,5.19875,0.057499284692417746,0.29985693848354794
4386,0.7725,5.18875,0.06436623748211731,0.3341917024320458
4387,0.735,5.1975,0.06793705293276109,0.35250357653791137
4388,0.76,5.2025,0.058964234620886985,0.30672389127324756
4389,0.7875,5.19375,0.06564806866952791,0.3410586552217454
4390,0.705,5.2025,0.07040915593705294,0.36852646638054365
4391,0.76,5.2075,0.07919885550786838,0.4120171673819743
4392,0.74,5.185,0.061711015736766815,0.3181688125894135
4393,0.7375,5.20875,0.07498712446351932,0.3891273247496424
4394,0.9075,5.18,0.059971387696709594,0.3113018597997139
4395,0.7175,5.19,0.05978826895565094,0.3113018597997139
4396,0.71,5.2075,0.07480400572246067,0.3891273247496424
4397,0.7075,5.21125,0.06436623748211731,0.3341917024320458
4398,0.745,5.1875,0.062077253218884125,0.32274678111587984
4399,0.8375,5.1875,0.056492131616595144,0.2929899856938484
4400,0.675,5.20875,0.07205722460658083,0.37539341917024327
4401,0.6775,5.18625,0.056492131616595144,0.2929899856938484
4402,0.87,5.21125,0.07251502145922747,0.3776824034334764
4403,0.675,5.21,0.07187410586552218,0.37539341917024327
4404,0.675,5.18875,0.05621745350500716,0.2929899856938484
4405,0.71,5.1825,0.05914735336194564,0.30672389127324756
4406,0.825,5.19625,0.07581115879828328,0.3937052932761088
4407,0.77,5.1825,0.06418311874105866,0.3341917024320458
4408,0.905,5.2025,0.07544492131616595,0.3937052932761088
4409,0.825,5.195,0.06042918454935623,0.3158798283261803
4410,0.8275,5.21,0.0689442060085837,0.35937052932761093
4411,0.7225,5.19375,0.060246065808297576,0.3113018597997139
4412,0.7125,5.21125,0.06354220314735337,0.32961373390557946
4413,0.705,5.18125,0.05878111587982833,0.30443490701001436
4414,0.8675,5.21125,0.07233190271816882,0.3776824034334764
4415,0.6775,5.2125,0.07105007153075824,0.37081545064377686
4416,0.7125,5.20375,0.059330472103004295,0.30672389127324756
4417,0.7675,5.19,0.064,0.3341917024320458
4418,0.765,5.195,0.06647210300429185,0.34563662374821175
4419,0.91,5.21375,0.07581115879828328,0.3937052932761088
4420,0.6925,5.18375,0.0576824034334764,0.29985693848354794
4421,1.2225,5.1725,0.08267811158798284,0.4280400572246066
4422,0.84,5.1925,0.06226037195994278,0.32274678111587984
4423,0.7175,5.1825,0.05978826895565094,0.3113018597997139
4424,0.7825,5.20375,0.064,0.3341917024320458
4425,0.89,5.1825,0.059971387696709594,0.3113018597997139
4426,0.7525,5.17875,0.06271816881258942,0.32732474964234626
4427,0.82,5.19,0.05621745350500716,0.2929899856938484
4428,0.7,5.20375,0.07141630901287555,0.37081545064377686
4429,0.7325,5.19625,0.06107010014306152,0.3181688125894135
4430,0.8725,5.1825,0.05832331902718169,0.30443490701001436
4431,0.695,5.2125,0.06747925608011446,0.35250357653791137
4432,0.755,5.18875,0.06290128755364807,0.32732474964234626
4433,0.79,5.19,0.06583118741058656,0.3341917024320458
4434,0.7175,5.21,0.0683032904148784,0.3570815450643777
4435,0.7375,5.1875,0.06143633762517883,0.3181688125894135
4436,1.0825,5.15875,0.0901859799713877,0.4646638054363377
4437,0.91,5.18,0.06564806866952791,0.3410586552217454
4438,0.8,5.185,0.0666552217453505,0.34563662374821175
4439,0.965,5.20125,0.08038912732474965,0.41659513590844066
4440,0.9175,5.17875,0.062077253218884125,0.32274678111587984
4441,0.885,5.1975,0.07370529327610874,0.38226037195994284
4442,0.825,5.215,0.06876108726752504,0.35937052932761093
4443,0.6975,5.21125,0.07059227467811159,0.36852646638054365
4444,0.705,5.1825,0.05878111587982833,0.30443490701001436
4445,0.7575,5.21125,0.06308440629470673,0.32961373390557946
4446,0.71,5.2125,0.06454935622317597,0.33648068669527903
4447,0.68,5.195,0.0566752503576538,0.2952789699570816
4448,0.8625,5.20625,0.07187410586552218,0.37539341917024327
4449,0.7075,5.2,0.07022603719599428,0.3639484978540773
4450,0.69,5.19875,0.057499284692417746,0.29985693848354794
4451,1.0825,5.1575,0.0901859799713877,0.4646638054363377
4452,0.7225,5.21125,0.07416309012875537,0.3868383404864092
4453,0.8825,5.185,0.059605150214592284,0.30672389127324756
4454,0.7975,5.18375,0.06647210300429185,0.34563662374821175
4455,0.75,5.20875,0.06711301859799715,0.34792560801144495
4456,0.9075,5.18375,0.059971387696709594,0.3113018597997139
4457,0.7675,5.1875,0.064,0.3341917024320458
4458,0.86,5.18375,0.057499284692417746,0.2952789699570816
4459,0.745,5.195,0.06857796852646639,0.3570815450643777
4460,0.8125,5.19625,0.06775393419170243,0.35250357653791137
4461,0.7475,5.19625,0.06683834048640916,0.34792560801144495
4462,0.8325,5.18875,0.05621745350500716,0.2929899856938484
4463,0.795,5.195,0.0662889842632332,0.34563662374821175
4464,0.8125,5.18875,0.06775393419170243,0.32732474964234626
4465,0.69,5.21375,0.0689442060085837,0.35937052932761093
4466,1.055,5.17875,0.08789699570815451,0.4532188841201717
4467,0.7225,5.18,0.060246065808297576,0.3113018597997139
4468,0.805,5.1975,0.06226037195994278,0.32274678111587984
4469,0.7125,5.18625,0.059330472103004295,0.30672389127324756
4470,0.7175,5.18375,0.05978826895565094,0.3113018597997139
4471,0.715,5.2075,0.07434620886981402,0.3868383404864092
4472,0.6725,5.18875,0.05603433476394851,0.2929899856938484
4473,0.725,5.185,0.06042918454935623,0.3158798283261803
4474,0.72,5.2,0.06976824034334765,0.3639484978540773
4475,0.795,5.2125,0.0662889842632332,0.34563662374821175
4476,0.7125,5.18375,0.059330472103004295,0.30672389127324756
4477,0.8575,5.18375,0.05704148783977111,0.2952789699570816
4478,0.8225,5.2,0.06857796852646639,0.3570815450643777
4479,0.7675,5.21,0.064,0.3341917024320458
4480,0.675,5.21125,0.07086695278969958,0.36852646638054365
4481,0.995,5.20125,0.08295278969957083,0.43032904148783985
4482,0.75,5.2,0.06253505007153076,0.32732474964234626
4483,0.78,5.2025,0.06290128755364807,0.32732474964234626
4484,0.715,5.19,0.059605150214592284,0.30672389127324756
4485,0.8125,5.18625,0.06775393419170243,0.35250357653791137
4486,0.9075,5.17875,0.06125321888412018,0.3181688125894135
4487,0.72,5.2,0.06940200286123034,0.35937052932761093
4488,0.7375,5.20875,0.06143633762517883,0.3181688125894135
4489,0.7975,5.195,0.05704148783977111,0.2952789699570816
4490,0.675,5.21125,0.07169098712446352,0.37539341917024327
4491,0.6725,5.18875,0.05603433476394851,0.2929899856938484
4492,0.8075,5.19375,0.056492131616595144,0.2929899856938484
4493,0.6975,5.20375,0.07086695278969958,0.36852646638054365
4494,0.6825,5.19375,0.056858369098712454,0.2952789699570816
4495,0.7025,5.2125,0.06537339055793992,0.3410586552217454
4496,1.0475,5.17625,0.07105007153075824,0.36852646638054365
4497,0.755,5.20125,0.06290128755364807,0.32732474964234626
4498,0.7125,5.20875,0.059330472103004295,0.30672389127324756
4499,0.7325,5.21,0.07022603719599428,0.36852646638054365
4500,0.8525,5.21125,0.07105007153075824,0.37081545064377686
4501,0.7775,5.1975,0.06482403433476396,0.33648068669527903
4502,0.735,5.2025,0.08002288984263234,0.41659513590844066
4503,0.815,5.20875,0.06793705293276109,0.35250357653791137
4504,0.72,5.1825,0.059971387696709594,0.3113018597997139
4505,0.815,5.19625,0.0666552217453505,0.34563662374821175
4506,0.6775,5.18875,0.056492131616595144,0.2929899856938484
4507,0.8375,5.2,0.06976824034334765,0.3639484978540773
4508,0.6925,5.215,0.0689442060085837,0.35937052932761093
4509,0.72,5.18375,0.059971387696709594,0.3113018597997139
4510,0.8975,5.2125,0.07480400572246067,0.3891273247496424
4511,0.78,5.205,0.08395994277539343,0.4394849785407726
4512,0.765,5.205,0.06372532188841203,0.32961373390557946
4513,0.7325,5.17875,0.06107010014306152,0.3158798283261803
4514,0.745,5.21,0.0689442060085837,0.35937052932761093
4515,0.7875,5.20125,0.06564806866952791,0.3410586552217454
4516,0.795,5.18375,0.0662889842632332,0.34563662374821175
4517,0.8075,5.19375,0.056492131616595144,0.2929899856938484
4518,0.725,5.19875,0.069585121602289,0.35937052932761093
4519,0.78,5.21,0.06500715307582261,0.33648068669527903
4520,0.7525,5.205,0.07105007153075824,0.37081545064377686
4521,0.795,5.19625,0.056858369098712454,0.2952789699570816
4522,0.785,5.1925,0.06537339055793992,0.3410586552217454
4523,0.8675,5.18375,0.057499284692417746,0.2952789699570816
4524,0.675,5.21125,0.07251502145922747,0.3776824034334764
4525,0.685,5.18875,0.05704148783977111,0.2952789699570816
4526,0.88,5.19125,0.06812017167381974,0.35250357653791137
4527,0.82,5.19625,0.06107010014306152,0.3181688125894135
4528,0.85,5.195,0.07086695278969958,0.36852646638054365
4529,0.895,5.18,0.07462088698140201,0.3181688125894135
4530,0.86,5.18375,0.06583118741058656,0.3410586552217454
4531,0.8975,5.205,0.07480400572246067,0.3891273247496424
4532,0.7875,5.2125,0.06564806866952791,0.3410586552217454
4533,0.695,5.21125,0.06793705293276109,0.35250357653791137
4534,0.6875,5.18375,0.05731616595135909,0.2952789699570816
4535,0.83,5.21375,0.06912732474964235,0.35937052932761093
4536,0.7425,5.2075,0.059971387696709594,0.3113018597997139
4537,0.715,5.18375,0.059605150214592284,0.30672389127324756
4538,0.8675,5.20625,0.07233190271816882,0.37539341917024327
4539,0.675,5.21,0.07205722460658083,0.37539341917024327
4540,0.675,5.19125,0.05621745350500716,0.2929899856938484
4541,0.8375,5.17625,0.06976824034334765,0.35937052932761093
4542,2.175,5.1075,0.18247782546494995,0.9339055793991416
4543,1.965,5.13375,0.16370815450643778,0.8400572246065808
4544,1.8975,5.15875,0.1581230329041488,0.817167381974249
4545,0.915,5.19875,0.07370529327610874,0.38226037195994284
4546,0.9075,5.20625,0.07562804005722461,0.3937052932761088
4547,0.9025,5.2075,0.07517024320457798,0.3891273247496424
4548,0.905,5.18,0.06107010014306152,0.3158798283261803
4549,0.87,5.18375,0.06857796852646639,0.3570815450643777
4550,0.825,5.1975,0.06876108726752504,0.3570815450643777
4551,0.735,5.19625,0.06775393419170243,0.35250357653791137
4552,0.6825,5.2125,0.06940200286123034,0.35937052932761093
4553,0.7075,5.19125,0.058964234620886985,0.30672389127324756
4554,0.9325,5.18875,0.05621745350500716,0.2929899856938484
4555,0.8075,5.19,0.07810014306151646,0.40515021459227474
4556,0.9775,5.19125,0.08148783977110158,0.4234620886981402
4557,0.7325,5.21,0.069585121602289,0.3639484978540773
4558,0.7775,5.20625,0.07205722460658083,0.37539341917024327
4559,0.8325,5.20875,0.06940200286123034,0.35937052932761093
4560,0.9125,5.18,0.060246065808297576,0.3113018597997139
4561,0.89,5.1825,0.06372532188841203,0.32961373390557946
4562,0.8775,5.21125,0.07315593705293277,0.38226037195994284
4563,0.7775,5.21125,0.06482403433476396,0.33648068669527903
4564,0.7,5.21,0.07022603719599428,0.36852646638054365
4565,0.7325,5.185,0.06107010014306152,0.3158798283261803
4566,0.865,5.20875,0.07205722460658083,0.37539341917024327
4567,2.505,5.08,0.20774821173104438,1.0529327610872676
4568,4.5625,4.9425,0.3802460658082976,1.8792560801144493
4569,4.9475,4.91875,0.4122918454935623,2.0280400572246067
4570,4.9425,4.91625,0.4127496423462089,2.0280400572246067
4571,4.9425,4.9175,0.41183404864091566,2.0257510729613735
4572,4.9575,4.91625,0.4131158798283262,2.032618025751073
4573,4.9575,4.91625,0.4132989985693849,2.032618025751073
4574,4.945,4.91625,0.4121087267525036,2.0257510729613735
4575,4.96,4.915,0.4132989985693849,2.032618025751073
4576,4.985,4.91375,0.41357367668097283,2.032618025751073
4577,4.975,4.91625,0.41458082975679544,2.0371959942775395
4578,4.9575,4.915,0.4131158798283262,2.0280400572246067
4579,4.9675,4.91375,0.41586266094420604,2.044062947067239
4580,4.9825,4.91625,0.41522174535050077,2.0394849785407727
4581,4.9875,4.915,0.41558798283261805,2.044062947067239
4582,4.965,4.91375,0.41558798283261805,2.044062947067239
4583,4.995,4.9125,0.41522174535050077,2.0394849785407727
4584,4.9725,4.915,0.4143977110157368,2.0371959942775395
4585,4.9775,4.91375,0.41650357653791137,2.0486409155937055
4586,4.98,4.91375,0.4173276108726753,2.0509298998569387
4587,5.01,4.91375,0.4175107296137339,2.0509298998569387
4588,5,4.9125,0.4170529327610873,2.0486409155937055
4589,4.99,4.91375,0.41686981402002865,2.0486409155937055
4590,4.9975,4.91125,0.41650357653791137,2.044062947067239
4591,5.0125,4.9125,0.4173276108726753,2.0509298998569387
4592,5.005,4.9125,0.4173276108726753,2.0509298998569387
4593,5,4.915,0.41668669527897,2.0486409155937055
4594,5.005,4.91125,0.4170529327610873,2.0509298998569387
4595,5.02,4.9125,0.41851788268955653,2.0555078683834047
4596,5.0175,4.91125,0.41815164520743925,2.0555078683834047
4597,5.035,4.91125,0.4196165951359085,2.0623748211731048
4598,4.9975,4.91125,0.4183347639484979,2.0555078683834047
4599,5.035,4.91125,0.4196165951359085,2.0623748211731048
4600,5.0225,4.91125,0.41851788268955653,2.0555078683834047
4601,5.0075,4.91,0.41851788268955653,2.0555078683834047
4602,5.02,4.91125,0.4183347639484979,2.0555078683834047
4603,5.02,4.91125,0.4183347639484979,2.0555078683834047
4604,5.0375,4.91125,0.4187925608011445,2.0555078683834047
4605,5.025,4.91125,0.4187925608011445,2.0555078683834047
4606,5.0275,4.9125,0.4189756795422032,2.0577968526466384
4607,5.0325,4.91125,0.41851788268955653,2.0555078683834047
4608,5.02,4.91125,0.4183347639484979,2.0555078683834047
4609,5.0325,4.91,0.4193419170243205,2.0577968526466384
4610,5.05,4.91,0.4189756795422032,2.0577968526466384
4611,5.025,4.91,0.4187925608011445,2.0555078683834047
4612,5.0425,4.9125,0.42016595135908447,2.0623748211731048
4613,5.0175,4.9125,0.4193419170243205,2.0577968526466384
4614,5.0125,4.91,0.4187925608011445,2.0555078683834047
4615,5.025,4.91125,0.4187925608011445,2.0555078683834047
4616,5.03,4.91125,0.4193419170243205,2.0577968526466384
4617,5.04,4.91125,0.41979971387696713,2.0623748211731048
4618,5.0275,4.91,0.4189756795422032,2.0577968526466384
4619,5.0425,4.91125,0.4196165951359085,2.0623748211731048
4620,5.03,4.91,0.41915879828326186,2.0577968526466384
4621,5.0325,4.91,0.4193419170243205,2.0577968526466384
4622,5.025,4.9125,0.41915879828326186,2.0577968526466384
4623,5.015,4.91,0.42044062947067246,2.0623748211731048
4624,5.045,4.91,0.42044062947067246,2.0623748211731048
4625,5.045,4.91125,0.42016595135908447,2.0623748211731048
4626,5.035,4.9125,0.4187925608011445,2.0577968526466384
4627,5.03,4.91125,0.41915879828326186,2.0577968526466384
4628,5.0375,4.91125,0.41979971387696713,2.0623748211731048
4629,5.03,4.91125,0.4193419170243205,2.0577968526466384
4630,5.0275,4.91,0.4189756795422032,2.0577968526466384
4631,5.0325,4.91125,0.4193419170243205,2.0577968526466384
4632,5.02,4.91125,0.4193419170243205,2.0577968526466384
4633,5.0425,4.91,0.42016595135908447,2.0623748211731048
4634,5.025,4.91125,0.4187925608011445,2.0555078683834047
4635,5.02,4.9125,0.41979971387696713,2.0623748211731048
4636,5.0275,4.9125,0.4189756795422032,2.0577968526466384
4637,5.0375,4.91125,0.41979971387696713,2.0623748211731048
4638,5.025,4.91,0.41979971387696713,2.0623748211731048
4639,5.035,4.91125,0.4196165951359085,2.0623748211731048
4640,5.0225,4.91,0.41851788268955653,2.0555078683834047
4641,5.035,4.91125,0.4189756795422032,2.0577968526466384
4642,5.04,4.91125,0.41998283261802577,2.0623748211731048
4643,5.04,4.91125,0.41998283261802577,2.0623748211731048
4644,5.03,4.91,0.42016595135908447,2.0623748211731048
4645,5.04,4.91,0.41998283261802577,2.0623748211731048
4646,5.0475,4.91,0.4206237482117311,2.066952789699571
4647,5.0325,4.91125,0.42126466380543637,2.069241773962804
4648,5.0475,4.9125,0.41979971387696713,2.0623748211731048
4649,4.96,4.915,0.4132989985693849,2.032618025751073
4650,4.965,4.9125,0.4206237482117311,2.066952789699571
4651,5.04,4.91125,0.4132989985693849,2.0280400572246067
4652,5.03,4.91,0.41915879828326186,2.0577968526466384
4653,5.03,4.9125,0.4210815450643777,2.069241773962804
4654,5.04,4.91125,0.421447782546495,2.069241773962804
4655,5.045,4.90875,0.42044062947067246,2.0623748211731048
4656,5.0525,4.91125,0.4196165951359085,2.0623748211731048
4657,5.045,4.91125,0.4189756795422032,2.0577968526466384
4658,5.035,4.90875,0.4196165951359085,2.0577968526466384
4659,5.025,4.91125,0.4187925608011445,2.0555078683834047
4660,5.04,4.91125,0.4196165951359085,2.0623748211731048
4661,5.0325,4.91,0.4193419170243205,2.0577968526466384
4662,5.0425,4.91,0.42016595135908447,2.0623748211731048
4663,5.03,4.91125,0.4206237482117311,2.066952789699571
4664,5.04,4.91,0.41998283261802577,2.0623748211731048
4665,5.0375,4.90875,0.41979971387696713,2.0577968526466384
4666,5.05,4.91,0.41815164520743925,2.0509298998569387
4667,5.035,4.91125,0.4196165951359085,2.0623748211731048
4668,5.03,4.91125,0.41915879828326186,2.0577968526466384
4669,5.0425,4.91,0.4206237482117311,2.066952789699571
4670,5.04,4.91,0.41998283261802577,2.0623748211731048
4671,5.04,4.91125,0.41998283261802577,2.0623748211731048
4672,5.0425,4.91,0.41998283261802577,2.0623748211731048
4673,5.035,4.91,0.4196165951359085,2.0577968526466384
4674,5.04,4.91,0.41998283261802577,2.0623748211731048
4675,5.055,4.91125,0.42044062947067246,2.066952789699571
4676,5.0375,4.91125,0.41979971387696713,2.0623748211731048
4677,5.045,4.91,0.42044062947067246,2.0623748211731048
4678,5.0525,4.91,0.4206237482117311,2.066952789699571
4679,5.0475,4.91,0.41998283261802577,2.0623748211731048
4680,5.04,4.91,0.41998283261802577,2.0623748211731048
4681,5.04,4.90875,0.41668669527897,2.044062947067239
4682,5.0575,4.91,0.4183347639484979,2.0555078683834047
4683,5.0475,4.91125,0.4206237482117311,2.066952789699571
4684,5.0475,4.91,0.4196165951359085,2.0577968526466384
4685,5.03,4.91,0.4189756795422032,2.0577968526466384
4686,5.0375,4.91,0.41979971387696713,2.0623748211731048
4687,5.04,4.91,0.42337052932761093,2.0783977110157372
4688,5.0425,4.91,0.4206237482117311,2.066952789699571
4689,5.0375,4.91125,0.41979971387696713,2.0623748211731048
4690,5.0425,4.91,0.42016595135908447,2.066952789699571
4691,5.065,4.91125,0.4206237482117311,2.066952789699571
4692,5.03,4.91125,0.41915879828326186,2.0577968526466384
4693,5.025,4.91,0.4187925608011445,2.0555078683834047
4694,5.0225,4.91125,0.4183347639484979,2.0555078683834047
4695,5.04,4.91,0.41998283261802577,2.0623748211731048
4696,5.04,4.91125,0.41998283261802577,2.0623748211731048
4697,5.0475,4.9125,0.422271816881259,2.073819742489271
4698,5.0425,4.91,0.42016595135908447,2.0623748211731048
4699,5.04,4.91125,0.41998283261802577,2.0623748211731048
4700,5.055,4.91125,0.4193419170243205,2.0577968526466384
4701,5.0375,4.91,0.41979971387696713,2.0623748211731048
4702,5.0525,4.91,0.4210815450643777,2.066952789699571
4703,5.0375,4.91,0.4187925608011445,2.0555078683834047
4704,5.035,4.91,0.4196165951359085,2.0577968526466384
4705,5.0375,4.91,0.41979971387696713,2.0623748211731048
4706,5.0475,4.91,0.4193419170243205,2.0577968526466384
4707,5.025,4.90875,0.4187925608011445,2.0555078683834047
4708,5.0475,4.91,0.4206237482117311,2.066952789699571
4709,5.045,4.90875,0.4189756795422032,2.0555078683834047
4710,5.0375,4.91,0.41979971387696713,2.0623748211731048
4711,5.0375,4.91,0.41979971387696713,2.0623748211731048
4712,5.025,4.91,0.42208869814020034,2.073819742489271
4713,5.0425,4.91,0.4193419170243205,2.0577968526466384
4714,5.0375,4.91,0.41979971387696713,2.0623748211731048
4715,5.0375,4.91,0.42016595135908447,2.0623748211731048
4716,5.0475,4.91,0.4206237482117311,2.066952789699571
4717,5.035,4.91,0.4196165951359085,2.0577968526466384
4718,5.0375,4.91,0.4227296137339056,2.073819742489271
4719,5.0325,4.91,0.4206237482117311,2.066952789699571
4720,5.045,4.90875,0.42044062947067246,2.0623748211731048
4721,5.0225,4.91125,0.4189756795422032,2.0577968526466384
4722,5.0425,4.91125,0.41915879828326186,2.0577968526466384
4723,5.03,4.91,0.41915879828326186,2.0577968526466384
4724,5.0475,4.90875,0.4206237482117311,2.066952789699571
4725,5.0425,4.90875,0.41915879828326186,2.0577968526466384
4726,5.03,4.91125,0.41915879828326186,2.0577968526466384
4727,5.0475,4.91,0.4206237482117311,2.066952789699571
4728,5.05,4.91,0.42080686695278974,2.066952789699571
4729,5.0575,4.91125,0.421447782546495,2.069241773962804
4730,5.0425,4.91,0.42016595135908447,2.0623748211731048
4731,5.0425,4.90875,0.4216309012875537,2.069241773962804
4732,5.0575,4.91,0.421447782546495,2.069241773962804
4733,5.055,4.91,0.42126466380543637,2.069241773962804
4734,5.0375,4.91,0.42080686695278974,2.066952789699571
4735,5.05,4.91,0.42080686695278974,2.066952789699571
4736,5.0425,4.9125,0.42016595135908447,2.0623748211731048
4737,5.0425,4.91125,0.4189756795422032,2.0577968526466384
4738,5.0475,4.9125,0.4206237482117311,2.066952789699571
4739,5.045,4.91,0.42044062947067246,2.0623748211731048
4740,5.045,4.91,0.41787696709585126,2.0509298998569387
4741,5.0275,4.9075,0.4189756795422032,2.0555078683834047
4742,5.045,4.91,0.42044062947067246,2.0623748211731048
4743,5.0325,4.91125,0.42337052932761093,2.0783977110157372
4744,5.0325,4.91125,0.42309585121602294,2.0783977110157372
4745,5.0375,4.90875,0.41979971387696713,2.0577968526466384
4746,5.0425,4.91125,0.4219055793991417,2.073819742489271
4747,5.0425,4.91,0.41998283261802577,2.0623748211731048
4748,5.045,4.91125,0.42044062947067246,2.066952789699571
4749,5.055,4.91,0.41979971387696713,2.0623748211731048
4750,5.0525,4.91,0.4219055793991417,2.069241773962804
4751,5.04,4.91375,0.41998283261802577,2.0623748211731048
4752,5.0375,4.90875,0.4216309012875537,2.069241773962804
4753,5.035,4.91,0.41998283261802577,2.0623748211731048
4754,5.04,4.91,0.41998283261802577,2.0623748211731048
4755,5.0525,4.9125,0.42080686695278974,2.066952789699571
4756,5.0475,4.90875,0.42080686695278974,2.066952789699571
4757,5.075,4.91,0.4229127324749643,2.0783977110157372
4758,5.0425,4.91,0.42016595135908447,2.0623748211731048
4759,5.0425,4.91,0.42016595135908447,2.0623748211731048
4760,5.05,4.91,0.42080686695278974,2.066952789699571
4761,5.025,4.91,0.4187925608011445,2.0555078683834047
4762,5.0325,4.91,0.42080686695278974,2.066952789699571
4763,5.065,4.91,0.42208869814020034,2.073819742489271
4764,5.0375,4.91,0.41979971387696713,2.0623748211731048
4765,5.04,4.9075,0.4189756795422032,2.0555078683834047
4766,5.055,4.91,0.42126466380543637,2.069241773962804
4767,5.0575,4.91,0.421447782546495,2.069241773962804
4768,5.0475,4.91125,0.4187925608011445,2.0555078683834047
4769,5.05,4.91125,0.42080686695278974,2.066952789699571
4770,5.0825,4.91,0.4235536480686696,2.08068669527897
4771,4.9375,4.91625,0.41787696709585126,2.0555078683834047
4772,1.715,5.15,0.1429241773962804,0.7347639484978541
4773,1.375,5.14375,0.11454077253218885,0.58826895565093
4774,1.31,5.17375,0.11811158798283262,0.6111587982832619
4775,1.455,5.16625,0.12122460658082977,0.6271816881258943
4776,1.405,5.15125,0.11710443490701003,0.6042918454935623
4777,1.18,5.17375,0.1037367668097282,0.5356223175965666
4778,1.1375,5.18,0.11628040057224608,0.6042918454935623
4779,1.355,5.1825,0.11289270386266095,0.5859799713876968
4780,1.3075,5.15625,0.11646351931330473,0.5997138769670959
4781,1.875,5.1275,0.1239713876967096,0.6340486409155938
4782,2.0125,5.12125,0.1677367668097282,0.8583690987124465
4783,1.485,5.14875,0.10016595135908442,0.517310443490701
4784,1.235,5.1725,0.10602575107296139,0.5470672389127326
4785,1.36,5.17125,0.1133505007153076,0.5859799713876968
4786,1.3625,5.1525,0.1004406294706724,0.517310443490701
4787,1.295,5.1625,0.09622889842632333,0.49442060085836914
4788,1.1375,5.16125,0.09476394849785409,0.4875536480686696
4789,1.1625,5.175,0.09686981402002862,0.4989985693848355
4790,1.14,5.18125,0.11087839771101575,0.5745350500715308
4791,1.4025,5.17125,0.11682975679542204,0.6042918454935623
4792,1.3325,5.16,0.1110615164520744,0.5745350500715308
4793,1.29,5.165,0.09503862660944207,0.492131616595136
4794,1.1525,5.16,0.09604577968526468,0.49442060085836914
4795,1.22,5.17375,0.10163090128755366,0.5241773962804006
4796,1.2725,5.16125,0.10996280400572248,0.5653791130185981
4797,1.25,5.15,0.10419456366237483,0.5356223175965666
4798,1.205,5.16625,0.1004406294706724,0.517310443490701
4799,1.33,5.15375,0.11060371959942776,0.5699570815450644
4800,1.2725,5.15,0.10602575107296139,0.5470672389127326
4801,1.22,5.15,0.10163090128755366,0.5241773962804006
4802,1.175,5.1775,0.10977968526466382,0.5699570815450644
4803,1.1925,5.175,0.09934191702432046,0.5127324749642347
4804,1.3725,5.18125,0.11435765379113019,0.5928469241773964
4805,1.24,5.165,0.10831473533619458,0.5585121602288985
4806,1.34,5.1625,0.11170243204577969,0.576824034334764
4807,1.3225,5.155,0.11023748211731045,0.5699570815450644
4808,1.2025,5.175,0.09979971387696711,0.517310443490701
4809,1.255,5.1675,0.09668669527896996,0.4989985693848355
4810,1.17,5.17,0.09751072961373392,0.5035765379113019
4811,1.22,5.16625,0.11316738197424894,0.5859799713876968
4812,1.3525,5.155,0.11710443490701003,0.6042918454935623
4813,1.2375,5.145,0.1030958512160229,0.528755364806867
4814,1.2275,5.175,0.10584263233190273,0.5470672389127326
4815,1.2975,5.165,0.12754220314735337,0.6592274678111589
4816,0.77,5.1975,0.06418311874105866,0.3341917024320458
4817,0.7575,5.2125,0.06711301859799715,0.34792560801144495
4818,0.8825,5.18125,0.05914735336194564,0.30672389127324756
4819,0.845,5.21,0.07040915593705294,0.36852646638054365
4820,0.705,5.2025,0.05878111587982833,0.38226037195994284
4821,0.705,5.21,0.07269814020028613,0.3776824034334764
4822,0.785,5.1825,0.06537339055793992,0.33648068669527903
4823,0.7975,5.1925,0.06647210300429185,0.34563662374821175
4824,0.7975,5.19125,0.06519027181688127,0.33648068669527903
4825,0.84,5.2125,0.07004291845493563,0.3639484978540773
4826,0.735,5.18,0.06125321888412018,0.3181688125894135
4827,0.7525,5.2075,0.07462088698140201,0.3891273247496424
4828,0.895,5.2075,0.07462088698140201,0.3891273247496424
4829,0.8,5.20625,0.0666552217453505,0.34792560801144495
4830,0.725,5.2075,0.07581115879828328,0.3937052932761088
4831,0.935,5.20625,0.0779170243204578,0.40515021459227474
4832,0.9675,5.21125,0.08066380543633764,0.421173104434907
4833,0.7625,5.20125,0.061711015736766815,0.32274678111587984
4834,0.6975,5.18375,0.05814020028612304,0.29985693848354794
4835,0.805,5.195,0.06711301859799715,0.34792560801144495
4836,0.69,5.2125,0.07004291845493563,0.3639484978540773
4837,0.7275,5.20125,0.060612303290414886,0.3158798283261803
4838,0.7775,5.18625,0.06482403433476396,0.33648068669527903
4839,0.885,5.18375,0.0666552217453505,0.34563662374821175
4840,0.7775,5.2125,0.06482403433476396,0.33648068669527903
4841,0.685,5.18375,0.05704148783977111,0.2952789699570816
4842,0.7775,5.20625,0.06775393419170243,0.35250357653791137
4843,0.7375,5.20625,0.0785579399141631,0.4097281831187411
4844,0.89,5.20875,0.07416309012875537,0.3868383404864092
4845,0.865,5.185,0.07123319027181689,0.36852646638054365
4846,0.785,5.20125,0.07544492131616595,0.3937052932761088
4847,0.875,5.21125,0.07288125894134478,0.3776824034334764
4848,0.7275,5.2,0.07040915593705294,0.36852646638054365
4849,0.8825,5.18125,0.059971387696709594,0.3113018597997139
4850,0.9,5.20875,0.07498712446351932,0.3891273247496424
4851,0.7475,5.2125,0.07123319027181689,0.37081545064377686
4852,0.8325,5.19125,0.05731616595135909,0.2952789699570816
4853,0.7075,5.18125,0.058964234620886985,0.30443490701001436
4854,0.8575,5.18375,0.07141630901287555,0.37081545064377686
4855,0.7075,5.20625,0.07462088698140201,0.3891273247496424
4856,0.865,5.21,0.07205722460658083,0.37539341917024327
4857,0.98,5.19,0.08167095851216023,0.4234620886981402
4858,0.9175,5.1825,0.060612303290414886,0.3158798283261803
4859,0.7325,5.17875,0.06107010014306152,0.3158798283261803
4860,1.065,5.15125,0.08872103004291847,0.4577968526466381
4861,0.765,5.20625,0.07040915593705294,0.36852646638054365
4862,0.75,5.1825,0.06253505007153076,0.32274678111587984
4863,0.875,5.205,0.07288125894134478,0.3776824034334764
4864,0.69,5.20625,0.07288125894134478,0.3776824034334764
4865,0.725,5.20375,0.06042918454935623,0.3158798283261803
4866,0.8,5.1925,0.0666552217453505,0.34563662374821175
4867,0.89,5.18125,0.06226037195994278,0.32274678111587984
4868,0.8625,5.2075,0.07187410586552218,0.37539341917024327
4869,0.75,5.18625,0.06253505007153076,0.32274678111587984
4870,0.8675,5.185,0.05704148783977111,0.2952789699570816
4871,0.865,5.21375,0.07205722460658083,0.37539341917024327
4872,0.86,5.18625,0.07169098712446352,0.37081545064377686
4873,0.7425,5.20625,0.07581115879828328,0.3937052932761088
4874,0.7575,5.2075,0.0666552217453505,0.34792560801144495
4875,0.795,5.195,0.0662889842632332,0.34563662374821175
4876,0.7475,5.20875,0.07581115879828328,0.3937052932761088
4877,0.895,5.18125,0.059605150214592284,0.30672389127324756
4878,0.9425,5.2075,0.0785579399141631,0.4097281831187411
4879,0.6975,5.20625,0.07462088698140201,0.3891273247496424
4880,0.7,5.2125,0.06711301859799715,0.34792560801144495
4881,0.695,5.1825,0.05795708154506438,0.29985693848354794
4882,0.875,5.18125,0.059330472103004295,0.30672389127324756
4883,0.705,5.21125,0.07251502145922747,0.3776824034334764
4884,0.735,5.1825,0.06125321888412018,0.3181688125894135
4885,0.795,5.19625,0.0662889842632332,0.29985693848354794
4886,0.8725,5.18125,0.06290128755364807,0.32732474964234626
4887,0.725,5.1875,0.06042918454935623,0.3158798283261803
4888,0.795,5.2025,0.0662889842632332,0.34563662374821175
4889,1.5375,5.14125,0.12058369098712447,0.6180257510729614
4890,2.1825,5.11125,0.18183690987124465,0.9293276108726753
4891,1.99,5.15375,0.1658140200286123,0.8560801144492132
4892,0.8,5.2,0.08212875536480688,0.4280400572246066
4893,0.9225,5.2075,0.0769098712446352,0.4005722460658083
4894,0.845,5.20875,0.07040915593705294,0.36852646638054365
4895,0.795,5.19375,0.07205722460658083,0.37539341917024327
4896,0.9025,5.19625,0.07517024320457798,0.3891273247496424
4897,0.8575,5.2025,0.07141630901287555,0.37081545064377686
4898,0.69,5.21375,0.07123319027181689,0.37081545064377686
4899,0.6925,5.18375,0.0576824034334764,0.29985693848354794
4900,0.835,5.2125,0.069585121602289,0.3639484978540773
4901,0.6875,5.21375,0.07040915593705294,0.36852646638054365
4902,0.945,5.20375,0.07874105865522175,0.4097281831187411
4903,0.925,5.21,0.07709298998569386,0.4005722460658083
4904,0.7625,5.19875,0.07416309012875537,0.3868383404864092
4905,0.865,5.195,0.07205722460658083,0.37539341917024327
4906,0.825,5.195,0.06876108726752504,0.3570815450643777
4907,0.755,5.20125,0.080206008583691,0.41659513590844066
4908,0.76,5.20625,0.06812017167381974,0.3570815450643777
4909,0.73,5.18,0.06079542203147354,0.3158798283261803
4910,0.7775,5.2,0.07663519313304722,0.3982832618025752
4911,0.695,5.205,0.07269814020028613,0.3776824034334764
4912,0.6775,5.19625,0.056492131616595144,0.2929899856938484
4913,0.94,5.17875,0.06107010014306152,0.3158798283261803
4914,0.685,5.21125,0.07205722460658083,0.37539341917024327
4915,0.685,5.185,0.05704148783977111,0.2952789699570816
4916,0.8675,5.18625,0.05704148783977111,0.2952789699570816
4917,0.855,5.1875,0.060246065808297576,0.3113018597997139
4918,0.725,5.18,0.06042918454935623,0.3113018597997139
4919,0.7875,5.2025,0.06564806866952791,0.3410586552217454
4920,0.8375,5.195,0.06125321888412018,0.3181688125894135
4921,0.745,5.18,0.062077253218884125,0.32274678111587984
4922,0.8175,5.195,0.06812017167381974,0.35250357653791137
4923,0.7275,5.19875,0.07022603719599428,0.3639484978540773
4924,0.7025,5.20125,0.05850643776824035,0.30443490701001436
4925,0.745,5.18625,0.062077253218884125,0.32274678111587984
4926,0.725,5.20125,0.07040915593705294,0.36852646638054365
4927,0.75,5.20875,0.06253505007153076,0.32732474964234626
4928,0.7675,5.19,0.064,0.3341917024320458
4929,0.7975,5.19,0.064,0.3341917024320458
4930,0.77,5.21125,0.06418311874105866,0.3341917024320458
4931,0.8025,5.19375,0.06683834048640916,0.34792560801144495
4932,0.775,5.205,0.07251502145922747,0.3776824034334764
4933,0.7425,5.17875,0.06189413447782547,0.3181688125894135
4934,0.725,5.185,0.06042918454935623,0.3158798283261803
4935,0.7525,5.2075,0.06793705293276109,0.35250357653791137
4936,0.7525,5.20125,0.06271816881258942,0.32732474964234626
4937,0.6875,5.1825,0.05731616595135909,0.2952789699570816
4938,0.7925,5.19375,0.05704148783977111,0.2952789699570816
4939,0.7925,5.19,0.06812017167381974,0.35250357653791137
4940,0.685,5.19625,0.05704148783977111,0.2952789699570816
4941,0.8175,5.19,0.06143633762517883,0.3181688125894135
4942,0.7125,5.20125,0.07123319027181689,0.37081545064377686
4943,0.785,5.20875,0.06537339055793992,0.3410586552217454
4944,0.68,5.21125,0.07352217453505008,0.38226037195994284
4945,0.785,5.2,0.05850643776824035,0.30443490701001436
4946,0.725,5.18375,0.06042918454935623,0.3158798283261803
4947,0.9125,5.18125,0.060612303290414886,0.3158798283261803
4948,0.9075,5.18,0.06290128755364807,0.32732474964234626
4949,0.8075,5.18375,0.0672961373390558,0.34792560801144495
4950,0.8325,5.1975,0.06940200286123034,0.3181688125894135
4951,0.8675,5.18875,0.060246065808297576,0.3113018597997139
4952,0.75,5.18625,0.06253505007153076,0.32274678111587984
4953,0.865,5.21125,0.07205722460658083,0.37539341917024327
4954,0.685,5.21125,0.07269814020028613,0.3776824034334764
4955,0.6875,5.19125,0.05731616595135909,0.2952789699570816
4956,0.735,5.18625,0.06125321888412018,0.3181688125894135
4957,0.8575,5.1825,0.0576824034334764,0.29985693848354794
4958,0.8425,5.2125,0.07022603719599428,0.36852646638054365
4959,0.6925,5.1975,0.0576824034334764,0.29985693848354794
4960,0.8025,5.19875,0.06143633762517883,0.3181688125894135
4961,0.685,5.185,0.05704148783977111,0.2952789699570816
4962,0.7175,5.19125,0.05978826895565094,0.3113018597997139
4963,0.72,5.20625,0.07562804005722461,0.3937052932761088
4964,0.8975,5.19875,0.07480400572246067,0.3891273247496424
4965,0.91,5.20875,0.07581115879828328,0.3937052932761088
4966,0.8075,5.19,0.07004291845493563,0.3639484978540773
4967,0.8675,5.21,0.07233190271816882,0.37539341917024327
4968,0.7,5.18125,0.05832331902718169,0.30443490701001436
4969,0.8825,5.18125,0.05850643776824035,0.30443490701001436
4970,0.6875,5.2075,0.07251502145922747,0.3776824034334764
4971,0.68,5.18625,0.0566752503576538,0.2929899856938484
4972,0.86,5.18625,0.0566752503576538,0.2929899856938484
4973,0.69,5.20625,0.07251502145922747,0.3776824034334764
4974,0.8425,5.21375,0.07022603719599428,0.36852646638054365
4975,0.72,5.21,0.06454935622317597,0.33648068669527903
4976,0.86,5.185,0.06125321888412018,0.3181688125894135
4977,0.755,5.18,0.06290128755364807,0.32732474964234626
4978,0.8775,5.18625,0.059971387696709594,0.3113018597997139
4979,0.88,5.1825,0.06042918454935623,0.3158798283261803
4980,0.8275,5.18875,0.0689442060085837,0.3570815450643777
4981,0.8925,5.18125,0.06079542203147354,0.3158798283261803
4982,1.345,5.15,0.09705293276108727,0.4989985693848355
4983,0.73,5.18375,0.06079542203147354,0.3158798283261803
4984,0.8925,5.2075,0.07434620886981402,0.3868383404864092
4985,0.68,5.21125,0.07205722460658083,0.37539341917024327
4986,0.705,5.18125,0.05878111587982833,0.30443490701001436
4987,0.8625,5.20875,0.07187410586552218,0.37539341917024327
4988,0.6875,5.2125,0.07105007153075824,0.37081545064377686
4989,0.73,5.18375,0.06079542203147354,0.3158798283261803
4990,0.8575,5.2125,0.07141630901287555,0.37081545064377686
4991,0.7225,5.20875,0.06372532188841203,0.3341917024320458
4992,0.72,5.19,0.059971387696709594,0.3113018597997139
4993,0.7325,5.195,0.06107010014306152,0.3181688125894135
4994,0.7425,5.2075,0.08267811158798284,0.43032904148783985
4995,0.805,5.2075,0.06711301859799715,0.34792560801144495
4996,0.7325,5.18,0.06107010014306152,0.3158798283261803
4997,0.745,5.20375,0.06079542203147354,0.3158798283261803
4998,0.8675,5.20875,0.07233190271816882,0.37539341917024327
4999,0.6925,5.1825,0.0576824034334764,0.29985693848354794
5000,0.8,5.1975,0.05795708154506438,0.29985693848354794
5001,0.85,5.21125,0.07086695278969958,0.36852646638054365
5002,0.69,5.1825,0.057499284692417746,0.2952789699570816
5003,0.87,5.18125,0.05850643776824035,0.30443490701001436
5004,0.7175,5.20875,0.06912732474964235,0.35937052932761093
5005,0.7275,5.18375,0.060612303290414886,0.3158798283261803
5006,0.8175,5.18875,0.06876108726752504,0.3570815450643777
5007,0.7925,5.19375,0.07233190271816882,0.37539341917024327
5008,0.9075,5.20625,0.07562804005722461,0.3937052932761088
5009,0.755,5.19875,0.07416309012875537,0.3868383404864092
5010,0.7325,5.21,0.0785579399141631,0.4097281831187411
5011,0.8725,5.21,0.07269814020028613,0.3776824034334764
5012,0.69,5.205,0.07251502145922747,0.3776824034334764
5013,0.7575,5.2025,0.05914735336194564,0.30672389127324756
5014,0.8275,5.19875,0.0689442060085837,0.35937052932761093
5015,0.68,5.20875,0.0566752503576538,0.38226037195994284
5016,0.8275,5.19125,0.0566752503576538,0.2929899856938484
5017,0.8525,5.2025,0.07105007153075824,0.37081545064377686
5018,0.6975,5.19875,0.05814020028612304,0.30443490701001436
5019,0.8175,5.1925,0.0566752503576538,0.2929899856938484
5020,0.7975,5.1925,0.06647210300429185,0.34563662374821175
5021,0.8325,5.21375,0.06940200286123034,0.35937052932761093
5022,0.815,5.19125,0.06976824034334765,0.3639484978540773
5023,0.9025,5.21,0.07517024320457798,0.3891273247496424
5024,0.785,5.20375,0.06537339055793992,0.3410586552217454
5025,0.7825,5.19625,0.07269814020028613,0.3776824034334764
5026,0.89,5.19875,0.07416309012875537,0.3868383404864092
5027,0.8325,5.2,0.06940200286123034,0.35937052932761093
5028,0.85,5.18375,0.06125321888412018,0.3181688125894135
5029,0.845,5.1975,0.07040915593705294,0.36852646638054365
5030,0.88,5.21,0.07333905579399143,0.38226037195994284
5031,0.695,5.2125,0.07169098712446352,0.37539341917024327
5032,0.735,5.2025,0.06125321888412018,0.3181688125894135
5033,0.7625,5.18875,0.06354220314735337,0.32961373390557946
5034,0.77,5.19375,0.06601430615164522,0.3410586552217454
5035,0.68,5.20875,0.07187410586552218,0.37539341917024327
5036,0.715,5.1825,0.059605150214592284,0.30672389127324756
5037,0.7425,5.21,0.07086695278969958,0.36852646638054365
5038,0.915,5.1775,0.06125321888412018,0.3181688125894135
5039,0.875,5.19625,0.07288125894134478,0.3776824034334764
5040,0.9075,5.17875,0.061711015736766815,0.3181688125894135
5041,0.8175,5.19,0.07086695278969958,0.36852646638054365
5042,0.8175,5.195,0.06812017167381974,0.35250357653791137
5043,0.7475,5.19625,0.06857796852646639,0.3570815450643777
5044,0.69,5.2125,0.06912732474964235,0.35937052932761093
5045,0.755,5.18625,0.06290128755364807,0.32732474964234626
5046,0.84,5.185,0.06143633762517883,0.3181688125894135
5047,0.7175,5.21,0.06454935622317597,0.33648068669527903
5048,0.795,5.1925,0.0662889842632332,0.34563662374821175
5049,0.71,5.20125,0.05914735336194564,0.30672389127324756
5050,0.73,5.2075,0.06683834048640916,0.34792560801144495
5051,0.75,5.18625,0.06253505007153076,0.32274678111587984
5052,0.74,5.17875,0.061711015736766815,0.3181688125894135
5053,0.7425,5.2075,0.07974821173104436,0.41659513590844066
5054,0.7175,5.185,0.05978826895565094,0.3113018597997139
5055,0.7875,5.1825,0.06564806866952791,0.3410586552217454
5056,0.75,5.2075,0.0672961373390558,0.34792560801144495
5057,0.69,5.19625,0.057499284692417746,0.29985693848354794
5058,0.8725,5.2075,0.07269814020028613,0.3776824034334764
5059,0.7075,5.2025,0.07059227467811159,0.36852646638054365
5060,0.73,5.20625,0.06079542203147354,0.3158798283261803
5061,0.7225,5.20375,0.060246065808297576,0.3158798283261803
5062,0.8575,5.185,0.0566752503576538,0.2929899856938484
5063,0.865,5.2125,0.07205722460658083,0.37539341917024327
5064,0.84,5.2125,0.07004291845493563,0.3639484978540773
5065,0.7325,5.2075,0.06857796852646639,0.3570815450643777
5066,0.835,5.1975,0.069585121602289,0.35937052932761093
5067,0.9025,5.2025,0.07517024320457798,0.3891273247496424
5068,0.78,5.19625,0.07352217453505008,0.38226037195994284
5069,0.725,5.2075,0.07645207439198856,0.3982832618025752
5070,0.8,5.2075,0.0666552217453505,0.34792560801144495
5071,0.9275,5.18125,0.06290128755364807,0.32732474964234626
5072,0.865,5.1875,0.059971387696709594,0.3113018597997139
5073,0.74,5.19125,0.061711015736766815,0.3181688125894135
5074,0.72,5.21,0.07544492131616595,0.3937052932761088
5075,0.755,5.2075,0.080206008583691,0.41659513590844066
5076,0.7375,5.17875,0.06143633762517883,0.3181688125894135
5077,0.845,5.18375,0.06775393419170243,0.35250357653791137
5078,0.755,5.205,0.06079542203147354,0.3158798283261803
5079,0.7775,5.19,0.06482403433476396,0.33648068669527903
5080,0.875,5.1825,0.07288125894134478,0.30672389127324756
5081,0.7025,5.2125,0.07059227467811159,0.36852646638054365
5082,0.8325,5.21,0.06940200286123034,0.35937052932761093
5083,0.7325,5.195,0.06107010014306152,0.3181688125894135
5084,0.7775,5.205,0.06564806866952791,0.3410586552217454
5085,0.745,5.185,0.062077253218884125,0.32274678111587984
5086,0.7725,5.18125,0.06436623748211731,0.3341917024320458
5087,0.8725,5.18125,0.06290128755364807,0.32732474964234626
5088,0.87,5.2125,0.07251502145922747,0.3776824034334764
5089,0.705,5.18125,0.05878111587982833,0.30443490701001436
5090,0.875,5.1825,0.05795708154506438,0.29985693848354794
5091,0.8825,5.20625,0.07352217453505008,0.38226037195994284
5092,0.715,5.20125,0.059605150214592284,0.3113018597997139
5093,0.7925,5.19875,0.05704148783977111,0.2952789699570816
5094,0.81,5.19125,0.06747925608011446,0.34792560801144495
5095,0.825,5.21375,0.06876108726752504,0.35937052932761093
5096,0.6825,5.2125,0.07269814020028613,0.3776824034334764
5097,0.9825,5.20375,0.08185407725321889,0.4280400572246066
5098,0.81,5.2075,0.06747925608011446,0.35250357653791137
5099,0.7225,5.20625,0.07544492131616595,0.3937052932761088
5100,0.745,5.21,0.07040915593705294,0.36852646638054365
5101,0.82,5.20875,0.0683032904148784,0.3570815450643777
5102,0.685,5.2125,0.07040915593705294,0.36852646638054365
5103,0.755,5.205,0.05978826895565094,0.3113018597997139
5104,0.815,5.19875,0.06793705293276109,0.35250357653791137
5105,0.7725,5.19125,0.06564806866952791,0.3410586552217454
5106,0.68,5.21125,0.07251502145922747,0.3776824034334764
5107,0.7125,5.20125,0.059330472103004295,0.30672389127324756
5108,0.835,5.1875,0.056858369098712454,0.2952789699570816
5109,0.7625,5.19375,0.07187410586552218,0.37539341917024327
5110,0.7575,5.20875,0.06308440629470673,0.32961373390557946
5111,0.85,5.185,0.06107010014306152,0.3158798283261803
5112,0.8475,5.18625,0.06775393419170243,0.35250357653791137
5113,0.9275,5.2025,0.07727610872675252,0.4005722460658083
5114,0.9075,5.205,0.07562804005722461,0.3937052932761088
5115,0.895,5.18125,0.064,0.32961373390557946
5116,0.7725,5.18125,0.06436623748211731,0.3341917024320458
5117,0.8175,5.195,0.06812017167381974,0.35250357653791137
5118,0.72,5.20125,0.06976824034334765,0.3639484978540773
5119,0.6875,5.1825,0.05731616595135909,0.2952789699570816
5120,0.8475,5.2,0.07059227467811159,0.36852646638054365
5121,0.7325,5.2,0.06940200286123034,0.35937052932761093
5122,0.73,5.2075,0.06079542203147354,0.3158798283261803
5123,0.705,5.1825,0.05878111587982833,0.30443490701001436
5124,0.8675,5.18375,0.06143633762517883,0.3181688125894135
5125,0.8525,5.2025,0.07105007153075824,0.37081545064377686
5126,0.68,5.19125,0.0566752503576538,0.2929899856938484
5127,0.7425,5.20375,0.07874105865522175,0.4097281831187411
5128,0.73,5.19375,0.06079542203147354,0.3158798283261803
5129,0.7175,5.185,0.05978826895565094,0.3113018597997139
5130,0.7975,5.2,0.06335908440629472,0.32961373390557946
5131,0.735,5.17875,0.06125321888412018,0.3181688125894135
5132,0.8075,5.195,0.0672961373390558,0.34792560801144495
5133,0.68,5.20875,0.07315593705293277,0.38226037195994284
5134,0.8575,5.18625,0.0566752503576538,0.2929899856938484
5135,0.885,5.20625,0.07370529327610874,0.38226037195994284
5136,0.705,5.21375,0.0672961373390558,0.35250357653791137
5137,0.765,5.19375,0.06647210300429185,0.34563662374821175
5138,0.83,5.21125,0.06912732474964235,0.35937052932761093
5139,0.7,5.2125,0.06711301859799715,0.34792560801144495
5140,0.7575,5.195,0.06775393419170243,0.35250357653791137
5141,0.805,5.21375,0.06711301859799715,0.34792560801144495
5142,0.7425,5.2,0.07517024320457798,0.3891273247496424
5143,0.7175,5.20625,0.07517024320457798,0.3891273247496424
5144,0.7225,5.19125,0.060246065808297576,0.3113018597997139
5145,0.7625,5.20625,0.06354220314735337,0.3776824034334764
5146,0.7925,5.2025,0.06857796852646639,0.3570815450643777
5147,0.68,5.1875,0.0566752503576538,0.2929899856938484
5148,0.8575,5.2075,0.07141630901287555,0.37081545064377686
5149,0.695,5.205,0.07169098712446352,0.37081545064377686
5150,0.7125,5.2025,0.059330472103004295,0.30672389127324756
5151,0.8225,5.19875,0.06857796852646639,0.3570815450643777
5152,0.69,5.205,0.07169098712446352,0.37081545064377686
5153,0.7125,5.1975,0.059330472103004295,0.30672389127324756
5154,0.8425,5.2,0.07022603719599428,0.3639484978540773
5155,0.6825,5.2125,0.07086695278969958,0.36852646638054365
5156,0.73,5.195,0.06079542203147354,0.3158798283261803
5157,0.76,5.18875,0.06335908440629472,0.32961373390557946
5158,0.72,5.20875,0.07480400572246067,0.3891273247496424
5159,0.8175,5.2075,0.06812017167381974,0.3570815450643777
5160,0.725,5.18125,0.06042918454935623,0.3113018597997139
5161,0.7175,5.20875,0.07608583690987125,0.3982832618025752
5162,0.74,5.2075,0.061711015736766815,0.32274678111587984
5163,0.8525,5.20375,0.07105007153075824,0.37081545064377686
5164,0.7275,5.20125,0.07004291845493563,0.3639484978540773
5165,0.685,5.2125,0.07105007153075824,0.37081545064377686
5166,0.82,5.18625,0.0683032904148784,0.35250357653791137
5167,0.8075,5.1925,0.056858369098712454,0.2952789699570816
5168,0.7475,5.1975,0.0672961373390558,0.34792560801144495
5169,0.7975,5.21125,0.06647210300429185,0.34563662374821175
5170,0.68,5.21,0.07187410586552218,0.37539341917024327
5171,0.815,5.18625,0.061711015736766815,0.3181688125894135
5172,0.835,5.18,0.069585121602289,0.35937052932761093
5173,0.89,5.18375,0.05978826895565094,0.3113018597997139
5174,0.9025,5.1775,0.06226037195994278,0.32274678111587984
5175,0.91,5.20125,0.07581115879828328,0.3937052932761088
5176,0.8475,5.18625,0.06747925608011446,0.34792560801144495
5177,0.715,5.2125,0.06482403433476396,0.33648068669527903
5178,0.7575,5.18875,0.06308440629470673,0.32732474964234626
5179,0.815,5.2125,0.06793705293276109,0.35250357653791137
5180,0.72,5.20875,0.06253505007153076,0.32732474964234626
5181,0.7,5.185,0.05832331902718169,0.30443490701001436
5182,0.87,5.205,0.07251502145922747,0.3776824034334764
5183,0.6875,5.2125,0.07040915593705294,0.36852646638054365
5184,0.7525,5.1875,0.06271816881258942,0.32732474964234626
5185,0.7225,5.205,0.060246065808297576,0.3158798283261803
5186,0.8075,5.19375,0.056858369098712454,0.2952789699570816
5187,0.895,5.20875,0.07462088698140201,0.3891273247496424
5188,0.735,5.195,0.06125321888412018,0.3181688125894135
5189,0.745,5.20875,0.07004291845493563,0.3639484978540773
5190,0.8175,5.2075,0.06812017167381974,0.3570815450643777
5191,0.7625,5.20125,0.06354220314735337,0.32961373390557946
5192,0.695,5.21375,0.06912732474964235,0.35937052932761093
5193,0.715,5.18125,0.059605150214592284,0.30672389127324756
5194,0.8675,5.21125,0.07233190271816882,0.3776824034334764
5195,0.685,5.2125,0.07187410586552218,0.37539341917024327
5196,0.7025,5.195,0.05850643776824035,0.30443490701001436
5197,0.685,5.18875,0.05704148783977111,0.2952789699570816
5198,0.8325,5.19125,0.056492131616595144,0.2929899856938484
5199,0.6975,5.2125,0.069585121602289,0.3639484978540773
5200,0.71,5.18125,0.05914735336194564,0.30672389127324756
5201,0.87,5.18,0.057499284692417746,0.2952789699570816
5202,0.7425,5.20375,0.0769098712446352,0.4005722460658083
5203,0.8875,5.21,0.07397997138769671,0.3868383404864092
5204,0.725,5.20875,0.07333905579399143,0.38226037195994284
5205,0.735,5.21,0.06976824034334765,0.3639484978540773
5206,0.72,5.19,0.059971387696709594,0.3113018597997139
5207,0.8275,5.19125,0.05704148783977111,0.2952789699570816
5208,0.7,5.20375,0.07251502145922747,0.3776824034334764
5209,0.705,5.20125,0.05878111587982833,0.30672389127324756
5210,0.8675,5.185,0.07233190271816882,0.2952789699570816
5211,0.875,5.1825,0.064,0.32961373390557946
5212,0.77,5.21,0.06418311874105866,0.3341917024320458
5213,0.78,5.19125,0.06500715307582261,0.33648068669527903
5214,0.72,5.2,0.06912732474964235,0.35937052932761093
5215,0.68,5.19375,0.0566752503576538,0.2929899856938484
5216,0.8725,5.2125,0.07269814020028613,0.3776824034334764
5217,0.865,5.1825,0.06583118741058656,0.3410586552217454
5218,0.8475,5.19,0.07059227467811159,0.36852646638054365
5219,0.8825,5.21125,0.07352217453505008,0.38226037195994284
5220,0.7175,5.2075,0.07581115879828328,0.3937052932761088
5221,0.87,5.21,0.07251502145922747,0.3776824034334764
5222,0.8825,5.2,0.07352217453505008,0.38226037195994284
5223,0.8525,5.18625,0.056858369098712454,0.2952789699570816
5224,0.81,5.19625,0.06747925608011446,0.34792560801144495
5225,0.8475,5.215,0.07059227467811159,0.36852646638054365
5226,0.7275,5.2075,0.06775393419170243,0.35250357653791137
5227,0.7,5.1825,0.05832331902718169,0.30443490701001436
5228,0.8575,5.205,0.07141630901287555,0.37081545064377686
5229,0.6775,5.21125,0.07251502145922747,0.3776824034334764
5230,0.745,5.205,0.060612303290414886,0.3158798283261803
5231,0.7625,5.1875,0.06354220314735337,0.32961373390557946
5232,0.8175,5.19625,0.06226037195994278,0.32274678111587984
5233,0.8925,5.18375,0.05978826895565094,0.3113018597997139
5234,0.735,5.18125,0.06125321888412018,0.3181688125894135
5235,0.8075,5.19875,0.061711015736766815,0.32274678111587984
5236,0.905,5.17875,0.06107010014306152,0.3158798283261803
5237,0.8175,5.19625,0.06812017167381974,0.35250357653791137
5238,0.68,5.21125,0.07059227467811159,0.36852646638054365
5239,0.84,5.1875,0.056492131616595144,0.2929899856938484
5240,0.8625,5.20625,0.07187410586552218,0.37539341917024327
5241,0.7175,5.20125,0.07480400572246067,0.3891273247496424
5242,0.7,5.21125,0.06601430615164522,0.34563662374821175
5243,0.745,5.18625,0.062077253218884125,0.32274678111587984
5244,0.7725,5.21,0.06436623748211731,0.3341917024320458
5245,0.84,5.1875,0.06372532188841203,0.32961373390557946
5246,0.81,5.19625,0.06747925608011446,0.34792560801144495
5247,0.885,5.19625,0.07370529327610874,0.38226037195994284
5248,0.75,5.19875,0.08066380543633764,0.421173104434907
5249,0.91,5.20875,0.07581115879828328,0.3937052932761088
5250,0.8225,5.20875,0.06857796852646639,0.3570815450643777
5251,0.7975,5.20375,0.07517024320457798,0.3891273247496424
5252,0.7925,5.21125,0.06601430615164522,0.34563662374821175
5253,0.7025,5.1825,0.05850643776824035,0.30443490701001436
5254,0.855,5.185,0.05704148783977111,0.2952789699570816
5255,0.875,5.20375,0.07288125894134478,0.3776824034334764
5256,0.7175,5.18375,0.05978826895565094,0.3113018597997139
5257,0.9425,5.17375,0.06372532188841203,0.32961373390557946
5258,0.775,5.21,0.06454935622317597,0.33648068669527903
5259,0.765,5.18875,0.06372532188841203,0.32961373390557946
5260,0.845,5.18625,0.06143633762517883,0.3181688125894135
5261,0.875,5.21,0.07288125894134478,0.3776824034334764
5262,0.93,5.1975,0.07745922746781117,0.4005722460658083
5263,0.9175,5.17875,0.06079542203147354,0.3158798283261803
5264,0.8475,5.1875,0.06775393419170243,0.35250357653791137
5265,0.9225,5.20375,0.0769098712446352,0.4005722460658083
5266,0.8175,5.19125,0.07004291845493563,0.3639484978540773
5267,0.7,5.2125,0.06793705293276109,0.35250357653791137
5268,0.69,5.19625,0.057499284692417746,0.29985693848354794
5269,0.8075,5.1925,0.06143633762517883,0.3181688125894135
5270,0.68,5.21125,0.07352217453505008,0.38226037195994284
5271,0.68,5.19,0.0566752503576538,0.2929899856938484
5272,0.8,5.1975,0.0576824034334764,0.29985693848354794
5273,0.7275,5.1975,0.06876108726752504,0.3570815450643777
5274,0.73,5.205,0.06079542203147354,0.3158798283261803
5275,0.87,5.18,0.07251502145922747,0.3776824034334764
5276,0.69,5.205,0.07187410586552218,0.37539341917024327
5277,0.8775,5.195,0.07315593705293277,0.3776824034334764
5278,0.905,5.2075,0.07544492131616595,0.3937052932761088
5279,0.865,5.18625,0.06775393419170243,0.35250357653791137
5280,0.8925,5.21125,0.07434620886981402,0.3868383404864092
5281,0.78,5.2025,0.06500715307582261,0.33648068669527903
5282,0.68,5.21125,0.07205722460658083,0.37539341917024327
5283,0.74,5.1875,0.061711015736766815,0.3181688125894135
5284,0.7325,5.20375,0.06107010014306152,0.3181688125894135
5285,0.7175,5.21,0.06564806866952791,0.3410586552217454
5286,0.72,5.1825,0.059971387696709594,0.3113018597997139
5287,0.8625,5.2125,0.07187410586552218,0.37539341917024327
5288,0.725,5.20125,0.07498712446351932,0.3891273247496424
5289,0.755,5.21,0.06290128755364807,0.32732474964234626
5290,0.75,5.1875,0.06253505007153076,0.32732474964234626
5291,0.885,5.1825,0.057499284692417746,0.2952789699570816
5292,0.725,5.1925,0.06042918454935623,0.3158798283261803
5293,0.7325,5.1775,0.06107010014306152,0.3158798283261803
5294,0.92,5.18125,0.06079542203147354,0.3158798283261803
5295,0.77,5.1975,0.07370529327610874,0.38226037195994284
5296,0.8925,5.21,0.07434620886981402,0.3868383404864092
5297,0.8425,5.185,0.06226037195994278,0.32274678111587984
5298,0.69,5.215,0.07251502145922747,0.3776824034334764
5299,0.8025,5.19375,0.06683834048640916,0.34792560801144495
5300,0.7475,5.19625,0.07352217453505008,0.38226037195994284
5301,0.6975,5.21375,0.06775393419170243,0.35250357653791137
5302,0.6975,5.1825,0.05814020028612304,0.29985693848354794
5303,0.8125,5.19,0.06372532188841203,0.32961373390557946
5304,0.74,5.20625,0.06079542203147354,0.3158798283261803
5305,0.8625,5.19625,0.07187410586552218,0.37539341917024327
5306,0.705,5.20125,0.07040915593705294,0.36852646638054365
5307,0.7225,5.21,0.07480400572246067,0.3891273247496424
5308,0.9,5.21125,0.07498712446351932,0.3891273247496424
5309,0.735,5.19625,0.06125321888412018,0.3181688125894135
5310,0.7675,5.19625,0.07233190271816882,0.37539341917024327
5311,0.97,5.195,0.08084692417739629,0.421173104434907
5312,0.775,5.19,0.06454935622317597,0.3341917024320458
5313,0.6975,5.20125,0.07086695278969958,0.36852646638054365
5314,0.735,5.20625,0.06125321888412018,0.3181688125894135
5315,0.7725,5.19,0.06436623748211731,0.3341917024320458
5316,0.785,5.1925,0.06601430615164522,0.3410586552217454
5317,0.7875,5.21125,0.06564806866952791,0.3410586552217454
5318,0.715,5.20375,0.059605150214592284,0.3113018597997139
5319,0.8425,5.18625,0.06143633762517883,0.3181688125894135
5320,0.8125,5.2125,0.06775393419170243,0.35250357653791137
5321,0.725,5.185,0.06042918454935623,0.3158798283261803
5322,0.8775,5.19125,0.064,0.3341917024320458
5323,0.72,5.18,0.059971387696709594,0.3113018597997139
5324,0.8325,5.19,0.06940200286123034,0.35937052932761093
5325,0.9,5.18125,0.06042918454935623,0.3113018597997139
5326,0.7575,5.18,0.06308440629470673,0.32732474964234626
5327,0.9425,5.18375,0.0785579399141631,0.4097281831187411
5328,0.91,5.17625,0.06454935622317597,0.3341917024320458
5329,0.6775,5.21,0.07205722460658083,0.37539341917024327
5330,0.695,5.2,0.05795708154506438,0.29985693848354794
5331,0.72,5.21,0.06335908440629472,0.32961373390557946
5332,0.7175,5.2,0.06976824034334765,0.3639484978540773
5333,0.6775,5.19375,0.056492131616595144,0.2929899856938484
5334,0.7875,5.19625,0.057499284692417746,0.29985693848354794
5335,0.865,5.1825,0.058964234620886985,0.30443490701001436
5336,0.8475,5.2025,0.07059227467811159,0.36852646638054365
5337,0.9075,5.1825,0.059971387696709594,0.3113018597997139
5338,0.915,5.17625,0.07251502145922747,0.37539341917024327
5339,0.8475,5.1925,0.07059227467811159,0.36852646638054365
5340,0.915,5.17875,0.0762689556509299,0.3982832618025752
5341,0.9,5.18,0.06226037195994278,0.32274678111587984
5342,0.8375,5.17875,0.06976824034334765,0.35937052932761093
5343,0.8675,5.21125,0.07233190271816882,0.3776824034334764
5344,0.68,5.2075,0.07233190271816882,0.37539341917024327
5345,0.6925,5.19875,0.0576824034334764,0.29985693848354794
5346,0.75,5.18875,0.06253505007153076,0.32732474964234626
5347,0.7325,5.19875,0.06912732474964235,0.35937052932761093
5348,0.84,5.205,0.07004291845493563,0.3639484978540773
5349,0.6775,5.18625,0.056492131616595144,0.2929899856938484
5350,0.8625,5.1825,0.057499284692417746,0.2952789699570816
5351,0.84,5.2025,0.07004291845493563,0.3639484978540773
5352,0.91,5.2075,0.07581115879828328,0.3937052932761088
5353,0.91,5.1775,0.06107010014306152,0.3158798283261803
5354,0.9125,5.20625,0.07608583690987125,0.3982832618025752
5355,0.7175,5.18875,0.05978826895565094,0.3113018597997139
5356,0.7525,5.20875,0.06775393419170243,0.35250357653791137
5357,0.7825,5.19,0.06519027181688127,0.33648068669527903
5358,0.82,5.1975,0.0683032904148784,0.3570815450643777
5359,0.7075,5.2,0.07040915593705294,0.36852646638054365
5360,0.72,5.21125,0.0666552217453505,0.34792560801144495
5361,0.9925,5.1625,0.08267811158798284,0.4280400572246066
5362,0.86,5.1825,0.05704148783977111,0.2952789699570816
5363,0.6825,5.20625,0.07315593705293277,0.38226037195994284
5364,0.795,5.2125,0.0662889842632332,0.34563662374821175
5365,0.685,5.2125,0.07022603719599428,0.36852646638054365
5366,0.87,5.18375,0.05731616595135909,0.2952789699570816
5367,0.8475,5.19,0.07059227467811159,0.36852646638054365
5368,0.855,5.19125,0.059971387696709594,0.3113018597997139
5369,0.915,5.17875,0.06143633762517883,0.3181688125894135
5370,0.9275,5.205,0.07727610872675252,0.4005722460658083
5371,0.885,5.18,0.07370529327610874,0.32732474964234626
5372,0.76,5.1975,0.07938197424892705,0.4120171673819743
5373,0.7225,5.205,0.060246065808297576,0.3158798283261803
5374,0.7225,5.18375,0.060246065808297576,0.3113018597997139
5375,0.88,5.18125,0.05795708154506438,0.29985693848354794
5376,0.855,5.205,0.07123319027181689,0.37081545064377686
5377,0.735,5.205,0.06125321888412018,0.3181688125894135
5378,0.755,5.2025,0.059605150214592284,0.3113018597997139
5379,0.7075,5.18375,0.058964234620886985,0.30672389127324756
5380,0.865,5.20875,0.07205722460658083,0.37539341917024327
5381,0.6875,5.21375,0.07105007153075824,0.37081545064377686
5382,0.94,5.20625,0.07837482117310444,0.4097281831187411
5383,0.8675,5.21125,0.07233190271816882,0.3776824034334764
5384,0.7275,5.20375,0.0762689556509299,0.3982832618025752
5385,0.8825,5.21,0.07352217453505008,0.38226037195994284
5386,0.875,5.20875,0.07288125894134478,0.3776824034334764
5387,0.745,5.20125,0.080206008583691,0.41659513590844066
5388,0.75,5.20875,0.06253505007153076,0.32732474964234626
5389,0.855,5.2025,0.07123319027181689,0.37081545064377686
5390,0.6875,5.20375,0.07141630901287555,0.37081545064377686
5391,0.68,5.19375,0.0566752503576538,0.2929899856938484
5392,0.8875,5.205,0.07397997138769671,0.3868383404864092
5393,0.685,5.2125,0.07022603719599428,0.36852646638054365
5394,0.76,5.2025,0.05850643776824035,0.30443490701001436
5395,0.735,5.185,0.06125321888412018,0.3181688125894135
5396,0.7575,5.195,0.06647210300429185,0.34563662374821175
5397,0.72,5.20875,0.07581115879828328,0.3937052932761088
5398,0.8425,5.20875,0.07022603719599428,0.36852646638054365
5399,0.7975,5.19375,0.07086695278969958,0.36852646638054365
5400,0.7375,5.21125,0.07022603719599428,0.36852646638054365
5401,0.7425,5.19125,0.06189413447782547,0.32274678111587984
5402,0.76,5.2075,0.06683834048640916,0.34792560801144495
5403,0.8675,5.1825,0.05832331902718169,0.30443490701001436
5404,0.82,5.2125,0.0683032904148784,0.3570815450643777
5405,0.7975,5.19375,0.06647210300429185,0.34563662374821175
5406,0.83,5.18625,0.06226037195994278,0.32274678111587984
5407,0.765,5.21,0.06372532188841203,0.3341917024320458
5408,0.805,5.195,0.06711301859799715,0.34792560801144495
5409,0.7275,5.19875,0.07480400572246067,0.3891273247496424
5410,0.6875,5.19125,0.05731616595135909,0.2952789699570816
5411,0.92,5.2025,0.07663519313304722,0.3982832618025752
5412,0.87,5.18875,0.06372532188841203,0.32961373390557946
5413,0.835,5.20875,0.069585121602289,0.3639484978540773
5414,0.7225,5.1925,0.060246065808297576,0.3113018597997139
5415,0.73,5.20375,0.07544492131616595,0.3937052932761088
5416,0.91,5.20875,0.07581115879828328,0.3937052932761088
5417,0.72,5.2025,0.059971387696709594,0.3113018597997139
5418,0.85,5.1825,0.05914735336194564,0.30672389127324756
5419,0.9525,5.21,0.07938197424892705,0.4120171673819743
5420,0.6925,5.19625,0.0576824034334764,0.29985693848354794
5421,0.7575,5.20375,0.060612303290414886,0.3158798283261803
5422,0.7175,5.1825,0.05978826895565094,0.3113018597997139
5423,0.88,5.21125,0.07333905579399143,0.38226037195994284
5424,0.6875,5.21375,0.06940200286123034,0.35937052932761093
5425,0.865,5.18125,0.059605150214592284,0.30672389127324756
5426,0.8725,5.2075,0.07269814020028613,0.3776824034334764
5427,0.82,5.19,0.06912732474964235,0.35937052932761093
5428,0.7175,5.20625,0.0762689556509299,0.3982832618025752
5429,0.76,5.1875,0.06335908440629472,0.32961373390557946
5430,0.7425,5.21,0.0683032904148784,0.3570815450643777
5431,0.8225,5.19375,0.064,0.3341917024320458
5432,0.695,5.1825,0.05795708154506438,0.29985693848354794
5433,0.84,5.18875,0.0566752503576538,0.2929899856938484
5434,0.69,5.20625,0.07187410586552218,0.37539341917024327
5435,0.7625,5.2075,0.06354220314735337,0.32961373390557946
5436,0.7775,5.19875,0.06482403433476396,0.29985693848354794
5437,0.735,5.1975,0.07333905579399143,0.38226037195994284
5438,0.7925,5.21125,0.06601430615164522,0.34563662374821175
5439,0.7125,5.1825,0.059330472103004295,0.30672389127324756
5440,0.8575,5.18375,0.059605150214592284,0.30672389127324756
5441,0.8675,5.2125,0.07233190271816882,0.3776824034334764
5442,0.9025,5.2025,0.07517024320457798,0.3891273247496424
5443,0.77,5.1975,0.07288125894134478,0.3776824034334764
5444,0.9275,5.2025,0.07727610872675252,0.4005722460658083
5445,1.3025,5.1625,0.10849785407725324,0.5585121602288985
5446,0.8375,5.195,0.0666552217453505,0.34563662374821175
5447,0.79,5.17875,0.06583118741058656,0.3410586552217454
5448,0.7575,5.21,0.06308440629470673,0.32961373390557946
5449,0.6825,5.21375,0.07123319027181689,0.37081545064377686
5450,0.72,5.18375,0.059971387696709594,0.3113018597997139
5451,0.735,5.20625,0.06125321888412018,0.3181688125894135
5452,0.685,5.2125,0.07086695278969958,0.36852646638054365
5453,0.7225,5.1825,0.060246065808297576,0.3113018597997139
5454,0.8375,5.2125,0.06976824034334765,0.3639484978540773
5455,0.725,5.20875,0.06226037195994278,0.32274678111587984
5456,0.7175,5.18375,0.05978826895565094,0.3113018597997139
5457,0.95,5.20375,0.07919885550786838,0.4120171673819743
5458,0.915,5.1775,0.06125321888412018,0.3181688125894135
5459,0.75,5.19875,0.07745922746781117,0.4005722460658083
5460,0.7725,5.2025,0.06436623748211731,0.3341917024320458
5461,0.83,5.2,0.07022603719599428,0.3639484978540773
5462,0.9075,5.19,0.07727610872675252,0.4005722460658083
5463,0.845,5.21125,0.07040915593705294,0.36852646638054365
5464,0.765,5.2,0.05878111587982833,0.30672389127324756
5465,0.7875,5.19,0.06372532188841203,0.32961373390557946
5466,0.8225,5.2125,0.06857796852646639,0.3570815450643777
5467,0.685,5.21375,0.07004291845493563,0.3639484978540773
5468,0.8625,5.1825,0.059605150214592284,0.30672389127324756
5469,0.895,5.20875,0.07462088698140201,0.3891273247496424
5470,0.69,5.21375,0.057499284692417746,0.2952789699570816
5471,0.855,5.18375,0.05978826895565094,0.3113018597997139
5472,0.9025,5.1975,0.07517024320457798,0.3891273247496424
5473,0.9175,5.2075,0.07645207439198856,0.3982832618025752
5474,0.7575,5.1975,0.07938197424892705,0.4120171673819743
5475,0.92,5.20625,0.07663519313304722,0.3982832618025752
5476,0.9,5.21,0.07498712446351932,0.3891273247496424
5477,0.825,5.19,0.0769098712446352,0.3982832618025752
5478,0.7725,5.21,0.06436623748211731,0.3341917024320458
5479,0.705,5.1825,0.05878111587982833,0.30443490701001436
5480,0.7475,5.20625,0.06042918454935623,0.3158798283261803
5481,0.7725,5.19,0.06436623748211731,0.3341917024320458
5482,0.765,5.21,0.06372532188841203,0.3341917024320458
5483,0.7,5.21375,0.06711301859799715,0.34792560801144495
5484,0.7175,5.18375,0.05978826895565094,0.3113018597997139
5485,0.8125,5.2125,0.06775393419170243,0.35250357653791137
5486,0.6875,5.20625,0.07169098712446352,0.37539341917024327
5487,0.9925,5.20875,0.08267811158798284,0.43032904148783985
5488,0.8,5.2075,0.0666552217453505,0.34792560801144495
5489,0.735,5.21,0.07709298998569386,0.4005722460658083
5490,0.7575,5.20625,0.07086695278969958,0.36852646638054365
5491,0.7225,5.1825,0.060246065808297576,0.3113018597997139
5492,0.7675,5.2075,0.06601430615164522,0.34563662374821175
5493,0.8475,5.18625,0.059330472103004295,0.30672389127324756
5494,0.8375,5.215,0.06976824034334765,0.3639484978540773
5495,0.77,5.20125,0.05832331902718169,0.30443490701001436
5496,0.8375,5.19,0.0566752503576538,0.2929899856938484
5497,0.8425,5.20125,0.07022603719599428,0.3639484978540773
5498,0.6725,5.21125,0.07333905579399143,0.38226037195994284
5499,0.835,5.1875,0.060246065808297576,0.3113018597997139
5500,0.89,5.21,0.07416309012875537,0.3868383404864092
5501,0.705,5.21,0.05878111587982833,0.3868383404864092
5502,0.785,5.20375,0.07727610872675252,0.4005722460658083
5503,0.7225,5.1825,0.060246065808297576,0.3113018597997139
5504,0.795,5.18375,0.0662889842632332,0.34563662374821175
5505,0.8375,5.19375,0.060612303290414886,0.3158798283261803
5506,0.76,5.17875,0.06335908440629472,0.32732474964234626
5507,0.8025,5.18625,0.06683834048640916,0.34563662374821175
5508,0.89,5.17875,0.06079542203147354,0.3158798283261803
5509,0.8025,5.1825,0.06683834048640916,0.34563662374821175
5510,0.9325,5.18875,0.07773390557939915,0.40515021459227474
5511,0.865,5.18125,0.05850643776824035,0.30443490701001436
5512,0.8075,5.195,0.0672961373390558,0.34792560801144495
5513,0.8775,5.2125,0.07315593705293277,0.38226037195994284
5514,0.69,5.215,0.0689442060085837,0.35937052932761093
5515,0.7325,5.185,0.06107010014306152,0.3158798283261803
5516,0.8725,5.21125,0.07269814020028613,0.3776824034334764
5517,0.7425,5.19875,0.0875307582260372,0.4532188841201717
5518,0.905,5.20625,0.07544492131616595,0.3937052932761088
5519,0.8725,5.21,0.07269814020028613,0.3776824034334764
5520,0.72,5.21,0.07434620886981402,0.3868383404864092
5521,0.81,5.1975,0.06271816881258942,0.32732474964234626
5522,0.745,5.17875,0.062077253218884125,0.32274678111587984
5523,0.87,5.18125,0.05878111587982833,0.30443490701001436
5524,0.72,5.21125,0.06253505007153076,0.32732474964234626
5525,0.7775,5.1925,0.06482403433476396,0.33648068669527903
5526,0.8675,5.18375,0.059330472103004295,0.30672389127324756
5527,0.6975,5.21375,0.06857796852646639,0.3570815450643777
5528,0.85,5.2025,0.07086695278969958,0.36852646638054365
5529,0.7075,5.20625,0.07434620886981402,0.3868383404864092
5530,0.76,5.2025,0.059605150214592284,0.3113018597997139
5531,0.69,5.18375,0.057499284692417746,0.2952789699570816
5532,0.91,5.18375,0.069585121602289,0.35937052932761093
5533,0.9275,5.175,0.0779170243204578,0.40515021459227474
5534,0.885,5.1975,0.07370529327610874,0.38226037195994284
5535,0.905,5.18,0.07544492131616595,0.3937052932761088
5536,0.91,5.18,0.06189413447782547,0.3181688125894135
5537,0.8175,5.1875,0.06812017167381974,0.35250357653791137
5538,0.8375,5.2125,0.06976824034334765,0.3639484978540773
5539,0.745,5.205,0.059971387696709594,0.3113018597997139
5540,0.7075,5.1825,0.058964234620886985,0.30443490701001436
5541,0.875,5.2125,0.07288125894134478,0.3776824034334764
5542,0.7,5.21375,0.06812017167381974,0.3570815450643777
5543,0.72,5.18375,0.059971387696709594,0.3113018597997139
5544,0.805,5.2125,0.06711301859799715,0.34792560801144495
5545,0.795,5.195,0.056858369098712454,0.2952789699570816
5546,0.77,5.19125,0.06418311874105866,0.3341917024320458
5547,1.28,5.17625,0.10666666666666667,0.5516452074391989
5548,0.765,5.2,0.08066380543633764,0.421173104434907
5549,0.8625,5.21125,0.07187410586552218,0.37539341917024327
5550,0.745,5.1975,0.062077253218884125,0.32274678111587984
5551,0.7375,5.21125,0.07169098712446352,0.37539341917024327
5552,0.7225,5.18125,0.060246065808297576,0.3113018597997139
5553,0.84,5.2,0.07004291845493563,0.3639484978540773
5554,0.715,5.2025,0.07086695278969958,0.36852646638054365
5555,0.7725,5.2,0.057499284692417746,0.29985693848354794
5556,0.7375,5.18625,0.06143633762517883,0.3181688125894135
5557,0.8325,5.185,0.060246065808297576,0.3113018597997139
5558,0.68,5.21125,0.07105007153075824,0.37081545064377686
5559,0.685,5.18375,0.05704148783977111,0.2952789699570816
5560,0.8725,5.18125,0.057499284692417746,0.2952789699570816
5561,0.6775,5.2125,0.07105007153075824,0.37081545064377686
5562,1.48,5.17,0.12333047210300431,0.6386266094420602
5563,0.9175,5.17625,0.064,0.32961373390557946
5564,0.75,5.2,0.07397997138769671,0.3868383404864092
5565,0.945,5.21,0.07874105865522175,0.4097281831187411
5566,0.72,5.205,0.059971387696709594,0.3982832618025752
5567,0.7725,5.20375,0.06482403433476396,0.33648068669527903
5568,1.3225,5.1675,0.11023748211731045,0.5699570815450644
5569,0.73,5.185,0.06079542203147354,0.3158798283261803
5570,0.81,5.18875,0.06290128755364807,0.32732474964234626
5571,0.83,5.21375,0.06912732474964235,0.35937052932761093
5572,0.715,5.1825,0.059605150214592284,0.30672389127324756
5573,0.725,5.1975,0.06793705293276109,0.35250357653791137
5574,0.7275,5.1825,0.060612303290414886,0.3158798283261803
5575,0.7825,5.2125,0.06519027181688127,0.3410586552217454
5576,0.7875,5.19875,0.05731616595135909,0.2952789699570816
5577,1.09,5.17875,0.090826895565093,0.46924177396280403
5578,0.91,5.2025,0.07581115879828328,0.3937052932761088
5579,0.8575,5.18375,0.06601430615164522,0.3410586552217454
5580,0.8375,5.19125,0.06976824034334765,0.3639484978540773
5581,0.92,5.2,0.07663519313304722,0.3982832618025752
5582,0.895,5.18,0.06308440629470673,0.32732474964234626
5583,0.865,5.205,0.07205722460658083,0.37539341917024327
5584,0.68,5.185,0.0566752503576538,0.2929899856938484
5585,0.8575,5.1825,0.05850643776824035,0.30443490701001436
5586,0.685,5.21375,0.07169098712446352,0.37539341917024327
5587,0.71,5.1825,0.05914735336194564,0.30672389127324756
5588,0.8675,5.18125,0.05814020028612304,0.29985693848354794
5589,0.675,5.21,0.07269814020028613,0.3776824034334764
5590,0.6925,5.1825,0.0576824034334764,0.29985693848354794
5591,0.86,5.18125,0.07040915593705294,0.3639484978540773
5592,1.255,5.175,0.09705293276108727,0.5035765379113019
5593,0.905,5.2,0.07544492131616595,0.3937052932761088
5594,0.8975,5.185,0.05978826895565094,0.3113018597997139
5595,0.8825,5.18375,0.06519027181688127,0.33648068669527903
5596,0.905,5.20625,0.07544492131616595,0.3937052932761088
5597,0.89,5.18,0.06354220314735337,0.32961373390557946
5598,0.6825,5.21375,0.07205722460658083,0.37539341917024327
5599,0.765,5.1875,0.06372532188841203,0.32961373390557946
5600,0.7175,5.20875,0.05978826895565094,0.3113018597997139
5601,0.8125,5.195,0.05850643776824035,0.30443490701001436
5602,0.775,5.19,0.06454935622317597,0.3341917024320458
5603,0.8175,5.215,0.06812017167381974,0.3570815450643777
5604,0.675,5.2125,0.07187410586552218,0.37539341917024327
5605,0.675,5.19,0.05621745350500716,0.2929899856938484
5606,0.825,5.19875,0.06876108726752504,0.3570815450643777
5607,1.0425,5.1825,0.08084692417739629,0.421173104434907
5608,0.765,5.18125,0.06372532188841203,0.32961373390557946
5609,0.8825,5.1975,0.07352217453505008,0.38226037195994284
5610,0.8725,5.18375,0.06537339055793992,0.33648068669527903
5611,0.8875,5.21,0.07397997138769671,0.3868383404864092
5612,0.85,5.1925,0.07086695278969958,0.36852646638054365
5613,0.685,5.205,0.07663519313304722,0.3982832618025752
5614,0.6775,5.19375,0.056492131616595144,0.2929899856938484
5615,0.8375,5.2025,0.06976824034334765,0.3639484978540773
5616,0.685,5.2125,0.0689442060085837,0.35937052932761093
5617,0.6825,5.185,0.056858369098712454,0.2952789699570816
5618,0.87,5.2075,0.07251502145922747,0.3776824034334764
5619,0.68,5.205,0.07233190271816882,0.37539341917024327
5620,0.765,5.2,0.05832331902718169,0.30443490701001436
5621,0.76,5.19,0.06335908440629472,0.32961373390557946
5622,1,5.17125,0.07004291845493563,0.3639484978540773
5623,0.9,5.17875,0.061711015736766815,0.3181688125894135
5624,0.905,5.20125,0.07544492131616595,0.3937052932761088
5625,0.91,5.18,0.06079542203147354,0.3158798283261803
5626,0.7775,5.195,0.07141630901287555,0.37081545064377686
5627,0.815,5.21,0.06793705293276109,0.35250357653791137
5628,0.8225,5.19125,0.056492131616595144,0.2929899856938484
5629,0.8525,5.185,0.059605150214592284,0.30672389127324756
5630,0.8425,5.2125,0.07022603719599428,0.36852646638054365
5631,0.6925,5.21375,0.0576824034334764,0.35937052932761093
5632,0.69,5.20375,0.07169098712446352,0.37081545064377686
5633,0.675,5.1875,0.05621745350500716,0.2929899856938484
5634,0.8575,5.21375,0.07141630901287555,0.37081545064377686
5635,0.69,5.2125,0.06940200286123034,0.35937052932761093
5636,0.68,5.185,0.0566752503576538,0.2929899856938484
5637,1.01,5.2,0.08414306151645208,0.4394849785407726
5638,0.835,5.19125,0.059971387696709594,0.3113018597997139
5639,0.8675,5.195,0.07233190271816882,0.37539341917024327
5640,0.9025,5.205,0.07517024320457798,0.3891273247496424
5641,0.7925,5.195,0.07105007153075824,0.36852646638054365
5642,0.7625,5.19125,0.06354220314735337,0.32961373390557946
5643,0.725,5.18,0.06042918454935623,0.3113018597997139
5644,0.7425,5.2075,0.0683032904148784,0.3570815450643777
5645,0.8,5.20375,0.0666552217453505,0.34563662374821175
5646,0.7375,5.1775,0.06143633762517883,0.3181688125894135
5647,0.8825,5.18375,0.06454935622317597,0.3341917024320458
5648,0.865,5.20875,0.07205722460658083,0.37539341917024327
5649,0.7425,5.1875,0.06189413447782547,0.32274678111587984
5650,0.88,5.17875,0.06290128755364807,0.32732474964234626
5651,0.735,5.20625,0.06107010014306152,0.3181688125894135
5652,0.97,5.185,0.08084692417739629,0.421173104434907
5653,0.85,5.19125,0.059971387696709594,0.3113018597997139
5654,0.8925,5.1825,0.060612303290414886,0.3158798283261803
5655,0.805,5.1875,0.06711301859799715,0.34792560801144495
5656,0.8775,5.18375,0.059605150214592284,0.30672389127324756
5657,0.88,5.18125,0.06335908440629472,0.32961373390557946
5658,0.855,5.21375,0.07123319027181689,0.37081545064377686
5659,0.72,5.21,0.06290128755364807,0.32732474964234626
5660,0.86,5.1825,0.05814020028612304,0.29985693848354794
5661,0.8275,5.20125,0.0689442060085837,0.35937052932761093
5662,0.8475,5.185,0.07059227467811159,0.3158798283261803
5663,0.685,5.21375,0.07040915593705294,0.36852646638054365
5664,0.7225,5.18375,0.060246065808297576,0.3113018597997139
5665,0.6725,5.19,0.05603433476394851,0.2929899856938484
5666,0.8625,5.18375,0.056858369098712454,0.2952789699570816
5667,1.005,5.1975,0.08377682403433477,0.4349070100143062
5668,0.85,5.19375,0.07086695278969958,0.36852646638054365
5669,0.8025,5.19125,0.07040915593705294,0.3639484978540773
5670,0.8975,5.21,0.07480400572246067,0.3891273247496424
5671,0.7225,5.19375,0.060246065808297576,0.3113018597997139
5672,0.845,5.19,0.06940200286123034,0.35937052932761093
5673,0.71,5.1825,0.05914735336194564,0.30672389127324756
5674,0.7725,5.21125,0.06436623748211731,0.3341917024320458
5675,0.6825,5.21125,0.07645207439198856,0.3982832618025752
5676,0.6775,5.185,0.056492131616595144,0.2929899856938484
5677,0.8725,5.2075,0.07269814020028613,0.3776824034334764
5678,0.685,5.205,0.07141630901287555,0.37081545064377686
5679,0.6775,5.19,0.056492131616595144,0.2929899856938484
5680,0.88,5.2125,0.07333905579399143,0.38226037195994284
5681,0.75,5.205,0.05978826895565094,0.3113018597997139
5682,1.0125,5.17125,0.08441773962804007,0.4349070100143062
5683,0.8575,5.19375,0.07141630901287555,0.37081545064377686
5684,0.9175,5.18125,0.06042918454935623,0.3113018597997139
5685,0.7975,5.1925,0.07059227467811159,0.36852646638054365
5686,0.905,5.20125,0.07544492131616595,0.3937052932761088
5687,0.8925,5.1825,0.059971387696709594,0.3113018597997139
5688,0.755,5.195,0.06747925608011446,0.34792560801144495
5689,0.6825,5.195,0.056858369098712454,0.2952789699570816
5690,0.8775,5.18125,0.06253505007153076,0.32274678111587984
5691,0.675,5.20875,0.07233190271816882,0.37539341917024327
5692,0.7325,5.18,0.06107010014306152,0.3158798283261803
5693,0.87,5.17875,0.062077253218884125,0.32274678111587984
5694,0.735,5.20875,0.06189413447782547,0.32274678111587984
5695,0.76,5.18875,0.06335908440629472,0.32961373390557946
5696,0.6775,5.20875,0.056492131616595144,0.2929899856938484
5697,0.945,5.19,0.07333905579399143,0.3776824034334764
5698,0.8425,5.20875,0.07022603719599428,0.36852646638054365
5699,0.7475,5.17875,0.06226037195994278,0.32274678111587984
5700,0.7825,5.20375,0.07004291845493563,0.3639484978540773
5701,0.7525,5.18,0.06271816881258942,0.32732474964234626
5702,0.795,5.185,0.0662889842632332,0.34563662374821175
5703,0.8675,5.18125,0.0576824034334764,0.29985693848354794
5704,0.855,5.21125,0.07123319027181689,0.37081545064377686
5705,0.685,5.185,0.05704148783977111,0.2952789699570816
5706,0.86,5.185,0.056858369098712454,0.2952789699570816
5707,0.8275,5.2125,0.0689442060085837,0.35937052932761093
5708,0.685,5.1825,0.05704148783977111,0.2952789699570816
5709,0.8575,5.18375,0.062077253218884125,0.32274678111587984
5710,0.715,5.2,0.059605150214592284,0.3113018597997139
5711,0.7825,5.19125,0.06519027181688127,0.33648068669527903
5712,0.9675,5.1725,0.07727610872675252,0.4005722460658083
5713,0.8275,5.2075,0.0689442060085837,0.35937052932761093
5714,0.72,5.1925,0.059971387696709594,0.3113018597997139
5715,0.7425,5.20875,0.0683032904148784,0.3570815450643777
5716,0.8575,5.19,0.061711015736766815,0.3181688125894135
5717,0.8175,5.18875,0.06812017167381974,0.35250357653791137
5718,0.82,5.1875,0.06271816881258942,0.32732474964234626
5719,0.6775,5.2125,0.07086695278969958,0.36852646638054365
5720,0.71,5.18375,0.05914735336194564,0.30672389127324756
5721,0.8125,5.1875,0.062077253218884125,0.32274678111587984
5722,0.715,5.21,0.06454935622317597,0.33648068669527903
5723,0.735,5.18625,0.06125321888412018,0.3181688125894135
5724,0.8325,5.18625,0.062077253218884125,0.32274678111587984
5725,0.7025,5.21,0.0662889842632332,0.34563662374821175
5726,0.7875,5.19375,0.06564806866952791,0.3410586552217454
5727,0.9075,5.18875,0.07562804005722461,0.3776824034334764
5728,0.75,5.1975,0.07837482117310444,0.4097281831187411
5729,0.82,5.2075,0.0683032904148784,0.3570815450643777
5730,0.7675,5.1925,0.064,0.3341917024320458
5731,0.72,5.21,0.08066380543633764,0.421173104434907
5732,0.7225,5.1825,0.060246065808297576,0.3113018597997139
5733,0.7325,5.185,0.06107010014306152,0.3158798283261803
5734,0.69,5.205,0.07169098712446352,0.37081545064377686
5735,0.675,5.19125,0.05621745350500716,0.2929899856938484
5736,0.835,5.2,0.069585121602289,0.35937052932761093
5737,0.8175,5.1875,0.06271816881258942,0.32732474964234626
5738,0.81,5.21125,0.06747925608011446,0.35250357653791137
5739,0.6975,5.18,0.05814020028612304,0.29985693848354794
5740,0.8075,5.19375,0.0566752503576538,0.2929899856938484
5741,0.8625,5.205,0.07187410586552218,0.37539341917024327
5742,0.7875,5.1925,0.06564806866952791,0.3410586552217454
5743,0.87,5.18375,0.06537339055793992,0.33648068669527903
5744,0.9075,5.19625,0.07562804005722461,0.3937052932761088
5745,0.845,5.21,0.07040915593705294,0.36852646638054365
5746,0.72,5.20875,0.07352217453505008,0.38226037195994284
5747,0.8025,5.20875,0.06683834048640916,0.34792560801144495
5748,0.6975,5.18125,0.05814020028612304,0.29985693848354794
5749,0.8525,5.1825,0.059330472103004295,0.30672389127324756
5750,0.74,5.20375,0.06226037195994278,0.32274678111587984
5751,0.7725,5.19125,0.06436623748211731,0.3341917024320458
5752,0.7125,5.20125,0.06912732474964235,0.35937052932761093
5753,0.72,5.20875,0.06253505007153076,0.32732474964234626
5754,0.78,5.19125,0.06500715307582261,0.33648068669527903
5755,0.81,5.19,0.0689442060085837,0.3570815450643777
5756,0.73,5.21125,0.07040915593705294,0.36852646638054365
5757,0.7225,5.19125,0.060246065808297576,0.3113018597997139
5758,0.8125,5.19125,0.07004291845493563,0.3639484978540773
5759,0.755,5.2075,0.06647210300429185,0.34563662374821175
5760,0.7425,5.17875,0.06189413447782547,0.3181688125894135
5761,0.89,5.18375,0.07416309012875537,0.30672389127324756
5762,1.835,5.115,0.15336194563662375,0.7828326180257512
5763,1.915,5.13875,0.15958798283261805,0.8217453505007154
5764,1.6075,5.1475,0.1339513590844063,0.6889842632331903
5765,2.43,5.0725,0.20042346208869816,1.0163090128755365
5766,1.9825,5.11875,0.16517310443490701,0.8446351931330472
5767,2.11,5.105,0.17579399141630903,0.8972818311874107
5768,2.03,5.11125,0.1812875536480687,0.9270386266094421
5769,2.23,5.09375,0.18586552217453506,0.9453505007153076
5770,1.9175,5.10625,0.1597711015736767,0.817167381974249
5771,3.015,5.0775,0.19337339055793992,0.9819742489270388
5772,2.625,5.05375,0.21873533619456367,1.105579399141631
5773,1.5975,5.15,0.13312732474964237,0.6866952789699571
5774,1.845,5.11375,0.17249785407725324,0.8812589413447783
5775,2.4475,5.085,0.20399427753934193,1.0391988555078686
5776,2.425,5.07625,0.20207153075822606,1.0277539341917024
5777,2.3675,5.08375,0.20371959942775394,1.034620886981402
5778,2.3925,5.08875,0.19941630901287555,1.0163090128755365
5779,2.4125,5.08875,0.20106437768240346,1.0231759656652362
5780,2.375,5.085,0.20912160228898427,1.0643776824034337
5781,1.7175,5.1275,0.13871244635193133,0.7118741058655222
5782,1.7325,5.1375,0.14438912732474965,0.7416309012875537
5783,3.66,4.9975,0.28621459227467816,1.428326180257511
5784,4.8825,4.92,0.41458082975679544,2.0394849785407727
5785,4.925,4.91375,0.4104606580829757,2.016595135908441
5786,4.9975,4.91375,0.41815164520743925,2.0555078683834047
5787,5.0075,4.91375,0.4189756795422032,2.0577968526466384
5788,5.04,4.91125,0.41998283261802577,2.0623748211731048
5789,5.05,4.9125,0.4196165951359085,2.0623748211731048
5790,5.045,4.91125,0.4210815450643777,2.066952789699571
5791,5.0425,4.91125,0.42016595135908447,2.0623748211731048
5792,5.015,4.91125,0.4189756795422032,2.0577968526466384
5793,5.0025,4.91375,0.41668669527897,2.0486409155937055
5794,5.015,4.91375,0.41787696709585126,2.0555078683834047
5795,5.03,4.91125,0.41915879828326186,2.0577968526466384
5796,5.04,4.9125,0.42080686695278974,2.066952789699571
5797,5.045,4.91125,0.42044062947067246,2.066952789699571
5798,5.0575,4.91,0.421447782546495,2.069241773962804
5799,5.065,4.91125,0.42044062947067246,2.066952789699571
5800,5.075,4.91,0.4229127324749643,2.0783977110157372
5801,5.0625,4.91,0.4219055793991417,2.069241773962804
5802,5.0325,4.9075,0.4219055793991417,2.069241773962804
5803,5.0325,4.91125,0.4193419170243205,2.0577968526466384
5804,5.0575,4.90875,0.421447782546495,2.069241773962804
5805,5.0775,4.90875,0.42309585121602294,2.0783977110157372
5806,5.0675,4.91,0.422271816881259,2.073819742489271
5807,5.0575,4.90875,0.421447782546495,2.069241773962804
5808,5.085,4.91,0.42309585121602294,2.0783977110157372
5809,5.0725,4.90875,0.4227296137339056,2.073819742489271
5810,5.0775,4.9075,0.42309585121602294,2.0783977110157372
5811,5.065,4.9075,0.4235536480686696,2.0783977110157372
5812,5.0625,4.9075,0.4219055793991417,2.069241773962804
5813,5.06,4.91125,0.4216309012875537,2.069241773962804
5814,5.065,4.90875,0.42437768240343354,2.08068669527897
5815,5.0825,4.90875,0.42391988555078686,2.08068669527897
5816,5.075,4.90875,0.4229127324749643,2.0783977110157372
5817,5.07,4.9075,0.4227296137339056,2.073819742489271
5818,5.0825,4.90875,0.4229127324749643,2.0783977110157372
5819,5.08,4.91,0.42337052932761093,2.0783977110157372
5820,5.0725,4.9075,0.4235536480686696,2.0783977110157372
5821,5.095,4.9075,0.4258426323319028,2.089842632331903
5822,5.0575,4.90875,0.421447782546495,2.069241773962804
5823,5.0625,4.90875,0.42391988555078686,2.08068669527897
5824,5.085,4.90625,0.42337052932761093,2.0783977110157372
5825,5.08,4.9075,0.42337052932761093,2.0783977110157372
5826,5.0775,4.9075,0.42309585121602294,2.0783977110157372
5827,5.08,4.90875,0.4227296137339056,2.073819742489271
5828,5.0675,4.90875,0.422271816881259,2.073819742489271
5829,5.0775,4.90625,0.42309585121602294,2.0783977110157372
5830,5.0975,4.90875,0.4224549356223176,2.073819742489271
5831,5.0925,4.90875,0.42437768240343354,2.08068669527897
5832,5.0925,4.90875,0.42437768240343354,2.08068669527897
5833,5.0975,4.90625,0.422271816881259,2.069241773962804
5834,5.09,4.9075,0.42419456366237485,2.08068669527897
5835,5.0925,4.90625,0.42437768240343354,2.08068669527897
5836,5.0975,4.9075,0.4219055793991417,2.069241773962804
5837,5.075,4.9075,0.4229127324749643,2.073819742489271
5838,5.085,4.90875,0.4237367668097282,2.08068669527897
5839,5.065,4.90875,0.4245608011444922,2.0852646638054364
5840,5.0975,4.90625,0.4248354792560802,2.0852646638054364
5841,5.0925,4.90625,0.42437768240343354,2.08068669527897
5842,5.075,4.90625,0.4224549356223176,2.073819742489271
5843,5.0675,4.9075,0.422271816881259,2.073819742489271
5844,5.095,4.90875,0.4245608011444922,2.0852646638054364
5845,5.0875,4.90625,0.42337052932761093,2.0783977110157372
5846,5.0975,4.9075,0.4235536480686696,2.0783977110157372
5847,5.07,4.90875,0.4224549356223176,2.073819742489271
5848,5.0975,4.905,0.4248354792560802,2.0852646638054364
5849,5.0975,4.90625,0.42437768240343354,2.08068669527897
5850,5.0825,4.90625,0.4235536480686696,2.0783977110157372
5851,5.0875,4.9075,0.42391988555078686,2.08068669527897
5852,5.075,4.90625,0.42391988555078686,2.08068669527897
5853,5.07,4.9075,0.4224549356223176,2.073819742489271
5854,5.09,4.90875,0.4235536480686696,2.0783977110157372
5855,5.1,4.90875,0.42309585121602294,2.0783977110157372
5856,5.1025,4.9075,0.42520171673819745,2.0852646638054364
5857,5.0975,4.9075,0.4235536480686696,2.0783977110157372
5858,5.0775,4.9075,0.4237367668097282,2.0783977110157372
5859,5.0775,4.9075,0.42309585121602294,2.0783977110157372
5860,5.08,4.90625,0.42337052932761093,2.0783977110157372
5861,5.0775,4.905,0.42437768240343354,2.08068669527897
5862,5.075,4.90625,0.4229127324749643,2.073819742489271
5863,5.06,4.9075,0.4216309012875537,2.069241773962804
5864,5.095,4.9075,0.4237367668097282,2.0783977110157372
5865,5.0875,4.90875,0.42391988555078686,2.08068669527897
5866,5.09,4.90625,0.42419456366237485,2.08068669527897
5867,5.0875,4.9075,0.4235536480686696,2.0783977110157372
5868,5.08,4.90875,0.42337052932761093,2.0783977110157372
5869,5.1,4.90625,0.4250185979971388,2.0852646638054364
5870,5.0925,4.90625,0.4235536480686696,2.0783977110157372
5871,5.0775,4.90875,0.42309585121602294,2.0783977110157372
5872,5.085,4.90875,0.4237367668097282,2.08068669527897
5873,5.0925,4.9075,0.4237367668097282,2.0783977110157372
5874,5.1025,4.90875,0.42520171673819745,2.089842632331903
5875,5.0925,4.9075,0.42437768240343354,2.08068669527897
5876,5.0825,4.90625,0.42337052932761093,2.0783977110157372
5877,5.075,4.9075,0.4229127324749643,2.073819742489271
5878,5.0875,4.90625,0.42391988555078686,2.08068669527897
5879,5.085,4.9075,0.4248354792560802,2.0852646638054364
5880,5.075,4.9075,0.4245608011444922,2.0852646638054364
5881,5.08,4.90625,0.42337052932761093,2.0783977110157372
5882,5.0875,4.90625,0.42391988555078686,2.08068669527897
5883,5.065,4.9075,0.4256595135908441,2.089842632331903
5884,5.09,4.90625,0.42419456366237485,2.08068669527897
5885,5.1025,4.905,0.4245608011444922,2.08068669527897
5886,5.1075,4.90875,0.42437768240343354,2.08068669527897
5887,5.06,4.90625,0.4216309012875537,2.069241773962804
5888,5.0925,4.9075,0.42419456366237485,2.08068669527897
5889,5.095,4.90625,0.4256595135908441,2.089842632331903
5890,5.1,4.9075,0.4250185979971388,2.0852646638054364
5891,5.08,4.9075,0.42337052932761093,2.0783977110157372
5892,5.085,4.9075,0.4237367668097282,2.0783977110157372
5893,5.09,4.9075,0.42419456366237485,2.08068669527897
5894,5.095,4.9075,0.4245608011444922,2.0852646638054364
5895,5.0925,4.9075,0.42437768240343354,2.08068669527897
5896,5.0825,4.9075,0.4235536480686696,2.0783977110157372
5897,5.1125,4.9075,0.4260257510729614,2.089842632331903
5898,5.075,4.90625,0.42419456366237485,2.08068669527897
5899,5.07,4.9075,0.4224549356223176,2.073819742489271
5900,5.0825,4.90625,0.4235536480686696,2.0783977110157372
5901,5.0875,4.9075,0.4237367668097282,2.0783977110157372
5902,5.095,4.90625,0.4245608011444922,2.08068669527897
5903,5.0975,4.90625,0.4248354792560802,2.0852646638054364
5904,5.08,4.9075,0.4245608011444922,2.0852646638054364
5905,5.0875,4.90625,0.42391988555078686,2.08068669527897
5906,5.085,4.90625,0.4237367668097282,2.0783977110157372
5907,5.0725,4.90875,0.4245608011444922,2.0852646638054364
5908,5.075,4.9075,0.4229127324749643,2.073819742489271
5909,5.11,4.90625,0.4258426323319028,2.089842632331903
5910,5.0925,4.90625,0.4245608011444922,2.08068669527897
5911,5.085,4.90625,0.4248354792560802,2.0852646638054364
5912,5.1025,4.90625,0.42520171673819745,2.0852646638054364
5913,5.095,4.90625,0.42391988555078686,2.08068669527897
5914,5.09,4.90625,0.42391988555078686,2.08068669527897
5915,5.105,4.90625,0.4253848354792561,2.089842632331903
5916,5.0875,4.9075,0.42437768240343354,2.08068669527897
5917,5.0775,4.9075,0.42391988555078686,2.08068669527897
5918,5.0775,4.9075,0.42309585121602294,2.0783977110157372
5919,5.105,4.90625,0.4245608011444922,2.08068669527897
5920,5.0825,4.90625,0.42391988555078686,2.08068669527897
5921,5.095,4.90625,0.4245608011444922,2.08068669527897
5922,5.0925,4.9075,0.42437768240343354,2.0852646638054364
5923,5.07,4.90625,0.4237367668097282,2.0783977110157372
5924,5.0875,4.90875,0.42391988555078686,2.08068669527897
5925,5.105,4.9075,0.4253848354792561,2.089842632331903
5926,5.09,4.9075,0.42437768240343354,2.08068669527897
5927,5.0875,4.90625,0.42391988555078686,2.08068669527897
5928,5.105,4.9075,0.4253848354792561,2.089842632331903
5929,5.08,4.90625,0.42391988555078686,2.08068669527897
5930,5.08,4.90875,0.42337052932761093,2.0783977110157372
5931,5.085,4.9075,0.4237367668097282,2.0783977110157372
5932,5.0775,4.9075,0.42437768240343354,2.08068669527897
5933,5.0975,4.905,0.4248354792560802,2.0852646638054364
5934,5.105,4.9075,0.4253848354792561,2.089842632331903
5935,5.1,4.90625,0.42437768240343354,2.08068669527897
5936,5.0825,4.90625,0.4235536480686696,2.0783977110157372
5937,5.0925,4.905,0.42437768240343354,2.08068669527897
5938,5.065,4.9075,0.4256595135908441,2.089842632331903
5939,5.0875,4.9075,0.42391988555078686,2.08068669527897
5940,5.0975,4.90875,0.4248354792560802,2.0852646638054364
5941,5.0875,4.9075,0.4256595135908441,2.089842632331903
5942,5.09,4.90875,0.42419456366237485,2.08068669527897
5943,5.0925,4.90625,0.42437768240343354,2.08068669527897
5944,5.1075,4.9075,0.42437768240343354,2.08068669527897
5945,5.0925,4.9075,0.42419456366237485,2.08068669527897
5946,5.085,4.90875,0.4237367668097282,2.08068669527897
5947,5.095,4.90625,0.42648354792560805,2.0921316165951365
5948,5.08,4.90625,0.42419456366237485,2.08068669527897
5949,5.095,4.9075,0.4245608011444922,2.0852646638054364
5950,5.095,4.90625,0.42391988555078686,2.08068669527897
5951,5.0875,4.90625,0.42419456366237485,2.08068669527897
5952,5.08,4.90875,0.42337052932761093,2.0783977110157372
5953,5.0825,4.90625,0.42437768240343354,2.08068669527897
5954,5.0775,4.9075,0.4235536480686696,2.0783977110157372
5955,5.0875,4.90875,0.42391988555078686,2.08068669527897
5956,5.085,4.90625,0.4237367668097282,2.0783977110157372
5957,5.0975,4.90625,0.4253848354792561,2.089842632331903
5958,5.09,4.9075,0.42419456366237485,2.08068669527897
5959,5.0775,4.9075,0.42309585121602294,2.0783977110157372
5960,5.1175,4.9075,0.4248354792560802,2.0852646638054364
5961,5.0875,4.9075,0.42391988555078686,2.08068669527897
5962,5.085,4.90875,0.4237367668097282,2.08068669527897
5963,5.0825,4.90625,0.4250185979971388,2.0852646638054364
5964,5.0825,4.9075,0.4235536480686696,2.0783977110157372
5965,5.095,4.9075,0.4245608011444922,2.0852646638054364
5966,5.1075,4.90625,0.4248354792560802,2.0852646638054364
5967,5.0975,4.90625,0.4248354792560802,2.0852646638054364
5968,5.0925,4.90875,0.42437768240343354,2.08068669527897
5969,5.085,4.90625,0.42520171673819745,2.0852646638054364
5970,5.085,4.9075,0.4237367668097282,2.0783977110157372
5971,5.1075,4.90625,0.4256595135908441,2.089842632331903
5972,5.1,4.90875,0.4248354792560802,2.0852646638054364
5973,5.0975,4.90625,0.4248354792560802,2.0852646638054364
5974,5.105,4.90625,0.4253848354792561,2.089842632331903
5975,5.08,4.9075,0.4248354792560802,2.0852646638054364
5976,5.0875,4.9075,0.42437768240343354,2.08068669527897
5977,5.085,4.90875,0.4237367668097282,2.08068669527897
5978,5.085,4.9075,0.4235536480686696,2.0783977110157372
5979,5.0925,4.90875,0.4248354792560802,2.0852646638054364
5980,5.1,4.90625,0.4250185979971388,2.0852646638054364
5981,5.09,4.90875,0.4245608011444922,2.0852646638054364
5982,5.095,4.90875,0.4235536480686696,2.0783977110157372
5983,5.0925,4.90625,0.42437768240343354,2.08068669527897
5984,4.9675,4.91625,0.4100028612303291,2.0143061516452074
5985,1.445,5.145,0.10730758226037197,0.5516452074391989
5986,1.285,5.1625,0.10712446351931332,0.5516452074391989
5987,1.3875,5.15375,0.11563948497854079,0.6065808297567954
5988,1.4325,5.15125,0.10565951359084408,0.5447782546494994
5989,1.3875,5.17125,0.11563948497854079,0.5974248927038627
5990,1.3175,5.18125,0.10977968526466382,0.5699570815450644
5991,1.3275,5.15125,0.09979971387696711,0.5127324749642347
5992,1.2525,5.15375,0.10437768240343348,0.5356223175965666
5993,1.195,5.15,0.09961659513590845,0.5127324749642347
5994,2.3225,5.07625,0.2112274678111588,1.0735336194563663
5995,1.255,5.1475,0.10456080114449214,0.540200286123033
5996,1.2325,5.14875,0.10272961373390559,0.528755364806867
5997,1.185,5.175,0.11875250357653792,0.6157367668097282
5998,1.37,5.16,0.11417453505007154,0.58826895565093
5999,1.2325,5.1475,0.10272961373390559,0.528755364806867
6000,1.18,5.17625,0.11399141630901288,0.58826895565093
6001,1.3625,5.16375,0.11353361945636625,0.5859799713876968
6002,1.2675,5.145,0.10565951359084408,0.5447782546494994
6003,1.165,5.17625,0.10794849785407726,0.5585121602288985
6004,1.36,5.1775,0.1133505007153076,0.5859799713876968
6005,1.32,5.17875,0.10996280400572248,0.5699570815450644
6006,1.3325,5.15125,0.10062374821173105,0.517310443490701
6007,1.3425,5.15125,0.10291273247496424,0.528755364806867
6008,1.2625,5.15125,0.10520171673819743,0.5447782546494994
6009,1.2825,5.1725,0.09732761087267526,0.5035765379113019
6010,1.17,5.1775,0.1020886981402003,0.528755364806867
6011,1.2275,5.17625,0.10227181688125896,0.528755364806867
6012,1.27,5.16,0.11939341917024322,0.6157367668097282
6013,1.365,5.14875,0.10749070100143063,0.5539341917024321
6014,1.28,5.15875,0.10666666666666667,0.5516452074391989
6015,1.225,5.16875,0.11499856938483549,0.5928469241773964
6016,1.365,5.15125,0.10666666666666667,0.5516452074391989
6017,1.2525,5.14875,0.10437768240343348,0.5356223175965666
6018,1.2425,5.16625,0.10163090128755366,0.5241773962804006
6019,1.155,5.17875,0.10456080114449214,0.540200286123033
6020,1.335,5.18,0.11124463519313306,0.576824034334764
6021,1.3375,5.17625,0.11142775393419171,0.576824034334764
6022,1.3225,5.15,0.10767381974248928,0.5539341917024321
6023,1.2025,5.15,0.10016595135908442,0.517310443490701
6024,1.2325,5.1475,0.10272961373390559,0.528755364806867
6025,1.14,5.18,0.10712446351931332,0.5539341917024321
6026,1.33,5.17625,0.11087839771101575,0.5745350500715308
6027,1.315,5.18125,0.10959656652360517,0.5653791130185981
6028,1.4025,5.145,0.10977968526466382,0.5653791130185981
6029,0.905,5.2025,0.07544492131616595,0.3937052932761088
6030,0.8875,5.21,0.07397997138769671,0.3868383404864092
6031,0.725,5.20625,0.0769098712446352,0.4005722460658083
6032,0.825,5.2075,0.06876108726752504,0.3570815450643777
6033,0.775,5.205,0.06454935622317597,0.33648068669527903
6034,0.7675,5.2125,0.07315593705293277,0.38226037195994284
6035,0.785,5.21125,0.06537339055793992,0.3410586552217454
6036,0.7325,5.18375,0.06107010014306152,0.3158798283261803
6037,0.865,5.185,0.05795708154506438,0.29985693848354794
6038,0.91,5.19875,0.07581115879828328,0.3937052932761088
6039,0.7775,5.2075,0.06482403433476396,0.33648068669527903
6040,0.8125,5.195,0.057499284692417746,0.29985693848354794
6041,0.6825,5.2125,0.0762689556509299,0.3982832618025752
6042,0.685,5.18875,0.05704148783977111,0.2952789699570816
6043,0.7375,5.2075,0.07727610872675252,0.4005722460658083
6044,0.75,5.20875,0.07645207439198856,0.3982832618025752
6045,0.8425,5.2025,0.07022603719599428,0.3639484978540773
6046,0.8225,5.19,0.07059227467811159,0.36852646638054365
6047,0.7225,5.2075,0.07645207439198856,0.3982832618025752
6048,0.7175,5.20125,0.05978826895565094,0.3113018597997139
6049,0.81,5.195,0.059605150214592284,0.3113018597997139
6050,0.835,5.1875,0.06912732474964235,0.35937052932761093
6051,0.9025,5.21125,0.07517024320457798,0.3891273247496424
6052,0.715,5.21,0.059605150214592284,0.3341917024320458
6053,0.7675,5.20125,0.05850643776824035,0.30443490701001436
6054,0.875,5.2,0.07288125894134478,0.3776824034334764
6055,0.73,5.1975,0.06079542203147354,0.3158798283261803
6056,0.8275,5.2,0.05850643776824035,0.30443490701001436
6057,0.7875,5.19375,0.06564806866952791,0.3410586552217454
6058,0.8875,5.195,0.07397997138769671,0.38226037195994284
6059,0.9025,5.18125,0.06601430615164522,0.3410586552217454
6060,0.83,5.18375,0.06912732474964235,0.35937052932761093
6061,0.965,5.1975,0.08038912732474965,0.41659513590844066
6062,0.945,5.17625,0.06601430615164522,0.3410586552217454
6063,0.73,5.2025,0.06079542203147354,0.3158798283261803
6064,0.7475,5.185,0.06226037195994278,0.32274678111587984
6065,0.8075,5.19,0.0672961373390558,0.34792560801144495
6066,0.8,5.21,0.0666552217453505,0.34792560801144495
6067,0.755,5.17875,0.06290128755364807,0.32732474964234626
6068,0.7775,5.1925,0.06601430615164522,0.3410586552217454
6069,0.7575,5.205,0.06308440629470673,0.32961373390557946
6070,0.8625,5.20625,0.07187410586552218,0.37539341917024327
6071,0.6875,5.2075,0.07498712446351932,0.3891273247496424
6072,0.84,5.2075,0.07004291845493563,0.3639484978540773
6073,0.96,5.2025,0.08002288984263234,0.41659513590844066
6074,0.815,5.19,0.07004291845493563,0.3639484978540773
6075,0.7175,5.20625,0.07938197424892705,0.4120171673819743
6076,0.8375,5.2075,0.06976824034334765,0.3639484978540773
6077,0.7875,5.19625,0.080206008583691,0.41659513590844066
6078,0.7725,5.19875,0.07086695278969958,0.36852646638054365
6079,0.685,5.19125,0.05704148783977111,0.2952789699570816
6080,0.74,5.205,0.06226037195994278,0.32274678111587984
6081,0.87,5.1825,0.06189413447782547,0.32274678111587984
6082,0.9225,5.20875,0.0769098712446352,0.4005722460658083
6083,0.7675,5.20125,0.07105007153075824,0.37081545064377686
6084,0.72,5.21,0.06372532188841203,0.3341917024320458
6085,0.7575,5.185,0.06308440629470673,0.32732474964234626
6086,0.8725,5.1825,0.07269814020028613,0.3776824034334764
6087,0.6975,5.21375,0.07123319027181689,0.37081545064377686
6088,0.7725,5.2,0.06436623748211731,0.3341917024320458
6089,0.76,5.1925,0.06335908440629472,0.32961373390557946
6090,0.76,5.19875,0.07562804005722461,0.3937052932761088
6091,0.87,5.205,0.07251502145922747,0.3776824034334764
6092,0.75,5.1975,0.06253505007153076,0.32732474964234626
6093,0.7325,5.20875,0.06519027181688127,0.3410586552217454
6094,0.77,5.185,0.06418311874105866,0.3341917024320458
6095,0.9025,5.2125,0.07517024320457798,0.3891273247496424
6096,0.6975,5.2125,0.06940200286123034,0.35937052932761093
6097,0.6825,5.19375,0.056858369098712454,0.2952789699570816
6098,0.7525,5.185,0.06271816881258942,0.32732474964234626
6099,1.8675,5.1225,0.15940486409155938,0.817167381974249
6100,2.0425,5.1275,0.17020886981402006,0.8743919885550788
6101,1.87,5.13375,0.1558340486409156,0.7988555078683836
6102,1.4125,5.14875,0.1030958512160229,0.5333333333333334
6103,0.855,5.18625,0.07123319027181689,0.37081545064377686
6104,0.8825,5.1925,0.07352217453505008,0.38226037195994284
6105,0.9,5.18,0.07004291845493563,0.3639484978540773
6106,0.93,5.18,0.064,0.32961373390557946
6107,0.745,5.17875,0.062077253218884125,0.32274678111587984
6108,0.885,5.185,0.06042918454935623,0.3158798283261803
6109,0.845,5.18625,0.06912732474964235,0.35937052932761093
6110,0.915,5.20375,0.0762689556509299,0.3982832618025752
6111,0.6825,5.21,0.07269814020028613,0.3776824034334764
6112,0.81,5.195,0.05731616595135909,0.2952789699570816
6113,0.7125,5.18125,0.059330472103004295,0.30672389127324756
6114,0.865,5.1825,0.05914735336194564,0.30672389127324756
6115,0.7175,5.20625,0.07251502145922747,0.3776824034334764
6116,0.8025,5.21,0.06683834048640916,0.34792560801144495
6117,0.7525,5.205,0.06271816881258942,0.30672389127324756
6118,0.7925,5.20375,0.07205722460658083,0.37539341917024327
6119,0.7225,5.185,0.060246065808297576,0.3113018597997139
6120,0.745,5.18,0.062077253218884125,0.32274678111587984
6121,0.9,5.1825,0.06107010014306152,0.3158798283261803
6122,0.755,5.17875,0.06290128755364807,0.32732474964234626
6123,0.7875,5.19125,0.06564806866952791,0.3410586552217454
6124,0.6975,5.2075,0.07397997138769671,0.3868383404864092
6125,0.685,5.195,0.05704148783977111,0.2952789699570816
6126,0.855,5.21125,0.07123319027181689,0.37081545064377686
6127,0.7075,5.2125,0.06583118741058656,0.3410586552217454
6128,0.715,5.18125,0.059605150214592284,0.30672389127324756
6129,0.72,5.20375,0.059971387696709594,0.3113018597997139
6130,0.855,5.18375,0.056858369098712454,0.2952789699570816
6131,0.835,5.2,0.069585121602289,0.35937052932761093
6132,0.835,5.2125,0.069585121602289,0.3639484978540773
6133,0.9425,5.175,0.07123319027181689,0.36852646638054365
6134,0.905,5.20125,0.07544492131616595,0.3937052932761088
6135,0.885,5.20875,0.07370529327610874,0.38226037195994284
6136,0.7675,5.19875,0.07233190271816882,0.37539341917024327
6137,0.8,5.20875,0.0666552217453505,0.34792560801144495
6138,0.7225,5.1825,0.060246065808297576,0.3113018597997139
6139,0.7825,5.1925,0.06647210300429185,0.34563662374821175
6140,0.76,5.2025,0.059330472103004295,0.30672389127324756
6141,0.735,5.185,0.06125321888412018,0.3181688125894135
6142,0.8725,5.18125,0.05832331902718169,0.30443490701001436
6143,0.74,5.20625,0.06079542203147354,0.3158798283261803
6144,0.755,5.185,0.06290128755364807,0.32732474964234626
6145,0.795,5.18875,0.06418311874105866,0.3341917024320458
6146,0.685,5.21375,0.0689442060085837,0.35937052932761093
6147,0.765,5.19,0.06372532188841203,0.32961373390557946
6148,0.8725,5.19375,0.06482403433476396,0.33648068669527903
6149,0.9075,5.17875,0.06253505007153076,0.32274678111587984
6150,0.885,5.2,0.07370529327610874,0.38226037195994284
6151,0.81,5.19,0.06747925608011446,0.35250357653791137
6152,0.7225,5.2075,0.07498712446351932,0.3891273247496424
6153,0.6975,5.18125,0.05814020028612304,0.29985693848354794
6154,0.7975,5.2125,0.06647210300429185,0.34563662374821175
6155,0.865,5.1825,0.059605150214592284,0.30672389127324756
6156,0.88,5.20625,0.07333905579399143,0.38226037195994284
6157,0.73,5.18375,0.06079542203147354,0.3158798283261803
6158,0.8075,5.18875,0.06500715307582261,0.33648068669527903
6159,0.7725,5.20875,0.06436623748211731,0.3341917024320458
6160,0.775,5.1925,0.06454935622317597,0.3341917024320458
6161,0.705,5.2025,0.07352217453505008,0.38226037195994284
6162,0.7175,5.18375,0.05978826895565094,0.3113018597997139
6163,0.7475,5.17875,0.06226037195994278,0.32274678111587984
6164,0.815,5.19875,0.06308440629470673,0.32732474964234626
6165,0.7325,5.1775,0.06107010014306152,0.3158798283261803
6166,0.905,5.2,0.07544492131616595,0.3937052932761088
6167,0.87,5.18375,0.0662889842632332,0.34563662374821175
6168,0.85,5.21,0.07086695278969958,0.36852646638054365
6169,0.7425,5.18625,0.06189413447782547,0.32274678111587984
6170,0.8675,5.18375,0.059605150214592284,0.30672389127324756
6171,0.72,5.20875,0.06253505007153076,0.32732474964234626
6172,0.725,5.1825,0.06042918454935623,0.3158798283261803
6173,0.8325,5.18875,0.056492131616595144,0.2929899856938484
6174,0.69,5.21375,0.07370529327610874,0.38226037195994284
6175,0.7,5.18125,0.05832331902718169,0.30443490701001436
6176,0.8625,5.185,0.06125321888412018,0.3181688125894135
6177,0.6825,5.21,0.07169098712446352,0.37539341917024327
6178,0.7875,5.205,0.06564806866952791,0.3410586552217454
6179,0.75,5.20875,0.07004291845493563,0.3639484978540773
6180,0.9175,5.1775,0.06189413447782547,0.3181688125894135
6181,0.9075,5.2,0.07562804005722461,0.3937052932761088
6182,0.8825,5.1825,0.07352217453505008,0.3410586552217454
6183,0.6875,5.2125,0.07105007153075824,0.37081545064377686
6184,0.74,5.18625,0.061711015736766815,0.3181688125894135
6185,0.7425,5.2075,0.06189413447782547,0.32274678111587984
6186,0.8125,5.19375,0.06793705293276109,0.35250357653791137
6187,0.86,5.205,0.07169098712446352,0.37081545064377686
6188,0.715,5.18125,0.059605150214592284,0.30672389127324756
6189,0.85,5.185,0.060612303290414886,0.3158798283261803
6190,0.735,5.20625,0.06125321888412018,0.3181688125894135
6191,0.7725,5.1875,0.06436623748211731,0.3341917024320458
6192,0.685,5.2075,0.07169098712446352,0.37539341917024327
6193,0.8225,5.20875,0.06857796852646639,0.3570815450643777
6194,0.7275,5.17875,0.060612303290414886,0.3158798283261803
6195,0.8625,5.19,0.06042918454935623,0.3158798283261803
6196,0.8175,5.18125,0.06812017167381974,0.35250357653791137
6197,0.87,5.19625,0.07251502145922747,0.37539341917024327
6198,0.7825,5.19375,0.06683834048640916,0.34792560801144495
6199,0.7,5.19875,0.05832331902718169,0.30443490701001436
6200,0.8175,5.19625,0.06812017167381974,0.35250357653791137
6201,0.685,5.20875,0.07416309012875537,0.3868383404864092
6202,0.755,5.21125,0.06290128755364807,0.32732474964234626
6203,0.84,5.2,0.07004291845493563,0.3639484978540773
6204,0.685,5.2075,0.07370529327610874,0.38226037195994284
6205,0.8125,5.1925,0.056858369098712454,0.2952789699570816
6206,0.8725,5.2,0.07269814020028613,0.3776824034334764
6207,0.745,5.19625,0.06912732474964235,0.35937052932761093
6208,0.7725,5.1975,0.07370529327610874,0.38226037195994284
6209,0.9125,5.20875,0.07608583690987125,0.3982832618025752
6210,0.8075,5.19,0.07022603719599428,0.3639484978540773
6211,0.75,5.19875,0.07333905579399143,0.38226037195994284
6212,0.8425,5.18,0.07022603719599428,0.3639484978540773
6213,0.74,5.21,0.069585121602289,0.3639484978540773
6214,0.75,5.20875,0.07370529327610874,0.38226037195994284
6215,0.715,5.1875,0.059605150214592284,0.30672389127324756
6216,0.73,5.21,0.06079542203147354,0.3158798283261803
6217,0.87,5.1875,0.059971387696709594,0.3113018597997139
6218,0.855,5.2025,0.07123319027181689,0.37081545064377686
6219,0.685,5.19375,0.05704148783977111,0.2952789699570816
6220,0.865,5.1825,0.05731616595135909,0.2952789699570816
6221,0.885,5.21375,0.07370529327610874,0.38226037195994284
6222,0.7475,5.18625,0.06226037195994278,0.32274678111587984
6223,0.9075,5.18125,0.060246065808297576,0.3113018597997139
6224,0.7975,5.1825,0.06647210300429185,0.34563662374821175
6225,0.88,5.195,0.07333905579399143,0.38226037195994284
6226,0.915,5.17875,0.06143633762517883,0.3181688125894135
6227,0.835,5.1875,0.069585121602289,0.35937052932761093
6228,0.88,5.21,0.07333905579399143,0.38226037195994284
6229,0.6875,5.2125,0.07059227467811159,0.36852646638054365
6230,0.8175,5.19625,0.06812017167381974,0.35250357653791137
6231,0.77,5.20875,0.06418311874105866,0.3341917024320458
6232,0.7775,5.2,0.05914735336194564,0.30672389127324756
6233,0.8175,5.19625,0.06812017167381974,0.35250357653791137
6234,0.7575,5.2075,0.06308440629470673,0.32961373390557946
6235,0.805,5.2075,0.06857796852646639,0.3570815450643777
6236,0.755,5.19375,0.06775393419170243,0.35250357653791137
6237,0.7525,5.20875,0.06271816881258942,0.32732474964234626
6238,0.9425,5.1775,0.06436623748211731,0.3341917024320458
6239,0.9175,5.18,0.06125321888412018,0.3181688125894135
6240,0.8025,5.18375,0.06683834048640916,0.34563662374821175
6241,0.85,5.19125,0.06042918454935623,0.3158798283261803
6242,0.865,5.18875,0.05978826895565094,0.3113018597997139
6243,0.7475,5.18625,0.06226037195994278,0.32274678111587984
6244,0.835,5.18625,0.062077253218884125,0.32274678111587984
6245,0.715,5.21,0.06912732474964235,0.35937052932761093
6246,0.735,5.18625,0.06125321888412018,0.3181688125894135
6247,0.8775,5.18125,0.05795708154506438,0.29985693848354794
6248,0.7,5.205,0.07123319027181689,0.37081545064377686
6249,0.72,5.2025,0.059971387696709594,0.3113018597997139
6250,0.8,5.1925,0.0666552217453505,0.34563662374821175
6251,0.7075,5.20125,0.07004291845493563,0.3639484978540773
6252,0.735,5.20375,0.06125321888412018,0.3181688125894135
6253,0.7525,5.18625,0.06271816881258942,0.32732474964234626
6254,0.7475,5.20125,0.07608583690987125,0.3982832618025752
6255,0.8525,5.21,0.07105007153075824,0.37081545064377686
6256,0.76,5.20125,0.06335908440629472,0.32961373390557946
6257,0.77,5.205,0.07233190271816882,0.37539341917024327
6258,0.695,5.19,0.05795708154506438,0.29985693848354794
6259,0.8225,5.19625,0.06857796852646639,0.3570815450643777
6260,0.835,5.18625,0.06143633762517883,0.3181688125894135
6261,0.75,5.205,0.06253505007153076,0.32732474964234626
6262,0.815,5.19625,0.06793705293276109,0.35250357653791137
6263,0.865,5.18375,0.057499284692417746,0.2952789699570816
6264,0.85,5.20125,0.07086695278969958,0.36852646638054365
6265,0.695,5.1925,0.05795708154506438,0.29985693848354794
6266,0.8575,5.185,0.0566752503576538,0.2929899856938484
6267,0.96,5.2,0.08002288984263234,0.41659513590844066
6268,0.8975,5.19875,0.07480400572246067,0.3891273247496424
6269,0.8775,5.18375,0.07251502145922747,0.37539341917024327
6270,0.7425,5.2,0.07498712446351932,0.3891273247496424
6271,0.855,5.20875,0.07123319027181689,0.37081545064377686
6272,0.89,5.1825,0.06876108726752504,0.3570815450643777
6273,0.76,5.2025,0.07105007153075824,0.37081545064377686
6274,0.71,5.20125,0.05914735336194564,0.30672389127324756
6275,0.87,5.18375,0.0576824034334764,0.29985693848354794
6276,0.6925,5.205,0.07233190271816882,0.37539341917024327
6277,0.81,5.19375,0.06747925608011446,0.34792560801144495
6278,0.8625,5.1825,0.056858369098712454,0.2952789699570816
6279,0.715,5.20125,0.07059227467811159,0.36852646638054365
6280,0.805,5.21125,0.06711301859799715,0.34792560801144495
6281,0.805,5.1925,0.06711301859799715,0.2952789699570816
6282,0.775,5.19375,0.07004291845493563,0.3639484978540773
6283,0.84,5.19,0.07004291845493563,0.3639484978540773
6284,0.8875,5.21,0.07397997138769671,0.3868383404864092
6285,0.7375,5.20125,0.07517024320457798,0.3891273247496424
6286,0.885,5.21125,0.07370529327610874,0.38226037195994284
6287,0.7225,5.1925,0.060246065808297576,0.3113018597997139
6288,0.7175,5.21,0.06482403433476396,0.33648068669527903
6289,0.745,5.18625,0.062077253218884125,0.32274678111587984
6290,0.7675,5.21,0.064,0.3341917024320458
6291,0.6875,5.2125,0.07105007153075824,0.37081545064377686
6292,0.75,5.1825,0.06253505007153076,0.32274678111587984
6293,0.85,5.21375,0.07086695278969958,0.37081545064377686
6294,0.745,5.20375,0.0662889842632332,0.34563662374821175
6295,0.8675,5.2075,0.07233190271816882,0.37539341917024327
6296,0.68,5.18875,0.0566752503576538,0.2929899856938484
6297,0.8225,5.19125,0.056492131616595144,0.2929899856938484
6298,0.73,5.18,0.06079542203147354,0.3158798283261803
6299,0.82,5.1875,0.0683032904148784,0.35250357653791137
6300,0.91,5.18,0.06335908440629472,0.32961373390557946
6301,0.7825,5.19375,0.07205722460658083,0.37539341917024327
6302,0.8625,5.21,0.07187410586552218,0.37539341917024327
6303,0.6975,5.2125,0.07288125894134478,0.3776824034334764
6304,0.8875,5.18,0.058964234620886985,0.30443490701001436
6305,0.88,5.20625,0.07333905579399143,0.38226037195994284
6306,0.705,5.205,0.07333905579399143,0.38226037195994284
6307,0.7925,5.2,0.060246065808297576,0.3158798283261803
6308,0.73,5.18125,0.06079542203147354,0.3158798283261803
6309,0.8775,5.18125,0.06482403433476396,0.33648068669527903
6310,0.6775,5.21,0.07269814020028613,0.3776824034334764
6311,0.715,5.1825,0.059605150214592284,0.30672389127324756
6312,0.855,5.18625,0.056858369098712454,0.2952789699570816
6313,0.765,5.20625,0.08771387696709586,0.4577968526466381
6314,0.7875,5.205,0.06564806866952791,0.3410586552217454
6315,0.74,5.17875,0.061711015736766815,0.3181688125894135
6316,0.9,5.18125,0.06519027181688127,0.33648068669527903
6317,0.8225,5.18875,0.06857796852646639,0.3570815450643777
6318,0.78,5.19125,0.06500715307582261,0.33648068669527903
6319,0.85,5.18375,0.06042918454935623,0.3158798283261803
6320,0.835,5.21375,0.069585121602289,0.3639484978540773
6321,0.715,5.1825,0.059605150214592284,0.30672389127324756
6322,0.8275,5.18625,0.06308440629470673,0.32732474964234626
6323,0.8175,5.21125,0.06812017167381974,0.3570815450643777
6324,0.7575,5.18625,0.06308440629470673,0.32732474964234626
6325,0.8025,5.19125,0.06537339055793992,0.33648068669527903
6326,0.825,5.2125,0.06876108726752504,0.35937052932761093
6327,0.7775,5.19125,0.06482403433476396,0.33648068669527903
6328,0.8275,5.20125,0.06912732474964235,0.35937052932761093
6329,0.7325,5.195,0.06107010014306152,0.3181688125894135
6330,0.7425,5.17875,0.06189413447782547,0.3181688125894135
6331,0.8875,5.185,0.059605150214592284,0.30672389127324756
6332,0.905,5.20125,0.07544492131616595,0.3937052932761088
6333,0.8775,5.20375,0.07315593705293277,0.38226037195994284
6334,0.685,5.21125,0.07169098712446352,0.37539341917024327
6335,0.865,5.18125,0.058964234620886985,0.30443490701001436
6336,0.87,5.21125,0.07251502145922747,0.3776824034334764
6337,0.695,5.2125,0.07352217453505008,0.38226037195994284
6338,0.7475,5.205,0.060246065808297576,0.3158798283261803
6339,0.805,5.19375,0.06711301859799715,0.34792560801144495
6340,0.835,5.185,0.06125321888412018,0.3181688125894135
6341,0.69,5.2125,0.07022603719599428,0.36852646638054365
6342,0.745,5.185,0.062077253218884125,0.32274678111587984
6343,0.8025,5.20125,0.06290128755364807,0.32732474964234626
6344,0.8775,5.185,0.05978826895565094,0.3113018597997139
6345,0.7625,5.17875,0.06354220314735337,0.32961373390557946
6346,0.91,5.18,0.07581115879828328,0.3937052932761088
6347,0.875,5.185,0.0672961373390558,0.34792560801144495
6348,0.8775,5.2125,0.07315593705293277,0.38226037195994284
6349,0.76,5.18875,0.06335908440629472,0.32961373390557946
6350,0.8325,5.18625,0.06857796852646639,0.3570815450643777
6351,0.785,5.2125,0.06537339055793992,0.3410586552217454
6352,0.69,5.1825,0.057499284692417746,0.2952789699570816
6353,0.8625,5.1825,0.061711015736766815,0.3181688125894135
6354,0.87,5.21125,0.07251502145922747,0.3776824034334764
6355,0.68,5.1925,0.0566752503576538,0.2929899856938484
6356,0.84,5.18625,0.0566752503576538,0.2929899856938484
6357,0.8625,5.20625,0.07187410586552218,0.37539341917024327
6358,0.925,5.2,0.07709298998569386,0.4005722460658083
6359,0.795,5.19125,0.07663519313304722,0.3982832618025752
6360,0.885,5.21125,0.07370529327610874,0.38226037195994284
6361,0.7375,5.17875,0.06143633762517883,0.3181688125894135
6362,0.895,5.17875,0.06079542203147354,0.3158798283261803
6363,0.7925,5.20375,0.06601430615164522,0.34563662374821175
6364,0.8725,5.2075,0.07269814020028613,0.3776824034334764
6365,0.6775,5.20875,0.07288125894134478,0.3776824034334764
6366,0.8575,5.185,0.056858369098712454,0.2952789699570816
6367,0.8475,5.21375,0.07059227467811159,0.36852646638054365
6368,0.725,5.21,0.06940200286123034,0.35937052932761093
6369,0.8375,5.18875,0.0566752503576538,0.2929899856938484
6370,0.845,5.19875,0.07040915593705294,0.36852646638054365
6371,0.725,5.2,0.07022603719599428,0.3639484978540773
6372,0.73,5.20875,0.062077253218884125,0.32274678111587984
6373,0.7375,5.19625,0.06143633762517883,0.3181688125894135
6374,0.735,5.21125,0.07269814020028613,0.3776824034334764
6375,0.92,5.17875,0.060612303290414886,0.3158798283261803
6376,0.835,5.19125,0.069585121602289,0.35937052932761093
6377,0.915,5.1775,0.061711015736766815,0.3181688125894135
6378,0.6825,5.2075,0.07251502145922747,0.3776824034334764
6379,0.7125,5.2025,0.059330472103004295,0.30672389127324756
6380,0.8375,5.2,0.06976824034334765,0.3639484978540773
6381,0.725,5.19875,0.07004291845493563,0.3639484978540773
6382,0.7375,5.20375,0.06143633762517883,0.3181688125894135
6383,0.76,5.18875,0.06335908440629472,0.32961373390557946
6384,0.8525,5.18625,0.06079542203147354,0.3158798283261803
6385,0.865,5.21125,0.07205722460658083,0.37539341917024327
6386,0.6925,5.18125,0.0576824034334764,0.29985693848354794
6387,0.82,5.19375,0.05704148783977111,0.2952789699570816
6388,0.795,5.1825,0.0662889842632332,0.34563662374821175
6389,0.875,5.21,0.07288125894134478,0.3776824034334764
6390,0.735,5.2,0.07498712446351932,0.3891273247496424
6391,0.895,5.20875,0.07462088698140201,0.3891273247496424
6392,0.82,5.20875,0.0683032904148784,0.3570815450643777
6393,0.6775,5.20875,0.07251502145922747,0.3776824034334764
6394,0.75,5.1875,0.06253505007153076,0.32732474964234626
6395,0.7925,5.2125,0.06601430615164522,0.34563662374821175
6396,0.745,5.20375,0.06537339055793992,0.3410586552217454
6397,0.8625,5.2025,0.07187410586552218,0.37539341917024327
6398,0.69,5.195,0.057499284692417746,0.29985693848354794
6399,0.82,5.1925,0.056858369098712454,0.2952789699570816
6400,0.6775,5.20875,0.07288125894134478,0.3776824034334764
6401,0.6825,5.18375,0.056858369098712454,0.2952789699570816
6402,0.875,5.1825,0.059605150214592284,0.30672389127324756
6403,0.79,5.1925,0.07086695278969958,0.36852646638054365
6404,0.8425,5.1925,0.07022603719599428,0.3639484978540773
6405,0.9075,5.18,0.06290128755364807,0.32732474964234626
6406,0.7975,5.19375,0.07123319027181689,0.37081545064377686
6407,0.9175,5.2075,0.07645207439198856,0.3982832618025752
6408,0.8575,5.18375,0.05795708154506438,0.29985693848354794
6409,0.695,5.205,0.07205722460658083,0.37539341917024327
6410,0.675,5.1875,0.05621745350500716,0.2929899856938484
6411,0.8475,5.18375,0.07059227467811159,0.3158798283261803
6412,0.68,5.21,0.0769098712446352,0.4005722460658083
6413,0.935,5.2125,0.0779170243204578,0.40515021459227474
6414,0.8425,5.2,0.07022603719599428,0.3639484978540773
6415,0.6875,5.21375,0.07187410586552218,0.37539341917024327
6416,0.79,5.1925,0.06583118741058656,0.3410586552217454
6417,0.735,5.2075,0.06125321888412018,0.3181688125894135
6418,0.7675,5.19875,0.07663519313304722,0.3982832618025752
6419,0.9075,5.205,0.07562804005722461,0.3937052932761088
6420,0.825,5.20875,0.06876108726752504,0.35937052932761093
6421,0.77,5.19625,0.07315593705293277,0.3776824034334764
6422,0.9125,5.20625,0.07608583690987125,0.3982832618025752
6423,0.84,5.2125,0.07004291845493563,0.3639484978540773
6424,0.695,5.2125,0.06775393419170243,0.35250357653791137
6425,0.7175,5.18125,0.05978826895565094,0.3113018597997139
6426,0.855,5.21125,0.07123319027181689,0.37081545064377686
6427,0.68,5.2125,0.07123319027181689,0.37081545064377686
6428,1.3825,5.165,0.11518168812589415,0.5974248927038627
6429,0.8675,5.21375,0.07233190271816882,0.3776824034334764
6430,0.7,5.21125,0.07022603719599428,0.36852646638054365
6431,0.755,5.20875,0.06290128755364807,0.32732474964234626
6432,0.77,5.19,0.06418311874105866,0.3341917024320458
6433,0.85,5.19625,0.07040915593705294,0.36852646638054365
6434,0.8225,5.1975,0.062077253218884125,0.32274678111587984
6435,0.7175,5.185,0.05978826895565094,0.3113018597997139
6436,0.745,5.2075,0.06912732474964235,0.35937052932761093
6437,0.8575,5.18875,0.060246065808297576,0.3113018597997139
6438,0.8375,5.17875,0.06976824034334765,0.35937052932761093
6439,0.8475,5.1825,0.06519027181688127,0.33648068669527903
6440,0.8025,5.1975,0.05978826895565094,0.3113018597997139
6441,0.8475,5.2,0.07059227467811159,0.36852646638054365
6442,0.6975,5.20125,0.07059227467811159,0.36852646638054365
6443,0.745,5.205,0.06079542203147354,0.3158798283261803
6444,0.7825,5.19125,0.06519027181688127,0.33648068669527903
6445,0.7,5.20375,0.05832331902718169,0.30443490701001436
6446,0.75,5.20375,0.059971387696709594,0.3113018597997139
6447,0.83,5.19625,0.06912732474964235,0.35937052932761093
6448,0.9375,5.20125,0.07810014306151646,0.40515021459227474
6449,0.9175,5.175,0.07233190271816882,0.37539341917024327
6450,0.88,5.195,0.07333905579399143,0.38226037195994284
6451,0.8675,5.20875,0.07233190271816882,0.37539341917024327
6452,0.7175,5.20625,0.0762689556509299,0.3982832618025752
6453,0.855,5.20625,0.07123319027181689,0.37081545064377686
6454,0.6925,5.19,0.0576824034334764,0.29985693848354794
6455,0.8125,5.195,0.056858369098712454,0.2952789699570816
6456,0.845,5.20125,0.07040915593705294,0.36852646638054365
6457,0.6775,5.18875,0.056492131616595144,0.2929899856938484
6458,0.845,5.18375,0.059971387696709594,0.3113018597997139
6459,0.825,5.20625,0.06876108726752504,0.3570815450643777
6460,0.6775,5.1925,0.056492131616595144,0.2929899856938484
6461,0.7975,5.195,0.05795708154506438,0.29985693848354794
6462,0.8725,5.20375,0.07269814020028613,0.3776824034334764
6463,1.4125,5.16125,0.11774535050071532,0.6065808297567954
6464,0.8175,5.1975,0.06189413447782547,0.32274678111587984
6465,0.8725,5.18875,0.059971387696709594,0.3113018597997139
6466,0.7825,5.1825,0.06519027181688127,0.33648068669527903
6467,0.905,5.17875,0.06042918454935623,0.3113018597997139
6468,0.7425,5.19875,0.07333905579399143,0.38226037195994284
6469,0.8,5.21,0.0666552217453505,0.34792560801144495
6470,0.785,5.2,0.05814020028612304,0.30443490701001436
6471,0.805,5.19,0.06436623748211731,0.3341917024320458
6472,0.75,5.20625,0.06253505007153076,0.32732474964234626
6473,0.81,5.19375,0.06143633762517883,0.3181688125894135
6474,0.6775,5.20875,0.07205722460658083,0.37539341917024327
6475,0.69,5.1975,0.057499284692417746,0.29985693848354794
6476,0.8175,5.19125,0.056492131616595144,0.2929899856938484
6477,0.69,5.21375,0.07562804005722461,0.3937052932761088
6478,0.7625,5.20125,0.06354220314735337,0.32961373390557946
6479,0.72,5.18125,0.059971387696709594,0.3113018597997139
6480,0.75,5.2075,0.06793705293276109,0.35250357653791137
6481,0.7375,5.195,0.06143633762517883,0.3181688125894135
6482,0.7425,5.17875,0.06189413447782547,0.3181688125894135
6483,0.77,5.2025,0.06775393419170243,0.35250357653791137
6484,0.8175,5.1975,0.06812017167381974,0.35250357653791137
6485,0.6875,5.19,0.05731616595135909,0.2952789699570816
6486,0.7675,5.2,0.05914735336194564,0.30672389127324756
6487,0.785,5.19125,0.06537339055793992,0.33648068669527903
6488,0.7775,5.21,0.06482403433476396,0.33648068669527903
6489,0.79,5.19625,0.05731616595135909,0.2952789699570816
6490,0.77,5.19125,0.06418311874105866,0.3341917024320458
6491,0.7175,5.205,0.05978826895565094,0.3113018597997139
6492,0.8675,5.185,0.05704148783977111,0.2952789699570816
6493,0.78,5.18,0.06500715307582261,0.33648068669527903
6494,0.785,5.1825,0.06537339055793992,0.33648068669527903
6495,0.8925,5.1825,0.060246065808297576,0.3113018597997139
6496,0.74,5.1775,0.061711015736766815,0.3181688125894135
6497,0.8925,5.19875,0.07434620886981402,0.3868383404864092
6498,0.86,5.18375,0.060612303290414886,0.3158798283261803
6499,0.68,5.21125,0.07123319027181689,0.37081545064377686
6500,0.865,5.2025,0.07205722460658083,0.37539341917024327
6501,0.6875,5.21125,0.07645207439198856,0.3982832618025752
6502,0.8225,5.19125,0.0566752503576538,0.2929899856938484
6503,0.86,5.2125,0.07169098712446352,0.37539341917024327
6504,0.84,5.1875,0.056492131616595144,0.2929899856938484
6505,0.69,5.20625,0.07269814020028613,0.3776824034334764
6506,0.6925,5.18125,0.0576824034334764,0.29985693848354794
6507,0.85,5.18375,0.060246065808297576,0.3113018597997139
6508,0.715,5.205,0.08002288984263234,0.41659513590844066
6509,0.875,5.20875,0.07288125894134478,0.3776824034334764
6510,0.82,5.1975,0.0683032904148784,0.3410586552217454
6511,0.8625,5.18875,0.059971387696709594,0.3113018597997139
6512,0.7475,5.17875,0.06226037195994278,0.32274678111587984
6513,0.965,5.17625,0.08038912732474965,0.41659513590844066
6514,0.81,5.1975,0.06290128755364807,0.32732474964234626
6515,0.77,5.18875,0.06418311874105866,0.3341917024320458
6516,0.715,5.2025,0.059605150214592284,0.3113018597997139
6517,0.795,5.19625,0.05704148783977111,0.2952789699570816
6518,0.88,5.20625,0.07333905579399143,0.38226037195994284
6519,0.6875,5.18375,0.05731616595135909,0.2952789699570816
6520,0.855,5.185,0.06189413447782547,0.32274678111587984
6521,0.855,5.21375,0.07123319027181689,0.37081545064377686
6522,0.6925,5.1825,0.0576824034334764,0.29985693848354794
6523,0.7375,5.21125,0.07004291845493563,0.3639484978540773
6524,0.7625,5.20125,0.06354220314735337,0.32961373390557946
6525,0.83,5.18875,0.06912732474964235,0.35937052932761093
6526,0.89,5.18,0.06335908440629472,0.32961373390557946
6527,0.8775,5.19875,0.07315593705293277,0.3776824034334764
6528,0.89,5.20625,0.07416309012875537,0.3868383404864092
6529,0.8225,5.18625,0.07040915593705294,0.3639484978540773
6530,0.7475,5.20375,0.06857796852646639,0.3570815450643777
6531,0.875,5.21,0.07288125894134478,0.3776824034334764
6532,0.695,5.21375,0.0683032904148784,0.3570815450643777
6533,0.8725,5.18125,0.05850643776824035,0.30443490701001436
6534,0.755,5.20875,0.06290128755364807,0.32732474964234626
6535,0.835,5.1875,0.056492131616595144,0.2929899856938484
6536,0.685,5.2125,0.07187410586552218,0.37539341917024327
6537,0.6825,5.185,0.056858369098712454,0.2952789699570816
6538,1.225,5.17,0.1133505007153076,0.5859799713876968
6539,0.72,5.2075,0.0762689556509299,0.3982832618025752
6540,1.0475,5.20375,0.08725608011444923,0.4532188841201717
6541,0.7175,5.2075,0.07608583690987125,0.3982832618025752
6542,0.7775,5.2025,0.06436623748211731,0.3341917024320458
6543,0.6875,5.1825,0.05731616595135909,0.2952789699570816
6544,0.88,5.21,0.07333905579399143,0.38226037195994284
6545,0.7075,5.21125,0.06647210300429185,0.34563662374821175
6546,0.77,5.19125,0.06418311874105866,0.3341917024320458
6547,0.675,5.1875,0.05621745350500716,0.2929899856938484
6548,0.8875,5.18125,0.05832331902718169,0.30443490701001436
6549,0.8675,5.21125,0.07233190271816882,0.3776824034334764
6550,0.685,5.185,0.05704148783977111,0.2952789699570816
6551,0.865,5.18125,0.05832331902718169,0.30443490701001436
6552,0.87,5.21,0.07251502145922747,0.3776824034334764
6553,0.88,5.21,0.07333905579399143,0.38226037195994284
6554,0.74,5.21,0.07123319027181689,0.37081545064377686
6555,0.7175,5.18875,0.05978826895565094,0.3113018597997139
6556,0.73,5.18,0.06079542203147354,0.3158798283261803
6557,0.7725,5.20375,0.06454935622317597,0.33648068669527903
6558,0.7975,5.17875,0.06647210300429185,0.34563662374821175
6559,0.8575,5.21375,0.07141630901287555,0.37081545064377686
6560,0.77,5.2025,0.059330472103004295,0.30672389127324756
6561,0.7475,5.18625,0.06226037195994278,0.32274678111587984
6562,0.7625,5.20875,0.06354220314735337,0.32961373390557946
6563,0.9,5.1825,0.06290128755364807,0.32732474964234626
6564,0.815,5.18625,0.06290128755364807,0.32732474964234626
6565,0.7425,5.2075,0.06189413447782547,0.32274678111587984
6566,0.83,5.18875,0.056492131616595144,0.2929899856938484
6567,0.6875,5.2125,0.07105007153075824,0.37081545064377686
6568,0.7175,5.18625,0.05978826895565094,0.3113018597997139
6569,0.7825,5.20375,0.06335908440629472,0.32961373390557946
6570,0.8675,5.18375,0.059971387696709594,0.3113018597997139
6571,0.7225,5.18,0.060246065808297576,0.3113018597997139
6572,0.9225,5.17375,0.06482403433476396,0.3341917024320458
6573,0.89,5.18125,0.07105007153075824,0.36852646638054365
6574,0.7475,5.20875,0.06226037195994278,0.32274678111587984
6575,0.83,5.18875,0.06912732474964235,0.2929899856938484
6576,0.6925,5.21375,0.06912732474964235,0.35937052932761093
6577,0.8425,5.2025,0.07022603719599428,0.3639484978540773
6578,0.7175,5.205,0.05978826895565094,0.3113018597997139
6579,0.8175,5.1925,0.0566752503576538,0.2929899856938484
6580,0.87,5.21,0.07251502145922747,0.3776824034334764
6581,0.8,5.19375,0.0666552217453505,0.34563662374821175
6582,0.7075,5.2025,0.07105007153075824,0.37081545064377686
6583,0.9375,5.20875,0.07810014306151646,0.40515021459227474
6584,0.8475,5.21,0.07059227467811159,0.36852646638054365
6585,0.7625,5.19875,0.07269814020028613,0.3776824034334764
6586,0.865,5.21,0.07205722460658083,0.37539341917024327
6587,0.76,5.19875,0.06335908440629472,0.32961373390557946
6588,0.805,5.19625,0.06143633762517883,0.3181688125894135
6589,0.855,5.1975,0.07123319027181689,0.37081545064377686
6590,0.7775,5.21125,0.06482403433476396,0.33648068669527903
6591,0.715,5.21,0.06454935622317597,0.33648068669527903
6592,0.7175,5.18375,0.05978826895565094,0.3113018597997139
6593,0.84,5.2125,0.07004291845493563,0.3639484978540773
6594,0.6725,5.20875,0.07169098712446352,0.37539341917024327
6595,0.685,5.195,0.05704148783977111,0.2952789699570816
6596,0.855,5.2025,0.07123319027181689,0.37081545064377686
6597,0.72,5.2,0.07022603719599428,0.3639484978540773
6598,0.7575,5.1975,0.07397997138769671,0.3868383404864092
6599,0.8025,5.20625,0.06683834048640916,0.34792560801144495
6600,0.715,5.2075,0.07544492131616595,0.3937052932761088
6601,0.76,5.2075,0.06683834048640916,0.34792560801144495
6602,0.73,5.18625,0.06079542203147354,0.3158798283261803
6603,0.825,5.19375,0.060612303290414886,0.3158798283261803
6604,0.7675,5.19375,0.07059227467811159,0.36852646638054365
6605,0.7375,5.2075,0.06143633762517883,0.3181688125894135
6606,0.7925,5.1975,0.057499284692417746,0.29985693848354794
6607,0.7075,5.20125,0.06976824034334765,0.3639484978540773
6608,0.68,5.18875,0.0566752503576538,0.2929899856938484
6609,0.885,5.18125,0.07370529327610874,0.38226037195994284
6610,0.6875,5.2125,0.07123319027181689,0.37081545064377686
6611,0.7225,5.18375,0.060246065808297576,0.3113018597997139
6612,0.8825,5.21375,0.07352217453505008,0.38226037195994284
6613,0.7925,5.195,0.07727610872675252,0.4005722460658083
6614,0.7475,5.18,0.06226037195994278,0.32274678111587984
6615,0.89,5.2,0.07416309012875537,0.3868383404864092
6616,0.845,5.1875,0.07370529327610874,0.38226037195994284
6617,0.9025,5.21,0.07517024320457798,0.3891273247496424
6618,0.8225,5.2075,0.06857796852646639,0.3570815450643777
6619,0.685,5.2125,0.07123319027181689,0.37081545064377686
6620,0.6775,5.18875,0.056492131616595144,0.2929899856938484
6621,0.9025,5.20625,0.07517024320457798,0.3891273247496424
6622,0.765,5.20125,0.05914735336194564,0.30672389127324756
6623,0.74,5.185,0.061711015736766815,0.3181688125894135
6624,0.6775,5.18625,0.056492131616595144,0.2929899856938484
6625,0.865,5.18375,0.0576824034334764,0.29985693848354794
6626,0.83,5.2125,0.06912732474964235,0.35937052932761093
6627,0.6975,5.1825,0.05814020028612304,0.29985693848354794
6628,0.8625,5.1875,0.06857796852646639,0.3570815450643777
6629,0.8525,5.1875,0.0672961373390558,0.34792560801144495
6630,0.8475,5.21,0.07059227467811159,0.36852646638054365
6631,0.775,5.20375,0.07956509298998571,0.4120171673819743
6632,0.72,5.21,0.07544492131616595,0.3937052932761088
6633,0.91,5.20875,0.07581115879828328,0.3937052932761088
6634,0.695,5.21,0.07562804005722461,0.3937052932761088
6635,0.8425,5.19125,0.057499284692417746,0.29985693848354794
6636,0.79,5.18875,0.06583118741058656,0.3410586552217454
6637,0.765,5.19625,0.06876108726752504,0.3570815450643777
6638,0.6875,5.21,0.07269814020028613,0.3776824034334764
6639,0.7375,5.20875,0.06143633762517883,0.3181688125894135
6640,0.8575,5.185,0.056858369098712454,0.2952789699570816
6641,0.7225,5.2,0.07462088698140201,0.3868383404864092
6642,0.695,5.19875,0.05795708154506438,0.29985693848354794
6643,0.805,5.1775,0.06711301859799715,0.34792560801144495
6644,0.7225,5.20875,0.07333905579399143,0.38226037195994284
6645,0.78,5.20125,0.06500715307582261,0.33648068669527903
6646,0.805,5.1775,0.06711301859799715,0.34792560801144495
6647,0.8925,5.185,0.05978826895565094,0.3113018597997139
6648,0.775,5.18125,0.06454935622317597,0.3341917024320458
6649,0.82,5.21375,0.0683032904148784,0.3570815450643777
6650,0.715,5.21,0.06372532188841203,0.3341917024320458
6651,0.7975,5.19375,0.06647210300429185,0.34563662374821175
6652,0.7025,5.19875,0.05850643776824035,0.30443490701001436
6653,0.825,5.1925,0.056492131616595144,0.2929899856938484
6654,0.87,5.205,0.07251502145922747,0.3776824034334764
6655,0.685,5.185,0.05704148783977111,0.2952789699570816
6656,0.8775,5.18125,0.05832331902718169,0.30443490701001436
6657,0.8725,5.21,0.07269814020028613,0.3776824034334764
6658,0.9375,5.21,0.07810014306151646,0.40515021459227474
6659,0.7325,5.20125,0.07581115879828328,0.3937052932761088
6660,0.8625,5.21,0.07187410586552218,0.37539341917024327
6661,0.7425,5.17875,0.06189413447782547,0.3181688125894135
6662,0.72,5.21,0.07562804005722461,0.3937052932761088
6663,0.7775,5.205,0.06454935622317597,0.33648068669527903
6664,0.8625,5.2125,0.07187410586552218,0.37539341917024327
6665,0.7075,5.21125,0.06564806866952791,0.3410586552217454
6666,0.855,5.18125,0.058964234620886985,0.30443490701001436
6667,0.8275,5.21375,0.0689442060085837,0.35937052932761093
6668,0.6925,5.2125,0.07040915593705294,0.36852646638054365
6669,0.8675,5.18,0.05832331902718169,0.30443490701001436
6670,0.875,5.215,0.07288125894134478,0.3776824034334764
6671,0.8325,5.18875,0.05621745350500716,0.2929899856938484
6672,0.685,5.21125,0.07123319027181689,0.37081545064377686
6673,0.925,5.21,0.07709298998569386,0.4005722460658083
6674,0.7525,5.20875,0.06271816881258942,0.35250357653791137
6675,0.925,5.1775,0.06912732474964235,0.3570815450643777
6676,0.8,5.18,0.0666552217453505,0.34563662374821175
6677,0.835,5.19,0.069585121602289,0.35937052932761093
6678,0.95,5.175,0.0683032904148784,0.35250357653791137
6679,0.8575,5.2125,0.07141630901287555,0.37081545064377686
6680,0.6925,5.1825,0.0576824034334764,0.29985693848354794
6681,0.8425,5.185,0.060612303290414886,0.3158798283261803
6682,0.8325,5.2125,0.06940200286123034,0.35937052932761093
6683,0.725,5.18375,0.06042918454935623,0.3158798283261803
6684,0.87,5.1825,0.05731616595135909,0.2952789699570816
6685,0.8675,5.21125,0.07233190271816882,0.3776824034334764
6686,0.6825,5.1825,0.056858369098712454,0.2952789699570816
6687,0.7625,5.195,0.0662889842632332,0.34563662374821175
6688,0.8925,5.205,0.07434620886981402,0.3868383404864092
6689,0.745,5.195,0.062077253218884125,0.32274678111587984
6690,0.74,5.21125,0.06976824034334765,0.3639484978540773
6691,0.72,5.18625,0.059971387696709594,0.3113018597997139
6692,0.7575,5.18,0.06308440629470673,0.32732474964234626
6693,0.84,5.1925,0.06500715307582261,0.33648068669527903
6694,0.88,5.21125,0.07333905579399143,0.38226037195994284
6695,0.6875,5.18,0.05731616595135909,0.2952789699570816
6696,0.8525,5.18375,0.05731616595135909,0.2952789699570816
6697,0.71,5.2,0.07022603719599428,0.3639484978540773
6698,0.685,5.19375,0.05704148783977111,0.2952789699570816
6699,0.83,5.18625,0.06189413447782547,0.32274678111587984
6700,0.7,5.2125,0.06647210300429185,0.34563662374821175
6701,0.7125,5.18375,0.059330472103004295,0.30672389127324756
6702,0.7875,5.18875,0.07059227467811159,0.36852646638054365
6703,0.7825,5.205,0.07956509298998571,0.4120171673819743
6704,0.7875,5.20125,0.06564806866952791,0.3410586552217454
6705,0.7475,5.21,0.06876108726752504,0.35937052932761093
6706,0.915,5.185,0.06226037195994278,0.32274678111587984
6707,0.7775,5.18,0.06482403433476396,0.33648068669527903
6708,0.8,5.1975,0.0666552217453505,0.34563662374821175
6709,0.9075,5.18,0.06271816881258942,0.32732474964234626
6710,0.84,5.19125,0.07004291845493563,0.3639484978540773
6711,0.86,5.20375,0.07169098712446352,0.37081545064377686
6712,0.7,5.21,0.07480400572246067,0.3891273247496424
6713,0.73,5.205,0.06079542203147354,0.3158798283261803
6714,0.755,5.21,0.06290128755364807,0.32732474964234626
6715,0.77,5.2,0.05832331902718169,0.30443490701001436
6716,0.8425,5.2025,0.07022603719599428,0.3639484978540773
6717,0.7,5.2,0.05832331902718169,0.30443490701001436
6718,1.035,5.1775,0.09540486409155938,0.49442060085836914
6719,0.76,5.18125,0.06335908440629472,0.32961373390557946
6720,0.8475,5.19375,0.07059227467811159,0.36852646638054365
6721,0.825,5.18625,0.0672961373390558,0.34792560801144495
6722,0.9075,5.20375,0.07562804005722461,0.3937052932761088
6723,0.87,5.21,0.07251502145922747,0.3776824034334764
6724,0.69,5.21,0.07562804005722461,0.3937052932761088
6725,0.6975,5.18125,0.05814020028612304,0.29985693848354794
6726,0.8775,5.21,0.07315593705293277,0.38226037195994284
6727,0.7075,5.2125,0.0689442060085837,0.35937052932761093
6728,0.885,5.17875,0.05914735336194564,0.30672389127324756
6729,0.885,5.205,0.07370529327610874,0.38226037195994284
6730,0.69,5.205,0.07269814020028613,0.3776824034334764
6731,0.8775,5.1825,0.06079542203147354,0.3158798283261803
6732,0.8925,5.20875,0.07434620886981402,0.3868383404864092
6733,1.09,5.1625,0.09897567954220315,0.5104434907010015
6734,0.915,5.18125,0.06876108726752504,0.3570815450643777
6735,0.8275,5.1875,0.0689442060085837,0.3570815450643777
6736,0.915,5.18,0.06107010014306152,0.3158798283261803
6737,0.805,5.195,0.07141630901287555,0.37081545064377686
6738,0.9025,5.20625,0.07517024320457798,0.3891273247496424
6739,0.8075,5.18625,0.06812017167381974,0.35250357653791137
6740,0.7425,5.205,0.06107010014306152,0.3181688125894135
6741,0.7,5.18125,0.05832331902718169,0.30443490701001436
6742,0.84,5.2125,0.07004291845493563,0.3639484978540773
6743,0.6775,5.20875,0.07315593705293277,0.38226037195994284
6744,0.7325,5.1875,0.06107010014306152,0.3158798283261803
6745,1.14,5.1525,0.09503862660944207,0.492131616595136
6746,0.835,5.1875,0.0566752503576538,0.2929899856938484
6747,0.82,5.19625,0.0683032904148784,0.3570815450643777
6748,0.9225,5.1925,0.0769098712446352,0.3982832618025752
6749,0.76,5.19875,0.07333905579399143,0.38226037195994284
6750,0.8975,5.21125,0.07480400572246067,0.3891273247496424
6751,0.745,5.195,0.062077253218884125,0.32274678111587984
6752,0.7725,5.205,0.06454935622317597,0.33648068669527903
6753,0.9025,5.20125,0.07517024320457798,0.3891273247496424
6754,0.68,5.18875,0.0566752503576538,0.2929899856938484
6755,0.875,5.18125,0.0576824034334764,0.29985693848354794
6756,0.87,5.21125,0.07251502145922747,0.3776824034334764
6757,0.6825,5.185,0.056858369098712454,0.2952789699570816
6758,0.87,5.18625,0.0566752503576538,0.2929899856938484
6759,0.805,5.2125,0.06711301859799715,0.34792560801144495
6760,0.7025,5.1825,0.05850643776824035,0.30443490701001436
6761,0.845,5.19,0.05621745350500716,0.2929899856938484
6762,0.6825,5.20625,0.07517024320457798,0.3891273247496424
6763,0.895,5.1975,0.07462088698140201,0.3868383404864092
6764,0.915,5.17875,0.06226037195994278,0.32274678111587984
6765,0.72,5.21,0.07517024320457798,0.3891273247496424
6766,0.7275,5.18,0.060612303290414886,0.3158798283261803
6767,0.8025,5.1975,0.06226037195994278,0.32274678111587984
6768,0.905,5.18125,0.06143633762517883,0.3181688125894135
6769,0.87,5.21375,0.07251502145922747,0.3776824034334764
6770,0.6875,5.2125,0.07086695278969958,0.36852646638054365
6771,0.875,5.18125,0.05850643776824035,0.30443490701001436
6772,0.8225,5.2125,0.06857796852646639,0.3570815450643777
6773,0.82,5.19,0.0683032904148784,0.3158798283261803
6774,0.6775,5.2125,0.07233190271816882,0.3776824034334764
6775,0.6775,5.1925,0.056492131616595144,0.2929899856938484
6776,0.86,5.20625,0.07169098712446352,0.37539341917024327
6777,0.685,5.2125,0.07169098712446352,0.37539341917024327
6778,0.9275,5.17375,0.07727610872675252,0.4005722460658083
6779,0.7225,5.18375,0.060246065808297576,0.3113018597997139
6780,0.72,5.21,0.07544492131616595,0.3937052932761088
6781,0.8075,5.20625,0.0672961373390558,0.34792560801144495
6782,0.8925,5.1925,0.07434620886981402,0.3868383404864092
6783,0.8775,5.18625,0.06940200286123034,0.35937052932761093
6784,0.81,5.1875,0.06747925608011446,0.34792560801144495
6785,0.9175,5.20625,0.07645207439198856,0.3982832618025752
6786,0.775,5.19625,0.07233190271816882,0.37539341917024327
6787,0.9025,5.21,0.07517024320457798,0.3891273247496424
6788,0.6925,5.18125,0.0576824034334764,0.29985693848354794
6789,0.86,5.18125,0.05832331902718169,0.30443490701001436
6790,0.8675,5.2125,0.07233190271816882,0.3776824034334764
6791,0.68,5.18375,0.0566752503576538,0.2929899856938484
6792,0.8675,5.18125,0.061711015736766815,0.3181688125894135
6793,1.0475,5.1775,0.08725608011444923,0.45092989985693854
6794,0.7425,5.18,0.06189413447782547,0.3181688125894135
6795,0.9,5.18125,0.059971387696709594,0.3113018597997139
6796,0.7525,5.19875,0.07434620886981402,0.3868383404864092
6797,0.895,5.21,0.07462088698140201,0.3891273247496424
6798,0.7175,5.21,0.07544492131616595,0.3937052932761088
6799,0.86,5.1825,0.059605150214592284,0.30672389127324756
6800,0.865,5.21125,0.07205722460658083,0.37539341917024327
6801,0.7175,5.21,0.06354220314735337,0.32961373390557946
6802,0.7375,5.1975,0.06775393419170243,0.35250357653791137
6803,0.68,5.19125,0.0566752503576538,0.2929899856938484
6804,0.865,5.1825,0.058964234620886985,0.30443490701001436
6805,0.69,5.205,0.07169098712446352,0.37081545064377686
6806,0.68,5.185,0.0566752503576538,0.2929899856938484
6807,0.8475,5.1875,0.07059227467811159,0.36852646638054365
6808,0.9575,5.17875,0.07837482117310444,0.40515021459227474
6809,0.85,5.1925,0.07086695278969958,0.36852646638054365
6810,0.88,5.21,0.07333905579399143,0.38226037195994284
6811,0.725,5.20375,0.07498712446351932,0.3891273247496424
6812,0.76,5.2025,0.06335908440629472,0.32961373390557946
6813,0.73,5.17875,0.06079542203147354,0.3158798283261803
6814,0.725,5.20625,0.061711015736766815,0.32274678111587984
6815,0.695,5.1825,0.05795708154506438,0.29985693848354794
6816,0.8675,5.20875,0.07233190271816882,0.37539341917024327
6817,0.68,5.2075,0.07315593705293277,0.38226037195994284
6818,0.68,5.18625,0.0566752503576538,0.2929899856938484
6819,0.8425,5.2125,0.07022603719599428,0.36852646638054365
6820,0.68,5.21125,0.07105007153075824,0.37081545064377686
6821,0.695,5.18,0.05795708154506438,0.29985693848354794
6822,0.87,5.21125,0.07251502145922747,0.3776824034334764
6823,0.82,5.2,0.08789699570815451,0.4577968526466381
6824,0.895,5.195,0.07462088698140201,0.3868383404864092
6825,0.8125,5.2075,0.06775393419170243,0.35250357653791137
6826,0.7225,5.20375,0.07645207439198856,0.3982832618025752
6827,0.7625,5.205,0.0662889842632332,0.34563662374821175
6828,0.7425,5.1775,0.06189413447782547,0.3181688125894135
6829,0.875,5.18125,0.05731616595135909,0.2952789699570816
6830,0.68,5.2125,0.07040915593705294,0.36852646638054365
6831,0.685,5.185,0.05704148783977111,0.2952789699570816
6832,0.855,5.185,0.0566752503576538,0.2929899856938484
6833,0.735,5.19625,0.06812017167381974,0.35250357653791137
6834,0.6775,5.19125,0.056492131616595144,0.2929899856938484
6835,0.7,5.21125,0.06747925608011446,0.35250357653791137
6836,0.8575,5.18375,0.05704148783977111,0.2952789699570816
6837,0.865,5.20625,0.07205722460658083,0.37539341917024327
6838,0.8675,5.1975,0.07233190271816882,0.46924177396280403
6839,0.7175,5.20875,0.07498712446351932,0.3891273247496424
6840,0.7625,5.20125,0.06354220314735337,0.32961373390557946
6841,0.7625,5.18125,0.06354220314735337,0.32961373390557946
6842,0.8675,5.18625,0.059330472103004295,0.30672389127324756
6843,0.8425,5.19125,0.07022603719599428,0.3639484978540773
6844,0.86,5.21125,0.07169098712446352,0.37539341917024327
6845,0.7,5.21125,0.07333905579399143,0.38226037195994284
6846,0.7075,5.18125,0.058964234620886985,0.30443490701001436
6847,0.7175,5.20375,0.05978826895565094,0.3113018597997139
6848,0.83,5.19,0.056492131616595144,0.2929899856938484
6849,0.8725,5.20875,0.07269814020028613,0.3776824034334764
6850,0.71,5.2025,0.05914735336194564,0.30672389127324756
6851,0.865,5.18125,0.056858369098712454,0.2952789699570816
6852,0.8425,5.21375,0.07022603719599428,0.36852646638054365
6853,0.8575,5.1675,0.07141630901287555,0.36852646638054365
6854,0.7525,5.2075,0.06711301859799715,0.34792560801144495
6855,0.735,5.1975,0.06125321888412018,0.3181688125894135
6856,0.745,5.17875,0.062077253218884125,0.32274678111587984
6857,0.855,5.19,0.05978826895565094,0.3113018597997139
6858,0.815,5.1875,0.06793705293276109,0.35250357653791137
6859,0.8625,5.2125,0.07187410586552218,0.37539341917024327
6860,0.7175,5.21,0.06290128755364807,0.32732474964234626
6861,0.8725,5.1825,0.0576824034334764,0.29985693848354794
6862,0.7975,5.2125,0.06647210300429185,0.34563662374821175
6863,0.725,5.2075,0.06775393419170243,0.35250357653791137
6864,0.8475,5.185,0.059330472103004295,0.30672389127324756
6865,0.865,5.20625,0.07205722460658083,0.37539341917024327
6866,0.735,5.20625,0.06143633762517883,0.3181688125894135
6867,0.7575,5.195,0.06683834048640916,0.34792560801144495
6868,0.8325,5.17875,0.06940200286123034,0.35937052932761093
6869,0.73,5.21,0.07397997138769671,0.3868383404864092
6870,0.815,5.1975,0.061711015736766815,0.32274678111587984
6871,0.7275,5.18,0.060612303290414886,0.3158798283261803
6872,0.9025,5.18125,0.07517024320457798,0.3891273247496424
6873,0.895,5.18125,0.06335908440629472,0.32961373390557946
6874,0.92,5.2125,0.07663519313304722,0.4005722460658083
6875,0.685,5.1825,0.05704148783977111,0.2952789699570816
6876,0.8025,5.19,0.064,0.3341917024320458
6877,0.705,5.2,0.05878111587982833,0.30672389127324756
6878,0.8625,5.205,0.07187410586552218,0.37539341917024327
6879,0.675,5.20875,0.07251502145922747,0.3776824034334764
6880,0.685,5.1825,0.05704148783977111,0.2952789699570816
6881,0.805,5.2125,0.06711301859799715,0.34792560801144495
6882,0.7425,5.20375,0.059605150214592284,0.3113018597997139
6883,0.9225,5.18375,0.0769098712446352,0.3982832618025752
6884,0.7675,5.18,0.064,0.32961373390557946
6885,0.7475,5.2075,0.06857796852646639,0.3570815450643777
6886,0.745,5.1975,0.062077253218884125,0.32274678111587984
6887,0.7725,5.18125,0.06436623748211731,0.3341917024320458
6888,0.87,5.1875,0.059330472103004295,0.30672389127324756
6889,0.8025,5.19125,0.06683834048640916,0.34792560801144495
6890,0.6875,5.18875,0.05731616595135909,0.2952789699570816
6891,0.74,5.205,0.060612303290414886,0.3158798283261803
6892,0.8675,5.1825,0.05832331902718169,0.30443490701001436
6893,0.8575,5.2125,0.07141630901287555,0.37081545064377686
6894,0.8075,5.2025,0.06042918454935623,0.3158798283261803
6895,0.84,5.1875,0.058964234620886985,0.30672389127324756
6896,0.8325,5.2,0.06940200286123034,0.35937052932761093
6897,0.68,5.20625,0.07205722460658083,0.37539341917024327
6898,0.875,5.18,0.06107010014306152,0.3158798283261803
6899,0.7775,5.18375,0.06482403433476396,0.33648068669527903
6900,0.905,5.1775,0.06079542203147354,0.3158798283261803
6901,0.82,5.19,0.06940200286123034,0.35937052932761093
6902,0.8925,5.2,0.07434620886981402,0.3868383404864092
6903,0.77,5.19625,0.07187410586552218,0.37539341917024327
6904,0.7825,5.1975,0.057499284692417746,0.29985693848354794
6905,0.72,5.1825,0.059971387696709594,0.3113018597997139
6906,0.8425,5.21375,0.07022603719599428,0.36852646638054365
6907,0.7875,5.1975,0.057499284692417746,0.29985693848354794
6908,0.8575,5.2125,0.07141630901287555,0.37081545064377686
6909,0.695,5.18,0.05795708154506438,0.29985693848354794
6910,0.8475,5.185,0.06125321888412018,0.3181688125894135
6911,0.8425,5.21375,0.07022603719599428,0.36852646638054365
6912,0.7625,5.18875,0.06354220314735337,0.32961373390557946
6913,0.755,5.19625,0.07105007153075824,0.36852646638054365
6914,0.79,5.19375,0.06583118741058656,0.3410586552217454
6915,0.7875,5.205,0.06564806866952791,0.3410586552217454
6916,0.73,5.2025,0.07462088698140201,0.3891273247496424
6917,0.8575,5.20875,0.07141630901287555,0.37081545064377686
6918,0.72,5.18,0.059971387696709594,0.3113018597997139
6919,0.8,5.19375,0.056492131616595144,0.2929899856938484
6920,0.85,5.2025,0.07086695278969958,0.36852646638054365
6921,0.6775,5.1875,0.056492131616595144,0.2929899856938484
6922,0.8575,5.18375,0.056858369098712454,0.2952789699570816
6923,0.71,5.2025,0.05914735336194564,0.30672389127324756
6924,0.83,5.19875,0.06912732474964235,0.35937052932761093
6925,0.705,5.21125,0.07086695278969958,0.36852646638054365
6926,0.8075,5.18875,0.06290128755364807,0.32732474964234626
6927,0.725,5.20625,0.06042918454935623,0.3158798283261803
6928,0.8175,5.19375,0.05978826895565094,0.3113018597997139
6929,0.7575,5.20625,0.0662889842632332,0.34563662374821175
6930,0.73,5.18,0.06079542203147354,0.3158798283261803
6931,0.7225,5.21125,0.07333905579399143,0.38226037195994284
6932,0.8425,5.19375,0.060246065808297576,0.3113018597997139
6933,0.7325,5.18,0.06107010014306152,0.3158798283261803
6934,0.8675,5.1825,0.05814020028612304,0.29985693848354794
6935,0.6875,5.21375,0.07397997138769671,0.3868383404864092
6936,0.6875,5.1825,0.05731616595135909,0.2952789699570816
6937,0.855,5.185,0.07123319027181689,0.2952789699570816
6938,0.685,5.2125,0.06976824034334765,0.3639484978540773
6939,0.695,5.18125,0.05795708154506438,0.29985693848354794
6940,0.855,5.21,0.07123319027181689,0.37081545064377686
6941,0.78,5.2,0.05795708154506438,0.29985693848354794
6942,0.8275,5.2125,0.0689442060085837,0.35937052932761093
6943,0.8375,5.18625,0.06976824034334765,0.35937052932761093
6944,0.7875,5.2025,0.06335908440629472,0.32961373390557946
6945,0.9075,5.20875,0.07562804005722461,0.3937052932761088
6946,0.72,5.185,0.059971387696709594,0.3113018597997139
6947,0.7825,5.2025,0.06335908440629472,0.32961373390557946
6948,0.73,5.17875,0.06079542203147354,0.3158798283261803
6949,0.7225,5.18375,0.060246065808297576,0.3113018597997139
6950,0.7425,5.1975,0.06793705293276109,0.35250357653791137
6951,0.685,5.1825,0.05704148783977111,0.2952789699570816
6952,0.8575,5.21125,0.07141630901287555,0.37081545064377686
6953,0.705,5.21125,0.06601430615164522,0.34563662374821175
6954,0.815,5.1975,0.06793705293276109,0.35250357653791137
6955,0.845,5.21,0.07040915593705294,0.36852646638054365
6956,0.74,5.20625,0.06079542203147354,0.3158798283261803
6957,0.855,5.20375,0.07123319027181689,0.37081545064377686
6958,0.6775,5.1925,0.056492131616595144,0.2929899856938484
6959,0.875,5.1825,0.06564806866952791,0.3410586552217454
6960,0.72,5.21,0.07462088698140201,0.3891273247496424
6961,0.805,5.2075,0.06711301859799715,0.34792560801144495
6962,0.755,5.20625,0.06647210300429185,0.34563662374821175
6963,0.89,5.1825,0.064,0.32961373390557946
6964,1.3525,5.17625,0.1127095851216023,0.5859799713876968
6965,0.8025,5.1875,0.07416309012875537,0.3868383404864092
6966,0.7025,5.21125,0.06537339055793992,0.3410586552217454
6967,0.785,5.19125,0.06537339055793992,0.33648068669527903
6968,0.7325,5.19875,0.0683032904148784,0.3570815450643777
6969,0.6825,5.2125,0.07086695278969958,0.36852646638054365
6970,0.6975,5.1825,0.05814020028612304,0.29985693848354794
6971,0.87,5.1825,0.07251502145922747,0.3776824034334764
6972,0.6675,5.20875,0.07233190271816882,0.37539341917024327
6973,0.6775,5.185,0.056492131616595144,0.2929899856938484
6974,0.7575,5.18,0.06308440629470673,0.32732474964234626
6975,0.87,5.18875,0.06519027181688127,0.33648068669527903
6976,0.7725,5.18125,0.06436623748211731,0.3341917024320458
6977,0.9125,5.205,0.07608583690987125,0.3982832618025752
6978,0.87,5.18375,0.06537339055793992,0.33648068669527903
6979,0.845,5.2125,0.07040915593705294,0.36852646638054365
6980,0.68,5.18375,0.0566752503576538,0.2929899856938484
6981,0.74,5.195,0.0672961373390558,0.34792560801144495
6982,0.685,5.19625,0.05704148783977111,0.2952789699570816
6983,0.79,5.19375,0.06583118741058656,0.3410586552217454
6984,0.68,5.2125,0.07205722460658083,0.37539341917024327
6985,0.6925,5.18125,0.0576824034334764,0.29985693848354794
6986,0.795,5.2125,0.0662889842632332,0.34563662374821175
6987,0.715,5.21,0.06308440629470673,0.32961373390557946
6988,0.7325,5.185,0.06107010014306152,0.3158798283261803
6989,0.8725,5.195,0.07269814020028613,0.3776824034334764
6990,0.8575,5.185,0.06647210300429185,0.34563662374821175
6991,0.815,5.19,0.06912732474964235,0.35937052932761093
6992,0.91,5.205,0.07581115879828328,0.3937052932761088
6993,0.7625,5.1975,0.07288125894134478,0.3776824034334764
6994,0.68,5.21375,0.07086695278969958,0.37081545064377686
6995,0.7,5.18125,0.05832331902718169,0.30443490701001436
6996,2.5425,5.08,0.21040343347639487,1.0689556509299
6997,3.6725,5.0025,0.3087381974248927,1.5450643776824036
6998,4.5525,4.94375,0.37933047210300436,1.8746781115879831
6999,5.0075,4.9125,0.41815164520743925,2.0555078683834047
7000,5.0875,4.91,0.42080686695278974,2.066952789699571
7001,5.045,4.91125,0.42044062947067246,2.066952789699571
7002,5.035,4.91,0.4196165951359085,2.0623748211731048
7003,5.07,4.90625,0.42337052932761093,2.0783977110157372
7004,5.0775,4.90875,0.42309585121602294,2.0783977110157372
7005,5.0775,4.90625,0.42309585121602294,2.0783977110157372
7006,5.1075,4.9075,0.4256595135908441,2.089842632331903
7007,5.1,4.90875,0.4250185979971388,2.0852646638054364
7008,5.1225,4.9075,0.4268497854077254,2.0967095851216024
7009,5.1,4.90625,0.4245608011444922,2.08068669527897
7010,5.1,4.90625,0.4250185979971388,2.0852646638054364
7011,5.065,4.9075,0.42208869814020034,2.069241773962804
7012,5.09,4.90625,0.42437768240343354,2.08068669527897
7013,5.085,4.90625,0.4237367668097282,2.0783977110157372
7014,5.0875,4.90625,0.42391988555078686,2.08068669527897
7015,5.09,4.9075,0.4253848354792561,2.089842632331903
7016,5.105,4.905,0.4253848354792561,2.0852646638054364
7017,5.125,4.9075,0.4271244635193133,2.0967095851216024
7018,5.1,4.9075,0.4256595135908441,2.089842632331903
7019,5.1075,4.90625,0.4256595135908441,2.089842632331903
7020,5.1225,4.9025,0.4268497854077254,2.0921316165951365
7021,5.0975,4.90625,0.42620886981402006,2.0921316165951365
7022,5.115,4.905,0.42620886981402006,2.089842632331903
7023,5.12,4.90375,0.4266666666666667,2.0921316165951365
7024,5.1375,4.905,0.42749070100143066,2.0967095851216024
7025,5.1375,4.90625,0.4258426323319028,2.089842632331903
7026,5.1325,4.9025,0.4276738197424893,2.0967095851216024
7027,5.12,4.905,0.4268497854077254,2.0921316165951365
7028,5.115,4.905,0.4268497854077254,2.0921316165951365
7029,5.13,4.90375,0.42749070100143066,2.0967095851216024
7030,5.125,4.90375,0.42749070100143066,2.0967095851216024
7031,5.11,4.90375,0.42749070100143066,2.0967095851216024
7032,5.13,4.905,0.42749070100143066,2.0967095851216024
7033,5.1325,4.905,0.4279484978540773,2.101287553648069
7034,5.1525,4.90375,0.42620886981402006,2.089842632331903
7035,5.1225,4.90375,0.4268497854077254,2.0921316165951365
7036,5.125,4.90625,0.4271244635193133,2.0967095851216024
7037,5.1425,4.90375,0.42648354792560805,2.0921316165951365
7038,5.115,4.90625,0.42620886981402006,2.0921316165951365
7039,5.125,4.90375,0.4271244635193133,2.0921316165951365
7040,5.13,4.90375,0.4276738197424893,2.0967095851216024
7041,5.1325,4.90375,0.4276738197424893,2.0967095851216024
7042,5.12,4.905,0.4266666666666667,2.0921316165951365
7043,5.1275,4.90375,0.4276738197424893,2.0967095851216024
7044,5.125,4.90125,0.4271244635193133,2.0921316165951365
7045,5.1375,4.905,0.42813161659513593,2.101287553648069
7046,5.1475,4.90375,0.42749070100143066,2.0967095851216024
7047,5.125,4.90375,0.4271244635193133,2.0921316165951365
7048,5.1425,4.90375,0.42849785407725327,2.101287553648069
7049,5.12,4.90375,0.42749070100143066,2.0967095851216024
7050,5.135,4.90375,0.4279484978540773,2.101287553648069
7051,5.145,4.905,0.42877253218884126,2.103576537911302
7052,5.1275,4.90375,0.4279484978540773,2.101287553648069
7053,5.1375,4.9025,0.42813161659513593,2.101287553648069
7054,5.1425,4.905,0.42849785407725327,2.101287553648069
7055,5.1275,4.90375,0.42749070100143066,2.0967095851216024
7056,5.13,4.90375,0.42749070100143066,2.0967095851216024
7057,5.14,4.90375,0.42831473533619463,2.101287553648069
7058,5.15,4.905,0.42877253218884126,2.103576537911302
7059,5.135,4.90625,0.42813161659513593,2.101287553648069
7060,5.145,4.90375,0.42877253218884126,2.103576537911302
7061,5.135,4.90375,0.42849785407725327,2.101287553648069
7062,5.135,4.905,0.4279484978540773,2.101287553648069
7063,5.1125,4.90625,0.4260257510729614,2.089842632331903
7064,5.15,4.9025,0.42849785407725327,2.101287553648069
7065,5.1325,4.90375,0.42977968526466387,2.1081545064377685
7066,5.1575,4.90375,0.42977968526466387,2.1081545064377685
7067,5.155,4.90375,0.42813161659513593,2.101287553648069
7068,5.1225,4.90375,0.4279484978540773,2.101287553648069
7069,5.1475,4.9025,0.4289556509298999,2.103576537911302
7070,5.125,4.90375,0.4271244635193133,2.0967095851216024
7071,5.165,4.90375,0.42831473533619463,2.101287553648069
7072,5.14,4.90375,0.42831473533619463,2.101287553648069
7073,5.12,4.905,0.4266666666666667,2.0921316165951365
7074,5.125,4.9025,0.42941344778254653,2.103576537911302
7075,5.135,4.90375,0.4279484978540773,2.101287553648069
7076,5.1425,4.905,0.42849785407725327,2.101287553648069
7077,5.1425,4.90375,0.42849785407725327,2.101287553648069
7078,5.1375,4.90625,0.42813161659513593,2.101287553648069
7079,5.1425,4.90625,0.42849785407725327,2.103576537911302
7080,5.1525,4.905,0.4276738197424893,2.0967095851216024
7081,5.1225,4.90375,0.4268497854077254,2.0921316165951365
7082,5.105,4.905,0.4253848354792561,2.0852646638054364
7083,5.14,4.9025,0.4279484978540773,2.0967095851216024
7084,5.1325,4.905,0.4276738197424893,2.0967095851216024
7085,5.135,4.905,0.4279484978540773,2.101287553648069
7086,5.14,4.90375,0.427307582260372,2.0967095851216024
7087,5.1275,4.90375,0.427307582260372,2.0967095851216024
7088,5.125,4.90375,0.4271244635193133,2.0921316165951365
7089,5.1525,4.90375,0.4276738197424893,2.0967095851216024
7090,5.1325,4.90375,0.42913876967095854,2.103576537911302
7091,5.1525,4.90625,0.42941344778254653,2.1081545064377685
7092,5.165,4.905,0.4276738197424893,2.0967095851216024
7093,5.155,4.90375,0.42849785407725327,2.101287553648069
7094,5.1425,4.9025,0.42849785407725327,2.101287553648069
7095,5.13,4.90375,0.42831473533619463,2.101287553648069
7096,5.15,4.9025,0.42831473533619463,2.101287553648069
7097,5.1225,4.90375,0.4268497854077254,2.0921316165951365
7098,5.155,4.905,0.42913876967095854,2.103576537911302
7099,5.135,4.90375,0.4276738197424893,2.0967095851216024
7100,5.14,4.905,0.42831473533619463,2.101287553648069
7101,5.15,4.905,0.42913876967095854,2.103576537911302
7102,5.16,4.905,0.42877253218884126,2.103576537911302
7103,5.13,4.905,0.42749070100143066,2.0967095851216024
7104,5.1325,4.90375,0.4276738197424893,2.0967095851216024
7105,5.15,4.90375,0.42813161659513593,2.101287553648069
7106,5.1425,4.90375,0.42849785407725327,2.101287553648069
7107,5.145,4.9025,0.42877253218884126,2.103576537911302
7108,5.155,4.90625,0.42849785407725327,2.103576537911302
7109,5.1425,4.90375,0.42849785407725327,2.101287553648069
7110,5.1425,4.905,0.42849785407725327,2.101287553648069
7111,5.12,4.9025,0.42913876967095854,2.103576537911302
7112,5.145,4.90375,0.42877253218884126,2.103576537911302
7113,5.155,4.90375,0.4295965665236052,2.1081545064377685
7114,5.1325,4.905,0.427307582260372,2.0967095851216024
7115,5.14,4.90375,0.42831473533619463,2.101287553648069
7116,5.1225,4.9025,0.4268497854077254,2.0921316165951365
7117,5.11,4.905,0.4279484978540773,2.101287553648069
7118,5.1475,4.9025,0.4289556509298999,2.103576537911302
7119,5.13,4.90375,0.42749070100143066,2.0967095851216024
7120,5.1525,4.905,0.42849785407725327,2.101287553648069
7121,5.13,4.90375,0.42749070100143066,2.0967095851216024
7122,5.14,4.90375,0.42831473533619463,2.101287553648069
7123,5.1475,4.90375,0.42648354792560805,2.0921316165951365
7124,5.1375,4.905,0.42913876967095854,2.103576537911302
7125,5.1325,4.9025,0.4276738197424893,2.0967095851216024
7126,5.1275,4.90375,0.42913876967095854,2.103576537911302
7127,5.1375,4.905,0.42877253218884126,2.103576537911302
7128,5.135,4.90375,0.4279484978540773,2.101287553648069
7129,5.1325,4.905,0.42877253218884126,2.103576537911302
7130,5.115,4.905,0.4289556509298999,2.103576537911302
7131,5.1225,4.9025,0.4268497854077254,2.0921316165951365
7132,5.1325,4.90375,0.4279484978540773,2.101287553648069
7133,5.1375,4.9025,0.42941344778254653,2.103576537911302
7134,5.165,4.90375,0.43042060085836914,2.1104434907010017
7135,5.14,4.90375,0.42831473533619463,2.101287553648069
7136,5.125,4.905,0.42749070100143066,2.0967095851216024
7137,5.15,4.90375,0.42913876967095854,2.103576537911302
7138,5.15,4.90625,0.42913876967095854,2.103576537911302
7139,5.155,4.90375,0.42877253218884126,2.103576537911302
7140,5.1325,4.905,0.4276738197424893,2.0967095851216024
7141,5.1325,4.90375,0.4276738197424893,2.0967095851216024
7142,5.1425,4.90375,0.42813161659513593,2.101287553648069
7143,5.1275,4.90375,0.427307582260372,2.0967095851216024
7144,5.145,4.905,0.42877253218884126,2.103576537911302
7145,5.135,4.90375,0.42831473533619463,2.101287553648069
7146,5.135,4.905,0.4279484978540773,2.101287553648069
7147,5.1425,4.905,0.42849785407725327,2.101287553648069
7148,5.125,4.905,0.4302374821173105,2.1104434907010017
7149,5.1175,4.90375,0.42648354792560805,2.0921316165951365
7150,5.1275,4.90375,0.427307582260372,2.0967095851216024
7151,5.15,4.905,0.42813161659513593,2.101287553648069
7152,5.155,4.905,0.4295965665236052,2.1081545064377685
7153,5.135,4.905,0.4279484978540773,2.101287553648069
7154,5.165,4.905,0.4279484978540773,2.101287553648069
7155,5.14,4.90125,0.4276738197424893,2.0967095851216024
7156,5.145,4.90625,0.42877253218884126,2.103576537911302
7157,5.1625,4.90375,0.42831473533619463,2.101287553648069
7158,5.13,4.905,0.4268497854077254,2.0921316165951365
7159,5.13,4.9025,0.42749070100143066,2.0967095851216024
7160,5.1325,4.90375,0.42941344778254653,2.103576537911302
7161,5.1425,4.90375,0.42913876967095854,2.103576537911302
7162,5.1075,4.90375,0.4256595135908441,2.089842632331903
7163,5.1275,4.90625,0.4276738197424893,2.0967095851216024
7164,5.145,4.9025,0.42831473533619463,2.101287553648069
7165,5.1475,4.9025,0.4289556509298999,2.103576537911302
7166,5.1325,4.90375,0.42813161659513593,2.101287553648069
7167,5.12,4.90375,0.4279484978540773,2.101287553648069
7168,5.14,4.90375,0.42831473533619463,2.101287553648069
7169,5.12,4.90375,0.4266666666666667,2.0921316165951365
7170,5.125,4.90125,0.42849785407725327,2.101287553648069
7171,5.1425,4.90125,0.42849785407725327,2.101287553648069
7172,5.14,4.905,0.42831473533619463,2.101287553648069
7173,5.15,4.90375,0.42849785407725327,2.101287553648069
7174,5.1325,4.905,0.4276738197424893,2.0967095851216024
7175,5.145,4.90375,0.42877253218884126,2.103576537911302
7176,5.135,4.90375,0.4295965665236052,2.1081545064377685
7177,5.1325,4.90375,0.4276738197424893,2.0967095851216024
7178,5.145,4.905,0.42877253218884126,2.103576537911302
7179,5.14,4.905,0.4279484978540773,2.101287553648069
7180,5.115,4.9025,0.42620886981402006,2.089842632331903
7181,5.17,4.905,0.43087839771101577,2.115021459227468
7182,5.145,4.90375,0.42749070100143066,2.0967095851216024
7183,5.145,4.905,0.42877253218884126,2.103576537911302
7184,5.1375,4.90125,0.42813161659513593,2.101287553648069
7185,5.1425,4.90375,0.4279484978540773,2.101287553648069
7186,5.135,4.90125,0.4279484978540773,2.0967095851216024
7187,5.125,4.905,0.4271244635193133,2.0967095851216024
7188,5.1825,4.905,0.4276738197424893,2.0967095851216024
7189,5.1475,4.9025,0.4276738197424893,2.0967095851216024
7190,5.15,4.905,0.42913876967095854,2.103576537911302
7191,5.1275,4.9025,0.4279484978540773,2.0967095851216024
7192,5.1425,4.90375,0.427307582260372,2.0967095851216024
7193,5.135,4.9,0.4279484978540773,2.0967095851216024
7194,5.135,4.90375,0.42813161659513593,2.101287553648069
7195,4.965,4.91625,0.4091788268955651,2.009728183118741
7196,1.275,5.14125,0.10620886981402004,0.5470672389127326
7197,1.3975,5.1525,0.11829470672389128,0.6111587982832619
7198,1.445,5.145,0.10620886981402004,0.5470672389127326
7199,1.3075,5.14625,0.10895565092989987,0.5630901287553648
7200,1.2825,5.16875,0.10684978540772533,0.6294706723891274
7201,1.315,5.1625,0.12186552217453506,0.6294706723891274
7202,1.4575,5.13875,0.12149928469241775,0.6226037195994278
7203,1.2625,5.14625,0.10520171673819743,0.540200286123033
7204,1.1675,5.1775,0.1030958512160229,0.5333333333333334
7205,2.1425,5.105,0.17854077253218886,0.9110157367668098
7206,1.4175,5.15375,0.11811158798283262,0.6065808297567954
7207,1.3225,5.15875,0.1110615164520744,0.5745350500715308
7208,1.3,5.15375,0.10831473533619458,0.5585121602288985
7209,1.2525,5.14875,0.10437768240343348,0.5356223175965666
7210,1.17,5.17875,0.1104206008583691,0.5699570815450644
7211,1.175,5.165,0.09787696709585123,0.5058655221745351
7212,1.155,5.1675,0.09622889842632333,0.4989985693848355
7213,1.1575,5.17875,0.10538483547925609,0.5470672389127326
7214,1.35,5.1775,0.11252646638054364,0.5814020028612304
7215,1.4025,5.1725,0.11682975679542204,0.6042918454935623
7216,1.395,5.14875,0.1030958512160229,0.5333333333333334
7217,1.1975,5.1625,0.09979971387696711,0.5127324749642347
7218,1.2425,5.1675,0.10355364806866954,0.5356223175965666
7219,1.145,5.18,0.11060371959942776,0.5745350500715308
7220,1.345,5.17875,0.11206866952789701,0.5814020028612304
7221,1.36,5.1775,0.1133505007153076,0.5859799713876968
7222,1.2875,5.16,0.10684978540772533,0.5516452074391989
7223,1.3275,5.15125,0.09851788268955652,0.5058655221745351
7224,1.1625,5.15125,0.09686981402002862,0.4989985693848355
7225,1.17,5.1775,0.10272961373390559,0.5333333333333334
7226,1.1425,5.18,0.1110615164520744,0.5745350500715308
7227,1.285,5.17625,0.10712446351931332,0.5539341917024321
7228,1.2375,5.165,0.11371673819742491,0.58826895565093
7229,1.42,5.145,0.10602575107296139,0.5447782546494994
7230,1.1775,5.15375,0.09815164520743921,0.5058655221745351
7231,1.2675,5.1675,0.11646351931330473,0.5997138769670959
7232,1.32,5.15875,0.11518168812589415,0.5928469241773964
7233,1.3375,5.1575,0.11142775393419171,0.5745350500715308
7234,1.29,5.1625,0.10749070100143063,0.5539341917024321
7235,1.3425,5.15375,0.09558798283261803,0.492131616595136
7236,1.17,5.1475,0.09751072961373392,0.5035765379113019
7237,1.175,5.15375,0.09787696709585123,0.5058655221745351
7238,1.2725,5.165,0.09787696709585123,0.5058655221745351
7239,1.15,5.16375,0.09586266094420602,0.49442060085836914
7240,0.845,5.1975,0.07040915593705294,0.36852646638054365
7241,0.7525,5.19625,0.06976824034334765,0.3639484978540773
7242,0.71,5.19,0.05914735336194564,0.30672389127324756
7243,0.8875,5.21,0.07397997138769671,0.3868383404864092
7244,0.995,5.18125,0.06335908440629472,0.32961373390557946
7245,0.74,5.1875,0.061711015736766815,0.3181688125894135
7246,0.7275,5.1825,0.060612303290414886,0.3158798283261803
7247,0.7525,5.2075,0.06976824034334765,0.3639484978540773
7248,0.795,5.17625,0.0662889842632332,0.3410586552217454
7249,0.905,5.19625,0.07544492131616595,0.3937052932761088
7250,0.7025,5.2025,0.07187410586552218,0.37539341917024327
7251,0.7275,5.18375,0.060612303290414886,0.3158798283261803
7252,0.87,5.20375,0.07251502145922747,0.3776824034334764
7253,0.6975,5.20375,0.07462088698140201,0.3891273247496424
7254,0.9,5.18125,0.06335908440629472,0.32961373390557946
7255,0.7975,5.20875,0.06647210300429185,0.34563662374821175
7256,0.7875,5.1975,0.06271816881258942,0.32732474964234626
7257,0.885,5.1825,0.06226037195994278,0.32274678111587984
7258,0.855,5.1975,0.07123319027181689,0.37081545064377686
7259,0.9125,5.18375,0.06253505007153076,0.32274678111587984
7260,0.935,5.175,0.06290128755364807,0.32732474964234626
7261,0.7625,5.17875,0.06354220314735337,0.32961373390557946
7262,0.91,5.18125,0.06125321888412018,0.3181688125894135
7263,0.9075,5.18,0.06418311874105866,0.3341917024320458
7264,0.865,5.19625,0.07205722460658083,0.37539341917024327
7265,0.7825,5.1925,0.06519027181688127,0.3570815450643777
7266,0.7475,5.21,0.06793705293276109,0.35250357653791137
7267,0.7575,5.1825,0.06308440629470673,0.32732474964234626
7268,0.87,5.21125,0.07251502145922747,0.3776824034334764
7269,0.725,5.21,0.06747925608011446,0.35250357653791137
7270,0.765,5.18,0.06372532188841203,0.32961373390557946
7271,0.8025,5.20625,0.06683834048640916,0.34792560801144495
7272,0.7025,5.21125,0.07370529327610874,0.38226037195994284
7273,0.7,5.18125,0.05832331902718169,0.30443490701001436
7274,0.7925,5.1975,0.06601430615164522,0.3410586552217454
7275,0.73,5.20875,0.07745922746781117,0.40515021459227474
7276,0.9275,5.20875,0.07727610872675252,0.4005722460658083
7277,0.755,5.1775,0.06290128755364807,0.32732474964234626
7278,0.74,5.20875,0.07205722460658083,0.37539341917024327
7279,0.8025,5.21125,0.06683834048640916,0.34792560801144495
7280,0.76,5.1875,0.06335908440629472,0.32961373390557946
7281,0.8175,5.18875,0.0666552217453505,0.34563662374821175
7282,0.69,5.1925,0.057499284692417746,0.29985693848354794
7283,0.8825,5.205,0.07352217453505008,0.38226037195994284
7284,0.68,5.2075,0.07269814020028613,0.3776824034334764
7285,0.6925,5.19375,0.0576824034334764,0.29985693848354794
7286,0.8425,5.1875,0.07022603719599428,0.3639484978540773
7287,0.8775,5.18,0.05814020028612304,0.29985693848354794
7288,0.6925,5.2125,0.07022603719599428,0.36852646638054365
7289,0.8625,5.21,0.07187410586552218,0.37539341917024327
7290,0.8275,5.18875,0.07288125894134478,0.3776824034334764
7291,0.75,5.2025,0.0785579399141631,0.4097281831187411
7292,0.9525,5.20875,0.07938197424892705,0.4120171673819743
7293,0.855,5.18625,0.07352217453505008,0.38226037195994284
7294,0.7725,5.195,0.06812017167381974,0.35250357653791137
7295,0.8525,5.2125,0.07105007153075824,0.37081545064377686
7296,0.81,5.19375,0.06812017167381974,0.35250357653791137
7297,0.85,5.18875,0.056858369098712454,0.2952789699570816
7298,0.7175,5.18125,0.05978826895565094,0.3113018597997139
7299,2.22,5.0875,0.18504148783977112,0.9499284692417741
7300,1.965,5.11625,0.16791988555078685,0.8583690987124465
7301,1.9075,5.11875,0.15894706723891275,0.8148783977110158
7302,0.7575,5.18375,0.06308440629470673,0.32732474964234626
7303,0.735,5.2075,0.07727610872675252,0.4005722460658083
7304,0.95,5.20625,0.07919885550786838,0.4120171673819743
7305,0.8175,5.20875,0.06812017167381974,0.3570815450643777
7306,1.34,5.16375,0.11856938483547927,0.6111587982832619
7307,0.915,5.2075,0.0762689556509299,0.3982832618025752
7308,0.79,5.20375,0.06583118741058656,0.3410586552217454
7309,0.725,5.20875,0.07517024320457798,0.3891273247496424
7310,0.805,5.20625,0.06711301859799715,0.34792560801144495
7311,0.7,5.18,0.05832331902718169,0.30443490701001436
7312,0.69,5.205,0.07205722460658083,0.37539341917024327
7313,0.72,5.18125,0.059971387696709594,0.3113018597997139
7314,0.805,5.2125,0.06711301859799715,0.34792560801144495
7315,0.72,5.2,0.07022603719599428,0.3639484978540773
7316,0.7725,5.21,0.06436623748211731,0.3341917024320458
7317,0.85,5.2,0.07086695278969958,0.36852646638054365
7318,0.7025,5.21125,0.06747925608011446,0.35250357653791137
7319,0.745,5.2075,0.07040915593705294,0.36852646638054365
7320,0.7225,5.18375,0.060246065808297576,0.3113018597997139
7321,0.79,5.20125,0.06436623748211731,0.3341917024320458
7322,0.835,5.19375,0.06418311874105866,0.3341917024320458
7323,0.7275,5.19,0.060612303290414886,0.3158798283261803
7324,0.71,5.21,0.06683834048640916,0.34792560801144495
7325,0.765,5.195,0.06812017167381974,0.35250357653791137
7326,0.8875,5.21125,0.07397997138769671,0.3868383404864092
7327,0.7575,5.20375,0.060246065808297576,0.3158798283261803
7328,0.87,5.18375,0.06418311874105866,0.3341917024320458
7329,0.78,5.21,0.06500715307582261,0.33648068669527903
7330,0.73,5.2075,0.06226037195994278,0.32274678111587984
7331,0.6975,5.2025,0.07205722460658083,0.37539341917024327
7332,0.7,5.19,0.05832331902718169,0.30443490701001436
7333,0.8575,5.2025,0.07141630901287555,0.37081545064377686
7334,0.9475,5.1775,0.06537339055793992,0.33648068669527903
7335,0.84,5.19125,0.07004291845493563,0.3639484978540773
7336,0.915,5.20875,0.0762689556509299,0.3982832618025752
7337,0.73,5.21,0.07315593705293277,0.38226037195994284
7338,0.8825,5.21125,0.07352217453505008,0.38226037195994284
7339,0.695,5.1825,0.05795708154506438,0.29985693848354794
7340,0.8625,5.1825,0.057499284692417746,0.2952789699570816
7341,0.7725,5.20875,0.06436623748211731,0.3341917024320458
7342,0.8225,5.19625,0.06857796852646639,0.3570815450643777
7343,0.68,5.21125,0.07288125894134478,0.3776824034334764
7344,0.82,5.19125,0.0683032904148784,0.3570815450643777
7345,0.6925,5.195,0.0576824034334764,0.29985693848354794
7346,0.835,5.1875,0.0566752503576538,0.2929899856938484
7347,0.745,5.185,0.062077253218884125,0.32274678111587984
7348,0.845,5.21375,0.07040915593705294,0.36852646638054365
7349,0.8575,5.18875,0.07434620886981402,0.3868383404864092
7350,0.83,5.1875,0.06912732474964235,0.35937052932761093
7351,0.91,5.2025,0.07581115879828328,0.3937052932761088
7352,0.86,5.185,0.07141630901287555,0.37081545064377686
7353,0.95,5.1775,0.0662889842632332,0.34563662374821175
7354,0.9025,5.19,0.07517024320457798,0.3891273247496424
7355,0.8775,5.18375,0.05978826895565094,0.3113018597997139
7356,0.925,5.17875,0.06143633762517883,0.3181688125894135
7357,0.84,5.17875,0.07004291845493563,0.3639484978540773
7358,0.76,5.20625,0.07498712446351932,0.3891273247496424
7359,0.79,5.19625,0.0576824034334764,0.29985693848354794
7360,0.8675,5.205,0.07233190271816882,0.37539341917024327
7361,0.6875,5.21125,0.07169098712446352,0.37539341917024327
7362,0.8475,5.185,0.05704148783977111,0.2952789699570816
7363,0.8725,5.205,0.07269814020028613,0.3776824034334764
7364,0.8325,5.1875,0.06940200286123034,0.35937052932761093
7365,0.74,5.20875,0.07397997138769671,0.3868383404864092
7366,0.7225,5.18875,0.060246065808297576,0.3113018597997139
7367,0.75,5.17625,0.06253505007153076,0.32274678111587984
7368,0.7725,5.20375,0.06601430615164522,0.34563662374821175
7369,0.8475,5.2125,0.07059227467811159,0.36852646638054365
7370,0.685,5.1925,0.05704148783977111,0.2952789699570816
7371,0.865,5.18375,0.05731616595135909,0.2952789699570816
7372,0.855,5.21125,0.07123319027181689,0.37081545064377686
7373,0.75,5.18625,0.06253505007153076,0.32274678111587984
7374,0.835,5.18625,0.06290128755364807,0.32732474964234626
7375,0.875,5.2125,0.07288125894134478,0.3776824034334764
7376,0.7,5.1825,0.05832331902718169,0.30443490701001436
7377,0.8525,5.18375,0.06042918454935623,0.3158798283261803
7378,0.845,5.2125,0.07040915593705294,0.36852646638054365
7379,0.7275,5.19125,0.060612303290414886,0.3158798283261803
7380,0.7325,5.21,0.07352217453505008,0.38226037195994284
7381,0.73,5.19125,0.06079542203147354,0.3158798283261803
7382,0.7625,5.17875,0.06354220314735337,0.32961373390557946
7383,0.875,5.18625,0.059971387696709594,0.3113018597997139
7384,0.7175,5.1825,0.05978826895565094,0.3113018597997139
7385,0.835,5.2125,0.069585121602289,0.3639484978540773
7386,0.685,5.21,0.07663519313304722,0.3982832618025752
7387,0.86,5.18125,0.05814020028612304,0.29985693848354794
7388,0.75,5.20625,0.06253505007153076,0.32732474964234626
7389,0.715,5.20875,0.07169098712446352,0.37539341917024327
7390,0.8625,5.18,0.05914735336194564,0.30672389127324756
7391,0.8675,5.21125,0.07233190271816882,0.3776824034334764
7392,0.6825,5.21125,0.07269814020028613,0.3776824034334764
7393,0.7925,5.1975,0.05814020028612304,0.30443490701001436
7394,0.7425,5.17875,0.06189413447782547,0.3181688125894135
7395,0.9,5.18,0.06354220314735337,0.32961373390557946
7396,0.805,5.1925,0.07059227467811159,0.36852646638054365
7397,0.9125,5.20375,0.07608583690987125,0.3982832618025752
7398,0.7475,5.2,0.06226037195994278,0.32274678111587984
7399,0.6875,5.2075,0.08414306151645208,0.4394849785407726
7400,0.6875,5.185,0.05731616595135909,0.2952789699570816
7401,0.8725,5.2125,0.07269814020028613,0.3776824034334764
7402,0.6875,5.21375,0.07123319027181689,0.37081545064377686
7403,0.6975,5.1825,0.05814020028612304,0.29985693848354794
7404,0.8675,5.2125,0.07233190271816882,0.3776824034334764
7405,0.705,5.21125,0.0662889842632332,0.34563662374821175
7406,0.8675,5.205,0.07233190271816882,0.37539341917024327
7407,0.6875,5.1875,0.05731616595135909,0.2952789699570816
7408,0.8375,5.1875,0.056492131616595144,0.2929899856938484
7409,0.81,5.18625,0.06747925608011446,0.34792560801144495
7410,0.9125,5.20625,0.07608583690987125,0.3982832618025752
7411,0.725,5.205,0.07608583690987125,0.3982832618025752
7412,0.7675,5.2,0.064,0.3341917024320458
7413,0.725,5.18125,0.06042918454935623,0.3113018597997139
7414,0.8625,5.18375,0.056858369098712454,0.2952789699570816
7415,0.705,5.18,0.05878111587982833,0.30443490701001436
7416,0.7975,5.21125,0.06647210300429185,0.34563662374821175
7417,0.7175,5.20875,0.06912732474964235,0.35937052932761093
7418,0.7975,5.18875,0.06436623748211731,0.3341917024320458
7419,0.8675,5.21375,0.07233190271816882,0.3776824034334764
7420,0.835,5.18875,0.0566752503576538,0.2929899856938484
7421,0.68,5.21,0.07233190271816882,0.37539341917024327
7422,0.6975,5.18125,0.05814020028612304,0.29985693848354794
7423,0.765,5.19375,0.06747925608011446,0.34792560801144495
7424,0.855,5.1875,0.07370529327610874,0.38226037195994284
7425,0.91,5.2075,0.07581115879828328,0.3937052932761088
7426,0.7725,5.19625,0.07352217453505008,0.38226037195994284
7427,0.735,5.21,0.07288125894134478,0.3776824034334764
7428,0.75,5.1975,0.06253505007153076,0.32732474964234626
7429,0.7425,5.19375,0.07727610872675252,0.4005722460658083
7430,0.84,5.18625,0.0566752503576538,0.2929899856938484
7431,0.845,5.20125,0.07040915593705294,0.36852646638054365
7432,0.69,5.1825,0.057499284692417746,0.2952789699570816
7433,0.845,5.185,0.06912732474964235,0.35937052932761093
7434,0.74,5.2025,0.061711015736766815,0.32274678111587984
7435,0.86,5.20375,0.07169098712446352,0.37081545064377686
7436,0.6825,5.20875,0.07251502145922747,0.3776824034334764
7437,0.7125,5.1825,0.059330472103004295,0.30672389127324756
7438,0.8575,5.2125,0.07141630901287555,0.37081545064377686
7439,0.7475,5.19875,0.08725608011444923,0.4532188841201717
7440,0.915,5.2025,0.0762689556509299,0.3982832618025752
7441,0.8725,5.21,0.07269814020028613,0.3776824034334764
7442,0.725,5.205,0.0762689556509299,0.3982832618025752
7443,0.8725,5.21,0.07269814020028613,0.3776824034334764
7444,0.6875,5.195,0.05731616595135909,0.2952789699570816
7445,0.8675,5.18,0.05731616595135909,0.2952789699570816
7446,0.88,5.20875,0.07333905579399143,0.38226037195994284
7447,0.6975,5.1825,0.05814020028612304,0.29985693848354794
7448,0.7975,5.18875,0.07022603719599428,0.3639484978540773
7449,0.8225,5.20625,0.06857796852646639,0.3570815450643777
7450,0.6825,5.1825,0.056858369098712454,0.2952789699570816
7451,0.7275,5.19875,0.07004291845493563,0.3639484978540773
7452,0.8,5.195,0.05731616595135909,0.2952789699570816
7453,0.815,5.19625,0.06793705293276109,0.35250357653791137
7454,0.7925,5.20125,0.06335908440629472,0.32961373390557946
7455,0.8925,5.18,0.064,0.32961373390557946
7456,0.875,5.195,0.07288125894134478,0.3776824034334764
7457,0.91,5.18125,0.060612303290414886,0.3158798283261803
7458,0.8925,5.1825,0.06537339055793992,0.33648068669527903
7459,0.8575,5.2125,0.07141630901287555,0.37081545064377686
7460,0.705,5.2125,0.06775393419170243,0.35250357653791137
7461,0.8625,5.18375,0.05731616595135909,0.2952789699570816
7462,0.88,5.2125,0.07333905579399143,0.38226037195994284
7463,0.715,5.21,0.059605150214592284,0.36852646638054365
7464,0.73,5.19875,0.07004291845493563,0.3639484978540773
7465,0.9025,5.20875,0.07517024320457798,0.3891273247496424
7466,0.81,5.19625,0.06747925608011446,0.34792560801144495
7467,0.89,5.1825,0.05814020028612304,0.29985693848354794
7468,0.77,5.20875,0.06418311874105866,0.3341917024320458
7469,0.735,5.19375,0.06125321888412018,0.3181688125894135
7470,0.72,5.20875,0.07709298998569386,0.4005722460658083
7471,0.8475,5.20875,0.07059227467811159,0.36852646638054365
7472,0.72,5.18125,0.059971387696709594,0.3113018597997139
7473,0.845,5.19375,0.060612303290414886,0.3158798283261803
7474,0.7575,5.19,0.06308440629470673,0.32732474964234626
7475,0.8225,5.2125,0.06857796852646639,0.3570815450643777
7476,0.8025,5.19375,0.05731616595135909,0.2952789699570816
7477,0.88,5.2125,0.07333905579399143,0.38226037195994284
7478,0.7125,5.18375,0.059330472103004295,0.30672389127324756
7479,0.8725,5.18125,0.059971387696709594,0.3113018597997139
7480,0.875,5.20625,0.07288125894134478,0.3776824034334764
7481,0.685,5.18375,0.05704148783977111,0.2952789699570816
7482,0.8775,5.18125,0.05832331902718169,0.30443490701001436
7483,0.87,5.20875,0.07251502145922747,0.3776824034334764
7484,0.8625,5.21,0.07187410586552218,0.37539341917024327
7485,0.7275,5.2025,0.07581115879828328,0.3937052932761088
7486,0.7225,5.20875,0.07645207439198856,0.3982832618025752
7487,0.8475,5.2075,0.07059227467811159,0.36852646638054365
7488,0.7325,5.21,0.07333905579399143,0.38226037195994284
7489,0.8675,5.18375,0.056858369098712454,0.2952789699570816
7490,0.87,5.205,0.07251502145922747,0.3776824034334764
7491,0.7,5.21,0.07269814020028613,0.3776824034334764
7492,0.83,5.185,0.06143633762517883,0.3181688125894135
7493,0.845,5.2125,0.07040915593705294,0.36852646638054365
7494,0.6875,5.2125,0.07169098712446352,0.37539341917024327
7495,0.8725,5.18125,0.05832331902718169,0.30443490701001436
7496,0.7325,5.20625,0.06107010014306152,0.3181688125894135
7497,0.885,5.17875,0.07370529327610874,0.3158798283261803
7498,0.6775,5.21125,0.07333905579399143,0.38226037195994284
7499,0.9225,5.20875,0.0769098712446352,0.4005722460658083
7500,0.905,5.20875,0.07544492131616595,0.3937052932761088
7501,0.7625,5.19875,0.07938197424892705,0.4120171673819743
7502,0.905,5.21,0.07544492131616595,0.3937052932761088
7503,0.7275,5.17875,0.060612303290414886,0.3158798283261803
7504,0.7675,5.20125,0.05914735336194564,0.30672389127324756
7505,0.7825,5.21,0.06519027181688127,0.3410586552217454
7506,0.7725,5.1875,0.06436623748211731,0.3341917024320458
7507,0.845,5.18625,0.06876108726752504,0.3570815450643777
7508,0.77,5.20875,0.06418311874105866,0.3341917024320458
7509,0.7825,5.19,0.06519027181688127,0.33648068669527903
7510,0.8775,5.18125,0.06271816881258942,0.32732474964234626
7511,0.755,5.2075,0.06290128755364807,0.32732474964234626
7512,0.7475,5.18625,0.06226037195994278,0.32274678111587984
7513,0.795,5.18875,0.06354220314735337,0.32961373390557946
7514,0.9525,5.18625,0.07938197424892705,0.4120171673819743
7515,0.9725,5.1725,0.08103004291845495,0.421173104434907
7516,0.795,5.19875,0.06308440629470673,0.32732474964234626
7517,0.8925,5.185,0.06482403433476396,0.33648068669527903
7518,0.8275,5.18875,0.0689442060085837,0.3570815450643777
7519,0.8925,5.1775,0.06482403433476396,0.3341917024320458
7520,0.7,5.2125,0.0785579399141631,0.4097281831187411
7521,0.755,5.1825,0.06290128755364807,0.32732474964234626
7522,0.8125,5.18625,0.062077253218884125,0.32274678111587984
7523,0.69,5.205,0.07205722460658083,0.37539341917024327
7524,0.69,5.1825,0.057499284692417746,0.2952789699570816
7525,0.8675,5.1825,0.05978826895565094,0.3113018597997139
7526,0.7225,5.20875,0.06308440629470673,0.32961373390557946
7527,0.755,5.18625,0.06290128755364807,0.32732474964234626
7528,0.8525,5.18125,0.059971387696709594,0.3113018597997139
7529,0.785,5.19375,0.07269814020028613,0.3776824034334764
7530,0.9275,5.2,0.07727610872675252,0.4005722460658083
7531,0.915,5.20125,0.0762689556509299,0.3982832618025752
7532,0.74,5.20125,0.07581115879828328,0.3937052932761088
7533,0.905,5.21125,0.07544492131616595,0.3937052932761088
7534,0.7825,5.18,0.06519027181688127,0.33648068669527903
7535,0.8575,5.18125,0.05978826895565094,0.3113018597997139
7536,0.83,5.2125,0.06912732474964235,0.35937052932761093
7537,0.8125,5.195,0.06775393419170243,0.35250357653791137
7538,0.7075,5.20125,0.07040915593705294,0.36852646638054365
7539,0.7375,5.205,0.06143633762517883,0.3181688125894135
7540,0.6925,5.18125,0.0576824034334764,0.29985693848354794
7541,0.845,5.18625,0.06189413447782547,0.32274678111587984
7542,0.6875,5.18375,0.05731616595135909,0.2952789699570816
7543,1.5375,5.1625,0.12809155937052935,0.6592274678111589
7544,0.8975,5.18125,0.07004291845493563,0.3639484978540773
7545,0.7475,5.17875,0.06226037195994278,0.32274678111587984
7546,0.885,5.1975,0.07370529327610874,0.38226037195994284
7547,0.8275,5.19,0.07022603719599428,0.3639484978540773
7548,0.76,5.2025,0.06335908440629472,0.32961373390557946
7549,0.79,5.1925,0.06583118741058656,0.3410586552217454
7550,0.8825,5.18125,0.06290128755364807,0.32732474964234626
7551,0.6925,5.20625,0.07169098712446352,0.37539341917024327
7552,0.685,5.1825,0.05704148783977111,0.2952789699570816
7553,0.82,5.18625,0.06857796852646639,0.3570815450643777
7554,0.8525,5.1875,0.056858369098712454,0.2952789699570816
7555,0.8375,5.2125,0.06976824034334765,0.3639484978540773
7556,0.795,5.19625,0.0576824034334764,0.29985693848354794
7557,0.8475,5.1825,0.059971387696709594,0.3113018597997139
7558,0.7175,5.2025,0.05978826895565094,0.3113018597997139
7559,0.7175,5.2075,0.07581115879828328,0.3937052932761088
7560,0.86,5.19,0.060612303290414886,0.3158798283261803
7561,0.7375,5.1775,0.06143633762517883,0.3181688125894135
7562,0.805,5.19875,0.06711301859799715,0.32732474964234626
7563,0.9,5.18,0.059971387696709594,0.3113018597997139
7564,0.905,5.20125,0.07544492131616595,0.3937052932761088
7565,1.005,5.195,0.08377682403433477,0.4349070100143062
7566,0.71,5.21125,0.06482403433476396,0.33648068669527903
7567,0.7675,5.18875,0.064,0.3341917024320458
7568,0.685,5.18375,0.05704148783977111,0.2952789699570816
7569,0.83,5.18625,0.06290128755364807,0.32732474964234626
7570,0.685,5.19625,0.05704148783977111,0.2952789699570816
7571,0.7975,5.19375,0.06647210300429185,0.34563662374821175
7572,0.705,5.20125,0.07086695278969958,0.36852646638054365
7573,0.745,5.205,0.062077253218884125,0.32274678111587984
7574,0.825,5.18,0.06876108726752504,0.3570815450643777
7575,0.8875,5.185,0.059971387696709594,0.3113018597997139
7576,0.8275,5.18875,0.0689442060085837,0.3570815450643777
7577,0.89,5.20125,0.07416309012875537,0.3868383404864092
7578,0.8775,5.18375,0.06683834048640916,0.34563662374821175
7579,0.925,5.20625,0.07709298998569386,0.4005722460658083
7580,0.775,5.20875,0.06454935622317597,0.33648068669527903
7581,0.7475,5.20375,0.06125321888412018,0.3181688125894135
7582,0.8475,5.2,0.07059227467811159,0.36852646638054365
7583,0.69,5.19625,0.057499284692417746,0.29985693848354794
7584,0.8725,5.18375,0.05731616595135909,0.2952789699570816
7585,0.6825,5.21375,0.07517024320457798,0.3937052932761088
7586,0.7025,5.18375,0.05850643776824035,0.30443490701001436
7587,0.7675,5.19375,0.06747925608011446,0.34792560801144495
7588,0.8425,5.19125,0.056492131616595144,0.2929899856938484
7589,0.905,5.2,0.07544492131616595,0.3937052932761088
7590,0.78,5.195,0.07288125894134478,0.3776824034334764
7591,0.72,5.205,0.08167095851216023,0.4234620886981402
7592,0.7625,5.2,0.06354220314735337,0.32961373390557946
7593,0.7125,5.205,0.07562804005722461,0.3937052932761088
7594,0.755,5.20375,0.06454935622317597,0.33648068669527903
7595,0.8225,5.195,0.06857796852646639,0.3570815450643777
7596,0.7625,5.19625,0.06354220314735337,0.32961373390557946
7597,0.71,5.21125,0.06583118741058656,0.3410586552217454
7598,0.75,5.1875,0.06253505007153076,0.32732474964234626
7599,0.74,5.2075,0.061711015736766815,0.32274678111587984
7600,0.885,5.18125,0.057499284692417746,0.2952789699570816
7601,0.855,5.2125,0.07123319027181689,0.37081545064377686
7602,0.8275,5.195,0.0689442060085837,0.35937052932761093
7603,0.68,5.215,0.07169098712446352,0.37539341917024327
7604,0.8825,5.21,0.07352217453505008,0.38226037195994284
7605,0.8775,5.21,0.07315593705293277,0.38226037195994284
7606,0.72,5.20875,0.07544492131616595,0.3937052932761088
7607,0.87,5.21,0.07251502145922747,0.3776824034334764
7608,0.72,5.185,0.059971387696709594,0.3113018597997139
7609,0.7875,5.1975,0.056858369098712454,0.2952789699570816
7610,0.8425,5.21375,0.07022603719599428,0.36852646638054365
7611,0.7775,5.1775,0.06482403433476396,0.3341917024320458
7612,0.85,5.1825,0.059971387696709594,0.3113018597997139
7613,0.85,5.2125,0.07086695278969958,0.36852646638054365
7614,0.7875,5.19125,0.06564806866952791,0.3410586552217454
7615,0.915,5.175,0.07608583690987125,0.3937052932761088
7616,0.6825,5.2075,0.07315593705293277,0.38226037195994284
7617,0.685,5.1825,0.05704148783977111,0.2952789699570816
7618,0.795,5.1975,0.05704148783977111,0.2952789699570816
7619,0.93,5.17875,0.0672961373390558,0.34792560801144495
7620,0.8375,5.19,0.06976824034334765,0.3639484978540773
7621,0.91,5.1775,0.062077253218884125,0.32274678111587984
7622,0.8675,5.18125,0.06537339055793992,0.33648068669527903
7623,0.9375,5.20125,0.07810014306151646,0.40515021459227474
7624,0.8125,5.19,0.06500715307582261,0.33648068669527903
7625,0.7375,5.205,0.06253505007153076,0.32732474964234626
7626,0.8475,5.19875,0.07059227467811159,0.36852646638054365
7627,0.6725,5.20875,0.07288125894134478,0.3776824034334764
7628,0.88,5.18125,0.0576824034334764,0.29985693848354794
7629,0.77,5.21125,0.06418311874105866,0.3341917024320458
7630,0.86,5.20875,0.07169098712446352,0.37539341917024327
7631,0.685,5.21125,0.07059227467811159,0.36852646638054365
7632,0.7075,5.18125,0.058964234620886985,0.30443490701001436
7633,0.81,5.2125,0.06747925608011446,0.35250357653791137
7634,0.775,5.20625,0.07462088698140201,0.3891273247496424
7635,0.7375,5.1975,0.06143633762517883,0.3181688125894135
7636,0.8525,5.19375,0.07105007153075824,0.36852646638054365
7637,0.8875,5.1825,0.06482403433476396,0.33648068669527903
7638,0.94,5.20625,0.07837482117310444,0.4097281831187411
7639,0.8925,5.2125,0.07434620886981402,0.3868383404864092
7640,0.71,5.2125,0.06583118741058656,0.3410586552217454
7641,0.8725,5.205,0.07269814020028613,0.3776824034334764
7642,0.7,5.1825,0.05832331902718169,0.30443490701001436
7643,0.8925,5.18125,0.05878111587982833,0.30443490701001436
7644,0.695,5.1925,0.05795708154506438,0.29985693848354794
7645,0.87,5.2125,0.07251502145922747,0.3776824034334764
7646,0.69,5.21375,0.06940200286123034,0.35937052932761093
7647,0.7,5.18125,0.05832331902718169,0.30443490701001436
7648,0.8725,5.2075,0.07269814020028613,0.3776824034334764
7649,0.7475,5.2,0.07480400572246067,0.3891273247496424
7650,0.7775,5.205,0.07645207439198856,0.3982832618025752
7651,0.84,5.21,0.07004291845493563,0.3639484978540773
7652,0.725,5.2025,0.07608583690987125,0.3982832618025752
7653,0.7375,5.21,0.07205722460658083,0.37539341917024327
7654,0.81,5.18375,0.06747925608011446,0.34792560801144495
7655,0.7825,5.19625,0.0576824034334764,0.29985693848354794
7656,0.77,5.1925,0.06537339055793992,0.3410586552217454
7657,0.7325,5.20625,0.06107010014306152,0.3181688125894135
7658,0.825,5.19,0.06107010014306152,0.3181688125894135
7659,0.6775,5.21,0.07205722460658083,0.37539341917024327
7660,0.69,5.18125,0.057499284692417746,0.2952789699570816
7661,0.7425,5.1975,0.06189413447782547,0.3570815450643777
7662,0.725,5.2075,0.06290128755364807,0.32732474964234626
7663,0.8075,5.19625,0.0672961373390558,0.34792560801144495
7664,0.97,5.20375,0.08084692417739629,0.421173104434907
7665,1.0625,5.17625,0.07315593705293277,0.3776824034334764
7666,0.7275,5.19125,0.060612303290414886,0.3158798283261803
7667,0.79,5.18125,0.06583118741058656,0.3410586552217454
7668,0.8575,5.18875,0.059605150214592284,0.30672389127324756
7669,0.9025,5.19125,0.07517024320457798,0.3891273247496424
7670,0.6775,5.1875,0.056492131616595144,0.2929899856938484
7671,0.8675,5.18125,0.057499284692417746,0.2952789699570816
7672,1.525,5.17125,0.12708440629470674,0.6569384835479257
7673,0.8825,5.20625,0.07352217453505008,0.38226037195994284
7674,0.69,5.21125,0.0689442060085837,0.35937052932761093
7675,0.7725,5.18875,0.06436623748211731,0.3341917024320458
7676,0.7625,5.2075,0.06354220314735337,0.32961373390557946
7677,0.745,5.205,0.06564806866952791,0.3410586552217454
7678,0.9,5.2125,0.07498712446351932,0.3891273247496424
7679,0.88,5.21125,0.07333905579399143,0.38226037195994284
7680,0.7175,5.21,0.07498712446351932,0.3891273247496424
7681,0.805,5.20625,0.06711301859799715,0.34792560801144495
7682,0.8775,5.20375,0.07315593705293277,0.38226037195994284
7683,0.73,5.21125,0.07370529327610874,0.38226037195994284
7684,0.825,5.1975,0.061711015736766815,0.32274678111587984
7685,0.8575,5.20375,0.07141630901287555,0.37081545064377686
7686,0.7075,5.21,0.069585121602289,0.3639484978540773
7687,0.87,5.1825,0.05850643776824035,0.30443490701001436
7688,0.88,5.21125,0.07333905579399143,0.38226037195994284
7689,0.73,5.20875,0.062077253218884125,0.32274678111587984
7690,0.6825,5.2075,0.07288125894134478,0.3776824034334764
7691,0.7575,5.18625,0.06308440629470673,0.32732474964234626
7692,0.855,5.18,0.07040915593705294,0.3639484978540773
7693,0.72,5.2075,0.061711015736766815,0.32274678111587984
7694,0.865,5.20625,0.07205722460658083,0.37539341917024327
7695,0.73,5.20375,0.06079542203147354,0.3158798283261803
7696,0.7925,5.2,0.06775393419170243,0.35250357653791137
7697,0.7425,5.18,0.06189413447782547,0.3181688125894135
7698,0.9025,5.19875,0.07517024320457798,0.3891273247496424
7699,0.795,5.1925,0.07169098712446352,0.37081545064377686
7700,0.7125,5.2025,0.059330472103004295,0.30672389127324756
7701,0.815,5.195,0.06793705293276109,0.35250357653791137
7702,0.8875,5.18125,0.06079542203147354,0.3158798283261803
7703,0.73,5.20625,0.06079542203147354,0.3158798283261803
7704,0.8525,5.2025,0.07105007153075824,0.37081545064377686
7705,0.6775,5.21,0.07251502145922747,0.3776824034334764
7706,0.72,5.1825,0.059971387696709594,0.3113018597997139
7707,0.7675,5.21,0.064,0.3341917024320458
7708,0.7425,5.20625,0.06683834048640916,0.34792560801144495
7709,0.725,5.18625,0.06042918454935623,0.3158798283261803
7710,0.8,5.185,0.0666552217453505,0.34563662374821175
7711,0.9125,5.18125,0.06042918454935623,0.3113018597997139
7712,0.84,5.18375,0.07004291845493563,0.3639484978540773
7713,0.87,5.21125,0.07251502145922747,0.3776824034334764
7714,0.715,5.20875,0.07562804005722461,0.3937052932761088
7715,0.7975,5.19625,0.05795708154506438,0.29985693848354794
7716,0.715,5.18375,0.059605150214592284,0.30672389127324756
7717,0.89,5.18125,0.057499284692417746,0.2952789699570816
7718,0.7025,5.21125,0.07269814020028613,0.3776824034334764
7719,0.715,5.18375,0.059605150214592284,0.30672389127324756
7720,0.7175,5.20125,0.07040915593705294,0.36852646638054365
7721,0.8525,5.18875,0.05621745350500716,0.2929899856938484
7722,0.85,5.21375,0.07086695278969958,0.37081545064377686
7723,0.71,5.2025,0.07205722460658083,0.37539341917024327
7724,0.725,5.20875,0.08249499284692419,0.43032904148783985
7725,0.7475,5.1975,0.06226037195994278,0.32274678111587984
7726,0.79,5.20125,0.06583118741058656,0.3570815450643777
7727,0.91,5.18,0.06354220314735337,0.32961373390557946
7728,0.88,5.1975,0.07333905579399143,0.38226037195994284
7729,0.9325,5.20625,0.07773390557939915,0.40515021459227474
7730,0.73,5.20875,0.06253505007153076,0.32732474964234626
7731,0.87,5.2075,0.07251502145922747,0.3776824034334764
7732,0.68,5.19125,0.0566752503576538,0.2929899856938484
7733,0.8325,5.18875,0.056492131616595144,0.2929899856938484
7734,0.7675,5.21125,0.064,0.3341917024320458
7735,0.77,5.19,0.06418311874105866,0.3341917024320458
7736,0.7,5.20125,0.07141630901287555,0.37081545064377686
7737,0.6975,5.18125,0.05814020028612304,0.29985693848354794
7738,0.775,5.21,0.06454935622317597,0.33648068669527903
7739,1.1775,5.1775,0.11975965665236053,0.6180257510729614
7740,0.83,5.20875,0.06912732474964235,0.35937052932761093
7741,0.75,5.18375,0.06253505007153076,0.32274678111587984
7742,0.7975,5.2025,0.06372532188841203,0.32961373390557946
7743,0.79,5.185,0.06583118741058656,0.3410586552217454
7744,0.8925,5.19625,0.07434620886981402,0.3868383404864092
7745,0.7075,5.20375,0.07141630901287555,0.37081545064377686
7746,0.685,5.18375,0.05704148783977111,0.2952789699570816
7747,0.88,5.20875,0.07333905579399143,0.38226037195994284
7748,0.6975,5.20375,0.07141630901287555,0.37081545064377686
7749,0.87,5.18375,0.057499284692417746,0.2952789699570816
7750,0.7225,5.20375,0.060246065808297576,0.3158798283261803
7751,0.885,5.185,0.056858369098712454,0.2952789699570816
7752,0.685,5.21375,0.07086695278969958,0.37081545064377686
7753,0.8675,5.2125,0.07233190271816882,0.3776824034334764
7754,0.76,5.20375,0.08441773962804007,0.4394849785407726
7755,0.74,5.20875,0.07562804005722461,0.3937052932761088
7756,0.73,5.1925,0.06079542203147354,0.3158798283261803
7757,0.81,5.1975,0.06711301859799715,0.34792560801144495
7758,0.89,5.18375,0.060246065808297576,0.3113018597997139
7759,0.885,5.19625,0.07370529327610874,0.38226037195994284
7760,0.72,5.20125,0.059971387696709594,0.3113018597997139
7761,0.835,5.19,0.0566752503576538,0.2929899856938484
7762,0.84,5.21125,0.07004291845493563,0.3639484978540773
7763,0.84,5.19875,0.07004291845493563,0.3639484978540773
7764,0.6875,5.20625,0.07233190271816882,0.37539341917024327
7765,0.69,5.1825,0.057499284692417746,0.2952789699570816
7766,0.8075,5.19625,0.0672961373390558,0.34792560801144495
7767,0.7125,5.2,0.06976824034334765,0.3639484978540773
7768,0.75,5.20875,0.06253505007153076,0.32732474964234626
7769,0.915,5.1725,0.0762689556509299,0.3937052932761088
7770,0.7275,5.20625,0.07745922746781117,0.40515021459227474
7771,0.865,5.21,0.07205722460658083,0.37539341917024327
7772,0.7475,5.17875,0.06226037195994278,0.32274678111587984
7773,0.93,5.17625,0.07059227467811159,0.3639484978540773
7774,0.8975,5.205,0.07480400572246067,0.3891273247496424
7775,0.6825,5.19375,0.056858369098712454,0.2952789699570816
7776,0.8325,5.19,0.05621745350500716,0.2929899856938484
7777,0.8775,5.21125,0.07315593705293277,0.38226037195994284
7778,0.6775,5.19,0.056492131616595144,0.2929899856938484
7779,0.8675,5.1825,0.059605150214592284,0.30672389127324756
7780,0.84,5.18875,0.056492131616595144,0.2929899856938484
7781,0.8475,5.20125,0.07059227467811159,0.36852646638054365
7782,0.705,5.2025,0.07086695278969958,0.36852646638054365
7783,0.8225,5.1925,0.05914735336194564,0.30672389127324756
7784,1.2225,5.18125,0.10190557939914165,0.528755364806867
7785,0.8775,5.185,0.0683032904148784,0.35250357653791137
7786,0.7375,5.2025,0.07544492131616595,0.3937052932761088
7787,0.8675,5.21,0.07233190271816882,0.37539341917024327
7788,0.815,5.1975,0.06125321888412018,0.3181688125894135
7789,0.915,5.17875,0.06793705293276109,0.35250357653791137
7790,0.815,5.21125,0.06793705293276109,0.35250357653791137
7791,0.7675,5.20125,0.05914735336194564,0.30672389127324756
7792,0.8175,5.18625,0.06189413447782547,0.32274678111587984
7793,0.74,5.205,0.061711015736766815,0.32274678111587984
7794,0.815,5.21375,0.06793705293276109,0.35250357653791137
7795,0.7575,5.205,0.059971387696709594,0.3113018597997139
7796,0.88,5.21,0.07333905579399143,0.38226037195994284
7797,0.8,5.195,0.0666552217453505,0.34563662374821175
7798,0.7,5.20375,0.07040915593705294,0.36852646638054365
7799,1.22,5.1725,0.10163090128755366,0.5241773962804006
7800,0.73,5.18375,0.06079542203147354,0.3158798283261803
7801,0.7775,5.20375,0.06436623748211731,0.3341917024320458
7802,0.775,5.1825,0.06454935622317597,0.3341917024320458
7803,0.9,5.20625,0.07498712446351932,0.3891273247496424
7804,0.86,5.185,0.06601430615164522,0.3410586552217454
7805,0.7975,5.21,0.06647210300429185,0.34563662374821175
7806,0.705,5.18125,0.05878111587982833,0.30443490701001436
7807,0.8375,5.18875,0.057499284692417746,0.29985693848354794
7808,0.8275,5.19625,0.0689442060085837,0.35937052932761093
7809,0.7975,5.20875,0.06647210300429185,0.34563662374821175
7810,0.745,5.205,0.06271816881258942,0.32732474964234626
7811,0.8025,5.1925,0.06683834048640916,0.34792560801144495
7812,0.72,5.2,0.059971387696709594,0.3113018597997139
7813,0.8225,5.1925,0.0576824034334764,0.29985693848354794
7814,1.0375,5.165,0.09686981402002862,0.4989985693848355
7815,0.7625,5.17875,0.06354220314735337,0.32961373390557946
7816,0.765,5.20375,0.0662889842632332,0.34563662374821175
7817,0.835,5.1925,0.061711015736766815,0.3181688125894135
7818,0.7825,5.18375,0.06519027181688127,0.33648068669527903
7819,0.8725,5.1825,0.06482403433476396,0.33648068669527903
7820,0.7025,5.2125,0.06519027181688127,0.3410586552217454
7821,0.78,5.19125,0.06500715307582261,0.33648068669527903
7822,0.7825,5.19375,0.06601430615164522,0.3410586552217454
7823,0.875,5.18125,0.057499284692417746,0.2952789699570816
7824,0.8725,5.21,0.07269814020028613,0.3776824034334764
7825,0.6825,5.21,0.056858369098712454,0.2952789699570816
7826,0.8475,5.18125,0.0576824034334764,0.29985693848354794
7827,0.81,5.21375,0.06747925608011446,0.35250357653791137
7828,0.695,5.1825,0.05795708154506438,0.29985693848354794
7829,1.2175,5.16,0.08103004291845495,0.41659513590844066
7830,0.925,5.2075,0.07709298998569386,0.4005722460658083
7831,0.7375,5.1975,0.06143633762517883,0.3181688125894135
7832,0.725,5.21125,0.07773390557939915,0.40515021459227474
7833,0.9175,5.20875,0.07645207439198856,0.3982832618025752
7834,0.9075,5.2075,0.07562804005722461,0.3937052932761088
7835,0.7075,5.2125,0.0666552217453505,0.34792560801144495
7836,0.7,5.1825,0.05832331902718169,0.30443490701001436
7837,0.84,5.2125,0.07004291845493563,0.3639484978540773
7838,0.7175,5.2075,0.06418311874105866,0.3341917024320458
7839,0.87,5.205,0.07251502145922747,0.3776824034334764
7840,0.6875,5.1825,0.05731616595135909,0.2952789699570816
7841,0.865,5.18125,0.05914735336194564,0.30672389127324756
7842,0.865,5.20875,0.07205722460658083,0.37539341917024327
7843,0.7075,5.1825,0.058964234620886985,0.30443490701001436
7844,1.4175,5.14375,0.10895565092989987,0.5585121602288985
7845,0.765,5.1925,0.07810014306151646,0.40515021459227474
7846,0.9775,5.2,0.08148783977110158,0.4234620886981402
7847,1.3775,5.15,0.09979971387696711,0.5127324749642347
7848,0.855,5.18375,0.0662889842632332,0.34563662374821175
7849,0.91,5.20625,0.07581115879828328,0.3937052932761088
7850,0.6775,5.2075,0.07333905579399143,0.38226037195994284
7851,0.87,5.18375,0.05704148783977111,0.2952789699570816
7852,0.87,5.20625,0.07251502145922747,0.3776824034334764
7853,0.7075,5.21125,0.0672961373390558,0.35250357653791137
7854,0.855,5.1825,0.06354220314735337,0.32961373390557946
7855,0.8475,5.2125,0.07059227467811159,0.36852646638054365
7856,0.74,5.2075,0.06290128755364807,0.32732474964234626
7857,0.7625,5.195,0.0683032904148784,0.3570815450643777
7858,0.7875,5.20875,0.06564806866952791,0.3410586552217454
7859,0.8925,5.17625,0.07434620886981402,0.3868383404864092
7860,0.75,5.2075,0.06775393419170243,0.35250357653791137
7861,0.7325,5.1775,0.06107010014306152,0.3158798283261803
7862,0.9275,5.20375,0.07727610872675252,0.4005722460658083
7863,0.765,5.19625,0.07370529327610874,0.38226037195994284
7864,1.0175,5.20625,0.08478397711015738,0.44177396280400577
7865,0.6875,5.18,0.05731616595135909,0.2952789699570816
7866,0.89,5.18375,0.05795708154506438,0.29985693848354794
7867,0.88,5.20625,0.07333905579399143,0.38226037195994284
7868,0.6775,5.1925,0.056492131616595144,0.2929899856938484
7869,0.8275,5.19125,0.060612303290414886,0.3158798283261803
7870,0.7775,5.19125,0.06482403433476396,0.33648068669527903
7871,0.705,5.1975,0.05878111587982833,0.30443490701001436
7872,0.865,5.185,0.0566752503576538,0.2929899856938484
7873,0.8375,5.2125,0.06976824034334765,0.3639484978540773
7874,0.8225,5.18375,0.06857796852646639,0.3570815450643777
7875,0.7925,5.1925,0.07040915593705294,0.3639484978540773
7876,0.86,5.21125,0.07169098712446352,0.37539341917024327
7877,0.755,5.18,0.06290128755364807,0.32732474964234626
7878,0.89,5.18625,0.059971387696709594,0.3113018597997139
7879,0.8875,5.1825,0.06454935622317597,0.3341917024320458
7880,0.86,5.21,0.07169098712446352,0.37539341917024327
7881,0.6875,5.21375,0.069585121602289,0.3639484978540773
7882,0.7575,5.19375,0.06564806866952791,0.3410586552217454
7883,0.6875,5.19625,0.05731616595135909,0.2952789699570816
7884,0.83,5.19375,0.0566752503576538,0.2929899856938484
7885,0.75,5.195,0.06683834048640916,0.34792560801144495
7886,0.715,5.2025,0.059605150214592284,0.3113018597997139
7887,0.865,5.1825,0.05731616595135909,0.2952789699570816
7888,0.7025,5.2125,0.06583118741058656,0.3410586552217454
7889,0.875,5.185,0.07288125894134478,0.3776824034334764
7890,0.85,5.19,0.07086695278969958,0.3113018597997139
7891,0.9025,5.1775,0.06143633762517883,0.3181688125894135
7892,0.905,5.2,0.07544492131616595,0.3937052932761088
7893,0.905,5.20375,0.07544492131616595,0.3937052932761088
7894,0.8575,5.18625,0.06683834048640916,0.34563662374821175
7895,0.76,5.1875,0.06335908440629472,0.32961373390557946
7896,0.75,5.21,0.06253505007153076,0.32732474964234626
7897,0.7525,5.205,0.06143633762517883,0.3181688125894135
7898,0.7575,5.1875,0.06308440629470673,0.32732474964234626
7899,0.7525,5.21,0.06271816881258942,0.32732474964234626
7900,0.8325,5.18625,0.0566752503576538,0.2929899856938484
7901,0.885,5.2075,0.07370529327610874,0.38226037195994284
7902,0.7,5.18125,0.05832331902718169,0.30443490701001436
7903,0.8475,5.18375,0.0662889842632332,0.34563662374821175
7904,0.89,5.20125,0.07416309012875537,0.3868383404864092
7905,0.7225,5.1875,0.060246065808297576,0.3113018597997139
7906,0.7575,5.205,0.07837482117310444,0.4097281831187411
7907,0.7825,5.205,0.06519027181688127,0.33648068669527903
7908,0.72,5.18375,0.059971387696709594,0.3113018597997139
7909,0.765,5.2025,0.07397997138769671,0.3868383404864092
7910,0.875,5.18625,0.059330472103004295,0.30672389127324756
7911,0.8625,5.20125,0.07187410586552218,0.37539341917024327
7912,0.6775,5.2075,0.07370529327610874,0.38226037195994284
7913,0.82,5.19,0.0566752503576538,0.2929899856938484
7914,0.855,5.20125,0.07123319027181689,0.37081545064377686
7915,0.6825,5.21375,0.07269814020028613,0.3776824034334764
7916,0.715,5.21125,0.0662889842632332,0.34563662374821175
7917,0.81,5.19625,0.06747925608011446,0.34792560801144495
7918,0.7175,5.2,0.06940200286123034,0.35937052932761093
7919,0.845,5.19375,0.08002288984263234,0.41659513590844066
7920,0.7175,5.185,0.05978826895565094,0.3113018597997139
7921,0.805,5.2,0.06335908440629472,0.32961373390557946
7922,0.91,5.18,0.061711015736766815,0.3181688125894135
7923,1.1225,5.17625,0.09357367668097283,0.4829756795422032
7924,0.795,5.20375,0.0662889842632332,0.34563662374821175
7925,0.7225,5.21,0.07462088698140201,0.3891273247496424
7926,0.7275,5.19125,0.060612303290414886,0.3158798283261803
7927,0.7725,5.18125,0.06436623748211731,0.3341917024320458
7928,0.9,5.18125,0.059971387696709594,0.3113018597997139
7929,0.915,5.205,0.0762689556509299,0.3982832618025752
7930,0.68,5.19125,0.0566752503576538,0.2929899856938484
7931,0.865,5.18375,0.056858369098712454,0.2952789699570816
7932,0.86,5.21375,0.07169098712446352,0.37539341917024327
7933,0.7575,5.19,0.06308440629470673,0.32732474964234626
7934,0.8125,5.2,0.0901859799713877,0.46924177396280403
7935,0.8175,5.20625,0.06812017167381974,0.3570815450643777
7936,0.73,5.1775,0.06079542203147354,0.3158798283261803
7937,0.8575,5.18875,0.05914735336194564,0.30672389127324756
7938,0.8675,5.19375,0.07233190271816882,0.37539341917024327
7939,0.875,5.21,0.07288125894134478,0.3776824034334764
7940,0.675,5.21125,0.07233190271816882,0.3776824034334764
7941,0.7175,5.18375,0.05978826895565094,0.3113018597997139
7942,0.6775,5.1925,0.056492131616595144,0.2929899856938484
7943,0.82,5.18875,0.06308440629470673,0.32732474964234626
7944,0.79,5.19625,0.056492131616595144,0.2929899856938484
7945,0.78,5.18875,0.06500715307582261,0.33648068669527903
7946,0.77,5.195,0.06583118741058656,0.3410586552217454
7947,0.7575,5.2025,0.059330472103004295,0.30672389127324756
7948,0.8625,5.205,0.07187410586552218,0.37539341917024327
7949,0.74,5.20375,0.08377682403433477,0.4349070100143062
7950,0.7425,5.19875,0.07498712446351932,0.3891273247496424
7951,0.8675,5.21,0.07233190271816882,0.37539341917024327
7952,0.715,5.21,0.07562804005722461,0.3937052932761088
7953,0.76,5.20625,0.06747925608011446,0.35250357653791137
7954,0.7125,5.19,0.059330472103004295,0.30672389127324756
7955,0.8675,5.1825,0.07233190271816882,0.30672389127324756
7956,0.6775,5.20875,0.07123319027181689,0.37081545064377686
7957,0.715,5.20125,0.059605150214592284,0.3113018597997139
7958,0.8625,5.2025,0.07187410586552218,0.37539341917024327
7959,0.68,5.21125,0.07059227467811159,0.36852646638054365
7960,0.68,5.185,0.0566752503576538,0.2929899856938484
7961,0.8775,5.20875,0.07315593705293277,0.38226037195994284
7962,0.76,5.2025,0.059605150214592284,0.3113018597997139
7963,0.87,5.205,0.07251502145922747,0.3776824034334764
7964,0.765,5.17,0.06372532188841203,0.32961373390557946
7965,0.7725,5.20375,0.06500715307582261,0.33648068669527903
7966,0.8075,5.185,0.0672961373390558,0.34792560801144495
7967,0.91,5.205,0.07581115879828328,0.3937052932761088
7968,0.8,5.1925,0.07086695278969958,0.36852646638054365
7969,0.79,5.205,0.06583118741058656,0.3410586552217454
7970,0.6825,5.18375,0.056858369098712454,0.2952789699570816
7971,0.8725,5.1825,0.05850643776824035,0.30443490701001436
7972,0.8725,5.21,0.07269814020028613,0.3776824034334764
7973,0.7275,5.18375,0.060612303290414886,0.3158798283261803
7974,0.8525,5.18125,0.06564806866952791,0.3410586552217454
7975,0.765,5.21,0.06372532188841203,0.3341917024320458
7976,0.75,5.18875,0.06253505007153076,0.32732474964234626
7977,0.6975,5.2125,0.06793705293276109,0.35250357653791137
7978,0.865,5.18125,0.058964234620886985,0.30443490701001436
7979,0.9175,5.2,0.07645207439198856,0.3982832618025752
7980,0.8925,5.18125,0.06436623748211731,0.3341917024320458
7981,0.7625,5.1975,0.07086695278969958,0.36852646638054365
7982,0.7775,5.205,0.06482403433476396,0.33648068669527903
7983,0.725,5.21125,0.07059227467811159,0.36852646638054365
7984,0.8325,5.195,0.060612303290414886,0.3158798283261803
7985,0.84,5.2025,0.07004291845493563,0.3639484978540773
7986,0.685,5.2125,0.07187410586552218,0.37539341917024327
7987,0.76,5.195,0.0672961373390558,0.34792560801144495
7988,0.6775,5.185,0.056492131616595144,0.2929899856938484
7989,0.83,5.19,0.06912732474964235,0.35937052932761093
7990,0.7525,5.195,0.06647210300429185,0.34563662374821175
7991,0.705,5.20125,0.05878111587982833,0.30672389127324756
7992,0.8025,5.19625,0.06683834048640916,0.34792560801144495
7993,0.6825,5.2075,0.07123319027181689,0.37081545064377686
7994,0.78,5.18,0.06500715307582261,0.33648068669527903
7995,0.765,5.18,0.06372532188841203,0.32961373390557946
7996,0.8325,5.1875,0.06747925608011446,0.34792560801144495
7997,0.9075,5.21125,0.07562804005722461,0.3937052932761088
7998,0.7375,5.195,0.06143633762517883,0.3181688125894135
7999,0.8175,5.195,0.06143633762517883,0.3181688125894135
8000,0.7525,5.19,0.06271816881258942,0.32732474964234626
8001,0.685,5.195,0.05704148783977111,0.2952789699570816
8002,0.8675,5.18125,0.05914735336194564,0.30672389127324756
8003,0.79,5.21125,0.06583118741058656,0.3410586552217454
8004,0.7875,5.195,0.06564806866952791,0.3410586552217454
8005,0.68,5.21125,0.07187410586552218,0.37539341917024327
8006,0.745,5.20375,0.062077253218884125,0.32274678111587984
8007,0.8475,5.20125,0.07059227467811159,0.36852646638054365
8008,0.6725,5.20875,0.07251502145922747,0.3776824034334764
8009,0.785,5.195,0.07059227467811159,0.36852646638054365
8010,0.9075,5.205,0.07562804005722461,0.3937052932761088
8011,0.845,5.18625,0.06500715307582261,0.33648068669527903
8012,0.735,5.20875,0.07288125894134478,0.3776824034334764
8013,0.7325,5.19125,0.06107010014306152,0.3181688125894135
8014,0.8175,5.19875,0.06143633762517883,0.3181688125894135
8015,0.72,5.2,0.0689442060085837,0.35937052932761093
8016,0.89,5.21375,0.07416309012875537,0.3868383404864092
8017,0.76,5.2025,0.05878111587982833,0.30672389127324756
8018,0.865,5.1825,0.05914735336194564,0.30672389127324756
8019,0.83,5.21375,0.06912732474964235,0.35937052932761093
8020,0.7,5.21125,0.05832331902718169,0.3410586552217454
8021,0.7775,5.19125,0.06601430615164522,0.3410586552217454
8022,0.6725,5.18875,0.05603433476394851,0.2929899856938484
8023,0.88,5.2075,0.07333905579399143,0.38226037195994284
8024,0.73,5.21,0.0689442060085837,0.35937052932761093
8025,0.855,5.21,0.07123319027181689,0.37081545064377686
8026,0.855,5.21,0.07123319027181689,0.37081545064377686
8027,0.7175,5.21,0.07480400572246067,0.3891273247496424
8028,0.7625,5.20125,0.06354220314735337,0.32961373390557946
8029,0.7325,5.1775,0.06107010014306152,0.3158798283261803
8030,0.7,5.2025,0.07059227467811159,0.36852646638054365
8031,0.685,5.18125,0.05704148783977111,0.2952789699570816
8032,0.815,5.2125,0.06793705293276109,0.35250357653791137
8033,0.7625,5.2025,0.05878111587982833,0.30672389127324756
8034,0.75,5.1875,0.06253505007153076,0.32732474964234626
8035,0.7075,5.20125,0.058964234620886985,0.30672389127324756
8036,0.7875,5.19875,0.06775393419170243,0.35250357653791137
8037,0.685,5.1825,0.05704148783977111,0.2952789699570816
8038,0.8325,5.2125,0.06940200286123034,0.35937052932761093
8039,0.705,5.2075,0.07352217453505008,0.38226037195994284
8040,0.875,5.20875,0.07288125894134478,0.3776824034334764
8041,0.775,5.20375,0.06454935622317597,0.33648068669527903
8042,0.74,5.20875,0.06876108726752504,0.35937052932761093
8043,0.9075,5.18,0.059971387696709594,0.3113018597997139
8044,0.8525,5.19125,0.07105007153075824,0.36852646638054365
8045,1.14,5.18125,0.10767381974248928,0.5585121602288985
8046,0.885,5.18,0.05814020028612304,0.29985693848354794
8047,0.705,5.2,0.05878111587982833,0.30672389127324756
8048,0.8275,5.18875,0.05621745350500716,0.2929899856938484
8049,0.69,5.2125,0.06940200286123034,0.35937052932761093
8050,0.7125,5.18125,0.059330472103004295,0.30672389127324756
8051,0.8275,5.18625,0.06271816881258942,0.32732474964234626
8052,0.77,5.2025,0.05914735336194564,0.30672389127324756
8053,0.8425,5.21375,0.07022603719599428,0.36852646638054365
8054,0.7575,5.2125,0.06308440629470673,0.32732474964234626
8055,0.755,5.20625,0.06711301859799715,0.34792560801144495
8056,0.7175,5.1825,0.05978826895565094,0.3113018597997139
8057,0.9225,5.20625,0.0769098712446352,0.4005722460658083
8058,0.805,5.19,0.07086695278969958,0.36852646638054365
8059,0.85,5.20875,0.07086695278969958,0.36852646638054365
8060,0.7,5.1825,0.05832331902718169,0.30443490701001436
8061,0.7775,5.19375,0.06601430615164522,0.3410586552217454
8062,0.685,5.18375,0.05704148783977111,0.2952789699570816
8063,0.705,5.2,0.05878111587982833,0.30672389127324756
8064,0.84,5.1875,0.05621745350500716,0.2929899856938484
8065,0.82,5.2075,0.0683032904148784,0.3570815450643777
8066,0.75,5.1875,0.06253505007153076,0.32732474964234626
8067,0.81,5.1875,0.06189413447782547,0.32274678111587984
8068,0.69,5.18,0.057499284692417746,0.2952789699570816
8069,0.815,5.20875,0.06793705293276109,0.35250357653791137
8070,0.7475,5.19875,0.08066380543633764,0.421173104434907
8071,0.86,5.21,0.07169098712446352,0.37539341917024327
8072,0.7675,5.20125,0.064,0.3341917024320458
8073,0.735,5.21,0.07169098712446352,0.37539341917024327
8074,0.905,5.18,0.060246065808297576,0.3113018597997139
8075,0.7975,5.195,0.06647210300429185,0.34563662374821175
8076,0.74,5.19875,0.07004291845493563,0.3639484978540773
8077,0.695,5.21375,0.06857796852646639,0.3570815450643777
8078,0.84,5.2,0.07004291845493563,0.3639484978540773
8079,0.6775,5.21125,0.07370529327610874,0.38226037195994284
8080,0.875,5.1825,0.05731616595135909,0.2952789699570816
8081,0.87,5.21125,0.07251502145922747,0.3776824034334764
8082,0.7225,5.2075,0.06253505007153076,0.32732474964234626
8083,0.735,5.1975,0.06876108726752504,0.3570815450643777
8084,0.69,5.19875,0.057499284692417746,0.29985693848354794
8085,0.7425,5.21,0.07141630901287555,0.37081545064377686
8086,0.87,5.1875,0.059605150214592284,0.30672389127324756
8087,0.8875,5.19875,0.07397997138769671,0.3868383404864092
8088,0.9025,5.2075,0.07517024320457798,0.3891273247496424
8089,0.7425,5.20125,0.07462088698140201,0.3868383404864092
8090,0.8075,5.2125,0.0672961373390558,0.35250357653791137
8091,0.7125,5.1825,0.059330472103004295,0.30672389127324756
8092,0.87,5.1825,0.064,0.32961373390557946
8093,0.8575,5.21375,0.07141630901287555,0.37081545064377686
8094,0.735,5.185,0.06125321888412018,0.3181688125894135
8095,0.6775,5.20625,0.07251502145922747,0.3776824034334764
8096,0.7325,5.185,0.06107010014306152,0.3158798283261803
8097,0.8325,5.2125,0.06940200286123034,0.35937052932761093
8098,0.7125,5.20875,0.064,0.3341917024320458
8099,0.8275,5.19875,0.0689442060085837,0.35937052932761093
8100,0.79,5.18375,0.06583118741058656,0.3410586552217454
8101,0.91,5.18,0.06189413447782547,0.3181688125894135
8102,0.9125,5.1975,0.07608583690987125,0.3937052932761088
8103,0.88,5.2125,0.07333905579399143,0.38226037195994284
8104,0.735,5.20125,0.07462088698140201,0.3868383404864092
8105,0.82,5.2125,0.0683032904148784,0.3570815450643777
8106,0.735,5.185,0.06125321888412018,0.3181688125894135
8107,0.8725,5.18,0.06308440629470673,0.32732474964234626
8108,0.6775,5.21125,0.07169098712446352,0.37539341917024327
8109,0.725,5.185,0.06042918454935623,0.3158798283261803
8110,0.7675,5.195,0.07040915593705294,0.36852646638054365
8111,0.7225,5.20875,0.06335908440629472,0.32961373390557946
8112,0.8175,5.19875,0.06812017167381974,0.35250357653791137
8113,0.7025,5.2025,0.06912732474964235,0.35937052932761093
8114,0.86,5.1825,0.0566752503576538,0.2929899856938484
8115,0.875,5.20875,0.07288125894134478,0.3776824034334764
8116,1.3725,5.14625,0.11481545064377684,0.5928469241773964
8117,0.9075,5.17875,0.0672961373390558,0.34792560801144495
8118,0.8925,5.19875,0.07434620886981402,0.3868383404864092
8119,0.875,5.18375,0.07288125894134478,0.33648068669527903
8120,1.1575,5.1775,0.10620886981402004,0.5516452074391989
8121,0.6925,5.1825,0.0576824034334764,0.29985693848354794
8122,0.8725,5.20875,0.07269814020028613,0.3776824034334764
8123,0.7125,5.20875,0.06418311874105866,0.3341917024320458
8124,0.7425,5.185,0.06189413447782547,0.32274678111587984
8125,0.6825,5.18625,0.056858369098712454,0.2952789699570816
8126,0.8125,5.1925,0.0566752503576538,0.2929899856938484
8127,0.8825,5.21,0.07352217453505008,0.38226037195994284
8128,0.705,5.1825,0.05878111587982833,0.30443490701001436
8129,0.795,5.19,0.06436623748211731,0.3341917024320458
8130,0.9325,5.21,0.07773390557939915,0.40515021459227474
8131,0.7175,5.18375,0.05978826895565094,0.3113018597997139
8132,0.73,5.21125,0.07810014306151646,0.4097281831187411
8133,0.73,5.195,0.06079542203147354,0.3158798283261803
8134,0.7475,5.18,0.06226037195994278,0.32274678111587984
8135,1.1475,5.17875,0.11087839771101575,0.5745350500715308
8136,0.73,5.20625,0.06079542203147354,0.3158798283261803
8137,0.8625,5.20375,0.07187410586552218,0.37539341917024327
8138,0.7325,5.19625,0.06747925608011446,0.34792560801144495
8139,0.77,5.2,0.06583118741058656,0.3410586552217454
8140,0.8725,5.21375,0.07269814020028613,0.3776824034334764
8141,0.765,5.2025,0.059605150214592284,0.3113018597997139
8142,0.6775,5.21,0.07233190271816882,0.37539341917024327
8143,0.685,5.18125,0.05704148783977111,0.2952789699570816
8144,0.73,5.19875,0.0689442060085837,0.35937052932761093
8145,0.7425,5.20125,0.07462088698140201,0.3868383404864092
8146,0.84,5.21,0.07004291845493563,0.3639484978540773
8147,0.735,5.2025,0.07562804005722461,0.3937052932761088
8148,0.755,5.2075,0.06647210300429185,0.34563662374821175
8149,0.715,5.1875,0.059605150214592284,0.30672389127324756
8150,0.8025,5.19375,0.06079542203147354,0.3158798283261803
8151,0.69,5.21375,0.07022603719599428,0.36852646638054365
8152,0.72,5.18375,0.059971387696709594,0.3113018597997139
8153,0.6725,5.18875,0.05603433476394851,0.2929899856938484
8154,0.8525,5.18375,0.06079542203147354,0.3158798283261803
8155,0.83,5.21375,0.06912732474964235,0.35937052932761093
8156,0.785,5.1925,0.06537339055793992,0.3410586552217454
8157,0.71,5.2,0.06940200286123034,0.35937052932761093
8158,0.72,5.18375,0.059971387696709594,0.3113018597997139
8159,0.7275,5.20375,0.060612303290414886,0.3158798283261803
8160,0.8125,5.21,0.07315593705293277,0.38226037195994284
8161,0.85,5.21,0.07086695278969958,0.36852646638054365
8162,0.7125,5.18625,0.059330472103004295,0.30672389127324756
8163,0.825,5.19625,0.06079542203147354,0.3158798283261803
8164,0.8125,5.18625,0.06775393419170243,0.35250357653791137
8165,0.855,5.21375,0.07123319027181689,0.37081545064377686
8166,0.71,5.20875,0.07544492131616595,0.3937052932761088
8167,0.7425,5.2075,0.06189413447782547,0.32274678111587984
8168,0.735,5.185,0.06125321888412018,0.3181688125894135
8169,0.7,5.2025,0.07141630901287555,0.37081545064377686
8170,0.7125,5.2025,0.059330472103004295,0.30672389127324756
8171,0.8325,5.2125,0.06940200286123034,0.35937052932761093
8172,0.705,5.21125,0.06519027181688127,0.3410586552217454
8173,0.81,5.19,0.0672961373390558,0.34792560801144495
8174,0.74,5.20625,0.061711015736766815,0.32274678111587984
8175,0.7875,5.195,0.07187410586552218,0.37539341917024327
8176,0.7325,5.21,0.07105007153075824,0.37081545064377686
8177,0.73,5.19375,0.06079542203147354,0.3158798283261803
8178,0.735,5.21,0.07059227467811159,0.36852646638054365
8179,0.875,5.1825,0.05978826895565094,0.3113018597997139
8180,0.8425,5.2025,0.07022603719599428,0.3639484978540773
8181,0.6875,5.21375,0.06976824034334765,0.3639484978540773
8182,0.8725,5.18125,0.06308440629470673,0.32732474964234626
8183,0.7,5.1975,0.05832331902718169,0.30443490701001436
8184,0.8625,5.18125,0.07187410586552218,0.30443490701001436
8185,0.7425,5.20375,0.060612303290414886,0.3158798283261803
8186,0.865,5.205,0.07205722460658083,0.37539341917024327
8187,0.685,5.185,0.05704148783977111,0.2952789699570816
8188,0.795,5.19375,0.05621745350500716,0.2929899856938484
8189,0.8325,5.19875,0.06940200286123034,0.35937052932761093
8190,0.825,5.18,0.06876108726752504,0.3570815450643777
8191,0.8975,5.1825,0.059605150214592284,0.30672389127324756
8192,0.8325,5.19125,0.06940200286123034,0.35937052932761093
8193,0.8925,5.21125,0.07434620886981402,0.3868383404864092
8194,0.72,5.20875,0.07480400572246067,0.3891273247496424
8195,0.695,5.18125,0.05795708154506438,0.29985693848354794
8196,0.86,5.21,0.07169098712446352,0.37539341917024327
8197,0.695,5.2125,0.06775393419170243,0.35250357653791137
8198,0.78,5.18125,0.06500715307582261,0.33648068669527903
8199,0.8625,5.2125,0.07187410586552218,0.37539341917024327
8200,0.7675,5.20125,0.058964234620886985,0.30672389127324756
8201,0.795,5.19375,0.0662889842632332,0.34563662374821175
8202,0.8025,5.2125,0.06683834048640916,0.34792560801144495
8203,0.7475,5.205,0.05978826895565094,0.3113018597997139
8204,0.8125,5.19625,0.06775393419170243,0.35250357653791137
8205,0.94,5.19875,0.07837482117310444,0.4097281831187411
8206,0.8525,5.185,0.06683834048640916,0.34563662374821175
8207,2.525,5.08,0.21003719599427756,1.0689556509299
8208,1.915,5.13,0.15958798283261805,0.817167381974249
8209,4.595,4.9425,0.38226037195994284,1.8907010014306151
8210,5.05,4.91,0.4224549356223176,2.073819742489271
8211,5.065,4.91,0.42208869814020034,2.073819742489271
8212,5.095,4.90625,0.42437768240343354,2.08068669527897
8213,5.1075,4.9075,0.4256595135908441,2.089842632331903
8214,5.1125,4.90375,0.4260257510729614,2.089842632331903
8215,5.0975,4.90625,0.4250185979971388,2.0852646638054364
8216,5.0925,4.905,0.42648354792560805,2.0921316165951365
8217,5.1,4.90625,0.4250185979971388,2.0852646638054364
8218,5.1225,4.90625,0.4268497854077254,2.0921316165951365
8219,5.125,4.90625,0.4256595135908441,2.089842632331903
8220,5.1375,4.90375,0.42813161659513593,2.101287553648069
8221,5.13,4.9025,0.42749070100143066,2.0967095851216024
8222,5.13,4.905,0.4295965665236052,2.1081545064377685
8223,5.1425,4.90375,0.42849785407725327,2.101287553648069
8224,5.145,4.90375,0.42877253218884126,2.103576537911302
8225,5.1425,4.9025,0.42831473533619463,2.101287553648069
8226,5.1625,4.90125,0.4302374821173105,2.1081545064377685
8227,5.15,4.90375,0.42913876967095854,2.103576537911302
8228,5.1275,4.905,0.4279484978540773,2.101287553648069
8229,5.16,4.9025,0.4299628040057225,2.1081545064377685
8230,5.145,4.90375,0.42877253218884126,2.103576537911302
8231,5.14,4.9025,0.43042060085836914,2.1104434907010017
8232,5.1475,4.9025,0.4289556509298999,2.103576537911302
8233,5.13,4.9025,0.42749070100143066,2.0967095851216024
8234,5.1675,4.905,0.427307582260372,2.0967095851216024
8235,5.1375,4.90375,0.42813161659513593,2.101287553648069
8236,5.1475,4.90375,0.4289556509298999,2.103576537911302
8237,5.1525,4.905,0.42849785407725327,2.101287553648069
8238,5.1575,4.90375,0.4295965665236052,2.1081545064377685
8239,5.105,4.9025,0.4253848354792561,2.0852646638054364
8240,5.155,4.90375,0.42913876967095854,2.103576537911302
8241,5.1425,4.90375,0.43087839771101577,2.1104434907010017
8242,5.1525,4.905,0.42941344778254653,2.1081545064377685
8243,5.1675,4.9025,0.42941344778254653,2.103576537911302
8244,5.135,4.90375,0.4289556509298999,2.103576537911302
8245,5.1675,4.9025,0.4306037195994278,2.1104434907010017
8246,5.1375,4.90375,0.42941344778254653,2.103576537911302
8247,5.1275,4.90375,0.4289556509298999,2.103576537911302
8248,5.1625,4.90375,0.4302374821173105,2.1104434907010017
8249,5.15,4.90125,0.42913876967095854,2.103576537911302
8250,5.15,4.90375,0.4279484978540773,2.101287553648069
8251,5.17,4.9025,0.43087839771101577,2.1104434907010017
8252,5.13,4.905,0.42749070100143066,2.0967095851216024
8253,5.155,4.90375,0.42749070100143066,2.0967095851216024
8254,5.1475,4.9025,0.4289556509298999,2.103576537911302
8255,5.1425,4.9025,0.42849785407725327,2.101287553648069
8256,5.135,4.9025,0.4289556509298999,2.103576537911302
8257,5.1375,4.90125,0.42813161659513593,2.101287553648069
8258,5.17,4.905,0.43087839771101577,2.115021459227468
8259,5.145,4.90375,0.42941344778254653,2.103576537911302
8260,5.1475,4.90375,0.4289556509298999,2.103576537911302
8261,5.1475,4.90375,0.4289556509298999,2.103576537911302
8262,5.155,4.9025,0.42831473533619463,2.101287553648069
8263,5.145,4.90375,0.42877253218884126,2.103576537911302
8264,5.1525,4.90375,0.42941344778254653,2.103576537911302
8265,5.14,4.90375,0.42813161659513593,2.101287553648069
8266,5.1675,4.9025,0.4306037195994278,2.1104434907010017
8267,5.145,4.905,0.42877253218884126,2.103576537911302
8268,5.17,4.90125,0.4289556509298999,2.103576537911302
8269,5.14,4.90375,0.42831473533619463,2.101287553648069
8270,5.145,4.90125,0.42877253218884126,2.101287553648069
8271,5.17,4.90125,0.42941344778254653,2.103576537911302
8272,5.145,4.90375,0.42913876967095854,2.103576537911302
8273,5.16,4.9025,0.4299628040057225,2.1081545064377685
8274,5.145,4.9025,0.4295965665236052,2.1081545064377685
8275,5.16,4.9025,0.42831473533619463,2.101287553648069
8276,5.145,4.90375,0.42877253218884126,2.103576537911302
8277,5.165,4.90375,0.4295965665236052,2.1081545064377685
8278,5.1675,4.90125,0.4295965665236052,2.103576537911302
8279,5.155,4.90375,0.4295965665236052,2.1081545064377685
8280,5.175,4.9025,0.4302374821173105,2.1081545064377685
8281,5.1525,4.90375,0.42749070100143066,2.0967095851216024
8282,5.1475,4.9025,0.4289556509298999,2.103576537911302
8283,5.18,4.9025,0.43170243204577974,2.1081545064377685
8284,5.155,4.90125,0.43042060085836914,2.1104434907010017
8285,5.145,4.9025,0.42877253218884126,2.103576537911302
8286,5.155,4.90125,0.4295965665236052,2.103576537911302
8287,5.1725,4.9025,0.4289556509298999,2.103576537911302
8288,5.1475,4.9025,0.4289556509298999,2.103576537911302
8289,5.165,4.9025,0.43042060085836914,2.1104434907010017
8290,5.1525,4.9025,0.4310615164520744,2.115021459227468
8291,5.16,4.90125,0.4299628040057225,2.1081545064377685
8292,5.13,4.9025,0.42749070100143066,2.0967095851216024
8293,5.165,4.9025,0.42977968526466387,2.1081545064377685
8294,5.1525,4.905,0.42941344778254653,2.1081545064377685
8295,5.1675,4.90125,0.4306037195994278,2.1104434907010017
8296,5.17,4.9025,0.42877253218884126,2.103576537911302
8297,5.1425,4.90375,0.42849785407725327,2.101287553648069
8298,5.15,4.90125,0.42913876967095854,2.103576537911302
8299,5.1775,4.9025,0.4295965665236052,2.1081545064377685
8300,5.165,4.90125,0.43042060085836914,2.1104434907010017
8301,5.1875,4.90125,0.4322517882689557,2.1195994277539345
8302,5.16,4.9025,0.4295965665236052,2.1081545064377685
8303,5.16,4.90125,0.4299628040057225,2.1081545064377685
8304,5.1575,4.9025,0.42977968526466387,2.1081545064377685
8305,5.17,4.90375,0.42977968526466387,2.1081545064377685
8306,5.1825,4.90125,0.42913876967095854,2.103576537911302
8307,5.1675,4.9025,0.4306037195994278,2.1104434907010017
8308,5.14,4.9025,0.42913876967095854,2.103576537911302
8309,5.1675,4.9025,0.4306037195994278,2.1104434907010017
8310,5.1625,4.90125,0.4302374821173105,2.1081545064377685
8311,5.1675,4.90125,0.43087839771101577,2.1104434907010017
8312,5.155,4.9025,0.42977968526466387,2.1081545064377685
8313,5.165,4.9025,0.43042060085836914,2.1104434907010017
8314,5.165,4.90125,0.4271244635193133,2.0921316165951365
8315,5.155,4.90125,0.4279484978540773,2.0967095851216024
8316,5.1425,4.9025,0.42849785407725327,2.101287553648069
8317,5.1575,4.9025,0.42977968526466387,2.1081545064377685
8318,5.16,4.90125,0.4302374821173105,2.1081545064377685
8319,5.155,4.9025,0.4295965665236052,2.1081545064377685
8320,5.1425,4.9025,0.42849785407725327,2.101287553648069
8321,5.1475,4.9025,0.43042060085836914,2.1104434907010017
8322,5.155,4.90375,0.4295965665236052,2.1081545064377685
8323,5.15,4.90125,0.42913876967095854,2.103576537911302
8324,5.175,4.90375,0.4295965665236052,2.1081545064377685
8325,5.1675,4.9025,0.4306037195994278,2.1104434907010017
8326,5.15,4.9025,0.42913876967095854,2.103576537911302
8327,5.1425,4.90125,0.43042060085836914,2.1104434907010017
8328,5.1375,4.9025,0.42813161659513593,2.101287553648069
8329,5.165,4.9025,0.43042060085836914,2.1104434907010017
8330,5.165,4.9025,0.4295965665236052,2.1081545064377685
8331,5.155,4.9025,0.4295965665236052,2.1081545064377685
8332,5.16,4.9025,0.4299628040057225,2.1081545064377685
8333,5.1675,4.9025,0.43042060085836914,2.1104434907010017
8334,5.1675,4.9025,0.4306037195994278,2.1104434907010017
8335,5.18,4.9025,0.43170243204577974,2.115021459227468
8336,5.16,4.90125,0.4302374821173105,2.1081545064377685
8337,5.16,4.9025,0.4312446351931331,2.115021459227468
8338,5.145,4.90125,0.42877253218884126,2.101287553648069
8339,5.1525,4.9025,0.43142775393419175,2.115021459227468
8340,5.16,4.90375,0.42913876967095854,2.103576537911302
8341,5.155,4.9025,0.4295965665236052,2.1081545064377685
8342,5.165,4.90125,0.42977968526466387,2.1081545064377685
8343,5.1725,4.9025,0.4310615164520744,2.115021459227468
8344,5.175,4.9025,0.4312446351931331,2.115021459227468
8345,5.17,4.90375,0.4312446351931331,2.115021459227468
8346,5.1625,4.9025,0.43087839771101577,2.1104434907010017
8347,5.1575,4.9025,0.42977968526466387,2.1081545064377685
8348,5.155,4.9025,0.4295965665236052,2.1195994277539345
8349,5.155,4.9025,0.42941344778254653,2.103576537911302
8350,5.175,4.9025,0.4312446351931331,2.115021459227468
8351,5.17,4.90125,0.43087839771101577,2.1104434907010017
8352,5.1575,4.90125,0.42941344778254653,2.103576537911302
8353,5.165,4.9025,0.43042060085836914,2.1104434907010017
8354,5.1675,4.9025,0.4306037195994278,2.1104434907010017
8355,5.155,4.90375,0.4302374821173105,2.1104434907010017
8356,5.1575,4.90375,0.42977968526466387,2.1081545064377685
8357,5.1675,4.90375,0.4306037195994278,2.1104434907010017
8358,5.17,4.9025,0.4302374821173105,2.1081545064377685
8359,5.15,4.90125,0.42913876967095854,2.103576537911302
8360,5.1575,4.90375,0.42977968526466387,2.1081545064377685
8361,5.1575,4.9025,0.42877253218884126,2.103576537911302
8362,5.1625,4.9025,0.4302374821173105,2.1081545064377685
8363,5.1525,4.9025,0.42941344778254653,2.103576537911302
8364,5.17,4.90375,0.43042060085836914,2.1104434907010017
8365,5.1475,4.90375,0.4289556509298999,2.103576537911302
8366,5.16,4.90375,0.4299628040057225,2.1081545064377685
8367,5.17,4.90125,0.43087839771101577,2.1104434907010017
8368,5.1575,4.90375,0.42977968526466387,2.1081545064377685
8369,5.17,4.9025,0.43087839771101577,2.1104434907010017
8370,5.1575,4.90125,0.43087839771101577,2.1104434907010017
8371,5.1625,4.90125,0.43170243204577974,2.115021459227468
8372,5.165,4.9025,0.43042060085836914,2.1104434907010017
8373,5.1675,4.9,0.4302374821173105,2.1081545064377685
8374,5.17,4.9025,0.4299628040057225,2.1081545064377685
8375,5.1625,4.9025,0.4302374821173105,2.1081545064377685
8376,5.155,4.9025,0.4299628040057225,2.1081545064377685
8377,5.1625,4.90125,0.4299628040057225,2.1081545064377685
8378,5.1775,4.90125,0.43142775393419175,2.115021459227468
8379,5.15,4.9025,0.4299628040057225,2.1081545064377685
8380,5.1475,4.90125,0.42977968526466387,2.1081545064377685
8381,5.16,4.90125,0.4299628040057225,2.1081545064377685
8382,5.165,4.90375,0.43042060085836914,2.1104434907010017
8383,5.16,4.9025,0.42977968526466387,2.1081545064377685
8384,5.1525,4.9025,0.42941344778254653,2.103576537911302
8385,5.165,4.9025,0.43042060085836914,2.1104434907010017
8386,5.165,4.9025,0.42977968526466387,2.1081545064377685
8387,5.16,4.90375,0.4299628040057225,2.1081545064377685
8388,5.165,4.9025,0.43042060085836914,2.1104434907010017
8389,5.17,4.90375,0.42913876967095854,2.103576537911302
8390,5.1675,4.90125,0.4306037195994278,2.1104434907010017
8391,5.1525,4.9,0.42941344778254653,2.103576537911302
8392,5.15,4.90125,0.42831473533619463,2.101287553648069
8393,5.175,4.9025,0.4312446351931331,2.115021459227468
8394,5.1625,4.90375,0.4302374821173105,2.1104434907010017
8395,5.1775,4.9025,0.42977968526466387,2.1081545064377685
8396,5.155,4.9025,0.4295965665236052,2.1081545064377685
8397,5.1675,4.90125,0.4306037195994278,2.1104434907010017
8398,5.1525,4.9025,0.4295965665236052,2.1081545064377685
8399,5.17,4.90125,0.43087839771101577,2.1104434907010017
8400,5.1525,4.90375,0.42941344778254653,2.103576537911302
8401,5.155,4.90375,0.42941344778254653,2.103576537911302
8402,5.16,4.9025,0.43087839771101577,2.1104434907010017
8403,5.155,4.90375,0.4295965665236052,2.1081545064377685
8404,5.16,4.9025,0.42913876967095854,2.103576537911302
8405,4.9025,4.92375,0.40002288984263235,1.968526466380544
8406,1.505,5.125,0.12543633762517883,0.6409155937052933
8407,1.2775,5.17125,0.12021745350500716,0.6226037195994278
8408,1.285,5.16875,0.12122460658082977,0.6271816881258943
8409,1.635,5.14125,0.1362403433476395,0.7004291845493563
8410,1.3925,5.15625,0.10666666666666667,0.5516452074391989
8411,1.2725,5.16625,0.12854935622317598,0.6638054363376252
8412,1.4575,5.16375,0.12149928469241775,0.6271816881258943
8413,1.38,5.1575,0.10602575107296139,0.5470672389127326
8414,1.3025,5.16375,0.10437768240343348,0.540200286123033
8415,2.0875,5.11375,0.17396280400572248,0.888125894134478
8416,1.1925,5.15875,0.09934191702432046,0.5127324749642347
8417,1.1825,5.17625,0.11417453505007154,0.5928469241773964
8418,1.37,5.17875,0.11417453505007154,0.5928469241773964
8419,1.4275,5.1675,0.11893562231759658,0.6157367668097282
8420,1.365,5.145,0.11289270386266095,0.5814020028612304
8421,1.2875,5.16,0.10730758226037197,0.5539341917024321
8422,1.2625,5.15875,0.10520171673819743,0.5447782546494994
8423,1.265,5.16375,0.09503862660944207,0.492131616595136
8424,1.14,5.15625,0.09503862660944207,0.492131616595136
8425,1.195,5.15,0.09961659513590845,0.5127324749642347
8426,1.3025,5.16875,0.09815164520743921,0.5058655221745351
8427,1.1575,5.16875,0.0965035765379113,0.4989985693848355
8428,1.13,5.15875,0.09412303290414879,0.4829756795422032
8429,1.2725,5.1625,0.10977968526466382,0.5653791130185981
8430,1.355,5.17625,0.11289270386266095,0.5859799713876968
8431,1.395,5.17625,0.11628040057224608,0.5997138769670959
8432,1.3725,5.15125,0.09915879828326181,0.5104434907010015
8433,1.2275,5.16375,0.10227181688125896,0.528755364806867
8434,1.2575,5.1725,0.10483547925608012,0.5447782546494994
8435,1.3325,5.15125,0.10016595135908442,0.517310443490701
8436,1.35,5.15125,0.1030958512160229,0.5333333333333334
8437,1.2725,5.15,0.10602575107296139,0.5470672389127326
8438,1.23,5.16875,0.09751072961373392,0.5035765379113019
8439,1.3725,5.155,0.09622889842632333,0.49442060085836914
8440,1.1525,5.16,0.09604577968526468,0.49442060085836914
8441,1.13,5.17875,0.11316738197424894,0.5859799713876968
8442,1.1725,5.17875,0.10849785407725324,0.5630901287553648
8443,1.2725,5.17875,0.10602575107296139,0.5470672389127326
8444,1.19,5.1725,0.11582260371959945,0.5997138769670959
8445,1.2575,5.16375,0.11893562231759658,0.6157367668097282
8446,1.345,5.15875,0.11206866952789701,0.576824034334764
8447,1.3,5.1625,0.10831473533619458,0.528755364806867
8448,1.32,5.16125,0.10227181688125896,0.528755364806867
8449,1.335,5.1725,0.11124463519313306,0.5745350500715308
8450,1.2025,5.17375,0.10016595135908442,0.517310443490701
8451,1.2475,5.16375,0.10877253218884121,0.5630901287553648
8452,0.8675,5.21,0.07233190271816882,0.37539341917024327
8453,0.8225,5.1925,0.06857796852646639,0.3570815450643777
8454,0.78,5.19875,0.07105007153075824,0.36852646638054365
8455,0.8075,5.21125,0.0672961373390558,0.35250357653791137
8456,0.795,5.1925,0.0662889842632332,0.34563662374821175
8457,0.8675,5.18125,0.06226037195994278,0.32274678111587984
8458,0.9,5.21,0.07498712446351932,0.3891273247496424
8459,0.775,5.18375,0.06454935622317597,0.3341917024320458
8460,0.8125,5.2025,0.069585121602289,0.3639484978540773
8461,0.815,5.20625,0.06793705293276109,0.35250357653791137
8462,0.8625,5.17625,0.07187410586552218,0.37081545064377686
8463,0.8375,5.19625,0.06601430615164522,0.3410586552217454
8464,0.7275,5.18,0.060612303290414886,0.3158798283261803
8465,0.845,5.19875,0.07040915593705294,0.36852646638054365
8466,0.7025,5.20125,0.07123319027181689,0.37081545064377686
8467,0.8775,5.21,0.07315593705293277,0.38226037195994284
8468,0.705,5.1825,0.05878111587982833,0.30443490701001436
8469,0.8625,5.185,0.060246065808297576,0.3113018597997139
8470,0.885,5.18625,0.06253505007153076,0.32274678111587984
8471,0.8575,5.21125,0.07141630901287555,0.37081545064377686
8472,0.7,5.2125,0.069585121602289,0.3639484978540773
8473,0.8625,5.18125,0.06079542203147354,0.3158798283261803
8474,0.8325,5.21,0.06940200286123034,0.35937052932761093
8475,0.925,5.17875,0.06564806866952791,0.3410586552217454
8476,0.785,5.1975,0.07480400572246067,0.3891273247496424
8477,0.845,5.21,0.07040915593705294,0.36852646638054365
8478,0.73,5.20375,0.07837482117310444,0.4097281831187411
8479,0.82,5.2,0.0662889842632332,0.34563662374821175
8480,0.79,5.18625,0.06583118741058656,0.3410586552217454
8481,0.8875,5.17875,0.07397997138769671,0.3868383404864092
8482,0.7,5.2125,0.06857796852646639,0.3570815450643777
8483,0.855,5.1975,0.07123319027181689,0.37081545064377686
8484,0.6825,5.19125,0.056858369098712454,0.2952789699570816
8485,0.8275,5.19125,0.059330472103004295,0.30672389127324756
8486,0.815,5.185,0.06793705293276109,0.35250357653791137
8487,0.8175,5.21,0.06812017167381974,0.3570815450643777
8488,0.685,5.21,0.07315593705293277,0.38226037195994284
8489,0.725,5.18,0.06042918454935623,0.3113018597997139
8490,0.82,5.2,0.0683032904148784,0.3570815450643777
8491,0.9275,5.18125,0.07086695278969958,0.36852646638054365
8492,0.91,5.2,0.07581115879828328,0.3937052932761088
8493,0.87,5.21,0.07251502145922747,0.3776824034334764
8494,0.855,5.19375,0.06519027181688127,0.33648068669527903
8495,0.7775,5.19125,0.06482403433476396,0.33648068669527903
8496,0.75,5.17375,0.06253505007153076,0.32274678111587984
8497,0.835,5.1925,0.06125321888412018,0.3181688125894135
8498,0.7875,5.18125,0.06564806866952791,0.3410586552217454
8499,0.89,5.20625,0.07416309012875537,0.3868383404864092
8500,0.7975,5.19625,0.06290128755364807,0.32732474964234626
8501,0.91,5.18,0.06290128755364807,0.32732474964234626
8502,0.7075,5.2,0.058964234620886985,0.30672389127324756
8503,0.8225,5.19,0.056858369098712454,0.2952789699570816
8504,0.6975,5.2125,0.07205722460658083,0.37539341917024327
8505,0.8975,5.20875,0.07480400572246067,0.3891273247496424
8506,0.895,5.18375,0.07123319027181689,0.36852646638054365
8507,0.725,5.21,0.07544492131616595,0.3937052932761088
8508,0.7275,5.18125,0.060612303290414886,0.3158798283261803
8509,1.475,5.1275,0.15729899856938484,0.8057224606580831
8510,1.4375,5.14625,0.14832618025751074,0.7645207439198857
8511,1.8925,5.11875,0.15766523605150215,0.8057224606580831
8512,0.9175,5.18125,0.07645207439198856,0.3341917024320458
8513,0.895,5.17875,0.06290128755364807,0.32732474964234626
8514,0.8525,5.19,0.07105007153075824,0.36852646638054365
8515,0.905,5.20125,0.07544492131616595,0.3937052932761088
8516,0.84,5.1875,0.06912732474964235,0.35937052932761093
8517,0.875,5.21375,0.07288125894134478,0.3776824034334764
8518,0.8325,5.19625,0.06940200286123034,0.35937052932761093
8519,0.73,5.2075,0.06253505007153076,0.32732474964234626
8520,0.78,5.18875,0.06500715307582261,0.33648068669527903
8521,0.765,5.1775,0.06372532188841203,0.32961373390557946
8522,0.7625,5.205,0.07315593705293277,0.38226037195994284
8523,0.75,5.1775,0.06253505007153076,0.32274678111587984
8524,0.89,5.1975,0.07416309012875537,0.3868383404864092
8525,0.8125,5.1875,0.07352217453505008,0.38226037195994284
8526,0.8175,5.2125,0.06812017167381974,0.3570815450643777
8527,0.8175,5.1925,0.06812017167381974,0.35250357653791137
8528,0.8075,5.19,0.06436623748211731,0.3341917024320458
8529,0.685,5.19375,0.05704148783977111,0.2952789699570816
8530,0.8575,5.19125,0.07141630901287555,0.37081545064377686
8531,0.8025,5.18875,0.06454935622317597,0.3341917024320458
8532,0.7125,5.1925,0.059330472103004295,0.30672389127324756
8533,0.88,5.2075,0.07333905579399143,0.38226037195994284
8534,0.725,5.21,0.06537339055793992,0.3410586552217454
8535,0.8825,5.1875,0.060246065808297576,0.3113018597997139
8536,0.775,5.18,0.06454935622317597,0.3341917024320458
8537,0.815,5.1975,0.06253505007153076,0.32732474964234626
8538,0.8375,5.19375,0.060612303290414886,0.3158798283261803
8539,0.765,5.17625,0.06372532188841203,0.32961373390557946
8540,0.875,5.18,0.05814020028612304,0.29985693848354794
8541,0.725,5.2075,0.06454935622317597,0.33648068669527903
8542,0.735,5.18375,0.06125321888412018,0.3181688125894135
8543,0.7825,5.1925,0.0662889842632332,0.34563662374821175
8544,0.8075,5.195,0.0576824034334764,0.29985693848354794
8545,0.8625,5.2125,0.07187410586552218,0.37539341917024327
8546,0.6975,5.21,0.05814020028612304,0.3891273247496424
8547,0.825,5.18625,0.06143633762517883,0.3181688125894135
8548,0.6875,5.1925,0.05731616595135909,0.2952789699570816
8549,0.81,5.21125,0.06747925608011446,0.35250357653791137
8550,0.74,5.2,0.0762689556509299,0.3982832618025752
8551,0.7275,5.18,0.060612303290414886,0.3158798283261803
8552,0.8275,5.1875,0.0689442060085837,0.3570815450643777
8553,0.8175,5.19,0.07086695278969958,0.36852646638054365
8554,0.905,5.20125,0.07544492131616595,0.3937052932761088
8555,0.8075,5.2125,0.0672961373390558,0.35250357653791137
8556,0.78,5.2025,0.059605150214592284,0.3113018597997139
8557,0.7225,5.1825,0.060246065808297576,0.3113018597997139
8558,0.83,5.2125,0.06912732474964235,0.35937052932761093
8559,0.795,5.1975,0.06372532188841203,0.32961373390557946
8560,0.84,5.2125,0.07004291845493563,0.3639484978540773
8561,0.7,5.18,0.05832331902718169,0.30443490701001436
8562,0.7175,5.2,0.07645207439198856,0.3982832618025752
8563,0.68,5.19125,0.0566752503576538,0.2929899856938484
8564,0.87,5.2125,0.07251502145922747,0.3776824034334764
8565,0.8525,5.185,0.06793705293276109,0.35250357653791137
8566,0.7225,5.2075,0.07645207439198856,0.3982832618025752
8567,0.965,5.2075,0.08038912732474965,0.421173104434907
8568,1.335,5.16125,0.1243376251788269,0.6409155937052933
8569,0.92,5.17875,0.06253505007153076,0.32274678111587984
8570,0.8825,5.20625,0.07352217453505008,0.38226037195994284
8571,0.7375,5.20625,0.06308440629470673,0.32961373390557946
8572,0.72,5.20125,0.07086695278969958,0.36852646638054365
8573,0.705,5.19875,0.05878111587982833,0.30443490701001436
8574,0.8825,5.1825,0.05795708154506438,0.29985693848354794
8575,0.75,5.2025,0.06079542203147354,0.3158798283261803
8576,0.8075,5.20875,0.0672961373390558,0.34792560801144495
8577,0.8825,5.18,0.06354220314735337,0.32961373390557946
8578,0.7175,5.21125,0.06454935622317597,0.33648068669527903
8579,0.81,5.195,0.06747925608011446,0.34792560801144495
8580,0.89,5.21,0.07416309012875537,0.3868383404864092
8581,0.7675,5.205,0.0683032904148784,0.3570815450643777
8582,0.73,5.17875,0.06079542203147354,0.3158798283261803
8583,0.7925,5.18125,0.06601430615164522,0.3410586552217454
8584,0.795,5.19375,0.07233190271816882,0.37539341917024327
8585,1.165,5.1725,0.09705293276108727,0.5035765379113019
8586,0.815,5.19625,0.06793705293276109,0.35250357653791137
8587,0.685,5.21125,0.07288125894134478,0.3776824034334764
8588,0.685,5.185,0.05704148783977111,0.2952789699570816
8589,0.855,5.2125,0.07123319027181689,0.37081545064377686
8590,0.81,5.1975,0.06226037195994278,0.32274678111587984
8591,0.865,5.2125,0.07205722460658083,0.37539341917024327
8592,0.735,5.18375,0.06125321888412018,0.3181688125894135
8593,0.8575,5.1825,0.06537339055793992,0.33648068669527903
8594,0.735,5.2075,0.06125321888412018,0.3181688125894135
8595,0.7475,5.1775,0.06226037195994278,0.32274678111587984
8596,0.8725,5.1825,0.0662889842632332,0.34563662374821175
8597,0.91,5.2025,0.07581115879828328,0.3937052932761088
8598,0.8875,5.21,0.07397997138769671,0.3868383404864092
8599,0.7575,5.19875,0.07480400572246067,0.3891273247496424
8600,0.885,5.19625,0.08267811158798284,0.43032904148783985
8601,0.7125,5.19,0.059330472103004295,0.30672389127324756
8602,0.8575,5.185,0.05731616595135909,0.2952789699570816
8603,0.69,5.2125,0.07141630901287555,0.37081545064377686
8604,0.7625,5.19,0.06354220314735337,0.32961373390557946
8605,0.6825,5.2125,0.07315593705293277,0.38226037195994284
8606,0.7625,5.19375,0.07004291845493563,0.3639484978540773
8607,0.7175,5.19875,0.05978826895565094,0.3113018597997139
8608,0.8575,5.18375,0.060612303290414886,0.3158798283261803
8609,0.7525,5.2025,0.06125321888412018,0.3181688125894135
8610,0.815,5.1875,0.06793705293276109,0.35250357653791137
8611,0.9175,5.18375,0.07059227467811159,0.36852646638054365
8612,0.7225,5.2075,0.07745922746781117,0.40515021459227474
8613,0.8125,5.20625,0.06775393419170243,0.35250357653791137
8614,0.7325,5.18,0.06107010014306152,0.3158798283261803
8615,0.9075,5.1825,0.06583118741058656,0.3410586552217454
8616,0.86,5.21,0.07169098712446352,0.37539341917024327
8617,0.69,5.1875,0.057499284692417746,0.29985693848354794
8618,0.855,5.1875,0.056858369098712454,0.2952789699570816
8619,0.8925,5.21125,0.07434620886981402,0.3868383404864092
8620,0.72,5.18125,0.059971387696709594,0.3113018597997139
8621,0.84,5.18375,0.061711015736766815,0.3181688125894135
8622,0.68,5.1925,0.0566752503576538,0.2929899856938484
8623,0.83,5.215,0.06912732474964235,0.35937052932761093
8624,0.7625,5.20375,0.06079542203147354,0.3158798283261803
8625,0.76,5.185,0.06335908440629472,0.32961373390557946
8626,0.725,5.18,0.06042918454935623,0.3113018597997139
8627,0.895,5.1825,0.059971387696709594,0.3113018597997139
8628,0.7475,5.1775,0.06226037195994278,0.32274678111587984
8629,0.9125,5.20125,0.07608583690987125,0.3982832618025752
8630,0.845,5.205,0.08038912732474965,0.421173104434907
8631,0.7225,5.1825,0.060246065808297576,0.3113018597997139
8632,0.6825,5.1875,0.056858369098712454,0.2952789699570816
8633,0.7075,5.2025,0.07205722460658083,0.37539341917024327
8634,0.8875,5.18375,0.06537339055793992,0.33648068669527903
8635,0.7275,5.2025,0.060612303290414886,0.3158798283261803
8636,0.86,5.18375,0.05704148783977111,0.2952789699570816
8637,0.74,5.20625,0.06519027181688127,0.33648068669527903
8638,0.8775,5.205,0.07315593705293277,0.38226037195994284
8639,0.7025,5.2125,0.0683032904148784,0.3570815450643777
8640,0.89,5.185,0.059971387696709594,0.3113018597997139
8641,0.7375,5.17875,0.06143633762517883,0.3181688125894135
8642,0.755,5.20875,0.069585121602289,0.3639484978540773
8643,0.855,5.19,0.060246065808297576,0.3113018597997139
8644,0.78,5.18125,0.06500715307582261,0.33648068669527903
8645,0.87,5.18125,0.07251502145922747,0.30443490701001436
8646,0.6925,5.21125,0.07169098712446352,0.37539341917024327
8647,0.82,5.1975,0.0683032904148784,0.3570815450643777
8648,0.6875,5.1925,0.05731616595135909,0.2952789699570816
8649,0.885,5.18,0.06253505007153076,0.32274678111587984
8650,0.865,5.2125,0.07205722460658083,0.37539341917024327
8651,0.805,5.195,0.06711301859799715,0.34792560801144495
8652,0.6925,5.21375,0.07004291845493563,0.3639484978540773
8653,0.6925,5.18,0.0576824034334764,0.29985693848354794
8654,0.69,5.19625,0.057499284692417746,0.29985693848354794
8655,0.745,5.20875,0.07462088698140201,0.3891273247496424
8656,0.7725,5.19875,0.06436623748211731,0.3341917024320458
8657,0.7325,5.18,0.06107010014306152,0.3158798283261803
8658,0.8275,5.19375,0.062077253218884125,0.32274678111587984
8659,0.785,5.18375,0.06537339055793992,0.33648068669527903
8660,0.8825,5.21125,0.07352217453505008,0.38226037195994284
8661,0.7,5.21,0.0683032904148784,0.3570815450643777
8662,0.68,5.1925,0.0566752503576538,0.2929899856938484
8663,0.7975,5.19625,0.06647210300429185,0.34563662374821175
8664,0.725,5.19875,0.07562804005722461,0.3937052932761088
8665,0.685,5.18375,0.05704148783977111,0.2952789699570816
8666,0.86,5.20375,0.07169098712446352,0.37081545064377686
8667,1.3175,5.15375,0.10977968526466382,0.5653791130185981
8668,0.69,5.2125,0.07059227467811159,0.36852646638054365
8669,0.7125,5.18125,0.059330472103004295,0.30672389127324756
8670,0.835,5.1925,0.061711015736766815,0.3181688125894135
8671,0.8575,5.185,0.06711301859799715,0.34792560801144495
8672,0.9125,5.20875,0.07608583690987125,0.3982832618025752
8673,0.75,5.2,0.08038912732474965,0.41659513590844066
8674,0.76,5.2075,0.06775393419170243,0.35250357653791137
8675,0.7925,5.19125,0.06601430615164522,0.3410586552217454
8676,0.6775,5.20875,0.07187410586552218,0.37539341917024327
8677,0.8125,5.195,0.056858369098712454,0.2952789699570816
8678,0.8475,5.2,0.07059227467811159,0.36852646638054365
8679,0.6925,5.185,0.0576824034334764,0.29985693848354794
8680,0.76,5.1925,0.06537339055793992,0.3410586552217454
8681,0.7175,5.205,0.05978826895565094,0.3113018597997139
8682,0.8725,5.2025,0.07269814020028613,0.3776824034334764
8683,0.68,5.20875,0.07233190271816882,0.37539341917024327
8684,0.68,5.19125,0.0566752503576538,0.2929899856938484
8685,0.745,5.17875,0.062077253218884125,0.32274678111587984
8686,0.83,5.195,0.06143633762517883,0.3181688125894135
8687,0.76,5.17875,0.06335908440629472,0.32732474964234626
8688,0.89,5.2,0.07416309012875537,0.3868383404864092
8689,0.835,5.1875,0.0689442060085837,0.3570815450643777
8690,0.865,5.20375,0.07205722460658083,0.37539341917024327
8691,0.6775,5.19,0.056492131616595144,0.2929899856938484
8692,0.9275,5.17625,0.06253505007153076,0.32274678111587984
8693,0.7425,5.2075,0.06189413447782547,0.32274678111587984
8694,0.86,5.2125,0.07169098712446352,0.37539341917024327
8695,0.7175,5.21,0.06500715307582261,0.33648068669527903
8696,0.7425,5.18625,0.06189413447782547,0.32274678111587984
8697,0.77,5.21,0.06418311874105866,0.3341917024320458
8698,0.835,5.18875,0.056492131616595144,0.2929899856938484
8699,0.69,5.20375,0.07269814020028613,0.3776824034334764
8700,0.8975,5.21,0.07480400572246067,0.3891273247496424
8701,0.7375,5.2025,0.07608583690987125,0.3982832618025752
8702,0.8225,5.1975,0.06500715307582261,0.33648068669527903
8703,0.8875,5.19625,0.07397997138769671,0.3868383404864092
8704,0.87,5.17875,0.06308440629470673,0.32732474964234626
8705,0.695,5.205,0.08212875536480688,0.4280400572246066
8706,0.7075,5.19875,0.058964234620886985,0.30672389127324756
8707,0.89,5.18375,0.05795708154506438,0.29985693848354794
8708,0.6925,5.21125,0.07498712446351932,0.3891273247496424
8709,0.84,5.2,0.07004291845493563,0.3639484978540773
8710,0.705,5.20125,0.07269814020028613,0.3776824034334764
8711,0.7825,5.195,0.0576824034334764,0.29985693848354794
8712,0.855,5.2025,0.07123319027181689,0.37081545064377686
8713,0.755,5.21,0.06290128755364807,0.32732474964234626
8714,0.8675,5.1825,0.0576824034334764,0.29985693848354794
8715,0.8175,5.17875,0.06812017167381974,0.35250357653791137
8716,0.9375,5.20375,0.07810014306151646,0.40515021459227474
8717,1.1875,5.17375,0.13038054363376253,0.6752503576537912
8718,0.9125,5.2075,0.07608583690987125,0.3982832618025752
8719,0.745,5.19625,0.062077253218884125,0.32274678111587984
8720,0.8525,5.18875,0.0566752503576538,0.2929899856938484
8721,0.8675,5.2125,0.07233190271816882,0.3776824034334764
8722,0.715,5.185,0.059605150214592284,0.30672389127324756
8723,0.8525,5.18375,0.060612303290414886,0.3158798283261803
8724,0.76,5.20875,0.06335908440629472,0.32961373390557946
8725,0.88,5.205,0.07333905579399143,0.38226037195994284
8726,0.71,5.21125,0.06519027181688127,0.3410586552217454
8727,0.86,5.2025,0.07169098712446352,0.37081545064377686
8728,0.695,5.18125,0.05795708154506438,0.29985693848354794
8729,0.7675,5.195,0.06857796852646639,0.3570815450643777
8730,0.9125,5.2075,0.07608583690987125,0.3982832618025752
8731,0.72,5.1825,0.059971387696709594,0.3113018597997139
8732,0.8575,5.195,0.0689442060085837,0.35937052932761093
8733,0.885,5.18125,0.06454935622317597,0.3341917024320458
8734,0.9025,5.20375,0.07517024320457798,0.3891273247496424
8735,0.92,5.17625,0.07187410586552218,0.37081545064377686
8736,0.7575,5.205,0.06125321888412018,0.3181688125894135
8737,0.885,5.2125,0.07370529327610874,0.38226037195994284
8738,0.7275,5.20875,0.06290128755364807,0.32732474964234626
8739,0.7,5.20375,0.07205722460658083,0.37539341917024327
8740,0.68,5.1875,0.0566752503576538,0.2929899856938484
8741,0.86,5.18125,0.05704148783977111,0.2952789699570816
8742,0.7425,5.20625,0.06271816881258942,0.32732474964234626
8743,0.875,5.21,0.07288125894134478,0.3776824034334764
8744,0.6925,5.21125,0.0576824034334764,0.35937052932761093
8745,0.85,5.19375,0.06079542203147354,0.3158798283261803
8746,0.78,5.1825,0.06500715307582261,0.33648068669527903
8747,0.9125,5.2075,0.07608583690987125,0.3982832618025752
8748,0.755,5.19875,0.07462088698140201,0.3868383404864092
8749,0.825,5.2075,0.06876108726752504,0.3570815450643777
8750,0.8,5.18625,0.0666552217453505,0.34563662374821175
8751,0.885,5.18125,0.05832331902718169,0.30443490701001436
8752,0.7825,5.20625,0.06519027181688127,0.33648068669527903
8753,0.885,5.21,0.07370529327610874,0.38226037195994284
8754,0.7025,5.2125,0.06647210300429185,0.34563662374821175
8755,0.84,5.2025,0.07004291845493563,0.3639484978540773
8756,0.695,5.1825,0.05795708154506438,0.29985693848354794
8757,0.8875,5.18125,0.05704148783977111,0.2952789699570816
8758,0.7625,5.20625,0.06354220314735337,0.32961373390557946
8759,0.845,5.205,0.07040915593705294,0.36852646638054365
8760,0.875,5.1825,0.06537339055793992,0.33648068669527903
8761,0.9175,5.2,0.07645207439198856,0.3982832618025752
8762,0.9275,5.20375,0.07727610872675252,0.4005722460658083
8763,0.925,5.17875,0.06418311874105866,0.3341917024320458
8764,0.9125,5.2075,0.07608583690987125,0.3982832618025752
8765,0.83,5.205,0.06912732474964235,0.35937052932761093
8766,0.865,5.1825,0.05731616595135909,0.2952789699570816
8767,0.815,5.20125,0.08624892703862662,0.45092989985693854
8768,0.8175,5.19625,0.06812017167381974,0.35250357653791137
8769,0.6875,5.2125,0.0769098712446352,0.4005722460658083
8770,0.865,5.1825,0.058964234620886985,0.30443490701001436
8771,0.8525,5.21,0.07105007153075824,0.37081545064377686
8772,0.7175,5.20875,0.064,0.3341917024320458
8773,0.865,5.1825,0.07040915593705294,0.3639484978540773
8774,0.72,5.2025,0.059971387696709594,0.3113018597997139
8775,0.7925,5.20125,0.06354220314735337,0.32961373390557946
8776,0.895,5.1825,0.06042918454935623,0.3158798283261803
8777,0.79,5.1825,0.06583118741058656,0.3410586552217454
8778,0.935,5.1775,0.0779170243204578,0.40515021459227474
8779,0.78,5.195,0.07288125894134478,0.3776824034334764
8780,0.8825,5.21,0.07352217453505008,0.38226037195994284
8781,0.82,5.1925,0.0683032904148784,0.3570815450643777
8782,0.685,5.21125,0.07233190271816882,0.3776824034334764
8783,0.7925,5.18,0.06601430615164522,0.3410586552217454
8784,0.7175,5.2025,0.05978826895565094,0.3113018597997139
8785,0.82,5.19375,0.056492131616595144,0.2929899856938484
8786,0.85,5.21125,0.07086695278969958,0.36852646638054365
8787,0.8275,5.19875,0.0689442060085837,0.35937052932761093
8788,0.6825,5.21125,0.07333905579399143,0.38226037195994284
8789,0.73,5.185,0.06079542203147354,0.3158798283261803
8790,0.8875,5.19875,0.07397997138769671,0.3868383404864092
8791,0.8125,5.19,0.07004291845493563,0.3639484978540773
8792,0.875,5.21,0.07288125894134478,0.3776824034334764
8793,0.7525,5.19875,0.06271816881258942,0.32732474964234626
8794,0.7275,5.2025,0.07544492131616595,0.3937052932761088
8795,0.875,5.21,0.07288125894134478,0.3776824034334764
8796,0.7725,5.1875,0.06436623748211731,0.3341917024320458
8797,0.8075,5.18875,0.06418311874105866,0.3341917024320458
8798,0.8,5.195,0.05704148783977111,0.2952789699570816
8799,0.865,5.20125,0.07205722460658083,0.37539341917024327
8800,0.685,5.21125,0.07288125894134478,0.3776824034334764
8801,0.875,5.1825,0.0576824034334764,0.29985693848354794
8802,0.8025,5.2125,0.06683834048640916,0.34792560801144495
8803,0.755,5.20375,0.05914735336194564,0.30672389127324756
8804,0.73,5.1975,0.0689442060085837,0.35937052932761093
8805,0.9525,5.205,0.07938197424892705,0.4120171673819743
8806,0.91,5.17875,0.062077253218884125,0.32274678111587984
8807,0.7375,5.20125,0.07462088698140201,0.3868383404864092
8808,0.835,5.2075,0.069585121602289,0.3639484978540773
8809,0.73,5.20375,0.06079542203147354,0.3982832618025752
8810,0.7625,5.20625,0.07059227467811159,0.36852646638054365
8811,0.805,5.1975,0.06711301859799715,0.34792560801144495
8812,0.72,5.2025,0.059971387696709594,0.3113018597997139
8813,0.81,5.195,0.057499284692417746,0.29985693848354794
8814,0.86,5.205,0.07169098712446352,0.37081545064377686
8815,0.7325,5.18375,0.06107010014306152,0.3158798283261803
8816,0.6825,5.21,0.07123319027181689,0.37081545064377686
8817,0.71,5.18625,0.05914735336194564,0.30672389127324756
8818,0.8425,5.2,0.07022603719599428,0.3639484978540773
8819,0.6775,5.21,0.07233190271816882,0.37539341917024327
8820,0.78,5.19375,0.06500715307582261,0.33648068669527903
8821,0.805,5.18625,0.06711301859799715,0.34792560801144495
8822,0.89,5.185,0.059971387696709594,0.3113018597997139
8823,0.795,5.18125,0.0662889842632332,0.34563662374821175
8824,0.8775,5.19625,0.07315593705293277,0.3776824034334764
8825,0.755,5.195,0.07498712446351932,0.3891273247496424
8826,0.685,5.1925,0.05704148783977111,0.2952789699570816
8827,0.8675,5.21375,0.07233190271816882,0.3776824034334764
8828,0.845,5.18375,0.06042918454935623,0.3158798283261803
8829,0.8325,5.21125,0.06940200286123034,0.35937052932761093
8830,0.7925,5.19375,0.06601430615164522,0.3410586552217454
8831,0.7025,5.20125,0.07205722460658083,0.37539341917024327
8832,0.79,5.19,0.06372532188841203,0.32961373390557946
8833,0.7625,5.21,0.06354220314735337,0.32961373390557946
8834,0.7875,5.1975,0.056858369098712454,0.2952789699570816
8835,0.905,5.1825,0.07004291845493563,0.3639484978540773
8836,0.9075,5.205,0.07562804005722461,0.3937052932761088
8837,0.7175,5.205,0.07663519313304722,0.3982832618025752
8838,0.905,5.17875,0.06042918454935623,0.3113018597997139
8839,0.9175,5.19875,0.07645207439198856,0.3982832618025752
8840,0.87,5.1775,0.06912732474964235,0.3570815450643777
8841,0.7125,5.21,0.06564806866952791,0.3410586552217454
8842,0.81,5.195,0.06747925608011446,0.34792560801144495
8843,0.685,5.21125,0.05704148783977111,0.36852646638054365
8844,0.8475,5.185,0.06812017167381974,0.35250357653791137
8845,0.7925,5.21,0.06601430615164522,0.34563662374821175
8846,0.855,5.2025,0.07123319027181689,0.37081545064377686
8847,0.6775,5.21125,0.07169098712446352,0.37539341917024327
8848,0.7,5.18125,0.05832331902718169,0.30443490701001436
8849,0.7675,5.21,0.064,0.3341917024320458
8850,0.74,5.21,0.07581115879828328,0.3937052932761088
8851,0.72,5.18875,0.059971387696709594,0.3113018597997139
8852,0.775,5.1825,0.06454935622317597,0.3341917024320458
8853,0.8975,5.18125,0.059971387696709594,0.3113018597997139
8854,0.9175,5.18,0.07645207439198856,0.3982832618025752
8855,0.975,5.2075,0.0812131616595136,0.4234620886981402
8856,0.7425,5.20375,0.060612303290414886,0.3158798283261803
8857,0.895,5.20875,0.07462088698140201,0.3891273247496424
8858,0.71,5.18125,0.05914735336194564,0.30672389127324756
8859,0.855,5.18375,0.06079542203147354,0.3158798283261803
8860,0.6775,5.18375,0.056492131616595144,0.2929899856938484
8861,0.8475,5.21375,0.07059227467811159,0.36852646638054365
8862,0.85,5.18625,0.056858369098712454,0.2952789699570816
8863,0.685,5.2125,0.07187410586552218,0.37539341917024327
8864,0.7375,5.18125,0.06143633762517883,0.3181688125894135
8865,0.895,5.18625,0.0672961373390558,0.34792560801144495
8866,0.91,5.17875,0.06125321888412018,0.3181688125894135
8867,0.8925,5.2,0.07434620886981402,0.3868383404864092
8868,0.7175,5.2075,0.07397997138769671,0.3868383404864092
8869,0.7925,5.2,0.07498712446351932,0.3891273247496424
8870,0.7925,5.19,0.06601430615164522,0.3410586552217454
8871,0.8225,5.1925,0.056492131616595144,0.2929899856938484
8872,0.7025,5.21125,0.06775393419170243,0.35250357653791137
8873,0.7375,5.18375,0.06143633762517883,0.3181688125894135
8874,0.805,5.19,0.0672961373390558,0.34792560801144495
8875,0.8025,5.19375,0.056858369098712454,0.2952789699570816
8876,0.8425,5.2,0.07022603719599428,0.3639484978540773
8877,0.695,5.18,0.05795708154506438,0.29985693848354794
8878,0.8275,5.1875,0.06226037195994278,0.32274678111587984
8879,0.6925,5.1875,0.0576824034334764,0.29985693848354794
8880,0.89,5.19,0.07416309012875537,0.3868383404864092
8881,0.9075,5.18,0.06290128755364807,0.32732474964234626
8882,0.8875,5.19625,0.07397997138769671,0.3868383404864092
8883,1.2725,5.145,0.10602575107296139,0.5447782546494994
8884,0.7725,5.2025,0.07123319027181689,0.37081545064377686
8885,0.7575,5.18125,0.06308440629470673,0.32732474964234626
8886,0.8575,5.2125,0.07141630901287555,0.37081545064377686
8887,0.795,5.19625,0.057499284692417746,0.29985693848354794
8888,0.7575,5.21,0.06308440629470673,0.32961373390557946
8889,0.855,5.2025,0.07123319027181689,0.37081545064377686
8890,0.6825,5.2075,0.07251502145922747,0.3776824034334764
8891,0.6825,5.1825,0.056858369098712454,0.2952789699570816
8892,0.75,5.20625,0.06253505007153076,0.32732474964234626
8893,0.8075,5.1925,0.06372532188841203,0.32961373390557946
8894,0.8675,5.20875,0.07233190271816882,0.37539341917024327
8895,0.7325,5.19375,0.06107010014306152,0.3181688125894135
8896,0.7875,5.2025,0.06454935622317597,0.33648068669527903
8897,0.8925,5.18375,0.05978826895565094,0.3113018597997139
8898,0.905,5.20125,0.07544492131616595,0.3937052932761088
8899,0.7275,5.205,0.08038912732474965,0.421173104434907
8900,0.8275,5.195,0.06079542203147354,0.3158798283261803
8901,0.8725,5.20875,0.07269814020028613,0.3776824034334764
8902,0.7075,5.21125,0.06564806866952791,0.3410586552217454
8903,0.68,5.21,0.0762689556509299,0.3982832618025752
8904,0.6825,5.195,0.056858369098712454,0.2952789699570816
8905,0.74,5.205,0.06107010014306152,0.3181688125894135
8906,0.69,5.205,0.07123319027181689,0.37081545064377686
8907,0.695,5.18,0.05795708154506438,0.29985693848354794
8908,0.73,5.19875,0.06940200286123034,0.35937052932761093
8909,0.8675,5.18375,0.056492131616595144,0.2929899856938484
8910,0.78,5.18125,0.06500715307582261,0.33648068669527903
8911,0.9025,5.21,0.07517024320457798,0.3891273247496424
8912,0.7375,5.2,0.08103004291845495,0.421173104434907
8913,0.88,5.21,0.07333905579399143,0.38226037195994284
8914,0.73,5.18125,0.06079542203147354,0.3158798283261803
8915,0.77,5.205,0.06482403433476396,0.33648068669527903
8916,0.8625,5.20375,0.07187410586552218,0.37539341917024327
8917,0.6825,5.19125,0.056858369098712454,0.2952789699570816
8918,0.815,5.19125,0.0566752503576538,0.2929899856938484
8919,0.87,5.2075,0.07251502145922747,0.3776824034334764
8920,0.69,5.185,0.057499284692417746,0.2952789699570816
8921,0.7925,5.19,0.06482403433476396,0.33648068669527903
8922,0.685,5.1825,0.05704148783977111,0.2952789699570816
8923,0.8975,5.20875,0.07480400572246067,0.3891273247496424
8924,0.6925,5.2125,0.0689442060085837,0.35937052932761093
8925,0.9675,5.21,0.08066380543633764,0.421173104434907
8926,0.7225,5.18375,0.060246065808297576,0.3113018597997139
8927,0.7875,5.20125,0.06372532188841203,0.32961373390557946
8928,0.7975,5.18,0.06647210300429185,0.34563662374821175
8929,0.85,5.19125,0.07086695278969958,0.36852646638054365
8930,0.9125,5.17625,0.062077253218884125,0.32274678111587984
8931,0.735,5.20625,0.062077253218884125,0.32274678111587984
8932,0.85,5.2025,0.07086695278969958,0.36852646638054365
8933,0.68,5.2125,0.07187410586552218,0.37539341917024327
8934,0.81,5.19375,0.0566752503576538,0.2929899856938484
8935,0.8975,5.21,0.07480400572246067,0.3891273247496424
8936,0.765,5.20125,0.058964234620886985,0.30672389127324756
8937,0.8025,5.19,0.06482403433476396,0.33648068669527903
8938,0.6825,5.18375,0.056858369098712454,0.2952789699570816
8939,0.87,5.18,0.05814020028612304,0.29985693848354794
8940,0.77,5.19625,0.0769098712446352,0.4005722460658083
8941,0.88,5.21125,0.07333905579399143,0.38226037195994284
8942,0.79,5.1925,0.06583118741058656,0.4005722460658083
8943,0.72,5.21,0.07544492131616595,0.3937052932761088
8944,0.795,5.20625,0.0662889842632332,0.34563662374821175
8945,0.7875,5.17875,0.06564806866952791,0.3410586552217454
8946,0.87,5.1825,0.05704148783977111,0.2952789699570816
8947,0.7325,5.20625,0.06107010014306152,0.3181688125894135
8948,0.8675,5.21,0.07233190271816882,0.37539341917024327
8949,0.7025,5.21125,0.06683834048640916,0.34792560801144495
8950,0.72,5.1825,0.059971387696709594,0.3113018597997139
8951,0.6825,5.19125,0.056858369098712454,0.2952789699570816
8952,0.84,5.1875,0.056858369098712454,0.2952789699570816
8953,0.8675,5.2125,0.07233190271816882,0.3776824034334764
8954,0.69,5.18,0.057499284692417746,0.2952789699570816
8955,0.9025,5.18125,0.07333905579399143,0.3776824034334764
8956,0.86,5.1925,0.07169098712446352,0.37081545064377686
8957,0.935,5.20375,0.0779170243204578,0.40515021459227474
8958,0.78,5.195,0.07205722460658083,0.37539341917024327
8959,0.855,5.2075,0.07123319027181689,0.37081545064377686
8960,0.7325,5.17875,0.06107010014306152,0.3158798283261803
8961,0.865,5.1825,0.059330472103004295,0.30672389127324756
8962,0.715,5.21,0.06500715307582261,0.33648068669527903
8963,0.76,5.18625,0.06335908440629472,0.32961373390557946
8964,0.7225,5.1975,0.06876108726752504,0.3570815450643777
8965,0.86,5.1825,0.05878111587982833,0.30443490701001436
8966,0.6775,5.18625,0.056492131616595144,0.2929899856938484
8967,0.8675,5.18,0.058964234620886985,0.30443490701001436
8968,0.7775,5.19375,0.06647210300429185,0.34563662374821175
8969,0.685,5.17875,0.05704148783977111,0.2952789699570816
8970,0.9075,5.17625,0.06940200286123034,0.35937052932761093
8971,0.725,5.205,0.0762689556509299,0.3982832618025752
8972,0.735,5.19,0.06125321888412018,0.3181688125894135
8973,0.8375,5.19125,0.060246065808297576,0.3113018597997139
8974,0.9175,5.17625,0.06189413447782547,0.3181688125894135
8975,0.9175,5.2075,0.07645207439198856,0.3982832618025752
8976,0.6875,5.2125,0.05731616595135909,0.2952789699570816
8977,0.8325,5.1875,0.06226037195994278,0.32274678111587984
8978,0.8275,5.2125,0.0689442060085837,0.35937052932761093
8979,0.715,5.18125,0.059605150214592284,0.30672389127324756
8980,0.8075,5.19,0.06354220314735337,0.32961373390557946
8981,0.6775,5.1875,0.056492131616595144,0.2929899856938484
8982,0.775,5.18875,0.06454935622317597,0.3341917024320458
8983,0.7275,5.2,0.07004291845493563,0.3639484978540773
8984,0.7025,5.18125,0.05850643776824035,0.30443490701001436
8985,1.195,5.2025,0.09961659513590845,0.517310443490701
8986,0.745,5.2,0.080206008583691,0.41659513590844066
8987,0.8275,5.2075,0.0689442060085837,0.35937052932761093
8988,0.7275,5.17875,0.060612303290414886,0.3158798283261803
8989,0.855,5.18875,0.059605150214592284,0.30672389127324756
8990,0.7475,5.17875,0.06226037195994278,0.32274678111587984
8991,0.93,5.2125,0.07745922746781117,0.40515021459227474
8992,0.8125,5.1925,0.056858369098712454,0.2952789699570816
8993,0.8625,5.2125,0.07187410586552218,0.37539341917024327
8994,0.72,5.1825,0.059971387696709594,0.3113018597997139
8995,0.7875,5.19,0.064,0.3341917024320458
8996,0.685,5.2125,0.07059227467811159,0.36852646638054365
8997,0.8175,5.19375,0.06812017167381974,0.35250357653791137
8998,0.75,5.1975,0.06876108726752504,0.3570815450643777
8999,0.81,5.1925,0.0566752503576538,0.2929899856938484
9000,0.92,5.19125,0.07663519313304722,0.3982832618025752
9001,0.7975,5.19375,0.07727610872675252,0.4005722460658083
9002,0.72,5.20875,0.07562804005722461,0.3937052932761088
9003,0.7175,5.185,0.05978826895565094,0.3113018597997139
9004,0.7625,5.205,0.06647210300429185,0.34563662374821175
9005,0.8925,5.18375,0.064,0.32961373390557946
9006,0.845,5.2125,0.07040915593705294,0.36852646638054365
9007,0.7075,5.21,0.058964234620886985,0.34563662374821175
9008,0.715,5.2,0.06940200286123034,0.35937052932761093
9009,0.69,5.18125,0.057499284692417746,0.2952789699570816
9010,0.865,5.21125,0.07205722460658083,0.37539341917024327
9011,0.78,5.1975,0.05795708154506438,0.29985693848354794
9012,0.855,5.2125,0.07123319027181689,0.37081545064377686
9013,0.72,5.1825,0.059971387696709594,0.3113018597997139
9014,0.675,5.20875,0.07397997138769671,0.3868383404864092
9015,0.8325,5.19625,0.06940200286123034,0.35937052932761093
9016,0.8,5.20625,0.0666552217453505,0.34792560801144495
9017,0.715,5.2075,0.07581115879828328,0.3937052932761088
9018,0.91,5.2075,0.07581115879828328,0.3937052932761088
9019,0.7425,5.19875,0.06189413447782547,0.32274678111587984
9020,0.7425,5.20875,0.07105007153075824,0.37081545064377686
9021,0.85,5.20125,0.07086695278969958,0.36852646638054365
9022,0.6775,5.1875,0.056492131616595144,0.2929899856938484
9023,0.8675,5.18,0.06308440629470673,0.32732474964234626
9024,0.815,5.2125,0.06793705293276109,0.35250357653791137
9025,0.695,5.18125,0.05795708154506438,0.29985693848354794
9026,1.3075,5.1525,0.09476394849785409,0.4875536480686696
9027,0.765,5.21,0.06372532188841203,0.3341917024320458
9028,0.71,5.18125,0.05914735336194564,0.30672389127324756
9029,0.705,5.20125,0.07022603719599428,0.3639484978540773
9030,1.0225,5.17125,0.08606580829756796,0.44635193133047213
9031,0.7475,5.17875,0.06226037195994278,0.32274678111587984
9032,0.905,5.18,0.06253505007153076,0.32274678111587984
9033,0.725,5.20375,0.07498712446351932,0.3891273247496424
9034,0.7925,5.205,0.06601430615164522,0.34563662374821175
9035,0.72,5.21125,0.07416309012875537,0.3868383404864092
9036,0.9225,5.1775,0.05914735336194564,0.30672389127324756
9037,0.8675,5.2125,0.07233190271816882,0.3776824034334764
9038,0.735,5.20625,0.06290128755364807,0.32732474964234626
9039,0.71,5.20125,0.07086695278969958,0.36852646638054365
9040,0.685,5.18,0.05704148783977111,0.2952789699570816
9041,0.705,5.2025,0.05878111587982833,0.30443490701001436
9042,0.8675,5.18125,0.05850643776824035,0.30443490701001436
9043,0.8325,5.21375,0.06940200286123034,0.35937052932761093
9044,0.7375,5.185,0.06143633762517883,0.3181688125894135
9045,1.04,5.17125,0.07187410586552218,0.37081545064377686
9046,0.8125,5.1875,0.06775393419170243,0.35250357653791137
9047,0.8525,5.20875,0.07105007153075824,0.37081545064377686
9048,0.7675,5.205,0.06601430615164522,0.34563662374821175
9049,0.745,5.1775,0.062077253218884125,0.32274678111587984
9050,0.91,5.2075,0.07581115879828328,0.3937052932761088
9051,0.8,5.195,0.05704148783977111,0.2952789699570816
9052,0.8575,5.21125,0.07141630901287555,0.37081545064377686
9053,0.695,5.1825,0.05795708154506438,0.29985693848354794
9054,0.8275,5.18625,0.06271816881258942,0.32732474964234626
9055,0.775,5.20875,0.06454935622317597,0.33648068669527903
9056,0.8075,5.19375,0.0672961373390558,0.34792560801144495
9057,0.6825,5.2075,0.07105007153075824,0.37081545064377686
9058,0.6875,5.19625,0.05731616595135909,0.2952789699570816
9059,0.8625,5.20625,0.07187410586552218,0.37539341917024327
9060,1.1425,5.16875,0.07956509298998571,0.4120171673819743
9061,0.73,5.21,0.07123319027181689,0.37081545064377686
9062,0.73,5.19375,0.06079542203147354,0.3158798283261803
9063,0.7525,5.20625,0.06793705293276109,0.35250357653791137
9064,0.855,5.1925,0.064,0.3341917024320458
9065,0.925,5.20875,0.07709298998569386,0.4005722460658083
9066,0.7525,5.20625,0.07004291845493563,0.3639484978540773
9067,0.86,5.1875,0.06125321888412018,0.3181688125894135
9068,0.7125,5.18625,0.059330472103004295,0.30672389127324756
9069,0.83,5.195,0.06107010014306152,0.3181688125894135
9070,0.745,5.19625,0.06747925608011446,0.34792560801144495
9071,0.6925,5.1825,0.0576824034334764,0.29985693848354794
9072,0.8725,5.1825,0.05878111587982833,0.30443490701001436
9073,0.6875,5.21125,0.07169098712446352,0.37539341917024327
9074,0.8725,5.19875,0.07269814020028613,0.3776824034334764
9075,0.9825,5.15625,0.08185407725321889,0.4234620886981402
9076,0.7225,5.20375,0.07709298998569386,0.4005722460658083
9077,0.895,5.2025,0.07462088698140201,0.3891273247496424
9078,0.8925,5.20875,0.07434620886981402,0.3868383404864092
9079,0.785,5.195,0.07205722460658083,0.37539341917024327
9080,0.87,5.21,0.07251502145922747,0.3776824034334764
9081,0.6875,5.18125,0.05731616595135909,0.2952789699570816
9082,0.77,5.1925,0.06601430615164522,0.3410586552217454
9083,0.69,5.18125,0.057499284692417746,0.2952789699570816
9084,0.7275,5.205,0.060612303290414886,0.3158798283261803
9085,0.8325,5.19,0.061711015736766815,0.3181688125894135
9086,0.86,5.21125,0.07169098712446352,0.37539341917024327
9087,0.7875,5.19125,0.06564806866952791,0.3410586552217454
9088,0.6825,5.2125,0.07205722460658083,0.37539341917024327
9089,0.7075,5.18125,0.058964234620886985,0.30443490701001436
9090,1.0525,5.20125,0.08771387696709586,0.4577968526466381
9091,0.885,5.18125,0.06418311874105866,0.3341917024320458
9092,0.89,5.21125,0.07416309012875537,0.3868383404864092
9093,0.7325,5.195,0.06107010014306152,0.3181688125894135
9094,0.7675,5.20375,0.07105007153075824,0.37081545064377686
9095,0.91,5.17875,0.060612303290414886,0.3158798283261803
9096,0.8675,5.205,0.07233190271816882,0.37539341917024327
9097,0.7925,5.19375,0.062077253218884125,0.32274678111587984
9098,0.6775,5.20875,0.07169098712446352,0.37539341917024327
9099,0.715,5.1825,0.059605150214592284,0.30672389127324756
9100,0.6775,5.2075,0.07233190271816882,0.37539341917024327
9101,0.8675,5.18125,0.05814020028612304,0.29985693848354794
9102,0.79,5.21,0.06583118741058656,0.3410586552217454
9103,0.8275,5.18375,0.06647210300429185,0.34563662374821175
9104,0.8275,5.19,0.05978826895565094,0.3113018597997139
9105,1.06,5.1975,0.08835479256080116,0.4577968526466381
9106,0.905,5.185,0.07544492131616595,0.32732474964234626
9107,0.8975,5.1825,0.07086695278969958,0.36852646638054365
9108,0.91,5.2025,0.07581115879828328,0.3937052932761088
9109,0.73,5.195,0.06079542203147354,0.3158798283261803
9110,0.7225,5.21125,0.07370529327610874,0.38226037195994284
9111,0.6775,5.19125,0.056492131616595144,0.2929899856938484
9112,0.86,5.2125,0.07169098712446352,0.37539341917024327
9113,0.86,5.1825,0.0566752503576538,0.2929899856938484
9114,0.85,5.21,0.07086695278969958,0.36852646638054365
9115,0.7325,5.18625,0.06107010014306152,0.3158798283261803
9116,0.745,5.1975,0.06812017167381974,0.35250357653791137
9117,0.705,5.19125,0.05878111587982833,0.30443490701001436
9118,0.7675,5.1925,0.064,0.3341917024320458
9119,0.6775,5.20875,0.07773390557939915,0.40515021459227474
9120,0.8325,5.1725,0.06940200286123034,0.35937052932761093
9121,0.7175,5.185,0.05978826895565094,0.3113018597997139
9122,0.8575,5.1875,0.060246065808297576,0.3113018597997139
9123,0.7625,5.18125,0.06354220314735337,0.32961373390557946
9124,0.865,5.19875,0.07205722460658083,0.37539341917024327
9125,0.885,5.18125,0.064,0.32961373390557946
9126,0.6875,5.2125,0.06876108726752504,0.35937052932761093
9127,0.7575,5.18875,0.06308440629470673,0.32732474964234626
9128,0.8475,5.1825,0.060246065808297576,0.3113018597997139
9129,0.6925,5.21125,0.06775393419170243,0.35250357653791137
9130,0.7375,5.185,0.06143633762517883,0.3181688125894135
9131,0.81,5.18875,0.06436623748211731,0.3341917024320458
9132,0.775,5.19875,0.06125321888412018,0.3181688125894135
9133,0.8725,5.2075,0.07269814020028613,0.3776824034334764
9134,0.695,5.21375,0.06876108726752504,0.35937052932761093
9135,0.965,5.175,0.0762689556509299,0.3937052932761088
9136,0.7275,5.18,0.060612303290414886,0.3158798283261803
9137,0.895,5.19,0.06125321888412018,0.3181688125894135
9138,0.895,5.18,0.06308440629470673,0.32732474964234626
9139,0.905,5.20125,0.07544492131616595,0.3937052932761088
9140,0.9,5.18125,0.07498712446351932,0.3891273247496424
9141,0.68,5.2125,0.07040915593705294,0.36852646638054365
9142,0.7,5.1825,0.05832331902718169,0.30443490701001436
9143,0.89,5.21,0.07416309012875537,0.3868383404864092
9144,0.7175,5.20875,0.06253505007153076,0.32732474964234626
9145,0.67,5.19125,0.055851216022889845,0.288412017167382
9146,0.875,5.20875,0.07288125894134478,0.3776824034334764
9147,0.7,5.21125,0.06647210300429185,0.34563662374821175
9148,0.76,5.19,0.06335908440629472,0.32961373390557946
9149,0.7075,5.18125,0.058964234620886985,0.30443490701001436
9150,0.89,5.185,0.08148783977110158,0.4234620886981402
9151,0.9225,5.21,0.0769098712446352,0.4005722460658083
9152,0.925,5.21,0.07709298998569386,0.4005722460658083
9153,0.7175,5.21,0.07544492131616595,0.3937052932761088
9154,0.7225,5.19125,0.060246065808297576,0.3113018597997139
9155,0.7725,5.18125,0.06436623748211731,0.3341917024320458
9156,0.8175,5.18875,0.06372532188841203,0.32961373390557946
9157,0.6775,5.19375,0.056492131616595144,0.2929899856938484
9158,0.815,5.19625,0.06793705293276109,0.35250357653791137
9159,0.685,5.21375,0.07169098712446352,0.37539341917024327
9160,0.8775,5.18125,0.057499284692417746,0.2952789699570816
9161,0.865,5.21375,0.07205722460658083,0.37539341917024327
9162,0.74,5.20625,0.06226037195994278,0.32274678111587984
9163,0.685,5.205,0.07187410586552218,0.37539341917024327
9164,0.6875,5.18125,0.05731616595135909,0.2952789699570816
9165,0.955,5.17875,0.06976824034334765,0.35937052932761093
9166,0.89,5.18125,0.06436623748211731,0.3341917024320458
9167,0.92,5.20875,0.07663519313304722,0.3982832618025752
9168,0.885,5.18,0.06519027181688127,0.33648068669527903
9169,0.76,5.1975,0.07352217453505008,0.38226037195994284
9170,0.855,5.21,0.07123319027181689,0.37081545064377686
9171,0.6775,5.2125,0.056492131616595144,0.3776824034334764
9172,0.875,5.18125,0.05731616595135909,0.2952789699570816
9173,0.815,5.21375,0.06793705293276109,0.35250357653791137
9174,0.7275,5.18375,0.060612303290414886,0.3158798283261803
9175,0.755,5.19375,0.0666552217453505,0.34563662374821175
9176,0.685,5.1825,0.05704148783977111,0.2952789699570816
9177,0.7875,5.21,0.06564806866952791,0.3410586552217454
9178,0.835,5.19125,0.061711015736766815,0.3181688125894135
9179,0.83,5.2,0.06912732474964235,0.35937052932761093
9180,0.8,5.1825,0.0666552217453505,0.34563662374821175
9181,0.725,5.20875,0.07397997138769671,0.3868383404864092
9182,0.7475,5.1975,0.06226037195994278,0.32274678111587984
9183,0.755,5.18,0.06290128755364807,0.32732474964234626
9184,0.94,5.1775,0.06107010014306152,0.3158798283261803
9185,0.86,5.19375,0.07169098712446352,0.37081545064377686
9186,0.705,5.2,0.05878111587982833,0.30672389127324756
9187,0.8175,5.195,0.057499284692417746,0.29985693848354794
9188,0.825,5.19125,0.06876108726752504,0.3570815450643777
9189,0.6975,5.19875,0.05814020028612304,0.30443490701001436
9190,0.8025,5.18375,0.06107010014306152,0.3158798283261803
9191,0.6775,5.1925,0.056492131616595144,0.2929899856938484
9192,0.7625,5.21125,0.06354220314735337,0.32961373390557946
9193,0.8475,5.18,0.05878111587982833,0.30443490701001436
9194,0.735,5.205,0.059330472103004295,0.30672389127324756
9195,0.9075,5.1825,0.07562804005722461,0.3937052932761088
9196,0.7625,5.20625,0.0662889842632332,0.34563662374821175
9197,0.875,5.18,0.06354220314735337,0.32961373390557946
9198,0.985,5.19125,0.08212875536480688,0.4280400572246066
9199,0.925,5.1775,0.061711015736766815,0.3181688125894135
9200,0.7175,5.2075,0.07663519313304722,0.3982832618025752
9201,0.7175,5.2025,0.05978826895565094,0.3113018597997139
9202,0.8375,5.18375,0.05914735336194564,0.30672389127324756
9203,0.72,5.20875,0.06354220314735337,0.32961373390557946
9204,0.71,5.1825,0.05914735336194564,0.30672389127324756
9205,0.6875,5.20625,0.05731616595135909,0.38226037195994284
9206,0.89,5.1825,0.06189413447782547,0.32274678111587984
9207,0.8625,5.2075,0.07187410586552218,0.37539341917024327
9208,0.6825,5.185,0.056858369098712454,0.2952789699570816
9209,0.82,5.185,0.06079542203147354,0.3158798283261803
9210,0.8625,5.195,0.07187410586552218,0.37539341917024327
9211,0.7225,5.18125,0.060246065808297576,0.3113018597997139
9212,0.9175,5.185,0.05978826895565094,0.3113018597997139
9213,0.7825,5.18375,0.06519027181688127,0.33648068669527903
9214,0.855,5.1925,0.07123319027181689,0.37081545064377686
9215,0.89,5.185,0.059605150214592284,0.30672389127324756
9216,0.84,5.2,0.07004291845493563,0.3639484978540773
9217,0.6775,5.18875,0.056492131616595144,0.2929899856938484
9218,0.86,5.1825,0.061711015736766815,0.3181688125894135
9219,0.84,5.21375,0.07004291845493563,0.3639484978540773
9220,0.72,5.185,0.059971387696709594,0.3113018597997139
9221,0.705,5.20125,0.06976824034334765,0.3639484978540773
9222,0.68,5.1825,0.0566752503576538,0.2929899856938484
9223,0.8275,5.2125,0.0689442060085837,0.35937052932761093
9224,0.8025,5.1975,0.057499284692417746,0.29985693848354794
9225,0.915,5.21125,0.0762689556509299,0.3982832618025752
9226,0.8275,5.20625,0.0689442060085837,0.35937052932761093
9227,0.7325,5.21,0.07269814020028613,0.3776824034334764
9228,0.84,5.1925,0.06107010014306152,0.3181688125894135
9229,0.7175,5.18375,0.05978826895565094,0.3113018597997139
9230,0.775,5.20125,0.06372532188841203,0.32961373390557946
9231,0.8675,5.1825,0.05814020028612304,0.29985693848354794
9232,0.8675,5.2125,0.07233190271816882,0.3776824034334764
9233,0.695,5.2125,0.06793705293276109,0.35250357653791137
9234,0.81,5.1875,0.06253505007153076,0.32732474964234626
9235,0.6975,5.19875,0.05814020028612304,0.30443490701001436
9236,0.87,5.18375,0.05704148783977111,0.2952789699570816
9237,0.6775,5.2125,0.07315593705293277,0.38226037195994284
9238,0.695,5.19375,0.05795708154506438,0.29985693848354794
9239,0.6975,5.2125,0.05814020028612304,0.29985693848354794
9240,0.7925,5.19125,0.06976824034334765,0.3639484978540773
9241,0.8375,5.19,0.06976824034334765,0.3639484978540773
9242,0.915,5.21125,0.0762689556509299,0.3982832618025752
9243,0.7275,5.21,0.07269814020028613,0.3776824034334764
9244,0.7675,5.20125,0.064,0.3341917024320458
9245,0.74,5.17875,0.061711015736766815,0.3181688125894135
9246,0.845,5.1875,0.057499284692417746,0.29985693848354794
9247,0.89,5.20625,0.07416309012875537,0.3868383404864092
9248,0.72,5.18125,0.059971387696709594,0.3113018597997139
9249,0.8075,5.18875,0.0566752503576538,0.2929899856938484
9250,0.895,5.2075,0.07462088698140201,0.3891273247496424
9251,0.7075,5.18,0.058964234620886985,0.30443490701001436
9252,0.7875,5.19,0.06583118741058656,0.3410586552217454
9253,0.8,5.2125,0.0666552217453505,0.34792560801144495
9254,0.8225,5.1975,0.06857796852646639,0.3570815450643777
9255,0.7525,5.2075,0.0672961373390558,0.34792560801144495
9256,0.77,5.2025,0.06418311874105866,0.3341917024320458
9257,0.755,5.18,0.06290128755364807,0.32732474964234626
9258,0.8725,5.185,0.064,0.32961373390557946
9259,0.7325,5.2025,0.07544492131616595,0.3937052932761088
9260,0.715,5.19,0.059605150214592284,0.30672389127324756
9261,0.8775,5.18125,0.0576824034334764,0.29985693848354794
9262,0.7125,5.20125,0.07059227467811159,0.36852646638054365
9263,0.6775,5.19,0.056492131616595144,0.2929899856938484
9264,0.8725,5.1825,0.06125321888412018,0.3181688125894135
9265,0.68,5.21,0.07251502145922747,0.3776824034334764
9266,0.6925,5.18125,0.0576824034334764,0.29985693848354794
9267,0.74,5.19375,0.0666552217453505,0.34563662374821175
9268,1.315,5.17,0.08771387696709586,0.4532188841201717
9269,0.7425,5.20625,0.06189413447782547,0.32274678111587984
9270,0.8475,5.18875,0.056492131616595144,0.2929899856938484
9271,0.925,5.18125,0.05978826895565094,0.3113018597997139
9272,0.85,5.19375,0.07086695278969958,0.36852646638054365
9273,0.86,5.20875,0.07169098712446352,0.37539341917024327
9274,0.7425,5.2025,0.07416309012875537,0.3868383404864092
9275,0.75,5.19875,0.06253505007153076,0.32732474964234626
9276,0.8425,5.205,0.07022603719599428,0.3639484978540773
9277,0.685,5.21125,0.07544492131616595,0.3937052932761088
9278,0.7075,5.18125,0.058964234620886985,0.30443490701001436
9279,0.775,5.20875,0.06454935622317597,0.33648068669527903
9280,0.83,5.18875,0.05621745350500716,0.2929899856938484
9281,0.86,5.21125,0.07169098712446352,0.37539341917024327
9282,0.685,5.19625,0.05704148783977111,0.2952789699570816
9283,0.8475,5.18375,0.05731616595135909,0.2952789699570816
9284,0.86,5.21125,0.07169098712446352,0.37539341917024327
9285,0.735,5.1775,0.06125321888412018,0.3181688125894135
9286,0.755,5.2075,0.06793705293276109,0.35250357653791137
9287,0.7175,5.18375,0.05978826895565094,0.3113018597997139
9288,0.8375,5.19,0.06976824034334765,0.3639484978540773
9289,0.835,5.18875,0.06976824034334765,0.3639484978540773
9290,0.805,5.20625,0.06711301859799715,0.34792560801144495
9291,0.7525,5.18875,0.06271816881258942,0.32732474964234626
9292,0.75,5.1975,0.06940200286123034,0.35937052932761093
9293,0.8275,5.18875,0.05850643776824035,0.30443490701001436
9294,0.875,5.21,0.07288125894134478,0.3776824034334764
9295,0.8625,5.18625,0.060612303290414886,0.3158798283261803
9296,0.6825,5.2125,0.07233190271816882,0.3776824034334764
9297,0.7025,5.1825,0.05850643776824035,0.30443490701001436
9298,0.7725,5.195,0.06775393419170243,0.35250357653791137
9299,0.875,5.185,0.0566752503576538,0.2929899856938484
9300,0.8675,5.2125,0.07233190271816882,0.3776824034334764
9301,0.9075,5.17875,0.06189413447782547,0.3181688125894135
9302,0.71,5.205,0.0762689556509299,0.3982832618025752
9303,0.725,5.19375,0.06042918454935623,0.3158798283261803
9304,0.7625,5.205,0.06354220314735337,0.3410586552217454
9305,0.87,5.1875,0.06436623748211731,0.3341917024320458
9306,0.8725,5.21,0.07269814020028613,0.3776824034334764
9307,0.6975,5.1825,0.05814020028612304,0.29985693848354794
9308,0.675,5.21125,0.07333905579399143,0.38226037195994284
9309,0.705,5.18375,0.05878111587982833,0.30443490701001436
9310,0.69,5.2,0.057499284692417746,0.29985693848354794
9311,0.86,5.1825,0.05704148783977111,0.2952789699570816
9312,0.8175,5.21375,0.06812017167381974,0.3570815450643777
9313,0.8625,5.2075,0.07187410586552218,0.37539341917024327
9314,0.725,5.20875,0.061711015736766815,0.32274678111587984
9315,0.875,5.20375,0.07288125894134478,0.3776824034334764
9316,0.9,5.205,0.07498712446351932,0.3891273247496424
9317,0.75,5.2,0.07462088698140201,0.3868383404864092
9318,0.9525,5.205,0.07938197424892705,0.4120171673819743
9319,0.825,5.21,0.06876108726752504,0.35937052932761093
9320,0.72,5.20375,0.07517024320457798,0.3891273247496424
9321,0.69,5.1825,0.057499284692417746,0.2952789699570816
9322,0.86,5.21375,0.07169098712446352,0.37539341917024327
9323,0.755,5.20375,0.060246065808297576,0.3158798283261803
9324,0.6825,5.20375,0.07105007153075824,0.37081545064377686
9325,0.76,5.17875,0.06335908440629472,0.32732474964234626
9326,0.7925,5.19125,0.06418311874105866,0.3341917024320458
9327,0.77,5.2,0.05814020028612304,0.30443490701001436
9328,0.835,5.2125,0.069585121602289,0.3639484978540773
9329,0.6975,5.2125,0.06683834048640916,0.34792560801144495
9330,0.68,5.2075,0.07370529327610874,0.38226037195994284
9331,0.875,5.19875,0.07288125894134478,0.3776824034334764
9332,0.8525,5.1825,0.06418311874105866,0.3341917024320458
9333,0.725,5.21125,0.07315593705293277,0.38226037195994284
9334,0.715,5.18875,0.059605150214592284,0.30672389127324756
9335,0.76,5.20625,0.06747925608011446,0.35250357653791137
9336,0.86,5.1825,0.058964234620886985,0.30443490701001436
9337,0.7825,5.21125,0.06519027181688127,0.3410586552217454
9338,0.83,5.19,0.06912732474964235,0.35937052932761093
9339,0.69,5.2125,0.069585121602289,0.3639484978540773
9340,0.8625,5.20875,0.07187410586552218,0.37539341917024327
9341,0.73,5.18375,0.06079542203147354,0.3158798283261803
9342,0.6975,5.21375,0.06812017167381974,0.3570815450643777
9343,0.7675,5.19,0.064,0.3341917024320458
9344,0.715,5.1825,0.059605150214592284,0.30672389127324756
9345,1.2525,5.165,0.11188555078683836,0.576824034334764
9346,0.8675,5.21,0.07233190271816882,0.37539341917024327
9347,0.7275,5.17875,0.060612303290414886,0.3158798283261803
9348,0.9025,5.18,0.059971387696709594,0.3113018597997139
9349,0.8275,5.18875,0.0689442060085837,0.3570815450643777
9350,0.8975,5.21,0.07480400572246067,0.3891273247496424
9351,0.715,5.20875,0.06308440629470673,0.32961373390557946
9352,0.7975,5.1925,0.06647210300429185,0.34563662374821175
9353,0.6775,5.1825,0.056492131616595144,0.2929899856938484
9354,0.8025,5.19,0.06418311874105866,0.3341917024320458
9355,0.6775,5.18375,0.056492131616595144,0.2929899856938484
9356,0.75,5.2075,0.06253505007153076,0.32732474964234626
9357,0.83,5.19,0.055851216022889845,0.288412017167382
9358,0.695,5.2125,0.07004291845493563,0.3639484978540773
9359,0.7325,5.185,0.06107010014306152,0.3158798283261803
9360,0.8725,5.17625,0.06775393419170243,0.35250357653791137
9361,0.8625,5.185,0.06564806866952791,0.3410586552217454
9362,0.8675,5.21,0.07233190271816882,0.37539341917024327
9363,0.7375,5.2075,0.069585121602289,0.3639484978540773
9364,0.8875,5.18375,0.059605150214592284,0.30672389127324756
9365,0.87,5.19625,0.07251502145922747,0.37539341917024327
9366,0.845,5.185,0.060612303290414886,0.3158798283261803
9367,0.845,5.185,0.05621745350500716,0.2929899856938484
9368,0.9125,5.20125,0.07608583690987125,0.3982832618025752
9369,0.8575,5.18375,0.07141630901287555,0.30672389127324756
9370,0.845,5.18875,0.05878111587982833,0.30443490701001436
9371,0.7175,5.20375,0.05978826895565094,0.3113018597997139
9372,0.8175,5.19625,0.06812017167381974,0.35250357653791137
9373,0.72,5.20875,0.0689442060085837,0.35937052932761093
9374,0.88,5.21125,0.07333905579399143,0.38226037195994284
9375,0.705,5.1825,0.05878111587982833,0.30443490701001436
9376,0.805,5.1975,0.06226037195994278,0.32274678111587984
9377,0.8125,5.18875,0.06775393419170243,0.35250357653791137
9378,0.745,5.1975,0.062077253218884125,0.32274678111587984
9379,0.85,5.18875,0.05978826895565094,0.3113018597997139
9380,0.7875,5.18375,0.06564806866952791,0.3410586552217454
9381,0.685,5.195,0.05704148783977111,0.2952789699570816
9382,0.87,5.18125,0.06308440629470673,0.32732474964234626
9383,0.675,5.1925,0.05621745350500716,0.2929899856938484
9384,0.86,5.2125,0.07169098712446352,0.37539341917024327
9385,0.705,5.21125,0.06601430615164522,0.34563662374821175
9386,0.835,5.2,0.069585121602289,0.35937052932761093
9387,0.695,5.18125,0.05795708154506438,0.29985693848354794
9388,0.8775,5.18125,0.057499284692417746,0.2952789699570816
9389,0.675,5.19,0.05621745350500716,0.2929899856938484
9390,0.865,5.21,0.07205722460658083,0.37539341917024327
9391,0.8325,5.18875,0.0689442060085837,0.3570815450643777
9392,0.725,5.21125,0.07370529327610874,0.38226037195994284
9393,0.7125,5.18125,0.059330472103004295,0.30672389127324756
9394,0.845,5.19125,0.059605150214592284,0.3113018597997139
9395,0.8675,5.18375,0.06601430615164522,0.3410586552217454
9396,0.8475,5.2,0.07059227467811159,0.36852646638054365
9397,0.6875,5.2125,0.07022603719599428,0.36852646638054365
9398,0.8675,5.1825,0.056858369098712454,0.2952789699570816
9399,0.7775,5.21,0.06482403433476396,0.33648068669527903
9400,0.835,5.18625,0.056492131616595144,0.2929899856938484
9401,0.675,5.20875,0.07123319027181689,0.37081545064377686
9402,0.74,5.1875,0.061711015736766815,0.3181688125894135
9403,0.7975,5.19,0.06647210300429185,0.34563662374821175
9404,0.72,5.20875,0.06335908440629472,0.32961373390557946
9405,0.8925,5.2025,0.07434620886981402,0.3868383404864092
9406,0.895,5.20125,0.07462088698140201,0.3868383404864092
9407,0.9075,5.17875,0.062077253218884125,0.32274678111587984
9408,0.8975,5.2,0.07480400572246067,0.3891273247496424
9409,0.905,5.20875,0.07544492131616595,0.3937052932761088
9410,0.7575,5.1975,0.07370529327610874,0.38226037195994284
9411,0.8575,5.20375,0.07141630901287555,0.37081545064377686
9412,0.69,5.1825,0.057499284692417746,0.2952789699570816
9413,0.8225,5.18625,0.06253505007153076,0.32274678111587984
9414,0.8625,5.2125,0.07187410586552218,0.37539341917024327
9415,0.8375,5.20125,0.06976824034334765,0.3639484978540773
9416,0.6775,5.2125,0.07269814020028613,0.3776824034334764
9417,2.245,5.10625,0.18705579399141634,0.9567954220314737
9418,2.5425,5.07875,0.2118683834048641,1.0758226037195995
9419,3.75,4.9975,0.31249213161659517,1.5610872675250358
9420,4.6525,4.9375,0.38775393419170245,1.9158798283261804
9421,5.115,4.9075,0.42620886981402006,2.0921316165951365
9422,5.095,4.915,0.4237367668097282,2.08068669527897
9423,5.0625,4.90375,0.4253848354792561,2.0852646638054364
9424,5.1275,4.90625,0.427307582260372,2.0967095851216024
9425,5.1425,4.90625,0.4266666666666667,2.0921316165951365
9426,5.1275,4.905,0.4271244635193133,2.0967095851216024
9427,5.145,4.90375,0.42877253218884126,2.103576537911302
9428,5.1425,4.9025,0.42648354792560805,2.0921316165951365
9429,5.1525,4.9025,0.42941344778254653,2.103576537911302
9430,5.1725,4.9025,0.4310615164520744,2.115021459227468
9431,5.1525,4.9025,0.4306037195994278,2.1104434907010017
9432,5.165,4.90125,0.43042060085836914,2.1104434907010017
9433,5.15,4.90375,0.42913876967095854,2.103576537911302
9434,5.155,4.90375,0.4299628040057225,2.1081545064377685
9435,5.1625,4.9025,0.4299628040057225,2.1081545064377685
9436,5.16,4.9025,0.4299628040057225,2.1081545064377685
9437,5.1675,4.9025,0.4306037195994278,2.1104434907010017
9438,5.1475,4.90375,0.43042060085836914,2.1104434907010017
9439,5.1525,4.90375,0.42941344778254653,2.103576537911302
9440,5.165,4.9025,0.43042060085836914,2.1104434907010017
9441,5.16,4.9025,0.4302374821173105,2.1081545064377685
9442,5.17,4.9025,0.43087839771101577,2.1104434907010017
9443,5.1625,4.90375,0.4302374821173105,2.1104434907010017
9444,5.1675,4.90375,0.4299628040057225,2.1081545064377685
9445,5.18,4.9025,0.43170243204577974,2.115021459227468
9446,5.165,4.905,0.43042060085836914,2.1104434907010017
9447,5.1625,4.90125,0.43042060085836914,2.1104434907010017
9448,5.16,4.9025,0.4299628040057225,2.1081545064377685
9449,5.17,4.9,0.43087839771101577,2.1104434907010017
9450,5.1575,4.9025,0.4312446351931331,2.115021459227468
9451,5.185,4.9025,0.432068669527897,2.1195994277539345
9452,5.1675,4.90125,0.4306037195994278,2.1104434907010017
9453,5.1725,4.9025,0.43087839771101577,2.1104434907010017
9454,5.17,4.90375,0.43087839771101577,2.1104434907010017
9455,5.18,4.9025,0.43170243204577974,2.115021459227468
9456,5.1725,4.90375,0.4312446351931331,2.115021459227468
9457,5.1975,4.90125,0.43087839771101577,2.1104434907010017
9458,5.1775,4.9025,0.43142775393419175,2.115021459227468
9459,5.1775,4.9025,0.4306037195994278,2.1104434907010017
9460,5.1525,4.9025,0.4322517882689557,2.1195994277539345
9461,5.175,4.9025,0.4312446351931331,2.115021459227468
9462,5.16,4.9025,0.43087839771101577,2.1104434907010017
9463,5.16,4.9025,0.43087839771101577,2.1104434907010017
9464,5.1725,4.90125,0.4310615164520744,2.1104434907010017
9465,5.17,4.90125,0.43087839771101577,2.1104434907010017
9466,5.1825,4.90375,0.4295965665236052,2.1081545064377685
9467,4.91,4.91625,0.4091788268955651,2.009728183118741
9468,4.885,4.9225,0.4070729613733906,2.0280400572246067
9469,4.8325,4.94375,0.3802460658082976,1.8792560801144493
9470,4.8625,4.92,0.40524177396280403,1.995994277539342
9471,5.155,4.90375,0.4295965665236052,2.1081545064377685
9472,4.9625,4.91625,0.41247496423462093,2.0280400572246067
9473,4.88,4.9175,0.40670672389127327,1.9982832618025754
9474,4.935,4.91625,0.4112846924177397,2.0211731044349075
9475,5.065,4.9225,0.40853791130185985,2.009728183118741
9476,4.8275,4.92375,0.40231187410586555,1.9799713876967096
9477,4.8725,4.92,0.406065808297568,1.9982832618025754
9478,4.905,4.92125,0.406065808297568,1.9982832618025754
9479,4.8925,4.91875,0.4077138769670959,2.0074391988555083
9480,5.16,4.90125,0.4299628040057225,2.1081545064377685
9481,5.1525,4.90125,0.43142775393419175,2.115021459227468
9482,5.1925,4.90125,0.43270958512160235,2.1218884120171677
9483,5.175,4.90125,0.4312446351931331,2.115021459227468
9484,5.1775,4.90125,0.4306037195994278,2.1104434907010017
9485,5.17,4.90375,0.43087839771101577,2.1104434907010017
9486,5.17,4.9,0.43087839771101577,2.1104434907010017
9487,5.175,4.9025,0.4295965665236052,2.1081545064377685
9488,5.1725,4.9,0.4310615164520744,2.1104434907010017
9489,5.1775,4.9,0.43142775393419175,2.115021459227468
9490,5.1675,4.90125,0.4322517882689557,2.1195994277539345
9491,5.0775,4.90625,0.4310615164520744,2.115021459227468
9492,5.1875,4.90125,0.4322517882689557,2.1195994277539345
9493,5.1875,4.9025,0.4312446351931331,2.115021459227468
9494,5.1675,4.90125,0.4318855507868384,2.115021459227468
9495,5.19,4.90125,0.43252646638054365,2.1195994277539345
9496,5.1675,4.90125,0.43170243204577974,2.115021459227468
9497,5.1825,4.9025,0.43087839771101577,2.1104434907010017
9498,5.1925,4.9,0.43270958512160235,2.1195994277539345
9499,5.1875,4.9025,0.43170243204577974,2.115021459227468
9500,5.1875,4.9025,0.43142775393419175,2.115021459227468
9501,5.1725,4.9025,0.4310615164520744,2.115021459227468
9502,5.1725,4.90125,0.4310615164520744,2.1218884120171677
9503,5.2,4.90125,0.4302374821173105,2.1081545064377685
9504,5.1775,4.90125,0.43142775393419175,2.115021459227468
9505,5.19,4.90125,0.43252646638054365,2.1195994277539345
9506,5.1825,4.90125,0.4318855507868384,2.115021459227468
9507,5.175,4.89875,0.4312446351931331,2.1104434907010017
9508,5.165,4.9025,0.43042060085836914,2.1104434907010017
9509,5.1875,4.90125,0.43170243204577974,2.115021459227468
9510,5.16,4.90125,0.4299628040057225,2.1081545064377685
9511,5.21,4.905,0.4341745350500716,2.1310443490701
9512,5.1825,4.90125,0.43170243204577974,2.115021459227468
9513,5.1875,4.90125,0.4322517882689557,2.1195994277539345
9514,5.1775,4.9,0.43142775393419175,2.115021459227468
9515,5.17,4.9025,0.432068669527897,2.1195994277539345
9516,5.1825,4.9025,0.4318855507868384,2.1195994277539345
9517,5.19,4.9,0.43252646638054365,2.1195994277539345
9518,5.1825,4.9,0.432068669527897,2.1195994277539345
9519,5.1675,4.90125,0.4306037195994278,2.1104434907010017
9520,5.195,4.90125,0.432892703862661,2.1218884120171677
9521,5.1675,4.90125,0.4310615164520744,2.1104434907010017
9522,5.2025,4.9025,0.43142775393419175,2.115021459227468
9523,5.1925,4.9,0.43270958512160235,2.1195994277539345
9524,5.1725,4.9025,0.43142775393419175,2.115021459227468
9525,5.2,4.90125,0.42977968526466387,2.1081545064377685
9526,5.185,4.9025,0.432068669527897,2.1195994277539345
9527,5.1875,4.90125,0.432892703862661,2.1218884120171677
9528,5.18,4.9025,0.43142775393419175,2.115021459227468
9529,5.17,4.9,0.43087839771101577,2.1104434907010017
9530,5.1875,4.90125,0.432068669527897,2.1195994277539345
9531,5.1725,4.90125,0.43170243204577974,2.115021459227468
9532,5.175,4.90125,0.4312446351931331,2.115021459227468
9533,5.19,4.9025,0.43252646638054365,2.1195994277539345
9534,5.1925,4.90125,0.43142775393419175,2.115021459227468
9535,5.175,4.9025,0.4312446351931331,2.115021459227468
9536,5.185,4.9,0.432068669527897,2.1195994277539345
9537,5.1875,4.90125,0.432068669527897,2.1195994277539345
9538,5.1775,4.90125,0.43142775393419175,2.115021459227468
9539,5.18,4.9,0.43170243204577974,2.115021459227468
9540,5.1775,4.90125,0.43170243204577974,2.115021459227468
9541,5.1925,4.9,0.43270958512160235,2.1195994277539345
9542,5.185,4.90125,0.432068669527897,2.1195994277539345
9543,5.18,4.90125,0.432068669527897,2.1195994277539345
9544,5.1625,4.9,0.4302374821173105,2.1081545064377685
9545,5.1875,4.9,0.4322517882689557,2.1195994277539345
9546,5.1575,4.90125,0.432068669527897,2.1195994277539345
9547,5.1875,4.9025,0.4322517882689557,2.1195994277539345
9548,5.185,4.90125,0.432068669527897,2.1195994277539345
9549,5.1825,4.90125,0.4312446351931331,2.115021459227468
9550,5.1725,4.90125,0.4310615164520744,2.1104434907010017
9551,5.185,4.89875,0.432068669527897,2.115021459227468
9552,5.1725,4.9,0.433167381974249,2.1218884120171677
9553,5.18,4.90125,0.43170243204577974,2.115021459227468
9554,5.175,4.90125,0.4312446351931331,2.115021459227468
9555,5.19,4.9,0.4322517882689557,2.1195994277539345
9556,5.175,4.90125,0.43142775393419175,2.115021459227468
9557,5.185,4.9025,0.432068669527897,2.1195994277539345
9558,5.19,4.90125,0.43252646638054365,2.1195994277539345
9559,5.1925,4.90125,0.432892703862661,2.1218884120171677
9560,5.1775,4.9,0.43142775393419175,2.115021459227468
9561,5.1925,4.89875,0.4306037195994278,2.1081545064377685
9562,5.1975,4.90125,0.4322517882689557,2.1195994277539345
9563,5.175,4.90125,0.4312446351931331,2.115021459227468
9564,5.185,4.9,0.432068669527897,2.1195994277539345
9565,5.18,4.9,0.43042060085836914,2.1081545064377685
9566,5.185,4.9,0.432068669527897,2.1195994277539345
9567,5.175,4.90125,0.4312446351931331,2.115021459227468
9568,5.19,4.9025,0.4322517882689557,2.1195994277539345
9569,5.1875,4.89875,0.4322517882689557,2.1195994277539345
9570,5.1775,4.89875,0.43142775393419175,2.115021459227468
9571,5.185,4.9,0.4322517882689557,2.1195994277539345
9572,5.175,4.89875,0.4312446351931331,2.1104434907010017
9573,5.1925,4.90125,0.43270958512160235,2.1218884120171677
9574,5.1925,4.90125,0.4310615164520744,2.1104434907010017
9575,5.1675,4.9,0.4306037195994278,2.1104434907010017
9576,5.19,4.9025,0.43252646638054365,2.1195994277539345
9577,5.1775,4.90125,0.43087839771101577,2.1104434907010017
9578,5.175,4.90125,0.4312446351931331,2.115021459227468
9579,5.1775,4.90125,0.43142775393419175,2.115021459227468
9580,5.1675,4.90125,0.432068669527897,2.1195994277539345
9581,5.1725,4.9,0.4310615164520744,2.1104434907010017
9582,5.17,4.90125,0.43087839771101577,2.1104434907010017
9583,5.185,4.9,0.4322517882689557,2.1195994277539345
9584,5.175,4.9,0.4312446351931331,2.1104434907010017
9585,5.18,4.90125,0.43170243204577974,2.115021459227468
9586,5.185,4.9,0.43399141630901295,2.1264663805436337
9587,5.17,4.89875,0.43087839771101577,2.1104434907010017
9588,5.175,4.9,0.4312446351931331,2.1104434907010017
9589,5.175,4.9025,0.43270958512160235,2.1218884120171677
9590,5.1975,4.90125,0.4322517882689557,2.1195994277539345
9591,5.2025,4.9,0.43353361945636626,2.1218884120171677
9592,5.1775,4.9,0.4322517882689557,2.1195994277539345
9593,5.1875,4.9,0.432892703862661,2.1218884120171677
9594,5.1725,4.90125,0.4310615164520744,2.1104434907010017
9595,5.165,4.8975,0.43252646638054365,2.1195994277539345
9596,5.2025,4.90125,0.432068669527897,2.1195994277539345
9597,5.17,4.90125,0.43087839771101577,2.1104434907010017
9598,5.19,4.9,0.43170243204577974,2.115021459227468
9599,5.16,4.9,0.432892703862661,2.1218884120171677
9600,5.185,4.9025,0.432068669527897,2.1195994277539345
9601,5.18,4.89875,0.43170243204577974,2.115021459227468
9602,5.195,4.90125,0.43270958512160235,2.1218884120171677
9603,5.1775,4.9,0.43142775393419175,2.115021459227468
9604,5.175,4.90125,0.4312446351931331,2.115021459227468
9605,5.1875,4.90125,0.43142775393419175,2.115021459227468
9606,5.185,4.9,0.432068669527897,2.1195994277539345
9607,5.1675,4.9025,0.4306037195994278,2.1104434907010017
9608,5.1975,4.90125,0.43142775393419175,2.115021459227468
9609,5.175,4.9,0.4312446351931331,2.1104434907010017
9610,5.1725,4.90125,0.4310615164520744,2.1104434907010017
9611,5.18,4.9,0.4333505007153076,2.1218884120171677
9612,5.185,4.9,0.432068669527897,2.1195994277539345
9613,5.175,4.9,0.4312446351931331,2.1104434907010017
9614,4.965,4.915,0.41247496423462093,2.0280400572246067
9615,1.6375,5.15875,0.13642346208869816,0.7050071530758227
9616,1.475,5.17125,0.12287267525035767,0.6340486409155938
9617,1.46,5.13875,0.1289155937052933,0.6638054363376252
9618,1.36,5.14125,0.1133505007153076,0.5814020028612304
9619,1.4325,5.14125,0.11939341917024322,0.6157367668097282
9620,1.31,5.165,0.1110615164520744,0.5745350500715308
9621,1.2025,5.17375,0.1004406294706724,0.5218884120171675
9622,1.2775,5.1675,0.10648354792560802,0.5516452074391989
9623,1.295,5.16125,0.12085836909871246,0.6226037195994278
9624,2.1725,5.10125,0.18229470672389128,0.9293276108726753
9625,2.0475,5.10875,0.1706666666666667,0.8698140200286124
9626,1.7475,5.13125,0.15061516452074394,0.7736766809728184
9627,2.0225,5.11625,0.192274678111588,0.9819742489270388
9628,1.645,5.13875,0.13706437768240345,0.7050071530758227
9629,1.83,5.1275,0.12580257510729614,0.6454935622317597
9630,1.735,5.15375,0.1223233190271817,0.6294706723891274
9631,1.6825,5.125,0.14017739628040057,0.721030042918455
9632,1.6,5.13625,0.14063519313304723,0.7233190271816882
9633,1.6275,5.13875,0.15079828326180258,0.7759656652360516
9634,1.6025,5.1425,0.133585121602289,0.6866952789699571
9635,2.51,5.085,0.20912160228898427,1.0643776824034337
9636,1.685,5.1325,0.14210014306151647,0.7278969957081546
9637,1.635,5.13625,0.1362403433476395,0.7004291845493563
9638,2.1275,5.10625,0.17725894134477826,0.9041487839771103
9639,1.5625,5.14375,0.13871244635193133,0.7118741058655222
9640,1.5725,5.14375,0.13102145922746783,0.6752503576537912
9641,1.6125,5.14625,0.13440915593705294,0.6889842632331903
9642,1.735,5.14,0.14274105865522177,0.7347639484978541
9643,2.675,5.07,0.22294706723891275,1.128469241773963
9644,1.6175,5.14125,0.13477539341917025,0.6935622317596567
9645,1.615,5.1275,0.16791988555078685,0.8629470672389129
9646,2.0225,5.13375,0.16856080114449215,0.8652360515021461
9647,1.665,5.145,0.13871244635193133,0.7118741058655222
9648,1.55,5.14375,0.15537625178826897,0.7988555078683836
9649,1.745,5.1375,0.14539628040057226,0.7462088698140201
9650,1.445,5.1525,0.12040057224606582,0.6180257510729614
9651,1.5875,5.145,0.1485092989985694,0.7645207439198857
9652,1.4725,5.14375,0.12268955650929901,0.6294706723891274
9653,1.915,5.1375,0.15958798283261805,0.8217453505007154
9654,1.72,5.13,0.14081831187410587,0.7233190271816882
9655,1.8375,5.13375,0.14310729613733908,0.7347639484978541
9656,1.57,5.14375,0.13083834048640916,0.6706723891273249
9657,1.6275,5.13125,0.1422832618025751,0.7301859799713878
9658,2.1575,5.0825,0.20170529327610875,1.0231759656652362
9659,1.4,5.15625,0.11664663805436339,0.5997138769670959
9660,1.585,5.14,0.1462203147353362,0.7507868383404865
9661,1.515,5.13875,0.13752217453505008,0.7050071530758227
9662,2.045,5.11375,0.1703919885550787,0.8698140200286124
9663,2.015,5.1125,0.17478683834048642,0.8927038626609443
9664,2.0425,5.11125,0.17020886981402006,0.8698140200286124
9665,2.05,5.1125,0.17084978540772533,0.8743919885550788
9666,2.12,5.10375,0.17670958512160231,0.9178826895565093
9667,1.82,5.13625,0.15043204577968528,0.7736766809728184
9668,1.435,5.15375,0.11957653791130188,0.6157367668097282
9669,1.285,5.14875,0.10712446351931332,0.5516452074391989
9670,0.8375,5.19375,0.08688984263233192,0.45092989985693854
9671,0.945,5.205,0.07874105865522175,0.4097281831187411
9672,0.935,5.20875,0.0779170243204578,0.40515021459227474
9673,0.6925,5.2075,0.07462088698140201,0.3891273247496424
9674,0.7075,5.18,0.058964234620886985,0.30443490701001436
9675,0.7425,5.20375,0.06189413447782547,0.32274678111587984
9676,0.8875,5.1825,0.07544492131616595,0.3891273247496424
9677,0.9275,5.2075,0.07727610872675252,0.4005722460658083
9678,0.825,5.20625,0.06876108726752504,0.3570815450643777
9679,0.7475,5.21,0.07123319027181689,0.37081545064377686
9680,0.755,5.19375,0.06290128755364807,0.32732474964234626
9681,0.7825,5.18625,0.06519027181688127,0.33648068669527903
9682,0.895,5.175,0.06857796852646639,0.3570815450643777
9683,0.75,5.205,0.06253505007153076,0.32732474964234626
9684,0.745,5.185,0.062077253218884125,0.32274678111587984
9685,0.9725,5.17625,0.059605150214592284,0.30672389127324756
9686,0.8,5.21,0.0666552217453505,0.34792560801144495
9687,0.8825,5.20125,0.07352217453505008,0.38226037195994284
9688,0.7325,5.2125,0.07086695278969958,0.36852646638054365
9689,0.87,5.18,0.06290128755364807,0.32732474964234626
9690,0.875,5.21,0.07288125894134478,0.3776824034334764
9691,0.8475,5.18625,0.06876108726752504,0.3570815450643777
9692,0.8075,5.1975,0.09128469241773964,0.47610872675250365
9693,0.94,5.20625,0.07837482117310444,0.4097281831187411
9694,0.75,5.2025,0.0762689556509299,0.3982832618025752
9695,0.7875,5.2025,0.06747925608011446,0.35250357653791137
9696,0.775,5.19,0.06454935622317597,0.3341917024320458
9697,0.8325,5.1875,0.06372532188841203,0.32961373390557946
9698,0.81,5.195,0.059330472103004295,0.30672389127324756
9699,0.89,5.21125,0.07416309012875537,0.3868383404864092
9700,0.735,5.2075,0.06125321888412018,0.3181688125894135
9701,0.835,5.18375,0.06271816881258942,0.32732474964234626
9702,0.7475,5.205,0.06226037195994278,0.32274678111587984
9703,0.88,5.2,0.07333905579399143,0.38226037195994284
9704,0.73,5.1975,0.07434620886981402,0.3868383404864092
9705,0.685,5.185,0.05704148783977111,0.2952789699570816
9706,1.1375,5.17625,0.09476394849785409,0.492131616595136
9707,0.7725,5.20625,0.07333905579399143,0.38226037195994284
9708,0.7825,5.195,0.06519027181688127,0.33648068669527903
9709,0.7275,5.1825,0.060612303290414886,0.3158798283261803
9710,0.7925,5.2025,0.06537339055793992,0.3410586552217454
9711,0.7175,5.18375,0.05978826895565094,0.3113018597997139
9712,0.8825,5.21125,0.07352217453505008,0.38226037195994284
9713,0.7175,5.2025,0.07352217453505008,0.38226037195994284
9714,0.7075,5.19375,0.058964234620886985,0.30672389127324756
9715,0.83,5.19875,0.06912732474964235,0.35937052932761093
9716,0.685,5.21,0.07892417739628041,0.4120171673819743
9717,0.7075,5.18125,0.058964234620886985,0.30443490701001436
9718,0.75,5.2025,0.06253505007153076,0.32732474964234626
9719,0.7675,5.205,0.07288125894134478,0.3776824034334764
9720,0.88,5.1875,0.06290128755364807,0.32732474964234626
9721,0.73,5.18,0.06079542203147354,0.3158798283261803
9722,0.81,5.19875,0.06271816881258942,0.32732474964234626
9723,0.9025,5.18125,0.06079542203147354,0.3158798283261803
9724,0.835,5.18375,0.069585121602289,0.35937052932761093
9725,0.9275,5.1825,0.0662889842632332,0.34563662374821175
9726,0.6775,5.2075,0.07333905579399143,0.38226037195994284
9727,0.69,5.1825,0.057499284692417746,0.2952789699570816
9728,0.845,5.185,0.06125321888412018,0.3181688125894135
9729,1.2075,5.165,0.1744206008583691,0.8995708154506439
9730,1.5925,5.16125,0.1326695278969957,0.6866952789699571
9731,1.3625,5.145,0.1700257510729614,0.8743919885550788
9732,1.275,5.17,0.10959656652360517,0.5653791130185981
9733,0.755,5.1775,0.06290128755364807,0.32732474964234626
9734,0.9,5.19875,0.07498712446351932,0.3891273247496424
9735,0.8125,5.19125,0.07233190271816882,0.37539341917024327
9736,0.965,5.205,0.08038912732474965,0.421173104434907
9737,0.915,5.20875,0.0762689556509299,0.3982832618025752
9738,0.7625,5.19625,0.07416309012875537,0.3868383404864092
9739,0.8825,5.21,0.07352217453505008,0.38226037195994284
9740,0.7875,5.20125,0.06564806866952791,0.3410586552217454
9741,0.705,5.21125,0.06857796852646639,0.3570815450643777
9742,0.785,5.19,0.06537339055793992,0.33648068669527903
9743,0.6925,5.19625,0.0576824034334764,0.29985693848354794
9744,0.8125,5.19,0.06500715307582261,0.33648068669527903
9745,0.7475,5.20375,0.06226037195994278,0.32274678111587984
9746,0.8625,5.19875,0.07187410586552218,0.37539341917024327
9747,0.6825,5.21,0.07333905579399143,0.38226037195994284
9748,0.7975,5.19125,0.06647210300429185,0.34563662374821175
9749,0.6925,5.19625,0.0576824034334764,0.29985693848354794
9750,0.8725,5.18,0.06482403433476396,0.33648068669527903
9751,0.9025,5.2,0.07517024320457798,0.3891273247496424
9752,0.7575,5.19625,0.06308440629470673,0.32732474964234626
9753,0.775,5.20125,0.07169098712446352,0.37081545064377686
9754,0.8425,5.1925,0.06079542203147354,0.3158798283261803
9755,0.85,5.19,0.07086695278969958,0.36852646638054365
9756,0.715,5.2,0.07169098712446352,0.37081545064377686
9757,0.855,5.18375,0.05731616595135909,0.2952789699570816
9758,0.8275,5.21125,0.0689442060085837,0.35937052932761093
9759,0.8525,5.18875,0.0566752503576538,0.2929899856938484
9760,0.705,5.2125,0.06793705293276109,0.35250357653791137
9761,0.785,5.19125,0.06537339055793992,0.33648068669527903
9762,0.69,5.20875,0.07608583690987125,0.3982832618025752
9763,0.7925,5.1975,0.06226037195994278,0.32274678111587984
9764,0.8925,5.2125,0.07434620886981402,0.3868383404864092
9765,0.71,5.21125,0.05914735336194564,0.34792560801144495
9766,0.9225,5.18,0.060612303290414886,0.3158798283261803
9767,0.915,5.20125,0.0762689556509299,0.3982832618025752
9768,0.745,5.1925,0.062077253218884125,0.32274678111587984
9769,0.8525,5.18375,0.06601430615164522,0.3410586552217454
9770,0.9275,5.2075,0.07727610872675252,0.4005722460658083
9771,0.6775,5.1875,0.056492131616595144,0.2929899856938484
9772,0.7775,5.1925,0.06583118741058656,0.3410586552217454
9773,0.88,5.21,0.07333905579399143,0.38226037195994284
9774,0.845,5.2,0.07040915593705294,0.36852646638054365
9775,0.69,5.21375,0.07205722460658083,0.37539341917024327
9776,0.7425,5.185,0.06189413447782547,0.32274678111587984
9777,0.695,5.19,0.05795708154506438,0.29985693848354794
9778,0.8625,5.18125,0.05731616595135909,0.2952789699570816
9779,1.39,5.16625,0.11582260371959945,0.5997138769670959
9780,0.685,5.19125,0.05704148783977111,0.2952789699570816
9781,0.825,5.19625,0.06226037195994278,0.32274678111587984
9782,0.755,5.18,0.06290128755364807,0.32732474964234626
9783,0.8975,5.19125,0.07480400572246067,0.3891273247496424
9784,0.86,5.19,0.060246065808297576,0.3113018597997139
9785,0.845,5.19,0.07040915593705294,0.3639484978540773
9786,0.87,5.20375,0.07251502145922747,0.3776824034334764
9787,0.84,5.19125,0.06290128755364807,0.32732474964234626
9788,0.695,5.20625,0.07416309012875537,0.3868383404864092
9789,0.73,5.18125,0.06079542203147354,0.3158798283261803
9790,0.7625,5.19625,0.0689442060085837,0.35937052932761093
9791,0.815,5.19125,0.05731616595135909,0.2952789699570816
9792,0.89,5.2075,0.07416309012875537,0.3868383404864092
9793,0.71,5.21,0.0666552217453505,0.34792560801144495
9794,0.8625,5.18125,0.059605150214592284,0.30672389127324756
9795,0.7725,5.20875,0.06436623748211731,0.3341917024320458
9796,0.72,5.20875,0.07544492131616595,0.3937052932761088
9797,0.8175,5.195,0.06226037195994278,0.32274678111587984
9798,0.775,5.18,0.06454935622317597,0.3341917024320458
9799,0.9025,5.17875,0.07517024320457798,0.3891273247496424
9800,0.86,5.185,0.06647210300429185,0.34563662374821175
9801,0.8775,5.21125,0.07315593705293277,0.38226037195994284
9802,0.745,5.185,0.062077253218884125,0.32274678111587984
9803,0.8725,5.1825,0.05878111587982833,0.30443490701001436
9804,0.86,5.21,0.07169098712446352,0.37539341917024327
9805,0.8425,5.1975,0.07022603719599428,0.3639484978540773
9806,0.6825,5.21125,0.07141630901287555,0.37081545064377686
9807,0.735,5.18375,0.06125321888412018,0.3181688125894135
9808,0.68,5.18375,0.0566752503576538,0.2929899856938484
9809,0.7375,5.19875,0.069585121602289,0.35937052932761093
9810,0.685,5.185,0.05704148783977111,0.2952789699570816
9811,0.7675,5.17875,0.064,0.32961373390557946
9812,0.915,5.1775,0.06271816881258942,0.32732474964234626
9813,0.92,5.2075,0.07663519313304722,0.3982832618025752
9814,0.7475,5.17875,0.06226037195994278,0.32274678111587984
9815,0.9125,5.17875,0.062077253218884125,0.32274678111587984
9816,0.875,5.2075,0.07288125894134478,0.3776824034334764
9817,0.685,5.19375,0.05704148783977111,0.2952789699570816
9818,0.8725,5.18125,0.0576824034334764,0.29985693848354794
9819,0.83,5.1875,0.06912732474964235,0.35937052932761093
9820,0.74,5.2025,0.061711015736766815,0.32274678111587984
9821,0.855,5.18125,0.06042918454935623,0.3113018597997139
9822,0.74,5.205,0.062077253218884125,0.32274678111587984
9823,0.8775,5.205,0.07315593705293277,0.38226037195994284
9824,0.7625,5.20375,0.060246065808297576,0.3158798283261803
9825,0.71,5.21,0.06537339055793992,0.3410586552217454
9826,0.7625,5.18,0.06354220314735337,0.32961373390557946
9827,0.92,5.18,0.06143633762517883,0.3181688125894135
9828,0.735,5.2025,0.08038912732474965,0.421173104434907
9829,0.83,5.20875,0.06912732474964235,0.35937052932761093
9830,0.72,5.2075,0.0769098712446352,0.4005722460658083
9831,0.815,5.19125,0.06372532188841203,0.32961373390557946
9832,0.88,5.20875,0.07333905579399143,0.38226037195994284
9833,0.6975,5.21125,0.05814020028612304,0.29985693848354794
9834,0.825,5.19,0.05704148783977111,0.2952789699570816
9835,0.8375,5.195,0.06976824034334765,0.3639484978540773
9836,0.685,5.18375,0.05704148783977111,0.2952789699570816
9837,0.8,5.18875,0.06436623748211731,0.3341917024320458
9838,0.7075,5.1975,0.058964234620886985,0.30672389127324756
9839,0.8425,5.2,0.07022603719599428,0.3639484978540773
9840,0.6925,5.21375,0.07123319027181689,0.37081545064377686
9841,0.73,5.18,0.06079542203147354,0.3158798283261803
9842,0.8725,5.1925,0.07269814020028613,0.3776824034334764
9843,0.8975,5.18125,0.06418311874105866,0.3341917024320458
9844,0.895,5.21,0.07462088698140201,0.3891273247496424
9845,0.72,5.185,0.059971387696709594,0.3113018597997139
9846,0.875,5.19125,0.06747925608011446,0.34792560801144495
9847,0.875,5.21125,0.07288125894134478,0.3776824034334764
9848,0.7775,5.18875,0.06482403433476396,0.33648068669527903
9849,0.7075,5.20375,0.07645207439198856,0.3982832618025752
9850,0.7025,5.18125,0.05850643776824035,0.30443490701001436
9851,0.855,5.2125,0.07123319027181689,0.37081545064377686
9852,0.8425,5.1875,0.05704148783977111,0.2952789699570816
9853,0.7125,5.21125,0.06519027181688127,0.3410586552217454
9854,0.7975,5.18875,0.06647210300429185,0.34563662374821175
9855,0.8125,5.18875,0.064,0.3341917024320458
9856,0.7225,5.20375,0.07645207439198856,0.3982832618025752
9857,0.895,5.20875,0.07462088698140201,0.3891273247496424
9858,0.72,5.2075,0.07608583690987125,0.3982832618025752
9859,0.8575,5.19,0.06042918454935623,0.3158798283261803
9860,0.85,5.18875,0.07086695278969958,0.36852646638054365
9861,0.885,5.18375,0.06354220314735337,0.32961373390557946
9862,0.68,5.21,0.07288125894134478,0.3776824034334764
9863,0.765,5.1875,0.06372532188841203,0.32961373390557946
9864,0.79,5.19625,0.0762689556509299,0.3982832618025752
9865,0.825,5.19125,0.056858369098712454,0.2952789699570816
9866,0.77,5.21,0.06418311874105866,0.3341917024320458
9867,0.8725,5.205,0.07269814020028613,0.3776824034334764
9868,0.8325,5.18875,0.0566752503576538,0.2929899856938484
9869,1.335,5.16375,0.11124463519313306,0.5745350500715308
9870,0.68,5.19125,0.0566752503576538,0.2929899856938484
9871,0.835,5.19375,0.07059227467811159,0.36852646638054365
9872,0.735,5.17875,0.06125321888412018,0.3181688125894135
9873,0.9125,5.2025,0.07608583690987125,0.3982832618025752
9874,0.775,5.1975,0.07956509298998571,0.4120171673819743
9875,0.7175,5.18625,0.05978826895565094,0.3113018597997139
9876,0.8625,5.2025,0.07187410586552218,0.37539341917024327
9877,0.74,5.205,0.0666552217453505,0.34792560801144495
9878,0.89,5.2025,0.07416309012875537,0.3868383404864092
9879,0.73,5.18375,0.06079542203147354,0.3158798283261803
9880,0.7575,5.19375,0.06647210300429185,0.34563662374821175
9881,0.7075,5.18125,0.058964234620886985,0.30443490701001436
9882,0.7375,5.205,0.06143633762517883,0.3181688125894135
9883,0.8775,5.18,0.05814020028612304,0.29985693848354794
9884,0.7175,5.20125,0.05978826895565094,0.3113018597997139
9885,0.875,5.20875,0.07288125894134478,0.3776824034334764
9886,0.89,5.18125,0.06482403433476396,0.33648068669527903
9887,0.745,5.21125,0.07187410586552218,0.37539341917024327
9888,0.735,5.1775,0.06125321888412018,0.3181688125894135
9889,0.855,5.19,0.059971387696709594,0.3113018597997139
9890,0.8775,5.185,0.06711301859799715,0.34792560801144495
9891,0.8725,5.21125,0.07269814020028613,0.3776824034334764
9892,0.7175,5.20875,0.06436623748211731,0.3341917024320458
9893,0.6875,5.20625,0.07251502145922747,0.3776824034334764
9894,0.815,5.1925,0.06793705293276109,0.35250357653791137
9895,0.715,5.21,0.06537339055793992,0.3410586552217454
9896,0.765,5.19,0.06564806866952791,0.3410586552217454
9897,0.695,5.1975,0.05795708154506438,0.29985693848354794
9898,0.875,5.18,0.07288125894134478,0.29985693848354794
9899,0.7875,5.19625,0.06308440629470673,0.32732474964234626
9900,0.8725,5.20375,0.07269814020028613,0.3776824034334764
9901,0.7825,5.2025,0.06519027181688127,0.33648068669527903
9902,0.735,5.21,0.07269814020028613,0.3776824034334764
9903,0.7675,5.20125,0.064,0.3341917024320458
9904,0.7425,5.17875,0.06189413447782547,0.3181688125894135
9905,0.855,5.19,0.060612303290414886,0.3158798283261803
9906,0.835,5.2,0.069585121602289,0.35937052932761093
9907,0.6875,5.18125,0.05731616595135909,0.2952789699570816
9908,0.695,5.205,0.07727610872675252,0.4005722460658083
9909,0.695,5.1825,0.05795708154506438,0.29985693848354794
9910,0.6925,5.19625,0.0576824034334764,0.29985693848354794
9911,0.73,5.1975,0.06876108726752504,0.3570815450643777
9912,0.69,5.18125,0.057499284692417746,0.2952789699570816
9913,0.7975,5.21125,0.06647210300429185,0.34563662374821175
9914,0.8875,5.1825,0.05795708154506438,0.29985693848354794
9915,0.835,5.2125,0.069585121602289,0.3639484978540773
9916,0.845,5.19,0.07040915593705294,0.3639484978540773
9917,0.9525,5.1725,0.0689442060085837,0.3570815450643777
9918,0.915,5.2075,0.0762689556509299,0.3982832618025752
9919,1.635,5.15,0.1362403433476395,0.7004291845493563
9920,1.7075,5.1275,0.15208011444921318,0.7805436337625179
9921,1.7775,5.1475,0.13605722460658085,0.7004291845493563
9922,2.0475,5.11,0.1706666666666667,0.8743919885550788
9923,2.0925,5.1025,0.18476680972818313,0.9407725321888413
9924,1.84,5.11,0.17149070100143063,0.876680972818312
9925,1.66,5.1475,0.13834620886981402,0.7118741058655222
9926,1.7,5.13,0.1266266094420601,0.6477825464949929
9927,1.52,5.15,0.13688125894134479,0.7050071530758227
9928,1.5875,5.15,0.1323032904148784,0.6821173104434908
9929,1.9625,5.1075,0.1564749642346209,0.7988555078683836
9930,1.965,5.11875,0.1614191702432046,0.8240343347639486
9931,2.0025,5.11875,0.16691273247496424,0.8560801144492132
9932,1.985,5.1175,0.165447782546495,0.8515021459227468
9933,1.985,5.115,0.16599713876967098,0.8469241773962805
9934,1.8975,5.1225,0.1581230329041488,0.8103004291845495
9935,1.035,5.175,0.08624892703862662,0.44635193133047213
9936,1.995,5.1125,0.1744206008583691,0.8927038626609443
9937,2.03,5.11375,0.16920171673819745,0.8652360515021461
9938,0.8725,5.20375,0.07269814020028613,0.3776824034334764
9939,0.89,5.18125,0.06271816881258942,0.32732474964234626
9940,0.79,5.20875,0.06583118741058656,0.3410586552217454
9941,0.87,5.20625,0.07251502145922747,0.3776824034334764
9942,0.7425,5.205,0.06189413447782547,0.32274678111587984
9943,0.8575,5.2025,0.07141630901287555,0.37081545064377686
9944,0.7425,5.18375,0.06189413447782547,0.32274678111587984
9945,0.865,5.18125,0.06226037195994278,0.32274678111587984
9946,0.9,5.19875,0.07498712446351932,0.3891273247496424
9947,0.8575,5.20875,0.07141630901287555,0.37081545064377686
9948,0.7475,5.20875,0.06940200286123034,0.35937052932761093
9949,0.79,5.2025,0.06583118741058656,0.3410586552217454
9950,0.74,5.17875,0.061711015736766815,0.3181688125894135
9951,0.8825,5.185,0.07498712446351932,0.3891273247496424
9952,0.7075,5.2125,0.07040915593705294,0.36852646638054365
9953,0.78,5.18875,0.06500715307582261,0.33648068669527903
9954,0.69,5.20625,0.07416309012875537,0.3868383404864092
9955,0.8125,5.195,0.0672961373390558,0.34792560801144495
9956,0.8725,5.20375,0.07269814020028613,0.3776824034334764
9957,0.735,5.20875,0.06253505007153076,0.32732474964234626
9958,0.7525,5.195,0.0672961373390558,0.34792560801144495
9959,0.685,5.18375,0.05704148783977111,0.2952789699570816
9960,0.8025,5.18875,0.06354220314735337,0.32961373390557946
9961,0.7225,5.20875,0.07645207439198856,0.3982832618025752
9962,0.7175,5.18875,0.05978826895565094,0.3113018597997139
9963,0.745,5.20625,0.06940200286123034,0.35937052932761093
9964,0.895,5.17875,0.06308440629470673,0.32732474964234626
9965,0.915,5.2,0.0762689556509299,0.3982832618025752
9966,0.9525,5.17125,0.07938197424892705,0.4120171673819743
9967,0.7275,5.2075,0.06308440629470673,0.32961373390557946
9968,0.92,5.20875,0.07663519313304722,0.3982832618025752
9969,0.79,5.1775,0.06583118741058656,0.3410586552217454
9970,0.7275,5.20625,0.07105007153075824,0.37081545064377686
9971,0.8325,5.19875,0.06940200286123034,0.35937052932761093
9972,0.6875,5.18125,0.05731616595135909,0.2952789699570816
9973,0.7025,5.20375,0.07123319027181689,0.37081545064377686
9974,0.73,5.18375,0.06079542203147354,0.3158798283261803
9975,0.6925,5.17875,0.0576824034334764,0.29985693848354794
9976,1.365,5.17,0.12708440629470674,0.6569384835479257
9977,0.87,5.21125,0.07251502145922747,0.3776824034334764
9978,0.7825,5.1825,0.06519027181688127,0.33648068669527903
9979,0.9175,5.1775,0.06189413447782547,0.3181688125894135
9980,0.865,5.18875,0.07205722460658083,0.37539341917024327
9981,0.97,5.2025,0.08084692417739629,0.421173104434907
9982,0.71,5.21,0.06519027181688127,0.3410586552217454
9983,0.79,5.19375,0.06583118741058656,0.3410586552217454
9984,0.69,5.1825,0.057499284692417746,0.2952789699570816
9985,0.86,5.18125,0.059330472103004295,0.30672389127324756
9986,0.85,5.1825,0.060612303290414886,0.3158798283261803
9987,0.6775,5.19,0.056492131616595144,0.2929899856938484
9988,0.87,5.1825,0.05832331902718169,0.30443490701001436
9989,0.7875,5.2,0.059971387696709594,0.3113018597997139
9990,0.87,5.2025,0.07251502145922747,0.3776824034334764
9991,0.75,5.1975,0.07333905579399143,0.38226037195994284
9992,0.735,5.21125,0.07333905579399143,0.38226037195994284
9993,0.72,5.18625,0.059971387696709594,0.3113018597997139
9994,0.8925,5.185,0.05978826895565094,0.3113018597997139
9995,0.825,5.1875,0.07315593705293277,0.3776824034334764
9996,0.89,5.19375,0.07416309012875537,0.3868383404864092
9997,0.69,5.205,0.057499284692417746,0.37081545064377686
9998,0.8425,5.18125,0.060612303290414886,0.3158798283261803
9999,0.835,5.21375,0.069585121602289,0.3639484978540773
