Sample,EVM1 VSHUNT Results (mV),EVM1 VBUS Results (V),EVM1 CURRENT Results (A),EVM1 POWER Results (W)
0,5.0275,4.91,0.4189756795422032,2.0577968526466384
1,5.0375,4.91125,0.41979971387696713,2.066952789699571
2,5.045,4.91125,0.4196165951359085,2.0623748211731048
3,5.045,4.91125,0.42044062947067246,2.066952789699571
4,5.0275,4.91125,0.4189756795422032,2.0577968526466384
5,5.05,4.9125,0.4196165951359085,2.0623748211731048
6,5.03,4.9125,0.41915879828326186,2.0577968526466384
7,5.04,4.9125,0.41998283261802577,2.0623748211731048
8,5.055,4.91125,0.42080686695278974,2.066952789699571
9,5.0325,4.91,0.4193419170243205,2.0577968526466384
10,5.0175,4.9125,0.41815164520743925,2.0555078683834047
11,5.0225,4.91125,0.4196165951359085,2.0623748211731048
12,5.0225,4.91125,0.41851788268955653,2.0555078683834047
13,5.0225,4.91,0.41851788268955653,2.0555078683834047
14,5.035,4.91,0.41979971387696713,2.0623748211731048
15,5.04,4.91125,0.41998283261802577,2.0623748211731048
16,5.02,4.91125,0.4183347639484979,2.0555078683834047
17,5.0175,4.9125,0.42044062947067246,2.066952789699571
18,5.04,4.91125,0.41998283261802577,2.0623748211731048
19,5.045,4.91125,0.42044062947067246,2.066952789699571
20,5.0625,4.91125,0.4196165951359085,2.0623748211731048
21,5.0375,4.91,0.41979971387696713,2.0623748211731048
22,5.045,4.91125,0.42044062947067246,2.066952789699571
23,5.0425,4.9125,0.42016595135908447,2.0623748211731048
24,5.045,4.91,0.42044062947067246,2.0623748211731048
25,5.035,4.91125,0.4196165951359085,2.0623748211731048
26,5.045,4.91125,0.42044062947067246,2.066952789699571
27,5.045,4.91125,0.42016595135908447,2.0623748211731048
28,5.0375,4.91,0.41979971387696713,2.0623748211731048
29,5.0475,4.91125,0.4193419170243205,2.0577968526466384
30,5.045,4.91125,0.4196165951359085,2.0623748211731048
31,5.0475,4.91125,0.4206237482117311,2.066952789699571
32,5.06,4.9125,0.4206237482117311,2.066952789699571
33,5.0325,4.91125,0.42044062947067246,2.066952789699571
34,5.0275,4.91125,0.4189756795422032,2.0577968526466384
35,5.04,4.91125,0.41998283261802577,2.0623748211731048
36,5.03,4.91125,0.41979971387696713,2.0623748211731048
37,5.0475,4.91125,0.4206237482117311,2.066952789699571
38,5.045,4.91,0.41915879828326186,2.0577968526466384
39,5.0325,4.91,0.421447782546495,2.069241773962804
40,5.0475,4.91125,0.4206237482117311,2.066952789699571
41,5.0425,4.91,0.42016595135908447,2.0623748211731048
42,5.0325,4.91125,0.41915879828326186,2.0577968526466384
43,5.045,4.91125,0.42044062947067246,2.066952789699571
44,5.0425,4.91125,0.42016595135908447,2.0623748211731048
45,5.0275,4.91125,0.4206237482117311,2.066952789699571
46,5.0475,4.91125,0.4206237482117311,2.066952789699571
47,5.0475,4.90875,0.4206237482117311,2.066952789699571
48,4.9175,4.91375,0.41998283261802577,2.0623748211731048
49,5.0375,4.91,0.41979971387696713,2.0623748211731048
50,5.0525,4.91125,0.4210815450643777,2.066952789699571
51,5.035,4.91125,0.4196165951359085,2.0623748211731048
52,5.0475,4.91,0.4206237482117311,2.066952789699571
53,5.035,4.91125,0.4196165951359085,2.0623748211731048
54,5.0275,4.91125,0.4187925608011445,2.0555078683834047
55,5.0475,4.91125,0.4206237482117311,2.066952789699571
56,5.0325,4.91125,0.4193419170243205,2.0577968526466384
57,5.05,4.91125,0.41998283261802577,2.0623748211731048
58,5.0225,4.91,0.41851788268955653,2.0555078683834047
59,5.05,4.91125,0.42080686695278974,2.066952789699571
60,5.03,4.91,0.4193419170243205,2.0577968526466384
61,5.04,4.91125,0.41998283261802577,2.0623748211731048
62,5.05,4.91,0.42080686695278974,2.066952789699571
63,5.035,4.91125,0.41979971387696713,2.0623748211731048
64,5.0475,4.91,0.4206237482117311,2.066952789699571
65,5.0525,4.91,0.4210815450643777,2.066952789699571
66,5.045,4.91,0.42016595135908447,2.0623748211731048
67,5.0375,4.91,0.42044062947067246,2.0623748211731048
68,5.0375,4.91125,0.41979971387696713,2.0623748211731048
69,5.05,4.91125,0.42016595135908447,2.0623748211731048
70,5.0375,4.91,0.41979971387696713,2.0623748211731048
71,5.0425,4.91,0.42016595135908447,2.0623748211731048
72,5.04,4.91,0.4206237482117311,2.066952789699571
73,5.035,4.91125,0.42044062947067246,2.066952789699571
74,5.04,4.91,0.41998283261802577,2.0623748211731048
75,5.0325,4.91125,0.41979971387696713,2.0623748211731048
76,5.0475,4.9125,0.41998283261802577,2.0623748211731048
77,5.0475,4.91125,0.4206237482117311,2.066952789699571
78,5.0425,4.91125,0.41979971387696713,2.0623748211731048
79,5.05,4.91125,0.4193419170243205,2.0577968526466384
80,5.045,4.91125,0.42044062947067246,2.066952789699571
81,5.0525,4.91125,0.4210815450643777,2.066952789699571
82,5.04,4.91125,0.4196165951359085,2.0623748211731048
83,5.0425,4.91125,0.42016595135908447,2.0623748211731048
84,5.045,4.91125,0.42044062947067246,2.066952789699571
85,5.0475,4.91,0.42080686695278974,2.066952789699571
86,5.055,4.91125,0.42126466380543637,2.069241773962804
87,5.0425,4.9125,0.42016595135908447,2.0623748211731048
88,5.0525,4.91125,0.41998283261802577,2.0623748211731048
89,5.0375,4.91,0.41979971387696713,2.0623748211731048
90,5.05,4.91,0.42080686695278974,2.066952789699571
91,5.04,4.91,0.41998283261802577,2.0623748211731048
92,5.0475,4.91125,0.4206237482117311,2.066952789699571
93,5.0575,4.91125,0.421447782546495,2.069241773962804
94,5.04,4.91125,0.4216309012875537,2.069241773962804
95,5.055,4.91125,0.42126466380543637,2.069241773962804
96,5.0425,4.91125,0.42016595135908447,2.0623748211731048
97,5.04,4.91,0.4170529327610873,2.0486409155937055
98,5.0425,4.91125,0.42016595135908447,2.0623748211731048
99,5.05,4.91,0.42080686695278974,2.066952789699571
100,5.0525,4.91125,0.4216309012875537,2.069241773962804
101,5.035,4.91125,0.4196165951359085,2.0623748211731048
102,5.0475,4.91,0.4206237482117311,2.066952789699571
103,5.05,4.90875,0.4266666666666667,2.0921316165951365
104,5.03,4.91,0.41915879828326186,2.0577968526466384
105,5.0525,4.91125,0.4210815450643777,2.066952789699571
106,5.055,4.91125,0.42080686695278974,2.066952789699571
107,5.0525,4.91125,0.4196165951359085,2.0623748211731048
108,5.04,4.91,0.41998283261802577,2.0623748211731048
109,5.045,4.91,0.4219055793991417,2.069241773962804
110,5.055,4.90875,0.42437768240343354,2.08068669527897
111,5.0525,4.91,0.4210815450643777,2.066952789699571
112,5.0375,4.91125,0.42016595135908447,2.0623748211731048
113,5.06,4.91,0.41668669527897,2.0486409155937055
114,5.055,4.91,0.42126466380543637,2.069241773962804
115,5.0425,4.91,0.41979971387696713,2.0623748211731048
116,5.0475,4.91125,0.4237367668097282,2.08068669527897
117,5.045,4.91125,0.42044062947067246,2.066952789699571
118,5.06,4.91125,0.4227296137339056,2.0783977110157372
119,5.055,4.91125,0.41998283261802577,2.0623748211731048
120,5.0525,4.91125,0.4210815450643777,2.066952789699571
121,5.045,4.91125,0.42044062947067246,2.066952789699571
122,5.0575,4.91,0.422271816881259,2.073819742489271
123,5.06,4.91125,0.4216309012875537,2.069241773962804
124,5.06,4.91125,0.4216309012875537,2.069241773962804
125,5.0525,4.91125,0.42620886981402006,2.0921316165951365
126,5.04,4.91,0.41998283261802577,2.0623748211731048
127,5.0675,4.91125,0.422271816881259,2.073819742489271
128,5.0475,4.91125,0.41979971387696713,2.0623748211731048
129,5.025,4.9125,0.4187925608011445,2.0577968526466384
130,5.0425,4.91,0.42016595135908447,2.0623748211731048
131,5.0575,4.90875,0.42080686695278974,2.066952789699571
132,5.035,4.91125,0.4196165951359085,2.0623748211731048
133,5.045,4.91125,0.42044062947067246,2.066952789699571
134,5.055,4.90875,0.4229127324749643,2.0783977110157372
135,5.055,4.90875,0.42126466380543637,2.066952789699571
136,5.04,4.91125,0.41998283261802577,2.0623748211731048
137,5.0525,4.91125,0.42391988555078686,2.08068669527897
138,5.055,4.9125,0.42126466380543637,2.069241773962804
139,5.05,4.91125,0.42080686695278974,2.066952789699571
140,5.045,4.91,0.4227296137339056,2.073819742489271
141,5.0425,4.91,0.42016595135908447,2.0623748211731048
142,5.0575,4.91125,0.421447782546495,2.069241773962804
143,5.04,4.9075,0.41998283261802577,2.0623748211731048
144,5.05,4.91125,0.42044062947067246,2.066952789699571
145,5.0425,4.90875,0.42016595135908447,2.0623748211731048
146,5.0425,4.91125,0.42126466380543637,2.069241773962804
147,5.0475,4.91,0.4216309012875537,2.069241773962804
148,5.0525,4.91,0.4210815450643777,2.066952789699571
149,5.05,4.91125,0.4210815450643777,2.066952789699571
150,5.0375,4.91125,0.4219055793991417,2.073819742489271
151,5.0425,4.91,0.42016595135908447,2.0623748211731048
152,5.06,4.90875,0.42126466380543637,2.066952789699571
153,5.0625,4.91125,0.4224549356223176,2.073819742489271
154,5.0225,4.91,0.41851788268955653,2.0555078683834047
155,5.05,4.9125,0.4206237482117311,2.066952789699571
156,5.0625,4.9125,0.4229127324749643,2.0783977110157372
157,5.1125,4.91,0.4260257510729614,2.0921316165951365
158,5.07,4.91,0.4224549356223176,2.069241773962804
159,5.0425,4.9075,0.42309585121602294,2.0783977110157372
160,5.0725,4.91,0.4227296137339056,2.073819742489271
161,5.0425,4.91,0.42016595135908447,2.0623748211731048
162,5.05,4.91125,0.4216309012875537,2.069241773962804
163,5.045,4.90875,0.42044062947067246,2.0623748211731048
164,5.0925,4.91,0.42437768240343354,2.0852646638054364
165,5.03,4.91125,0.41851788268955653,2.0555078683834047
166,5.08,4.91125,0.42337052932761093,2.0783977110157372
167,5.04,4.91125,0.41998283261802577,2.0623748211731048
168,5.0125,4.9125,0.41979971387696713,2.0623748211731048
169,5.0425,4.91,0.42016595135908447,2.0623748211731048
170,5.0425,4.91125,0.42016595135908447,2.0623748211731048
171,5.055,4.91125,0.4206237482117311,2.066952789699571
172,5.04,4.91125,0.41998283261802577,2.0623748211731048
173,5.02,4.91,0.4183347639484979,2.0555078683834047
174,5.035,4.90875,0.42080686695278974,2.066952789699571
175,5.0675,4.90875,0.422271816881259,2.073819742489271
176,5.0475,4.91,0.4206237482117311,2.066952789699571
177,5.075,4.9075,0.42126466380543637,2.066952789699571
178,5.09,4.90875,0.42419456366237485,2.08068669527897
179,5.0225,4.91125,0.41851788268955653,2.0555078683834047
180,5.08,4.91,0.4206237482117311,2.066952789699571
181,5.0675,4.9075,0.422271816881259,2.073819742489271
182,5.0875,4.91125,0.42391988555078686,2.08068669527897
183,5.04,4.90875,0.4183347639484979,2.0555078683834047
184,5.0325,4.91125,0.42126466380543637,2.069241773962804
185,5.0675,4.90875,0.422271816881259,2.073819742489271
186,5.0575,4.90875,0.42044062947067246,2.0623748211731048
187,5.07,4.9075,0.4206237482117311,2.0623748211731048
188,5.0775,4.91,0.42309585121602294,2.0783977110157372
189,5.075,4.91125,0.4196165951359085,2.0623748211731048
190,5.07,4.91,0.421447782546495,2.069241773962804
191,5.0325,4.91125,0.4193419170243205,2.0577968526466384
192,5.0725,4.9125,0.41815164520743925,2.0555078683834047
193,5.0425,4.90875,0.41979971387696713,2.0577968526466384
194,5.07,4.91,0.4224549356223176,2.073819742489271
195,5.05,4.91,0.4206237482117311,2.066952789699571
196,5.0375,4.90875,0.421447782546495,2.069241773962804
197,5.0625,4.91,0.4219055793991417,2.069241773962804
198,5.115,4.91125,0.42620886981402006,2.069241773962804
199,5.015,4.91,0.42080686695278974,2.066952789699571
200,5.065,4.91,0.42208869814020034,2.073819742489271
201,5.055,4.91,0.42126466380543637,2.069241773962804
202,5.09,4.91125,0.4224549356223176,2.073819742489271
203,5.045,4.9125,0.42044062947067246,2.066952789699571
204,5.0075,4.90875,0.4173276108726753,2.0486409155937055
205,5.04,4.90875,0.4235536480686696,2.0783977110157372
206,5.0475,4.91,0.4206237482117311,2.066952789699571
207,5.06,4.91,0.4216309012875537,2.069241773962804
208,5.0525,4.91,0.42016595135908447,2.0623748211731048
209,5.0525,4.91,0.4210815450643777,2.066952789699571
210,5.0625,4.90875,0.4219055793991417,2.069241773962804
211,5.0375,4.9125,0.421447782546495,2.069241773962804
212,5.0425,4.91,0.42016595135908447,2.0623748211731048
213,5.06,4.91,0.4216309012875537,2.069241773962804
214,5.0775,4.91125,0.4216309012875537,2.069241773962804
215,5.045,4.91125,0.42044062947067246,2.066952789699571
216,5.08,4.90875,0.42337052932761093,2.0783977110157372
217,5.045,4.91,0.4210815450643777,2.066952789699571
218,5.06,4.91125,0.4216309012875537,2.069241773962804
219,5.0475,4.90875,0.4206237482117311,2.066952789699571
220,5.045,4.91,0.42080686695278974,2.066952789699571
221,5.0375,4.91,0.41979971387696713,2.0623748211731048
222,5.0425,4.90875,0.42016595135908447,2.0623748211731048
223,5.0725,4.9075,0.42337052932761093,2.0783977110157372
224,5.0525,4.90875,0.4189756795422032,2.0555078683834047
225,5.0275,4.91,0.4189756795422032,2.0577968526466384
226,5.05,4.90875,0.4219055793991417,2.069241773962804
227,5.0525,4.91,0.4224549356223176,2.073819742489271
228,5.04,4.91125,0.41998283261802577,2.0623748211731048
229,5.0425,4.9125,0.4216309012875537,2.069241773962804
230,5.0475,4.91125,0.4224549356223176,2.073819742489271
231,5.0525,4.91125,0.4210815450643777,2.066952789699571
232,5.0325,4.91,0.4224549356223176,2.073819742489271
233,5.0525,4.91125,0.42016595135908447,2.0623748211731048
234,5.0425,4.90875,0.42016595135908447,2.0623748211731048
235,5.0375,4.90875,0.421447782546495,2.069241773962804
236,5.06,4.90875,0.4219055793991417,2.069241773962804
237,5.0575,4.91125,0.421447782546495,2.069241773962804
238,5.0325,4.90875,0.4193419170243205,2.0555078683834047
239,5.06,4.91,0.4219055793991417,2.069241773962804
240,5.0325,4.91125,0.4193419170243205,2.0577968526466384
241,5.07,4.90875,0.4224549356223176,2.073819742489271
242,5.0425,4.91125,0.41998283261802577,2.0623748211731048
243,5.045,4.91125,0.42044062947067246,2.066952789699571
244,5.0625,4.91125,0.4219055793991417,2.073819742489271
245,5.09,4.91125,0.421447782546495,2.069241773962804
246,5.045,4.91125,0.42044062947067246,2.066952789699571
247,5.0425,4.91125,0.42016595135908447,2.0623748211731048
248,5.0525,4.91125,0.4189756795422032,2.0577968526466384
249,5.0525,4.90875,0.4210815450643777,2.066952789699571
250,5.0375,4.91,0.41979971387696713,2.0623748211731048
251,5.045,4.90875,0.4227296137339056,2.073819742489271
252,5.0625,4.90875,0.4219055793991417,2.069241773962804
253,5.045,4.91125,0.42044062947067246,2.066952789699571
254,5.065,4.90875,0.42208869814020034,2.069241773962804
255,5.05,4.91,0.42080686695278974,2.066952789699571
256,5.03,4.90875,0.41915879828326186,2.0577968526466384
257,5.0525,4.91,0.4219055793991417,2.069241773962804
258,5.0675,4.90875,0.422271816881259,2.073819742489271
259,5.065,4.91,0.42208869814020034,2.073819742489271
260,5.0525,4.91125,0.4206237482117311,2.066952789699571
261,5.05,4.90875,0.4219055793991417,2.069241773962804
262,5.0725,4.90875,0.4227296137339056,2.073819742489271
263,5.0675,4.90625,0.42126466380543637,2.066952789699571
264,5.0775,4.91,0.41998283261802577,2.0623748211731048
265,5.0425,4.91125,0.42016595135908447,2.0623748211731048
266,5.0325,4.91125,0.4227296137339056,2.0783977110157372
267,5.0425,4.91,0.41915879828326186,2.0577968526466384
268,5.0425,4.91,0.42016595135908447,2.0623748211731048
269,5.075,4.91125,0.4210815450643777,2.066952789699571
270,5.0375,4.91,0.422271816881259,2.073819742489271
271,5.0325,4.90875,0.4193419170243205,2.0577968526466384
272,5.0425,4.9075,0.42044062947067246,2.0623748211731048
273,5.0425,4.91,0.4189756795422032,2.0577968526466384
274,5.045,4.91125,0.42044062947067246,2.066952789699571
275,5.05,4.91125,0.41998283261802577,2.0623748211731048
276,5.07,4.91125,0.421447782546495,2.069241773962804
277,5.0525,4.90875,0.4210815450643777,2.066952789699571
278,5.0275,4.90875,0.4189756795422032,2.0555078683834047
279,5.0525,4.91,0.42337052932761093,2.0783977110157372
280,5.06,4.91,0.4216309012875537,2.069241773962804
281,5.0675,4.91125,0.422271816881259,2.073819742489271
282,5.0775,4.90875,0.42309585121602294,2.0783977110157372
283,5.055,4.91,0.42126466380543637,2.069241773962804
284,5.0575,4.91125,0.421447782546495,2.069241773962804
285,5.055,4.90875,0.41915879828326186,2.0577968526466384
286,5.0375,4.9075,0.41979971387696713,2.0577968526466384
287,5.0775,4.91125,0.42309585121602294,2.0783977110157372
288,5.05,4.91,0.4216309012875537,2.069241773962804
289,5.0675,4.91,0.422271816881259,2.073819742489271
290,5.06,4.91,0.4216309012875537,2.069241773962804
291,5.07,4.91,0.422271816881259,2.073819742489271
292,5.03,4.90875,0.41915879828326186,2.0577968526466384
293,5.0725,4.91125,0.4227296137339056,2.0783977110157372
294,5.0525,4.90875,0.42309585121602294,2.0783977110157372
295,5.0425,4.91,0.42016595135908447,2.0623748211731048
296,5.0825,4.90875,0.4235536480686696,2.0783977110157372
297,5.035,4.90875,0.4237367668097282,2.08068669527897
298,5.0525,4.90875,0.4210815450643777,2.066952789699571
299,5.0475,4.90875,0.4206237482117311,2.066952789699571
300,5.0575,4.91,0.42208869814020034,2.073819742489271
301,5.0675,4.90875,0.42337052932761093,2.0783977110157372
302,5.0275,4.90875,0.4189756795422032,2.0555078683834047
303,5.065,4.91125,0.4224549356223176,2.073819742489271
304,5.0475,4.90875,0.4193419170243205,2.0577968526466384
305,5.0675,4.91,0.422271816881259,2.073819742489271
306,5.045,4.91,0.42080686695278974,2.066952789699571
307,5.04,4.90875,0.4216309012875537,2.069241773962804
308,5.0625,4.90875,0.4219055793991417,2.069241773962804
309,5.0475,4.91125,0.4176938483547926,2.0509298998569387
310,5.0475,4.91125,0.421447782546495,2.069241773962804
311,5.0375,4.91,0.41979971387696713,2.0623748211731048
312,5.0675,4.91125,0.422271816881259,2.073819742489271
313,5.04,4.91,0.421447782546495,2.069241773962804
314,5.0675,4.91,0.422271816881259,2.073819742489271
315,5.055,4.91125,0.42126466380543637,2.066952789699571
316,5.055,4.91,0.41979971387696713,2.0623748211731048
317,5.07,4.90875,0.4224549356223176,2.073819742489271
318,5.05,4.90875,0.42080686695278974,2.066952789699571
319,5.0625,4.90625,0.4206237482117311,2.0623748211731048
320,5.05,4.90875,0.42080686695278974,2.066952789699571
321,5.04,4.91,0.41998283261802577,2.0623748211731048
322,5.0675,4.91,0.4235536480686696,2.08068669527897
323,5.055,4.90875,0.42126466380543637,2.066952789699571
324,5.055,4.91,0.42126466380543637,2.069241773962804
325,5.0475,4.90875,0.42016595135908447,2.0623748211731048
326,5.0625,4.90875,0.4219055793991417,2.069241773962804
327,5.03,4.91,0.41915879828326186,2.0577968526466384
328,5.045,4.90875,0.4196165951359085,2.0577968526466384
329,5.0875,4.91125,0.42391988555078686,2.08068669527897
330,5.0525,4.91,0.4210815450643777,2.066952789699571
331,5.065,4.9125,0.4219055793991417,2.073819742489271
332,5.0425,4.91,0.42016595135908447,2.0623748211731048
333,5.0575,4.91,0.421447782546495,2.069241773962804
334,5.0475,4.91125,0.4193419170243205,2.0577968526466384
335,5.0775,4.90875,0.42309585121602294,2.0783977110157372
336,5.07,4.90875,0.4224549356223176,2.073819742489271
337,5.055,4.91,0.4229127324749643,2.0783977110157372
338,5.0675,4.90875,0.422271816881259,2.073819742489271
339,5.035,4.91,0.4196165951359085,2.0577968526466384
340,5.08,4.91375,0.42337052932761093,2.08068669527897
341,5.0525,4.90875,0.4196165951359085,2.0577968526466384
342,5.0725,4.91125,0.4227296137339056,2.0783977110157372
343,5.04,4.91,0.4210815450643777,2.066952789699571
344,5.08,4.91,0.41979971387696713,2.0623748211731048
345,5.0625,4.91,0.4219055793991417,2.069241773962804
346,5.0625,4.91125,0.42126466380543637,2.069241773962804
347,5.0775,4.91,0.422271816881259,2.073819742489271
348,5.07,4.90875,0.4224549356223176,2.073819742489271
349,5.0425,4.91,0.4193419170243205,2.0577968526466384
350,5.035,4.91125,0.42080686695278974,2.066952789699571
351,5.065,4.91,0.42208869814020034,2.073819742489271
352,5.0425,4.9125,0.42208869814020034,2.073819742489271
353,5.035,4.91125,0.4219055793991417,2.073819742489271
354,5.0375,4.9075,0.41979971387696713,2.0577968526466384
355,5.07,4.91125,0.4224549356223176,2.073819742489271
356,5.03,4.91,0.42016595135908447,2.0623748211731048
357,5.075,4.9075,0.4229127324749643,2.073819742489271
358,5.0525,4.91,0.4210815450643777,2.066952789699571
359,5.0575,4.91,0.42391988555078686,2.08068669527897
360,5.0425,4.9075,0.42016595135908447,2.0623748211731048
361,5.06,4.91125,0.4216309012875537,2.069241773962804
362,5.0675,4.91,0.42080686695278974,2.066952789699571
363,5.0675,4.90875,0.422271816881259,2.073819742489271
364,5.045,4.91125,0.42044062947067246,2.066952789699571
365,5.0425,4.91125,0.422271816881259,2.073819742489271
366,5.0825,4.90875,0.4235536480686696,2.0783977110157372
367,5.0425,4.91,0.42016595135908447,2.0623748211731048
368,5.06,4.91,0.42044062947067246,2.0623748211731048
369,5.05,4.91125,0.42080686695278974,2.066952789699571
370,5.0675,4.91,0.422271816881259,2.073819742489271
371,5.0975,4.91125,0.4189756795422032,2.0577968526466384
372,5.035,4.91,0.4196165951359085,2.0577968526466384
373,5.045,4.90875,0.42044062947067246,2.0623748211731048
374,5.0525,4.91,0.421447782546495,2.069241773962804
375,5.06,4.91,0.4216309012875537,2.069241773962804
376,5.065,4.91,0.42208869814020034,2.073819742489271
377,5.0625,4.90875,0.4224549356223176,2.073819742489271
378,5.045,4.91125,0.42044062947067246,2.066952789699571
379,5.0625,4.90875,0.4219055793991417,2.069241773962804
380,5.04,4.90875,0.4210815450643777,2.066952789699571
381,5.06,4.91,0.42126466380543637,2.069241773962804
382,5.0675,4.91125,0.422271816881259,2.073819742489271
383,5.0525,4.91125,0.42044062947067246,2.066952789699571
384,5.0575,4.91125,0.4224549356223176,2.073819742489271
385,5.05,4.9125,0.42080686695278974,2.066952789699571
386,5.045,4.91,0.42337052932761093,2.0783977110157372
387,5.0525,4.91,0.4227296137339056,2.073819742489271
388,5.05,4.91125,0.42080686695278974,2.066952789699571
389,5.0675,4.91125,0.4229127324749643,2.0783977110157372
390,5.05,4.90875,0.42080686695278974,2.066952789699571
391,5.0475,4.91,0.4206237482117311,2.066952789699571
392,5.065,4.90875,0.42208869814020034,2.069241773962804
393,5.0575,4.91125,0.4227296137339056,2.0783977110157372
394,5.055,4.91,0.42126466380543637,2.069241773962804
395,5.04,4.9075,0.41998283261802577,2.0623748211731048
396,5.0825,4.91,0.42044062947067246,2.0623748211731048
397,5.0525,4.91,0.4210815450643777,2.066952789699571
398,5.075,4.9075,0.4229127324749643,2.073819742489271
399,5.0425,4.91,0.4210815450643777,2.066952789699571
400,5.085,4.90625,0.4237367668097282,2.0783977110157372
401,5.06,4.90875,0.4216309012875537,2.069241773962804
402,5.0575,4.90875,0.4227296137339056,2.073819742489271
403,5.0525,4.91,0.4210815450643777,2.066952789699571
404,5.055,4.90875,0.42126466380543637,2.066952789699571
405,5.0525,4.90875,0.4227296137339056,2.073819742489271
406,5.055,4.9075,0.42126466380543637,2.066952789699571
407,5.065,4.91,0.42208869814020034,2.073819742489271
408,5.06,4.91125,0.4206237482117311,2.066952789699571
409,5.07,4.90625,0.4224549356223176,2.073819742489271
410,5.0425,4.90875,0.42016595135908447,2.0623748211731048
411,5.08,4.91,0.422271816881259,2.073819742489271
412,5.06,4.91125,0.4216309012875537,2.069241773962804
413,5.0625,4.90875,0.4219055793991417,2.069241773962804
414,5.075,4.90875,0.421447782546495,2.069241773962804
415,5.085,4.9075,0.4237367668097282,2.0783977110157372
416,5.0925,4.9125,0.42437768240343354,2.0852646638054364
417,5.0375,4.90875,0.4187925608011445,2.0555078683834047
418,5.055,4.91,0.42126466380543637,2.069241773962804
419,5.0525,4.90625,0.4210815450643777,2.066952789699571
420,5.055,4.90875,0.422271816881259,2.073819742489271
421,5.035,4.90875,0.422271816881259,2.073819742489271
422,5.0825,4.91,0.4235536480686696,2.08068669527897
423,5.09,4.91125,0.42126466380543637,2.069241773962804
424,5.035,4.90875,0.4219055793991417,2.069241773962804
425,5.0525,4.91125,0.4210815450643777,2.066952789699571
426,5.0625,4.90875,0.4210815450643777,2.066952789699571
427,5.0475,4.91125,0.4229127324749643,2.0783977110157372
428,5.0575,4.9075,0.421447782546495,2.066952789699571
429,5.0675,4.9125,0.4206237482117311,2.066952789699571
430,5.0525,4.90875,0.42337052932761093,2.0783977110157372
431,5.0525,4.90875,0.4210815450643777,2.066952789699571
432,5.0325,4.91125,0.4210815450643777,2.066952789699571
433,5.0775,4.91,0.4216309012875537,2.069241773962804
434,5.025,4.90875,0.4187925608011445,2.0555078683834047
435,5.0475,4.90875,0.4206237482117311,2.066952789699571
436,5.07,4.91125,0.421447782546495,2.069241773962804
437,5.065,4.91125,0.42208869814020034,2.073819742489271
438,5.0925,4.91,0.42437768240343354,2.0852646638054364
439,5.055,4.91,0.4216309012875537,2.069241773962804
440,5.045,4.9075,0.42044062947067246,2.0623748211731048
441,5.0575,4.90875,0.421447782546495,2.069241773962804
442,5.0475,4.91,0.421447782546495,2.069241773962804
443,5.05,4.91125,0.42080686695278974,2.066952789699571
444,5.0825,4.90875,0.4235536480686696,2.0783977110157372
445,5.055,4.91,0.4219055793991417,2.069241773962804
446,5.0425,4.90875,0.42016595135908447,2.0623748211731048
447,5.0675,4.91125,0.422271816881259,2.073819742489271
448,5.065,4.91125,0.4219055793991417,2.073819742489271
449,5.05,4.91,0.42080686695278974,2.066952789699571
450,5.0825,4.91125,0.4235536480686696,2.08068669527897
451,5.08,4.90875,0.4219055793991417,2.069241773962804
452,5.08,4.91,0.42337052932761093,2.0783977110157372
453,5.0475,4.9075,0.4206237482117311,2.0623748211731048
454,5.0525,4.91,0.4216309012875537,2.069241773962804
455,5.0925,4.91,0.42437768240343354,2.0852646638054364
456,5.065,4.90875,0.42208869814020034,2.069241773962804
457,5.065,4.91,0.422271816881259,2.073819742489271
458,5.055,4.91125,0.4224549356223176,2.073819742489271
459,5.0775,4.91125,0.42309585121602294,2.0783977110157372
460,5.0675,4.90875,0.42208869814020034,2.069241773962804
461,5.045,4.91,0.421447782546495,2.069241773962804
462,5.06,4.90875,0.4216309012875537,2.069241773962804
463,5.0875,4.91,0.4206237482117311,2.066952789699571
464,5.0775,4.90875,0.41998283261802577,2.0623748211731048
465,5.06,4.9075,0.4216309012875537,2.069241773962804
466,5.07,4.90875,0.421447782546495,2.069241773962804
467,5.045,4.91,0.4219055793991417,2.069241773962804
468,5.0575,4.91125,0.421447782546495,2.069241773962804
469,5.0975,4.91,0.4219055793991417,2.069241773962804
470,5.045,4.91125,0.4224549356223176,2.073819742489271
471,5.0825,4.90875,0.4235536480686696,2.0783977110157372
472,5.0575,4.91,0.42080686695278974,2.066952789699571
473,5.0575,4.91,0.42080686695278974,2.066952789699571
474,5.045,4.90875,0.42044062947067246,2.0623748211731048
475,5.0675,4.91,0.422271816881259,2.073819742489271
476,5.0925,4.91,0.4227296137339056,2.073819742489271
477,5.06,4.91125,0.4216309012875537,2.069241773962804
478,5.0875,4.9075,0.42391988555078686,2.08068669527897
479,5.0225,4.91125,0.42080686695278974,2.066952789699571
480,5.07,4.91,0.4224549356223176,2.073819742489271
481,5.0475,4.91,0.4206237482117311,2.066952789699571
482,5.0575,4.91125,0.4219055793991417,2.073819742489271
483,5.0375,4.90875,0.41979971387696713,2.0577968526466384
484,5.075,4.91125,0.4229127324749643,2.0783977110157372
485,5.055,4.91125,0.422271816881259,2.073819742489271
486,5.0575,4.9075,0.421447782546495,2.066952789699571
487,5.0975,4.91125,0.4248354792560802,2.0852646638054364
488,5.0725,4.91,0.42126466380543637,2.069241773962804
489,5.0525,4.90875,0.4210815450643777,2.066952789699571
490,5.0475,4.91125,0.4206237482117311,2.066952789699571
491,5.0425,4.9125,0.421447782546495,2.069241773962804
492,5.075,4.91,0.4229127324749643,2.0783977110157372
493,5.04,4.91,0.41998283261802577,2.0623748211731048
494,5.0825,4.90875,0.4216309012875537,2.069241773962804
495,5.045,4.91125,0.42044062947067246,2.066952789699571
496,5.065,4.90875,0.42208869814020034,2.069241773962804
497,5.03,4.90875,0.42126466380543637,2.066952789699571
498,5.0525,4.9075,0.42208869814020034,2.069241773962804
499,5.04,4.9075,0.41998283261802577,2.0623748211731048
500,5.07,4.91,0.42208869814020034,2.073819742489271
501,5.04,4.9125,0.42044062947067246,2.066952789699571
502,5.0575,4.90875,0.421447782546495,2.069241773962804
503,5.0875,4.9075,0.4216309012875537,2.069241773962804
504,5.0675,4.91,0.4206237482117311,2.066952789699571
505,5.045,4.91,0.42044062947067246,2.0623748211731048
506,5.07,4.91,0.421447782546495,2.069241773962804
507,5.095,4.91,0.4210815450643777,2.066952789699571
508,5.04,4.90875,0.41998283261802577,2.0623748211731048
509,5.0875,4.91,0.42126466380543637,2.069241773962804
510,5.085,4.90875,0.4227296137339056,2.073819742489271
511,5.065,4.91,0.42208869814020034,2.073819742489271
512,5.0875,4.90875,0.42309585121602294,2.0783977110157372
513,5.0775,4.90875,0.42080686695278974,2.066952789699571
514,5.0575,4.90875,0.421447782546495,2.069241773962804
515,5.08,4.91125,0.42337052932761093,2.0783977110157372
516,5.0425,4.91,0.4224549356223176,2.073819742489271
517,5.0775,4.91,0.42309585121602294,2.0783977110157372
518,5.0525,4.91,0.4210815450643777,2.066952789699571
519,5.07,4.90875,0.42044062947067246,2.0623748211731048
520,5.0725,4.91125,0.4227296137339056,2.0783977110157372
521,5.0475,4.9125,0.4206237482117311,2.066952789699571
522,5.0775,4.90875,0.42126466380543637,2.066952789699571
523,5.0575,4.91,0.421447782546495,2.069241773962804
524,5.0375,4.91,0.41979971387696713,2.0623748211731048
525,5.04,4.91125,0.42126466380543637,2.069241773962804
526,5.07,4.91125,0.4224549356223176,2.073819742489271
527,5.07,4.91,0.4224549356223176,2.073819742489271
528,5.0775,4.91,0.4210815450643777,2.066952789699571
529,5.0475,4.90875,0.4206237482117311,2.066952789699571
530,5.055,4.91,0.42126466380543637,2.069241773962804
531,5.0475,4.90875,0.4206237482117311,2.066952789699571
532,5.05,4.91,0.42080686695278974,2.066952789699571
533,5.0825,4.90875,0.4235536480686696,2.0783977110157372
534,5.07,4.91,0.42208869814020034,2.073819742489271
535,5.07,4.91,0.4224549356223176,2.073819742489271
536,5.0775,4.91,0.42309585121602294,2.0783977110157372
537,5.0475,4.90875,0.4219055793991417,2.069241773962804
538,5.0775,4.91,0.4206237482117311,2.066952789699571
539,5.06,4.91125,0.4216309012875537,2.069241773962804
540,5.0775,4.91125,0.42126466380543637,2.069241773962804
541,5.0525,4.91,0.421447782546495,2.069241773962804
542,5.055,4.91125,0.42126466380543637,2.069241773962804
543,5.08,4.90625,0.42208869814020034,2.069241773962804
544,5.07,4.91,0.4216309012875537,2.069241773962804
545,5.0625,4.90875,0.4219055793991417,2.069241773962804
546,5.055,4.90875,0.4224549356223176,2.073819742489271
547,5.075,4.90875,0.4216309012875537,2.069241773962804
548,5.0525,4.91125,0.4210815450643777,2.066952789699571
549,5.05,4.91125,0.42208869814020034,2.073819742489271
550,5.07,4.91,0.42126466380543637,2.069241773962804
551,5.055,4.90875,0.42126466380543637,2.066952789699571
552,5.0575,4.91,0.421447782546495,2.069241773962804
553,5.0775,4.90875,0.4219055793991417,2.069241773962804
554,5.05,4.91125,0.42080686695278974,2.066952789699571
555,5.055,4.91,0.42126466380543637,2.069241773962804
556,5.0625,4.91,0.42044062947067246,2.0623748211731048
557,5.05,4.90875,0.42080686695278974,2.066952789699571
558,5.0675,4.90875,0.422271816881259,2.073819742489271
559,5.0875,4.91,0.421447782546495,2.069241773962804
560,5.085,4.91,0.4237367668097282,2.08068669527897
561,5.055,4.91,0.42126466380543637,2.069241773962804
562,5.065,4.91,0.4216309012875537,2.069241773962804
563,5.0325,4.90875,0.4193419170243205,2.0577968526466384
564,5.0525,4.91,0.4210815450643777,2.066952789699571
565,5.0575,4.91125,0.42208869814020034,2.073819742489271
566,5.0625,4.91125,0.4219055793991417,2.073819742489271
567,5.05,4.90875,0.42080686695278974,2.066952789699571
568,5.04,4.9075,0.42208869814020034,2.069241773962804
569,5.05,4.91,0.42080686695278974,2.066952789699571
570,5.07,4.91125,0.4224549356223176,2.073819742489271
571,5.0625,4.91125,0.4224549356223176,2.073819742489271
572,5.0625,4.91,0.4219055793991417,2.069241773962804
573,5.045,4.9125,0.42044062947067246,2.066952789699571
574,5.0775,4.91125,0.4216309012875537,2.069241773962804
575,5.05,4.91125,0.42080686695278974,2.066952789699571
576,5.065,4.90875,0.42208869814020034,2.069241773962804
577,5.0675,4.91,0.4219055793991417,2.069241773962804
578,5.1125,4.91,0.422271816881259,2.073819742489271
579,5.0475,4.91,0.4206237482117311,2.066952789699571
580,5.0775,4.90875,0.4227296137339056,2.073819742489271
581,5.0375,4.91,0.4206237482117311,2.066952789699571
582,5.045,4.91,0.42044062947067246,2.0623748211731048
583,5.0625,4.90875,0.4224549356223176,2.073819742489271
584,5.04,4.91125,0.421447782546495,2.069241773962804
585,5.0725,4.91125,0.4227296137339056,2.0783977110157372
586,5.08,4.91,0.421447782546495,2.069241773962804
587,5.06,4.91,0.421447782546495,2.069241773962804
588,5.0375,4.91125,0.41979971387696713,2.0623748211731048
589,5.03,4.91,0.42126466380543637,2.069241773962804
590,5.0525,4.90875,0.4216309012875537,2.069241773962804
591,5.06,4.91,0.4216309012875537,2.069241773962804
592,5.07,4.90875,0.4224549356223176,2.073819742489271
593,5.0375,4.90875,0.4210815450643777,2.066952789699571
594,5.065,4.9075,0.42208869814020034,2.069241773962804
595,5.0425,4.90875,0.42016595135908447,2.0623748211731048
596,5.0925,4.91,0.4224549356223176,2.073819742489271
597,5.0475,4.9075,0.4206237482117311,2.0623748211731048
598,5.08,4.91,0.42337052932761093,2.0783977110157372
599,5.0725,4.90875,0.422271816881259,2.073819742489271
600,5.065,4.91125,0.42208869814020034,2.073819742489271
601,5.0525,4.91,0.4210815450643777,2.066952789699571
602,5.0475,4.91,0.42080686695278974,2.066952789699571
603,5.0725,4.91,0.4227296137339056,2.073819742489271
604,5.0775,4.9125,0.42309585121602294,2.0783977110157372
605,5.0375,4.91125,0.4216309012875537,2.069241773962804
606,5.055,4.91125,0.42126466380543637,2.069241773962804
607,5.0475,4.91,0.4206237482117311,2.066952789699571
608,5.065,4.90875,0.4216309012875537,2.069241773962804
609,5.055,4.91125,0.42126466380543637,2.069241773962804
610,5.0625,4.91,0.4219055793991417,2.069241773962804
611,5.0825,4.90875,0.4206237482117311,2.066952789699571
612,5.0625,4.90875,0.4219055793991417,2.069241773962804
613,5.0475,4.90875,0.4206237482117311,2.066952789699571
614,5.0675,4.91,0.422271816881259,2.073819742489271
615,5.06,4.91125,0.4216309012875537,2.069241773962804
616,5.055,4.91,0.42126466380543637,2.069241773962804
617,5.0675,4.90875,0.4229127324749643,2.0783977110157372
618,5.0625,4.91,0.4219055793991417,2.069241773962804
619,5.0625,4.90875,0.4219055793991417,2.069241773962804
620,5.0675,4.91,0.4219055793991417,2.069241773962804
621,5.065,4.91125,0.4219055793991417,2.073819742489271
622,5.07,4.91125,0.4224549356223176,2.073819742489271
623,5.0525,4.90875,0.42208869814020034,2.069241773962804
624,5.0725,4.90625,0.422271816881259,2.069241773962804
625,5.07,4.91,0.4224549356223176,2.073819742489271
626,5.06,4.90875,0.422271816881259,2.073819742489271
627,5.045,4.90875,0.422271816881259,2.073819742489271
628,5.0525,4.91,0.4210815450643777,2.066952789699571
629,5.11,4.90875,0.4216309012875537,2.069241773962804
630,5.06,4.90875,0.4219055793991417,2.069241773962804
631,5.04,4.9075,0.41998283261802577,2.0623748211731048
632,5.09,4.90875,0.42419456366237485,2.0783977110157372
633,5.07,4.90875,0.42208869814020034,2.069241773962804
634,5.065,4.91,0.42208869814020034,2.073819742489271
635,5.0675,4.90875,0.422271816881259,2.073819742489271
636,5.075,4.91,0.4210815450643777,2.066952789699571
637,5.06,4.91,0.4216309012875537,2.069241773962804
638,5.09,4.91,0.42419456366237485,2.08068669527897
639,5.0575,4.91,0.4219055793991417,2.069241773962804
640,5.07,4.9125,0.4224549356223176,2.073819742489271
641,5.0825,4.91,0.4235536480686696,2.08068669527897
642,5.07,4.91,0.421447782546495,2.069241773962804
643,5.0425,4.91,0.42016595135908447,2.0623748211731048
644,5.05,4.91,0.42080686695278974,2.066952789699571
645,5.055,4.90875,0.4224549356223176,2.073819742489271
646,5.0575,4.91,0.421447782546495,2.069241773962804
647,5.075,4.90875,0.4229127324749643,2.0783977110157372
648,5.04,4.91,0.4216309012875537,2.069241773962804
649,5.0525,4.90875,0.4210815450643777,2.066952789699571
650,5.0525,4.90875,0.4210815450643777,2.066952789699571
651,5.0725,4.90875,0.4219055793991417,2.069241773962804
652,5.0625,4.91125,0.4219055793991417,2.073819742489271
653,5.0575,4.90875,0.421447782546495,2.069241773962804
654,5.0425,4.91,0.4227296137339056,2.073819742489271
655,5.0625,4.90875,0.4219055793991417,2.069241773962804
656,5.045,4.91125,0.42044062947067246,2.066952789699571
657,5.0625,4.91,0.42208869814020034,2.073819742489271
658,5.0675,4.91,0.4216309012875537,2.069241773962804
659,5.055,4.91,0.42126466380543637,2.069241773962804
660,5.0475,4.90875,0.422271816881259,2.073819742489271
661,5.0625,4.91,0.421447782546495,2.069241773962804
662,5.0625,4.9125,0.4219055793991417,2.073819742489271
663,5.0375,4.91,0.4224549356223176,2.073819742489271
664,5.08,4.90875,0.421447782546495,2.069241773962804
665,5.06,4.90875,0.4216309012875537,2.069241773962804
666,5.07,4.91,0.4224549356223176,2.073819742489271
667,5.0475,4.91,0.4227296137339056,2.073819742489271
668,5.0625,4.90875,0.4219055793991417,2.069241773962804
669,5.0625,4.91,0.4219055793991417,2.069241773962804
670,5.0725,4.90875,0.42337052932761093,2.0783977110157372
671,5.0525,4.91,0.4210815450643777,2.066952789699571
672,5.0475,4.91125,0.4206237482117311,2.066952789699571
673,5.06,4.90875,0.42126466380543637,2.066952789699571
674,5.065,4.91,0.42208869814020034,2.073819742489271
675,5.05,4.90875,0.42080686695278974,2.066952789699571
676,5.0525,4.91,0.42309585121602294,2.0783977110157372
677,5.0625,4.90875,0.4219055793991417,2.069241773962804
678,5.0475,4.90875,0.4206237482117311,2.066952789699571
679,5.0475,4.91,0.42126466380543637,2.069241773962804
680,5.06,4.91,0.4216309012875537,2.069241773962804
681,5.0375,4.91,0.41979971387696713,2.0623748211731048
682,5.0675,4.90875,0.4227296137339056,2.073819742489271
683,5.0675,4.9075,0.422271816881259,2.073819742489271
684,5.0575,4.91125,0.421447782546495,2.069241773962804
685,5.075,4.90875,0.4219055793991417,2.069241773962804
686,5.06,4.90875,0.4216309012875537,2.069241773962804
687,5.0575,4.90625,0.421447782546495,2.066952789699571
688,5.0725,4.91,0.4210815450643777,2.066952789699571
689,5.0675,4.91,0.422271816881259,2.073819742489271
690,5.0625,4.91,0.4219055793991417,2.069241773962804
691,5.0675,4.91,0.422271816881259,2.073819742489271
692,5.0675,4.90875,0.422271816881259,2.073819742489271
693,5.0625,4.9075,0.4219055793991417,2.069241773962804
694,5.0675,4.91,0.42208869814020034,2.073819742489271
695,5.08,4.90875,0.421447782546495,2.069241773962804
696,5.0675,4.90875,0.422271816881259,2.073819742489271
697,5.0625,4.91,0.4219055793991417,2.069241773962804
698,5.0375,4.90875,0.4229127324749643,2.0783977110157372
699,5.06,4.91,0.4216309012875537,2.069241773962804
700,5.0825,4.90875,0.4219055793991417,2.069241773962804
701,5.0475,4.90875,0.4229127324749643,2.0783977110157372
702,5.06,4.90875,0.4216309012875537,2.069241773962804
703,5.065,4.91,0.4219055793991417,2.069241773962804
704,5.0575,4.90875,0.4229127324749643,2.0783977110157372
705,5.075,4.91,0.4229127324749643,2.0783977110157372
706,5.0575,4.90875,0.41979971387696713,2.0577968526466384
707,5.0625,4.90875,0.421447782546495,2.069241773962804
708,5.06,4.91,0.4216309012875537,2.069241773962804
709,5.0525,4.91,0.4210815450643777,2.069241773962804
710,5.065,4.90875,0.422271816881259,2.073819742489271
711,5.08,4.90875,0.42337052932761093,2.0783977110157372
712,5.0725,4.91,0.4227296137339056,2.073819742489271
713,5.0525,4.91,0.42208869814020034,2.073819742489271
714,5.06,4.90875,0.4216309012875537,2.069241773962804
715,5.065,4.90875,0.42208869814020034,2.069241773962804
716,5.065,4.90875,0.42208869814020034,2.069241773962804
717,5.0875,4.90875,0.42391988555078686,2.08068669527897
718,5.0625,4.91,0.4219055793991417,2.069241773962804
719,5.0625,4.90875,0.422271816881259,2.073819742489271
720,5.07,4.91,0.4224549356223176,2.073819742489271
721,5.0675,4.90875,0.422271816881259,2.073819742489271
722,5.06,4.91,0.421447782546495,2.069241773962804
723,5.0675,4.90875,0.422271816881259,2.073819742489271
724,5.07,4.90875,0.4224549356223176,2.073819742489271
725,5.065,4.91,0.42080686695278974,2.066952789699571
726,5.0625,4.90875,0.4219055793991417,2.069241773962804
727,5.07,4.90875,0.4224549356223176,2.073819742489271
728,5.0625,4.91,0.421447782546495,2.069241773962804
729,5.0575,4.91,0.421447782546495,2.069241773962804
730,5.07,4.90875,0.4224549356223176,2.073819742489271
731,5.0675,4.91,0.421447782546495,2.069241773962804
732,5.0625,4.90875,0.4219055793991417,2.069241773962804
733,5.07,4.91,0.4224549356223176,2.073819742489271
734,5.0825,4.9075,0.4229127324749643,2.073819742489271
735,5.0575,4.91125,0.4224549356223176,2.073819742489271
736,5.0775,4.90875,0.42309585121602294,2.0783977110157372
737,5.0625,4.90875,0.4210815450643777,2.066952789699571
738,5.06,4.91,0.4219055793991417,2.069241773962804
739,5.0725,4.90875,0.4227296137339056,2.073819742489271
740,5.0775,4.90875,0.42337052932761093,2.0783977110157372
741,5.0675,4.90875,0.42126466380543637,2.066952789699571
742,5.0625,4.91,0.4219055793991417,2.069241773962804
743,5.075,4.9075,0.42080686695278974,2.066952789699571
744,5.0675,4.90875,0.421447782546495,2.069241773962804
745,5.0625,4.91,0.4219055793991417,2.069241773962804
746,5.07,4.90875,0.4224549356223176,2.073819742489271
747,5.0675,4.91,0.4210815450643777,2.066952789699571
748,5.065,4.91125,0.42208869814020034,2.073819742489271
749,5.07,4.90875,0.4224549356223176,2.073819742489271
750,5.0575,4.91,0.4224549356223176,2.073819742489271
751,5.0625,4.90875,0.4219055793991417,2.069241773962804
752,5.07,4.90875,0.4224549356223176,2.073819742489271
753,5.065,4.90875,0.422271816881259,2.073819742489271
754,5.0575,4.90875,0.421447782546495,2.069241773962804
755,5.0675,4.91125,0.422271816881259,2.073819742489271
756,5.075,4.90875,0.42337052932761093,2.0783977110157372
757,5.0575,4.91,0.421447782546495,2.069241773962804
758,5.0625,4.91,0.4219055793991417,2.069241773962804
759,5.075,4.9075,0.4227296137339056,2.073819742489271
760,5.075,4.91,0.4229127324749643,2.0783977110157372
761,5.055,4.91,0.42126466380543637,2.069241773962804
762,5.0625,4.90875,0.4237367668097282,2.08068669527897
763,5.0625,4.90875,0.4219055793991417,2.069241773962804
764,5.0625,4.91125,0.4219055793991417,2.073819742489271
765,5.07,4.90875,0.42309585121602294,2.0783977110157372
766,5.0575,4.90875,0.421447782546495,2.069241773962804
767,5.05,4.91,0.42080686695278974,2.066952789699571
768,5.0725,4.90875,0.4224549356223176,2.073819742489271
769,5.0725,4.90875,0.4227296137339056,2.073819742489271
770,5.0525,4.91,0.4210815450643777,2.066952789699571
771,5.065,4.90875,0.42309585121602294,2.0783977110157372
772,5.0575,4.90875,0.421447782546495,2.069241773962804
773,5.05,4.91,0.42080686695278974,2.066952789699571
774,5.0525,4.90875,0.42080686695278974,2.066952789699571
775,5.08,4.90875,0.42391988555078686,2.08068669527897
776,5.05,4.91,0.42080686695278974,2.066952789699571
777,5.05,4.90875,0.4253848354792561,2.089842632331903
778,5.07,4.9075,0.4237367668097282,2.0783977110157372
779,5.0625,4.90875,0.4219055793991417,2.069241773962804
780,5.0625,4.91125,0.4206237482117311,2.066952789699571
781,5.0725,4.91,0.42437768240343354,2.0852646638054364
782,5.06,4.90875,0.4216309012875537,2.069241773962804
783,5.0575,4.91,0.42309585121602294,2.0783977110157372
784,5.075,4.90875,0.42437768240343354,2.08068669527897
785,5.05,4.90875,0.42080686695278974,2.066952789699571
786,5.0475,4.90875,0.4229127324749643,2.0783977110157372
787,5.06,4.90875,0.4250185979971388,2.0852646638054364
788,5.0875,4.90875,0.42391988555078686,2.08068669527897
789,5.0525,4.90875,0.4210815450643777,2.073819742489271
790,5.0525,4.91,0.4219055793991417,2.069241773962804
791,5.0625,4.91,0.4219055793991417,2.069241773962804
792,5.0525,4.9075,0.4210815450643777,2.066952789699571
793,5.0575,4.90875,0.4091788268955651,2.009728183118741
794,5.045,4.90875,0.42044062947067246,2.0623748211731048
795,5.0825,4.90875,0.4235536480686696,2.0783977110157372
796,5.07,4.9075,0.4227296137339056,2.073819742489271
797,5.0825,4.90875,0.4235536480686696,2.0783977110157372
798,5.0625,4.90875,0.4219055793991417,2.069241773962804
799,5.055,4.90875,0.42391988555078686,2.08068669527897
800,5.08,4.90875,0.42337052932761093,2.0783977110157372
801,5.085,4.9075,0.4237367668097282,2.0783977110157372
802,5.065,4.91,0.4237367668097282,2.08068669527897
803,5.0625,4.91,0.4219055793991417,2.069241773962804
804,5.0525,4.90875,0.4210815450643777,2.066952789699571
805,5.075,4.90875,0.42208869814020034,2.069241773962804
806,5.08,4.9075,0.42337052932761093,2.0783977110157372
807,5.0725,4.90875,0.4227296137339056,2.073819742489271
808,5.08,4.91,0.4227296137339056,2.073819742489271
809,5.0825,4.91,0.4235536480686696,2.08068669527897
810,5.0825,4.90625,0.4235536480686696,2.0783977110157372
811,5.0725,4.90875,0.4216309012875537,2.069241773962804
812,5.0725,4.91,0.4216309012875537,2.069241773962804
813,5.065,4.9075,0.42208869814020034,2.069241773962804
814,5.05,4.90875,0.422271816881259,2.073819742489271
815,5.0625,4.9125,0.422271816881259,2.073819742489271
816,5.0875,4.90875,0.42391988555078686,2.08068669527897
817,5.0725,4.91,0.4210815450643777,2.066952789699571
818,5.0675,4.91,0.42208869814020034,2.073819742489271
819,5.035,4.9075,0.4196165951359085,2.0577968526466384
820,5.1,4.91,0.421447782546495,2.069241773962804
821,5.065,4.91,0.4219055793991417,2.069241773962804
822,5.05,4.91,0.42080686695278974,2.066952789699571
823,5.05,4.90875,0.421447782546495,2.069241773962804
824,5.0675,4.91125,0.4216309012875537,2.069241773962804
825,5.0725,4.90875,0.4227296137339056,2.073819742489271
826,5.065,4.90875,0.4229127324749643,2.0783977110157372
827,5.085,4.91,0.42309585121602294,2.0783977110157372
828,5.0675,4.9075,0.422271816881259,2.073819742489271
829,5.055,4.91125,0.42126466380543637,2.069241773962804
830,5.0825,4.91,0.4229127324749643,2.0783977110157372
831,5.0875,4.90875,0.42391988555078686,2.08068669527897
832,5.075,4.91125,0.4229127324749643,2.0783977110157372
833,5.055,4.90875,0.421447782546495,2.069241773962804
834,5.04,4.90875,0.41998283261802577,2.0623748211731048
835,5.07,4.90875,0.4224549356223176,2.073819742489271
836,5.0775,4.91,0.4219055793991417,2.069241773962804
837,5.0675,4.90875,0.422271816881259,2.073819742489271
838,5.055,4.91,0.42126466380543637,2.069241773962804
839,5.1175,4.91,0.4216309012875537,2.069241773962804
840,5.06,4.91,0.4216309012875537,2.069241773962804
841,5.06,4.90875,0.4216309012875537,2.069241773962804
842,5.0375,4.91,0.4216309012875537,2.069241773962804
843,5.065,4.90875,0.42208869814020034,2.069241773962804
844,5.0825,4.90875,0.4235536480686696,2.0783977110157372
845,5.075,4.91,0.4227296137339056,2.073819742489271
846,5.0575,4.90875,0.421447782546495,2.069241773962804
847,5.0525,4.91,0.4210815450643777,2.066952789699571
848,5.0675,4.90875,0.42337052932761093,2.0783977110157372
849,5.06,4.91,0.4216309012875537,2.069241773962804
850,5.07,4.91,0.4224549356223176,2.073819742489271
851,5.085,4.90875,0.42208869814020034,2.069241773962804
852,5.0775,4.90875,0.4229127324749643,2.0783977110157372
853,5.0775,4.90875,0.42309585121602294,2.0783977110157372
854,5.095,4.91125,0.4224549356223176,2.073819742489271
855,5.085,4.90875,0.422271816881259,2.073819742489271
856,5.0625,4.90875,0.4219055793991417,2.069241773962804
857,5.0875,4.91,0.42208869814020034,2.073819742489271
858,5.0725,4.90875,0.42337052932761093,2.0783977110157372
859,5.05,4.91,0.42080686695278974,2.066952789699571
860,5.0525,4.90875,0.4227296137339056,2.073819742489271
861,5.08,4.90875,0.42337052932761093,2.0783977110157372
862,5.055,4.90875,0.42126466380543637,2.066952789699571
863,5.0575,4.90875,0.4219055793991417,2.069241773962804
864,5.0675,4.91,0.42208869814020034,2.073819742489271
865,5.0725,4.90875,0.4227296137339056,2.073819742489271
866,5.0675,4.90875,0.422271816881259,2.0783977110157372
867,5.08,4.91,0.42080686695278974,2.066952789699571
868,5.08,4.90875,0.42337052932761093,2.0783977110157372
869,5.055,4.91,0.42126466380543637,2.069241773962804
870,5.05,4.91,0.4224549356223176,2.073819742489271
871,5.0575,4.91125,0.421447782546495,2.069241773962804
872,5.06,4.91,0.4216309012875537,2.069241773962804
873,5.06,4.90875,0.4235536480686696,2.0783977110157372
874,5.06,4.91,0.4216309012875537,2.069241773962804
875,5.075,4.90875,0.4229127324749643,2.0783977110157372
876,5.065,4.90875,0.42337052932761093,2.0783977110157372
877,5.075,4.90875,0.4229127324749643,2.0783977110157372
878,5.0725,4.90875,0.4227296137339056,2.073819742489271
879,5.05,4.90875,0.421447782546495,2.069241773962804
880,5.0575,4.9075,0.421447782546495,2.066952789699571
881,5.065,4.91,0.42208869814020034,2.073819742489271
882,5.0675,4.90875,0.4227296137339056,2.073819742489271
883,5.065,4.90875,0.42208869814020034,2.069241773962804
884,5.065,4.90875,0.42208869814020034,2.069241773962804
885,5.0925,4.90875,0.42080686695278974,2.066952789699571
886,5.065,4.91125,0.42208869814020034,2.073819742489271
887,5.085,4.90875,0.4237367668097282,2.08068669527897
888,5.0675,4.90875,0.42208869814020034,2.069241773962804
889,5.0675,4.90875,0.422271816881259,2.073819742489271
890,5.08,4.90875,0.42337052932761093,2.0783977110157372
891,5.0775,4.90875,0.4216309012875537,2.069241773962804
892,5.07,4.90875,0.4235536480686696,2.0783977110157372
893,5.0875,4.90875,0.42391988555078686,2.08068669527897
894,5.0725,4.91,0.4237367668097282,2.08068669527897
895,5.0725,4.90875,0.4250185979971388,2.0852646638054364
896,5.0525,4.90875,0.4210815450643777,2.066952789699571
897,5.065,4.90875,0.41979971387696713,2.0577968526466384
898,5.0975,4.90875,0.4210815450643777,2.066952789699571
899,5.055,4.90875,0.42126466380543637,2.066952789699571
900,5.075,4.91,0.41979971387696713,2.0623748211731048
901,5.0875,4.91,0.42391988555078686,2.08068669527897
902,5.08,4.91,0.42337052932761093,2.0783977110157372
903,5.065,4.90875,0.4210815450643777,2.066952789699571
904,5.09,4.90875,0.4219055793991417,2.069241773962804
905,5.075,4.90875,0.4229127324749643,2.0783977110157372
906,5.0675,4.91,0.422271816881259,2.073819742489271
907,5.065,4.90875,0.4216309012875537,2.069241773962804
908,5.035,4.9075,0.4196165951359085,2.0577968526466384
909,5.0575,4.9075,0.421447782546495,2.066952789699571
910,5.0625,4.91,0.42337052932761093,2.0783977110157372
911,5.075,4.90875,0.4229127324749643,2.0783977110157372
912,5.075,4.90875,0.4229127324749643,2.0783977110157372
913,5.0675,4.90875,0.4210815450643777,2.066952789699571
914,5.075,4.90875,0.4229127324749643,2.0783977110157372
915,5.0625,4.91,0.4219055793991417,2.069241773962804
916,5.07,4.91,0.42126466380543637,2.069241773962804
917,5.0725,4.90875,0.4227296137339056,2.073819742489271
918,5.045,4.91,0.42044062947067246,2.0623748211731048
919,5.0625,4.91125,0.42337052932761093,2.0783977110157372
920,5.065,4.90875,0.42208869814020034,2.069241773962804
921,5.0625,4.90625,0.4219055793991417,2.069241773962804
922,5.0725,4.90875,0.41998283261802577,2.0623748211731048
923,5.075,4.9075,0.4229127324749643,2.073819742489271
924,5.06,4.90875,0.4216309012875537,2.069241773962804
925,5.07,4.9075,0.4224549356223176,2.073819742489271
926,5.0675,4.90875,0.422271816881259,2.073819742489271
927,5.0725,4.90875,0.4227296137339056,2.073819742489271
928,5.065,4.90875,0.422271816881259,2.073819742489271
929,5.0575,4.90875,0.42419456366237485,2.08068669527897
930,5.0675,4.90875,0.422271816881259,2.073819742489271
931,5.0675,4.91,0.422271816881259,2.073819742489271
932,5.055,4.91,0.4229127324749643,2.0783977110157372
933,5.0575,4.91,0.421447782546495,2.069241773962804
934,5.05,4.9225,0.4196165951359085,2.066952789699571
935,5.0475,4.9075,0.4219055793991417,2.069241773962804
936,5.06,4.91,0.4216309012875537,2.069241773962804
937,5.0625,4.9075,0.42126466380543637,2.066952789699571
938,5.0525,4.90875,0.42337052932761093,2.0783977110157372
939,5.065,4.90875,0.42208869814020034,2.069241773962804
940,5.06,4.91,0.4216309012875537,2.069241773962804
941,5.06,4.91,0.42126466380543637,2.069241773962804
942,5.0625,4.91,0.4219055793991417,2.069241773962804
943,5.06,4.91,0.4216309012875537,2.069241773962804
944,5.055,4.9125,0.4196165951359085,2.0623748211731048
945,5.065,4.91,0.42208869814020034,2.073819742489271
946,5.0575,4.90875,0.421447782546495,2.069241773962804
947,5.0575,4.90875,0.422271816881259,2.073819742489271
948,5.0625,4.90875,0.4219055793991417,2.069241773962804
949,5.065,4.91,0.42208869814020034,2.073819742489271
950,5.06,4.91125,0.421447782546495,2.069241773962804
951,5.0675,4.91,0.422271816881259,2.073819742489271
952,5.0625,4.91,0.4219055793991417,2.069241773962804
953,5.0575,4.91125,0.42044062947067246,2.066952789699571
954,5.045,4.91125,0.42044062947067246,2.066952789699571
955,5.04,4.90875,0.41998283261802577,2.0623748211731048
956,5.0475,4.91,0.4210815450643777,2.066952789699571
957,5.04,4.91,0.41998283261802577,2.0623748211731048
958,5.0475,4.91,0.4206237482117311,2.066952789699571
959,5.0575,4.90875,0.4210815450643777,2.066952789699571
960,5.0325,4.91,0.4193419170243205,2.0577968526466384
961,5.035,4.91125,0.4196165951359085,2.0623748211731048
962,5.0375,4.91,0.42126466380543637,2.069241773962804
963,5.055,4.91125,0.42126466380543637,2.069241773962804
964,5.05,4.91,0.42080686695278974,2.066952789699571
965,5.055,4.91125,0.4216309012875537,2.069241773962804
966,5.0625,4.91,0.4219055793991417,2.069241773962804
967,5.045,4.91125,0.42044062947067246,2.066952789699571
968,5.0525,4.91,0.42044062947067246,2.0623748211731048
969,5.0525,4.91,0.4227296137339056,2.073819742489271
970,5.0475,4.91,0.4206237482117311,2.066952789699571
971,5.0525,4.90875,0.41979971387696713,2.0577968526466384
972,5.0475,4.91125,0.41998283261802577,2.0623748211731048
973,5.05,4.91,0.42080686695278974,2.066952789699571
974,5.0375,4.91125,0.42044062947067246,2.066952789699571
975,5.0525,4.91,0.4210815450643777,2.066952789699571
976,5.075,4.91125,0.4229127324749643,2.0783977110157372
977,5.0375,4.91125,0.4187925608011445,2.0555078683834047
978,5.0325,4.91,0.41998283261802577,2.0623748211731048
979,5.0425,4.9125,0.42016595135908447,2.0623748211731048
980,5.0425,4.91125,0.4216309012875537,2.069241773962804
981,5.03,4.91125,0.421447782546495,2.069241773962804
982,5.04,4.91125,0.41998283261802577,2.0623748211731048
983,5.0425,4.91125,0.42016595135908447,2.066952789699571
984,5.05,4.91,0.422271816881259,2.073819742489271
985,5.0525,4.91,0.4210815450643777,2.066952789699571
986,5.04,4.91,0.41998283261802577,2.0623748211731048
987,5.04,4.91125,0.4196165951359085,2.0623748211731048
988,5.0325,4.91125,0.4193419170243205,2.0577968526466384
989,5.0375,4.91125,0.41979971387696713,2.0623748211731048
990,5.06,4.91125,0.41998283261802577,2.0623748211731048
991,5.0475,4.91,0.4206237482117311,2.066952789699571
992,5.05,4.91,0.42080686695278974,2.066952789699571
993,5.045,4.91125,0.42044062947067246,2.066952789699571
994,5.0425,4.91125,0.42016595135908447,2.0623748211731048
995,5.0375,4.91125,0.41979971387696713,2.0623748211731048
996,5.0475,4.90875,0.41979971387696713,2.0577968526466384
997,5.045,4.91,0.42044062947067246,2.0623748211731048
998,5.0475,4.91125,0.4206237482117311,2.066952789699571
999,5.0525,4.91,0.4189756795422032,2.0577968526466384
1000,5.0525,4.91,0.4210815450643777,2.066952789699571
1001,5.0375,4.91,0.41979971387696713,2.0623748211731048
1002,5.0275,4.91,0.4216309012875537,2.069241773962804
1003,5.04,4.91,0.41998283261802577,2.0623748211731048
1004,5.055,4.91,0.42126466380543637,2.069241773962804
1005,5.0475,4.91,0.42126466380543637,2.069241773962804
1006,5.0475,4.90875,0.4206237482117311,2.066952789699571
1007,5.0375,4.91,0.41979971387696713,2.0623748211731048
1008,5.0275,4.91,0.41998283261802577,2.0623748211731048
1009,5.04,4.91125,0.41979971387696713,2.0623748211731048
1010,5.0325,4.91125,0.4193419170243205,2.0577968526466384
1011,5.0275,4.91,0.41998283261802577,2.0623748211731048
1012,5.045,4.91125,0.4187925608011445,2.0555078683834047
1013,5.065,4.91125,0.42208869814020034,2.073819742489271
1014,5.035,4.91,0.421447782546495,2.069241773962804
1015,5.0275,4.91125,0.4193419170243205,2.0577968526466384
1016,5.0475,4.91125,0.4206237482117311,2.066952789699571
1017,5.0725,4.91,0.421447782546495,2.069241773962804
1018,5.0625,4.90875,0.4219055793991417,2.069241773962804
1019,5.025,4.91125,0.4187925608011445,2.0555078683834047
1020,5.05,4.91125,0.4210815450643777,2.066952789699571
1021,5.025,4.91125,0.42016595135908447,2.0623748211731048
1022,5.055,4.9125,0.42126466380543637,2.069241773962804
1023,5.0575,4.91125,0.421447782546495,2.069241773962804
1024,5.0375,4.9125,0.421447782546495,2.069241773962804
1025,5.055,4.91,0.42126466380543637,2.069241773962804
1026,5.0575,4.91,0.421447782546495,2.069241773962804
1027,5.05,4.91,0.41979971387696713,2.0623748211731048
1028,5.0425,4.91,0.42016595135908447,2.0623748211731048
1029,5.0275,4.91,0.4189756795422032,2.0577968526466384
1030,5.035,4.91,0.4216309012875537,2.069241773962804
1031,5.0375,4.91125,0.41979971387696713,2.0623748211731048
1032,5.0675,4.90875,0.422271816881259,2.073819742489271
1033,5.0375,4.91125,0.42016595135908447,2.0623748211731048
1034,5.04,4.91125,0.41998283261802577,2.0623748211731048
1035,5.0525,4.91125,0.4210815450643777,2.066952789699571
1036,5.025,4.91,0.4210815450643777,2.066952789699571
1037,5.055,4.91,0.42126466380543637,2.069241773962804
1038,5.06,4.91125,0.4216309012875537,2.069241773962804
1039,5.055,4.91,0.421447782546495,2.069241773962804
1040,5.04,4.91,0.41998283261802577,2.0623748211731048
1041,5.0475,4.91,0.4206237482117311,2.066952789699571
1042,5.04,4.9125,0.42044062947067246,2.066952789699571
1043,5.0425,4.91125,0.42016595135908447,2.0623748211731048
1044,5.0625,4.91125,0.4219055793991417,2.073819742489271
1045,5.0325,4.91125,0.42016595135908447,2.0623748211731048
1046,5.0425,4.91,0.42080686695278974,2.066952789699571
1047,5.0375,4.91,0.41979971387696713,2.0623748211731048
1048,5.065,4.91,0.42044062947067246,2.0623748211731048
1049,5.0475,4.90875,0.42080686695278974,2.066952789699571
1050,5.06,4.90875,0.4216309012875537,2.069241773962804
1051,5.05,4.91125,0.421447782546495,2.069241773962804
1052,5.0625,4.91125,0.4216309012875537,2.069241773962804
1053,5.0525,4.91,0.4210815450643777,2.066952789699571
1054,5.035,4.9125,0.42080686695278974,2.066952789699571
1055,5.0425,4.91125,0.42080686695278974,2.066952789699571
1056,5.06,4.91125,0.4216309012875537,2.069241773962804
1057,5.0425,4.91125,0.42080686695278974,2.066952789699571
1058,5.0475,4.90875,0.42080686695278974,2.066952789699571
1059,5.065,4.91125,0.42208869814020034,2.073819742489271
1060,5.0475,4.91,0.4206237482117311,2.069241773962804
1061,5.04,4.91,0.42044062947067246,2.0623748211731048
1062,5.0625,4.91125,0.4219055793991417,2.073819742489271
1063,5.06,4.91,0.4216309012875537,2.069241773962804
1064,5.06,4.91,0.41915879828326186,2.0577968526466384
1065,5.0575,4.91,0.421447782546495,2.069241773962804
1066,5.0675,4.90875,0.422271816881259,2.073819742489271
1067,5.055,4.91125,0.42126466380543637,2.069241773962804
1068,5.05,4.91125,0.42080686695278974,2.066952789699571
1069,5.0375,4.91125,0.41979971387696713,2.0623748211731048
1070,5.055,4.90875,0.42080686695278974,2.066952789699571
1071,5.05,4.90875,0.42080686695278974,2.066952789699571
1072,5.07,4.91125,0.4224549356223176,2.073819742489271
1073,5.045,4.91,0.4210815450643777,2.066952789699571
1074,5.045,4.9125,0.42044062947067246,2.066952789699571
1075,5.07,4.91125,0.4224549356223176,2.073819742489271
1076,5.0625,4.91125,0.42080686695278974,2.066952789699571
1077,5.0375,4.91125,0.41979971387696713,2.0623748211731048
1078,5.0275,4.91,0.4189756795422032,2.0577968526466384
1079,5.0475,4.91,0.42126466380543637,2.069241773962804
1080,5.0475,4.91,0.4206237482117311,2.066952789699571
1081,5.0575,4.91125,0.421447782546495,2.069241773962804
1082,5.05,4.91125,0.4206237482117311,2.066952789699571
1083,5.0475,4.9075,0.4206237482117311,2.0623748211731048
1084,5.0675,4.9075,0.422271816881259,2.073819742489271
1085,5.04,4.91125,0.4176938483547926,2.0509298998569387
1086,5.045,4.91125,0.42016595135908447,2.0623748211731048
1087,5.055,4.91,0.42126466380543637,2.069241773962804
1088,5.0725,4.91,0.4219055793991417,2.069241773962804
1089,5.0425,4.91125,0.4206237482117311,2.066952789699571
1090,5.08,4.91125,0.42337052932761093,2.0783977110157372
1091,5.05,4.91,0.42126466380543637,2.069241773962804
1092,5.0675,4.90875,0.42126466380543637,2.066952789699571
1093,5.055,4.91125,0.42126466380543637,2.069241773962804
1094,5.065,4.90875,0.42080686695278974,2.066952789699571
1095,5.0375,4.91125,0.4196165951359085,2.0623748211731048
1096,5.06,4.91,0.4216309012875537,2.069241773962804
1097,5.0575,4.91125,0.42080686695278974,2.066952789699571
1098,5.0475,4.91125,0.421447782546495,2.069241773962804
1099,5.0675,4.91,0.422271816881259,2.073819742489271
1100,5.05,4.91,0.42080686695278974,2.066952789699571
1101,5.0675,4.91,0.42080686695278974,2.066952789699571
1102,5.045,4.91,0.42044062947067246,2.0623748211731048
1103,5.04,4.91,0.41998283261802577,2.0623748211731048
1104,5.06,4.91,0.4206237482117311,2.066952789699571
1105,5.045,4.91125,0.42044062947067246,2.066952789699571
1106,5.085,4.91125,0.4237367668097282,2.08068669527897
1107,5.045,4.90875,0.42126466380543637,2.066952789699571
1108,5.0725,4.90875,0.4227296137339056,2.073819742489271
1109,5.0575,4.91125,0.421447782546495,2.069241773962804
1110,5.0575,4.91,0.42080686695278974,2.066952789699571
1111,5.0425,4.91125,0.42016595135908447,2.0623748211731048
1112,5.0375,4.90875,0.41979971387696713,2.0577968526466384
1113,5.0325,4.90875,0.42080686695278974,2.066952789699571
1114,5.0475,4.90875,0.4206237482117311,2.066952789699571
1115,5.0525,4.91,0.4210815450643777,2.066952789699571
1116,5.025,4.91125,0.42080686695278974,2.066952789699571
1117,5.055,4.91,0.42126466380543637,2.069241773962804
1118,5.0525,4.91,0.4210815450643777,2.066952789699571
1119,5.045,4.91,0.41998283261802577,2.0623748211731048
1120,5.055,4.91125,0.42126466380543637,2.069241773962804
1121,5.065,4.91,0.42208869814020034,2.073819742489271
1122,5.0575,4.91,0.41998283261802577,2.0623748211731048
1123,5.05,4.91,0.42080686695278974,2.066952789699571
1124,5.045,4.90875,0.42044062947067246,2.0623748211731048
1125,5.0575,4.90875,0.42126466380543637,2.066952789699571
1126,5.04,4.91,0.421447782546495,2.069241773962804
1127,5.0425,4.90875,0.42016595135908447,2.0623748211731048
1128,5.0475,4.9125,0.42044062947067246,2.066952789699571
1129,5.075,4.90875,0.4210815450643777,2.066952789699571
1130,5.05,4.91125,0.42080686695278974,2.066952789699571
1131,5.045,4.90875,0.422271816881259,2.073819742489271
1132,5.0425,4.91,0.4196165951359085,2.0577968526466384
1133,5.0475,4.91125,0.4206237482117311,2.066952789699571
1134,5.05,4.91,0.42126466380543637,2.069241773962804
1135,5.0575,4.91125,0.42080686695278974,2.066952789699571
1136,5.055,4.91,0.42126466380543637,2.069241773962804
1137,5.0475,4.91,0.42044062947067246,2.0623748211731048
1138,5.05,4.91125,0.42080686695278974,2.066952789699571
1139,5.0475,4.91125,0.4206237482117311,2.066952789699571
1140,5.065,4.91125,0.42208869814020034,2.073819742489271
1141,5.0575,4.91,0.42080686695278974,2.066952789699571
1142,5.055,4.90875,0.42126466380543637,2.066952789699571
1143,5.0425,4.91,0.42016595135908447,2.0623748211731048
1144,5.0825,4.91,0.4219055793991417,2.069241773962804
1145,5.0575,4.90875,0.421447782546495,2.069241773962804
1146,5.05,4.90875,0.42080686695278974,2.066952789699571
1147,5.05,4.91,0.421447782546495,2.069241773962804
1148,5.0475,4.90875,0.4206237482117311,2.066952789699571
1149,5.055,4.91125,0.42126466380543637,2.069241773962804
1150,5.0575,4.91,0.421447782546495,2.069241773962804
1151,5.0425,4.90875,0.42016595135908447,2.0623748211731048
1152,5.0625,4.91,0.4219055793991417,2.069241773962804
1153,5.0525,4.91125,0.421447782546495,2.069241773962804
1154,5.05,4.91,0.42080686695278974,2.066952789699571
1155,5.07,4.91125,0.4224549356223176,2.073819742489271
1156,5.045,4.91,0.421447782546495,2.069241773962804
1157,5.04,4.91125,0.41998283261802577,2.0623748211731048
1158,5.035,4.91,0.4196165951359085,2.0577968526466384
1159,5.0625,4.91125,0.42016595135908447,2.0623748211731048
1160,5.055,4.91,0.42126466380543637,2.069241773962804
1161,5.0525,4.91,0.4210815450643777,2.066952789699571
1162,5.0375,4.91,0.42208869814020034,2.073819742489271
1163,5.0625,4.91125,0.4216309012875537,2.069241773962804
1164,5.0575,4.91,0.421447782546495,2.069241773962804
1165,5.0525,4.91,0.421447782546495,2.069241773962804
1166,5.065,4.91125,0.42126466380543637,2.069241773962804
1167,5.05,4.91,0.42080686695278974,2.066952789699571
1168,5.035,4.91,0.4219055793991417,2.069241773962804
1169,5.0425,4.91125,0.42126466380543637,2.069241773962804
1170,5.0575,4.91,0.421447782546495,2.069241773962804
1171,5.05,4.91125,0.4216309012875537,2.069241773962804
1172,5.05,4.91,0.421447782546495,2.069241773962804
1173,5.055,4.91125,0.42126466380543637,2.069241773962804
1174,5.0425,4.90875,0.421447782546495,2.069241773962804
1175,5.07,4.91,0.42080686695278974,2.066952789699571
1176,5.055,4.90875,0.42126466380543637,2.066952789699571
1177,5.0475,4.90875,0.4206237482117311,2.073819742489271
1178,5.0675,4.90875,0.4210815450643777,2.066952789699571
1179,5.05,4.91,0.42080686695278974,2.066952789699571
1180,5.0425,4.91,0.42016595135908447,2.0623748211731048
1181,5.06,4.91,0.4216309012875537,2.069241773962804
1182,5.0625,4.91,0.4219055793991417,2.069241773962804
1183,5.0525,4.91,0.4210815450643777,2.066952789699571
1184,5.045,4.91,0.421447782546495,2.069241773962804
1185,5.06,4.91125,0.4216309012875537,2.069241773962804
1186,5.0475,4.91125,0.4206237482117311,2.066952789699571
1187,5.065,4.91,0.4219055793991417,2.069241773962804
1188,5.06,4.91,0.4216309012875537,2.069241773962804
1189,5.0425,4.90875,0.42016595135908447,2.0623748211731048
1190,5.0375,4.91,0.42126466380543637,2.069241773962804
1191,5.0575,4.91,0.421447782546495,2.069241773962804
1192,5.06,4.91,0.4216309012875537,2.069241773962804
1193,5.0525,4.90875,0.42126466380543637,2.066952789699571
1194,5.0375,4.90875,0.41979971387696713,2.0577968526466384
1195,5.055,4.91,0.42126466380543637,2.069241773962804
1196,5.05,4.91,0.421447782546495,2.069241773962804
1197,5.0625,4.91125,0.4219055793991417,2.073819742489271
1198,5.0575,4.91125,0.421447782546495,2.069241773962804
1199,5.045,4.91125,0.4224549356223176,2.073819742489271
1200,5.065,4.91,0.42208869814020034,2.073819742489271
1201,5.0475,4.90875,0.4206237482117311,2.066952789699571
1202,5.06,4.91125,0.42126466380543637,2.069241773962804
1203,5.06,4.91,0.42080686695278974,2.066952789699571
1204,5.05,4.91,0.42080686695278974,2.066952789699571
1205,5.0575,4.91,0.42208869814020034,2.073819742489271
1206,5.0675,4.90875,0.4219055793991417,2.069241773962804
1207,5.0575,4.91125,0.421447782546495,2.069241773962804
1208,5.055,4.91,0.4216309012875537,2.069241773962804
1209,5.0475,4.90875,0.4216309012875537,2.069241773962804
1210,5.06,4.91,0.4216309012875537,2.069241773962804
1211,5.0575,4.91,0.4216309012875537,2.069241773962804
1212,5.06,4.90875,0.42208869814020034,2.069241773962804
1213,5.0525,4.91,0.4210815450643777,2.066952789699571
1214,5.06,4.90875,0.42126466380543637,2.066952789699571
1215,5.0525,4.91,0.42208869814020034,2.073819742489271
1216,5.0475,4.91125,0.4206237482117311,2.066952789699571
1217,5.055,4.90875,0.42126466380543637,2.069241773962804
1218,5.0425,4.91,0.4227296137339056,2.073819742489271
1219,5.05,4.91,0.42080686695278974,2.066952789699571
1220,5.0525,4.90875,0.4210815450643777,2.066952789699571
1221,5.0575,4.91125,0.42126466380543637,2.069241773962804
1222,5.045,4.91125,0.42044062947067246,2.066952789699571
1223,5.055,4.91125,0.42126466380543637,2.069241773962804
1224,5.0475,4.90875,0.4219055793991417,2.069241773962804
1225,5.0525,4.91,0.4210815450643777,2.066952789699571
1226,5.0575,4.90875,0.421447782546495,2.069241773962804
1227,5.0475,4.91,0.4216309012875537,2.069241773962804
1228,5.0575,4.90875,0.421447782546495,2.069241773962804
1229,5.0575,4.91,0.421447782546495,2.069241773962804
1230,5.0575,4.90875,0.42126466380543637,2.066952789699571
1231,5.0675,4.91,0.422271816881259,2.073819742489271
1232,5.055,4.91,0.42126466380543637,2.069241773962804
1233,5.065,4.91,0.42208869814020034,2.073819742489271
1234,5.0775,4.91125,0.42309585121602294,2.0783977110157372
1235,5.0575,4.91125,0.421447782546495,2.069241773962804
1236,5.0575,4.91,0.421447782546495,2.069241773962804
1237,5.0675,4.91,0.422271816881259,2.073819742489271
1238,5.0525,4.90875,0.4210815450643777,2.066952789699571
1239,5.0475,4.9125,0.4219055793991417,2.073819742489271
1240,5.0525,4.91,0.4219055793991417,2.069241773962804
1241,5.065,4.90875,0.42208869814020034,2.069241773962804
1242,5.0675,4.91,0.4219055793991417,2.069241773962804
1243,5.06,4.91,0.4219055793991417,2.069241773962804
1244,5.0525,4.91,0.4210815450643777,2.066952789699571
1245,5.045,4.91125,0.42044062947067246,2.066952789699571
1246,5.05,4.91125,0.4219055793991417,2.073819742489271
1247,5.0525,4.91,0.4210815450643777,2.066952789699571
1248,5.0475,4.91,0.42080686695278974,2.066952789699571
1249,5.04,4.91125,0.4216309012875537,2.069241773962804
1250,5.06,4.91,0.4216309012875537,2.069241773962804
1251,5.0475,4.91,0.4227296137339056,2.073819742489271
1252,5.05,4.91,0.421447782546495,2.069241773962804
1253,5.0575,4.91,0.421447782546495,2.069241773962804
1254,5.0675,4.91,0.42016595135908447,2.0623748211731048
1255,5.0575,4.91125,0.42126466380543637,2.069241773962804
1256,5.055,4.91,0.42126466380543637,2.069241773962804
1257,5.055,4.91125,0.42126466380543637,2.069241773962804
1258,5.0625,4.91,0.4216309012875537,2.069241773962804
1259,5.0625,4.90875,0.4219055793991417,2.069241773962804
1260,5.0575,4.90875,0.421447782546495,2.069241773962804
1261,5.0625,4.91,0.4216309012875537,2.069241773962804
1262,5.0575,4.91,0.421447782546495,2.069241773962804
1263,5.06,4.91,0.4216309012875537,2.069241773962804
1264,5.0525,4.90875,0.4219055793991417,2.069241773962804
1265,5.0525,4.91,0.4210815450643777,2.066952789699571
1266,5.0525,4.91125,0.4210815450643777,2.066952789699571
1267,5.065,4.91,0.4210815450643777,2.066952789699571
1268,5.0775,4.91,0.42309585121602294,2.0783977110157372
1269,5.0625,4.91125,0.4219055793991417,2.073819742489271
1270,5.0575,4.91125,0.42080686695278974,2.066952789699571
1271,5.0525,4.91,0.4210815450643777,2.066952789699571
1272,5.0525,4.91125,0.4210815450643777,2.066952789699571
1273,5.0525,4.91,0.42208869814020034,2.073819742489271
1274,5.0525,4.91125,0.4210815450643777,2.066952789699571
1275,5.0525,4.91,0.4210815450643777,2.066952789699571
1276,5.0575,4.90875,0.4210815450643777,2.066952789699571
1277,5.055,4.91,0.42126466380543637,2.069241773962804
1278,5.0575,4.91,0.421447782546495,2.069241773962804
1279,5.065,4.91125,0.42080686695278974,2.066952789699571
1280,5.06,4.91,0.4224549356223176,2.073819742489271
1281,5.0575,4.91,0.421447782546495,2.069241773962804
1282,5.0675,4.90875,0.4235536480686696,2.0783977110157372
1283,5.0575,4.90875,0.4224549356223176,2.073819742489271
1284,5.055,4.91,0.42126466380543637,2.069241773962804
1285,5.0675,4.91125,0.4237367668097282,2.08068669527897
1286,5.065,4.91,0.4216309012875537,2.069241773962804
1287,5.0625,4.90875,0.4219055793991417,2.069241773962804
1288,5.05,4.91,0.4189756795422032,2.0577968526466384
1289,5.0575,4.91,0.421447782546495,2.069241773962804
1290,5.06,4.90875,0.4216309012875537,2.069241773962804
1291,5.0525,4.91125,0.4206237482117311,2.066952789699571
1292,5.0575,4.90875,0.4219055793991417,2.069241773962804
1293,5.0625,4.90875,0.4219055793991417,2.069241773962804
1294,5.0625,4.91,0.4219055793991417,2.0783977110157372
1295,5.06,4.91,0.4210815450643777,2.066952789699571
1296,5.0575,4.90875,0.421447782546495,2.069241773962804
1297,5.0575,4.91125,0.421447782546495,2.069241773962804
1298,5.0475,4.91125,0.4219055793991417,2.073819742489271
1299,5.0525,4.91125,0.4210815450643777,2.066952789699571
1300,5.06,4.91,0.4216309012875537,2.069241773962804
1301,5.055,4.91125,0.4206237482117311,2.066952789699571
1302,5.045,4.91,0.42044062947067246,2.0623748211731048
1303,5.07,4.91,0.4224549356223176,2.073819742489271
1304,5.065,4.91125,0.4206237482117311,2.066952789699571
1305,5.0575,4.91,0.421447782546495,2.069241773962804
1306,5.07,4.90875,0.4224549356223176,2.073819742489271
1307,5.06,4.91,0.421447782546495,2.069241773962804
1308,5.065,4.91125,0.42208869814020034,2.073819742489271
1309,5.0525,4.91,0.4210815450643777,2.066952789699571
1310,5.0675,4.91,0.42309585121602294,2.0783977110157372
1311,5.05,4.91,0.42080686695278974,2.066952789699571
1312,5.0525,4.91125,0.4210815450643777,2.066952789699571
1313,5.05,4.91125,0.421447782546495,2.069241773962804
1314,5.0625,4.91,0.4219055793991417,2.069241773962804
1315,5.06,4.91,0.4216309012875537,2.069241773962804
1316,5.0575,4.91125,0.4175107296137339,2.0509298998569387
1317,5.0475,4.91,0.4206237482117311,2.066952789699571
1318,5.055,4.91,0.42126466380543637,2.069241773962804
1319,5.065,4.91,0.4206237482117311,2.066952789699571
1320,5.055,4.91125,0.4219055793991417,2.073819742489271
1321,5.0575,4.90875,0.421447782546495,2.069241773962804
1322,5.0525,4.91,0.41979971387696713,2.0623748211731048
1323,5.05,4.91,0.42126466380543637,2.069241773962804
1324,5.06,4.91,0.4216309012875537,2.069241773962804
1325,5.0625,4.91,0.4248354792560802,2.0852646638054364
1326,5.055,4.91,0.4216309012875537,2.069241773962804
1327,5.055,4.91,0.42126466380543637,2.069241773962804
1328,5.0675,4.91,0.4206237482117311,2.066952789699571
1329,5.0675,4.90875,0.4210815450643777,2.066952789699571
1330,5.055,4.91125,0.42126466380543637,2.069241773962804
1331,5.05,4.91,0.42337052932761093,2.0783977110157372
1332,5.065,4.91,0.42044062947067246,2.0623748211731048
1333,5.0625,4.91125,0.4219055793991417,2.073819742489271
1334,5.0625,4.91,0.4219055793991417,2.0509298998569387
1335,5.0625,4.91,0.41787696709585126,2.0509298998569387
1336,5.0475,4.91125,0.4206237482117311,2.066952789699571
1337,5.06,4.91125,0.4216309012875537,2.069241773962804
1338,5.0625,4.91,0.42080686695278974,2.066952789699571
1339,5.0625,4.91,0.4219055793991417,2.069241773962804
1340,5.0675,4.91,0.422271816881259,2.073819742489271
1341,5.0625,4.91,0.4237367668097282,2.08068669527897
1342,5.07,4.91,0.4224549356223176,2.073819742489271
1343,5.055,4.90875,0.42126466380543637,2.066952789699571
1344,5.065,4.91,0.4224549356223176,2.073819742489271
1345,5.0675,4.90875,0.422271816881259,2.073819742489271
1346,5.0675,4.90875,0.422271816881259,2.073819742489271
1347,5.08,4.91,0.42080686695278974,2.066952789699571
1348,5.0625,4.91125,0.4219055793991417,2.073819742489271
1349,5.05,4.91,0.42080686695278974,2.066952789699571
1350,5.055,4.90875,0.4235536480686696,2.0783977110157372
1351,5.0625,4.91125,0.4219055793991417,2.073819742489271
1352,5.07,4.91125,0.4224549356223176,2.073819742489271
1353,5.05,4.91125,0.41979971387696713,2.0623748211731048
1354,5.035,4.91125,0.4196165951359085,2.0623748211731048
1355,5.0475,4.91,0.4206237482117311,2.066952789699571
1356,5.0625,4.90875,0.4210815450643777,2.066952789699571
1357,5.0475,4.91,0.4206237482117311,2.066952789699571
1358,5.055,4.90875,0.42126466380543637,2.066952789699571
1359,5.0625,4.91125,0.4227296137339056,2.0783977110157372
1360,5.0525,4.91,0.41979971387696713,2.0623748211731048
1361,5.0625,4.91,0.4219055793991417,2.069241773962804
1362,5.07,4.91,0.422271816881259,2.073819742489271
1363,5.05,4.91,0.421447782546495,2.069241773962804
1364,5.065,4.91,0.42208869814020034,2.073819742489271
1365,5.06,4.91,0.4258426323319028,2.0921316165951365
1366,5.0525,4.91125,0.42044062947067246,2.066952789699571
1367,5.0475,4.91125,0.4206237482117311,2.066952789699571
1368,5.07,4.91125,0.41915879828326186,2.0577968526466384
1369,5.0725,4.91,0.4227296137339056,2.073819742489271
1370,5.0625,4.91,0.4219055793991417,2.069241773962804
1371,5.0575,4.91,0.4219055793991417,2.069241773962804
1372,5.0575,4.90875,0.4170529327610873,2.0486409155937055
1373,5.0625,4.91,0.4219055793991417,2.069241773962804
1374,5.065,4.91125,0.42208869814020034,2.073819742489271
1375,5.0575,4.91,0.4193419170243205,2.0577968526466384
1376,5.0675,4.91,0.422271816881259,2.073819742489271
1377,5.04,4.91,0.41998283261802577,2.0623748211731048
1378,5.0625,4.91125,0.42391988555078686,2.08068669527897
1379,5.0775,4.91125,0.42309585121602294,2.0783977110157372
1380,5.06,4.90875,0.4216309012875537,2.069241773962804
1381,5.055,4.91,0.4227296137339056,2.073819742489271
1382,5.0425,4.91,0.42016595135908447,2.0623748211731048
1383,5.0625,4.91,0.4219055793991417,2.069241773962804
1384,5.0625,4.90875,0.4206237482117311,2.066952789699571
1385,5.0775,4.90875,0.42309585121602294,2.0783977110157372
1386,5.07,4.91,0.4224549356223176,2.073819742489271
1387,5.0525,4.91125,0.41815164520743925,2.0555078683834047
1388,5.0425,4.91,0.42016595135908447,2.0623748211731048
1389,5.0625,4.91125,0.4219055793991417,2.073819742489271
1390,5.0575,4.90875,0.4227296137339056,2.073819742489271
1391,5.0575,4.91125,0.421447782546495,2.069241773962804
1392,5.055,4.91,0.42126466380543637,2.069241773962804
1393,5.0675,4.91,0.42337052932761093,2.0783977110157372
1394,5.0575,4.91,0.421447782546495,2.069241773962804
1395,5.0625,4.90875,0.4219055793991417,2.069241773962804
1396,5.0575,4.91,0.4237367668097282,2.08068669527897
1397,5.06,4.91,0.422271816881259,2.073819742489271
1398,5.0475,4.91,0.4206237482117311,2.066952789699571
1399,5.0575,4.90875,0.4250185979971388,2.0852646638054364
1400,5.0625,4.91,0.42016595135908447,2.0623748211731048
1401,5.0475,4.91,0.4206237482117311,2.066952789699571
1402,5.065,4.91,0.41979971387696713,2.0623748211731048
1403,5.0575,4.90875,0.4219055793991417,2.069241773962804
1404,5.065,4.90875,0.42208869814020034,2.069241773962804
1405,5.065,4.90875,0.42337052932761093,2.0783977110157372
1406,5.0525,4.91125,0.42419456366237485,2.0852646638054364
1407,5.03,4.91,0.41915879828326186,2.0577968526466384
1408,5.065,4.91125,0.421447782546495,2.069241773962804
1409,5.055,4.91125,0.4206237482117311,2.066952789699571
1410,5.04,4.91125,0.41998283261802577,2.0623748211731048
1411,5.0575,4.91,0.421447782546495,2.073819742489271
1412,5.0725,4.91,0.4206237482117311,2.066952789699571
1413,5.0825,4.91,0.4235536480686696,2.08068669527897
1414,5.0575,4.91125,0.421447782546495,2.069241773962804
1415,5.0575,4.91,0.4219055793991417,2.069241773962804
1416,5.0475,4.91,0.4206237482117311,2.066952789699571
1417,5.0525,4.90875,0.4210815450643777,2.066952789699571
1418,5.0575,4.90875,0.4256595135908441,2.089842632331903
1419,5.0575,4.91125,0.421447782546495,2.069241773962804
1420,5.0475,4.91,0.4206237482117311,2.066952789699571
1421,5.0625,4.91,0.42126466380543637,2.069241773962804
1422,5.075,4.90875,0.4229127324749643,2.0783977110157372
1423,5.0725,4.91,0.4227296137339056,2.073819742489271
1424,5.0625,4.91,0.42208869814020034,2.073819742489271
1425,5.065,4.91,0.42208869814020034,2.073819742489271
1426,5.035,4.90875,0.4196165951359085,2.0577968526466384
1427,5.0675,4.91125,0.42208869814020034,2.073819742489271
1428,5.055,4.91,0.42126466380543637,2.069241773962804
1429,5.06,4.91,0.4216309012875537,2.069241773962804
1430,5.055,4.9075,0.42080686695278974,2.066952789699571
1431,5.0625,4.91125,0.4219055793991417,2.073819742489271
1432,5.06,4.91,0.4216309012875537,2.069241773962804
1433,5.0575,4.91,0.4237367668097282,2.08068669527897
1434,5.06,4.90875,0.4216309012875537,2.069241773962804
1435,5.075,4.91,0.4229127324749643,2.0783977110157372
1436,5.05,4.91125,0.42126466380543637,2.069241773962804
1437,5.0625,4.91,0.42309585121602294,2.0783977110157372
1438,5.0475,4.91,0.4206237482117311,2.066952789699571
1439,5.0575,4.91125,0.4196165951359085,2.0623748211731048
1440,5.065,4.90875,0.42309585121602294,2.0783977110157372
1441,5.035,4.91,0.4196165951359085,2.0577968526466384
1442,5.0775,4.9075,0.42309585121602294,2.0783977110157372
1443,5.0525,4.91,0.42126466380543637,2.069241773962804
1444,5.0425,4.91,0.42016595135908447,2.0623748211731048
1445,5.06,4.90875,0.4237367668097282,2.08068669527897
1446,5.0625,4.90875,0.4189756795422032,2.0555078683834047
1447,5.05,4.91,0.42080686695278974,2.066952789699571
1448,5.0725,4.9125,0.4229127324749643,2.0783977110157372
1449,5.065,4.91125,0.4210815450643777,2.066952789699571
1450,5.08,4.91125,0.42337052932761093,2.0783977110157372
1451,5.0575,4.9075,0.421447782546495,2.0783977110157372
1452,5.0475,4.91125,0.4235536480686696,2.08068669527897
1453,5.06,4.91,0.4216309012875537,2.069241773962804
1454,5.0725,4.91125,0.4227296137339056,2.0783977110157372
1455,5.0575,4.90625,0.42126466380543637,2.066952789699571
1456,5.0525,4.90875,0.4210815450643777,2.066952789699571
1457,5.06,4.91,0.4216309012875537,2.069241773962804
1458,5.06,4.90875,0.4216309012875537,2.069241773962804
1459,5.0725,4.90875,0.4227296137339056,2.073819742489271
1460,5.0425,4.90875,0.42016595135908447,2.0623748211731048
1461,5.075,4.90875,0.42016595135908447,2.0623748211731048
1462,5.0425,4.91,0.42016595135908447,2.0623748211731048
1463,5.065,4.91125,0.42208869814020034,2.073819742489271
1464,5.0625,4.90875,0.4219055793991417,2.069241773962804
1465,5.1025,4.91,0.42520171673819745,2.089842632331903
1466,5.08,4.91,0.42337052932761093,2.0783977110157372
1467,5.0625,4.90875,0.42208869814020034,2.069241773962804
1468,5.035,4.91,0.4196165951359085,2.0577968526466384
1469,5.02,4.91,0.4183347639484979,2.0555078683834047
1470,5.075,4.90875,0.4210815450643777,2.066952789699571
1471,5.0975,4.91125,0.4248354792560802,2.0852646638054364
1472,5.0575,4.90875,0.421447782546495,2.069241773962804
1473,5.05,4.91,0.4210815450643777,2.066952789699571
1474,5.0425,4.91,0.42016595135908447,2.0623748211731048
1475,5.0775,4.91125,0.42309585121602294,2.0783977110157372
1476,5.0575,4.90875,0.42337052932761093,2.0783977110157372
1477,5.0725,4.91,0.41815164520743925,2.0509298998569387
1478,5.0475,4.91,0.4206237482117311,2.066952789699571
1479,5.0675,4.90875,0.421447782546495,2.069241773962804
1480,5.0825,4.91,0.4219055793991417,2.069241773962804
1481,5.055,4.91,0.42126466380543637,2.069241773962804
1482,5.0575,4.91,0.4224549356223176,2.073819742489271
1483,5.0625,4.90875,0.4210815450643777,2.066952789699571
1484,5.1,4.90875,0.4250185979971388,2.0852646638054364
1485,5.055,4.90875,0.4210815450643777,2.066952789699571
1486,5.0625,4.90875,0.42044062947067246,2.0623748211731048
1487,5.05,4.91,0.42080686695278974,2.066952789699571
1488,5.03,4.91,0.421447782546495,2.069241773962804
1489,5.0725,4.90875,0.421447782546495,2.069241773962804
1490,5.0625,4.91125,0.4219055793991417,2.073819742489271
1491,5.075,4.91125,0.4229127324749643,2.073819742489271
1492,5.06,4.91,0.4237367668097282,2.08068669527897
1493,5.0525,4.90875,0.4210815450643777,2.066952789699571
1494,5.09,4.91,0.42419456366237485,2.08068669527897
1495,5.0725,4.90875,0.42437768240343354,2.08068669527897
1496,5.08,4.91125,0.42337052932761093,2.0783977110157372
1497,5.0725,4.9075,0.4227296137339056,2.073819742489271
1498,5.05,4.90875,0.4206237482117311,2.066952789699571
1499,5.0975,4.90875,0.4248354792560802,2.0852646638054364
1500,5.0875,4.91,0.42391988555078686,2.08068669527897
1501,5.0775,4.9075,0.4229127324749643,2.073819742489271
1502,5.0075,4.90875,0.4173276108726753,2.0486409155937055
1503,5.0275,4.90875,0.4189756795422032,2.0555078683834047
1504,5.0575,4.9075,0.4206237482117311,2.0623748211731048
1505,5.0525,4.91125,0.4210815450643777,2.066952789699571
1506,5.02,4.91,0.4183347639484979,2.0555078683834047
1507,5.0675,4.91,0.4224549356223176,2.073819742489271
1508,5.0525,4.91125,0.4210815450643777,2.066952789699571
1509,5.0675,4.91,0.422271816881259,2.073819742489271
1510,5.0725,4.9075,0.42080686695278974,2.066952789699571
1511,5.0625,4.91,0.4219055793991417,2.069241773962804
1512,5.065,4.90875,0.42208869814020034,2.069241773962804
1513,5.065,4.91125,0.4216309012875537,2.069241773962804
1514,5.0975,4.91,0.4248354792560802,2.0852646638054364
1515,5.0725,4.91,0.4227296137339056,2.073819742489271
1516,5.045,4.91125,0.4216309012875537,2.069241773962804
1517,5.045,4.90875,0.4216309012875537,2.069241773962804
1518,5.0525,4.91125,0.4210815450643777,2.066952789699571
1519,5.045,4.90875,0.42016595135908447,2.0623748211731048
1520,5.065,4.90875,0.4219055793991417,2.069241773962804
1521,5.0425,4.91,0.42016595135908447,2.0623748211731048
1522,5.0725,4.91,0.4210815450643777,2.066952789699571
1523,5.0575,4.91,0.4229127324749643,2.0783977110157372
1524,5.035,4.90875,0.4196165951359085,2.0577968526466384
1525,5.055,4.91,0.4229127324749643,2.0783977110157372
1526,5.0675,4.90875,0.4229127324749643,2.0783977110157372
1527,5.0875,4.90875,0.42391988555078686,2.08068669527897
1528,5.075,4.91,0.4210815450643777,2.066952789699571
1529,5.055,4.91,0.4216309012875537,2.069241773962804
1530,5.04,4.91,0.41998283261802577,2.0623748211731048
1531,5.0925,4.91125,0.42437768240343354,2.08068669527897
1532,5.0725,4.90625,0.422271816881259,2.069241773962804
1533,5.12,4.90875,0.4266666666666667,2.0921316165951365
1534,5.0625,4.91,0.4219055793991417,2.069241773962804
1535,5.065,4.90875,0.4219055793991417,2.069241773962804
1536,5.0825,4.90875,0.4235536480686696,2.0783977110157372
1537,5.0525,4.91,0.4210815450643777,2.066952789699571
1538,5.04,4.9075,0.42126466380543637,2.066952789699571
1539,5.04,4.91,0.41998283261802577,2.0623748211731048
1540,5.115,4.91,0.42620886981402006,2.0921316165951365
1541,5.045,4.90875,0.4229127324749643,2.0783977110157372
1542,5.075,4.90875,0.4229127324749643,2.0783977110157372
1543,5.0825,4.91,0.4235536480686696,2.08068669527897
1544,5.0425,4.90875,0.4216309012875537,2.069241773962804
1545,5.0325,4.9075,0.4193419170243205,2.0577968526466384
1546,5.0975,4.90875,0.4248354792560802,2.0852646638054364
1547,5.055,4.90875,0.42080686695278974,2.066952789699571
1548,5.07,4.90875,0.4224549356223176,2.073819742489271
1549,5.0775,4.91,0.42309585121602294,2.0783977110157372
1550,5.0625,4.90875,0.4224549356223176,2.073819742489271
1551,5.07,4.90875,0.4224549356223176,2.073819742489271
1552,5.005,4.91,0.4170529327610873,2.0486409155937055
1553,5.095,4.91125,0.42016595135908447,2.0623748211731048
1554,5.0475,4.91,0.4206237482117311,2.066952789699571
1555,5.0625,4.90875,0.4219055793991417,2.069241773962804
1556,5.0725,4.90875,0.4229127324749643,2.0783977110157372
1557,5.0625,4.90875,0.42309585121602294,2.0783977110157372
1558,5.035,4.91,0.4196165951359085,2.0577968526466384
1559,5.1075,4.90875,0.42309585121602294,2.0783977110157372
1560,5.065,4.90875,0.421447782546495,2.069241773962804
1561,5.0475,4.91,0.4206237482117311,2.066952789699571
1562,5.0825,4.9075,0.4229127324749643,2.073819742489271
1563,5.05,4.91125,0.4227296137339056,2.0783977110157372
1564,5.0725,4.91,0.4227296137339056,2.073819742489271
1565,5.0775,4.9125,0.4210815450643777,2.069241773962804
1566,5.0525,4.90875,0.41915879828326186,2.0577968526466384
1567,5.0875,4.91,0.42391988555078686,2.08068669527897
1568,5.0525,4.9075,0.41998283261802577,2.0623748211731048
1569,5.0425,4.9075,0.4227296137339056,2.073819742489271
1570,5.07,4.90875,0.4224549356223176,2.073819742489271
1571,5.035,4.91125,0.4196165951359085,2.0577968526466384
1572,5.0725,4.90875,0.4229127324749643,2.0783977110157372
1573,5.0875,4.9075,0.42391988555078686,2.08068669527897
1574,5.0525,4.91,0.4210815450643777,2.066952789699571
1575,5.0375,4.91,0.4206237482117311,2.066952789699571
1576,5.075,4.91,0.4229127324749643,2.0783977110157372
1577,5.065,4.90875,0.42208869814020034,2.069241773962804
1578,5.0625,4.91,0.4206237482117311,2.066952789699571
1579,5.0475,4.91,0.4206237482117311,2.066952789699571
1580,5.0575,4.91,0.421447782546495,2.069241773962804
1581,5.08,4.91,0.42309585121602294,2.0783977110157372
1582,5.0775,4.91125,0.42309585121602294,2.0783977110157372
1583,5.1025,4.9075,0.42520171673819745,2.0852646638054364
1584,5.04,4.91,0.42337052932761093,2.0783977110157372
1585,5.0775,4.91125,0.42309585121602294,2.0783977110157372
1586,5.0975,4.9075,0.4248354792560802,2.0852646638054364
1587,5.0825,4.91,0.4210815450643777,2.066952789699571
1588,5.06,4.90875,0.4216309012875537,2.069241773962804
1589,5.07,4.91,0.4224549356223176,2.073819742489271
1590,5.085,4.90875,0.41979971387696713,2.0577968526466384
1591,5.065,4.90875,0.42208869814020034,2.069241773962804
1592,5.0575,4.91,0.421447782546495,2.069241773962804
1593,5.0225,4.91,0.4245608011444922,2.0852646638054364
1594,5.075,4.90875,0.4229127324749643,2.0783977110157372
1595,5.0875,4.9075,0.42391988555078686,2.08068669527897
1596,5.0625,4.91125,0.4219055793991417,2.073819742489271
1597,5.0475,4.91,0.422271816881259,2.073819742489271
1598,5.06,4.90875,0.4216309012875537,2.069241773962804
1599,5.0175,4.91125,0.4219055793991417,2.073819742489271
1600,5.0475,4.91125,0.42437768240343354,2.0852646638054364
1601,5.0875,4.90875,0.42391988555078686,2.08068669527897
1602,5.095,4.91,0.422271816881259,2.073819742489271
1603,5.065,4.9075,0.421447782546495,2.066952789699571
1604,5.055,4.91,0.42126466380543637,2.069241773962804
1605,5.0625,4.90875,0.42337052932761093,2.0783977110157372
1606,5.095,4.90875,0.4227296137339056,2.073819742489271
1607,5.04,4.90875,0.41998283261802577,2.0623748211731048
1608,5.0675,4.91,0.421447782546495,2.069241773962804
1609,5.0825,4.91,0.4248354792560802,2.0852646638054364
1610,5.065,4.90875,0.42208869814020034,2.069241773962804
1611,5.09,4.90875,0.42419456366237485,2.08068669527897
1612,5.08,4.91,0.41998283261802577,2.0623748211731048
1613,5.0875,4.91,0.42391988555078686,2.08068669527897
1614,5.075,4.90875,0.4229127324749643,2.0783977110157372
1615,5.05,4.91125,0.42016595135908447,2.0623748211731048
1616,5.0425,4.90875,0.42016595135908447,2.0623748211731048
1617,5.0475,4.91,0.4206237482117311,2.066952789699571
1618,5.0325,4.91125,0.4219055793991417,2.073819742489271
1619,5.07,4.91125,0.4224549356223176,2.073819742489271
1620,5.07,4.90875,0.4224549356223176,2.073819742489271
1621,5.02,4.91,0.422271816881259,2.073819742489271
1622,5.095,4.91125,0.4245608011444922,2.0852646638054364
1623,5.07,4.9075,0.4224549356223176,2.073819742489271
1624,5.04,4.91,0.421447782546495,2.069241773962804
1625,5.0875,4.91125,0.42391988555078686,2.08068669527897
1626,5.075,4.91,0.4229127324749643,2.0783977110157372
1627,5.06,4.90875,0.42391988555078686,2.08068669527897
1628,5.045,4.90875,0.42044062947067246,2.0623748211731048
1629,5.0675,4.90875,0.422271816881259,2.073819742489271
1630,5.0625,4.90875,0.42208869814020034,2.069241773962804
1631,5.04,4.9075,0.41998283261802577,2.0623748211731048
1632,5.07,4.91,0.4224549356223176,2.073819742489271
1633,5.05,4.90875,0.4210815450643777,2.066952789699571
1634,5.05,4.90875,0.4189756795422032,2.0555078683834047
1635,5.0525,4.90875,0.4210815450643777,2.066952789699571
1636,5.0425,4.90875,0.4206237482117311,2.066952789699571
1637,5.0375,4.91,0.4210815450643777,2.066952789699571
1638,5.055,4.91,0.42126466380543637,2.069241773962804
1639,5.0675,4.91,0.42208869814020034,2.073819742489271
1640,5.0675,4.90875,0.42309585121602294,2.0783977110157372
1641,5.0525,4.91,0.4210815450643777,2.066952789699571
1642,5.07,4.9075,0.42309585121602294,2.0783977110157372
1643,5.095,4.91,0.42309585121602294,2.0783977110157372
1644,5.0375,4.91125,0.41979971387696713,2.0623748211731048
1645,5.06,4.91125,0.4216309012875537,2.069241773962804
1646,5.07,4.90875,0.4216309012875537,2.069241773962804
1647,5.075,4.91125,0.4229127324749643,2.0783977110157372
1648,5.075,4.90875,0.4235536480686696,2.0783977110157372
1649,5.0475,4.91,0.4189756795422032,2.0577968526466384
1650,5.02,4.91125,0.4183347639484979,2.0555078683834047
1651,5.0525,4.91125,0.4210815450643777,2.066952789699571
1652,5.0625,4.90875,0.42391988555078686,2.08068669527897
1653,5.0275,4.91,0.4189756795422032,2.0577968526466384
1654,5.0575,4.91,0.421447782546495,2.069241773962804
1655,5.06,4.90875,0.421447782546495,2.069241773962804
1656,5.07,4.91,0.4224549356223176,2.073819742489271
1657,5.0625,4.91,0.4219055793991417,2.069241773962804
1658,5.06,4.91,0.4189756795422032,2.0577968526466384
1659,5.04,4.91,0.41998283261802577,2.0623748211731048
1660,5.08,4.91,0.42337052932761093,2.0783977110157372
1661,5.0525,4.91125,0.4224549356223176,2.073819742489271
1662,5.0725,4.91,0.4227296137339056,2.073819742489271
1663,5.08,4.91,0.42337052932761093,2.0783977110157372
1664,5.0325,4.91,0.42080686695278974,2.066952789699571
1665,5.0775,4.90875,0.42309585121602294,2.0783977110157372
1666,5.08,4.91,0.42337052932761093,2.0783977110157372
1667,5.0725,4.91,0.4227296137339056,2.073819742489271
1668,5.045,4.91,0.42044062947067246,2.0623748211731048
1669,5.0325,4.90875,0.4193419170243205,2.0577968526466384
1670,5.0575,4.9125,0.42391988555078686,2.08068669527897
1671,5.05,4.90875,0.42080686695278974,2.066952789699571
1672,5.08,4.91,0.42337052932761093,2.0783977110157372
1673,5.07,4.91,0.4219055793991417,2.069241773962804
1674,5.0775,4.9075,0.42391988555078686,2.08068669527897
1675,5.0725,4.9075,0.4227296137339056,2.073819742489271
1676,5.065,4.91125,0.41998283261802577,2.0623748211731048
1677,5.08,4.91,0.42419456366237485,2.08068669527897
1678,5.05,4.90875,0.42080686695278974,2.066952789699571
1679,5.04,4.9125,0.4189756795422032,2.0577968526466384
1680,5.0675,4.90875,0.42437768240343354,2.08068669527897
1681,5.06,4.91,0.4216309012875537,2.069241773962804
1682,5.0775,4.90875,0.4219055793991417,2.069241773962804
1683,5.0825,4.9075,0.4227296137339056,2.073819742489271
1684,5.0475,4.90875,0.4206237482117311,2.066952789699571
1685,5.05,4.91,0.4216309012875537,2.069241773962804
1686,5.0475,4.90875,0.41915879828326186,2.0577968526466384
1687,5.0775,4.91,0.42309585121602294,2.0783977110157372
1688,5.07,4.90875,0.4224549356223176,2.0577968526466384
1689,5.0725,4.90875,0.4237367668097282,2.08068669527897
1690,5.0775,4.91,0.42309585121602294,2.0783977110157372
1691,5.08,4.90875,0.42337052932761093,2.0783977110157372
1692,5.0625,4.91,0.4206237482117311,2.066952789699571
1693,5.05,4.91,0.42080686695278974,2.066952789699571
1694,5.05,4.90875,0.42080686695278974,2.066952789699571
1695,5.06,4.91,0.42080686695278974,2.066952789699571
1696,5.0675,4.90875,0.422271816881259,2.073819742489271
1697,5.065,4.90875,0.42208869814020034,2.069241773962804
1698,5.055,4.91125,0.42080686695278974,2.066952789699571
1699,5.065,4.90875,0.42208869814020034,2.069241773962804
1700,5.06,4.91,0.4216309012875537,2.069241773962804
1701,5.0625,4.91125,0.4245608011444922,2.0852646638054364
1702,5.04,4.91125,0.41998283261802577,2.0623748211731048
1703,5.035,4.91,0.4196165951359085,2.0577968526466384
1704,5.055,4.91,0.4224549356223176,2.073819742489271
1705,5.0725,4.9075,0.4227296137339056,2.073819742489271
1706,5.0875,4.90875,0.42391988555078686,2.08068669527897
1707,5.09,4.91,0.422271816881259,2.073819742489271
1708,5.075,4.91,0.4229127324749643,2.0783977110157372
1709,5.0775,4.90875,0.42309585121602294,2.0783977110157372
1710,5.0475,4.90875,0.4210815450643777,2.066952789699571
1711,5.08,4.91,0.42337052932761093,2.0783977110157372
1712,5.0675,4.91125,0.422271816881259,2.073819742489271
1713,5.075,4.91,0.4227296137339056,2.073819742489271
1714,5.05,4.91,0.42126466380543637,2.069241773962804
1715,5.0575,4.90875,0.421447782546495,2.069241773962804
1716,5.0725,4.90875,0.4206237482117311,2.066952789699571
1717,5.06,4.90875,0.42309585121602294,2.0783977110157372
1718,5.08,4.90875,0.42337052932761093,2.0783977110157372
1719,5.0475,4.91125,0.42337052932761093,2.0783977110157372
1720,5.0475,4.90875,0.42080686695278974,2.066952789699571
1721,5.0625,4.91125,0.4219055793991417,2.073819742489271
1722,5.08,4.91125,0.422271816881259,2.073819742489271
1723,5.05,4.91,0.4227296137339056,2.073819742489271
1724,5.06,4.91,0.4216309012875537,2.069241773962804
1725,5.0625,4.91,0.42208869814020034,2.073819742489271
1726,5.0475,4.9075,0.4210815450643777,2.066952789699571
1727,5.0575,4.91125,0.421447782546495,2.069241773962804
1728,5.0525,4.90875,0.4210815450643777,2.069241773962804
1729,5.0425,4.91,0.4216309012875537,2.069241773962804
1730,5.0575,4.9075,0.421447782546495,2.066952789699571
1731,5.0675,4.90875,0.422271816881259,2.073819742489271
1732,5.06,4.9125,0.42337052932761093,2.08068669527897
1733,5.0725,4.91125,0.4227296137339056,2.0783977110157372
1734,5.07,4.91125,0.4224549356223176,2.073819742489271
1735,5.0475,4.90875,0.4219055793991417,2.069241773962804
1736,5.08,4.90875,0.42337052932761093,2.0783977110157372
1737,5.06,4.90875,0.4216309012875537,2.069241773962804
1738,5.0475,4.9075,0.42208869814020034,2.069241773962804
1739,5.09,4.90875,0.42419456366237485,2.08068669527897
1740,5.07,4.90875,0.4224549356223176,2.073819742489271
1741,5.05,4.91,0.4237367668097282,2.08068669527897
1742,5.05,4.90875,0.42080686695278974,2.066952789699571
1743,5.0825,4.91,0.4235536480686696,2.08068669527897
1744,5.0775,4.90875,0.4219055793991417,2.069241773962804
1745,5.065,4.9075,0.42208869814020034,2.069241773962804
1746,5.105,4.90875,0.4253848354792561,2.089842632331903
1747,5.0525,4.9075,0.4206237482117311,2.0623748211731048
1748,5.0925,4.90875,0.42437768240343354,2.08068669527897
1749,5.0725,4.91,0.4227296137339056,2.073819742489271
1750,5.0775,4.90875,0.42419456366237485,2.08068669527897
1751,5.06,4.90875,0.4216309012875537,2.069241773962804
1752,5.05,4.9075,0.42080686695278974,2.066952789699571
1753,5.035,4.90875,0.4235536480686696,2.0783977110157372
1754,5.0775,4.91125,0.42309585121602294,2.0783977110157372
1755,5.0675,4.91,0.422271816881259,2.073819742489271
1756,5.0525,4.9125,0.4229127324749643,2.0783977110157372
1757,5.06,4.91,0.4227296137339056,2.073819742489271
1758,5.0775,4.90875,0.42309585121602294,2.0783977110157372
1759,5.0675,4.91125,0.4235536480686696,2.08068669527897
1760,5.045,4.9075,0.4227296137339056,2.073819742489271
1761,5.065,4.9075,0.42208869814020034,2.069241773962804
1762,5.0775,4.9125,0.4219055793991417,2.073819742489271
1763,5.0375,4.91,0.4216309012875537,2.069241773962804
1764,5.0475,4.91,0.4206237482117311,2.066952789699571
1765,5.0775,4.90875,0.42044062947067246,2.0623748211731048
1766,5.0825,4.91125,0.42419456366237485,2.0852646638054364
1767,5.0575,4.90875,0.421447782546495,2.069241773962804
1768,5.035,4.90875,0.4196165951359085,2.069241773962804
1769,5.05,4.9075,0.4206237482117311,2.0623748211731048
1770,5.0625,4.90875,0.4219055793991417,2.069241773962804
1771,5.07,4.91,0.4224549356223176,2.073819742489271
1772,5.0825,4.90875,0.421447782546495,2.069241773962804
1773,5.0525,4.91,0.4210815450643777,2.066952789699571
1774,5.0775,4.91125,0.42309585121602294,2.0783977110157372
1775,5.0475,4.91,0.422271816881259,2.073819742489271
1776,5.0625,4.90875,0.4219055793991417,2.069241773962804
1777,5.0425,4.91,0.42016595135908447,2.0623748211731048
1778,5.0325,4.91,0.422271816881259,2.073819742489271
1779,5.0575,4.91125,0.421447782546495,2.069241773962804
1780,5.0825,4.90875,0.4235536480686696,2.0783977110157372
1781,5.0425,4.90875,0.4210815450643777,2.066952789699571
1782,5.05,4.90875,0.42080686695278974,2.066952789699571
1783,5.065,4.90875,0.42208869814020034,2.069241773962804
1784,5.0625,4.91,0.4219055793991417,2.069241773962804
1785,5.065,4.91,0.42208869814020034,2.073819742489271
1786,5.085,4.90875,0.4237367668097282,2.08068669527897
1787,5.0525,4.90875,0.421447782546495,2.069241773962804
1788,5.0725,4.90875,0.4227296137339056,2.073819742489271
1789,5.0575,4.91,0.421447782546495,2.069241773962804
1790,5.0725,4.91125,0.4237367668097282,2.08068669527897
1791,5.06,4.91,0.4216309012875537,2.069241773962804
1792,5.06,4.90875,0.4216309012875537,2.069241773962804
1793,5.05,4.91,0.42337052932761093,2.0783977110157372
1794,5.0275,4.90875,0.42419456366237485,2.08068669527897
1795,5.055,4.90875,0.42126466380543637,2.066952789699571
1796,5.0525,4.91,0.4219055793991417,2.069241773962804
1797,5.0825,4.91,0.421447782546495,2.069241773962804
1798,5.0625,4.90875,0.4219055793991417,2.069241773962804
1799,5.065,4.91,0.4219055793991417,2.069241773962804
1800,5.0775,4.91125,0.421447782546495,2.069241773962804
1801,5.055,4.91,0.42126466380543637,2.069241773962804
1802,5.06,4.90875,0.4219055793991417,2.069241773962804
1803,5.05,4.90875,0.42391988555078686,2.08068669527897
1804,5.0825,4.90875,0.4235536480686696,2.0783977110157372
1805,5.06,4.90875,0.42044062947067246,2.0623748211731048
1806,5.06,4.91,0.4219055793991417,2.069241773962804
1807,5.085,4.90875,0.4237367668097282,2.08068669527897
1808,5.0675,4.91,0.422271816881259,2.069241773962804
1809,5.0475,4.91,0.4216309012875537,2.069241773962804
1810,5.0625,4.91125,0.4219055793991417,2.073819742489271
1811,5.065,4.90875,0.42208869814020034,2.069241773962804
1812,5.08,4.90875,0.42208869814020034,2.069241773962804
1813,5.0875,4.90875,0.42391988555078686,2.08068669527897
1814,5.0725,4.90875,0.4227296137339056,2.073819742489271
1815,5.045,4.9075,0.42309585121602294,2.0783977110157372
1816,5.0875,4.90875,0.42391988555078686,2.08068669527897
1817,5.065,4.90875,0.42208869814020034,2.069241773962804
1818,5.0825,4.91,0.4237367668097282,2.08068669527897
1819,5.07,4.91125,0.4224549356223176,2.073819742489271
1820,5.0625,4.91125,0.4219055793991417,2.073819742489271
1821,5.0875,4.91125,0.42309585121602294,2.0783977110157372
1822,5.0825,4.90875,0.4235536480686696,2.0783977110157372
1823,5.0725,4.91,0.4227296137339056,2.073819742489271
1824,5.0625,4.91,0.4219055793991417,2.069241773962804
1825,5.0625,4.91125,0.4219055793991417,2.073819742489271
1826,5.065,4.90875,0.42208869814020034,2.069241773962804
1827,5.0825,4.90875,0.42337052932761093,2.0783977110157372
1828,5.05,4.91,0.42080686695278974,2.066952789699571
1829,5.0725,4.91125,0.4227296137339056,2.0783977110157372
1830,5.0725,4.90875,0.4227296137339056,2.073819742489271
1831,5.0625,4.9075,0.4219055793991417,2.069241773962804
1832,5.07,4.90875,0.4224549356223176,2.073819742489271
1833,5.0675,4.90875,0.42126466380543637,2.066952789699571
1834,5.06,4.9075,0.41979971387696713,2.0577968526466384
1835,5.0825,4.91,0.4235536480686696,2.08068669527897
1836,5.0725,4.90875,0.42044062947067246,2.0623748211731048
1837,5.07,4.90875,0.4219055793991417,2.069241773962804
1838,5.0575,4.91,0.421447782546495,2.069241773962804
1839,5.0625,4.90625,0.4227296137339056,2.073819742489271
1840,5.065,4.91,0.4224549356223176,2.073819742489271
1841,5.08,4.91,0.42337052932761093,2.0783977110157372
1842,5.0425,4.9075,0.42080686695278974,2.066952789699571
1843,5.075,4.9125,0.42080686695278974,2.066952789699571
1844,5.075,4.91,0.4229127324749643,2.0783977110157372
1845,5.0725,4.91,0.4227296137339056,2.073819742489271
1846,5.0675,4.91,0.422271816881259,2.073819742489271
1847,5.075,4.90875,0.4229127324749643,2.0783977110157372
1848,5.06,4.90875,0.4216309012875537,2.069241773962804
1849,5.055,4.91,0.4216309012875537,2.069241773962804
1850,5.065,4.91,0.42208869814020034,2.073819742489271
1851,5.0625,4.91,0.4219055793991417,2.069241773962804
1852,5.055,4.90875,0.4216309012875537,2.069241773962804
1853,5.0725,4.90875,0.4227296137339056,2.073819742489271
1854,5.05,4.91,0.42080686695278974,2.066952789699571
1855,5.055,4.91125,0.42208869814020034,2.073819742489271
1856,5.0775,4.90875,0.42309585121602294,2.0783977110157372
1857,5.09,4.91,0.42419456366237485,2.08068669527897
1858,5.0675,4.91,0.42309585121602294,2.0783977110157372
1859,5.045,4.91125,0.42044062947067246,2.066952789699571
1860,5.085,4.91,0.4237367668097282,2.08068669527897
1861,5.065,4.91125,0.422271816881259,2.073819742489271
1862,5.125,4.91,0.4271244635193133,2.0967095851216024
1863,5.08,4.90875,0.42337052932761093,2.0783977110157372
1864,5.0875,4.90875,0.4235536480686696,2.0783977110157372
1865,5.0375,4.90875,0.41979971387696713,2.0577968526466384
1866,5.06,4.90875,0.4216309012875537,2.069241773962804
1867,5.065,4.91,0.421447782546495,2.069241773962804
1868,5.06,4.90875,0.4216309012875537,2.069241773962804
1869,5.0925,4.90875,0.42437768240343354,2.08068669527897
1870,5.0675,4.90875,0.4206237482117311,2.066952789699571
1871,5.07,4.90875,0.4224549356223176,2.073819742489271
1872,5.06,4.91,0.4216309012875537,2.069241773962804
1873,5.0475,4.91125,0.42337052932761093,2.0783977110157372
1874,5.0775,4.90875,0.42126466380543637,2.066952789699571
1875,5.04,4.91,0.41998283261802577,2.0623748211731048
1876,5.085,4.90875,0.4210815450643777,2.066952789699571
1877,5.055,4.91125,0.42337052932761093,2.0783977110157372
1878,5.065,4.91,0.42208869814020034,2.073819742489271
1879,5.0925,4.9075,0.4227296137339056,2.073819742489271
1880,5.085,4.91,0.4224549356223176,2.073819742489271
1881,5.0675,4.90875,0.422271816881259,2.073819742489271
1882,5.035,4.91,0.42016595135908447,2.0623748211731048
1883,5.0725,4.9075,0.4206237482117311,2.0623748211731048
1884,5.1025,4.91125,0.42520171673819745,2.089842632331903
1885,5.0575,4.90875,0.4210815450643777,2.066952789699571
1886,5.03,4.90875,0.42391988555078686,2.08068669527897
1887,5.0725,4.91,0.4227296137339056,2.073819742489271
1888,5.0875,4.91,0.42391988555078686,2.0623748211731048
1889,5.0725,4.91125,0.422271816881259,2.073819742489271
1890,5.08,4.91125,0.42337052932761093,2.0783977110157372
1891,5.0775,4.91125,0.42309585121602294,2.0783977110157372
1892,5.08,4.91,0.41979971387696713,2.0623748211731048
1893,5.06,4.90875,0.4216309012875537,2.069241773962804
1894,5.0725,4.90875,0.4227296137339056,2.073819742489271
1895,5.0525,4.91,0.4216309012875537,2.069241773962804
1896,5.0675,4.9075,0.422271816881259,2.073819742489271
1897,5.0575,4.91125,0.421447782546495,2.069241773962804
1898,5.0725,4.91,0.4227296137339056,2.073819742489271
1899,5.0875,4.91,0.42391988555078686,2.08068669527897
1900,5.07,4.91125,0.4224549356223176,2.073819742489271
1901,5.0825,4.91,0.4206237482117311,2.066952789699571
1902,5.08,4.90875,0.42337052932761093,2.0783977110157372
1903,5.05,4.90625,0.42080686695278974,2.066952789699571
1904,5.0725,4.90875,0.4210815450643777,2.066952789699571
1905,5.085,4.91,0.4237367668097282,2.08068669527897
1906,5.0825,4.91,0.4235536480686696,2.08068669527897
1907,5.0625,4.91125,0.4229127324749643,2.0783977110157372
1908,5.0775,4.9075,0.42309585121602294,2.0783977110157372
1909,5.0825,4.90875,0.4235536480686696,2.0783977110157372
1910,5.07,4.9075,0.4216309012875537,2.069241773962804
1911,5.0775,4.91,0.42309585121602294,2.0783977110157372
1912,5.0575,4.90875,0.421447782546495,2.069241773962804
1913,5.065,4.90875,0.42337052932761093,2.0783977110157372
1914,5.0825,4.90875,0.42309585121602294,2.0783977110157372
1915,5.0525,4.9075,0.4210815450643777,2.066952789699571
1916,5.0825,4.91125,0.4224549356223176,2.073819742489271
1917,5.065,4.91125,0.42337052932761093,2.0783977110157372
1918,5.0775,4.91,0.42309585121602294,2.0783977110157372
1919,5.06,4.90875,0.4206237482117311,2.066952789699571
1920,5.075,4.9075,0.4224549356223176,2.073819742489271
1921,5.085,4.90875,0.4237367668097282,2.08068669527897
1922,5.0575,4.90875,0.4227296137339056,2.073819742489271
1923,5.07,4.91,0.421447782546495,2.069241773962804
1924,5.0575,4.91,0.421447782546495,2.069241773962804
1925,5.065,4.90875,0.42208869814020034,2.069241773962804
1926,5.065,4.90875,0.422271816881259,2.073819742489271
1927,5.0725,4.91125,0.4227296137339056,2.0783977110157372
1928,5.0475,4.91,0.4206237482117311,2.066952789699571
1929,5.0475,4.90875,0.42208869814020034,2.069241773962804
1930,5.0675,4.90875,0.422271816881259,2.073819742489271
1931,5.08,4.91125,0.42337052932761093,2.0783977110157372
1932,5.04,4.91,0.4245608011444922,2.0852646638054364
1933,5.0725,4.90875,0.4227296137339056,2.073819742489271
1934,5.0575,4.91125,0.421447782546495,2.069241773962804
1935,5.0925,4.90875,0.42309585121602294,2.0783977110157372
1936,5.0825,4.90875,0.4235536480686696,2.0783977110157372
1937,5.0375,4.91,0.41979971387696713,2.0623748211731048
1938,5.065,4.90875,0.4227296137339056,2.073819742489271
1939,5.095,4.90875,0.4245608011444922,2.0852646638054364
1940,5.0525,4.90875,0.4210815450643777,2.066952789699571
1941,5.0675,4.92125,0.42208869814020034,2.0783977110157372
1942,5.0725,4.91,0.4227296137339056,2.073819742489271
1943,5.0725,4.91,0.4227296137339056,2.073819742489271
1944,5.07,4.9075,0.4235536480686696,2.0783977110157372
1945,5.0925,4.90875,0.42437768240343354,2.08068669527897
1946,5.075,4.91,0.4229127324749643,2.0783977110157372
1947,5.0525,4.90875,0.422271816881259,2.073819742489271
1948,5.065,4.90875,0.42208869814020034,2.069241773962804
1949,5.055,4.91,0.42126466380543637,2.069241773962804
1950,5.055,4.91125,0.4235536480686696,2.08068669527897
1951,5.05,4.91125,0.42080686695278974,2.066952789699571
1952,5.0875,4.9075,0.42391988555078686,2.08068669527897
1953,5.08,4.91,0.42337052932761093,2.0783977110157372
1954,5.07,4.91,0.42208869814020034,2.073819742489271
1955,5.0775,4.91,0.42309585121602294,2.0783977110157372
1956,5.06,4.90875,0.42126466380543637,2.066952789699571
1957,5.085,4.91,0.42016595135908447,2.0623748211731048
1958,5.06,4.91,0.4216309012875537,2.069241773962804
1959,5.0625,4.90875,0.4248354792560802,2.0852646638054364
1960,5.065,4.90875,0.421447782546495,2.069241773962804
1961,5.045,4.91,0.42044062947067246,2.0623748211731048
1962,5.0625,4.90875,0.421447782546495,2.069241773962804
1963,5.0975,4.90875,0.4206237482117311,2.066952789699571
1964,5.06,4.9075,0.4216309012875537,2.069241773962804
1965,5.105,4.90875,0.42391988555078686,2.08068669527897
1966,5.0875,4.91,0.42309585121602294,2.0783977110157372
1967,5.04,4.9075,0.41998283261802577,2.0623748211731048
1968,5.0725,4.91,0.4227296137339056,2.0783977110157372
1969,5.0625,4.90875,0.4219055793991417,2.069241773962804
1970,5.065,4.9075,0.42208869814020034,2.069241773962804
1971,5.08,4.90875,0.42337052932761093,2.0783977110157372
1972,5.0575,4.91,0.421447782546495,2.069241773962804
1973,5.11,4.90875,0.4258426323319028,2.089842632331903
1974,5.04,4.91,0.41998283261802577,2.0623748211731048
1975,5.075,4.90875,0.4227296137339056,2.073819742489271
1976,5.07,4.90875,0.4224549356223176,2.073819742489271
1977,5.0675,4.90875,0.422271816881259,2.073819742489271
1978,5.0425,4.91125,0.4210815450643777,2.066952789699571
1979,5.04,4.90875,0.41998283261802577,2.0623748211731048
1980,5.0425,4.91125,0.42016595135908447,2.0623748211731048
1981,5.0525,4.90875,0.4227296137339056,2.073819742489271
1982,5.085,4.91,0.4237367668097282,2.08068669527897
1983,5.09,4.91,0.42419456366237485,2.08068669527897
1984,5.0525,4.91,0.421447782546495,2.069241773962804
1985,5.1,4.90875,0.4250185979971388,2.0852646638054364
1986,5.035,4.91,0.4196165951359085,2.0577968526466384
1987,5.0625,4.91,0.4210815450643777,2.066952789699571
1988,5.0825,4.90875,0.4235536480686696,2.0783977110157372
1989,5.0775,4.90875,0.42309585121602294,2.0783977110157372
1990,5.0775,4.90875,0.4229127324749643,2.0783977110157372
1991,5.0825,4.90875,0.4235536480686696,2.0783977110157372
1992,5.0475,4.90875,0.4206237482117311,2.066952789699571
1993,5.06,4.91,0.41979971387696713,2.0623748211731048
1994,5.0725,4.9075,0.4224549356223176,2.073819742489271
1995,5.0775,4.90875,0.42309585121602294,2.0783977110157372
1996,5.0675,4.91,0.422271816881259,2.073819742489271
1997,5.0475,4.91,0.42208869814020034,2.073819742489271
1998,5.055,4.91,0.42126466380543637,2.069241773962804
1999,5.0775,4.90875,0.4216309012875537,2.069241773962804
2000,5.09,4.90875,0.4227296137339056,2.073819742489271
2001,5.08,4.90875,0.42337052932761093,2.0783977110157372
2002,5.0925,4.91,0.422271816881259,2.073819742489271
2003,5.0725,4.9075,0.4229127324749643,2.073819742489271
2004,5.08,4.90875,0.42337052932761093,2.0783977110157372
2005,5.0525,4.91,0.42208869814020034,2.073819742489271
2006,5.0825,4.91,0.4229127324749643,2.0783977110157372
2007,5.08,4.90875,0.42337052932761093,2.0783977110157372
2008,5.075,4.90875,0.4229127324749643,2.073819742489271
2009,5.0725,4.91,0.4229127324749643,2.0783977110157372
2010,5.0775,4.91125,0.42309585121602294,2.0783977110157372
2011,5.055,4.91125,0.42126466380543637,2.069241773962804
2012,5.04,4.90875,0.422271816881259,2.073819742489271
2013,5.0575,4.91,0.421447782546495,2.069241773962804
2014,5.07,4.91,0.4224549356223176,2.073819742489271
2015,5.0725,4.90875,0.4229127324749643,2.0783977110157372
2016,5.04,4.91,0.41998283261802577,2.0623748211731048
2017,5.0575,4.90875,0.421447782546495,2.069241773962804
2018,5.03,4.91125,0.42080686695278974,2.066952789699571
2019,5.0775,4.90875,0.42309585121602294,2.0783977110157372
2020,5.075,4.90875,0.4229127324749643,2.0783977110157372
2021,5.065,4.9075,0.42016595135908447,2.0623748211731048
2022,5.08,4.91,0.42337052932761093,2.0783977110157372
2023,5.095,4.9075,0.4245608011444922,2.0852646638054364
2024,5.05,4.91,0.42208869814020034,2.073819742489271
2025,5.075,4.91,0.4229127324749643,2.0783977110157372
2026,5.07,4.91,0.4224549356223176,2.073819742489271
2027,5.065,4.90875,0.4216309012875537,2.069241773962804
2028,5.08,4.91,0.42337052932761093,2.0783977110157372
2029,5.085,4.91,0.4237367668097282,2.08068669527897
2030,5.0625,4.90875,0.4216309012875537,2.069241773962804
2031,5.0475,4.91,0.4206237482117311,2.066952789699571
2032,5.0525,4.90625,0.4210815450643777,2.066952789699571
2033,5.07,4.9125,0.4219055793991417,2.073819742489271
2034,5.07,4.91,0.41998283261802577,2.0623748211731048
2035,5.08,4.91,0.42337052932761093,2.0783977110157372
2036,5.0425,4.9075,0.4219055793991417,2.069241773962804
2037,5.0625,4.9075,0.4224549356223176,2.073819742489271
2038,5.0525,4.91,0.4210815450643777,2.066952789699571
2039,5.085,4.91125,0.4224549356223176,2.073819742489271
2040,5.0875,4.90875,0.42337052932761093,2.0783977110157372
2041,5.0875,4.90625,0.42391988555078686,2.08068669527897
2042,5.05,4.91125,0.42208869814020034,2.073819742489271
2043,5.0475,4.91,0.42337052932761093,2.0783977110157372
2044,5.085,4.90875,0.4237367668097282,2.08068669527897
2045,5.0675,4.90875,0.4224549356223176,2.073819742489271
2046,5.0975,4.90875,0.42208869814020034,2.069241773962804
2047,5.0775,4.9075,0.42309585121602294,2.0783977110157372
2048,5.09,4.90875,0.42419456366237485,2.073819742489271
2049,5.065,4.90875,0.4235536480686696,2.0783977110157372
2050,5.0525,4.91,0.4210815450643777,2.066952789699571
2051,5.0725,4.90875,0.4227296137339056,2.073819742489271
2052,5.0725,4.91,0.421447782546495,2.069241773962804
2053,5.08,4.90875,0.42337052932761093,2.0783977110157372
2054,5.0725,4.90875,0.4227296137339056,2.073819742489271
2055,5.0525,4.90875,0.4224549356223176,2.073819742489271
2056,5.0625,4.90875,0.4219055793991417,2.069241773962804
2057,5.0575,4.91125,0.421447782546495,2.069241773962804
2058,5.0975,4.91,0.4216309012875537,2.069241773962804
2059,5.0675,4.90875,0.422271816881259,2.073819742489271
2060,5.0825,4.91,0.4235536480686696,2.08068669527897
2061,5.095,4.90875,0.4227296137339056,2.073819742489271
2062,5.07,4.91125,0.4224549356223176,2.073819742489271
2063,5.06,4.90875,0.4216309012875537,2.069241773962804
2064,5.0675,4.90875,0.4224549356223176,2.073819742489271
2065,5.065,4.9075,0.42208869814020034,2.069241773962804
2066,5.06,4.91,0.4216309012875537,2.069241773962804
2067,5.06,4.9075,0.4227296137339056,2.073819742489271
2068,5.065,4.91125,0.42208869814020034,2.073819742489271
2069,5.065,4.91125,0.42208869814020034,2.073819742489271
2070,5.07,4.90875,0.422271816881259,2.073819742489271
2071,5.0725,4.90875,0.4227296137339056,2.073819742489271
2072,5.08,4.91125,0.42337052932761093,2.0783977110157372
2073,5.09,4.91,0.4227296137339056,2.073819742489271
2074,5.0625,4.91125,0.422271816881259,2.073819742489271
2075,5.0975,4.90875,0.4248354792560802,2.0852646638054364
2076,5.0625,4.90875,0.4224549356223176,2.073819742489271
2077,5.0825,4.91,0.4206237482117311,2.066952789699571
2078,5.08,4.91,0.42337052932761093,2.0783977110157372
2079,5.065,4.90875,0.4224549356223176,2.073819742489271
2080,5.095,4.91125,0.42126466380543637,2.069241773962804
2081,5.08,4.90875,0.42337052932761093,2.0783977110157372
2082,5.075,4.90875,0.4235536480686696,2.0783977110157372
2083,5.0575,4.90875,0.4229127324749643,2.0783977110157372
2084,5.0725,4.90875,0.4227296137339056,2.073819742489271
2085,5.0625,4.9075,0.4224549356223176,2.073819742489271
2086,5.04,4.91,0.4229127324749643,2.0783977110157372
2087,5.0725,4.91,0.4227296137339056,2.073819742489271
2088,5.0575,4.90875,0.421447782546495,2.08068669527897
2089,5.07,4.91125,0.42126466380543637,2.069241773962804
2090,5.0725,4.91,0.4227296137339056,2.073819742489271
2091,5.0975,4.90875,0.4248354792560802,2.0852646638054364
2092,5.0625,4.9075,0.4154048640915594,2.0394849785407727
2093,5.0825,4.9075,0.4235536480686696,2.0783977110157372
2094,5.065,4.90875,0.42208869814020034,2.069241773962804
2095,5.0775,4.91,0.4227296137339056,2.073819742489271
2096,5.065,4.91,0.42208869814020034,2.073819742489271
2097,5.055,4.91,0.42126466380543637,2.069241773962804
2098,5.0575,4.91,0.4224549356223176,2.073819742489271
2099,5.055,4.91,0.42126466380543637,2.069241773962804
2100,5.0525,4.9075,0.4210815450643777,2.066952789699571
2101,5.09,4.90875,0.4224549356223176,2.073819742489271
2102,5.0625,4.91,0.4219055793991417,2.069241773962804
2103,5.0675,4.91,0.422271816881259,2.073819742489271
2104,5.0925,4.91,0.4216309012875537,2.069241773962804
2105,5.075,4.91,0.4229127324749643,2.0783977110157372
2106,5.0575,4.91125,0.421447782546495,2.069241773962804
2107,5.085,4.91,0.4229127324749643,2.0783977110157372
2108,5.065,4.90875,0.42208869814020034,2.069241773962804
2109,5.0675,4.91,0.422271816881259,2.073819742489271
2110,5.0625,4.90875,0.4224549356223176,2.073819742489271
2111,5.0575,4.91,0.421447782546495,2.069241773962804
2112,5.0525,4.9125,0.4210815450643777,2.069241773962804
2113,5.0925,4.91,0.4216309012875537,2.069241773962804
2114,5.075,4.91,0.422271816881259,2.073819742489271
2115,5.0625,4.91125,0.4219055793991417,2.073819742489271
2116,5.055,4.91,0.4219055793991417,2.069241773962804
2117,5.0925,4.91125,0.4227296137339056,2.0783977110157372
2118,5.0775,4.91125,0.42309585121602294,2.0783977110157372
2119,5.0375,4.91,0.42309585121602294,2.0783977110157372
2120,5.1025,4.90875,0.42208869814020034,2.069241773962804
2121,5.05,4.91,0.42080686695278974,2.066952789699571
2122,5.0975,4.90875,0.42208869814020034,2.069241773962804
2123,5.0725,4.9075,0.4219055793991417,2.069241773962804
2124,5.0675,4.91,0.422271816881259,2.073819742489271
2125,5.0725,4.90875,0.4229127324749643,2.0783977110157372
2126,5.0725,4.91,0.4224549356223176,2.073819742489271
2127,5.0475,4.9125,0.4206237482117311,2.066952789699571
2128,5.0675,4.90875,0.422271816881259,2.073819742489271
2129,5.065,4.91,0.4224549356223176,2.073819742489271
2130,5.0525,4.91,0.4210815450643777,2.066952789699571
2131,5.0775,4.90875,0.42309585121602294,2.0783977110157372
2132,5.095,4.91,0.42309585121602294,2.0783977110157372
2133,5.0625,4.90875,0.4219055793991417,2.069241773962804
2134,5.06,4.91,0.4216309012875537,2.069241773962804
2135,5.0575,4.90875,0.4237367668097282,2.08068669527897
2136,5.0725,4.91125,0.4227296137339056,2.0783977110157372
2137,5.0575,4.91,0.421447782546495,2.069241773962804
2138,5.0725,4.90875,0.42337052932761093,2.0783977110157372
2139,5.055,4.91,0.42126466380543637,2.069241773962804
2140,5.0625,4.91,0.4219055793991417,2.069241773962804
2141,5.08,4.90875,0.422271816881259,2.073819742489271
2142,5.0725,4.9125,0.4227296137339056,2.0783977110157372
2143,5.0675,4.9075,0.422271816881259,2.073819742489271
2144,5.0925,4.90875,0.4219055793991417,2.069241773962804
2145,5.06,4.90875,0.4216309012875537,2.069241773962804
2146,5.0575,4.91125,0.421447782546495,2.069241773962804
2147,5.07,4.91,0.42309585121602294,2.0783977110157372
2148,5.07,4.90875,0.4224549356223176,2.073819742489271
2149,5.0725,4.90875,0.4227296137339056,2.073819742489271
2150,5.045,4.91,0.4227296137339056,2.073819742489271
2151,5.0675,4.91125,0.422271816881259,2.073819742489271
2152,5.055,4.91,0.42126466380543637,2.069241773962804
2153,5.0625,4.90875,0.4229127324749643,2.0783977110157372
2154,5.0625,4.91,0.4237367668097282,2.08068669527897
2155,5.0625,4.91125,0.4219055793991417,2.073819742489271
2156,5.085,4.90875,0.4229127324749643,2.0783977110157372
2157,5.0475,4.90875,0.42309585121602294,2.0783977110157372
2158,5.0575,4.90875,0.421447782546495,2.069241773962804
2159,5.06,4.91,0.4227296137339056,2.073819742489271
2160,5.065,4.91,0.422271816881259,2.073819742489271
2161,5.0675,4.91125,0.422271816881259,2.073819742489271
2162,5.0725,4.91,0.42309585121602294,2.0783977110157372
2163,5.095,4.91,0.42337052932761093,2.0783977110157372
2164,5.07,4.90875,0.4224549356223176,2.073819742489271
2165,5.08,4.91125,0.4229127324749643,2.0783977110157372
2166,5.09,4.90875,0.422271816881259,2.073819742489271
2167,5.075,4.90875,0.4229127324749643,2.0783977110157372
2168,5.0575,4.91,0.42309585121602294,2.0783977110157372
2169,5.09,4.91125,0.4216309012875537,2.069241773962804
2170,5.0675,4.91125,0.422271816881259,2.073819742489271
2171,5.0625,4.90875,0.4219055793991417,2.069241773962804
2172,5.0775,4.9075,0.4229127324749643,2.073819742489271
2173,5.08,4.91125,0.42337052932761093,2.0783977110157372
2174,5.065,4.91125,0.42208869814020034,2.073819742489271
2175,5.0725,4.91,0.4224549356223176,2.073819742489271
2176,5.0775,4.90875,0.42309585121602294,2.0783977110157372
2177,5.0525,4.90875,0.4210815450643777,2.066952789699571
2178,5.08,4.91,0.4224549356223176,2.073819742489271
2179,5.065,4.9075,0.42208869814020034,2.069241773962804
2180,5.06,4.91,0.4216309012875537,2.069241773962804
2181,5.0675,4.9075,0.42309585121602294,2.0783977110157372
2182,5.0725,4.90875,0.4227296137339056,2.073819742489271
2183,5.07,4.90875,0.4224549356223176,2.073819742489271
2184,5.07,4.91,0.4229127324749643,2.0783977110157372
2185,5.07,4.90875,0.4224549356223176,2.073819742489271
2186,5.0725,4.90875,0.4227296137339056,2.073819742489271
2187,5.08,4.90875,0.42309585121602294,2.0783977110157372
2188,5.0675,4.90875,0.422271816881259,2.073819742489271
2189,5.05,4.90875,0.42080686695278974,2.066952789699571
2190,5.0725,4.91,0.4224549356223176,2.073819742489271
2191,5.0775,4.9075,0.42309585121602294,2.0783977110157372
2192,5.075,4.91125,0.4229127324749643,2.0783977110157372
2193,5.065,4.91,0.4229127324749643,2.0783977110157372
2194,5.0375,4.90875,0.4235536480686696,2.0783977110157372
2195,5.0675,4.91,0.422271816881259,2.073819742489271
2196,5.055,4.91125,0.4224549356223176,2.073819742489271
2197,5.07,4.90875,0.42208869814020034,2.069241773962804
2198,5.06,4.91,0.4216309012875537,2.069241773962804
2199,5.08,4.90875,0.42337052932761093,2.0783977110157372
2200,5.0675,4.91,0.4219055793991417,2.069241773962804
2201,5.0725,4.91,0.4227296137339056,2.073819742489271
2202,5.0875,4.91,0.4224549356223176,2.073819742489271
2203,5.045,4.90875,0.4229127324749643,2.0783977110157372
2204,5.07,4.91125,0.4224549356223176,2.073819742489271
2205,5.07,4.91,0.4227296137339056,2.073819742489271
2206,5.095,4.9075,0.4227296137339056,2.073819742489271
2207,5.0675,4.90875,0.422271816881259,2.073819742489271
2208,5.08,4.90875,0.4229127324749643,2.0783977110157372
2209,5.0675,4.91,0.422271816881259,2.073819742489271
2210,5.0675,4.90875,0.422271816881259,2.073819742489271
2211,5.0775,4.91,0.42309585121602294,2.0783977110157372
2212,5.0825,4.90875,0.4227296137339056,2.073819742489271
2213,5.0825,4.90875,0.4235536480686696,2.0783977110157372
2214,5.0725,4.91,0.4227296137339056,2.073819742489271
2215,5.08,4.90875,0.4235536480686696,2.0783977110157372
2216,5.075,4.91,0.4229127324749643,2.0783977110157372
2217,5.0725,4.91,0.4227296137339056,2.073819742489271
2218,5.0775,4.90875,0.42309585121602294,2.0783977110157372
2219,5.0675,4.91,0.422271816881259,2.073819742489271
2220,5.075,4.90875,0.4229127324749643,2.0783977110157372
2221,5.0675,4.90875,0.42208869814020034,2.069241773962804
2222,5.0725,4.9075,0.4227296137339056,2.073819742489271
2223,5.0725,4.91,0.4227296137339056,2.073819742489271
2224,5.08,4.90875,0.4227296137339056,2.073819742489271
2225,5.0725,4.91,0.4227296137339056,2.073819742489271
2226,5.0725,4.91,0.4227296137339056,2.073819742489271
2227,5.075,4.91,0.4219055793991417,2.069241773962804
2228,5.08,4.91,0.42337052932761093,2.0783977110157372
2229,5.05,4.91125,0.42080686695278974,2.066952789699571
2230,5.0575,4.91,0.4227296137339056,2.073819742489271
2231,5.0775,4.91,0.42309585121602294,2.0783977110157372
2232,5.07,4.91125,0.4224549356223176,2.073819742489271
2233,5.0575,4.91375,0.4224549356223176,2.0783977110157372
2234,5.07,4.90875,0.4224549356223176,2.073819742489271
2235,5.0725,4.91,0.4227296137339056,2.073819742489271
2236,5.06,4.90875,0.4216309012875537,2.069241773962804
2237,5.0725,4.91,0.4224549356223176,2.073819742489271
2238,5.0725,4.90875,0.4227296137339056,2.073819742489271
2239,5.07,4.90875,0.422271816881259,2.073819742489271
2240,5.0675,4.90875,0.42337052932761093,2.0783977110157372
2241,5.0625,4.9075,0.4219055793991417,2.069241773962804
2242,5.0675,4.91,0.4219055793991417,2.069241773962804
2243,5.0725,4.91,0.422271816881259,2.073819742489271
2244,5.0725,4.90875,0.4227296137339056,2.073819742489271
2245,5.07,4.91,0.4216309012875537,2.069241773962804
2246,5.0675,4.91,0.422271816881259,2.073819742489271
2247,5.07,4.90875,0.4224549356223176,2.073819742489271
2248,5.0575,4.91,0.42080686695278974,2.066952789699571
2249,5.1,4.91125,0.422271816881259,2.073819742489271
2250,5.0775,4.90875,0.42309585121602294,2.0783977110157372
2251,5.0725,4.91,0.4227296137339056,2.073819742489271
2252,5.075,4.90875,0.4224549356223176,2.073819742489271
2253,5.085,4.90875,0.4237367668097282,2.08068669527897
2254,5.08,4.91,0.42337052932761093,2.0783977110157372
2255,5.06,4.91,0.42208869814020034,2.073819742489271
2256,5.07,4.90875,0.4224549356223176,2.073819742489271
2257,5.075,4.91,0.4229127324749643,2.0783977110157372
2258,5.065,4.91,0.4227296137339056,2.073819742489271
2259,5.0725,4.90875,0.4227296137339056,2.073819742489271
2260,5.075,4.90875,0.4229127324749643,2.0783977110157372
2261,5.0625,4.91125,0.4229127324749643,2.0783977110157372
2262,5.075,4.91,0.4229127324749643,2.0783977110157372
2263,5.0775,4.91,0.42309585121602294,2.0783977110157372
2264,5.08,4.90875,0.4216309012875537,2.069241773962804
2265,5.0725,4.91,0.4227296137339056,2.073819742489271
2266,5.0775,4.91,0.42309585121602294,2.0783977110157372
2267,5.0575,4.90875,0.4216309012875537,2.069241773962804
2268,5.07,4.91,0.4224549356223176,2.073819742489271
2269,5.0875,4.90875,0.42391988555078686,2.08068669527897
2270,5.07,4.90875,0.42208869814020034,2.069241773962804
2271,5.0625,4.90875,0.4219055793991417,2.069241773962804
2272,5.08,4.90875,0.42337052932761093,2.0783977110157372
2273,5.0725,4.91125,0.42080686695278974,2.066952789699571
2274,5.06,4.91,0.4216309012875537,2.069241773962804
2275,5.0725,4.90875,0.4227296137339056,2.073819742489271
2276,5.0875,4.90875,0.4224549356223176,2.073819742489271
2277,5.0725,4.91,0.4224549356223176,2.073819742489271
2278,5.075,4.90875,0.4229127324749643,2.0783977110157372
2279,5.07,4.90875,0.42080686695278974,2.066952789699571
2280,5.08,4.91,0.421447782546495,2.069241773962804
2281,5.0725,4.91125,0.4227296137339056,2.0783977110157372
2282,5.07,4.91,0.42309585121602294,2.0783977110157372
2283,5.075,4.91,0.4210815450643777,2.066952789699571
2284,5.065,4.91,0.42208869814020034,2.073819742489271
2285,5.08,4.91,0.4219055793991417,2.069241773962804
2286,5.085,4.90875,0.4216309012875537,2.069241773962804
2287,5.0725,4.91,0.4227296137339056,2.073819742489271
2288,5.0775,4.91,0.4216309012875537,2.069241773962804
2289,5.0625,4.91,0.4224549356223176,2.073819742489271
2290,5.0675,4.91,0.422271816881259,2.073819742489271
2291,5.0725,4.90875,0.4227296137339056,2.073819742489271
2292,5.075,4.91,0.42044062947067246,2.0623748211731048
2293,5.06,4.91,0.4216309012875537,2.069241773962804
2294,5.07,4.91,0.4224549356223176,2.073819742489271
2295,5.08,4.90875,0.42309585121602294,2.0783977110157372
2296,5.0675,4.90875,0.422271816881259,2.073819742489271
2297,5.075,4.90875,0.4229127324749643,2.0783977110157372
2298,5.0725,4.90875,0.42437768240343354,2.08068669527897
2299,5.0625,4.91,0.4219055793991417,2.069241773962804
2300,5.06,4.91,0.4216309012875537,2.069241773962804
2301,5.0675,4.9075,0.421447782546495,2.066952789699571
2302,5.0575,4.91,0.421447782546495,2.069241773962804
2303,5.0625,4.91,0.4219055793991417,2.069241773962804
2304,5.0775,4.90875,0.421447782546495,2.069241773962804
2305,5.0725,4.90875,0.4227296137339056,2.073819742489271
2306,5.065,4.91,0.42208869814020034,2.073819742489271
2307,5.0775,4.90875,0.4235536480686696,2.0783977110157372
2308,5.05,4.90875,0.42080686695278974,2.066952789699571
2309,5.0675,4.90875,0.422271816881259,2.073819742489271
2310,5.0725,4.90875,0.4248354792560802,2.0852646638054364
2311,5.07,4.9075,0.4224549356223176,2.073819742489271
2312,5.0675,4.91125,0.422271816881259,2.073819742489271
2313,5.0575,4.90875,0.42419456366237485,2.08068669527897
2314,5.075,4.9075,0.4229127324749643,2.073819742489271
2315,5.0675,4.90875,0.422271816881259,2.073819742489271
2316,5.065,4.91,0.42419456366237485,2.08068669527897
2317,5.075,4.90875,0.422271816881259,2.073819742489271
2318,5.075,4.90875,0.4229127324749643,2.0783977110157372
2319,5.07,4.91125,0.4235536480686696,2.08068669527897
2320,5.0775,4.90875,0.41979971387696713,2.0577968526466384
2321,5.0725,4.90875,0.4227296137339056,2.073819742489271
2322,5.055,4.91,0.4237367668097282,2.08068669527897
2323,5.075,4.9075,0.4245608011444922,2.0852646638054364
2324,5.0575,4.90875,0.421447782546495,2.069241773962804
2325,5.06,4.90875,0.4253848354792561,2.089842632331903
2326,5.075,4.9075,0.4219055793991417,2.069241773962804
2327,5.0575,4.90875,0.421447782546495,2.069241773962804
2328,5.0575,4.90875,0.422271816881259,2.073819742489271
2329,5.0625,4.90875,0.42126466380543637,2.066952789699571
2330,5.0725,4.90875,0.4227296137339056,2.073819742489271
2331,5.0575,4.91125,0.421447782546495,2.069241773962804
2332,5.065,4.91,0.42044062947067246,2.0623748211731048
2333,5.085,4.91,0.4237367668097282,2.08068669527897
2334,5.0675,4.90875,0.422271816881259,2.073819742489271
2335,5.0725,4.90875,0.4237367668097282,2.08068669527897
2336,5.0775,4.9075,0.42309585121602294,2.0783977110157372
2337,5.085,4.90875,0.4237367668097282,2.08068669527897
2338,5.0575,4.91,0.4235536480686696,2.08068669527897
2339,5.09,4.90875,0.42419456366237485,2.08068669527897
2340,5.0675,4.91,0.422271816881259,2.073819742489271
2341,5.0475,4.9075,0.4229127324749643,2.073819742489271
2342,5.0625,4.90875,0.4219055793991417,2.069241773962804
2343,5.1,4.90875,0.4250185979971388,2.0852646638054364
2344,5.0725,4.90875,0.4237367668097282,2.08068669527897
2345,5.08,4.90875,0.42337052932761093,2.0783977110157372
2346,5.095,4.90875,0.4245608011444922,2.0852646638054364
2347,5.0725,4.90875,0.42391988555078686,2.08068669527897
2348,5.0775,4.90875,0.42309585121602294,2.0783977110157372
2349,5.0725,4.90875,0.4227296137339056,2.073819742489271
2350,5.065,4.91125,0.42208869814020034,2.073819742489271
2351,5.07,4.9075,0.4224549356223176,2.073819742489271
2352,5.0775,4.90875,0.42309585121602294,2.0783977110157372
2353,5.0925,4.91,0.4224549356223176,2.073819742489271
2354,5.075,4.91125,0.4219055793991417,2.073819742489271
2355,5.0675,4.91,0.422271816881259,2.073819742489271
2356,5.095,4.90875,0.4235536480686696,2.0783977110157372
2357,5.0675,4.90875,0.42419456366237485,2.08068669527897
2358,5.0775,4.90875,0.42309585121602294,2.0783977110157372
2359,5.065,4.91,0.4227296137339056,2.073819742489271
2360,5.08,4.91,0.42337052932761093,2.0783977110157372
2361,5.0725,4.9075,0.4227296137339056,2.073819742489271
2362,5.065,4.90875,0.4227296137339056,2.073819742489271
2363,5.0725,4.91,0.42337052932761093,2.0783977110157372
2364,5.0725,4.90875,0.4227296137339056,2.073819742489271
2365,5.0575,4.90875,0.42391988555078686,2.08068669527897
2366,5.075,4.90875,0.4229127324749643,2.0783977110157372
2367,5.0725,4.9075,0.4227296137339056,2.073819742489271
2368,5.0825,4.90875,0.422271816881259,2.073819742489271
2369,5.0575,4.90875,0.4229127324749643,2.0783977110157372
2370,5.065,4.91,0.42208869814020034,2.073819742489271
2371,5.06,4.9075,0.4216309012875537,2.069241773962804
2372,5.1,4.90875,0.42126466380543637,2.066952789699571
2373,5.0625,4.91125,0.4219055793991417,2.073819742489271
2374,5.0875,4.91125,0.42391988555078686,2.08068669527897
2375,5.1225,4.90875,0.42309585121602294,2.0783977110157372
2376,5.1075,4.90875,0.4256595135908441,2.089842632331903
2377,5.0775,4.90875,0.42309585121602294,2.0783977110157372
2378,5.0675,4.91,0.4229127324749643,2.0783977110157372
2379,5.0675,4.90875,0.422271816881259,2.073819742489271
2380,5.06,4.90875,0.4216309012875537,2.069241773962804
2381,5.0775,4.91,0.4210815450643777,2.066952789699571
2382,5.075,4.9075,0.4229127324749643,2.073819742489271
2383,5.0925,4.9075,0.42437768240343354,2.08068669527897
2384,5.045,4.91,0.42309585121602294,2.0783977110157372
2385,5.0625,4.90875,0.4219055793991417,2.069241773962804
2386,5.0625,4.91,0.4219055793991417,2.069241773962804
2387,5.065,4.9075,0.4224549356223176,2.073819742489271
2388,5.0625,4.90875,0.4219055793991417,2.069241773962804
2389,5.0875,4.90875,0.42391988555078686,2.08068669527897
2390,5.0975,4.9075,0.422271816881259,2.073819742489271
2391,5.0675,4.91,0.422271816881259,2.073819742489271
2392,5.08,4.91125,0.42337052932761093,2.0783977110157372
2393,5.0725,4.9075,0.42126466380543637,2.066952789699571
2394,5.0675,4.91,0.4224549356223176,2.073819742489271
2395,5.0575,4.9075,0.421447782546495,2.066952789699571
2396,5.065,4.90875,0.4237367668097282,2.08068669527897
2397,5.0525,4.90875,0.4235536480686696,2.0783977110157372
2398,5.0825,4.90875,0.4235536480686696,2.0783977110157372
2399,5.085,4.90875,0.421447782546495,2.069241773962804
2400,5.0775,4.91,0.4224549356223176,2.073819742489271
2401,5.0675,4.90875,0.422271816881259,2.073819742489271
2402,5.0675,4.90875,0.4216309012875537,2.069241773962804
2403,5.085,4.91,0.42309585121602294,2.0783977110157372
2404,5.0775,4.91,0.42309585121602294,2.0783977110157372
2405,5.0675,4.91,0.4227296137339056,2.073819742489271
2406,5.0975,4.91,0.422271816881259,2.073819742489271
2407,5.045,4.91125,0.42044062947067246,2.066952789699571
2408,5.0675,4.90875,0.422271816881259,2.0783977110157372
2409,5.065,4.90875,0.4227296137339056,2.073819742489271
2410,5.08,4.9075,0.42337052932761093,2.0783977110157372
2411,5.075,4.91,0.4229127324749643,2.0783977110157372
2412,5.0725,4.90875,0.42208869814020034,2.069241773962804
2413,5.09,4.90875,0.42419456366237485,2.08068669527897
2414,5.075,4.91125,0.4229127324749643,2.0783977110157372
2415,5.0775,4.90875,0.42337052932761093,2.0783977110157372
2416,5.0825,4.91,0.4235536480686696,2.08068669527897
2417,5.075,4.91125,0.4229127324749643,2.0783977110157372
2418,5.065,4.91125,0.4219055793991417,2.073819742489271
2419,5.0725,4.90875,0.4227296137339056,2.073819742489271
2420,5.085,4.9125,0.4237367668097282,2.08068669527897
2421,5.075,4.90875,0.4224549356223176,2.073819742489271
2422,5.0925,4.91,0.42437768240343354,2.0852646638054364
2423,5.0625,4.90875,0.4219055793991417,2.069241773962804
2424,5.0925,4.91,0.4219055793991417,2.069241773962804
2425,5.0725,4.90875,0.4227296137339056,2.073819742489271
2426,5.0525,4.91,0.4210815450643777,2.066952789699571
2427,5.0875,4.90875,0.4224549356223176,2.073819742489271
2428,5.07,4.91,0.4224549356223176,2.073819742489271
2429,5.0675,4.91,0.422271816881259,2.073819742489271
2430,5.085,4.91,0.42309585121602294,2.0783977110157372
2431,5.09,4.91,0.42419456366237485,2.08068669527897
2432,5.0925,4.91,0.42437768240343354,2.0852646638054364
2433,5.07,4.90875,0.4227296137339056,2.073819742489271
2434,5.06,4.90875,0.4216309012875537,2.069241773962804
2435,5.0575,4.91,0.421447782546495,2.069241773962804
2436,5.0825,4.90875,0.4227296137339056,2.073819742489271
2437,5.0675,4.9075,0.42337052932761093,2.0783977110157372
2438,5.0675,4.90875,0.422271816881259,2.073819742489271
2439,5.075,4.91,0.42080686695278974,2.066952789699571
2440,5.095,4.90875,0.421447782546495,2.069241773962804
2441,5.065,4.91,0.42208869814020034,2.073819742489271
2442,5.0625,4.91,0.4216309012875537,2.069241773962804
2443,5.0825,4.91,0.4224549356223176,2.073819742489271
2444,5.07,4.91,0.4224549356223176,2.073819742489271
2445,5.0725,4.9075,0.4224549356223176,2.073819742489271
2446,5.0575,4.91,0.42419456366237485,2.08068669527897
2447,5.08,4.90875,0.42337052932761093,2.0783977110157372
2448,5.065,4.91,0.421447782546495,2.069241773962804
2449,5.0925,4.90875,0.4216309012875537,2.069241773962804
2450,5.085,4.90875,0.4237367668097282,2.08068669527897
2451,5.0775,4.90875,0.42309585121602294,2.0783977110157372
2452,5.06,4.91,0.4224549356223176,2.073819742489271
2453,5.0775,4.9075,0.42309585121602294,2.0783977110157372
2454,5.0625,4.91,0.4219055793991417,2.069241773962804
2455,5.0775,4.91,0.4245608011444922,2.0852646638054364
2456,5.065,4.90875,0.42208869814020034,2.069241773962804
2457,5.0725,4.91,0.4227296137339056,2.073819742489271
2458,5.0525,4.91,0.4219055793991417,2.069241773962804
2459,5.0525,4.91,0.4210815450643777,2.066952789699571
2460,5.0625,4.90875,0.4219055793991417,2.069241773962804
2461,5.06,4.91,0.421447782546495,2.069241773962804
2462,5.07,4.91,0.4224549356223176,2.073819742489271
2463,5.0675,4.90875,0.422271816881259,2.073819742489271
2464,5.0725,4.90875,0.4235536480686696,2.0783977110157372
2465,5.075,4.91,0.4229127324749643,2.0783977110157372
2466,5.0725,4.9075,0.4227296137339056,2.073819742489271
2467,5.07,4.91,0.42208869814020034,2.073819742489271
2468,5.0675,4.91,0.422271816881259,2.073819742489271
2469,5.0775,4.90875,0.42309585121602294,2.0783977110157372
2470,5.07,4.9075,0.421447782546495,2.066952789699571
2471,5.065,4.91,0.42208869814020034,2.073819742489271
2472,5.0725,4.90875,0.4227296137339056,2.073819742489271
2473,5.0625,4.90875,0.4245608011444922,2.0852646638054364
2474,5.07,4.9075,0.4229127324749643,2.073819742489271
2475,5.0725,4.90875,0.4227296137339056,2.073819742489271
2476,5.08,4.91,0.4224549356223176,2.073819742489271
2477,5.0775,4.91,0.4224549356223176,2.073819742489271
2478,5.0675,4.9075,0.422271816881259,2.073819742489271
2479,5.0825,4.91,0.42208869814020034,2.073819742489271
2480,5.07,4.90875,0.4235536480686696,2.0783977110157372
2481,5.0875,4.90875,0.42391988555078686,2.08068669527897
2482,5.075,4.90875,0.42126466380543637,2.066952789699571
2483,5.0625,4.91,0.42208869814020034,2.073819742489271
2484,5.0625,4.90875,0.4219055793991417,2.069241773962804
2485,5.0625,4.90875,0.42337052932761093,2.0783977110157372
2486,5.08,4.91,0.4227296137339056,2.073819742489271
2487,5.065,4.91,0.42208869814020034,2.073819742489271
2488,5.0825,4.9075,0.4227296137339056,2.073819742489271
2489,5.0675,4.91125,0.4219055793991417,2.073819742489271
2490,5.0575,4.90875,0.421447782546495,2.069241773962804
2491,5.08,4.91,0.42337052932761093,2.0783977110157372
2492,5.0675,4.90875,0.4235536480686696,2.0783977110157372
2493,5.0675,4.9075,0.422271816881259,2.073819742489271
2494,5.0725,4.90875,0.4227296137339056,2.073819742489271
2495,5.0675,4.90875,0.4224549356223176,2.073819742489271
2496,5.07,4.90875,0.4224549356223176,2.073819742489271
2497,5.08,4.90875,0.42337052932761093,2.0783977110157372
2498,5.0775,4.91,0.42126466380543637,2.069241773962804
2499,5.065,4.91,0.42208869814020034,2.073819742489271
2500,5.055,4.90875,0.42126466380543637,2.066952789699571
2501,5.0575,4.91,0.42208869814020034,2.073819742489271
2502,5.07,4.90875,0.4224549356223176,2.073819742489271
2503,5.075,4.90875,0.4229127324749643,2.0783977110157372
2504,5.0775,4.90875,0.42337052932761093,2.0783977110157372
2505,5.0675,4.90875,0.422271816881259,2.073819742489271
2506,5.07,4.90875,0.4224549356223176,2.073819742489271
2507,5.0675,4.90875,0.42309585121602294,2.0783977110157372
2508,5.0825,4.9075,0.4235536480686696,2.0783977110157372
2509,5.0675,4.91,0.422271816881259,2.073819742489271
2510,5.085,4.91125,0.4227296137339056,2.0783977110157372
2511,5.0675,4.90875,0.422271816881259,2.073819742489271
2512,5.07,4.91,0.4224549356223176,2.073819742489271
2513,5.07,4.91,0.4210815450643777,2.066952789699571
2514,5.09,4.9075,0.422271816881259,2.073819742489271
2515,5.075,4.91125,0.4229127324749643,2.0783977110157372
2516,5.0775,4.90875,0.42126466380543637,2.066952789699571
2517,5.0775,4.9075,0.41979971387696713,2.0577968526466384
2518,5.06,4.91,0.4216309012875537,2.069241773962804
2519,5.0875,4.90875,0.422271816881259,2.073819742489271
2520,5.0775,4.90875,0.4219055793991417,2.069241773962804
2521,5.07,4.91,0.4224549356223176,2.073819742489271
2522,5.0775,4.9075,0.42309585121602294,2.0783977110157372
2523,5.075,4.90875,0.4229127324749643,2.0783977110157372
2524,5.08,4.9075,0.42337052932761093,2.0783977110157372
2525,5.06,4.9075,0.42337052932761093,2.0783977110157372
2526,5.07,4.91,0.4219055793991417,2.069241773962804
2527,5.045,4.91,0.42044062947067246,2.0623748211731048
2528,5.0675,4.90875,0.422271816881259,2.073819742489271
2529,5.06,4.91,0.421447782546495,2.069241773962804
2530,5.0675,4.9075,0.422271816881259,2.073819742489271
2531,5.08,4.91,0.42337052932761093,2.0783977110157372
2532,5.0725,4.91125,0.422271816881259,2.073819742489271
2533,5.0675,4.91,0.422271816881259,2.073819742489271
2534,5.0875,4.91,0.42391988555078686,2.08068669527897
2535,5.065,4.90875,0.42126466380543637,2.066952789699571
2536,5.0725,4.90875,0.4227296137339056,2.073819742489271
2537,5.0725,4.91,0.4227296137339056,2.073819742489271
2538,5.07,4.91,0.421447782546495,2.069241773962804
2539,5.0775,4.90875,0.42309585121602294,2.0783977110157372
2540,5.055,4.90875,0.42126466380543637,2.066952789699571
2541,5.08,4.91,0.42391988555078686,2.08068669527897
2542,5.055,4.91,0.42126466380543637,2.069241773962804
2543,5.07,4.91,0.4224549356223176,2.073819742489271
2544,5.055,4.90875,0.4216309012875537,2.069241773962804
2545,5.07,4.91,0.4224549356223176,2.073819742489271
2546,5.08,4.90875,0.42337052932761093,2.0783977110157372
2547,5.0675,4.9075,0.4224549356223176,2.073819742489271
2548,5.0675,4.90875,0.422271816881259,2.073819742489271
2549,5.0725,4.91,0.4227296137339056,2.073819742489271
2550,5.08,4.90875,0.421447782546495,2.069241773962804
2551,5.0825,4.91,0.4235536480686696,2.08068669527897
2552,5.07,4.90875,0.4224549356223176,2.073819742489271
2553,5.0575,4.91125,0.41979971387696713,2.0623748211731048
2554,5.05,4.91,0.42126466380543637,2.069241773962804
2555,5.0575,4.91125,0.421447782546495,2.069241773962804
2556,5.055,4.91,0.41815164520743925,2.0509298998569387
2557,5.0375,4.91125,0.41915879828326186,2.0577968526466384
2558,5.0375,4.9125,0.41979971387696713,2.0623748211731048
2559,5.015,4.91125,0.4193419170243205,2.0577968526466384
2560,5.0525,4.9125,0.4176938483547926,2.0509298998569387
2561,5.045,4.91,0.42044062947067246,2.0623748211731048
2562,5.0425,4.91125,0.4196165951359085,2.0623748211731048
2563,5.0375,4.91125,0.42044062947067246,2.066952789699571
2564,5.025,4.91125,0.4187925608011445,2.0555078683834047
2565,5.015,4.9125,0.4189756795422032,2.0577968526466384
2566,5.035,4.9125,0.4175107296137339,2.0509298998569387
2567,5.0425,4.91125,0.42016595135908447,2.0623748211731048
2568,5.025,4.9125,0.4187925608011445,2.0577968526466384
2569,5.0275,4.9125,0.41979971387696713,2.0623748211731048
2570,5.025,4.9125,0.4187925608011445,2.0577968526466384
2571,5.02,4.9125,0.4183347639484979,2.0555078683834047
2572,5.04,4.91125,0.4193419170243205,2.0577968526466384
2573,5.0175,4.91125,0.41815164520743925,2.0555078683834047
2574,5.0375,4.9125,0.41979971387696713,2.0623748211731048
2575,5.04,4.91125,0.4206237482117311,2.066952789699571
2576,5.015,4.91125,0.41787696709585126,2.0509298998569387
2577,5.03,4.9125,0.41915879828326186,2.0577968526466384
2578,5.035,4.91125,0.4193419170243205,2.0577968526466384
2579,5.05,4.9125,0.42080686695278974,2.066952789699571
2580,5.0175,4.91125,0.41815164520743925,2.0555078683834047
2581,5.0325,4.91125,0.4193419170243205,2.0577968526466384
2582,5.0425,4.91125,0.42016595135908447,2.0623748211731048
2583,5.0325,4.91125,0.4193419170243205,2.0577968526466384
2584,5.035,4.91125,0.4206237482117311,2.066952789699571
2585,5.0275,4.91125,0.4189756795422032,2.0577968526466384
2586,5.0425,4.9125,0.42016595135908447,2.0623748211731048
2587,5.0425,4.91125,0.41979971387696713,2.0623748211731048
2588,5.0275,4.9125,0.4189756795422032,2.0577968526466384
2589,5.0375,4.91125,0.41979971387696713,2.0623748211731048
2590,5.045,4.91125,0.4187925608011445,2.0555078683834047
2591,5.035,4.91125,0.4196165951359085,2.0623748211731048
2592,5.0425,4.9125,0.42016595135908447,2.0623748211731048
2593,5.0525,4.91125,0.4196165951359085,2.0623748211731048
2594,5.035,4.9125,0.41998283261802577,2.0623748211731048
2595,5.0525,4.91125,0.4210815450643777,2.066952789699571
2596,5.0375,4.91125,0.4206237482117311,2.066952789699571
2597,5.0375,4.91125,0.42126466380543637,2.069241773962804
2598,5.0475,4.91125,0.4206237482117311,2.066952789699571
2599,5.035,4.91125,0.42126466380543637,2.069241773962804
2600,5.0375,4.91375,0.42016595135908447,2.066952789699571
2601,5.0425,4.91,0.42016595135908447,2.0623748211731048
2602,5.0475,4.91125,0.41915879828326186,2.0577968526466384
2603,5.0375,4.91125,0.42044062947067246,2.066952789699571
2604,5.0375,4.91125,0.41979971387696713,2.0623748211731048
2605,5.0325,4.9125,0.4196165951359085,2.0623748211731048
2606,5.0575,4.9125,0.4189756795422032,2.0577968526466384
2607,5.035,4.91,0.4196165951359085,2.0577968526466384
2608,5.0325,4.91,0.42016595135908447,2.0623748211731048
2609,5.0325,4.91,0.42016595135908447,2.0623748211731048
2610,5.04,4.91125,0.41998283261802577,2.0623748211731048
2611,5.0325,4.91125,0.4193419170243205,2.0577968526466384
2612,5.025,4.9125,0.41915879828326186,2.0577968526466384
2613,5.0375,4.91125,0.41979971387696713,2.0623748211731048
2614,5.0275,4.91125,0.4189756795422032,2.0577968526466384
2615,5.025,4.91,0.42044062947067246,2.0623748211731048
2616,5.045,4.91125,0.42044062947067246,2.066952789699571
2617,5.0475,4.91125,0.4206237482117311,2.066952789699571
2618,5.0375,4.91,0.42080686695278974,2.066952789699571
2619,5.0225,4.91125,0.41851788268955653,2.0555078683834047
2620,5.04,4.91,0.41998283261802577,2.0623748211731048
2621,5.06,4.9125,0.4193419170243205,2.0577968526466384
2622,5.065,4.91125,0.42208869814020034,2.073819742489271
2623,5.03,4.91125,0.41915879828326186,2.0577968526466384
2624,5.0475,4.9125,0.41998283261802577,2.0623748211731048
2625,5.04,4.91125,0.41998283261802577,2.0623748211731048
2626,5.0575,4.91125,0.421447782546495,2.069241773962804
2627,5.05,4.9125,0.42080686695278974,2.066952789699571
2628,5.05,4.9125,0.42080686695278974,2.066952789699571
2629,5.0525,4.90875,0.4210815450643777,2.066952789699571
2630,5.0475,4.91125,0.41851788268955653,2.0555078683834047
2631,5.0375,4.91,0.41979971387696713,2.0623748211731048
2632,5.04,4.91,0.41998283261802577,2.0623748211731048
2633,5.0425,4.91,0.41979971387696713,2.0623748211731048
2634,5.04,4.91125,0.41998283261802577,2.0623748211731048
2635,5.0375,4.9125,0.41979971387696713,2.0623748211731048
2636,5.0325,4.9125,0.41979971387696713,2.0623748211731048
2637,5.03,4.91125,0.42016595135908447,2.0623748211731048
2638,5.0425,4.91,0.42016595135908447,2.0623748211731048
2639,5.0475,4.91125,0.42016595135908447,2.0623748211731048
2640,5.0275,4.91125,0.4189756795422032,2.0577968526466384
2641,5.0475,4.91125,0.4206237482117311,2.066952789699571
2642,5.0375,4.9125,0.41979971387696713,2.0623748211731048
2643,5.03,4.91125,0.4187925608011445,2.0555078683834047
2644,5.04,4.9125,0.41998283261802577,2.0623748211731048
2645,5.0275,4.91,0.42126466380543637,2.069241773962804
2646,5.045,4.91125,0.4183347639484979,2.0555078683834047
2647,5.0525,4.91125,0.4210815450643777,2.066952789699571
2648,5.04,4.91125,0.4196165951359085,2.0623748211731048
2649,5.065,4.91125,0.4193419170243205,2.0577968526466384
2650,5.03,4.9125,0.41915879828326186,2.0577968526466384
2651,5.06,4.91125,0.4216309012875537,2.069241773962804
2652,5.0325,4.91,0.42080686695278974,2.066952789699571
2653,5.0275,4.9125,0.4189756795422032,2.0577968526466384
2654,5.0475,4.9125,0.4206237482117311,2.066952789699571
2655,5.0475,4.91,0.42016595135908447,2.0623748211731048
2656,5.055,4.91,0.42126466380543637,2.069241773962804
2657,5.0625,4.91125,0.4219055793991417,2.073819742489271
2658,5.0375,4.91,0.4216309012875537,2.069241773962804
2659,5.06,4.91125,0.4216309012875537,2.069241773962804
2660,5.0475,4.91,0.4206237482117311,2.066952789699571
2661,5.0575,4.91125,0.42126466380543637,2.069241773962804
2662,5.05,4.91,0.42080686695278974,2.066952789699571
2663,5.0575,4.91125,0.421447782546495,2.069241773962804
2664,5.05,4.91125,0.41998283261802577,2.0623748211731048
2665,5.06,4.91,0.4216309012875537,2.069241773962804
2666,5.0425,4.9125,0.42016595135908447,2.0623748211731048
2667,5.0225,4.91,0.41979971387696713,2.0623748211731048
2668,5.055,4.91,0.42126466380543637,2.069241773962804
2669,5.03,4.91125,0.41915879828326186,2.0577968526466384
2670,5.0375,4.91125,0.42016595135908447,2.0623748211731048
2671,5.0475,4.9125,0.4206237482117311,2.066952789699571
2672,5.0525,4.91125,0.4210815450643777,2.066952789699571
2673,5.0475,4.91125,0.41998283261802577,2.0623748211731048
2674,5.0425,4.9125,0.41815164520743925,2.0555078683834047
2675,5.035,4.91,0.4196165951359085,2.0577968526466384
2676,5.0475,4.91,0.42016595135908447,2.0623748211731048
2677,5.0425,4.91,0.42044062947067246,2.0623748211731048
2678,5.05,4.9125,0.42080686695278974,2.066952789699571
2679,5.0525,4.9125,0.42044062947067246,2.066952789699571
2680,5.0425,4.91125,0.41815164520743925,2.0555078683834047
2681,5.0575,4.91125,0.421447782546495,2.069241773962804
2682,5.075,4.91375,0.4189756795422032,2.0577968526466384
2683,5.0375,4.91125,0.4193419170243205,2.0577968526466384
2684,5.0575,4.91125,0.421447782546495,2.069241773962804
2685,5.04,4.91,0.421447782546495,2.069241773962804
2686,5.0425,4.90875,0.4219055793991417,2.069241773962804
2687,5.0575,4.91,0.421447782546495,2.069241773962804
2688,5.0175,4.91125,0.41815164520743925,2.066952789699571
2689,5.0325,4.91,0.42080686695278974,2.066952789699571
2690,5.0325,4.91125,0.4193419170243205,2.0577968526466384
2691,5.05,4.91125,0.42080686695278974,2.066952789699571
2692,5.045,4.91125,0.42080686695278974,2.066952789699571
2693,5.0575,4.91,0.421447782546495,2.069241773962804
2694,5.0375,4.9125,0.41979971387696713,2.0623748211731048
2695,5.0475,4.91125,0.4183347639484979,2.0555078683834047
2696,5.05,4.91,0.42080686695278974,2.066952789699571
2697,5.04,4.91,0.41998283261802577,2.0623748211731048
2698,5.0625,4.91,0.4210815450643777,2.066952789699571
2699,5.0425,4.91125,0.42016595135908447,2.0623748211731048
2700,5.06,4.91125,0.4216309012875537,2.069241773962804
2701,5.0375,4.91,0.42044062947067246,2.0623748211731048
2702,5.0375,4.91125,0.41979971387696713,2.0623748211731048
2703,5.0525,4.91125,0.4210815450643777,2.066952789699571
2704,5.0525,4.91125,0.41915879828326186,2.0577968526466384
2705,5.0325,4.91,0.4193419170243205,2.0577968526466384
2706,5.0325,4.91125,0.4193419170243205,2.0577968526466384
2707,5.0475,4.91,0.4210815450643777,2.066952789699571
2708,5.0375,4.91,0.41979971387696713,2.0623748211731048
2709,5.0425,4.91125,0.42016595135908447,2.0623748211731048
2710,5.02,4.91,0.42044062947067246,2.0623748211731048
2711,5.0575,4.91,0.421447782546495,2.069241773962804
2712,5.04,4.91125,0.41998283261802577,2.0623748211731048
2713,5.0425,4.91125,0.4210815450643777,2.066952789699571
2714,5.0375,4.9125,0.4219055793991417,2.073819742489271
2715,5.05,4.91,0.42080686695278974,2.066952789699571
2716,5.0275,4.91125,0.4210815450643777,2.066952789699571
2717,5.0325,4.91125,0.4193419170243205,2.0577968526466384
2718,5.0375,4.91125,0.41979971387696713,2.0623748211731048
2719,5.04,4.91125,0.41998283261802577,2.0623748211731048
2720,5.05,4.91125,0.41979971387696713,2.0623748211731048
2721,5.0375,4.91125,0.41979971387696713,2.0623748211731048
2722,5.035,4.9125,0.42044062947067246,2.066952789699571
2723,5.055,4.91,0.41979971387696713,2.0623748211731048
2724,5.0275,4.9125,0.4189756795422032,2.0577968526466384
2725,5.035,4.90875,0.4206237482117311,2.066952789699571
2726,5.055,4.91125,0.41998283261802577,2.0623748211731048
2727,5.065,4.91125,0.42208869814020034,2.073819742489271
2728,5.0625,4.91,0.42044062947067246,2.0623748211731048
2729,5.0425,4.91,0.42080686695278974,2.066952789699571
2730,5.0425,4.91375,0.42016595135908447,2.066952789699571
2731,5.05,4.91125,0.42080686695278974,2.066952789699571
2732,5.045,4.91125,0.4219055793991417,2.073819742489271
2733,5.06,4.91125,0.4216309012875537,2.069241773962804
2734,5.0525,4.91125,0.4210815450643777,2.066952789699571
2735,5.05,4.91,0.41998283261802577,2.0623748211731048
2736,5.045,4.91125,0.42044062947067246,2.066952789699571
2737,5.0225,4.91125,0.41851788268955653,2.0555078683834047
2738,5.0525,4.91,0.42044062947067246,2.0623748211731048
2739,5.05,4.91,0.42080686695278974,2.066952789699571
2740,5.0275,4.91125,0.4189756795422032,2.0577968526466384
2741,5.0475,4.90875,0.42044062947067246,2.0623748211731048
2742,5.0475,4.91125,0.4206237482117311,2.066952789699571
2743,5.04,4.91125,0.41998283261802577,2.0623748211731048
2744,5.0275,4.91125,0.42016595135908447,2.0623748211731048
2745,5.0325,4.91375,0.4193419170243205,2.0577968526466384
2746,5.0475,4.91125,0.4206237482117311,2.066952789699571
2747,5.04,4.9125,0.4175107296137339,2.0509298998569387
2748,5.0575,4.91125,0.421447782546495,2.069241773962804
2749,5.055,4.9125,0.42126466380543637,2.069241773962804
2750,5.0475,4.91125,0.41979971387696713,2.0623748211731048
2751,5.0325,4.91,0.4193419170243205,2.0577968526466384
2752,5.045,4.9125,0.42044062947067246,2.066952789699571
2753,5.055,4.91,0.42044062947067246,2.0623748211731048
2754,5.0325,4.91125,0.4187925608011445,2.0555078683834047
2755,5.04,4.91125,0.41998283261802577,2.0623748211731048
2756,5.045,4.91,0.42044062947067246,2.0623748211731048
2757,5.05,4.91,0.4206237482117311,2.066952789699571
2758,5.0525,4.91125,0.4210815450643777,2.066952789699571
2759,5.0275,4.91125,0.42016595135908447,2.0623748211731048
2760,5.045,4.91125,0.42126466380543637,2.069241773962804
2761,5.055,4.91125,0.42126466380543637,2.069241773962804
2762,5.0525,4.91,0.4193419170243205,2.0577968526466384
2763,5.0425,4.91125,0.4206237482117311,2.066952789699571
2764,5.035,4.91,0.4196165951359085,2.0577968526466384
2765,5.0675,4.91,0.42080686695278974,2.066952789699571
2766,5.065,4.91,0.4210815450643777,2.066952789699571
2767,4.9325,4.91125,0.4110100143061517,2.016595135908441
2768,5.03,4.91125,0.4210815450643777,2.066952789699571
2769,5.0425,4.91125,0.42016595135908447,2.0623748211731048
2770,5.0475,4.91125,0.4206237482117311,2.066952789699571
2771,5.06,4.91125,0.4216309012875537,2.069241773962804
2772,5.0325,4.91125,0.42080686695278974,2.066952789699571
2773,5.0325,4.91,0.4193419170243205,2.0577968526466384
2774,5.0375,4.91,0.41979971387696713,2.0623748211731048
2775,5.0375,4.9125,0.41851788268955653,2.0555078683834047
2776,5.035,4.91,0.4196165951359085,2.0577968526466384
2777,5.0475,4.91,0.4206237482117311,2.066952789699571
2778,5.055,4.91125,0.41979971387696713,2.0623748211731048
2779,5.06,4.91125,0.4216309012875537,2.069241773962804
2780,5.05,4.9125,0.42080686695278974,2.066952789699571
2781,5.045,4.91125,0.421447782546495,2.069241773962804
2782,5.045,4.91,0.42044062947067246,2.0623748211731048
2783,5.045,4.91125,0.42044062947067246,2.066952789699571
2784,5.035,4.91125,0.4196165951359085,2.0623748211731048
2785,5.035,4.91125,0.4196165951359085,2.0623748211731048
2786,5.055,4.91125,0.42126466380543637,2.069241773962804
2787,5.0425,4.9125,0.4206237482117311,2.066952789699571
2788,5.055,4.91,0.42126466380543637,2.069241773962804
2789,5.0525,4.91,0.4210815450643777,2.066952789699571
2790,5.04,4.91,0.42080686695278974,2.066952789699571
2791,5.0425,4.91125,0.42016595135908447,2.0623748211731048
2792,5.0475,4.91125,0.4206237482117311,2.066952789699571
2793,5.03,4.9125,0.41979971387696713,2.0623748211731048
2794,5.035,4.91,0.4196165951359085,2.0577968526466384
2795,5.0475,4.91375,0.4206237482117311,2.066952789699571
2796,5.06,4.91,0.42016595135908447,2.0623748211731048
2797,5.06,4.91,0.421447782546495,2.069241773962804
2798,5.0575,4.90875,0.421447782546495,2.069241773962804
2799,5.055,4.91125,0.421447782546495,2.069241773962804
2800,5.0525,4.91125,0.4189756795422032,2.0577968526466384
2801,5.0475,4.91125,0.4206237482117311,2.066952789699571
2802,5.065,4.91125,0.4196165951359085,2.0623748211731048
2803,5.0575,4.91,0.4206237482117311,2.066952789699571
2804,5.0425,4.91125,0.42016595135908447,2.0623748211731048
2805,5.05,4.91,0.4196165951359085,2.0577968526466384
2806,5.0625,4.91,0.41998283261802577,2.0623748211731048
2807,5.035,4.91,0.4196165951359085,2.0577968526466384
2808,5.06,4.91125,0.421447782546495,2.069241773962804
2809,5.05,4.91125,0.42016595135908447,2.0623748211731048
2810,5.025,4.9125,0.4187925608011445,2.0577968526466384
2811,5.04,4.91,0.41998283261802577,2.0623748211731048
2812,5.05,4.91125,0.4193419170243205,2.0577968526466384
2813,5.0625,4.91,0.4219055793991417,2.069241773962804
2814,5.045,4.91125,0.42044062947067246,2.066952789699571
2815,5.0475,4.91125,0.41998283261802577,2.0623748211731048
2816,5.0425,4.91125,0.42016595135908447,2.0623748211731048
2817,5.06,4.91125,0.4216309012875537,2.069241773962804
2818,5.0425,4.91125,0.41998283261802577,2.0623748211731048
2819,5.0425,4.9125,0.42016595135908447,2.0623748211731048
2820,5.045,4.91125,0.42044062947067246,2.066952789699571
2821,5.0525,4.91125,0.4196165951359085,2.0623748211731048
2822,5.0375,4.91,0.41979971387696713,2.0623748211731048
2823,5.0475,4.91125,0.4206237482117311,2.066952789699571
2824,5.055,4.91125,0.41915879828326186,2.0577968526466384
2825,5.0525,4.91375,0.4210815450643777,2.069241773962804
2826,5.0575,4.91125,0.421447782546495,2.069241773962804
2827,5.04,4.91125,0.41998283261802577,2.0623748211731048
2828,5.035,4.91125,0.4196165951359085,2.0623748211731048
2829,5.0625,4.91125,0.4219055793991417,2.073819742489271
2830,5.06,4.91,0.41979971387696713,2.0623748211731048
2831,5.0375,4.91125,0.41979971387696713,2.0623748211731048
2832,5.045,4.91125,0.42044062947067246,2.066952789699571
2833,5.0425,4.91125,0.42208869814020034,2.073819742489271
2834,5.0475,4.91,0.4206237482117311,2.066952789699571
2835,5.045,4.91125,0.42044062947067246,2.066952789699571
2836,5.035,4.91125,0.42080686695278974,2.066952789699571
2837,5.06,4.91125,0.42016595135908447,2.0623748211731048
2838,5.0425,4.91,0.42016595135908447,2.0623748211731048
2839,5.04,4.91125,0.42126466380543637,2.069241773962804
2840,5.03,4.91125,0.4206237482117311,2.066952789699571
2841,5.0475,4.91125,0.4206237482117311,2.066952789699571
2842,5.045,4.9125,0.41998283261802577,2.0623748211731048
2843,5.0625,4.91125,0.41979971387696713,2.0623748211731048
2844,5.065,4.91,0.42208869814020034,2.073819742489271
2845,5.065,4.91,0.4196165951359085,2.0577968526466384
2846,5.035,4.91,0.42016595135908447,2.0623748211731048
2847,5.045,4.91,0.42044062947067246,2.0623748211731048
2848,5.0525,4.91,0.41998283261802577,2.0623748211731048
2849,5.0425,4.91125,0.4196165951359085,2.0623748211731048
2850,5.0425,4.91,0.42016595135908447,2.0623748211731048
2851,5.055,4.91125,0.42126466380543637,2.069241773962804
2852,5.065,4.91,0.42016595135908447,2.0623748211731048
2853,5.045,4.91,0.42044062947067246,2.0623748211731048
2854,5.0275,4.9125,0.4189756795422032,2.0577968526466384
2855,5.07,4.90875,0.41979971387696713,2.0577968526466384
2856,5.0525,4.91,0.4210815450643777,2.066952789699571
2857,5.05,4.91,0.42080686695278974,2.066952789699571
2858,5.0675,4.91125,0.421447782546495,2.069241773962804
2859,5.0475,4.91,0.4206237482117311,2.066952789699571
2860,5.0525,4.91125,0.4210815450643777,2.066952789699571
2861,5.05,4.91125,0.4193419170243205,2.0577968526466384
2862,5.045,4.91,0.42044062947067246,2.0623748211731048
2863,5.065,4.91,0.42208869814020034,2.073819742489271
2864,5.045,4.91,0.4210815450643777,2.066952789699571
2865,5.0475,4.91,0.4206237482117311,2.066952789699571
2866,5.0575,4.91125,0.421447782546495,2.069241773962804
2867,5.0425,4.91,0.421447782546495,2.069241773962804
2868,5.045,4.91125,0.42044062947067246,2.066952789699571
2869,5.04,4.91,0.41998283261802577,2.0623748211731048
2870,5.045,4.91125,0.421447782546495,2.069241773962804
2871,5.0525,4.90875,0.4210815450643777,2.066952789699571
2872,5.045,4.91125,0.42044062947067246,2.066952789699571
2873,5.0425,4.91,0.4206237482117311,2.066952789699571
2874,5.055,4.91125,0.42126466380543637,2.069241773962804
2875,5.0425,4.90875,0.42016595135908447,2.0623748211731048
2876,5.04,4.90875,0.42208869814020034,2.069241773962804
2877,5.075,4.91125,0.42126466380543637,2.069241773962804
2878,5.0525,4.91125,0.4210815450643777,2.066952789699571
2879,5.0575,4.90875,0.42080686695278974,2.066952789699571
2880,5.075,4.91,0.4210815450643777,2.066952789699571
2881,5.06,4.91125,0.4216309012875537,2.069241773962804
2882,5.0525,4.91,0.4206237482117311,2.066952789699571
2883,5.065,4.91,0.42044062947067246,2.0623748211731048
2884,5.0425,4.91125,0.42016595135908447,2.0623748211731048
2885,5.06,4.91125,0.4229127324749643,2.0783977110157372
2886,5.065,4.91125,0.41998283261802577,2.0623748211731048
2887,5.0575,4.91,0.421447782546495,2.069241773962804
2888,5.0575,4.91,0.41979971387696713,2.0623748211731048
2889,5.085,4.91,0.42044062947067246,2.0623748211731048
2890,5.045,4.91125,0.42044062947067246,2.066952789699571
2891,5.06,4.91125,0.4216309012875537,2.066952789699571
2892,5.0575,4.91,0.4210815450643777,2.066952789699571
2893,5.05,4.91125,0.42080686695278974,2.066952789699571
2894,5.0575,4.91,0.421447782546495,2.069241773962804
2895,5.055,4.91,0.42080686695278974,2.066952789699571
2896,5.065,4.91,0.42208869814020034,2.073819742489271
2897,5.055,4.91125,0.42126466380543637,2.069241773962804
2898,5.0375,4.91,0.4206237482117311,2.066952789699571
2899,5.06,4.91,0.4216309012875537,2.069241773962804
2900,5.05,4.91,0.42080686695278974,2.066952789699571
2901,5.0575,4.90875,0.4210815450643777,2.066952789699571
2902,5.0375,4.91125,0.41979971387696713,2.0623748211731048
2903,5.04,4.91125,0.41998283261802577,2.0623748211731048
2904,5.0525,4.91125,0.42080686695278974,2.066952789699571
2905,5.0275,4.91,0.4189756795422032,2.0577968526466384
2906,5.0575,4.91,0.421447782546495,2.069241773962804
2907,5.0475,4.91,0.42016595135908447,2.0623748211731048
2908,5.0275,4.91,0.4189756795422032,2.0577968526466384
2909,5.04,4.91125,0.41998283261802577,2.0623748211731048
2910,5.0375,4.91125,0.4196165951359085,2.0623748211731048
2911,5.045,4.91,0.42044062947067246,2.0623748211731048
2912,5.0375,4.91125,0.41979971387696713,2.0623748211731048
2913,5.055,4.91,0.42208869814020034,2.073819742489271
2914,5.0575,4.91,0.421447782546495,2.069241773962804
2915,5.0675,4.91125,0.422271816881259,2.073819742489271
2916,5.055,4.91125,0.41979971387696713,2.0623748211731048
2917,5.0675,4.90875,0.42126466380543637,2.066952789699571
2918,5.035,4.91,0.4196165951359085,2.0577968526466384
2919,5.0725,4.90875,0.41979971387696713,2.0577968526466384
2920,5.0625,4.91,0.422271816881259,2.073819742489271
2921,5.0675,4.91125,0.422271816881259,2.073819742489271
2922,5.0625,4.9075,0.4224549356223176,2.073819742489271
2923,5.07,4.91,0.4210815450643777,2.066952789699571
2924,5.0525,4.91,0.4210815450643777,2.066952789699571
2925,5.0475,4.90875,0.41998283261802577,2.0623748211731048
2926,5.05,4.91125,0.42044062947067246,2.066952789699571
2927,5.0575,4.91,0.421447782546495,2.069241773962804
2928,5.07,4.90875,0.42208869814020034,2.069241773962804
2929,5.0525,4.91125,0.41998283261802577,2.0623748211731048
2930,5.065,4.91,0.42208869814020034,2.073819742489271
2931,5.0625,4.91,0.4219055793991417,2.069241773962804
2932,5.0675,4.91,0.42016595135908447,2.0623748211731048
2933,5.06,4.91,0.4216309012875537,2.069241773962804
2934,5.065,4.91,0.42208869814020034,2.073819742489271
2935,5.065,4.91125,0.422271816881259,2.073819742489271
2936,5.0525,4.90875,0.4210815450643777,2.066952789699571
2937,5.06,4.91125,0.4216309012875537,2.069241773962804
2938,5.065,4.91,0.4210815450643777,2.066952789699571
2939,5.0725,4.91125,0.4227296137339056,2.0783977110157372
2940,5.0475,4.91125,0.4206237482117311,2.066952789699571
2941,5.0675,4.9125,0.4224549356223176,2.073819742489271
2942,5.05,4.91125,0.42080686695278974,2.066952789699571
2943,5.06,4.91,0.4216309012875537,2.069241773962804
2944,5.06,4.90875,0.4219055793991417,2.069241773962804
2945,5.0575,4.91,0.421447782546495,2.069241773962804
2946,5.075,4.90875,0.4229127324749643,2.0783977110157372
2947,5.0525,4.91125,0.4219055793991417,2.073819742489271
2948,5.0625,4.91,0.4219055793991417,2.069241773962804
2949,5.0725,4.91125,0.4227296137339056,2.0783977110157372
2950,5.0475,4.91,0.422271816881259,2.073819742489271
2951,5.055,4.91125,0.42126466380543637,2.069241773962804
2952,5.0525,4.91125,0.4210815450643777,2.066952789699571
2953,5.045,4.91125,0.422271816881259,2.073819742489271
2954,5.0375,4.91,0.41979971387696713,2.0623748211731048
2955,5.0475,4.91125,0.4206237482117311,2.066952789699571
2956,5.06,4.91,0.41998283261802577,2.0623748211731048
2957,5.055,4.91,0.42044062947067246,2.0623748211731048
2958,5.055,4.91125,0.42126466380543637,2.069241773962804
2959,5.05,4.91,0.42016595135908447,2.0623748211731048
2960,5.09,4.91125,0.4193419170243205,2.0577968526466384
2961,5.045,4.9125,0.42044062947067246,2.066952789699571
2962,5.04,4.90875,0.4210815450643777,2.066952789699571
2963,5.0575,4.90875,0.42044062947067246,2.0623748211731048
2964,5.07,4.91125,0.4224549356223176,2.073819742489271
2965,5.0575,4.90875,0.42016595135908447,2.0623748211731048
2966,5.06,4.91,0.4219055793991417,2.069241773962804
2967,5.05,4.91,0.42080686695278974,2.066952789699571
2968,5.0525,4.91125,0.421447782546495,2.069241773962804
2969,5.0475,4.91,0.4219055793991417,2.069241773962804
2970,5.0525,4.91,0.4210815450643777,2.066952789699571
2971,5.05,4.90875,0.42080686695278974,2.066952789699571
2972,5.06,4.91,0.4219055793991417,2.069241773962804
2973,5.0625,4.91125,0.4219055793991417,2.073819742489271
2974,5.05,4.91125,0.42080686695278974,2.066952789699571
2975,5.0675,4.90875,0.4206237482117311,2.066952789699571
2976,5.075,4.91125,0.4229127324749643,2.0783977110157372
2977,5.0675,4.91125,0.422271816881259,2.073819742489271
2978,5.06,4.91,0.4196165951359085,2.0577968526466384
2979,5.0425,4.91,0.42016595135908447,2.0623748211731048
2980,5.065,4.91,0.42208869814020034,2.073819742489271
2981,5.04,4.91,0.4210815450643777,2.066952789699571
2982,5.065,4.91,0.42208869814020034,2.073819742489271
2983,5.0525,4.91,0.4210815450643777,2.066952789699571
2984,5.0725,4.91125,0.4206237482117311,2.066952789699571
2985,5.0575,4.91,0.421447782546495,2.069241773962804
2986,5.06,4.90875,0.4216309012875537,2.069241773962804
2987,5.0425,4.91125,0.42044062947067246,2.066952789699571
2988,5.0425,4.91,0.42016595135908447,2.0623748211731048
2989,5.0625,4.90875,0.4219055793991417,2.069241773962804
2990,5.07,4.91125,0.4206237482117311,2.066952789699571
2991,5.0625,4.91,0.4219055793991417,2.069241773962804
2992,5.0625,4.91125,0.4219055793991417,2.073819742489271
2993,5.0575,4.91,0.4193419170243205,2.0577968526466384
2994,5.0575,4.91125,0.421447782546495,2.069241773962804
2995,5.0475,4.91,0.4206237482117311,2.066952789699571
2996,5.07,4.91,0.42080686695278974,2.066952789699571
2997,5.0425,4.91,0.422271816881259,2.073819742489271
2998,5.045,4.91125,0.42044062947067246,2.066952789699571
2999,5.065,4.91125,0.42208869814020034,2.073819742489271
3000,5.0425,4.91125,0.4219055793991417,2.073819742489271
3001,5.045,4.91,0.42044062947067246,2.0623748211731048
3002,5.05,4.91125,0.4210815450643777,2.066952789699571
3003,5.0425,4.91,0.4210815450643777,2.066952789699571
3004,5.0525,4.91125,0.4210815450643777,2.066952789699571
3005,5.06,4.91,0.421447782546495,2.069241773962804
3006,5.0525,4.91,0.4216309012875537,2.069241773962804
3007,5.06,4.91,0.4216309012875537,2.069241773962804
3008,5.0475,4.91125,0.4210815450643777,2.066952789699571
3009,5.0725,4.91,0.422271816881259,2.073819742489271
3010,5.05,4.91,0.42080686695278974,2.066952789699571
3011,5.0475,4.91125,0.4206237482117311,2.066952789699571
3012,5.045,4.91,0.42080686695278974,2.066952789699571
3013,5.045,4.91,0.42044062947067246,2.0623748211731048
3014,5.0475,4.90875,0.4206237482117311,2.066952789699571
3015,5.03,4.91,0.42080686695278974,2.066952789699571
3016,5.0325,4.91125,0.4193419170243205,2.0577968526466384
3017,5.055,4.91125,0.42126466380543637,2.069241773962804
3018,5.04,4.91,0.421447782546495,2.069241773962804
3019,5.075,4.91,0.4229127324749643,2.0783977110157372
3020,5.0525,4.91125,0.4210815450643777,2.066952789699571
3021,5.0475,4.91125,0.41851788268955653,2.0555078683834047
3022,5.07,4.91,0.4224549356223176,2.073819742489271
3023,5.0725,4.91,0.4227296137339056,2.073819742489271
3024,5.0525,4.91125,0.42016595135908447,2.0623748211731048
3025,5.0575,4.91,0.421447782546495,2.069241773962804
3026,5.0525,4.91125,0.4210815450643777,2.066952789699571
3027,5.0675,4.91125,0.4196165951359085,2.0623748211731048
3028,5.05,4.91125,0.42080686695278974,2.066952789699571
3029,5.06,4.91125,0.4216309012875537,2.069241773962804
3030,5.0575,4.91,0.421447782546495,2.069241773962804
3031,5.0425,4.91,0.42016595135908447,2.0623748211731048
3032,5.0625,4.91125,0.4219055793991417,2.073819742489271
3033,5.07,4.91125,0.42419456366237485,2.0852646638054364
3034,5.0525,4.91125,0.4210815450643777,2.066952789699571
3035,5.0525,4.91,0.4210815450643777,2.066952789699571
3036,5.055,4.91125,0.4216309012875537,2.069241773962804
3037,5.0775,4.91,0.4227296137339056,2.073819742489271
3038,5.0575,4.91,0.421447782546495,2.069241773962804
3039,5.0475,4.91125,0.42044062947067246,2.066952789699571
3040,5.065,4.91125,0.41979971387696713,2.0623748211731048
3041,5.0575,4.91,0.421447782546495,2.069241773962804
3042,5.0575,4.90875,0.421447782546495,2.069241773962804
3043,5.0325,4.91125,0.42126466380543637,2.069241773962804
3044,5.0725,4.91125,0.4227296137339056,2.0783977110157372
3045,5.0575,4.91,0.4229127324749643,2.0783977110157372
3046,5.0575,4.91125,0.4206237482117311,2.066952789699571
3047,5.0575,4.91125,0.421447782546495,2.069241773962804
3048,5.0575,4.90875,0.4219055793991417,2.069241773962804
3049,4.8975,4.91375,0.4224549356223176,2.0783977110157372
3050,5.0475,4.91125,0.4206237482117311,2.066952789699571
3051,5.0725,4.91,0.4227296137339056,2.073819742489271
3052,5.0475,4.91,0.42080686695278974,2.066952789699571
3053,5.075,4.91,0.4229127324749643,2.0783977110157372
3054,5.0675,4.91,0.422271816881259,2.073819742489271
3055,5.05,4.91,0.42208869814020034,2.073819742489271
3056,5.0725,4.91125,0.4227296137339056,2.0783977110157372
3057,5.0675,4.91,0.422271816881259,2.073819742489271
3058,5.05,4.91125,0.4210815450643777,2.066952789699571
3059,5.0525,4.91,0.4210815450643777,2.066952789699571
3060,5.075,4.91,0.4229127324749643,2.0783977110157372
3061,5.075,4.9125,0.42126466380543637,2.069241773962804
3062,5.05,4.90875,0.42080686695278974,2.066952789699571
3063,5.0475,4.91,0.4206237482117311,2.066952789699571
3064,5.075,4.90875,0.42208869814020034,2.069241773962804
3065,5.055,4.91,0.42126466380543637,2.069241773962804
3066,5.06,4.91125,0.4216309012875537,2.069241773962804
3067,5.06,4.90875,0.42208869814020034,2.069241773962804
3068,5.0625,4.91125,0.4219055793991417,2.073819742489271
3069,5.0675,4.9125,0.422271816881259,2.073819742489271
3070,5.0625,4.91,0.4210815450643777,2.066952789699571
3071,5.0475,4.91,0.4206237482117311,2.066952789699571
3072,5.0675,4.90875,0.422271816881259,2.073819742489271
3073,5.0525,4.90875,0.421447782546495,2.069241773962804
3074,5.04,4.91,0.41998283261802577,2.0623748211731048
3075,5.0625,4.91125,0.4219055793991417,2.073819742489271
3076,5.055,4.90875,0.41998283261802577,2.0623748211731048
3077,5.0575,4.91,0.4210815450643777,2.066952789699571
3078,5.055,4.91,0.42126466380543637,2.069241773962804
3079,5.04,4.91125,0.42126466380543637,2.069241773962804
3080,5.06,4.91125,0.4216309012875537,2.069241773962804
3081,5.0625,4.91,0.4219055793991417,2.069241773962804
3082,5.0625,4.91125,0.42044062947067246,2.066952789699571
3083,5.045,4.91,0.4210815450643777,2.066952789699571
3084,5.0725,4.91,0.4227296137339056,2.073819742489271
3085,5.06,4.91,0.4219055793991417,2.069241773962804
3086,5.0775,4.90875,0.4219055793991417,2.069241773962804
3087,5.085,4.91,0.4237367668097282,2.08068669527897
3088,5.065,4.91,0.421447782546495,2.069241773962804
3089,5.05,4.91125,0.421447782546495,2.069241773962804
3090,5.0575,4.91,0.421447782546495,2.069241773962804
3091,5.0525,4.91,0.4210815450643777,2.069241773962804
3092,5.0525,4.90875,0.4235536480686696,2.0783977110157372
3093,5.0575,4.91,0.421447782546495,2.069241773962804
3094,5.075,4.91,0.4229127324749643,2.0783977110157372
3095,5.065,4.91,0.42044062947067246,2.0623748211731048
3096,5.06,4.91125,0.4216309012875537,2.069241773962804
3097,5.0575,4.91125,0.421447782546495,2.069241773962804
3098,5.0625,4.91,0.42016595135908447,2.0623748211731048
3099,5.0525,4.90875,0.4210815450643777,2.066952789699571
3100,5.0575,4.91,0.421447782546495,2.069241773962804
3101,5.0775,4.91125,0.4227296137339056,2.0783977110157372
3102,5.0525,4.90875,0.4210815450643777,2.066952789699571
3103,5.045,4.91125,0.42044062947067246,2.066952789699571
3104,5.0475,4.91,0.42126466380543637,2.069241773962804
3105,5.0475,4.91,0.4206237482117311,2.066952789699571
3106,5.0575,4.91125,0.421447782546495,2.069241773962804
3107,5.075,4.91125,0.4206237482117311,2.066952789699571
3108,5.0675,4.90875,0.422271816881259,2.073819742489271
3109,5.0875,4.91,0.42391988555078686,2.08068669527897
3110,5.065,4.91,0.4210815450643777,2.066952789699571
3111,5.07,4.91125,0.4224549356223176,2.073819742489271
3112,5.0725,4.91125,0.4227296137339056,2.0783977110157372
3113,5.0525,4.90875,0.42309585121602294,2.0783977110157372
3114,5.0775,4.91,0.42309585121602294,2.0783977110157372
3115,5.0575,4.90875,0.421447782546495,2.069241773962804
3116,5.06,4.91,0.42044062947067246,2.0623748211731048
3117,5.0625,4.91125,0.422271816881259,2.073819742489271
3118,5.0575,4.91125,0.421447782546495,2.069241773962804
3119,5.0525,4.91125,0.42126466380543637,2.069241773962804
3120,5.0675,4.90875,0.422271816881259,2.073819742489271
3121,5.0675,4.90875,0.422271816881259,2.073819742489271
3122,5.08,4.91,0.42337052932761093,2.0783977110157372
3123,5.0675,4.91,0.42309585121602294,2.0783977110157372
3124,5.055,4.90875,0.42126466380543637,2.066952789699571
3125,5.035,4.91125,0.42126466380543637,2.069241773962804
3126,5.0875,4.91,0.4219055793991417,2.069241773962804
3127,5.045,4.90875,0.42044062947067246,2.0623748211731048
3128,5.0575,4.91,0.4227296137339056,2.073819742489271
3129,5.06,4.91,0.4216309012875537,2.069241773962804
3130,5.0725,4.91,0.4227296137339056,2.073819742489271
3131,5.0725,4.90875,0.4227296137339056,2.0783977110157372
3132,5.0575,4.91,0.4224549356223176,2.073819742489271
3133,5.0625,4.90875,0.4219055793991417,2.069241773962804
3134,5.075,4.91125,0.4229127324749643,2.0783977110157372
3135,5.0375,4.91,0.42309585121602294,2.0783977110157372
3136,5.065,4.91125,0.42208869814020034,2.073819742489271
3137,5.06,4.90875,0.4216309012875537,2.069241773962804
3138,5.055,4.90875,0.42309585121602294,2.0783977110157372
3139,5.0625,4.91,0.4219055793991417,2.069241773962804
3140,5.0525,4.91125,0.4210815450643777,2.066952789699571
3141,5.06,4.90875,0.4224549356223176,2.073819742489271
3142,5.0625,4.91,0.4219055793991417,2.069241773962804
3143,5.0375,4.91,0.41979971387696713,2.0623748211731048
3144,5.04,4.91,0.42126466380543637,2.069241773962804
3145,5.0625,4.90875,0.4219055793991417,2.069241773962804
3146,5.06,4.91,0.4216309012875537,2.069241773962804
3147,5.0675,4.91,0.42126466380543637,2.069241773962804
3148,5.0575,4.91,0.421447782546495,2.069241773962804
3149,5.0725,4.91125,0.4227296137339056,2.0783977110157372
3150,5.07,4.91125,0.4206237482117311,2.066952789699571
3151,5.07,4.91,0.4224549356223176,2.073819742489271
3152,5.0725,4.91,0.4227296137339056,2.073819742489271
3153,5.0575,4.91,0.421447782546495,2.069241773962804
3154,5.075,4.91,0.4229127324749643,2.0783977110157372
3155,5.05,4.90875,0.42080686695278974,2.066952789699571
3156,5.075,4.91125,0.4219055793991417,2.073819742489271
3157,5.055,4.91,0.4227296137339056,2.073819742489271
3158,5.065,4.91,0.42208869814020034,2.073819742489271
3159,5.0475,4.91125,0.4219055793991417,2.073819742489271
3160,5.06,4.91125,0.42044062947067246,2.066952789699571
3161,5.0375,4.91,0.41979971387696713,2.0623748211731048
3162,5.0675,4.91,0.42126466380543637,2.069241773962804
3163,5.0475,4.91,0.421447782546495,2.069241773962804
3164,5.0625,4.91,0.4219055793991417,2.069241773962804
3165,5.075,4.9125,0.42044062947067246,2.066952789699571
3166,5.055,4.91,0.4219055793991417,2.069241773962804
3167,5.04,4.91,0.41998283261802577,2.0623748211731048
3168,5.0525,4.91,0.4216309012875537,2.069241773962804
3169,5.05,4.91125,0.422271816881259,2.073819742489271
3170,5.0575,4.9225,0.421447782546495,2.073819742489271
3171,5.0475,4.90875,0.4206237482117311,2.069241773962804
3172,5.055,4.91,0.4206237482117311,2.066952789699571
3173,5.0625,4.91125,0.4219055793991417,2.073819742489271
3174,5.06,4.90875,0.4216309012875537,2.069241773962804
3175,2.235,5.1,0.18852074391988558,0.9590844062947069
3176,2.465,5.09125,0.20545922746781117,1.0460658082975682
3177,1.7975,5.11375,0.14979113018597998,0.7645207439198857
3178,2.095,5.09375,0.19373962804005723,0.9865522174535051
3179,1.745,5.11625,0.14539628040057226,0.7416309012875537
3180,2.94,5.0525,0.2450128755364807,1.238340486409156
3181,2.0125,5.1175,0.17020886981402006,0.8698140200286124
3182,1.9575,5.1175,0.16315879828326182,0.8354792560801145
3183,3.5475,5.01,0.29564520743919886,1.4809728183118742
3184,1.9425,5.13875,0.14063519313304723,0.7233190271816882
3185,1.8875,5.11875,0.15729899856938484,0.8057224606580831
3186,1.9175,5.1225,0.1597711015736767,0.817167381974249
3187,1.8025,5.1325,0.15143919885550788,0.7759656652360516
3188,3.1125,5.03875,0.25938769670958517,1.309298998569385
3189,2.1575,5.11875,0.17982260371959943,0.9178826895565093
3190,2.98,5.05375,0.30608297567954224,1.5450643776824036
3191,1.46,5.1475,0.1216824034334764,0.6271816881258943
3192,1.465,5.1475,0.12204864091559371,0.6294706723891274
3193,1.4675,5.1475,0.12378826895565094,0.6386266094420602
3194,1.49,5.14875,0.12415450643776825,0.6386266094420602
3195,1.52,5.14625,0.1266266094420601,0.6523605150214593
3196,1.2575,5.17,0.12333047210300431,0.6386266094420602
3197,1.2875,5.16125,0.11710443490701003,0.6042918454935623
3198,1.305,5.14375,0.10877253218884121,0.5585121602288985
3199,1.215,5.1725,0.11582260371959945,0.5997138769670959
3200,1.4625,5.155,0.12644349070100144,0.6523605150214593
3201,1.3975,5.15125,0.11646351931330473,0.5997138769670959
3202,1.49,5.14375,0.10565951359084408,0.5447782546494994
3203,1.31,5.165,0.11646351931330473,0.5997138769670959
3204,1.4775,5.15625,0.12314735336194566,0.6340486409155938
3205,1.3425,5.1625,0.11252646638054364,0.5814020028612304
3206,1.3475,5.155,0.1262603719599428,0.6523605150214593
3207,1.34,5.135,0.11170243204577969,0.5745350500715308
3208,1.355,5.155,0.12250643776824036,0.6294706723891274
3209,1.78,5.12875,0.11792846924177397,0.6042918454935623
3210,1.3075,5.15625,0.10895565092989987,0.5630901287553648
3211,1.3775,5.1475,0.11481545064377684,0.5974248927038627
3212,1.4475,5.14,0.10648354792560802,0.5470672389127326
3213,1.25,5.155,0.10419456366237483,0.5356223175965666
3214,1.3775,5.17125,0.11481545064377684,0.5928469241773964
3215,1.42,5.1425,0.1030958512160229,0.528755364806867
3216,1.2425,5.1575,0.10355364806866954,0.5333333333333334
3217,1.3925,5.17125,0.1160057224606581,0.5997138769670959
3218,1.4525,5.13875,0.11124463519313306,0.5699570815450644
3219,1.2225,5.15125,0.10190557939914165,0.5241773962804006
3220,1.2375,5.155,0.1030958512160229,0.5333333333333334
3221,1,5.16875,0.07315593705293277,0.3776824034334764
3222,0.8925,5.16125,0.07434620886981402,0.38226037195994284
3223,1.04,5.1875,0.08670672389127326,0.45092989985693854
3224,0.87,5.19375,0.08771387696709586,0.4532188841201717
3225,0.89,5.175,0.07416309012875537,0.38226037195994284
3226,0.85,5.1675,0.07086695278969958,0.36852646638054365
3227,0.9275,5.17375,0.06647210300429185,0.34563662374821175
3228,0.8225,5.1775,0.06857796852646639,0.3570815450643777
3229,0.9225,5.18375,0.0769098712446352,0.3982832618025752
3230,0.98,5.17,0.06876108726752504,0.3570815450643777
3231,0.865,5.17875,0.07205722460658083,0.37539341917024327
3232,0.94,5.19625,0.07837482117310444,0.4097281831187411
3233,0.9375,5.17125,0.06564806866952791,0.3410586552217454
3234,0.81,5.17625,0.06747925608011446,0.34792560801144495
3235,0.775,5.1725,0.06454935622317597,0.3341917024320458
3236,1.0375,5.175,0.07663519313304722,0.3982832618025752
3237,0.9575,5.17625,0.07608583690987125,0.3937052932761088
3238,0.8125,5.16875,0.06775393419170243,0.34792560801144495
3239,0.8375,5.19125,0.08185407725321889,0.4234620886981402
3240,0.985,5.17,0.06775393419170243,0.34792560801144495
3241,0.9775,5.2,0.08148783977110158,0.4234620886981402
3242,1.015,5.17,0.06500715307582261,0.33648068669527903
3243,1.02,5.17125,0.0672961373390558,0.34792560801144495
3244,0.8025,5.17125,0.06683834048640916,0.34563662374821175
3245,0.905,5.1825,0.06354220314735337,0.32961373390557946
3246,0.9525,5.17125,0.06519027181688127,0.33648068669527903
3247,0.8375,5.16875,0.06976824034334765,0.35937052932761093
3248,0.885,5.18625,0.06253505007153076,0.32274678111587984
3249,0.9875,5.1725,0.0666552217453505,0.34563662374821175
3250,0.8425,5.18,0.07022603719599428,0.3639484978540773
3251,0.8275,5.19875,0.0689442060085837,0.4349070100143062
3252,0.83,5.19125,0.08670672389127326,0.45092989985693854
3253,0.99,5.175,0.08249499284692419,0.4280400572246066
3254,0.7975,5.175,0.06647210300429185,0.34563662374821175
3255,0.96,5.1725,0.07352217453505008,0.3776824034334764
3256,0.79,5.17375,0.06583118741058656,0.3410586552217454
3257,0.8,5.1725,0.0666552217453505,0.34563662374821175
3258,0.9225,5.195,0.06711301859799715,0.34792560801144495
3259,0.75,5.1825,0.06253505007153076,0.32274678111587984
3260,0.75,5.1825,0.06253505007153076,0.32274678111587984
3261,0.765,5.20375,0.0769098712446352,0.4005722460658083
3262,0.8975,5.20375,0.07480400572246067,0.3891273247496424
3263,0.9,5.19625,0.07498712446351932,0.3891273247496424
3264,0.975,5.16875,0.06812017167381974,0.35250357653791137
3265,0.9175,5.19,0.07645207439198856,0.3982832618025752
3266,0.87,5.19,0.07251502145922747,0.37539341917024327
3267,0.975,5.175,0.06812017167381974,0.35250357653791137
3268,1.0075,5.195,0.08395994277539343,0.4349070100143062
3269,0.895,5.1725,0.07462088698140201,0.3868383404864092
3270,0.835,5.19375,0.0901859799713877,0.46924177396280403
3271,0.9475,5.2025,0.07892417739628041,0.4097281831187411
3272,0.8525,5.1775,0.07105007153075824,0.36852646638054365
3273,0.9775,5.1725,0.0689442060085837,0.3570815450643777
3274,0.7675,5.17375,0.064,0.32961373390557946
3275,0.8175,5.17125,0.06812017167381974,0.35250357653791137
3276,0.9425,5.185,0.06290128755364807,0.32732474964234626
3277,0.925,5.17375,0.06583118741058656,0.3410586552217454
3278,0.765,5.17125,0.06372532188841203,0.32961373390557946
3279,0.77,5.20375,0.07727610872675252,0.4005722460658083
3280,0.9575,5.18375,0.062077253218884125,0.32274678111587984
3281,1.0175,5.185,0.08478397711015738,0.4394849785407726
3282,0.85,5.19875,0.08212875536480688,0.4280400572246066
3283,0.8575,5.1925,0.08441773962804007,0.4394849785407726
3284,0.8325,5.16875,0.06940200286123034,0.35937052932761093
3285,0.8,5.2,0.08377682403433477,0.4349070100143062
3286,1.2175,5.17375,0.1133505007153076,0.5859799713876968
3287,0.9275,5.19,0.07727610872675252,0.4005722460658083
3288,0.8875,5.18875,0.07004291845493563,0.3639484978540773
3289,0.8175,5.2,0.08038912732474965,0.41659513590844066
3290,0.8875,5.2,0.07397997138769671,0.3868383404864092
3291,0.9425,5.1725,0.0785579399141631,0.4097281831187411
3292,0.96,5.17125,0.0666552217453505,0.34563662374821175
3293,0.905,5.19,0.07544492131616595,0.3891273247496424
3294,0.99,5.19875,0.08249499284692419,0.4280400572246066
3295,0.8375,5.18875,0.08249499284692419,0.4280400572246066
3296,0.8025,5.1675,0.06683834048640916,0.34563662374821175
3297,0.8375,5.18875,0.06976824034334765,0.3639484978540773
3298,0.9575,5.17375,0.07288125894134478,0.3776824034334764
3299,1.9525,5.13875,0.1627010014306152,0.8354792560801145
3300,1.475,5.13125,0.12287267525035767,0.6294706723891274
3301,1.665,5.1275,0.13376824034334767,0.6866952789699571
3302,1.895,5.1425,0.15793991416309014,0.8148783977110158
3303,1.7625,5.125,0.1468612303290415,0.7530758226037197
3304,2.12,5.115,0.1670958512160229,0.8560801144492132
3305,1.45,5.135,0.12085836909871246,0.6180257510729614
3306,1.445,5.15375,0.12040057224606582,0.6180257510729614
3307,0.905,5.2,0.08542489270386266,0.44177396280400577
3308,0.855,5.165,0.07123319027181689,0.36852646638054365
3309,0.805,5.17875,0.06711301859799715,0.34792560801144495
3310,0.83,5.1975,0.08560801144492132,0.44635193133047213
3311,0.9475,5.1925,0.07892417739628041,0.4097281831187411
3312,1,5.19875,0.08331902718168814,0.43032904148783985
3313,0.89,5.19125,0.07315593705293277,0.3776824034334764
3314,0.9125,5.19875,0.07608583690987125,0.3937052932761088
3315,0.985,5.18875,0.08212875536480688,0.4280400572246066
3316,0.775,5.2025,0.080206008583691,0.41659513590844066
3317,0.775,5.20375,0.0812131616595136,0.4234620886981402
3318,0.79,5.19,0.06583118741058656,0.3410586552217454
3319,0.8025,5.2,0.07837482117310444,0.4097281831187411
3320,0.775,5.20625,0.07333905579399143,0.38226037195994284
3321,0.755,5.175,0.06290128755364807,0.32732474964234626
3322,0.765,5.20625,0.07562804005722461,0.3937052932761088
3323,0.865,5.19125,0.06537339055793992,0.33648068669527903
3324,0.77,5.1675,0.06418311874105866,0.32961373390557946
3325,0.885,5.18625,0.06253505007153076,0.32274678111587984
3326,0.82,5.1975,0.08478397711015738,0.44177396280400577
3327,0.985,5.1925,0.08212875536480688,0.4280400572246066
3328,0.8775,5.1925,0.07233190271816882,0.37539341917024327
3329,0.9375,5.1825,0.06857796852646639,0.3570815450643777
3330,0.8025,5.16875,0.06683834048640916,0.34563662374821175
3331,0.88,5.18,0.07333905579399143,0.3776824034334764
3332,0.8025,5.19,0.07581115879828328,0.3937052932761088
3333,0.8775,5.18125,0.07315593705293277,0.3776824034334764
3334,0.805,5.17,0.06711301859799715,0.34792560801144495
3335,0.815,5.20375,0.07397997138769671,0.3868383404864092
3336,0.86,5.2025,0.07169098712446352,0.37081545064377686
3337,0.745,5.1775,0.062077253218884125,0.32274678111587984
3338,0.795,5.20375,0.07773390557939915,0.40515021459227474
3339,0.85,5.1975,0.07086695278969958,0.36852646638054365
3340,0.86,5.1975,0.07169098712446352,0.37081545064377686
3341,0.9525,5.19125,0.08267811158798284,0.4280400572246066
3342,0.91,5.18,0.07581115879828328,0.3937052932761088
3343,0.835,5.1675,0.069585121602289,0.35937052932761093
3344,0.96,5.17375,0.07727610872675252,0.4005722460658083
3345,0.86,5.18625,0.07169098712446352,0.37081545064377686
3346,0.9425,5.1925,0.0785579399141631,0.4097281831187411
3347,0.9025,5.17625,0.0672961373390558,0.34792560801144495
3348,0.935,5.195,0.0779170243204578,0.40515021459227474
3349,0.9425,5.1975,0.0785579399141631,0.4097281831187411
3350,0.93,5.17625,0.0662889842632332,0.3410586552217454
3351,0.7975,5.1725,0.06647210300429185,0.34563662374821175
3352,0.835,5.1725,0.069585121602289,0.35937052932761093
3353,0.895,5.18625,0.06519027181688127,0.33648068669527903
3354,0.7825,5.18625,0.06519027181688127,0.33648068669527903
3355,0.855,5.19875,0.07123319027181689,0.37081545064377686
3356,0.925,5.17875,0.08066380543633764,0.41659513590844066
3357,0.8875,5.19,0.08478397711015738,0.4394849785407726
3358,0.8675,5.16875,0.07233190271816882,0.37539341917024327
3359,0.8125,5.19375,0.08249499284692419,0.4280400572246066
3360,0.875,5.19125,0.07086695278969958,0.36852646638054365
3361,0.9325,5.205,0.07773390557939915,0.40515021459227474
3362,0.92,5.1825,0.06711301859799715,0.34792560801144495
3363,0.955,5.17625,0.06253505007153076,0.32274678111587984
3364,0.775,5.17125,0.06454935622317597,0.3341917024320458
3365,0.77,5.20375,0.07269814020028613,0.3776824034334764
3366,0.8,5.19875,0.06812017167381974,0.35250357653791137
3367,0.9025,5.20375,0.07517024320457798,0.3891273247496424
3368,0.905,5.17875,0.07370529327610874,0.38226037195994284
3369,0.82,5.18875,0.07608583690987125,0.3937052932761088
3370,0.94,5.1975,0.07837482117310444,0.4097281831187411
3371,0.86,5.1975,0.07169098712446352,0.46237482117310447
3372,1.0375,5.17,0.07187410586552218,0.37081545064377686
3373,0.9325,5.1975,0.07773390557939915,0.40515021459227474
3374,1.0375,5.195,0.08643204577968527,0.45092989985693854
3375,0.9875,5.175,0.06812017167381974,0.35250357653791137
3376,0.8275,5.2,0.0689442060085837,0.35937052932761093
3377,0.755,5.17375,0.06290128755364807,0.32732474964234626
3378,0.78,5.2025,0.08212875536480688,0.4280400572246066
3379,0.985,5.20375,0.08212875536480688,0.4280400572246066
3380,0.85,5.20125,0.07086695278969958,0.36852646638054365
3381,0.84,5.18875,0.07462088698140201,0.3868383404864092
3382,0.88,5.18625,0.07333905579399143,0.3776824034334764
3383,0.965,5.20375,0.08038912732474965,0.421173104434907
3384,0.7825,5.19375,0.08002288984263234,0.41659513590844066
3385,0.9275,5.19,0.07727610872675252,0.4005722460658083
3386,0.8,5.17375,0.0666552217453505,0.34563662374821175
3387,0.9375,5.17625,0.07333905579399143,0.3776824034334764
3388,0.8425,5.19125,0.07022603719599428,0.3639484978540773
3389,1.0275,5.19875,0.08560801144492132,0.44635193133047213
3390,0.915,5.1975,0.07462088698140201,0.3868383404864092
3391,0.9125,5.1925,0.07608583690987125,0.3937052932761088
3392,1.005,5.19875,0.08377682403433477,0.4349070100143062
3393,0.8875,5.1775,0.07251502145922747,0.37539341917024327
3394,0.915,5.185,0.0762689556509299,0.3937052932761088
3395,0.9825,5.19125,0.08185407725321889,0.4234620886981402
3396,0.935,5.175,0.06537339055793992,0.33648068669527903
3397,1,5.1725,0.06436623748211731,0.3341917024320458
3398,0.8375,5.18,0.06976824034334765,0.35937052932761093
3399,0.93,5.1775,0.06436623748211731,0.3341917024320458
3400,0.97,5.17125,0.06537339055793992,0.33648068669527903
3401,0.985,5.19625,0.08212875536480688,0.4280400572246066
3402,0.9925,5.18,0.06876108726752504,0.3570815450643777
3403,0.885,5.19125,0.07004291845493563,0.3639484978540773
3404,1,5.195,0.08331902718168814,0.43032904148783985
3405,0.8375,5.2,0.08395994277539343,0.4349070100143062
3406,0.7475,5.20375,0.08231187410586553,0.4280400572246066
3407,0.955,5.20375,0.07956509298998571,0.4120171673819743
3408,0.86,5.1825,0.06857796852646639,0.3570815450643777
3409,2.19,5.10625,0.1979513590844063,1.0117310443490701
3410,2.31,5.08875,0.19245779685264666,0.9796852646638056
3411,1.825,5.11125,0.15208011444921318,0.7622317596566525
3412,2.4175,5.0975,0.17753361945636625,0.9041487839771103
3413,1.755,5.13625,0.1462203147353362,0.7507868383404865
3414,1.105,5.17375,0.09210872675250359,0.47610872675250365
3415,0.9075,5.18125,0.07517024320457798,0.3891273247496424
3416,1.065,5.19,0.08872103004291847,0.46237482117310447
3417,0.915,5.16,0.0762689556509299,0.3937052932761088
3418,0.87,5.18625,0.08295278969957083,0.43032904148783985
3419,0.8125,5.16875,0.06775393419170243,0.34792560801144495
3420,0.805,5.18375,0.06711301859799715,0.34792560801144495
3421,0.865,5.18125,0.07352217453505008,0.38226037195994284
3422,0.9275,5.18375,0.07727610872675252,0.4005722460658083
3423,0.8825,5.1875,0.07352217453505008,0.38226037195994284
3424,0.93,5.17625,0.06290128755364807,0.32732474964234626
3425,0.855,5.18375,0.07123319027181689,0.36852646638054365
3426,0.91,5.19,0.07581115879828328,0.3937052932761088
3427,0.92,5.1775,0.062077253218884125,0.32274678111587984
3428,0.82,5.18125,0.0683032904148784,0.35250357653791137
3429,0.9425,5.19875,0.0785579399141631,0.4097281831187411
3430,0.8275,5.18875,0.07040915593705294,0.3639484978540773
3431,0.88,5.165,0.07333905579399143,0.3776824034334764
3432,0.8375,5.17875,0.06976824034334765,0.35937052932761093
3433,0.83,5.19,0.07956509298998571,0.4120171673819743
3434,0.885,5.17375,0.07370529327610874,0.38226037195994284
3435,0.795,5.17875,0.0662889842632332,0.34563662374821175
3436,0.79,5.18875,0.07727610872675252,0.4005722460658083
3437,0.77,5.19625,0.0769098712446352,0.4005722460658083
3438,0.895,5.20625,0.07462088698140201,0.3891273247496424
3439,0.75,5.1975,0.0785579399141631,0.4097281831187411
3440,0.7425,5.205,0.0769098712446352,0.4005722460658083
3441,0.9325,5.205,0.07773390557939915,0.40515021459227474
3442,0.75,5.20375,0.08267811158798284,0.43032904148783985
3443,0.765,5.20125,0.07810014306151646,0.40515021459227474
3444,0.9625,5.2025,0.080206008583691,0.41659513590844066
3445,0.76,5.195,0.07745922746781117,0.4005722460658083
3446,1,5.17625,0.07352217453505008,0.3776824034334764
3447,0.965,5.18625,0.08038912732474965,0.41659513590844066
3448,0.9525,5.17875,0.06876108726752504,0.3570815450643777
3449,0.875,5.20125,0.080206008583691,0.41659513590844066
3450,1.0175,5.19875,0.08478397711015738,0.44177396280400577
3451,0.7975,5.20125,0.06647210300429185,0.3639484978540773
3452,0.905,5.18125,0.06107010014306152,0.3158798283261803
3453,0.91,5.1875,0.07581115879828328,0.3937052932761088
3454,0.7825,5.18875,0.06519027181688127,0.33648068669527903
3455,0.7825,5.20375,0.0812131616595136,0.4234620886981402
3456,0.8625,5.20375,0.07187410586552218,0.37539341917024327
3457,0.7525,5.18,0.06271816881258942,0.32732474964234626
3458,0.755,5.20375,0.07956509298998571,0.4120171673819743
3459,0.8025,5.19,0.06683834048640916,0.34563662374821175
3460,0.905,5.20375,0.07544492131616595,0.3937052932761088
3461,0.9675,5.18125,0.07462088698140201,0.3868383404864092
3462,0.855,5.1675,0.07123319027181689,0.36852646638054365
3463,0.8425,5.1875,0.07022603719599428,0.3639484978540773
3464,0.98,5.1775,0.07123319027181689,0.36852646638054365
3465,0.9875,5.19875,0.08231187410586553,0.4280400572246066
3466,0.83,5.18125,0.06912732474964235,0.35937052932761093
3467,0.9125,5.18,0.06189413447782547,0.3181688125894135
3468,0.7875,5.175,0.06564806866952791,0.3410586552217454
3469,0.925,5.19125,0.07709298998569386,0.4005722460658083
3470,0.92,5.18375,0.06647210300429185,0.34563662374821175
3471,0.755,5.16875,0.06290128755364807,0.32732474964234626
3472,0.7375,5.1775,0.06143633762517883,0.3181688125894135
3473,0.775,5.2025,0.07837482117310444,0.4097281831187411
3474,0.8525,5.17625,0.07105007153075824,0.36852646638054365
3475,0.815,5.1825,0.06793705293276109,0.35250357653791137
3476,0.9025,5.18875,0.09064377682403435,0.46924177396280403
3477,1.0275,5.1725,0.07059227467811159,0.3639484978540773
3478,0.92,5.1975,0.07663519313304722,0.3982832618025752
3479,0.8725,5.19125,0.07022603719599428,0.3639484978540773
3480,0.795,5.2,0.08103004291845495,0.421173104434907
3481,0.9125,5.1925,0.07608583690987125,0.3937052932761088
3482,0.9475,5.1725,0.0666552217453505,0.34563662374821175
3483,1.0325,5.16625,0.06976824034334765,0.35937052932761093
3484,0.775,5.1675,0.06454935622317597,0.3341917024320458
3485,0.7725,5.20125,0.07974821173104436,0.41659513590844066
3486,0.8425,5.19125,0.06601430615164522,0.3410586552217454
3487,0.755,5.1725,0.06290128755364807,0.32732474964234626
3488,0.855,5.19375,0.069585121602289,0.35937052932761093
3489,0.995,5.17375,0.06189413447782547,0.3181688125894135
3490,0.7825,5.17125,0.06519027181688127,0.33648068669527903
3491,0.915,5.1825,0.0762689556509299,0.44177396280400577
3492,0.8525,5.195,0.07416309012875537,0.3868383404864092
3493,1.065,5.2,0.08872103004291847,0.46237482117310447
3494,0.995,5.17,0.08295278969957083,0.4280400572246066
3495,0.805,5.2025,0.07810014306151646,0.40515021459227474
3496,1.03,5.19,0.08579113018597997,0.44635193133047213
3497,0.9275,5.205,0.07727610872675252,0.4005722460658083
3498,0.805,5.18875,0.0835021459227468,0.4349070100143062
3499,0.9675,5.20125,0.08066380543633764,0.421173104434907
3500,0.985,5.2025,0.08212875536480688,0.4280400572246066
3501,0.785,5.1925,0.0762689556509299,0.3982832618025752
3502,0.9375,5.20125,0.07810014306151646,0.40515021459227474
3503,0.88,5.205,0.07333905579399143,0.38226037195994284
3504,0.74,5.2,0.08249499284692419,0.4280400572246066
3505,1.4775,5.165,0.12314735336194566,0.6386266094420602
3506,0.93,5.19,0.07745922746781117,0.4005722460658083
3507,0.9375,5.1825,0.06940200286123034,0.35937052932761093
3508,0.935,5.2,0.0779170243204578,0.40515021459227474
3509,0.94,5.1825,0.07837482117310444,0.40515021459227474
3510,0.805,5.195,0.09705293276108727,0.5035765379113019
3511,1.05,5.16375,0.0875307582260372,0.4532188841201717
3512,0.8125,5.18125,0.06775393419170243,0.35250357653791137
3513,0.9225,5.17375,0.06482403433476396,0.3341917024320458
3514,0.88,5.185,0.07333905579399143,0.3776824034334764
3515,0.9475,5.19125,0.07892417739628041,0.4097281831187411
3516,1,5.17125,0.06775393419170243,0.34792560801144495
3517,0.9775,5.1725,0.06436623748211731,0.3341917024320458
3518,0.85,5.185,0.07086695278969958,0.36852646638054365
3519,2.1025,5.105,0.1952045779685265,0.997997138769671
3520,2.0625,5.12375,0.16022889842632335,0.8217453505007154
3521,2.0175,5.1125,0.16810300429184552,0.8583690987124465
3522,0.975,5.18625,0.07938197424892705,0.4120171673819743
3523,0.8475,5.19125,0.08460085836909872,0.4394849785407726
3524,0.8225,5.1675,0.06857796852646639,0.35250357653791137
3525,0.965,5.17125,0.06940200286123034,0.35937052932761093
3526,0.97,5.17625,0.06647210300429185,0.34563662374821175
3527,0.84,5.2025,0.07004291845493563,0.3639484978540773
3528,0.74,5.205,0.07810014306151646,0.40515021459227474
3529,0.83,5.19375,0.064,0.3341917024320458
3530,0.8225,5.1725,0.06857796852646639,0.3570815450643777
3531,0.86,5.18625,0.06189413447782547,0.32274678111587984
3532,0.9275,5.1775,0.06189413447782547,0.3181688125894135
3533,0.825,5.175,0.06876108726752504,0.3570815450643777
3534,0.815,5.1975,0.06793705293276109,0.35250357653791137
3535,0.935,5.175,0.062077253218884125,0.32274678111587984
3536,1.0175,5.19375,0.08478397711015738,0.4394849785407726
3537,0.94,5.18375,0.07837482117310444,0.40515021459227474
3538,0.9175,5.18625,0.06775393419170243,0.35250357653791137
3539,0.965,5.2,0.08038912732474965,0.41659513590844066
3540,0.9775,5.19,0.08148783977110158,0.4234620886981402
3541,0.875,5.195,0.07086695278969958,0.36852646638054365
3542,0.7525,5.175,0.06271816881258942,0.32732474964234626
3543,0.8075,5.18,0.0672961373390558,0.34792560801144495
3544,0.9125,5.1825,0.062077253218884125,0.32274678111587984
3545,0.7825,5.175,0.06519027181688127,0.33648068669527903
3546,0.9425,5.2,0.0785579399141631,0.4097281831187411
3547,0.9275,5.175,0.06519027181688127,0.33648068669527903
3548,0.8725,5.1875,0.07269814020028613,0.3776824034334764
3549,0.9425,5.2,0.0785579399141631,0.4097281831187411
3550,0.7525,5.19875,0.07810014306151646,0.40515021459227474
3551,0.9475,5.18875,0.07892417739628041,0.4097281831187411
3552,0.9475,5.18625,0.07892417739628041,0.4097281831187411
3553,0.8475,5.195,0.07233190271816882,0.37539341917024327
3554,1.0125,5.2,0.08441773962804007,0.4394849785407726
3555,0.995,5.195,0.08295278969957083,0.43032904148783985
3556,0.83,5.2,0.07480400572246067,0.3891273247496424
3557,0.79,5.17375,0.06583118741058656,0.3410586552217454
3558,0.85,5.18375,0.07086695278969958,0.36852646638054365
3559,0.91,5.17375,0.06454935622317597,0.3341917024320458
3560,1.035,5.1725,0.08267811158798284,0.4280400572246066
3561,0.7575,5.1825,0.06308440629470673,0.32732474964234626
3562,0.75,5.20625,0.07645207439198856,0.3982832618025752
3563,0.7725,5.2025,0.07251502145922747,0.3776824034334764
3564,0.7675,5.18625,0.064,0.3341917024320458
3565,0.735,5.20125,0.0779170243204578,0.40515021459227474
3566,0.995,5.1725,0.07956509298998571,0.4120171673819743
3567,0.7925,5.18125,0.06601430615164522,0.3410586552217454
3568,0.8075,5.19375,0.08185407725321889,0.4234620886981402
3569,0.8575,5.185,0.07837482117310444,0.40515021459227474
3570,0.8325,5.17,0.06940200286123034,0.35937052932761093
3571,0.7725,5.205,0.07169098712446352,0.37081545064377686
3572,0.8475,5.19,0.06519027181688127,0.33648068669527903
3573,0.735,5.1775,0.06125321888412018,0.3181688125894135
3574,0.74,5.175,0.061711015736766815,0.3181688125894135
3575,0.7375,5.2,0.0779170243204578,0.40515021459227474
3576,0.945,5.20625,0.07874105865522175,0.4097281831187411
3577,0.8425,5.2025,0.07022603719599428,0.3639484978540773
3578,0.7375,5.2,0.0779170243204578,0.40515021459227474
3579,0.8075,5.2,0.0672961373390558,0.34792560801144495
3580,0.7375,5.18375,0.06143633762517883,0.3181688125894135
3581,0.835,5.19,0.08002288984263234,0.41659513590844066
3582,0.9025,5.18,0.07517024320457798,0.3891273247496424
3583,0.9025,5.2025,0.07517024320457798,0.3891273247496424
3584,0.985,5.17125,0.06647210300429185,0.34563662374821175
3585,0.8,5.16875,0.0666552217453505,0.34563662374821175
3586,0.75,5.17625,0.06253505007153076,0.32274678111587984
3587,0.8175,5.1975,0.06583118741058656,0.3410586552217454
3588,0.7675,5.1725,0.064,0.32961373390557946
3589,0.91,5.19,0.07581115879828328,0.3937052932761088
3590,0.8825,5.17875,0.06683834048640916,0.34563662374821175
3591,0.8675,5.19,0.07233190271816882,0.37539341917024327
3592,0.9025,5.2025,0.07517024320457798,0.3891273247496424
3593,0.7725,5.19375,0.07663519313304722,0.3982832618025752
3594,0.9225,5.205,0.0769098712446352,0.4005722460658083
3595,0.7625,5.1725,0.06354220314735337,0.32961373390557946
3596,0.79,5.20125,0.08066380543633764,0.421173104434907
3597,1.005,5.19625,0.08377682403433477,0.4349070100143062
3598,0.865,5.17625,0.07205722460658083,0.37081545064377686
3599,0.85,5.1925,0.07086695278969958,0.36852646638054365
3600,0.7925,5.195,0.08185407725321889,0.4234620886981402
3601,0.94,5.20375,0.07837482117310444,0.4097281831187411
3602,0.8575,5.18125,0.06812017167381974,0.35250357653791137
3603,0.785,5.19,0.07315593705293277,0.3776824034334764
3604,0.8025,5.19625,0.06683834048640916,0.34792560801144495
3605,0.7825,5.2025,0.07040915593705294,0.36852646638054365
3606,0.9275,5.17625,0.06125321888412018,0.3181688125894135
3607,0.9,5.19625,0.07498712446351932,0.3891273247496424
3608,0.7325,5.1975,0.07773390557939915,0.40515021459227474
3609,0.7925,5.2,0.06912732474964235,0.35937052932761093
3610,0.99,5.2025,0.08249499284692419,0.4280400572246066
3611,0.8475,5.1975,0.07892417739628041,0.4097281831187411
3612,0.7975,5.2,0.08084692417739629,0.421173104434907
3613,0.9925,5.19875,0.08267811158798284,0.43032904148783985
3614,0.995,5.17,0.08295278969957083,0.43032904148783985
3615,0.85,5.195,0.07462088698140201,0.3868383404864092
3616,0.995,5.2,0.08295278969957083,0.43032904148783985
3617,0.9275,5.2025,0.07727610872675252,0.4005722460658083
3618,0.775,5.19,0.07434620886981402,0.3868383404864092
3619,0.9275,5.205,0.07727610872675252,0.4005722460658083
3620,0.735,5.17875,0.06125321888412018,0.3181688125894135
3621,0.795,5.19875,0.0672961373390558,0.34792560801144495
3622,0.7375,5.17875,0.06143633762517883,0.3181688125894135
3623,0.74,5.17875,0.061711015736766815,0.3181688125894135
3624,0.7475,5.20625,0.07773390557939915,0.40515021459227474
3625,0.92,5.20625,0.07663519313304722,0.3982832618025752
3626,0.9525,5.185,0.07938197424892705,0.4120171673819743
3627,0.9325,5.18125,0.06683834048640916,0.34563662374821175
3628,0.9575,5.2025,0.07974821173104436,0.41659513590844066
3629,0.945,5.1875,0.07874105865522175,0.4097281831187411
3630,0.9275,5.18125,0.0662889842632332,0.34563662374821175
3631,0.9425,5.1975,0.0785579399141631,0.4097281831187411
3632,0.735,5.17875,0.06125321888412018,0.3181688125894135
3633,0.745,5.19875,0.07874105865522175,0.4097281831187411
3634,0.875,5.2075,0.07288125894134478,0.3776824034334764
3635,0.7925,5.19125,0.06601430615164522,0.3410586552217454
3636,0.745,5.1975,0.0769098712446352,0.4005722460658083
3637,0.94,5.205,0.07837482117310444,0.4097281831187411
3638,0.8875,5.20625,0.07397997138769671,0.3868383404864092
3639,0.7375,5.20375,0.07810014306151646,0.40515021459227474
3640,0.8325,5.205,0.07105007153075824,0.37081545064377686
3641,0.9975,5.19625,0.08313590844062949,0.43032904148783985
3642,0.8925,5.19,0.06857796852646639,0.3570815450643777
3643,0.805,5.2025,0.08066380543633764,0.421173104434907
3644,1.0325,5.195,0.08606580829756796,0.44635193133047213
3645,0.955,5.18125,0.0769098712446352,0.3982832618025752
3646,1.0175,5.18,0.06876108726752504,0.3570815450643777
3647,0.735,5.18125,0.06125321888412018,0.3181688125894135
3648,0.7675,5.205,0.07123319027181689,0.37081545064377686
3649,0.9175,5.1775,0.06253505007153076,0.32274678111587984
3650,0.7725,5.17375,0.06436623748211731,0.3341917024320458
3651,0.9325,5.17375,0.06308440629470673,0.32732474964234626
3652,0.755,5.19625,0.07608583690987125,0.3937052932761088
3653,0.945,5.205,0.07874105865522175,0.4097281831187411
3654,0.8775,5.18,0.07315593705293277,0.38226037195994284
3655,0.7325,5.20125,0.07919885550786838,0.4120171673819743
3656,0.9625,5.19,0.080206008583691,0.41659513590844066
3657,0.95,5.18875,0.07919885550786838,0.4120171673819743
3658,0.8425,5.1975,0.07251502145922747,0.37539341917024327
3659,0.86,5.18875,0.07169098712446352,0.37081545064377686
3660,0.995,5.1975,0.08295278969957083,0.43032904148783985
3661,0.9,5.19375,0.07059227467811159,0.36852646638054365
3662,0.765,5.19125,0.06372532188841203,0.32961373390557946
3663,0.74,5.1825,0.061711015736766815,0.3181688125894135
3664,0.735,5.205,0.07810014306151646,0.40515021459227474
3665,0.9075,5.205,0.07562804005722461,0.3937052932761088
3666,0.74,5.17625,0.061711015736766815,0.3181688125894135
3667,0.815,5.1975,0.06583118741058656,0.3410586552217454
3668,0.8125,5.17875,0.06775393419170243,0.35250357653791137
3669,0.8875,5.19375,0.07397997138769671,0.38226037195994284
3670,0.7525,5.19625,0.07608583690987125,0.3937052932761088
3671,0.97,5.1875,0.08084692417739629,0.421173104434907
3672,0.91,5.175,0.07581115879828328,0.3937052932761088
3673,0.89,5.19,0.06876108726752504,0.3570815450643777
3674,0.8475,5.185,0.07059227467811159,0.36852646638054365
3675,0.9075,5.19625,0.07562804005722461,0.3937052932761088
3676,0.9875,5.17,0.06683834048640916,0.34563662374821175
3677,0.7575,5.1725,0.06308440629470673,0.32732474964234626
3678,0.77,5.17375,0.06418311874105866,0.3341917024320458
3679,0.9375,5.17875,0.06290128755364807,0.32732474964234626
3680,0.92,5.17375,0.06564806866952791,0.3410586552217454
3681,0.9175,5.19375,0.07645207439198856,0.3982832618025752
3682,0.8625,5.18375,0.06976824034334765,0.35937052932761093
3683,0.76,5.195,0.07645207439198856,0.3982832618025752
3684,0.935,5.1975,0.0779170243204578,0.40515021459227474
3685,0.975,5.1725,0.064,0.32961373390557946
3686,0.865,5.185,0.07837482117310444,0.40515021459227474
3687,0.9275,5.18375,0.07727610872675252,0.4005722460658083
3688,0.7925,5.2025,0.08478397711015738,0.44177396280400577
3689,0.85,5.1925,0.08231187410586553,0.4280400572246066
3690,0.9175,5.18375,0.07645207439198856,0.3982832618025752
3691,0.87,5.19,0.06976824034334765,0.3639484978540773
3692,0.915,5.17625,0.06143633762517883,0.3181688125894135
3693,0.795,5.1775,0.0662889842632332,0.34563662374821175
3694,0.885,5.185,0.07370529327610874,0.3158798283261803
3695,0.88,5.18,0.06940200286123034,0.35937052932761093
3696,0.9725,5.20125,0.08103004291845495,0.421173104434907
3697,1.105,5.18625,0.09210872675250359,0.47610872675250365
3698,1.2875,5.16625,0.1216824034334764,0.6294706723891274
3699,0.9375,5.18625,0.07810014306151646,0.40515021459227474
3700,0.8325,5.1725,0.06940200286123034,0.35937052932761093
3701,0.8725,5.1975,0.08853791130185981,0.46237482117310447
3702,0.9275,5.185,0.07727610872675252,0.4005722460658083
3703,0.83,5.1725,0.06912732474964235,0.3570815450643777
3704,0.815,5.20375,0.07974821173104436,0.41659513590844066
3705,1.045,5.19875,0.08707296137339057,0.4532188841201717
3706,0.9025,5.19125,0.07517024320457798,0.3891273247496424
3707,0.8325,5.185,0.07086695278969958,0.36852646638054365
3708,0.935,5.20625,0.0779170243204578,0.40515021459227474
3709,0.7675,5.1925,0.064,0.3341917024320458
3710,0.8075,5.2025,0.07315593705293277,0.3776824034334764
3711,0.83,5.17625,0.06912732474964235,0.3570815450643777
3712,0.9,5.1925,0.07498712446351932,0.3891273247496424
3713,0.8575,5.18125,0.07205722460658083,0.37539341917024327
3714,0.9325,5.205,0.07773390557939915,0.40515021459227474
3715,0.84,5.2025,0.07004291845493563,0.3639484978540773
3716,1.185,5.16625,0.10391988555078685,0.5356223175965666
3717,0.8,5.18625,0.0666552217453505,0.34563662374821175
3718,0.9875,5.20125,0.08231187410586553,0.4280400572246066
3719,0.97,5.17,0.06711301859799715,0.34792560801144495
3720,0.9825,5.17625,0.06537339055793992,0.33648068669527903
3721,0.8525,5.1975,0.07105007153075824,0.36852646638054365
3722,0.7675,5.20375,0.07251502145922747,0.3776824034334764
3723,0.88,5.1875,0.06253505007153076,0.32732474964234626
3724,0.815,5.18125,0.06793705293276109,0.35250357653791137
3725,0.915,5.17625,0.06418311874105866,0.3341917024320458
3726,0.985,5.17625,0.06500715307582261,0.33648068669527903
3727,0.7975,5.18,0.06647210300429185,0.34563662374821175
3728,0.8375,5.19125,0.06482403433476396,0.33648068669527903
3729,0.9225,5.17625,0.06647210300429185,0.34563662374821175
3730,0.925,5.2025,0.07709298998569386,0.4005722460658083
3731,0.9825,5.18125,0.07745922746781117,0.4005722460658083
3732,0.79,5.2025,0.08496709585121603,0.44177396280400577
3733,0.975,5.19375,0.0812131616595136,0.421173104434907
3734,0.92,5.18375,0.07663519313304722,0.35937052932761093
3735,0.9,5.1875,0.06793705293276109,0.35250357653791137
3736,0.88,5.19,0.07333905579399143,0.3776824034334764
3737,0.7375,5.175,0.06143633762517883,0.3181688125894135
3738,0.8425,5.19125,0.06335908440629472,0.32961373390557946
3739,0.755,5.1725,0.06290128755364807,0.32732474964234626
3740,0.8275,5.18125,0.0689442060085837,0.3570815450643777
3741,0.88,5.1775,0.06519027181688127,0.33648068669527903
3742,0.895,5.195,0.07462088698140201,0.3868383404864092
3743,0.8225,5.19875,0.06857796852646639,0.3570815450643777
3744,0.8225,5.18875,0.07288125894134478,0.3776824034334764
3745,0.92,5.20625,0.07663519313304722,0.3982832618025752
3746,1.045,5.19125,0.08707296137339057,0.4532188841201717
3747,0.9975,5.17125,0.07205722460658083,0.37081545064377686
3748,0.7875,5.175,0.06564806866952791,0.3410586552217454
3749,0.84,5.19,0.07004291845493563,0.3639484978540773
3750,0.9025,5.17875,0.07397997138769671,0.38226037195994284
3751,0.87,5.17625,0.07251502145922747,0.37539341917024327
3752,0.7575,5.1725,0.06308440629470673,0.32732474964234626
3753,0.855,5.18625,0.06271816881258942,0.32732474964234626
3754,0.765,5.17375,0.06372532188841203,0.32961373390557946
3755,0.78,5.17375,0.06500715307582261,0.33648068669527903
3756,0.8075,5.1975,0.06583118741058656,0.3410586552217454
3757,0.765,5.17375,0.06372532188841203,0.32961373390557946
3758,0.88,5.19125,0.07333905579399143,0.38226037195994284
3759,0.92,5.175,0.064,0.32961373390557946
3760,0.74,5.2,0.07837482117310444,0.4097281831187411
3761,1.07,5.1675,0.0891788268955651,0.46237482117310447
3762,0.8875,5.18375,0.07727610872675252,0.4005722460658083
3763,0.9775,5.16875,0.0666552217453505,0.34563662374821175
3764,0.8175,5.16875,0.06812017167381974,0.35250357653791137
3765,0.7825,5.2,0.0835021459227468,0.4349070100143062
3766,0.8875,5.1825,0.07581115879828328,0.3937052932761088
3767,0.78,5.1725,0.06500715307582261,0.33648068669527903
3768,0.77,5.20375,0.07709298998569386,0.4005722460658083
3769,0.8325,5.19375,0.064,0.3341917024320458
3770,0.7625,5.1725,0.06354220314735337,0.32961373390557946
3771,0.84,5.19125,0.06335908440629472,0.32961373390557946
3772,0.89,5.17625,0.06583118741058656,0.3410586552217454
3773,0.865,5.18875,0.07205722460658083,0.37539341917024327
3774,0.9275,5.1725,0.07727610872675252,0.32732474964234626
3775,0.7675,5.195,0.07517024320457798,0.3891273247496424
3776,1.3025,5.1725,0.10849785407725324,0.5630901287553648
3777,0.795,5.16625,0.0662889842632332,0.3410586552217454
3778,0.7975,5.19375,0.08185407725321889,0.4234620886981402
3779,0.9625,5.19125,0.080206008583691,0.41659513590844066
3780,0.9225,5.185,0.0769098712446352,0.3982832618025752
3781,0.87,5.19625,0.07059227467811159,0.36852646638054365
3782,0.74,5.18625,0.061711015736766815,0.3181688125894135
3783,0.735,5.1775,0.06125321888412018,0.3181688125894135
3784,0.8825,5.1825,0.06143633762517883,0.3181688125894135
3785,0.815,5.1825,0.06793705293276109,0.35250357653791137
3786,0.9275,5.1975,0.07727610872675252,0.4005722460658083
3787,0.78,5.1925,0.0762689556509299,0.3982832618025752
3788,0.925,5.20625,0.07709298998569386,0.4005722460658083
3789,0.7375,5.1775,0.06143633762517883,0.3181688125894135
3790,0.77,5.2025,0.069585121602289,0.3639484978540773
3791,1.1875,5.1675,0.09897567954220315,0.5104434907010015
3792,1.0175,5.1975,0.08478397711015738,0.44177396280400577
3793,0.935,5.17875,0.08148783977110158,0.4234620886981402
3794,0.85,5.17375,0.07086695278969958,0.36852646638054365
3795,0.79,5.17125,0.06583118741058656,0.3410586552217454
3796,0.79,5.195,0.07974821173104436,0.4120171673819743
3797,0.9675,5.19125,0.08066380543633764,0.421173104434907
3798,0.8525,5.1875,0.07105007153075824,0.36852646638054365
3799,0.9425,5.1725,0.06253505007153076,0.32274678111587984
3800,0.8175,5.19375,0.07397997138769671,0.38226037195994284
3801,0.9375,5.2025,0.07810014306151646,0.40515021459227474
3802,0.7925,5.18875,0.07333905579399143,0.3776824034334764
3803,0.7325,5.20125,0.07773390557939915,0.40515021459227474
3804,0.915,5.2025,0.0762689556509299,0.3982832618025752
3805,0.81,5.1875,0.07352217453505008,0.38226037195994284
3806,1.115,5.18375,0.09229184549356224,0.48068669527897
3807,0.8875,5.1775,0.07397997138769671,0.38226037195994284
3808,0.8025,5.20125,0.07874105865522175,0.4097281831187411
3809,0.7825,5.2025,0.08542489270386266,0.44635193133047213
3810,0.9425,5.1875,0.0785579399141631,0.4097281831187411
3811,0.7825,5.20125,0.08185407725321889,0.4280400572246066
3812,0.74,5.205,0.07581115879828328,0.3937052932761088
3813,0.8525,5.2025,0.07105007153075824,0.37081545064377686
3814,0.77,5.19375,0.07562804005722461,0.3937052932761088
3815,0.745,5.2075,0.07416309012875537,0.3868383404864092
3816,0.745,5.18875,0.062077253218884125,0.32274678111587984
3817,0.8175,5.17375,0.06812017167381974,0.35250357653791137
3818,0.7675,5.19125,0.07434620886981402,0.3868383404864092
3819,0.915,5.20375,0.0762689556509299,0.3982832618025752
3820,0.8425,5.205,0.07022603719599428,0.3639484978540773
3821,0.8825,5.195,0.09000286123032905,0.46924177396280403
3822,0.7975,5.16875,0.06647210300429185,0.34563662374821175
3823,0.79,5.18375,0.06583118741058656,0.3410586552217454
3824,0.95,5.17375,0.07123319027181689,0.36852646638054365
3825,0.7875,5.17125,0.06564806866952791,0.3410586552217454
3826,0.7825,5.18125,0.06519027181688127,0.33648068669527903
3827,0.7775,5.2025,0.08038912732474965,0.421173104434907
3828,0.7275,5.18,0.060612303290414886,0.3158798283261803
3829,0.8225,5.1825,0.06857796852646639,0.3570815450643777
3830,0.9075,5.1725,0.06372532188841203,0.32961373390557946
3831,0.8675,5.19,0.07233190271816882,0.37539341917024327
3832,0.8925,5.20125,0.07434620886981402,0.3868383404864092
3833,0.74,5.20625,0.07608583690987125,0.3982832618025752
3834,0.7625,5.195,0.06354220314735337,0.32961373390557946
3835,0.735,5.18,0.06125321888412018,0.3181688125894135
3836,0.8825,5.1975,0.09128469241773964,0.47610872675250365
3837,0.915,5.1825,0.0762689556509299,0.3937052932761088
3838,0.7925,5.18625,0.06601430615164522,0.3410586552217454
3839,0.82,5.19,0.08066380543633764,0.421173104434907
3840,0.955,5.18875,0.07956509298998571,0.4120171673819743
3841,0.9525,5.19,0.07938197424892705,0.4120171673819743
3842,0.93,5.17625,0.06125321888412018,0.3181688125894135
3843,0.8975,5.17625,0.0662889842632332,0.3410586552217454
3844,0.8775,5.19125,0.07315593705293277,0.3776824034334764
3845,0.81,5.18625,0.07059227467811159,0.36852646638054365
3846,0.73,5.205,0.07773390557939915,0.40515021459227474
3847,0.8325,5.20375,0.06940200286123034,0.35937052932761093
3848,0.7475,5.20625,0.07544492131616595,0.3937052932761088
3849,0.8575,5.1875,0.061711015736766815,0.3181688125894135
3850,0.7425,5.17375,0.06189413447782547,0.3181688125894135
3851,1.005,5.17875,0.08148783977110158,0.4234620886981402
3852,0.84,5.1975,0.07352217453505008,0.38226037195994284
3853,0.905,5.19875,0.07544492131616595,0.3937052932761088
3854,0.9525,5.17125,0.06857796852646639,0.3570815450643777
3855,0.98,5.17125,0.06537339055793992,0.33648068669527903
3856,0.9175,5.20375,0.07645207439198856,0.3982832618025752
3857,0.865,5.18125,0.07205722460658083,0.37539341917024327
3858,0.735,5.205,0.0785579399141631,0.4097281831187411
3859,0.755,5.18875,0.06290128755364807,0.32732474964234626
3860,0.8,5.17875,0.0666552217453505,0.34563662374821175
3861,0.7575,5.205,0.07288125894134478,0.3776824034334764
3862,0.75,5.1725,0.06253505007153076,0.32274678111587984
3863,0.7625,5.175,0.06354220314735337,0.32961373390557946
3864,0.8775,5.1875,0.06079542203147354,0.3158798283261803
3865,0.81,5.18125,0.06747925608011446,0.34792560801144495
3866,1.0475,5.175,0.08725608011444923,0.45092989985693854
3867,0.905,5.19,0.0683032904148784,0.3570815450643777
3868,0.9675,5.195,0.08066380543633764,0.421173104434907
3869,0.8275,5.17125,0.0689442060085837,0.3570815450643777
3870,0.8275,5.2,0.07434620886981402,0.3868383404864092
3871,0.975,5.20125,0.0812131616595136,0.4234620886981402
3872,0.9525,5.2,0.07938197424892705,0.4120171673819743
3873,0.895,5.1775,0.06876108726752504,0.3570815450643777
3874,0.94,5.2,0.07837482117310444,0.4097281831187411
3875,0.7525,5.19,0.06271816881258942,0.32732474964234626
3876,0.765,5.205,0.07187410586552218,0.37539341917024327
3877,0.7375,5.18375,0.06143633762517883,0.3181688125894135
3878,0.8475,5.18625,0.07059227467811159,0.36852646638054365
3879,0.9325,5.17375,0.06125321888412018,0.3181688125894135
3880,0.7775,5.175,0.06482403433476396,0.3341917024320458
3881,0.9875,5.17,0.08231187410586553,0.4234620886981402
3882,0.91,5.18625,0.0662889842632332,0.34563662374821175
3883,0.82,5.2,0.07315593705293277,0.3776824034334764
3884,0.8225,5.18875,0.06857796852646639,0.3570815450643777
3885,0.8475,5.18625,0.07645207439198856,0.3982832618025752
3886,0.91,5.185,0.07663519313304722,0.3982832618025752
3887,0.8975,5.1925,0.07480400572246067,0.3891273247496424
3888,0.9275,5.1725,0.064,0.32961373390557946
3889,0.86,5.18375,0.0683032904148784,0.35250357653791137
3890,0.9075,5.195,0.07562804005722461,0.3937052932761088
3891,0.9375,5.17375,0.06271816881258942,0.32732474964234626
3892,0.91,5.175,0.06519027181688127,0.33648068669527903
3893,0.815,5.18125,0.06793705293276109,0.35250357653791137
3894,0.8675,5.18125,0.07269814020028613,0.37539341917024327
3895,0.7275,5.20375,0.07773390557939915,0.40515021459227474
3896,1.005,5.18375,0.08377682403433477,0.4349070100143062
3897,0.965,5.17375,0.08038912732474965,0.33648068669527903
3898,0.93,5.1875,0.07004291845493563,0.3639484978540773
3899,0.8075,5.19125,0.0672961373390558,0.34792560801144495
3900,0.9525,5.20375,0.07938197424892705,0.4120171673819743
3901,1.08,5.16625,0.0666552217453505,0.34563662374821175
3902,0.77,5.17625,0.06418311874105866,0.3341917024320458
3903,0.925,5.19875,0.07709298998569386,0.4005722460658083
3904,0.76,5.19375,0.07608583690987125,0.3937052932761088
3905,0.785,5.195,0.06537339055793992,0.3410586552217454
3906,0.8225,5.17,0.06857796852646639,0.3570815450643777
3907,0.9225,5.1725,0.062077253218884125,0.32274678111587984
3908,0.875,5.18625,0.07288125894134478,0.3776824034334764
3909,0.9425,5.2,0.0785579399141631,0.4097281831187411
3910,0.81,5.1875,0.07187410586552218,0.37081545064377686
3911,1.1175,5.18,0.09311587982832618,0.4829756795422032
3912,0.785,5.1825,0.06537339055793992,0.33648068669527903
3913,0.885,5.18125,0.07462088698140201,0.3868383404864092
3914,0.88,5.1775,0.07333905579399143,0.3776824034334764
3915,0.7975,5.17,0.06647210300429185,0.34563662374821175
3916,0.7975,5.19375,0.08148783977110158,0.4234620886981402
3917,0.86,5.185,0.07169098712446352,0.37081545064377686
3918,0.945,5.205,0.07874105865522175,0.4097281831187411
3919,0.7375,5.2,0.07773390557939915,0.40515021459227474
3920,0.8925,5.20625,0.07434620886981402,0.3868383404864092
3921,0.755,5.1725,0.06290128755364807,0.32732474964234626
3922,0.7875,5.2,0.0672961373390558,0.34792560801144495
3923,0.8675,5.1825,0.060612303290414886,0.3158798283261803
3924,0.7925,5.17875,0.06601430615164522,0.3410586552217454
3925,0.875,5.18625,0.06372532188841203,0.32961373390557946
3926,0.9775,5.17375,0.0762689556509299,0.3937052932761088
3927,0.8525,5.19625,0.07105007153075824,0.36852646638054365
3928,0.9875,5.16875,0.06647210300429185,0.34563662374821175
3929,0.985,5.17125,0.07004291845493563,0.3639484978540773
3930,0.8075,5.16875,0.0672961373390558,0.34792560801144495
3931,0.79,5.2025,0.07956509298998571,0.4120171673819743
3932,0.7675,5.195,0.07544492131616595,0.3937052932761088
3933,0.9175,5.20625,0.07645207439198856,0.3982832618025752
3934,0.7275,5.20375,0.0779170243204578,0.40515021459227474
3935,0.88,5.185,0.061711015736766815,0.3181688125894135
3936,0.7775,5.17625,0.06482403433476396,0.3341917024320458
3937,0.8275,5.19625,0.06482403433476396,0.33648068669527903
3938,0.7475,5.19875,0.0769098712446352,0.4005722460658083
3939,0.9325,5.195,0.07773390557939915,0.40515021459227474
3940,0.7975,5.19,0.06647210300429185,0.34563662374821175
3941,0.875,5.2025,0.08084692417739629,0.421173104434907
3942,0.91,5.18375,0.07581115879828328,0.3937052932761088
3943,0.895,5.18125,0.07462088698140201,0.3868383404864092
3944,0.8275,5.2,0.07709298998569386,0.4005722460658083
3945,0.9875,5.2025,0.08231187410586553,0.4280400572246066
3946,0.9425,5.185,0.0785579399141631,0.4097281831187411
3947,0.7625,5.20375,0.07123319027181689,0.37081545064377686
3948,0.7475,5.17375,0.06226037195994278,0.32274678111587984
3949,0.78,5.17625,0.06500715307582261,0.33648068669527903
3950,0.915,5.17875,0.06079542203147354,0.3158798283261803
3951,0.7825,5.17625,0.06519027181688127,0.33648068669527903
3952,0.935,5.1975,0.0779170243204578,0.40515021459227474
3953,0.87,5.17875,0.06876108726752504,0.3570815450643777
3954,0.9275,5.2,0.07727610872675252,0.4005722460658083
3955,0.895,5.2075,0.07462088698140201,0.3891273247496424
3956,0.78,5.20375,0.07892417739628041,0.4120171673819743
3957,0.845,5.17125,0.07040915593705294,0.3639484978540773
3958,0.7875,5.18375,0.06564806866952791,0.3410586552217454
3959,0.78,5.2,0.08249499284692419,0.4280400572246066
3960,0.9725,5.20375,0.08103004291845495,0.421173104434907
3961,0.935,5.185,0.0779170243204578,0.40515021459227474
3962,0.9275,5.17625,0.06125321888412018,0.3181688125894135
3963,0.865,5.17625,0.07205722460658083,0.37081545064377686
3964,0.8975,5.19125,0.07480400572246067,0.3891273247496424
3965,0.9275,5.17375,0.061711015736766815,0.3181688125894135
3966,0.7325,5.205,0.07810014306151646,0.40515021459227474
3967,0.8375,5.20375,0.06976824034334765,0.3639484978540773
3968,0.7275,5.20375,0.07745922746781117,0.4005722460658083
3969,0.845,5.20375,0.07123319027181689,0.37081545064377686
3970,0.735,5.18125,0.06125321888412018,0.3181688125894135
3971,0.7775,5.205,0.07874105865522175,0.4097281831187411
3972,0.8575,5.1875,0.07745922746781117,0.4005722460658083
3973,0.8775,5.17875,0.07315593705293277,0.3776824034334764
3974,0.845,5.195,0.07105007153075824,0.36852646638054365
3975,0.8125,5.2,0.07462088698140201,0.3868383404864092
3976,0.975,5.20125,0.0812131616595136,0.4234620886981402
3977,0.8075,5.18875,0.07187410586552218,0.37081545064377686
3978,0.7275,5.2025,0.07709298998569386,0.4005722460658083
3979,0.9025,5.20625,0.07517024320457798,0.3891273247496424
3980,0.73,5.19875,0.06079542203147354,0.3158798283261803
3981,0.785,5.20125,0.0683032904148784,0.3570815450643777
3982,0.7725,5.17625,0.06436623748211731,0.3341917024320458
3983,0.8025,5.18,0.06683834048640916,0.34563662374821175
3984,0.9475,5.1725,0.06143633762517883,0.3181688125894135
3985,0.9275,5.20375,0.07727610872675252,0.4005722460658083
3986,0.7775,5.18625,0.06482403433476396,0.33648068669527903
3987,0.9325,5.17625,0.07169098712446352,0.37081545064377686
3988,0.855,5.17625,0.07123319027181689,0.36852646638054365
3989,0.87,5.16625,0.07251502145922747,0.37539341917024327
3990,0.795,5.195,0.08148783977110158,0.4234620886981402
3991,0.9475,5.19,0.07892417739628041,0.4097281831187411
3992,0.9225,5.2,0.0769098712446352,0.4005722460658083
3993,0.86,5.18125,0.06857796852646639,0.3570815450643777
3994,0.9325,5.19875,0.07773390557939915,0.40515021459227474
3995,0.775,5.19375,0.06454935622317597,0.3341917024320458
3996,0.8075,5.19625,0.06454935622317597,0.3341917024320458
3997,0.7625,5.17375,0.06354220314735337,0.32961373390557946
3998,0.825,5.185,0.06876108726752504,0.3570815450643777
3999,0.935,5.175,0.06189413447782547,0.3181688125894135
4000,0.7675,5.17375,0.064,0.32961373390557946
4001,0.805,5.17375,0.06711301859799715,0.34792560801144495
4002,0.97,5.17,0.06647210300429185,0.34563662374821175
4003,0.81,5.19125,0.06747925608011446,0.34792560801144495
4004,0.8475,5.19625,0.07059227467811159,0.36852646638054365
4005,0.9625,5.1725,0.06912732474964235,0.3570815450643777
4006,0.9525,5.17,0.06601430615164522,0.3410586552217454
4007,0.88,5.18875,0.07333905579399143,0.3776824034334764
4008,0.9125,5.17625,0.06482403433476396,0.3341917024320458
4009,0.7825,5.19,0.07269814020028613,0.3776824034334764
4010,0.8425,5.18375,0.07022603719599428,0.3639484978540773
4011,0.8625,5.19625,0.1110615164520744,0.576824034334764
4012,0.8925,5.17625,0.06482403433476396,0.3341917024320458
4013,0.8975,5.19375,0.07480400572246067,0.3891273247496424
4014,0.92,5.17375,0.06335908440629472,0.32732474964234626
4015,0.73,5.20375,0.07709298998569386,0.4005722460658083
4016,0.875,5.205,0.07288125894134478,0.3776824034334764
4017,0.965,5.17375,0.06857796852646639,0.3570815450643777
4018,0.9225,5.17875,0.06436623748211731,0.3341917024320458
4019,0.775,5.17875,0.06454935622317597,0.3341917024320458
4020,0.785,5.19625,0.06537339055793992,0.4234620886981402
4021,0.8,5.19375,0.08103004291845495,0.421173104434907
4022,0.9175,5.19625,0.07645207439198856,0.3982832618025752
4023,0.7275,5.175,0.060612303290414886,0.3158798283261803
4024,0.7675,5.20375,0.06976824034334765,0.3639484978540773
4025,0.7325,5.18125,0.06107010014306152,0.3158798283261803
4026,0.7525,5.1725,0.06271816881258942,0.32732474964234626
4027,0.775,5.2025,0.06857796852646639,0.3570815450643777
4028,0.74,5.1725,0.061711015736766815,0.3181688125894135
4029,0.845,5.18625,0.07040915593705294,0.3639484978540773
4030,0.7475,5.20625,0.07416309012875537,0.3868383404864092
4031,0.73,5.17875,0.06079542203147354,0.3158798283261803
4032,0.9225,5.18625,0.0769098712446352,0.3982832618025752
4033,0.8275,5.19875,0.07288125894134478,0.3776824034334764
4034,0.85,5.19625,0.07086695278969958,0.36852646638054365
4035,1.85,5.09625,0.15418597997138772,0.7874105865522176
4036,0.7875,5.195,0.08441773962804007,0.4394849785407726
4037,0.835,5.18375,0.069585121602289,0.35937052932761093
4038,0.9225,5.1975,0.0769098712446352,0.4005722460658083
4039,0.885,5.17875,0.0672961373390558,0.34792560801144495
4040,0.9325,5.2025,0.07773390557939915,0.40515021459227474
4041,0.8825,5.2075,0.07352217453505008,0.38226037195994284
4042,0.735,5.20625,0.07663519313304722,0.3982832618025752
4043,0.79,5.1975,0.06583118741058656,0.3410586552217454
4044,0.7425,5.17375,0.06189413447782547,0.3181688125894135
4045,0.7975,5.2,0.06647210300429185,0.34563662374821175
4046,0.9075,5.17625,0.06454935622317597,0.3341917024320458
4047,0.9325,5.2025,0.07773390557939915,0.40515021459227474
4048,0.9625,5.1725,0.06940200286123034,0.35937052932761093
4049,0.98,5.17125,0.06711301859799715,0.34792560801144495
4050,0.8375,5.175,0.06976824034334765,0.35937052932761093
4051,0.875,5.18875,0.06775393419170243,0.35250357653791137
4052,0.8425,5.18875,0.061711015736766815,0.3181688125894135
4053,0.73,5.17875,0.06079542203147354,0.3158798283261803
4054,0.745,5.205,0.07462088698140201,0.3891273247496424
4055,0.8875,5.1825,0.06042918454935623,0.3158798283261803
4056,0.815,5.18125,0.06793705293276109,0.35250357653791137
4057,0.9025,5.18,0.06079542203147354,0.3158798283261803
4058,0.745,5.1975,0.07645207439198856,0.3982832618025752
4059,0.825,5.205,0.06876108726752504,0.3570815450643777
4060,0.81,5.19,0.07645207439198856,0.3982832618025752
4061,1.3525,5.16375,0.1020886981402003,0.528755364806867
4062,0.8475,5.195,0.07059227467811159,0.36852646638054365
4063,0.9175,5.17625,0.07645207439198856,0.3982832618025752
4064,0.9625,5.17375,0.06940200286123034,0.35937052932761093
4065,0.805,5.17,0.06711301859799715,0.34792560801144495
4066,0.7775,5.17625,0.06482403433476396,0.3341917024320458
4067,0.77,5.19125,0.07370529327610874,0.38226037195994284
4068,0.92,5.205,0.07663519313304722,0.3982832618025752
4069,0.7275,5.1825,0.060612303290414886,0.3158798283261803
4070,0.83,5.195,0.07004291845493563,0.3639484978540773
4071,0.745,5.1725,0.062077253218884125,0.32274678111587984
4072,0.785,5.1775,0.06537339055793992,0.33648068669527903
4073,0.8975,5.18125,0.06042918454935623,0.3113018597997139
4074,0.85,5.18625,0.07086695278969958,0.36852646638054365
4075,0.9275,5.2025,0.07727610872675252,0.4005722460658083
4076,0.875,5.18,0.06683834048640916,0.34563662374821175
4077,0.8,5.1875,0.0666552217453505,0.34563662374821175
4078,0.9325,5.20375,0.07773390557939915,0.40515021459227474
4079,0.9175,5.1775,0.07187410586552218,0.37081545064377686
4080,0.975,5.17625,0.0812131616595136,0.421173104434907
4081,0.7825,5.18125,0.06519027181688127,0.33648068669527903
4082,0.725,5.20375,0.07745922746781117,0.4005722460658083
4083,0.8875,5.205,0.07397997138769671,0.3868383404864092
4084,0.7825,5.19875,0.06519027181688127,0.33648068669527903
4085,0.7275,5.2025,0.07874105865522175,0.4097281831187411
4086,0.9225,5.20625,0.0769098712446352,0.4005722460658083
4087,0.845,5.2025,0.07040915593705294,0.36852646638054365
4088,0.735,5.2075,0.07919885550786838,0.4120171673819743
4089,0.7875,5.2,0.06711301859799715,0.34792560801144495
4090,0.7275,5.18,0.060612303290414886,0.3158798283261803
4091,0.75,5.205,0.07269814020028613,0.3776824034334764
4092,0.7875,5.19875,0.08103004291845495,0.421173104434907
4093,0.885,5.18125,0.07370529327610874,0.38226037195994284
4094,0.86,5.19125,0.0683032904148784,0.3570815450643777
4095,0.8225,5.19875,0.07251502145922747,0.3776824034334764
4096,0.8225,5.19375,0.06857796852646639,0.3570815450643777
4097,0.7525,5.20625,0.07608583690987125,0.3982832618025752
4098,0.91,5.18,0.06079542203147354,0.3158798283261803
4099,0.8475,5.1875,0.07059227467811159,0.36852646638054365
4100,0.86,5.18125,0.06793705293276109,0.35250357653791137
4101,0.73,5.205,0.07709298998569386,0.4005722460658083
4102,0.79,5.19875,0.06583118741058656,0.3410586552217454
4103,0.7325,5.2,0.06107010014306152,0.3158798283261803
4104,0.8025,5.1975,0.06482403433476396,0.33648068669527903
4105,0.815,5.1825,0.06793705293276109,0.35250357653791137
4106,0.9125,5.2075,0.07608583690987125,0.3982832618025752
4107,0.8875,5.1975,0.08395994277539343,0.4349070100143062
4108,0.8525,5.1975,0.07105007153075824,0.36852646638054365
4109,0.895,5.19625,0.07462088698140201,0.3868383404864092
4110,0.9575,5.17125,0.0683032904148784,0.35250357653791137
4111,0.9975,5.18375,0.08313590844062949,0.43032904148783985
4112,0.725,5.18375,0.06042918454935623,0.3158798283261803
4113,0.7675,5.2025,0.07974821173104436,0.41659513590844066
4114,0.7725,5.195,0.06436623748211731,0.3341917024320458
4115,0.79,5.17875,0.06583118741058656,0.3410586552217454
4116,0.9425,5.17375,0.06189413447782547,0.3181688125894135
4117,0.98,5.19375,0.08167095851216023,0.4234620886981402
4118,0.735,5.175,0.06125321888412018,0.3181688125894135
4119,0.7825,5.2,0.06711301859799715,0.34792560801144495
4120,0.7475,5.18875,0.06226037195994278,0.32274678111587984
4121,0.855,5.18875,0.07123319027181689,0.37081545064377686
4122,0.7975,5.2025,0.07810014306151646,0.40515021459227474
4123,0.955,5.2025,0.07956509298998571,0.4120171673819743
4124,0.975,5.2025,0.0812131616595136,0.4234620886981402
4125,0.975,5.1725,0.06500715307582261,0.33648068669527903
4126,0.8125,5.19,0.06775393419170243,0.35250357653791137
4127,0.7325,5.17375,0.06107010014306152,0.3158798283261803
4128,0.8025,5.1975,0.06482403433476396,0.33648068669527903
4129,0.85,5.18125,0.0689442060085837,0.3570815450643777
4130,0.9275,5.20625,0.07727610872675252,0.4005722460658083
4131,0.905,5.175,0.06372532188841203,0.32961373390557946
4132,0.7275,5.205,0.07773390557939915,0.40515021459227474
4133,0.8325,5.20375,0.06940200286123034,0.35937052932761093
4134,0.7375,5.20625,0.07645207439198856,0.3982832618025752
4135,0.84,5.19,0.06253505007153076,0.32732474964234626
4136,0.7525,5.17375,0.06271816881258942,0.32732474964234626
4137,0.775,5.2,0.08249499284692419,0.4280400572246066
4138,0.9875,5.16875,0.0672961373390558,0.34792560801144495
4139,0.8225,5.1725,0.06857796852646639,0.3570815450643777
4140,0.7875,5.20125,0.07810014306151646,0.40515021459227474
4141,0.8175,5.1975,0.08212875536480688,0.4280400572246066
4142,0.9075,5.195,0.07562804005722461,0.3937052932761088
4143,0.905,5.17625,0.07544492131616595,0.33648068669527903
4144,0.725,5.205,0.07745922746781117,0.40515021459227474
4145,0.7225,5.1825,0.060246065808297576,0.3113018597997139
4146,0.81,5.18,0.06747925608011446,0.34792560801144495
4147,0.91,5.17625,0.06107010014306152,0.3158798283261803
4148,0.7725,5.1775,0.06436623748211731,0.3341917024320458
4149,0.7875,5.1775,0.06564806866952791,0.3410586552217454
4150,0.92,5.175,0.06519027181688127,0.33648068669527903
4151,0.93,5.1975,0.07745922746781117,0.4005722460658083
4152,0.8475,5.18125,0.07059227467811159,0.36852646638054365
4153,0.8475,5.185,0.0762689556509299,0.3937052932761088
4154,0.885,5.18,0.07370529327610874,0.38226037195994284
4155,0.8175,5.17125,0.06812017167381974,0.35250357653791137
4156,0.7925,5.20375,0.07874105865522175,0.4097281831187411
4157,0.935,5.1975,0.0779170243204578,0.40515021459227474
4158,0.825,5.20375,0.06876108726752504,0.3570815450643777
4159,0.7325,5.2,0.07745922746781117,0.4005722460658083
4160,0.825,5.2025,0.06876108726752504,0.3570815450643777
4161,0.7675,5.17,0.064,0.32961373390557946
4162,0.7425,5.1975,0.07562804005722461,0.3937052932761088
4163,0.865,5.205,0.07205722460658083,0.37539341917024327
4164,0.725,5.18,0.06042918454935623,0.3113018597997139
4165,0.8475,5.19125,0.06271816881258942,0.32732474964234626
4166,0.8125,5.18125,0.06775393419170243,0.35250357653791137
4167,0.885,5.18875,0.07370529327610874,0.38226037195994284
4168,0.855,5.185,0.07581115879828328,0.3937052932761088
4169,0.9825,5.17,0.06747925608011446,0.34792560801144495
4170,0.8,5.17125,0.0666552217453505,0.34563662374821175
4171,0.7925,5.2025,0.0779170243204578,0.40515021459227474
4172,0.87,5.18375,0.07086695278969958,0.36852646638054365
4173,0.865,5.18875,0.07205722460658083,0.37539341917024327
4174,0.89,5.17625,0.06500715307582261,0.33648068669527903
4175,0.78,5.19875,0.07745922746781117,0.4005722460658083
4176,0.905,5.205,0.07544492131616595,0.3937052932761088
4177,0.8175,5.1875,0.07123319027181689,0.37081545064377686
4178,0.7975,5.18875,0.07187410586552218,0.37081545064377686
4179,0.9175,5.205,0.07645207439198856,0.3982832618025752
4180,0.7275,5.20375,0.07810014306151646,0.40515021459227474
4181,0.8,5.19875,0.06583118741058656,0.3410586552217454
4182,0.9025,5.18375,0.07517024320457798,0.3891273247496424
4183,0.8575,5.19375,0.06857796852646639,0.3570815450643777
4184,0.8275,5.2025,0.07727610872675252,0.4005722460658083
4185,0.9475,5.2025,0.07892417739628041,0.4097281831187411
4186,0.975,5.20375,0.0812131616595136,0.4234620886981402
4187,0.7875,5.19,0.07288125894134478,0.3776824034334764
4188,0.895,5.2075,0.07462088698140201,0.3891273247496424
4189,0.78,5.19875,0.06500715307582261,0.33648068669527903
4190,0.73,5.20625,0.0769098712446352,0.4005722460658083
4191,0.895,5.18875,0.07462088698140201,0.3868383404864092
4192,1.685,5.15125,0.14045207439198856,0.7233190271816882
4193,2.81,5.09125,0.18916165951359087,0.9636623748211732
4194,3.14,5.04125,0.2616766809728183,1.320743919885551
4195,3.38,4.98625,0.28163662374821175,1.4031473533619458
4196,2.8625,5.05125,0.25664091559370533,1.297854077253219
4197,5.0625,4.91,0.4219055793991417,2.069241773962804
4198,5.075,4.9075,0.4229127324749643,2.073819742489271
4199,5.12,4.90625,0.4266666666666667,2.0921316165951365
4200,5.1075,4.9075,0.4256595135908441,2.089842632331903
4201,5.12,4.90875,0.4266666666666667,2.0921316165951365
4202,5.135,4.9075,0.4260257510729614,2.089842632331903
4203,5.1175,4.90625,0.42648354792560805,2.0921316165951365
4204,5.1225,4.90875,0.4268497854077254,2.0967095851216024
4205,5.1425,4.905,0.42941344778254653,2.1081545064377685
4206,5.1475,4.905,0.4289556509298999,2.103576537911302
4207,5.145,4.90625,0.42877253218884126,2.103576537911302
4208,5.135,4.905,0.42831473533619463,2.101287553648069
4209,5.165,4.90625,0.4289556509298999,2.103576537911302
4210,5.155,4.905,0.4295965665236052,2.1081545064377685
4211,5.15,4.905,0.42831473533619463,2.101287553648069
4212,5.1425,4.905,0.42877253218884126,2.103576537911302
4213,5.155,4.90625,0.4295965665236052,2.1081545064377685
4214,5.135,4.90625,0.42849785407725327,2.103576537911302
4215,5.12,4.90625,0.4271244635193133,2.0967095851216024
4216,5.125,4.90625,0.4271244635193133,2.0967095851216024
4217,5.135,4.90625,0.42749070100143066,2.0967095851216024
4218,5.135,4.90625,0.4271244635193133,2.0967095851216024
4219,5.125,4.90625,0.4271244635193133,2.0967095851216024
4220,5.1525,4.905,0.42877253218884126,2.103576537911302
4221,5.1525,4.90625,0.4289556509298999,2.103576537911302
4222,5.1425,4.905,0.42849785407725327,2.101287553648069
4223,5.1675,4.90375,0.4279484978540773,2.101287553648069
4224,5.15,4.905,0.42877253218884126,2.103576537911302
4225,5.1525,4.90625,0.42941344778254653,2.1081545064377685
4226,5.155,4.90625,0.4295965665236052,2.1081545064377685
4227,5.1725,4.90625,0.42913876967095854,2.103576537911302
4228,5.145,4.90375,0.42877253218884126,2.103576537911302
4229,5.1625,4.90375,0.4302374821173105,2.1104434907010017
4230,5.14,4.90625,0.42977968526466387,2.1081545064377685
4231,5.145,4.905,0.42877253218884126,2.103576537911302
4232,5.145,4.905,0.42877253218884126,2.103576537911302
4233,5.1625,4.90375,0.42913876967095854,2.103576537911302
4234,5.1575,4.905,0.42977968526466387,2.1081545064377685
4235,5.1425,4.905,0.42849785407725327,2.101287553648069
4236,5.165,4.9075,0.4299628040057225,2.1104434907010017
4237,5.175,4.90375,0.4312446351931331,2.115021459227468
4238,5.1775,4.9075,0.43142775393419175,2.1195994277539345
4239,5.1575,4.90125,0.4289556509298999,2.103576537911302
4240,5.1675,4.905,0.4306037195994278,2.1104434907010017
4241,5.17,4.90375,0.43087839771101577,2.1104434907010017
4242,5.1525,4.905,0.42977968526466387,2.1081545064377685
4243,5.145,4.905,0.42877253218884126,2.103576537911302
4244,5.145,4.9025,0.42877253218884126,2.103576537911302
4245,5.18,4.90375,0.42877253218884126,2.103576537911302
4246,5.1525,4.90375,0.42941344778254653,2.103576537911302
4247,5.165,4.90625,0.43042060085836914,2.1104434907010017
4248,5.1825,4.905,0.4295965665236052,2.1081545064377685
4249,5.1525,4.90625,0.43042060085836914,2.1104434907010017
4250,5.135,4.90625,0.4279484978540773,2.101287553648069
4251,5.1475,4.90375,0.42977968526466387,2.1081545064377685
4252,5.1625,4.905,0.42941344778254653,2.1081545064377685
4253,5.16,4.90375,0.4299628040057225,2.1081545064377685
4254,5.1725,4.90375,0.4302374821173105,2.1104434907010017
4255,5.1675,4.905,0.42849785407725327,2.101287553648069
4256,5.145,4.9025,0.42877253218884126,2.103576537911302
4257,5.17,4.9025,0.4302374821173105,2.1081545064377685
4258,5.1375,4.9075,0.4306037195994278,2.1104434907010017
4259,5.1875,4.90375,0.4322517882689557,2.1195994277539345
4260,5.1675,4.9025,0.42913876967095854,2.103576537911302
4261,5.1575,4.905,0.4279484978540773,2.101287553648069
4262,5.145,4.905,0.42877253218884126,2.103576537911302
4263,5.175,4.90375,0.42977968526466387,2.1081545064377685
4264,5.135,4.9025,0.4306037195994278,2.1104434907010017
4265,5.165,4.905,0.43042060085836914,2.1104434907010017
4266,5.1475,4.90375,0.4289556509298999,2.103576537911302
4267,5.17,4.9025,0.4310615164520744,2.115021459227468
4268,5.15,4.90375,0.42913876967095854,2.103576537911302
4269,5.1675,4.9025,0.4306037195994278,2.1104434907010017
4270,5.1775,4.90375,0.4310615164520744,2.115021459227468
4271,5.16,4.90375,0.4299628040057225,2.1081545064377685
4272,5.14,4.90375,0.42831473533619463,2.101287553648069
4273,5.1725,4.90375,0.43087839771101577,2.1104434907010017
4274,5.16,4.90375,0.4299628040057225,2.1081545064377685
4275,5.1725,4.9025,0.4310615164520744,2.115021459227468
4276,5.175,4.9025,0.4310615164520744,2.115021459227468
4277,5.175,4.90625,0.4312446351931331,2.115021459227468
4278,5.1725,4.90375,0.4310615164520744,2.115021459227468
4279,5.1775,4.905,0.42977968526466387,2.1081545064377685
4280,5.18,4.905,0.43170243204577974,2.1195994277539345
4281,5.14,4.90375,0.42831473533619463,2.101287553648069
4282,5.155,4.905,0.42877253218884126,2.103576537911302
4283,5.185,4.90375,0.432068669527897,2.1195994277539345
4284,5.14,4.90375,0.42831473533619463,2.101287553648069
4285,5.1525,4.90375,0.4289556509298999,2.103576537911302
4286,5.1525,4.90375,0.42941344778254653,2.103576537911302
4287,5.1525,4.9025,0.42941344778254653,2.103576537911302
4288,5.1625,4.90625,0.4299628040057225,2.1081545064377685
4289,5.1875,4.905,0.4322517882689557,2.1195994277539345
4290,5.1725,4.90375,0.4310615164520744,2.115021459227468
4291,5.165,4.90375,0.42849785407725327,2.101287553648069
4292,5.16,4.90375,0.43170243204577974,2.115021459227468
4293,5.1725,4.905,0.4310615164520744,2.115021459227468
4294,5.15,4.90375,0.43042060085836914,2.1104434907010017
4295,5.1775,4.9025,0.4310615164520744,2.115021459227468
4296,5.1325,4.90375,0.4276738197424893,2.0967095851216024
4297,5.175,4.905,0.4310615164520744,2.115021459227468
4298,5.165,4.9025,0.43142775393419175,2.115021459227468
4299,5.145,4.905,0.42877253218884126,2.103576537911302
4300,5.165,4.905,0.42977968526466387,2.1081545064377685
4301,5.1475,4.90375,0.4318855507868384,2.1195994277539345
4302,5.185,4.90375,0.432068669527897,2.1195994277539345
4303,5.1675,4.90375,0.43042060085836914,2.1104434907010017
4304,5.145,4.905,0.4310615164520744,2.115021459227468
4305,5.1625,4.90375,0.4302374821173105,2.1104434907010017
4306,5.175,4.905,0.4312446351931331,2.115021459227468
4307,5.1725,4.90125,0.4322517882689557,2.1195994277539345
4308,5.15,4.90375,0.42913876967095854,2.103576537911302
4309,5.1625,4.90125,0.4302374821173105,2.1081545064377685
4310,5.1375,4.9025,0.43270958512160235,2.1218884120171677
4311,5.1525,4.9025,0.42941344778254653,2.103576537911302
4312,5.165,4.90375,0.43042060085836914,2.1104434907010017
4313,5.165,4.9025,0.43087839771101577,2.1104434907010017
4314,5.1525,4.90375,0.42941344778254653,2.103576537911302
4315,5.1475,4.90375,0.4289556509298999,2.103576537911302
4316,5.1675,4.90375,0.43087839771101577,2.1104434907010017
4317,5.19,4.90375,0.43252646638054365,2.1218884120171677
4318,5.1725,4.9025,0.4310615164520744,2.115021459227468
4319,5.1675,4.905,0.4312446351931331,2.115021459227468
4320,5.175,4.9025,0.4312446351931331,2.115021459227468
4321,5.175,4.90375,0.4312446351931331,2.115021459227468
4322,5.1375,4.9025,0.43270958512160235,2.1218884120171677
4323,5.1725,4.9025,0.4310615164520744,2.115021459227468
4324,5.165,4.9025,0.43042060085836914,2.1104434907010017
4325,5.1725,4.90625,0.43170243204577974,2.1195994277539345
4326,5.1925,4.90375,0.43270958512160235,2.1218884120171677
4327,5.175,4.90375,0.4312446351931331,2.115021459227468
4328,5.165,4.90375,0.43042060085836914,2.1104434907010017
4329,5.1475,4.905,0.4289556509298999,2.103576537911302
4330,5.125,4.90375,0.4271244635193133,2.0921316165951365
4331,5.17,4.9025,0.43142775393419175,2.115021459227468
4332,5.175,4.90375,0.42849785407725327,2.101287553648069
4333,5.17,4.9025,0.43087839771101577,2.1104434907010017
4334,5.1475,4.9025,0.43371673819742496,2.1264663805436337
4335,5.16,4.905,0.42941344778254653,2.1081545064377685
4336,5.135,4.905,0.4279484978540773,2.101287553648069
4337,5.1475,4.9025,0.43042060085836914,2.1104434907010017
4338,5.1475,4.90125,0.4306037195994278,2.1104434907010017
4339,5.1725,4.9025,0.4310615164520744,2.115021459227468
4340,5.16,4.90375,0.43270958512160235,2.1218884120171677
4341,5.1575,4.9025,0.4322517882689557,2.1195994277539345
4342,5.1875,4.90375,0.4322517882689557,2.1195994277539345
4343,5.1625,4.9025,0.43087839771101577,2.1104434907010017
4344,5.165,4.9025,0.4289556509298999,2.103576537911302
4345,5.145,4.9025,0.42877253218884126,2.103576537911302
4346,5.18,4.90375,0.43170243204577974,2.1195994277539345
4347,5.1725,4.9025,0.43270958512160235,2.1218884120171677
4348,5.1825,4.90375,0.4318855507868384,2.1195994277539345
4349,5.1775,4.905,0.43142775393419175,2.115021459227468
4350,5.1775,4.9025,0.4299628040057225,2.1081545064377685
4351,5.1575,4.9025,0.42977968526466387,2.1081545064377685
4352,5.175,4.90125,0.4312446351931331,2.115021459227468
4353,5.1675,4.9025,0.43042060085836914,2.1104434907010017
4354,5.17,4.9025,0.43087839771101577,2.1104434907010017
4355,5.16,4.9025,0.4299628040057225,2.1081545064377685
4356,5.18,4.9025,0.4322517882689557,2.1195994277539345
4357,5.165,4.90375,0.43042060085836914,2.1104434907010017
4358,5.2,4.90375,0.4333505007153076,2.1264663805436337
4359,5.18,4.90375,0.43087839771101577,2.1104434907010017
4360,5.18,4.9025,0.43170243204577974,2.115021459227468
4361,5.1725,4.9025,0.4310615164520744,2.115021459227468
4362,5.1575,4.9025,0.4312446351931331,2.115021459227468
4363,5.1775,4.9025,0.43142775393419175,2.115021459227468
4364,5.1475,4.90375,0.4289556509298999,2.103576537911302
4365,5.1575,4.9025,0.4312446351931331,2.115021459227468
4366,5.185,4.90375,0.432068669527897,2.1195994277539345
4367,5.15,4.90375,0.42913876967095854,2.103576537911302
4368,5.175,4.90375,0.42941344778254653,2.103576537911302
4369,5.15,4.9025,0.42913876967095854,2.103576537911302
4370,5.1475,4.9025,0.4289556509298999,2.103576537911302
4371,5.1925,4.90375,0.4302374821173105,2.1104434907010017
4372,5.185,4.90125,0.4312446351931331,2.115021459227468
4373,5.145,4.90375,0.42877253218884126,2.103576537911302
4374,5.1725,4.90375,0.4306037195994278,2.1104434907010017
4375,5.165,4.9025,0.4318855507868384,2.1195994277539345
4376,5.1725,4.90375,0.4310615164520744,2.115021459227468
4377,5.1475,4.9025,0.43142775393419175,2.115021459227468
4378,5.1575,4.90125,0.432892703862661,2.1218884120171677
4379,5.1775,4.90375,0.43142775393419175,2.115021459227468
4380,5.14,4.90375,0.4295965665236052,2.1081545064377685
4381,5.1825,4.90375,0.4299628040057225,2.1081545064377685
4382,5.1725,4.90375,0.4310615164520744,2.115021459227468
4383,5.1875,4.90375,0.4306037195994278,2.1104434907010017
4384,5.195,4.905,0.432068669527897,2.1195994277539345
4385,5.165,4.9025,0.43042060085836914,2.1104434907010017
4386,5.1825,4.90375,0.4318855507868384,2.1081545064377685
4387,5.1675,4.9025,0.42913876967095854,2.103576537911302
4388,5.155,4.90125,0.4295965665236052,2.103576537911302
4389,5.1775,4.90625,0.43142775393419175,2.115021459227468
4390,5.13,4.905,0.432068669527897,2.1195994277539345
4391,5.1875,4.9,0.4322517882689557,2.1195994277539345
4392,5.1525,4.90625,0.42941344778254653,2.1081545064377685
4393,5.175,4.90375,0.43142775393419175,2.115021459227468
4394,5.13,4.90375,0.42749070100143066,2.0967095851216024
4395,5.18,4.9025,0.43170243204577974,2.115021459227468
4396,5.1425,4.90375,0.4295965665236052,2.1081545064377685
4397,5.18,4.9025,0.43170243204577974,2.115021459227468
4398,5.1825,4.90375,0.4318855507868384,2.1195994277539345
4399,5.155,4.90375,0.43142775393419175,2.115021459227468
4400,5.19,4.905,0.43252646638054365,2.1218884120171677
4401,5.185,4.90375,0.432068669527897,2.1195994277539345
4402,5.18,4.90375,0.4299628040057225,2.1081545064377685
4403,5.165,4.90375,0.43042060085836914,2.1104434907010017
4404,5.1725,4.9025,0.4310615164520744,2.115021459227468
4405,5.1775,4.90375,0.43170243204577974,2.115021459227468
4406,5.1475,4.90375,0.4289556509298999,2.103576537911302
4407,5.16,4.9025,0.4299628040057225,2.1081545064377685
4408,5.21,4.90375,0.4295965665236052,2.1081545064377685
4409,5.17,4.90375,0.43087839771101577,2.1104434907010017
4410,5.1925,4.90125,0.43270958512160235,2.1218884120171677
4411,5.195,4.90375,0.42749070100143066,2.0967095851216024
4412,5.165,4.9025,0.43087839771101577,2.1104434907010017
4413,5.1725,4.905,0.4310615164520744,2.115021459227468
4414,5.12,4.90375,0.4299628040057225,2.1081545064377685
4415,5.13,4.90375,0.42913876967095854,2.103576537911302
4416,5.1675,4.9025,0.4306037195994278,2.1104434907010017
4417,5.1775,4.90375,0.42877253218884126,2.103576537911302
4418,5.1925,4.90375,0.4333505007153076,2.1264663805436337
4419,5.17,4.90375,0.43087839771101577,2.1104434907010017
4420,5.1325,4.9,0.43042060085836914,2.1081545064377685
4421,5.2175,4.9025,0.4306037195994278,2.1104434907010017
4422,5.15,4.9025,0.42913876967095854,2.103576537911302
4423,5.145,4.90375,0.4312446351931331,2.115021459227468
4424,5.175,4.90375,0.43142775393419175,2.115021459227468
4425,5.185,4.90375,0.432068669527897,2.1195994277539345
4426,5.165,4.9025,0.43042060085836914,2.1081545064377685
4427,5.1875,4.905,0.43252646638054365,2.1218884120171677
4428,5.1575,4.90375,0.42977968526466387,2.1081545064377685
4429,5.185,4.9025,0.432068669527897,2.1195994277539345
4430,5.1425,4.90375,0.4302374821173105,2.1104434907010017
4431,5.185,4.90125,0.432068669527897,2.1195994277539345
4432,5.155,4.90125,0.4295965665236052,2.103576537911302
4433,5.13,4.9025,0.43142775393419175,2.115021459227468
4434,5.1925,4.9025,0.43270958512160235,2.1218884120171677
4435,5.13,4.9025,0.42749070100143066,2.0967095851216024
4436,5.1525,4.90625,0.43087839771101577,2.115021459227468
4437,5.1825,4.90375,0.4318855507868384,2.1195994277539345
4438,5.1775,4.9,0.43142775393419175,2.115021459227468
4439,5.16,4.9025,0.43042060085836914,2.1104434907010017
4440,5.1475,4.90375,0.4289556509298999,2.103576537911302
4441,5.185,4.90375,0.432068669527897,2.1195994277539345
4442,5.1425,4.90375,0.42913876967095854,2.103576537911302
4443,5.1625,4.90375,0.4302374821173105,2.1104434907010017
4444,5.17,4.90625,0.43087839771101577,2.115021459227468
4445,5.1625,4.90375,0.43087839771101577,2.1104434907010017
4446,5.175,4.90375,0.4312446351931331,2.115021459227468
4447,5.175,4.9025,0.4312446351931331,2.115021459227468
4448,5.175,4.9025,0.4310615164520744,2.115021459227468
4449,5.1475,4.90375,0.4289556509298999,2.103576537911302
4450,5.1825,4.90125,0.4318855507868384,2.115021459227468
4451,5.1475,4.90125,0.42977968526466387,2.1081545064377685
4452,5.2,4.9025,0.4306037195994278,2.1104434907010017
4453,5.195,4.90375,0.432892703862661,2.1218884120171677
4454,5.21,4.9025,0.4306037195994278,2.1104434907010017
4455,5.165,4.90375,0.4310615164520744,2.115021459227468
4456,5.185,4.905,0.432068669527897,2.1195994277539345
4457,5.1925,4.9025,0.432068669527897,2.1195994277539345
4458,5.1625,4.90375,0.42941344778254653,2.103576537911302
4459,5.1725,4.9025,0.4310615164520744,2.115021459227468
4460,5.135,4.90125,0.43170243204577974,2.115021459227468
4461,5.1725,4.9025,0.4299628040057225,2.1081545064377685
4462,5.165,4.9025,0.43042060085836914,2.1104434907010017
4463,5.165,4.90125,0.4322517882689557,2.1195994277539345
4464,5.1675,4.9025,0.432068669527897,2.1195994277539345
4465,5.18,4.90375,0.43170243204577974,2.115021459227468
4466,5.1675,4.90375,0.4306037195994278,2.1081545064377685
4467,5.18,4.90375,0.43170243204577974,2.115021459227468
4468,5.1625,4.90375,0.4302374821173105,2.1104434907010017
4469,5.165,4.905,0.43042060085836914,2.1104434907010017
4470,5.22,4.90375,0.42913876967095854,2.103576537911302
4471,5.1625,4.905,0.4302374821173105,2.1104434907010017
4472,5.1775,4.90375,0.43142775393419175,2.115021459227468
4473,5.1575,4.90125,0.4322517882689557,2.1195994277539345
4474,5.1725,4.90375,0.4310615164520744,2.115021459227468
4475,5.2,4.9025,0.4333505007153076,2.1218884120171677
4476,5.1625,4.9025,0.4318855507868384,2.1195994277539345
4477,5.1725,4.9025,0.4310615164520744,2.115021459227468
4478,5.1525,4.90375,0.42941344778254653,2.103576537911302
4479,5.1675,4.90375,0.4306037195994278,2.1104434907010017
4480,5.1725,4.90125,0.4310615164520744,2.1104434907010017
4481,5.1375,4.90375,0.42813161659513593,2.101287553648069
4482,5.1775,4.90125,0.42877253218884126,2.101287553648069
4483,5.17,4.90375,0.43087839771101577,2.1104434907010017
4484,5.1825,4.90125,0.4318855507868384,2.115021459227468
4485,5.1925,4.90375,0.43170243204577974,2.115021459227468
4486,5.1625,4.90625,0.4302374821173105,2.1104434907010017
4487,5.16,4.9025,0.4299628040057225,2.1081545064377685
4488,5.1525,4.905,0.42831473533619463,2.101287553648069
4489,5.1725,4.90125,0.4310615164520744,2.1104434907010017
4490,5.185,4.90375,0.432068669527897,2.1195994277539345
4491,5.1475,4.9025,0.432892703862661,2.1218884120171677
4492,5.1475,4.9025,0.43142775393419175,2.115021459227468
4493,5.1875,4.905,0.4322517882689557,2.1195994277539345
4494,5.1675,4.9025,0.43042060085836914,2.1104434907010017
4495,5.17,4.90375,0.43170243204577974,2.115021459227468
4496,5.18,4.9025,0.43170243204577974,2.115021459227468
4497,5.2,4.905,0.4310615164520744,2.115021459227468
4498,5.1425,4.90375,0.4310615164520744,2.115021459227468
4499,5.18,4.90375,0.43170243204577974,2.115021459227468
4500,5.1775,4.9025,0.4279484978540773,2.0967095851216024
4501,5.1975,4.9025,0.42941344778254653,2.103576537911302
4502,5.1825,4.9025,0.4318855507868384,2.1195994277539345
4503,5.19,4.90375,0.4279484978540773,2.101287553648069
4504,5.185,4.90375,0.43087839771101577,2.1104434907010017
4505,5.1675,4.9025,0.4306037195994278,2.1104434907010017
4506,5.1625,4.90375,0.4302374821173105,2.1081545064377685
4507,5.205,4.90375,0.43042060085836914,2.1104434907010017
4508,5.1725,4.9025,0.4310615164520744,2.115021459227468
4509,5.18,4.90125,0.43170243204577974,2.115021459227468
4510,5.1775,4.90125,0.4295965665236052,2.103576537911302
4511,5.18,4.90375,0.43170243204577974,2.115021459227468
4512,5.1675,4.905,0.4306037195994278,2.1104434907010017
4513,5.145,4.90375,0.43170243204577974,2.115021459227468
4514,5.1775,4.90375,0.43142775393419175,2.115021459227468
4515,5.1475,4.9,0.4289556509298999,2.101287553648069
4516,5.165,4.9025,0.42941344778254653,2.103576537911302
4517,5.175,4.90375,0.4312446351931331,2.115021459227468
4518,5.175,4.90125,0.4312446351931331,2.115021459227468
4519,5.1975,4.90375,0.4302374821173105,2.1104434907010017
4520,5.175,4.90125,0.4312446351931331,2.115021459227468
4521,5.1475,4.9025,0.4289556509298999,2.103576537911302
4522,5.15,4.90375,0.43087839771101577,2.1104434907010017
4523,5.17,4.9025,0.43087839771101577,2.1104434907010017
4524,5.175,4.90375,0.4312446351931331,2.115021459227468
4525,5.1825,4.90375,0.42941344778254653,2.103576537911302
4526,5.1825,4.90375,0.4318855507868384,2.1195994277539345
4527,5.1875,4.90625,0.4322517882689557,2.1195994277539345
4528,5.1725,4.90375,0.43170243204577974,2.115021459227468
4529,5.1725,4.90125,0.4310615164520744,2.1104434907010017
4530,5.165,4.9025,0.43042060085836914,2.1104434907010017
4531,5.1725,4.905,0.432068669527897,2.1195994277539345
4532,5.215,4.90375,0.43270958512160235,2.1218884120171677
4533,5.1775,4.9025,0.43142775393419175,2.115021459227468
4534,5.165,4.90375,0.4310615164520744,2.115021459227468
4535,5.1725,4.905,0.4318855507868384,2.1195994277539345
4536,5.1725,4.905,0.4310615164520744,2.115021459227468
4537,5.2,4.90375,0.432068669527897,2.1195994277539345
4538,5.185,4.90375,0.4310615164520744,2.115021459227468
4539,5.175,4.9025,0.4312446351931331,2.115021459227468
4540,5.1775,4.9025,0.4310615164520744,2.115021459227468
4541,5.175,4.90375,0.43270958512160235,2.1218884120171677
4542,5.18,4.9025,0.43170243204577974,2.115021459227468
4543,5.1625,4.90125,0.4310615164520744,2.1104434907010017
4544,5.16,4.90375,0.4295965665236052,2.1081545064377685
4545,5.14,4.90125,0.42831473533619463,2.101287553648069
4546,5.1625,4.90375,0.4302374821173105,2.103576537911302
4547,5.195,4.9025,0.4322517882689557,2.1195994277539345
4548,5.1525,4.9025,0.42941344778254653,2.103576537911302
4549,5.155,4.9025,0.4295965665236052,2.1081545064377685
4550,5.1525,4.9025,0.4302374821173105,2.1081545064377685
4551,5.16,4.90375,0.4299628040057225,2.1081545064377685
4552,5.165,4.905,0.43042060085836914,2.1104434907010017
4553,5.1625,4.90375,0.4318855507868384,2.1195994277539345
4554,5.18,4.9025,0.43170243204577974,2.115021459227468
4555,5.1675,4.90375,0.4306037195994278,2.1104434907010017
4556,5.1575,4.90375,0.42941344778254653,2.103576537911302
4557,5.1725,4.9025,0.4310615164520744,2.115021459227468
4558,5.175,4.905,0.4312446351931331,2.115021459227468
4559,5.16,4.90375,0.43142775393419175,2.115021459227468
4560,5.1825,4.905,0.4318855507868384,2.1195994277539345
4561,5.1825,4.905,0.4318855507868384,2.1195994277539345
4562,5.1675,4.9025,0.42977968526466387,2.1081545064377685
4563,5.1575,4.9025,0.42977968526466387,2.1081545064377685
4564,5.16,4.90375,0.4299628040057225,2.1081545064377685
4565,5.155,4.905,0.4312446351931331,2.115021459227468
4566,5.1725,4.90375,0.4310615164520744,2.115021459227468
4567,5.1625,4.90125,0.4302374821173105,2.1081545064377685
4568,5.1975,4.905,0.4306037195994278,2.1104434907010017
4569,5.165,4.90125,0.43042060085836914,2.1104434907010017
4570,5.1425,4.90375,0.42849785407725327,2.101287553648069
4571,5.1725,4.9025,0.42941344778254653,2.103576537911302
4572,5.1825,4.90375,0.43142775393419175,2.115021459227468
4573,5.1725,4.9025,0.4310615164520744,2.115021459227468
4574,5.1725,4.90125,0.4310615164520744,2.1104434907010017
4575,5.1875,4.9025,0.43399141630901295,2.1264663805436337
4576,5.1625,4.9025,0.4302374821173105,2.1081545064377685
4577,5.18,4.9,0.4302374821173105,2.1081545064377685
4578,5.17,4.9025,0.43170243204577974,2.115021459227468
4579,5.17,4.9025,0.43087839771101577,2.1104434907010017
4580,5.1775,4.9025,0.4310615164520744,2.115021459227468
4581,5.18,4.90375,0.4302374821173105,2.1104434907010017
4582,5.1625,4.9025,0.4302374821173105,2.1081545064377685
4583,5.185,4.90125,0.4299628040057225,2.1081545064377685
4584,5.18,4.9025,0.4312446351931331,2.115021459227468
4585,5.1575,4.905,0.42977968526466387,2.1081545064377685
4586,5.1525,4.90375,0.42941344778254653,2.115021459227468
4587,5.2025,4.9025,0.4306037195994278,2.1104434907010017
4588,5.1325,4.90375,0.4276738197424893,2.0967095851216024
4589,5.17,4.90375,0.43087839771101577,2.1104434907010017
4590,5.155,4.9025,0.42813161659513593,2.101287553648069
4591,5.15,4.90375,0.42913876967095854,2.103576537911302
4592,5.145,4.9025,0.42877253218884126,2.103576537911302
4593,5.185,4.9025,0.4312446351931331,2.115021459227468
4594,5.1575,4.90375,0.42977968526466387,2.1081545064377685
4595,5.16,4.90375,0.4299628040057225,2.1081545064377685
4596,5.1575,4.9025,0.4306037195994278,2.1104434907010017
4597,5.195,4.9025,0.432892703862661,2.1218884120171677
4598,5.14,4.90375,0.42831473533619463,2.101287553648069
4599,5.17,4.90125,0.43042060085836914,2.1104434907010017
4600,5.185,4.9,0.432068669527897,2.1195994277539345
4601,5.1575,4.9025,0.42977968526466387,2.1081545064377685
4602,5.1475,4.90375,0.433167381974249,2.1218884120171677
4603,5.1825,4.905,0.4318855507868384,2.1195994277539345
4604,5.1675,4.90125,0.4306037195994278,2.1104434907010017
4605,5.1575,4.90375,0.43087839771101577,2.1104434907010017
4606,5.1575,4.905,0.42977968526466387,2.1081545064377685
4607,5.17,4.90375,0.43087839771101577,2.1104434907010017
4608,5.1575,4.90125,0.433167381974249,2.1218884120171677
4609,5.1675,4.90125,0.4306037195994278,2.1104434907010017
4610,5.165,4.9025,0.43042060085836914,2.1104434907010017
4611,5.15,4.90375,0.4295965665236052,2.1081545064377685
4612,5.1975,4.90375,0.4318855507868384,2.1195994277539345
4613,5.175,4.90125,0.4312446351931331,2.115021459227468
4614,5.1625,4.90375,0.4310615164520744,2.115021459227468
4615,5.1575,4.90375,0.4295965665236052,2.1081545064377685
4616,5.175,4.9025,0.4312446351931331,2.115021459227468
4617,5.1475,4.9025,0.43087839771101577,2.1104434907010017
4618,5.17,4.9025,0.43142775393419175,2.115021459227468
4619,5.1675,4.90375,0.4306037195994278,2.1104434907010017
4620,5.165,4.90375,0.42977968526466387,2.1081545064377685
4621,5.15,4.90375,0.4318855507868384,2.1195994277539345
4622,5.1625,4.90375,0.4302374821173105,2.1104434907010017
4623,5.1675,4.9025,0.43042060085836914,2.1104434907010017
4624,5.1425,4.905,0.4312446351931331,2.115021459227468
4625,5.1725,4.90375,0.4310615164520744,2.115021459227468
4626,5.1875,4.90125,0.4322517882689557,2.1104434907010017
4627,5.16,4.90125,0.42913876967095854,2.103576537911302
4628,5.1725,4.90375,0.4310615164520744,2.115021459227468
4629,5.16,4.9025,0.4299628040057225,2.1081545064377685
4630,5.205,4.90125,0.4299628040057225,2.1081545064377685
4631,5.1775,4.90375,0.43142775393419175,2.115021459227468
4632,5.19,4.90375,0.43252646638054365,2.1218884120171677
4633,5.175,4.90375,0.432892703862661,2.1218884120171677
4634,5.1625,4.90625,0.4302374821173105,2.1104434907010017
4635,5.145,4.90375,0.42877253218884126,2.103576537911302
4636,5.1675,4.90375,0.4312446351931331,2.115021459227468
4637,5.185,4.9025,0.432068669527897,2.1195994277539345
4638,5.18,4.9025,0.43170243204577974,2.115021459227468
4639,5.16,4.9025,0.42977968526466387,2.1081545064377685
4640,5.17,4.90375,0.43087839771101577,2.1104434907010017
4641,5.185,4.9025,0.432068669527897,2.1195994277539345
4642,5.1675,4.9025,0.4302374821173105,2.1081545064377685
4643,5.17,4.90375,0.43087839771101577,2.1104434907010017
4644,5.1975,4.9025,0.433167381974249,2.1218884120171677
4645,5.1675,4.9025,0.4306037195994278,2.1104434907010017
4646,5.2075,4.9025,0.43399141630901295,2.1264663805436337
4647,5.18,4.90375,0.43170243204577974,2.115021459227468
4648,5.1775,4.9025,0.4310615164520744,2.115021459227468
4649,5.1725,4.905,0.4310615164520744,2.115021459227468
4650,5.1875,4.90125,0.4322517882689557,2.1195994277539345
4651,5.165,4.9025,0.4306037195994278,2.1104434907010017
4652,5.1825,4.90125,0.4310615164520744,2.1104434907010017
4653,5.1575,4.90375,0.42977968526466387,2.1081545064377685
4654,5.1825,4.9025,0.4310615164520744,2.115021459227468
4655,5.17,4.90375,0.4302374821173105,2.1104434907010017
4656,5.19,4.90125,0.43252646638054365,2.1195994277539345
4657,5.195,4.90125,0.4299628040057225,2.1081545064377685
4658,5.165,4.90375,0.4299628040057225,2.1081545064377685
4659,5.175,4.9025,0.4312446351931331,2.115021459227468
4660,5.1575,4.90125,0.4306037195994278,2.1104434907010017
4661,5.1475,4.90375,0.43042060085836914,2.1104434907010017
4662,5.22,4.90375,0.4349985693848355,2.1333333333333337
4663,5.1975,4.9025,0.43042060085836914,2.1104434907010017
4664,5.1425,4.90375,0.4306037195994278,2.1104434907010017
4665,5.175,4.90375,0.4312446351931331,2.115021459227468
4666,5.145,4.90125,0.42877253218884126,2.115021459227468
4667,5.1625,4.9025,0.43042060085836914,2.1104434907010017
4668,5.165,4.90125,0.43042060085836914,2.1104434907010017
4669,5.17,4.90125,0.43087839771101577,2.1104434907010017
4670,5.1825,4.90375,0.4312446351931331,2.115021459227468
4671,5.225,4.9025,0.4354563662374822,2.1333333333333337
4672,5.1825,4.90125,0.4318855507868384,2.115021459227468
4673,5.1625,4.90375,0.42977968526466387,2.1081545064377685
4674,5.16,4.9025,0.4299628040057225,2.1081545064377685
4675,5.185,4.9025,0.432068669527897,2.1195994277539345
4676,5.175,4.9025,0.4318855507868384,2.1195994277539345
4677,5.1625,4.905,0.4302374821173105,2.1104434907010017
4678,5.1725,4.90375,0.4310615164520744,2.115021459227468
4679,5.1775,4.90375,0.4310615164520744,2.115021459227468
4680,5.17,4.90375,0.43087839771101577,2.1104434907010017
4681,5.1475,4.9025,0.4289556509298999,2.103576537911302
4682,5.17,4.90375,0.42977968526466387,2.1081545064377685
4683,5.1675,4.90625,0.4306037195994278,2.1104434907010017
4684,5.1725,4.9025,0.4310615164520744,2.115021459227468
4685,5.185,4.9025,0.43142775393419175,2.115021459227468
4686,5.1525,4.90375,0.42941344778254653,2.103576537911302
4687,5.1925,4.9025,0.43270958512160235,2.1218884120171677
4688,5.18,4.905,0.43087839771101577,2.115021459227468
4689,5.16,4.90375,0.4299628040057225,2.1081545064377685
4690,5.16,4.90375,0.4299628040057225,2.1081545064377685
4691,5.17,4.9025,0.43142775393419175,2.115021459227468
4692,5.185,4.90125,0.4295965665236052,2.103576537911302
4693,5.1625,4.90375,0.4302374821173105,2.1104434907010017
4694,5.17,4.9025,0.432068669527897,2.1195994277539345
4695,5.165,4.9025,0.4302374821173105,2.1081545064377685
4696,5.1675,4.9,0.4306037195994278,2.1104434907010017
4697,5.1625,4.9025,0.43142775393419175,2.115021459227468
4698,5.175,4.905,0.43042060085836914,2.1104434907010017
4699,5.175,4.9025,0.4312446351931331,2.115021459227468
4700,5.1875,4.9025,0.4310615164520744,2.115021459227468
4701,5.1575,4.9025,0.4310615164520744,2.115021459227468
4702,5.1675,4.9025,0.4306037195994278,2.1104434907010017
4703,5.175,4.90375,0.43170243204577974,2.115021459227468
4704,5.1825,4.90375,0.4312446351931331,2.115021459227468
4705,5.1675,4.9025,0.4306037195994278,2.1104434907010017
4706,5.1775,4.90375,0.43142775393419175,2.1104434907010017
4707,5.1625,4.9025,0.4306037195994278,2.1104434907010017
4708,5.18,4.9025,0.43170243204577974,2.115021459227468
4709,5.1925,4.9025,0.43270958512160235,2.1218884120171677
4710,5.1825,4.90125,0.43087839771101577,2.1104434907010017
4711,5.1675,4.9025,0.4306037195994278,2.1104434907010017
4712,5.19,4.905,0.43252646638054365,2.1218884120171677
4713,5.165,4.9025,0.43087839771101577,2.1104434907010017
4714,5.18,4.90125,0.43170243204577974,2.115021459227468
4715,5.135,4.9025,0.4279484978540773,2.0967095851216024
4716,5.195,4.90375,0.4310615164520744,2.115021459227468
4717,5.1775,4.9,0.43142775393419175,2.115021459227468
4718,5.195,4.90125,0.432892703862661,2.1218884120171677
4719,5.175,4.90375,0.4312446351931331,2.115021459227468
4720,5.1625,4.905,0.4302374821173105,2.1104434907010017
4721,5.1675,4.90375,0.4306037195994278,2.1104434907010017
4722,5.175,4.90375,0.4310615164520744,2.115021459227468
4723,5.17,4.90375,0.43087839771101577,2.1104434907010017
4724,5.185,4.9025,0.432068669527897,2.1195994277539345
4725,5.1825,4.90375,0.4312446351931331,2.115021459227468
4726,5.1625,4.9025,0.4302374821173105,2.1081545064377685
4727,5.165,4.90375,0.43042060085836914,2.1104434907010017
4728,5.175,4.9025,0.43087839771101577,2.1104434907010017
4729,5.1725,4.90375,0.4310615164520744,2.115021459227468
4730,5.145,4.90375,0.42877253218884126,2.103576537911302
4731,5.185,4.9025,0.4295965665236052,2.1081545064377685
4732,5.185,4.90375,0.43170243204577974,2.115021459227468
4733,5.1475,4.90375,0.4289556509298999,2.103576537911302
4734,5.1925,4.90125,0.43042060085836914,2.1104434907010017
4735,5.17,4.9025,0.4295965665236052,2.1081545064377685
4736,5.1575,4.9025,0.42977968526466387,2.1081545064377685
4737,5.195,4.90125,0.4318855507868384,2.115021459227468
4738,5.1725,4.90375,0.4302374821173105,2.1104434907010017
4739,5.1825,4.90375,0.4318855507868384,2.1195994277539345
4740,5.17,4.90125,0.4312446351931331,2.115021459227468
4741,5.17,4.90375,0.4310615164520744,2.115021459227468
4742,5.165,4.9025,0.43042060085836914,2.1104434907010017
4743,5.185,4.9,0.43087839771101577,2.1104434907010017
4744,5.195,4.90375,0.4299628040057225,2.1081545064377685
4745,5.1775,4.905,0.43142775393419175,2.115021459227468
4746,5.1875,4.9025,0.43142775393419175,2.115021459227468
4747,5.175,4.90125,0.43087839771101577,2.1104434907010017
4748,5.17,4.9025,0.43087839771101577,2.1104434907010017
4749,5.1675,4.90375,0.4306037195994278,2.1104434907010017
4750,5.1975,4.90375,0.4302374821173105,2.1104434907010017
4751,5.185,4.90375,0.432068669527897,2.1195994277539345
4752,5.16,4.9025,0.4299628040057225,2.1081545064377685
4753,5.16,4.90375,0.4302374821173105,2.1104434907010017
4754,5.1825,4.9025,0.4318855507868384,2.1195994277539345
4755,5.1875,4.9025,0.4322517882689557,2.1195994277539345
4756,5.195,4.90375,0.4312446351931331,2.115021459227468
4757,5.165,4.9025,0.43042060085836914,2.1104434907010017
4758,5.185,4.9025,0.432068669527897,2.1195994277539345
4759,5.15,4.90125,0.4312446351931331,2.115021459227468
4760,5.175,4.90125,0.4312446351931331,2.115021459227468
4761,5.145,4.9025,0.42877253218884126,2.103576537911302
4762,5.1625,4.9025,0.4306037195994278,2.1104434907010017
4763,5.1625,4.9025,0.4302374821173105,2.1081545064377685
4764,5.1775,4.90375,0.43142775393419175,2.115021459227468
4765,5.17,4.90125,0.43087839771101577,2.1104434907010017
4766,5.1625,4.9025,0.4302374821173105,2.1081545064377685
4767,5.175,4.9025,0.4312446351931331,2.115021459227468
4768,5.16,4.90375,0.43087839771101577,2.1104434907010017
4769,5.1625,4.905,0.4302374821173105,2.1104434907010017
4770,5.1825,4.90375,0.4318855507868384,2.1195994277539345
4771,5.155,4.9025,0.43170243204577974,2.115021459227468
4772,5.165,4.905,0.43087839771101577,2.115021459227468
4773,5.2,4.905,0.4333505007153076,2.1264663805436337
4774,5.1925,4.9025,0.43087839771101577,2.1104434907010017
4775,5.17,4.9025,0.4306037195994278,2.1104434907010017
4776,5.17,4.90125,0.43087839771101577,2.1104434907010017
4777,5.1825,4.90125,0.4310615164520744,2.1104434907010017
4778,5.1775,4.90375,0.43042060085836914,2.1104434907010017
4779,5.19,4.90375,0.43252646638054365,2.1218884120171677
4780,5.1975,4.9025,0.43142775393419175,2.115021459227468
4781,5.18,4.90125,0.4306037195994278,2.1104434907010017
4782,5.155,4.905,0.4295965665236052,2.1081545064377685
4783,5.19,4.90125,0.4310615164520744,2.1104434907010017
4784,5.215,4.90125,0.4306037195994278,2.1104434907010017
4785,5.16,4.9025,0.4299628040057225,2.1081545064377685
4786,5.17,4.90375,0.4312446351931331,2.115021459227468
4787,5.1625,4.9025,0.43087839771101577,2.1104434907010017
4788,5.145,4.905,0.42877253218884126,2.103576537911302
4789,5.175,4.90375,0.4312446351931331,2.115021459227468
4790,5.185,4.9025,0.43170243204577974,2.115021459227468
4791,5.1625,4.90125,0.4302374821173105,2.1081545064377685
4792,5.16,4.90375,0.4299628040057225,2.1081545064377685
4793,5.1725,4.9025,0.4295965665236052,2.1081545064377685
4794,5.1625,4.90375,0.4302374821173105,2.1104434907010017
4795,5.1575,4.90375,0.42977968526466387,2.1081545064377685
4796,5.165,4.90375,0.43087839771101577,2.1104434907010017
4797,5.1575,4.905,0.42977968526466387,2.1081545064377685
4798,5.195,4.90125,0.432892703862661,2.1218884120171677
4799,5.175,4.90375,0.43042060085836914,2.1104434907010017
4800,5.155,4.9025,0.4295965665236052,2.1081545064377685
4801,5.1775,4.90375,0.43142775393419175,2.115021459227468
4802,5.1825,4.9025,0.4312446351931331,2.115021459227468
4803,5.1675,4.90375,0.4306037195994278,2.1104434907010017
4804,5.155,4.90375,0.4295965665236052,2.1081545064377685
4805,5.1775,4.9025,0.4302374821173105,2.1081545064377685
4806,5.18,4.90125,0.43170243204577974,2.115021459227468
4807,5.175,4.90375,0.4312446351931331,2.115021459227468
4808,5.2025,4.90375,0.43170243204577974,2.115021459227468
4809,5.15,4.905,0.42913876967095854,2.103576537911302
4810,5.1825,4.90375,0.4318855507868384,2.1195994277539345
4811,5.16,4.90375,0.4312446351931331,2.115021459227468
4812,5.1675,4.90375,0.43042060085836914,2.1104434907010017
4813,5.1625,4.90375,0.4302374821173105,2.1104434907010017
4814,5.175,4.9025,0.4302374821173105,2.1081545064377685
4815,5.17,4.90375,0.4306037195994278,2.1104434907010017
4816,5.165,4.90375,0.43042060085836914,2.1104434907010017
4817,5.17,4.9025,0.4318855507868384,2.1195994277539345
4818,5.1825,4.90375,0.43087839771101577,2.1104434907010017
4819,5.16,4.905,0.4299628040057225,2.1081545064377685
4820,5.165,4.90375,0.4310615164520744,2.115021459227468
4821,5.1625,4.9025,0.42977968526466387,2.1081545064377685
4822,5.1975,4.90375,0.433167381974249,2.1218884120171677
4823,5.1725,4.9025,0.4318855507868384,2.1195994277539345
4824,5.1875,4.90375,0.43170243204577974,2.115021459227468
4825,5.195,4.90125,0.432892703862661,2.1218884120171677
4826,5.17,4.9025,0.43087839771101577,2.1195994277539345
4827,5.195,4.905,0.4302374821173105,2.1104434907010017
4828,5.18,4.905,0.43170243204577974,2.1195994277539345
4829,5.1775,4.9025,0.43142775393419175,2.115021459227468
4830,5.1475,4.90375,0.43087839771101577,2.1104434907010017
4831,5.15,4.90125,0.42913876967095854,2.103576537911302
4832,5.19,4.9025,0.43252646638054365,2.1195994277539345
4833,5.1875,4.90375,0.4299628040057225,2.1081545064377685
4834,5.18,4.9025,0.43170243204577974,2.115021459227468
4835,5.1775,4.9025,0.43142775393419175,2.115021459227468
4836,5.1925,4.9025,0.4310615164520744,2.115021459227468
4837,5.165,4.90125,0.43042060085836914,2.1104434907010017
4838,5.1625,4.90375,0.4302374821173105,2.1104434907010017
4839,5.17,4.90375,0.4302374821173105,2.1104434907010017
4840,5.1775,4.90375,0.43142775393419175,2.115021459227468
4841,5.1675,4.9,0.4306037195994278,2.1104434907010017
4842,5.195,4.9025,0.4312446351931331,2.115021459227468
4843,5.17,4.90125,0.43087839771101577,2.1104434907010017
4844,5.175,4.905,0.4312446351931331,2.115021459227468
4845,5.1625,4.90375,0.4312446351931331,2.115021459227468
4846,5.165,4.9,0.43042060085836914,2.1081545064377685
4847,5.185,4.9025,0.432068669527897,2.1195994277539345
4848,5.1975,4.9025,0.43170243204577974,2.115021459227468
4849,5.15,4.90125,0.42913876967095854,2.103576537911302
4850,5.18,4.90375,0.43170243204577974,2.115021459227468
4851,5.1925,4.9025,0.43042060085836914,2.1104434907010017
4852,5.145,4.9025,0.43042060085836914,2.1104434907010017
4853,5.1875,4.90125,0.4322517882689557,2.1195994277539345
4854,5.155,4.90125,0.432068669527897,2.1195994277539345
4855,5.2025,4.9025,0.4302374821173105,2.1081545064377685
4856,5.1525,4.905,0.42941344778254653,2.1081545064377685
4857,5.165,4.9025,0.4306037195994278,2.1104434907010017
4858,5.185,4.9025,0.4302374821173105,2.1081545064377685
4859,5.135,4.90375,0.4279484978540773,2.101287553648069
4860,5.17,4.90125,0.4318855507868384,2.115021459227468
4861,5.1775,4.9025,0.4306037195994278,2.1104434907010017
4862,5.165,4.90375,0.43042060085836914,2.1104434907010017
4863,5.2125,4.90125,0.4312446351931331,2.115021459227468
4864,5.21,4.90125,0.4299628040057225,2.1081545064377685
4865,5.16,4.9025,0.4299628040057225,2.1081545064377685
4866,5.1725,4.90375,0.4310615164520744,2.1104434907010017
4867,5.1825,4.90125,0.43087839771101577,2.1104434907010017
4868,5.1575,4.90125,0.42977968526466387,2.1081545064377685
4869,5.19,4.90125,0.43252646638054365,2.1195994277539345
4870,5.1825,4.9025,0.4310615164520744,2.115021459227468
4871,5.155,4.9025,0.4295965665236052,2.1081545064377685
4872,5.1825,4.9025,0.4318855507868384,2.1195994277539345
4873,5.2,4.905,0.43087839771101577,2.115021459227468
4874,5.14,4.90125,0.42831473533619463,2.101287553648069
4875,5.17,4.90375,0.43087839771101577,2.1104434907010017
4876,5.18,4.905,0.43170243204577974,2.1195994277539345
4877,5.18,4.90375,0.43170243204577974,2.115021459227468
4878,5.16,4.9025,0.4299628040057225,2.1081545064377685
4879,5.1925,4.9025,0.4299628040057225,2.1081545064377685
4880,5.155,4.90375,0.4295965665236052,2.1081545064377685
4881,5.155,4.9025,0.4295965665236052,2.1081545064377685
4882,5.1925,4.9025,0.43142775393419175,2.115021459227468
4883,5.175,4.90125,0.4312446351931331,2.115021459227468
4884,5.165,4.9025,0.43042060085836914,2.1104434907010017
4885,5.1675,4.9025,0.4318855507868384,2.1195994277539345
4886,5.15,4.90375,0.42913876967095854,2.103576537911302
4887,5.1425,4.9025,0.42849785407725327,2.101287553648069
4888,5.135,4.9025,0.4312446351931331,2.115021459227468
4889,5.1625,4.90375,0.4302374821173105,2.1104434907010017
4890,5.17,4.9025,0.43087839771101577,2.1104434907010017
4891,5.2075,4.9025,0.43042060085836914,2.1104434907010017
4892,5.17,4.90375,0.43087839771101577,2.1104434907010017
4893,5.175,4.90375,0.4312446351931331,2.115021459227468
4894,5.1875,4.9025,0.43087839771101577,2.1104434907010017
4895,5.1525,4.9025,0.4299628040057225,2.1081545064377685
4896,5.175,4.9025,0.4312446351931331,2.115021459227468
4897,5.1525,4.90375,0.43142775393419175,2.115021459227468
4898,5.16,4.9025,0.43042060085836914,2.1104434907010017
4899,5.19,4.9025,0.43252646638054365,2.1195994277539345
4900,5.19,4.9,0.432068669527897,2.1195994277539345
4901,5.17,4.90375,0.4310615164520744,2.115021459227468
4902,5.175,4.90375,0.4312446351931331,2.115021459227468
4903,5.185,4.9025,0.4306037195994278,2.1104434907010017
4904,5.1825,4.90125,0.43087839771101577,2.1104434907010017
4905,5.16,4.9025,0.4299628040057225,2.1081545064377685
4906,5.1675,4.9025,0.43087839771101577,2.1104434907010017
4907,5.16,4.90375,0.4312446351931331,2.115021459227468
4908,5.16,4.90375,0.4299628040057225,2.1081545064377685
4909,5.16,4.90125,0.4299628040057225,2.1081545064377685
4910,5.1525,4.9025,0.43170243204577974,2.115021459227468
4911,5.16,4.90125,0.4299628040057225,2.1081545064377685
4912,5.185,4.90375,0.432068669527897,2.1195994277539345
4913,5.1575,4.90125,0.4310615164520744,2.1104434907010017
4914,5.165,4.90375,0.43042060085836914,2.1104434907010017
4915,5.1825,4.90125,0.4318855507868384,2.115021459227468
4916,5.1575,4.9025,0.4302374821173105,2.1081545064377685
4917,5.1725,4.9025,0.4310615164520744,2.115021459227468
4918,5.1875,4.90375,0.4322517882689557,2.1195994277539345
4919,5.16,4.90375,0.4312446351931331,2.115021459227468
4920,5.1675,4.90375,0.4306037195994278,2.1104434907010017
4921,5.1675,4.90125,0.4306037195994278,2.1104434907010017
4922,5.1525,4.90625,0.43087839771101577,2.115021459227468
4923,5.17,4.90375,0.43087839771101577,2.1104434907010017
4924,5.18,4.90375,0.43170243204577974,2.115021459227468
4925,5.18,4.9025,0.43042060085836914,2.1104434907010017
4926,5.1825,4.90375,0.4318855507868384,2.1195994277539345
4927,5.15,4.9025,0.42913876967095854,2.103576537911302
4928,5.16,4.9025,0.4302374821173105,2.1081545064377685
4929,5.1625,4.90375,0.4302374821173105,2.1104434907010017
4930,5.195,4.905,0.432892703862661,2.1218884120171677
4931,5.18,4.9025,0.43087839771101577,2.1104434907010017
4932,5.1475,4.90125,0.4289556509298999,2.103576537911302
4933,5.1725,4.90125,0.4310615164520744,2.1104434907010017
4934,5.175,4.90375,0.43087839771101577,2.1104434907010017
4935,5.1775,4.90375,0.4312446351931331,2.115021459227468
4936,5.17,4.9025,0.43087839771101577,2.1104434907010017
4937,5.2,4.9025,0.43142775393419175,2.115021459227468
4938,5.185,4.9025,0.4306037195994278,2.1104434907010017
4939,5.1425,4.90125,0.42849785407725327,2.101287553648069
4940,5.185,4.90375,0.43087839771101577,2.1104434907010017
4941,5.17,4.9025,0.4310615164520744,2.115021459227468
4942,5.15,4.90375,0.42913876967095854,2.103576537911302
4943,5.1925,4.9025,0.43042060085836914,2.1104434907010017
4944,5.155,4.9025,0.42977968526466387,2.1081545064377685
4945,5.185,4.9025,0.432068669527897,2.1195994277539345
4946,5.2,4.905,0.43087839771101577,2.115021459227468
4947,5.13,4.90375,0.43170243204577974,2.115021459227468
4948,5.1975,4.90125,0.433167381974249,2.1218884120171677
4949,5.1475,4.9025,0.4289556509298999,2.103576537911302
4950,5.1925,4.905,0.4318855507868384,2.1195994277539345
4951,5.165,4.9025,0.43042060085836914,2.1104434907010017
4952,5.155,4.90375,0.4295965665236052,2.1081545064377685
4953,5.1575,4.905,0.4306037195994278,2.1104434907010017
4954,5.195,4.90375,0.432892703862661,2.1218884120171677
4955,5.1625,4.90375,0.4302374821173105,2.1104434907010017
4956,5.2,4.90375,0.42831473533619463,2.101287553648069
4957,5.195,4.90375,0.432892703862661,2.1218884120171677
4958,5.18,4.90125,0.43170243204577974,2.115021459227468
4959,5.16,4.90125,0.43087839771101577,2.1104434907010017
4960,5.195,4.90375,0.432892703862661,2.1218884120171677
4961,5.185,4.90375,0.432068669527897,2.1195994277539345
4962,5.1925,4.9025,0.43087839771101577,2.1104434907010017
4963,5.19,4.9025,0.43252646638054365,2.1195994277539345
4964,5.16,4.90125,0.4299628040057225,2.1081545064377685
4965,5.1625,4.90375,0.43142775393419175,2.115021459227468
4966,5.1925,4.9,0.43270958512160235,2.1195994277539345
4967,5.17,4.90375,0.43087839771101577,2.1104434907010017
4968,5.175,4.90125,0.4310615164520744,2.1104434907010017
4969,5.175,4.9025,0.4312446351931331,2.115021459227468
4970,5.1625,4.9025,0.4302374821173105,2.1081545064377685
4971,5.1675,4.905,0.4295965665236052,2.1081545064377685
4972,5.165,4.905,0.42913876967095854,2.103576537911302
4973,5.195,4.9025,0.432892703862661,2.1218884120171677
4974,5.1675,4.90375,0.43170243204577974,2.115021459227468
4975,5.185,4.89875,0.4322517882689557,2.1195994277539345
4976,5.1575,4.9025,0.42977968526466387,2.1081545064377685
4977,5.185,4.9025,0.42977968526466387,2.1081545064377685
4978,5.155,4.90125,0.43353361945636626,2.1264663805436337
4979,5.1625,4.9025,0.4302374821173105,2.1081545064377685
4980,5.165,4.90375,0.43087839771101577,2.1104434907010017
4981,5.16,4.90375,0.432068669527897,2.1195994277539345
4982,5.15,4.9025,0.42913876967095854,2.103576537911302
4983,5.1525,4.90375,0.43170243204577974,2.115021459227468
4984,5.195,4.90375,0.4312446351931331,2.115021459227468
4985,5.175,4.9025,0.4312446351931331,2.115021459227468
4986,5.1825,4.9025,0.43142775393419175,2.115021459227468
4987,5.195,4.905,0.432068669527897,2.1195994277539345
4988,5.17,4.9025,0.43087839771101577,2.1104434907010017
4989,5.175,4.9025,0.4312446351931331,2.115021459227468
4990,5.1725,4.9025,0.43142775393419175,2.115021459227468
4991,5.1925,4.9025,0.43270958512160235,2.1218884120171677
4992,5.1825,4.9025,0.4318855507868384,2.1195994277539345
4993,5.135,4.90375,0.4333505007153076,2.1264663805436337
4994,5.1925,4.90375,0.43270958512160235,2.1218884120171677
4995,5.1675,4.90375,0.4306037195994278,2.1104434907010017
4996,5.1825,4.90375,0.4343576537911302,2.1310443490701
4997,5.1775,4.90125,0.43142775393419175,2.115021459227468
4998,5.1675,4.90375,0.4306037195994278,2.1104434907010017
4999,5.19,4.9025,0.4312446351931331,2.115021459227468
5000,5.16,4.90375,0.4299628040057225,2.1081545064377685
5001,5.19,4.9025,0.43252646638054365,2.1195994277539345
5002,5.17,4.90375,0.42977968526466387,2.1081545064377685
5003,5.1725,4.90375,0.4310615164520744,2.115021459227468
5004,5.2025,4.9025,0.43353361945636626,2.1264663805436337
5005,5.1375,4.90375,0.43042060085836914,2.1104434907010017
5006,5.1725,4.9025,0.4310615164520744,2.115021459227468
5007,5.145,4.90375,0.42877253218884126,2.103576537911302
5008,5.145,4.90125,0.4306037195994278,2.1104434907010017
5009,5.1475,4.9,0.4289556509298999,2.101287553648069
5010,5.1525,4.90125,0.42941344778254653,2.103576537911302
5011,5.1775,4.90375,0.4333505007153076,2.1264663805436337
5012,5.165,4.90375,0.433167381974249,2.1218884120171677
5013,5.185,4.90375,0.432068669527897,2.1195994277539345
5014,5.16,4.9025,0.4306037195994278,2.1104434907010017
5015,5.1425,4.90375,0.4310615164520744,2.115021459227468
5016,5.16,4.905,0.4299628040057225,2.1081545064377685
5017,5.145,4.90375,0.42941344778254653,2.103576537911302
5018,5.1675,4.9025,0.43087839771101577,2.1104434907010017
5019,5.165,4.9025,0.43042060085836914,2.1104434907010017
5020,5.145,4.90375,0.43252646638054365,2.1218884120171677
5021,5.175,4.90375,0.43170243204577974,2.115021459227468
5022,5.185,4.90125,0.432068669527897,2.1195994277539345
5023,5.1525,4.90375,0.43270958512160235,2.1218884120171677
5024,5.16,4.90125,0.4295965665236052,2.103576537911302
5025,5.175,4.90125,0.4312446351931331,2.115021459227468
5026,5.1925,4.90375,0.42913876967095854,2.103576537911302
5027,5.155,4.90125,0.43399141630901295,2.1264663805436337
5028,5.15,4.905,0.42913876967095854,2.103576537911302
5029,5.1575,4.9025,0.42977968526466387,2.1081545064377685
5030,5.1775,4.90125,0.4302374821173105,2.1081545064377685
5031,5.155,4.9025,0.4295965665236052,2.1081545064377685
5032,5.1875,4.90375,0.4322517882689557,2.1195994277539345
5033,5.1625,4.90125,0.42941344778254653,2.103576537911302
5034,5.17,4.90375,0.43087839771101577,2.1104434907010017
5035,5.165,4.9025,0.43042060085836914,2.1104434907010017
5036,5.15,4.90375,0.42941344778254653,2.103576537911302
5037,5.1825,4.90125,0.4318855507868384,2.115021459227468
5038,5.15,4.9025,0.42913876967095854,2.103576537911302
5039,5.16,4.9025,0.4299628040057225,2.1081545064377685
5040,5.165,4.90125,0.43042060085836914,2.1104434907010017
5041,5.1425,4.90375,0.42849785407725327,2.101287553648069
5042,5.1775,4.90125,0.43371673819742496,2.1264663805436337
5043,5.155,4.9025,0.4295965665236052,2.1081545064377685
5044,5.185,4.90375,0.432068669527897,2.1195994277539345
5045,5.1625,4.90375,0.4312446351931331,2.115021459227468
5046,5.185,4.90375,0.432068669527897,2.1195994277539345
5047,5.2075,4.90375,0.43399141630901295,2.1264663805436337
5048,5.1775,4.9025,0.433167381974249,2.1218884120171677
5049,5.1475,4.90125,0.4289556509298999,2.103576537911302
5050,5.185,4.90125,0.432068669527897,2.1195994277539345
5051,5.17,4.90375,0.4322517882689557,2.1195994277539345
5052,5.19,4.90125,0.43252646638054365,2.1195994277539345
5053,5.1725,4.9025,0.4310615164520744,2.115021459227468
5054,5.1925,4.9,0.4310615164520744,2.1104434907010017
5055,5.19,4.90125,0.4306037195994278,2.1104434907010017
5056,5.1525,4.90375,0.42941344778254653,2.103576537911302
5057,5.165,4.90375,0.42831473533619463,2.101287553648069
5058,5.1725,4.90125,0.4295965665236052,2.103576537911302
5059,5.14,4.90375,0.42831473533619463,2.101287553648069
5060,5.1725,4.90125,0.43270958512160235,2.1218884120171677
5061,5.165,4.905,0.42913876967095854,2.103576537911302
5062,5.1825,4.90375,0.4318855507868384,2.1195994277539345
5063,5.16,4.90375,0.4302374821173105,2.1104434907010017
5064,5.15,4.90375,0.4295965665236052,2.1081545064377685
5065,5.1725,4.9025,0.4310615164520744,2.115021459227468
5066,5.185,4.9025,0.43371673819742496,2.1264663805436337
5067,5.1575,4.90375,0.4299628040057225,2.1081545064377685
5068,5.17,4.90375,0.43087839771101577,2.1104434907010017
5069,5.1875,4.90125,0.4322517882689557,2.1195994277539345
5070,5.16,4.9025,0.4310615164520744,2.115021459227468
5071,5.1625,4.90375,0.4302374821173105,2.1104434907010017
5072,5.165,4.9025,0.43042060085836914,2.1104434907010017
5073,5.175,4.9025,0.43042060085836914,2.1104434907010017
5074,5.1775,4.90125,0.43142775393419175,2.115021459227468
5075,5.17,4.90125,0.43087839771101577,2.1104434907010017
5076,5.1625,4.90375,0.43087839771101577,2.1104434907010017
5077,5.1475,4.90375,0.4289556509298999,2.103576537911302
5078,5.16,4.9025,0.4299628040057225,2.1081545064377685
5079,5.16,4.9025,0.42877253218884126,2.103576537911302
5080,5.17,4.9025,0.43087839771101577,2.1104434907010017
5081,5.17,4.90375,0.43087839771101577,2.1104434907010017
5082,5.15,4.90375,0.43170243204577974,2.115021459227468
5083,5.15,4.9025,0.42913876967095854,2.103576537911302
5084,5.1425,4.90375,0.42849785407725327,2.101287553648069
5085,5.1875,4.9025,0.4306037195994278,2.1104434907010017
5086,5.1825,4.9025,0.4318855507868384,2.1195994277539345
5087,5.19,4.90375,0.43252646638054365,2.1218884120171677
5088,5.16,4.9025,0.42877253218884126,2.103576537911302
5089,5.2075,4.9025,0.43399141630901295,2.1264663805436337
5090,5.17,4.9025,0.43087839771101577,2.1104434907010017
5091,5.1875,4.90375,0.43170243204577974,2.115021459227468
5092,5.185,4.905,0.432068669527897,2.1195994277539345
5093,5.175,4.90375,0.4312446351931331,2.115021459227468
5094,5.1675,4.90375,0.4312446351931331,2.115021459227468
5095,5.19,4.9025,0.432068669527897,2.1195994277539345
5096,5.165,4.9025,0.43042060085836914,2.1104434907010017
5097,5.16,4.9025,0.4295965665236052,2.1081545064377685
5098,5.1575,4.90375,0.4333505007153076,2.1264663805436337
5099,5.1675,4.9025,0.4306037195994278,2.1104434907010017
5100,5.175,4.90375,0.4295965665236052,2.1081545064377685
5101,5.18,4.90125,0.43042060085836914,2.1104434907010017
5102,5.175,4.9025,0.4312446351931331,2.115021459227468
5103,5.2025,4.905,0.42913876967095854,2.103576537911302
5104,5.1975,4.90375,0.4318855507868384,2.1195994277539345
5105,5.175,4.90375,0.4312446351931331,2.115021459227468
5106,5.175,4.90375,0.43142775393419175,2.115021459227468
5107,5.155,4.905,0.4295965665236052,2.1081545064377685
5108,5.1575,4.90375,0.42977968526466387,2.1081545064377685
5109,5.1725,4.90125,0.4310615164520744,2.115021459227468
5110,5.23,4.90625,0.4318855507868384,2.1195994277539345
5111,5.1775,4.90375,0.43142775393419175,2.115021459227468
5112,5.175,4.9025,0.4312446351931331,2.115021459227468
5113,5.2,4.9025,0.432068669527897,2.1195994277539345
5114,5.15,4.90375,0.42913876967095854,2.103576537911302
5115,5.1825,4.90125,0.4318855507868384,2.115021459227468
5116,5.18,4.905,0.43087839771101577,2.115021459227468
5117,5.175,4.9,0.4312446351931331,2.1104434907010017
5118,5.16,4.9025,0.4299628040057225,2.1081545064377685
5119,5.135,4.90375,0.4295965665236052,2.1081545064377685
5120,5.1425,4.90375,0.42849785407725327,2.101287553648069
5121,5.145,4.9025,0.42877253218884126,2.103576537911302
5122,5.155,4.90375,0.43042060085836914,2.1104434907010017
5123,5.1575,4.90375,0.42977968526466387,2.1081545064377685
5124,5.1875,4.9025,0.4322517882689557,2.1195994277539345
5125,5.205,4.90375,0.43087839771101577,2.1104434907010017
5126,5.18,4.9025,0.43170243204577974,2.115021459227468
5127,5.1775,4.90375,0.43142775393419175,2.115021459227468
5128,5.18,4.90375,0.43042060085836914,2.1104434907010017
5129,5.1875,4.9025,0.4322517882689557,2.1195994277539345
5130,5.175,4.90375,0.4312446351931331,2.115021459227468
5131,5.1425,4.9025,0.43087839771101577,2.1104434907010017
5132,5.1625,4.9025,0.4302374821173105,2.1081545064377685
5133,5.17,4.9025,0.43087839771101577,2.1104434907010017
5134,5.1525,4.90125,0.4306037195994278,2.1104434907010017
5135,5.22,4.90125,0.4306037195994278,2.1104434907010017
5136,5.16,4.90375,0.4299628040057225,2.1081545064377685
5137,5.165,4.9025,0.42941344778254653,2.103576537911302
5138,5.1875,4.9025,0.4299628040057225,2.1081545064377685
5139,5.1725,4.90125,0.4310615164520744,2.1104434907010017
5140,5.1925,4.90375,0.43087839771101577,2.1104434907010017
5141,5.165,4.9025,0.43087839771101577,2.1104434907010017
5142,5.165,4.9025,0.43042060085836914,2.1104434907010017
5143,5.1725,4.9025,0.43142775393419175,2.115021459227468
5144,5.1975,4.90375,0.42941344778254653,2.103576537911302
5145,5.1625,4.90375,0.4302374821173105,2.1104434907010017
5146,5.12,4.90125,0.4318855507868384,2.115021459227468
5147,5.18,4.9025,0.43170243204577974,2.115021459227468
5148,5.1675,4.90375,0.4306037195994278,2.1104434907010017
5149,5.1525,4.90375,0.42941344778254653,2.103576537911302
5150,5.16,4.90375,0.432068669527897,2.1195994277539345
5151,5.185,4.905,0.432068669527897,2.1195994277539345
5152,5.185,4.9025,0.432068669527897,2.1195994277539345
5153,5.1375,4.90125,0.43142775393419175,2.115021459227468
5154,5.16,4.90125,0.4299628040057225,2.1081545064377685
5155,5.14,4.9025,0.42831473533619463,2.101287553648069
5156,5.18,4.9025,0.4295965665236052,2.1081545064377685
5157,5.1825,4.90125,0.4318855507868384,2.115021459227468
5158,5.14,4.90375,0.42831473533619463,2.101287553648069
5159,5.1725,4.9,0.43270958512160235,2.1195994277539345
5160,5.1575,4.9025,0.42977968526466387,2.1081545064377685
5161,5.1675,4.90125,0.4306037195994278,2.1104434907010017
5162,5.2,4.90375,0.4333505007153076,2.1264663805436337
5163,5.165,4.90375,0.43042060085836914,2.1104434907010017
5164,5.18,4.9025,0.43170243204577974,2.115021459227468
5165,5.15,4.90375,0.43170243204577974,2.115021459227468
5166,5.175,4.90125,0.4312446351931331,2.115021459227468
5167,5.1825,4.90375,0.4318855507868384,2.1195994277539345
5168,5.175,4.90375,0.42977968526466387,2.1081545064377685
5169,5.165,4.90375,0.43042060085836914,2.1104434907010017
5170,5.1775,4.9025,0.43142775393419175,2.115021459227468
5171,5.1675,4.90375,0.43042060085836914,2.1104434907010017
5172,5.1625,4.90125,0.4302374821173105,2.1081545064377685
5173,5.1425,4.90375,0.42849785407725327,2.101287553648069
5174,5.17,4.90125,0.4318855507868384,2.115021459227468
5175,5.1675,4.90125,0.43142775393419175,2.115021459227468
5176,5.1575,4.9025,0.42977968526466387,2.1081545064377685
5177,5.16,4.9025,0.4310615164520744,2.115021459227468
5178,5.17,4.90375,0.43042060085836914,2.1104434907010017
5179,5.16,4.9025,0.4299628040057225,2.1081545064377685
5180,5.1875,4.90125,0.43142775393419175,2.115021459227468
5181,5.1725,4.9025,0.4295965665236052,2.1081545064377685
5182,5.145,4.90375,0.42877253218884126,2.103576537911302
5183,5.175,4.90125,0.4302374821173105,2.1081545064377685
5184,5.175,4.905,0.4310615164520744,2.115021459227468
5185,5.1725,4.90375,0.4310615164520744,2.115021459227468
5186,5.15,4.90375,0.42831473533619463,2.101287553648069
5187,5.16,4.90125,0.43142775393419175,2.115021459227468
5188,5.145,4.90375,0.42877253218884126,2.103576537911302
5189,5.16,4.90375,0.4299628040057225,2.101287553648069
5190,5.155,4.9025,0.43170243204577974,2.115021459227468
5191,5.2275,4.9025,0.4356394849785408,2.1333333333333337
5192,5.165,4.90125,0.43042060085836914,2.1104434907010017
5193,5.145,4.9025,0.43270958512160235,2.1218884120171677
5194,5.1575,4.9025,0.42977968526466387,2.1081545064377685
5195,5.2075,4.90375,0.43399141630901295,2.1264663805436337
5196,5.17,4.905,0.4302374821173105,2.1104434907010017
5197,5.1675,4.9025,0.4306037195994278,2.1104434907010017
5198,5.12,4.90375,0.4266666666666667,2.0921316165951365
5199,5.1575,4.9025,0.42913876967095854,2.103576537911302
5200,5.1425,4.9,0.42849785407725327,2.101287553648069
5201,5.1775,4.90375,0.43142775393419175,2.115021459227468
5202,5.1575,4.9025,0.43142775393419175,2.115021459227468
5203,5.1875,4.90125,0.4322517882689557,2.1195994277539345
5204,5.1675,4.90375,0.4306037195994278,2.1104434907010017
5205,5.165,4.90125,0.43142775393419175,2.115021459227468
5206,5.215,4.9025,0.43454077253218887,2.1310443490701
5207,5.1675,4.90375,0.4306037195994278,2.1104434907010017
5208,5.2,4.9025,0.43170243204577974,2.115021459227468
5209,5.2375,4.9025,0.4364635193133048,2.1424892703862666
5210,5.155,4.9025,0.4295965665236052,2.1081545064377685
5211,5.16,4.90375,0.4306037195994278,2.1104434907010017
5212,5.1575,4.9025,0.42977968526466387,2.1081545064377685
5213,5.16,4.9025,0.4299628040057225,2.1081545064377685
5214,5.1825,4.9025,0.43087839771101577,2.1104434907010017
5215,5.1625,4.90125,0.42977968526466387,2.1081545064377685
5216,5.1625,4.9025,0.4302374821173105,2.1081545064377685
5217,5.1675,4.90125,0.43142775393419175,2.115021459227468
5218,5.175,4.90375,0.43142775393419175,2.115021459227468
5219,5.1575,4.905,0.42977968526466387,2.1081545064377685
5220,5.165,4.90375,0.43170243204577974,2.115021459227468
5221,5.1825,4.9025,0.42831473533619463,2.101287553648069
5222,5.1825,4.90125,0.4318855507868384,2.115021459227468
5223,5.16,4.905,0.4310615164520744,2.115021459227468
5224,5.175,4.9025,0.432892703862661,2.1218884120171677
5225,5.195,4.90375,0.432892703862661,2.1218884120171677
5226,5.1925,4.90375,0.43042060085836914,2.1104434907010017
5227,5.17,4.90375,0.4322517882689557,2.1195994277539345
5228,5.165,4.9025,0.43042060085836914,2.1104434907010017
5229,5.165,4.90125,0.43042060085836914,2.1104434907010017
5230,5.1725,4.9025,0.433167381974249,2.1218884120171677
5231,5.15,4.90375,0.42913876967095854,2.103576537911302
5232,5.185,4.9025,0.432068669527897,2.1195994277539345
5233,5.175,4.9025,0.4306037195994278,2.1104434907010017
5234,5.115,4.90375,0.42620886981402006,2.089842632331903
5235,5.1575,4.9025,0.42977968526466387,2.1081545064377685
5236,5.16,4.90125,0.4299628040057225,2.1081545064377685
5237,5.2075,4.90125,0.43399141630901295,2.1264663805436337
5238,5.195,4.9025,0.432892703862661,2.1218884120171677
5239,5.1725,4.9025,0.4312446351931331,2.115021459227468
5240,5.155,4.90125,0.4295965665236052,2.103576537911302
5241,5.1625,4.90375,0.4302374821173105,2.1104434907010017
5242,5.1775,4.90125,0.4356394849785408,2.1333333333333337
5243,5.1925,4.90125,0.43270958512160235,2.1218884120171677
5244,5.1925,4.90375,0.43270958512160235,2.1218884120171677
5245,5.1725,4.9,0.4322517882689557,2.1195994277539345
5246,5.1425,4.90375,0.42849785407725327,2.101287553648069
5247,5.14,4.9025,0.42831473533619463,2.101287553648069
5248,5.1775,4.90375,0.43042060085836914,2.1104434907010017
5249,5.1775,4.90375,0.43142775393419175,2.115021459227468
5250,5.1875,4.9025,0.4322517882689557,2.1195994277539345
5251,5.1775,4.90125,0.4295965665236052,2.103576537911302
5252,5.1825,4.90375,0.4318855507868384,2.1195994277539345
5253,5.1725,4.9025,0.4310615164520744,2.115021459227468
5254,5.1725,4.90375,0.43042060085836914,2.1104434907010017
5255,5.18,4.90375,0.432068669527897,2.1195994277539345
5256,5.145,4.9025,0.42877253218884126,2.103576537911302
5257,5.17,4.90125,0.43252646638054365,2.1195994277539345
5258,5.1625,4.90375,0.4299628040057225,2.1081545064377685
5259,5.185,4.90375,0.432068669527897,2.1195994277539345
5260,5.17,4.9,0.43270958512160235,2.1195994277539345
5261,5.17,4.90375,0.43042060085836914,2.1104434907010017
5262,5.17,4.90375,0.43087839771101577,2.1104434907010017
5263,5.1675,4.9025,0.43170243204577974,2.115021459227468
5264,5.175,4.9025,0.43252646638054365,2.1195994277539345
5265,5.16,4.90375,0.4299628040057225,2.1081545064377685
5266,5.175,4.9025,0.43252646638054365,2.1195994277539345
5267,5.1675,4.905,0.43042060085836914,2.1104434907010017
5268,5.2225,4.90375,0.4351816881258942,2.1333333333333337
5269,5.1775,4.90125,0.43142775393419175,2.115021459227468
5270,5.175,4.9025,0.4343576537911302,2.1310443490701
5271,5.155,4.9025,0.4295965665236052,2.1081545064377685
5272,5.1725,4.9025,0.4310615164520744,2.115021459227468
5273,5.17,4.90125,0.42913876967095854,2.103576537911302
5274,5.17,4.9025,0.43087839771101577,2.1104434907010017
5275,5.165,4.90375,0.43042060085836914,2.1104434907010017
5276,5.1775,4.9025,0.4364635193133048,2.1424892703862666
5277,5.175,4.9025,0.4312446351931331,2.115021459227468
5278,5.185,4.9025,0.432068669527897,2.1195994277539345
5279,5.175,4.9025,0.432068669527897,2.1195994277539345
5280,5.1425,4.9025,0.42849785407725327,2.101287553648069
5281,5.1625,4.9025,0.4302374821173105,2.1081545064377685
5282,5.1675,4.9025,0.42849785407725327,2.101287553648069
5283,5.1575,4.9025,0.42977968526466387,2.1081545064377685
5284,5.1875,4.90375,0.4322517882689557,2.1195994277539345
5285,5.1675,4.9025,0.4302374821173105,2.1081545064377685
5286,5.15,4.90125,0.42913876967095854,2.103576537911302
5287,5.1625,4.9025,0.4302374821173105,2.1081545064377685
5288,5.1725,4.90375,0.4306037195994278,2.1104434907010017
5289,5.1875,4.9025,0.4322517882689557,2.1195994277539345
5290,5.1675,4.9025,0.4306037195994278,2.1104434907010017
5291,5.175,4.90375,0.432068669527897,2.1195994277539345
5292,5.17,4.9025,0.4312446351931331,2.115021459227468
5293,5.185,4.90375,0.432068669527897,2.1195994277539345
5294,5.185,4.9025,0.42749070100143066,2.0967095851216024
5295,5.1825,4.90125,0.42913876967095854,2.103576537911302
5296,5.175,4.90375,0.4312446351931331,2.115021459227468
5297,5.1775,4.90125,0.4312446351931331,2.115021459227468
5298,5.17,4.9025,0.43481545064377686,2.1310443490701
5299,5.17,4.9025,0.43087839771101577,2.1104434907010017
5300,5.17,4.90125,0.43582260371959947,2.1379113018598
5301,5.1675,4.9025,0.43252646638054365,2.1195994277539345
5302,5.155,4.90375,0.4295965665236052,2.1081545064377685
5303,5.185,4.9025,0.43142775393419175,2.115021459227468
5304,5.175,4.90125,0.43142775393419175,2.115021459227468
5305,5.175,4.90375,0.4312446351931331,2.115021459227468
5306,5.1725,4.9025,0.4302374821173105,2.1081545064377685
5307,5.18,4.9025,0.427307582260372,2.0967095851216024
5308,5.1575,4.90125,0.42977968526466387,2.1081545064377685
5309,5.18,4.90375,0.43170243204577974,2.115021459227468
5310,5.1725,4.90375,0.4276738197424893,2.0967095851216024
5311,5.1975,4.9025,0.433167381974249,2.1218884120171677
5312,5.17,4.90375,0.43087839771101577,2.1104434907010017
5313,5.175,4.9025,0.43353361945636626,2.1264663805436337
5314,5.1625,4.90375,0.4302374821173105,2.1104434907010017
5315,5.165,4.90375,0.43042060085836914,2.1104434907010017
5316,5.1725,4.90375,0.43270958512160235,2.1218884120171677
5317,5.165,4.9025,0.43042060085836914,2.1104434907010017
5318,5.155,4.90375,0.4295965665236052,2.1081545064377685
5319,5.1625,4.905,0.4312446351931331,2.115021459227468
5320,5.1375,4.90375,0.42813161659513593,2.101287553648069
5321,5.1675,4.9025,0.4306037195994278,2.1104434907010017
5322,5.1725,4.90375,0.42941344778254653,2.103576537911302
5323,5.1825,4.90375,0.4318855507868384,2.1195994277539345
5324,5.175,4.90375,0.4312446351931331,2.115021459227468
5325,5.175,4.9025,0.43270958512160235,2.1218884120171677
5326,5.165,4.90375,0.43042060085836914,2.1104434907010017
5327,5.165,4.90375,0.43042060085836914,2.1104434907010017
5328,5.175,4.90375,0.4289556509298999,2.103576537911302
5329,5.1675,4.90375,0.4306037195994278,2.1104434907010017
5330,5.18,4.90375,0.43170243204577974,2.115021459227468
5331,5.1825,4.90125,0.43270958512160235,2.1218884120171677
5332,5.15,4.90375,0.42913876967095854,2.103576537911302
5333,5.18,4.90125,0.43170243204577974,2.115021459227468
5334,5.1675,4.9025,0.43270958512160235,2.1218884120171677
5335,5.175,4.9025,0.4318855507868384,2.1195994277539345
5336,5.1775,4.90375,0.43142775393419175,2.115021459227468
5337,5.17,4.90375,0.43353361945636626,2.1264663805436337
5338,5.1725,4.9025,0.4312446351931331,2.115021459227468
5339,5.1775,4.9025,0.43142775393419175,2.115021459227468
5340,5.1775,4.9,0.42877253218884126,2.101287553648069
5341,5.1775,4.90375,0.433167381974249,2.1218884120171677
5342,5.15,4.90375,0.42913876967095854,2.103576537911302
5343,5.175,4.9025,0.42977968526466387,2.1081545064377685
5344,5.1725,4.90375,0.42849785407725327,2.101287553648069
5345,5.195,4.90125,0.432892703862661,2.1218884120171677
5346,5.175,4.90375,0.43142775393419175,2.115021459227468
5347,5.165,4.90125,0.4295965665236052,2.103576537911302
5348,5.165,4.90375,0.43042060085836914,2.1104434907010017
5349,5.18,4.9025,0.43170243204577974,2.115021459227468
5350,5.17,4.90375,0.4310615164520744,2.115021459227468
5351,5.1425,4.90375,0.42849785407725327,2.101287553648069
5352,5.16,4.9025,0.4299628040057225,2.1081545064377685
5353,5.165,4.9025,0.4351816881258942,2.1333333333333337
5354,5.1475,4.90125,0.4289556509298999,2.103576537911302
5355,5.1675,4.9025,0.4306037195994278,2.1104434907010017
5356,5.1775,4.90375,0.43252646638054365,2.1218884120171677
5357,5.1825,4.9025,0.4318855507868384,2.1195994277539345
5358,5.175,4.9025,0.4312446351931331,2.115021459227468
5359,5.185,4.90125,0.4306037195994278,2.1104434907010017
5360,5.2075,4.90375,0.43399141630901295,2.1264663805436337
5361,5.1725,4.90375,0.4310615164520744,2.115021459227468
5362,5.175,4.9025,0.42813161659513593,2.101287553648069
5363,5.1925,4.9025,0.43270958512160235,2.1218884120171677
5364,5.1825,4.9025,0.4318855507868384,2.1195994277539345
5365,5.165,4.90375,0.432068669527897,2.1195994277539345
5366,5.1975,4.90125,0.433167381974249,2.1218884120171677
5367,5.1625,4.905,0.4302374821173105,2.1104434907010017
5368,5.175,4.90125,0.43353361945636626,2.1264663805436337
5369,5.195,4.9025,0.432892703862661,2.1218884120171677
5370,5.1775,4.90375,0.43142775393419175,2.115021459227468
5371,5.185,4.9025,0.432068669527897,2.1195994277539345
5372,5.1825,4.90125,0.4318855507868384,2.115021459227468
5373,5.1775,4.90375,0.43142775393419175,2.115021459227468
5374,5.1775,4.9025,0.4306037195994278,2.1104434907010017
5375,5.18,4.9025,0.4356394849785408,2.1333333333333337
5376,5.18,4.9025,0.43170243204577974,2.115021459227468
5377,5.1625,4.905,0.433167381974249,2.1264663805436337
5378,5.18,4.90125,0.42877253218884126,2.101287553648069
5379,5.1925,4.9025,0.43270958512160235,2.1218884120171677
5380,5.1775,4.9025,0.42877253218884126,2.103576537911302
5381,5.1825,4.9025,0.43170243204577974,2.115021459227468
5382,5.1825,4.90375,0.4318855507868384,2.1195994277539345
5383,5.17,4.9025,0.4312446351931331,2.115021459227468
5384,5.175,4.9025,0.4271244635193133,2.0921316165951365
5385,5.15,4.90375,0.42913876967095854,2.103576537911302
5386,5.1725,4.9025,0.4310615164520744,2.115021459227468
5387,5.1775,4.90375,0.4310615164520744,2.115021459227468
5388,5.18,4.90375,0.43170243204577974,2.115021459227468
5389,5.1675,4.9025,0.4306037195994278,2.1104434907010017
5390,5.1775,4.90375,0.4295965665236052,2.1081545064377685
5391,5.1875,4.9025,0.4322517882689557,2.1195994277539345
5392,5.175,4.90125,0.4312446351931331,2.115021459227468
5393,5.17,4.9025,0.4295965665236052,2.1081545064377685
5394,5.1625,4.90375,0.4302374821173105,2.1104434907010017
5395,5.1875,4.9025,0.4322517882689557,2.1195994277539345
5396,5.16,4.9025,0.432068669527897,2.1195994277539345
5397,5.17,4.90125,0.43087839771101577,2.1104434907010017
5398,5.155,4.90375,0.4295965665236052,2.1081545064377685
5399,5.1775,4.9025,0.4343576537911302,2.1310443490701
5400,5.1625,4.9025,0.4302374821173105,2.1081545064377685
5401,5.1925,4.9025,0.43270958512160235,2.1218884120171677
5402,5.1775,4.9025,0.43481545064377686,2.1310443490701
5403,5.1575,4.905,0.42977968526466387,2.1081545064377685
5404,5.1925,4.9025,0.43270958512160235,2.1218884120171677
5405,5.17,4.90375,0.433167381974249,2.1218884120171677
5406,5.1475,4.9025,0.4289556509298999,2.103576537911302
5407,5.1925,4.9025,0.43270958512160235,2.1218884120171677
5408,5.175,4.90375,0.43087839771101577,2.1104434907010017
5409,5.21,4.9025,0.4341745350500716,2.1310443490701
5410,5.175,4.90375,0.4312446351931331,2.115021459227468
5411,5.175,4.9025,0.4306037195994278,2.1104434907010017
5412,5.1675,4.90375,0.4306037195994278,2.1104434907010017
5413,5.1625,4.90375,0.4302374821173105,2.1104434907010017
5414,5.1725,4.9025,0.4310615164520744,2.115021459227468
5415,5.1875,4.9025,0.4295965665236052,2.1081545064377685
5416,5.1775,4.90125,0.43142775393419175,2.115021459227468
5417,5.17,4.9025,0.43252646638054365,2.1195994277539345
5418,5.1875,4.9025,0.4333505007153076,2.1218884120171677
5419,5.165,4.90375,0.43042060085836914,2.1104434907010017
5420,5.1675,4.9025,0.43087839771101577,2.1104434907010017
5421,5.1825,4.9025,0.43042060085836914,2.1104434907010017
5422,5.185,4.90125,0.432068669527897,2.1195994277539345
5423,5.1825,4.90125,0.4310615164520744,2.1104434907010017
5424,5.19,4.905,0.4289556509298999,2.103576537911302
5425,5.18,4.9025,0.43170243204577974,2.115021459227468
5426,5.17,4.9025,0.4302374821173105,2.1081545064377685
5427,5.1875,4.9025,0.4322517882689557,2.1195994277539345
5428,5.2075,4.905,0.43399141630901295,2.1310443490701
5429,5.16,4.9025,0.4299628040057225,2.1081545064377685
5430,5.1775,4.90125,0.4322517882689557,2.1195994277539345
5431,5.2075,4.9025,0.43399141630901295,2.1264663805436337
5432,5.17,4.90375,0.43087839771101577,2.1104434907010017
5433,5.175,4.90375,0.4318855507868384,2.1195994277539345
5434,5.1575,4.90125,0.42977968526466387,2.1081545064377685
5435,5.16,4.90375,0.4299628040057225,2.1081545064377685
5436,5.17,4.90375,0.4343576537911302,2.1310443490701
5437,5.2125,4.9025,0.4343576537911302,2.1310443490701
5438,5.18,4.9025,0.43170243204577974,2.115021459227468
5439,5.1675,4.90375,0.4302374821173105,2.1104434907010017
5440,5.1975,4.9025,0.433167381974249,2.1218884120171677
5441,5.1625,4.9025,0.4302374821173105,2.1081545064377685
5442,5.1775,4.9025,0.42977968526466387,2.1081545064377685
5443,5.1975,4.9025,0.433167381974249,2.1218884120171677
5444,5.1875,4.90375,0.4322517882689557,2.1195994277539345
5445,5.18,4.90375,0.43399141630901295,2.1264663805436337
5446,5.16,4.90375,0.4299628040057225,2.1081545064377685
5447,5.1825,4.90375,0.4318855507868384,2.1195994277539345
5448,5.18,4.9025,0.4310615164520744,2.115021459227468
5449,5.1675,4.90375,0.4306037195994278,2.1104434907010017
5450,5.1725,4.9025,0.4310615164520744,2.115021459227468
5451,5.18,4.9025,0.4310615164520744,2.115021459227468
5452,5.1925,4.90375,0.43270958512160235,2.1218884120171677
5453,5.16,4.9025,0.4299628040057225,2.1081545064377685
5454,5.1775,4.90375,0.4279484978540773,2.101287553648069
5455,5.165,4.90375,0.4310615164520744,2.115021459227468
5456,5.1675,4.90125,0.4306037195994278,2.1104434907010017
5457,5.1825,4.9025,0.4333505007153076,2.1218884120171677
5458,5.1775,4.9025,0.43170243204577974,2.115021459227468
5459,5.17,4.90375,0.43087839771101577,2.1104434907010017
5460,5.1775,4.90125,0.4312446351931331,2.115021459227468
5461,5.1775,4.90375,0.43371673819742496,2.1264663805436337
5462,5.1725,4.90375,0.4310615164520744,2.115021459227468
5463,5.175,4.90375,0.43087839771101577,2.1104434907010017
5464,5.1675,4.90375,0.4302374821173105,2.1104434907010017
5465,5.175,4.90125,0.4312446351931331,2.115021459227468
5466,5.1775,4.90125,0.4343576537911302,2.1310443490701
5467,5.165,4.9025,0.4302374821173105,2.1081545064377685
5468,5.1675,4.9025,0.4306037195994278,2.1104434907010017
5469,5.1675,4.9025,0.4306037195994278,2.1081545064377685
5470,5.1725,4.9025,0.4299628040057225,2.1081545064377685
5471,5.185,4.90375,0.432068669527897,2.1195994277539345
5472,5.18,4.90375,0.43170243204577974,2.115021459227468
5473,5.16,4.90375,0.43270958512160235,2.1218884120171677
5474,5.1975,4.90125,0.433167381974249,2.1218884120171677
5475,5.175,4.9025,0.4312446351931331,2.115021459227468
5476,5.1775,4.9025,0.43170243204577974,2.115021459227468
5477,5.19,4.90125,0.43252646638054365,2.1195994277539345
5478,5.175,4.905,0.4312446351931331,2.115021459227468
5479,5.175,4.9025,0.4279484978540773,2.0967095851216024
5480,5.1525,4.9025,0.42941344778254653,2.103576537911302
5481,5.1725,4.9025,0.4310615164520744,2.115021459227468
5482,5.175,4.9025,0.432892703862661,2.1218884120171677
5483,5.175,4.9025,0.4312446351931331,2.115021459227468
5484,5.1825,4.90375,0.4318855507868384,2.1195994277539345
5485,5.1625,4.9025,0.4322517882689557,2.1195994277539345
5486,5.17,4.9025,0.43087839771101577,2.1104434907010017
5487,5.155,4.90375,0.4295965665236052,2.1081545064377685
5488,5.1625,4.90375,0.43270958512160235,2.1218884120171677
5489,5.1775,4.9025,0.43142775393419175,2.115021459227468
5490,5.17,4.9025,0.43087839771101577,2.1104434907010017
5491,5.1725,4.90375,0.43252646638054365,2.1218884120171677
5492,5.185,4.90375,0.432068669527897,2.1195994277539345
5493,5.1575,4.90375,0.42977968526466387,2.1081545064377685
5494,5.1775,4.90375,0.4318855507868384,2.1195994277539345
5495,5.175,4.90375,0.432068669527897,2.1195994277539345
5496,5.1775,4.9025,0.43142775393419175,2.115021459227468
5497,5.1675,4.90375,0.42941344778254653,2.103576537911302
5498,5.165,4.90375,0.43170243204577974,2.115021459227468
5499,5.185,4.9025,0.432068669527897,2.1195994277539345
5500,5.185,4.9025,0.42941344778254653,2.103576537911302
5501,5.165,4.9025,0.4299628040057225,2.1081545064377685
5502,5.1775,4.90375,0.43142775393419175,2.115021459227468
5503,5.17,4.90375,0.43270958512160235,2.1218884120171677
5504,5.17,4.9025,0.43142775393419175,2.115021459227468
5505,5.1875,4.9025,0.4322517882689557,2.1195994277539345
5506,5.18,4.90375,0.4312446351931331,2.115021459227468
5507,5.1675,4.90375,0.4312446351931331,2.115021459227468
5508,5.175,4.90375,0.4312446351931331,2.115021459227468
5509,5.185,4.9025,0.432068669527897,2.101287553648069
5510,5.18,4.9025,0.43042060085836914,2.1104434907010017
5511,5.175,4.90375,0.4312446351931331,2.115021459227468
5512,5.1825,4.9025,0.4318855507868384,2.1195994277539345
5513,5.1775,4.9025,0.4306037195994278,2.1104434907010017
5514,5.1575,4.9025,0.42977968526466387,2.1081545064377685
5515,5.1775,4.9025,0.43142775393419175,2.115021459227468
5516,5.1725,4.90375,0.4312446351931331,2.115021459227468
5517,5.16,4.9025,0.4299628040057225,2.1081545064377685
5518,5.185,4.9025,0.432068669527897,2.1195994277539345
5519,5.1725,4.9025,0.4310615164520744,2.115021459227468
5520,5.175,4.90375,0.4312446351931331,2.115021459227468
5521,5.1825,4.9025,0.4318855507868384,2.1195994277539345
5522,5.175,4.90375,0.4295965665236052,2.1081545064377685
5523,5.17,4.90375,0.43087839771101577,2.1104434907010017
5524,5.1725,4.9025,0.4310615164520744,2.115021459227468
5525,5.1725,4.90125,0.4302374821173105,2.1081545064377685
5526,5.185,4.9025,0.432068669527897,2.1195994277539345
5527,5.18,4.9025,0.43170243204577974,2.115021459227468
5528,5.1725,4.9025,0.43087839771101577,2.1104434907010017
5529,5.17,4.9025,0.43087839771101577,2.1104434907010017
5530,5.175,4.9025,0.4312446351931331,2.115021459227468
5531,5.175,4.90375,0.4310615164520744,2.115021459227468
5532,5.1475,4.9025,0.4289556509298999,2.103576537911302
5533,5.165,4.9025,0.43042060085836914,2.1104434907010017
5534,5.18,4.9025,0.43252646638054365,2.1195994277539345
5535,5.1775,4.90375,0.43142775393419175,2.115021459227468
5536,5.1825,4.90125,0.4318855507868384,2.115021459227468
5537,5.1675,4.90375,0.43042060085836914,2.1104434907010017
5538,5.1725,4.90375,0.4310615164520744,2.115021459227468
5539,5.1675,4.9025,0.4306037195994278,2.1104434907010017
5540,5.175,4.90125,0.4312446351931331,2.115021459227468
5541,5.185,4.9025,0.4310615164520744,2.115021459227468
5542,5.1775,4.90375,0.43142775393419175,2.115021459227468
5543,5.18,4.9025,0.4310615164520744,2.115021459227468
5544,5.18,4.9025,0.4312446351931331,2.115021459227468
5545,5.175,4.90125,0.4312446351931331,2.115021459227468
5546,5.175,4.9025,0.43170243204577974,2.115021459227468
5547,5.1825,4.90125,0.43170243204577974,2.115021459227468
5548,5.175,4.90375,0.4312446351931331,2.115021459227468
5549,5.18,4.905,0.43170243204577974,2.1104434907010017
5550,5.17,4.9025,0.4322517882689557,2.1195994277539345
5551,5.175,4.9025,0.4312446351931331,2.115021459227468
5552,5.1725,4.9025,0.4310615164520744,2.115021459227468
5553,5.18,4.9025,0.43170243204577974,2.115021459227468
5554,5.1625,4.9025,0.4302374821173105,2.1081545064377685
5555,5.1675,4.9025,0.4306037195994278,2.1104434907010017
5556,5.1725,4.9025,0.4318855507868384,2.1195994277539345
5557,5.1675,4.9025,0.4306037195994278,2.1104434907010017
5558,5.1925,4.90375,0.43270958512160235,2.1218884120171677
5559,5.17,4.90375,0.4306037195994278,2.1104434907010017
5560,5.1775,4.90375,0.43142775393419175,2.115021459227468
5561,5.1725,4.9025,0.4310615164520744,2.115021459227468
5562,5.1775,4.9025,0.4318855507868384,2.1195994277539345
5563,5.1725,4.90375,0.4310615164520744,2.115021459227468
5564,5.165,4.9025,0.43042060085836914,2.1104434907010017
5565,5.175,4.9025,0.43170243204577974,2.115021459227468
5566,5.18,4.9025,0.43170243204577974,2.115021459227468
5567,5.17,4.9025,0.43087839771101577,2.1104434907010017
5568,5.17,4.90125,0.4312446351931331,2.115021459227468
5569,5.18,4.90375,0.43170243204577974,2.115021459227468
5570,5.1775,4.90125,0.43142775393419175,2.115021459227468
5571,5.185,4.90125,0.43087839771101577,2.1104434907010017
5572,5.19,4.90125,0.43252646638054365,2.1195994277539345
5573,5.1675,4.90375,0.4306037195994278,2.1104434907010017
5574,5.165,4.9025,0.43142775393419175,2.115021459227468
5575,5.1625,4.9025,0.43170243204577974,2.115021459227468
5576,5.1625,4.9025,0.4302374821173105,2.1081545064377685
5577,5.1775,4.90375,0.4310615164520744,2.115021459227468
5578,5.16,4.90375,0.4322517882689557,2.1195994277539345
5579,5.1625,4.905,0.4302374821173105,2.1104434907010017
5580,5.17,4.9025,0.43142775393419175,2.115021459227468
5581,5.1725,4.90375,0.4306037195994278,2.1104434907010017
5582,5.1675,4.9025,0.4306037195994278,2.1104434907010017
5583,5.165,4.905,0.4318855507868384,2.1195994277539345
5584,5.1725,4.9025,0.43142775393419175,2.115021459227468
5585,5.16,4.90375,0.4299628040057225,2.1081545064377685
5586,5.1775,4.90125,0.43142775393419175,2.115021459227468
5587,5.1975,4.9025,0.43087839771101577,2.1104434907010017
5588,5.16,4.90375,0.4299628040057225,2.1081545064377685
5589,5.1625,4.9025,0.4302374821173105,2.1104434907010017
5590,5.1825,4.90125,0.4318855507868384,2.115021459227468
5591,5.185,4.9025,0.432068669527897,2.1195994277539345
5592,5.175,4.90375,0.4312446351931331,2.115021459227468
5593,5.1525,4.90375,0.43042060085836914,2.1104434907010017
5594,5.185,4.90125,0.432068669527897,2.1195994277539345
5595,5.175,4.9025,0.4312446351931331,2.115021459227468
5596,5.17,4.9025,0.43087839771101577,2.1104434907010017
5597,5.1675,4.90125,0.4306037195994278,2.1104434907010017
5598,5.1625,4.90125,0.4302374821173105,2.1081545064377685
5599,5.17,4.90375,0.43142775393419175,2.115021459227468
5600,5.1775,4.90375,0.43142775393419175,2.115021459227468
5601,5.17,4.90375,0.43087839771101577,2.1104434907010017
5602,5.1775,4.9025,0.4306037195994278,2.1104434907010017
5603,5.1625,4.90375,0.4302374821173105,2.1104434907010017
5604,5.165,4.9025,0.43042060085836914,2.1104434907010017
5605,5.1725,4.9025,0.4310615164520744,2.115021459227468
5606,5.18,4.90375,0.43170243204577974,2.115021459227468
5607,5.1775,4.90375,0.43142775393419175,2.115021459227468
5608,5.16,4.9025,0.4312446351931331,2.115021459227468
5609,5.175,4.9025,0.4312446351931331,2.115021459227468
5610,5.18,4.9025,0.43170243204577974,2.115021459227468
5611,5.1725,4.90375,0.43087839771101577,2.1104434907010017
5612,5.1625,4.9025,0.4302374821173105,2.1081545064377685
5613,5.165,4.90375,0.43042060085836914,2.1104434907010017
5614,5.185,4.90375,0.43142775393419175,2.115021459227468
5615,5.1725,4.90375,0.4318855507868384,2.1195994277539345
5616,5.18,4.90125,0.43170243204577974,2.115021459227468
5617,5.1625,4.90375,0.4312446351931331,2.115021459227468
5618,5.17,4.90375,0.4312446351931331,2.115021459227468
5619,5.175,4.90125,0.4312446351931331,2.115021459227468
5620,5.19,4.9025,0.4312446351931331,2.115021459227468
5621,5.1625,4.905,0.43087839771101577,2.115021459227468
5622,5.1725,4.90375,0.4310615164520744,2.115021459227468
5623,5.1775,4.90375,0.43042060085836914,2.1104434907010017
5624,5.1825,4.9025,0.43142775393419175,2.115021459227468
5625,5.1775,4.90125,0.43142775393419175,2.115021459227468
5626,5.1625,4.9025,0.43087839771101577,2.1104434907010017
5627,5.17,4.90125,0.4312446351931331,2.115021459227468
5628,5.19,4.90125,0.43252646638054365,2.1195994277539345
5629,5.17,4.90375,0.4318855507868384,2.1195994277539345
5630,5.1725,4.9025,0.4318855507868384,2.1195994277539345
5631,5.1675,4.90375,0.4306037195994278,2.1104434907010017
5632,5.165,4.9025,0.43042060085836914,2.1104434907010017
5633,5.185,4.90375,0.4312446351931331,2.115021459227468
5634,5.175,4.90375,0.4312446351931331,2.115021459227468
5635,5.1575,4.9025,0.42977968526466387,2.1081545064377685
5636,5.1675,4.90375,0.43142775393419175,2.115021459227468
5637,5.1875,4.9025,0.4322517882689557,2.1195994277539345
5638,5.1875,4.9025,0.4322517882689557,2.1195994277539345
5639,5.1775,4.90375,0.43087839771101577,2.1104434907010017
5640,5.1675,4.9025,0.4306037195994278,2.1104434907010017
5641,5.1775,4.90375,0.43142775393419175,2.115021459227468
5642,5.1925,4.9025,0.4318855507868384,2.1195994277539345
5643,5.19,4.90375,0.43252646638054365,2.1218884120171677
5644,5.15,4.90375,0.42913876967095854,2.103576537911302
5645,5.1775,4.9025,0.43087839771101577,2.1104434907010017
5646,5.1825,4.90375,0.4318855507868384,2.1195994277539345
5647,5.1975,4.9025,0.433167381974249,2.1218884120171677
5648,5.1725,4.90125,0.4312446351931331,2.115021459227468
5649,5.185,4.9025,0.432068669527897,2.1195994277539345
5650,5.17,4.905,0.43087839771101577,2.115021459227468
5651,5.175,4.9025,0.4306037195994278,2.1104434907010017
5652,5.1675,4.90375,0.4306037195994278,2.1104434907010017
5653,5.1625,4.9025,0.4302374821173105,2.1081545064377685
5654,5.18,4.9025,0.43170243204577974,2.115021459227468
5655,5.1625,4.90375,0.4310615164520744,2.115021459227468
5656,5.18,4.90375,0.43170243204577974,2.115021459227468
5657,5.17,4.9025,0.43170243204577974,2.115021459227468
5658,5.1575,4.9025,0.43087839771101577,2.1104434907010017
5659,5.175,4.9025,0.4312446351931331,2.115021459227468
5660,5.1675,4.9025,0.43252646638054365,2.1195994277539345
5661,5.1625,4.90125,0.4312446351931331,2.115021459227468
5662,5.17,4.9025,0.43087839771101577,2.1104434907010017
5663,5.18,4.90125,0.4312446351931331,2.115021459227468
5664,5.155,4.90375,0.43142775393419175,2.115021459227468
5665,5.165,4.9025,0.43042060085836914,2.1104434907010017
5666,5.175,4.9025,0.433167381974249,2.1218884120171677
5667,5.175,4.90375,0.4322517882689557,2.1195994277539345
5668,5.165,4.90125,0.43042060085836914,2.1104434907010017
5669,5.16,4.90375,0.43087839771101577,2.1104434907010017
5670,5.17,4.90125,0.43087839771101577,2.1104434907010017
5671,5.175,4.90375,0.4312446351931331,2.115021459227468
5672,5.18,4.9025,0.43170243204577974,2.115021459227468
5673,5.185,4.90125,0.4312446351931331,2.115021459227468
5674,5.1675,4.9025,0.4306037195994278,2.1104434907010017
5675,5.1925,4.9025,0.43270958512160235,2.1218884120171677
5676,5.17,4.90125,0.4302374821173105,2.1081545064377685
5677,5.1675,4.9025,0.4306037195994278,2.1104434907010017
5678,5.1775,4.9025,0.43142775393419175,2.115021459227468
5679,5.16,4.90375,0.42977968526466387,2.1081545064377685
5680,5.1725,4.9025,0.4310615164520744,2.115021459227468
5681,5.17,4.90375,0.43087839771101577,2.1104434907010017
5682,5.165,4.90125,0.432068669527897,2.1195994277539345
5683,5.175,4.9025,0.4312446351931331,2.115021459227468
5684,5.1725,4.9025,0.4310615164520744,2.115021459227468
5685,5.19,4.9,0.4312446351931331,2.1104434907010017
5686,5.18,4.90375,0.43170243204577974,2.115021459227468
5687,5.18,4.90375,0.43170243204577974,2.115021459227468
5688,5.175,4.9025,0.43142775393419175,2.115021459227468
5689,5.175,4.90125,0.4312446351931331,2.115021459227468
5690,5.1725,4.9025,0.4310615164520744,2.115021459227468
5691,5.1825,4.90375,0.4302374821173105,2.1104434907010017
5692,5.1725,4.90375,0.4310615164520744,2.115021459227468
5693,5.16,4.90125,0.4299628040057225,2.1081545064377685
5694,5.165,4.9025,0.4306037195994278,2.1104434907010017
5695,5.1675,4.90125,0.4306037195994278,2.1104434907010017
5696,5.165,4.9025,0.43042060085836914,2.1104434907010017
5697,5.18,4.90125,0.42977968526466387,2.1081545064377685
5698,5.1625,4.90375,0.4306037195994278,2.1104434907010017
5699,5.1875,4.9025,0.4322517882689557,2.1195994277539345
5700,5.18,4.90375,0.4312446351931331,2.115021459227468
5701,5.1525,4.90375,0.432068669527897,2.1195994277539345
5702,5.1725,4.9025,0.4310615164520744,2.115021459227468
5703,5.165,4.90125,0.4295965665236052,2.103576537911302
5704,5.1825,4.90375,0.43170243204577974,2.115021459227468
5705,5.1675,4.90125,0.4306037195994278,2.1104434907010017
5706,5.16,4.9025,0.4310615164520744,2.115021459227468
5707,5.1775,4.9025,0.43170243204577974,2.115021459227468
5708,5.165,4.905,0.43042060085836914,2.1104434907010017
5709,5.1725,4.90125,0.43042060085836914,2.1104434907010017
5710,5.165,4.90375,0.432892703862661,2.1218884120171677
5711,5.1725,4.90125,0.4310615164520744,2.1104434907010017
5712,5.185,4.9025,0.432068669527897,2.1195994277539345
5713,5.1775,4.90375,0.4312446351931331,2.115021459227468
5714,5.1725,4.9025,0.4310615164520744,2.115021459227468
5715,5.1775,4.905,0.43142775393419175,2.115021459227468
5716,5.1725,4.9025,0.4312446351931331,2.115021459227468
5717,5.1725,4.9025,0.4310615164520744,2.115021459227468
5718,5.175,4.90125,0.4312446351931331,2.115021459227468
5719,5.1925,4.90125,0.43252646638054365,2.1195994277539345
5720,5.17,4.9025,0.43087839771101577,2.1104434907010017
5721,5.185,4.90375,0.432068669527897,2.1195994277539345
5722,5.1825,4.905,0.4306037195994278,2.1104434907010017
5723,5.17,4.905,0.43087839771101577,2.115021459227468
5724,5.185,4.9025,0.432068669527897,2.1195994277539345
5725,5.195,4.9025,0.4306037195994278,2.1104434907010017
5726,5.1625,4.90125,0.4302374821173105,2.1081545064377685
5727,5.1975,4.9025,0.433167381974249,2.1218884120171677
5728,5.155,4.9025,0.42977968526466387,2.1081545064377685
5729,5.16,4.90375,0.4299628040057225,2.1081545064377685
5730,5.1725,4.90375,0.4310615164520744,2.115021459227468
5731,5.18,4.9025,0.4310615164520744,2.115021459227468
5732,5.1675,4.90375,0.4306037195994278,2.1104434907010017
5733,5.165,4.90375,0.43042060085836914,2.1104434907010017
5734,5.145,4.90375,0.43142775393419175,2.115021459227468
5735,5.17,4.9025,0.43087839771101577,2.1104434907010017
5736,5.155,4.9025,0.4295965665236052,2.1081545064377685
5737,5.1875,4.90125,0.43087839771101577,2.1104434907010017
5738,5.165,4.9025,0.43170243204577974,2.115021459227468
5739,5.195,4.905,0.432892703862661,2.1218884120171677
5740,5.165,4.905,0.43142775393419175,2.115021459227468
5741,5.1725,4.9025,0.4306037195994278,2.1104434907010017
5742,5.155,4.9025,0.4295965665236052,2.1081545064377685
5743,5.1925,4.9025,0.43170243204577974,2.115021459227468
5744,5.17,4.90375,0.43042060085836914,2.1104434907010017
5745,5.18,4.905,0.43170243204577974,2.1195994277539345
5746,5.1825,4.9025,0.4306037195994278,2.1104434907010017
5747,5.165,4.90125,0.432068669527897,2.1195994277539345
5748,5.185,4.9025,0.432068669527897,2.1195994277539345
5749,5.1775,4.90375,0.43170243204577974,2.115021459227468
5750,5.17,4.9025,0.432068669527897,2.1195994277539345
5751,5.17,4.905,0.43087839771101577,2.115021459227468
5752,5.1825,4.90125,0.4318855507868384,2.115021459227468
5753,5.215,4.90375,0.4306037195994278,2.1104434907010017
5754,5.1775,4.9025,0.43142775393419175,2.115021459227468
5755,5.1725,4.9025,0.4310615164520744,2.115021459227468
5756,5.18,4.9025,0.4312446351931331,2.115021459227468
5757,5.16,4.9025,0.4299628040057225,2.1081545064377685
5758,5.145,4.90125,0.42877253218884126,2.101287553648069
5759,5.2075,4.9025,0.4312446351931331,2.115021459227468
5760,5.1825,4.90375,0.4318855507868384,2.1195994277539345
5761,5.2025,4.9025,0.43353361945636626,2.1264663805436337
5762,5.175,4.90375,0.4295965665236052,2.1081545064377685
5763,5.18,4.9025,0.43170243204577974,2.115021459227468
5764,5.18,4.90375,0.43170243204577974,2.115021459227468
5765,5.1675,4.9025,0.43170243204577974,2.115021459227468
5766,5.18,4.90375,0.43170243204577974,2.115021459227468
5767,5.185,4.9025,0.432068669527897,2.1195994277539345
5768,5.18,4.9025,0.4302374821173105,2.1081545064377685
5769,5.16,4.90375,0.4299628040057225,2.1081545064377685
5770,5.1725,4.90125,0.4310615164520744,2.1104434907010017
5771,5.165,4.90375,0.43170243204577974,2.115021459227468
5772,5.1525,4.90375,0.42941344778254653,2.103576537911302
5773,5.18,4.90125,0.43170243204577974,2.115021459227468
5774,5.1725,4.9025,0.4312446351931331,2.115021459227468
5775,5.1875,4.9025,0.4322517882689557,2.1195994277539345
5776,5.205,4.90125,0.43371673819742496,2.1264663805436337
5777,5.175,4.90375,0.4306037195994278,2.1104434907010017
5778,5.165,4.90375,0.432068669527897,2.1195994277539345
5779,5.195,4.90125,0.432892703862661,2.1218884120171677
5780,5.1875,4.90375,0.43087839771101577,2.1104434907010017
5781,5.1625,4.90375,0.4299628040057225,2.1081545064377685
5782,5.155,4.9025,0.4295965665236052,2.1081545064377685
5783,5.1675,4.90375,0.4322517882689557,2.1195994277539345
5784,5.17,4.9,0.43170243204577974,2.115021459227468
5785,5.2175,4.90125,0.43481545064377686,2.1310443490701
5786,5.1575,4.90375,0.4306037195994278,2.1104434907010017
5787,5.1625,4.90125,0.4306037195994278,2.1104434907010017
5788,5.225,4.90125,0.4354563662374822,2.1333333333333337
5789,5.16,4.90375,0.4306037195994278,2.1104434907010017
5790,5.1575,4.90375,0.4312446351931331,2.115021459227468
5791,5.185,4.90125,0.432068669527897,2.1195994277539345
5792,5.17,4.9025,0.43087839771101577,2.103576537911302
5793,5.175,4.90375,0.43270958512160235,2.1218884120171677
5794,5.2025,4.9025,0.43353361945636626,2.1264663805436337
5795,5.1525,4.9025,0.42941344778254653,2.103576537911302
5796,5.17,4.90375,0.4302374821173105,2.1104434907010017
5797,5.17,4.90375,0.43087839771101577,2.1104434907010017
5798,5.1725,4.90375,0.4310615164520744,2.115021459227468
5799,5.165,4.90375,0.43087839771101577,2.1104434907010017
5800,5.1525,4.90125,0.42941344778254653,2.103576537911302
5801,5.1625,4.90125,0.4302374821173105,2.1081545064377685
5802,5.185,4.9025,0.43270958512160235,2.1218884120171677
5803,5.17,4.90125,0.43087839771101577,2.1104434907010017
5804,5.18,4.9025,0.43170243204577974,2.115021459227468
5805,5.185,4.9025,0.4306037195994278,2.1104434907010017
5806,5.1925,4.9025,0.43270958512160235,2.1218884120171677
5807,5.165,4.90375,0.43042060085836914,2.1104434907010017
5808,5.1825,4.90125,0.432068669527897,2.1195994277539345
5809,5.19,4.9025,0.43252646638054365,2.1195994277539345
5810,5.1775,4.90375,0.43142775393419175,2.115021459227468
5811,5.1825,4.9025,0.4333505007153076,2.1218884120171677
5812,5.185,4.9025,0.432068669527897,2.1195994277539345
5813,5.1625,4.9025,0.4302374821173105,2.1081545064377685
5814,5.185,4.9025,0.432892703862661,2.1218884120171677
5815,5.1475,4.9025,0.4289556509298999,2.103576537911302
5816,5.1675,4.9025,0.4306037195994278,2.1104434907010017
5817,5.18,4.9025,0.432892703862661,2.1218884120171677
5818,5.185,4.90125,0.42941344778254653,2.103576537911302
5819,5.175,4.9025,0.4312446351931331,2.115021459227468
5820,5.17,4.90375,0.4318855507868384,2.1195994277539345
5821,5.1775,4.9025,0.4333505007153076,2.1218884120171677
5822,5.1625,4.90375,0.4302374821173105,2.1104434907010017
5823,5.1775,4.9025,0.43170243204577974,2.115021459227468
5824,5.1675,4.90375,0.4310615164520744,2.115021459227468
5825,5.1625,4.9025,0.4302374821173105,2.1081545064377685
5826,5.195,4.9025,0.43042060085836914,2.1104434907010017
5827,5.1775,4.90375,0.4312446351931331,2.115021459227468
5828,5.17,4.90375,0.43087839771101577,2.1104434907010017
5829,5.1775,4.90375,0.43270958512160235,2.1218884120171677
5830,5.1825,4.9025,0.43087839771101577,2.1104434907010017
5831,5.175,4.9025,0.4312446351931331,2.115021459227468
5832,5.175,4.90125,0.43252646638054365,2.1195994277539345
5833,5.1775,4.9025,0.4306037195994278,2.1104434907010017
5834,5.165,4.9025,0.43042060085836914,2.1104434907010017
5835,5.1825,4.90375,0.4318855507868384,2.1195994277539345
5836,5.1825,4.9025,0.4310615164520744,2.115021459227468
5837,5.16,4.9025,0.4299628040057225,2.1081545064377685
5838,5.19,4.90375,0.43252646638054365,2.1218884120171677
5839,5.175,4.9025,0.43142775393419175,2.115021459227468
5840,5.1725,4.90375,0.4310615164520744,2.115021459227468
5841,5.18,4.9025,0.43170243204577974,2.115021459227468
5842,5.165,4.9025,0.4302374821173105,2.1081545064377685
5843,5.175,4.9025,0.4312446351931331,2.115021459227468
5844,5.1875,4.90125,0.4322517882689557,2.1195994277539345
5845,5.1725,4.90375,0.43170243204577974,2.115021459227468
5846,5.18,4.9025,0.43170243204577974,2.115021459227468
5847,5.1825,4.9025,0.4318855507868384,2.1195994277539345
5848,5.15,4.90375,0.4306037195994278,2.1104434907010017
5849,5.185,4.9025,0.432068669527897,2.1195994277539345
5850,5.175,4.9025,0.4312446351931331,2.115021459227468
5851,5.175,4.9025,0.42977968526466387,2.1081545064377685
5852,5.175,4.90375,0.4312446351931331,2.115021459227468
5853,5.1625,4.90375,0.4302374821173105,2.1104434907010017
5854,5.1675,4.90375,0.4318855507868384,2.1195994277539345
5855,5.175,4.9025,0.4312446351931331,2.115021459227468
5856,5.1875,4.9025,0.4322517882689557,2.1195994277539345
5857,5.1725,4.9025,0.4310615164520744,2.115021459227468
5858,5.1775,4.9025,0.43142775393419175,2.115021459227468
5859,5.1875,4.9025,0.4322517882689557,2.1195994277539345
5860,5.1775,4.90375,0.4310615164520744,2.115021459227468
5861,5.155,4.9025,0.4310615164520744,2.115021459227468
5862,5.18,4.9025,0.43170243204577974,2.115021459227468
5863,5.16,4.9025,0.4312446351931331,2.115021459227468
5864,5.1775,4.9025,0.432068669527897,2.1195994277539345
5865,5.1975,4.9025,0.433167381974249,2.1218884120171677
5866,5.1625,4.90375,0.43142775393419175,2.115021459227468
5867,5.1925,4.9025,0.4306037195994278,2.1104434907010017
5868,5.1725,4.9025,0.4310615164520744,2.115021459227468
5869,5.1825,4.9025,0.4306037195994278,2.1104434907010017
5870,5.1775,4.90125,0.4306037195994278,2.1104434907010017
5871,5.165,4.90375,0.43042060085836914,2.1104434907010017
5872,5.17,4.9025,0.432892703862661,2.1218884120171677
5873,5.1675,4.90125,0.43170243204577974,2.115021459227468
5874,5.1825,4.90375,0.4318855507868384,2.1195994277539345
5875,5.175,4.9025,0.4312446351931331,2.115021459227468
5876,5.175,4.90125,0.4312446351931331,2.115021459227468
5877,5.16,4.9025,0.4299628040057225,2.1081545064377685
5878,5.15,4.905,0.42913876967095854,2.103576537911302
5879,5.145,4.9025,0.4318855507868384,2.1195994277539345
5880,5.165,4.905,0.43042060085836914,2.1104434907010017
5881,5.18,4.9025,0.43170243204577974,2.115021459227468
5882,5.175,4.90125,0.43142775393419175,2.115021459227468
5883,5.1875,4.90375,0.4322517882689557,2.1195994277539345
5884,5.175,4.9025,0.4312446351931331,2.115021459227468
5885,5.165,4.90375,0.4312446351931331,2.115021459227468
5886,5.175,4.90375,0.4312446351931331,2.115021459227468
5887,5.1675,4.90375,0.4306037195994278,2.1104434907010017
5888,5.175,4.9025,0.4310615164520744,2.115021459227468
5889,5.1875,4.90375,0.4322517882689557,2.1195994277539345
5890,5.16,4.9025,0.4299628040057225,2.1081545064377685
5891,5.18,4.9025,0.432068669527897,2.1195994277539345
5892,5.1675,4.9025,0.4306037195994278,2.1104434907010017
5893,5.175,4.90125,0.4312446351931331,2.115021459227468
5894,5.17,4.905,0.43087839771101577,2.115021459227468
5895,5.1725,4.90125,0.4310615164520744,2.1104434907010017
5896,5.185,4.9025,0.432068669527897,2.1195994277539345
5897,5.1775,4.9025,0.4312446351931331,2.115021459227468
5898,5.1675,4.9025,0.4306037195994278,2.1104434907010017
5899,5.19,4.9025,0.43252646638054365,2.1195994277539345
5900,5.1375,4.90375,0.4306037195994278,2.1104434907010017
5901,5.175,4.90375,0.4289556509298999,2.103576537911302
5902,5.165,4.90125,0.43042060085836914,2.1104434907010017
5903,5.0775,4.90625,0.4289556509298999,2.103576537911302
5904,5.15,4.9025,0.43270958512160235,2.1218884120171677
5905,5.1825,4.90375,0.4318855507868384,2.1195994277539345
5906,5.16,4.90375,0.432068669527897,2.1195994277539345
5907,5.2,4.90375,0.43142775393419175,2.115021459227468
5908,5.165,4.9025,0.43042060085836914,2.1104434907010017
5909,5.1725,4.9025,0.4306037195994278,2.1104434907010017
5910,5.1625,4.9025,0.4289556509298999,2.103576537911302
5911,5.1575,4.90375,0.42977968526466387,2.1081545064377685
5912,5.165,4.90375,0.43142775393419175,2.115021459227468
5913,5.1625,4.90375,0.42941344778254653,2.103576537911302
5914,5.1825,4.9025,0.4318855507868384,2.1195994277539345
5915,5.1875,4.9025,0.4322517882689557,2.115021459227468
5916,5.1875,4.9025,0.43170243204577974,2.115021459227468
5917,5.205,4.90125,0.43371673819742496,2.1264663805436337
5918,5.175,4.9025,0.4312446351931331,2.115021459227468
5919,5.1675,4.90375,0.4318855507868384,2.1195994277539345
5920,5.195,4.90125,0.432892703862661,2.1218884120171677
5921,5.1625,4.90375,0.4302374821173105,2.1104434907010017
5922,5.18,4.90125,0.43170243204577974,2.115021459227468
5923,5.125,4.90375,0.4271244635193133,2.0921316165951365
5924,5.1625,4.9025,0.4302374821173105,2.1081545064377685
5925,5.1725,4.90125,0.432892703862661,2.1218884120171677
5926,5.185,4.90375,0.432068669527897,2.1195994277539345
5927,5.15,4.90375,0.42913876967095854,2.103576537911302
5928,5.1825,4.90375,0.4333505007153076,2.1264663805436337
5929,5.185,4.9025,0.432068669527897,2.1195994277539345
5930,5.195,4.90125,0.432892703862661,2.1218884120171677
5931,5.185,4.90125,0.42849785407725327,2.101287553648069
5932,5.185,4.9025,0.432068669527897,2.1195994277539345
5933,5.16,4.905,0.4299628040057225,2.1081545064377685
5934,5.1725,4.905,0.42977968526466387,2.1081545064377685
5935,5.18,4.90375,0.43170243204577974,2.115021459227468
5936,5.1775,4.90375,0.43142775393419175,2.115021459227468
5937,5.175,4.90375,0.432068669527897,2.1195994277539345
5938,5.1725,4.9025,0.4310615164520744,2.115021459227468
5939,5.1825,4.9025,0.4318855507868384,2.1195994277539345
5940,5.19,4.90125,0.4289556509298999,2.103576537911302
5941,5.16,4.9025,0.4299628040057225,2.1081545064377685
5942,5.1825,4.90375,0.4318855507868384,2.1195994277539345
5943,5.1775,4.90125,0.4306037195994278,2.1104434907010017
5944,5.1825,4.90375,0.4306037195994278,2.1104434907010017
5945,5.185,4.90125,0.432068669527897,2.1195994277539345
5946,5.2025,4.90125,0.4312446351931331,2.115021459227468
5947,5.19,4.90125,0.4318855507868384,2.115021459227468
5948,5.1775,4.90375,0.43142775393419175,2.115021459227468
5949,5.1625,4.90375,0.4295965665236052,2.1081545064377685
5950,5.1775,4.90375,0.43170243204577974,2.115021459227468
5951,5.175,4.9025,0.4312446351931331,2.115021459227468
5952,5.1425,4.905,0.43042060085836914,2.1104434907010017
5953,5.18,4.9025,0.4295965665236052,2.1081545064377685
5954,5.16,4.905,0.4299628040057225,2.1081545064377685
5955,5.165,4.90125,0.4310615164520744,2.1104434907010017
5956,5.1975,4.90125,0.4306037195994278,2.1104434907010017
5957,5.21,4.90375,0.4341745350500716,2.1310443490701
5958,5.2075,4.90375,0.43399141630901295,2.1264663805436337
5959,5.17,4.90125,0.4312446351931331,2.115021459227468
5960,5.1675,4.90375,0.4306037195994278,2.1104434907010017
5961,5.1675,4.90375,0.4306037195994278,2.1104434907010017
5962,5.14,4.9,0.4312446351931331,2.1104434907010017
5963,5.1975,4.9,0.433167381974249,2.1218884120171677
5964,5.205,4.90375,0.43371673819742496,2.1264663805436337
5965,5.1825,4.9,0.4322517882689557,2.1195994277539345
5966,5.17,4.9025,0.43087839771101577,2.1104434907010017
5967,5.2325,4.9025,0.4360057224606581,2.1379113018598
5968,5.1575,4.90375,0.43087839771101577,2.1104434907010017
5969,5.1575,4.9025,0.42977968526466387,2.1081545064377685
5970,5.235,4.9025,0.4362804005722461,2.1379113018598
5971,5.1825,4.90375,0.43170243204577974,2.115021459227468
5972,5.195,4.90125,0.432892703862661,2.1218884120171677
5973,5.1625,4.9025,0.4302374821173105,2.1081545064377685
5974,5.1725,4.90125,0.4318855507868384,2.115021459227468
5975,5.19,4.90375,0.43252646638054365,2.1218884120171677
5976,5.1475,4.90375,0.4289556509298999,2.103576537911302
5977,5.1775,4.90375,0.43252646638054365,2.1218884120171677
5978,5.1575,4.9025,0.42977968526466387,2.1081545064377685
5979,5.1525,4.90375,0.42941344778254653,2.103576537911302
5980,5.18,4.90125,0.4312446351931331,2.115021459227468
5981,5.1875,4.90375,0.4322517882689557,2.1195994277539345
5982,5.1825,4.9025,0.4318855507868384,2.1195994277539345
5983,5.155,4.90375,0.4318855507868384,2.1195994277539345
5984,5.17,4.90375,0.4322517882689557,2.1195994277539345
5985,5.1725,4.9025,0.4310615164520744,2.115021459227468
5986,5.1725,4.9025,0.43270958512160235,2.1218884120171677
5987,5.1675,4.9025,0.4333505007153076,2.1218884120171677
5988,5.185,4.9025,0.432068669527897,2.1195994277539345
5989,5.17,4.9,0.432892703862661,2.1218884120171677
5990,5.1775,4.9025,0.43087839771101577,2.1104434907010017
5991,5.1775,4.9025,0.43142775393419175,2.115021459227468
5992,5.1725,4.90375,0.4310615164520744,2.115021459227468
5993,5.165,4.90375,0.4310615164520744,2.115021459227468
5994,5.1975,4.90375,0.433167381974249,2.1218884120171677
5995,5.1775,4.90375,0.42941344778254653,2.103576537911302
5996,5.175,4.9025,0.43087839771101577,2.1104434907010017
5997,5.185,4.9025,0.432068669527897,2.1195994277539345
5998,5.175,4.90375,0.4312446351931331,2.115021459227468
5999,5.17,4.90375,0.4310615164520744,2.115021459227468
6000,5.175,4.9025,0.4312446351931331,2.115021459227468
6001,5.175,4.9025,0.4312446351931331,2.115021459227468
6002,5.185,4.90375,0.4279484978540773,2.101287553648069
6003,5.2075,4.9025,0.43399141630901295,2.1264663805436337
6004,5.1725,4.9025,0.4310615164520744,2.115021459227468
6005,5.17,4.9025,0.4310615164520744,2.115021459227468
6006,5.175,4.90375,0.4312446351931331,2.115021459227468
6007,5.185,4.90375,0.432068669527897,2.1195994277539345
6008,5.19,4.9025,0.42877253218884126,2.103576537911302
6009,5.1875,4.90375,0.4322517882689557,2.1195994277539345
6010,5.185,4.9025,0.432068669527897,2.1195994277539345
6011,5.17,4.90125,0.4354563662374822,2.1333333333333337
6012,5.18,4.90375,0.43170243204577974,2.115021459227468
6013,5.1725,4.90375,0.4310615164520744,2.115021459227468
6014,5.19,4.9025,0.4299628040057225,2.1081545064377685
6015,5.175,4.90375,0.4312446351931331,2.115021459227468
6016,5.18,4.9025,0.43170243204577974,2.115021459227468
6017,5.17,4.90125,0.42813161659513593,2.101287553648069
6018,5.155,4.9025,0.4295965665236052,2.1081545064377685
6019,5.17,4.90375,0.43087839771101577,2.1104434907010017
6020,5.1825,4.9025,0.4306037195994278,2.1104434907010017
6021,5.1675,4.9025,0.4306037195994278,2.1104434907010017
6022,5.17,4.90125,0.43087839771101577,2.1104434907010017
6023,5.18,4.9025,0.43087839771101577,2.1104434907010017
6024,5.1775,4.9025,0.43042060085836914,2.1104434907010017
6025,5.1625,4.9025,0.4302374821173105,2.1081545064377685
6026,5.1875,4.9025,0.4312446351931331,2.115021459227468
6027,5.17,4.90375,0.4310615164520744,2.115021459227468
6028,5.1725,4.90375,0.4310615164520744,2.115021459227468
6029,5.1725,4.9025,0.4312446351931331,2.115021459227468
6030,5.1725,4.90375,0.4322517882689557,2.1195994277539345
6031,5.175,4.9025,0.4312446351931331,2.115021459227468
6032,5.1775,4.90375,0.43142775393419175,2.115021459227468
6033,5.165,4.90125,0.4312446351931331,2.115021459227468
6034,5.1725,4.9025,0.4310615164520744,2.115021459227468
6035,5.16,4.90375,0.43042060085836914,2.1104434907010017
6036,5.1875,4.90125,0.43142775393419175,2.115021459227468
6037,5.175,4.90375,0.4312446351931331,2.115021459227468
6038,5.1725,4.90125,0.4318855507868384,2.115021459227468
6039,5.175,4.90125,0.4312446351931331,2.115021459227468
6040,5.1725,4.90125,0.4310615164520744,2.1104434907010017
6041,5.165,4.9025,0.43042060085836914,2.1104434907010017
6042,5.1775,4.90125,0.4310615164520744,2.1104434907010017
6043,5.1775,4.90375,0.43142775393419175,2.115021459227468
6044,5.165,4.905,0.43042060085836914,2.1104434907010017
6045,5.1775,4.9025,0.4310615164520744,2.115021459227468
6046,5.1825,4.90125,0.4318855507868384,2.115021459227468
6047,5.17,4.90375,0.43087839771101577,2.1104434907010017
6048,5.17,4.9025,0.43087839771101577,2.1104434907010017
6049,5.165,4.9025,0.43042060085836914,2.1104434907010017
6050,5.165,4.9025,0.43042060085836914,2.1104434907010017
6051,5.1575,4.9025,0.432068669527897,2.1195994277539345
6052,5.19,4.9025,0.43252646638054365,2.1195994277539345
6053,5.1725,4.9025,0.4310615164520744,2.115021459227468
6054,5.1825,4.9025,0.43087839771101577,2.1104434907010017
6055,5.17,4.90375,0.43087839771101577,2.1104434907010017
6056,5.17,4.90375,0.43087839771101577,2.1104434907010017
6057,5.1725,4.9025,0.4310615164520744,2.115021459227468
6058,5.1775,4.9025,0.43142775393419175,2.115021459227468
6059,5.17,4.9025,0.43087839771101577,2.1104434907010017
6060,5.1625,4.9025,0.43142775393419175,2.115021459227468
6061,5.1775,4.90375,0.43142775393419175,2.115021459227468
6062,5.17,4.90125,0.43087839771101577,2.1104434907010017
6063,5.175,4.9025,0.4318855507868384,2.1195994277539345
6064,5.16,4.9025,0.4312446351931331,2.115021459227468
6065,5.1775,4.9025,0.43142775393419175,2.115021459227468
6066,5.165,4.9025,0.4312446351931331,2.115021459227468
6067,5.155,4.90375,0.4312446351931331,2.115021459227468
6068,5.165,4.9025,0.43042060085836914,2.1104434907010017
6069,5.18,4.9025,0.4310615164520744,2.115021459227468
6070,5.1625,4.9025,0.4310615164520744,2.115021459227468
6071,5.1675,4.90375,0.4306037195994278,2.1104434907010017
6072,5.1775,4.9025,0.4318855507868384,2.1195994277539345
6073,5.17,4.9025,0.43042060085836914,2.1104434907010017
6074,5.165,4.90375,0.43042060085836914,2.1104434907010017
6075,5.17,4.9025,0.43042060085836914,2.1104434907010017
6076,5.1575,4.90375,0.4295965665236052,2.1081545064377685
6077,5.175,4.9025,0.4312446351931331,2.115021459227468
6078,5.1775,4.9025,0.4310615164520744,2.115021459227468
6079,5.1575,4.90375,0.4306037195994278,2.1104434907010017
6080,5.17,4.9025,0.43087839771101577,2.1104434907010017
6081,5.17,4.90125,0.43087839771101577,2.1104434907010017
6082,5.17,4.90375,0.4306037195994278,2.1104434907010017
6083,5.1675,4.90125,0.4306037195994278,2.1104434907010017
6084,5.175,4.90375,0.4312446351931331,2.115021459227468
6085,5.1625,4.90375,0.43087839771101577,2.1104434907010017
6086,5.175,4.9025,0.4312446351931331,2.115021459227468
6087,5.175,4.9025,0.4312446351931331,2.115021459227468
6088,5.1675,4.9025,0.4312446351931331,2.115021459227468
6089,5.1725,4.9025,0.4310615164520744,2.115021459227468
6090,5.165,4.90375,0.43042060085836914,2.1104434907010017
6091,5.155,4.90125,0.4312446351931331,2.115021459227468
6092,5.17,4.90125,0.43087839771101577,2.1104434907010017
6093,5.18,4.90375,0.43170243204577974,2.115021459227468
6094,5.1575,4.90375,0.43087839771101577,2.1104434907010017
6095,5.185,4.90125,0.432068669527897,2.1195994277539345
6096,5.155,4.90375,0.4295965665236052,2.1081545064377685
6097,5.18,4.9025,0.4306037195994278,2.1104434907010017
6098,5.18,4.9025,0.43170243204577974,2.115021459227468
6099,5.1775,4.90375,0.43142775393419175,2.115021459227468
6100,5.17,4.9025,0.42977968526466387,2.1081545064377685
6101,5.1875,4.9025,0.4322517882689557,2.1195994277539345
6102,5.18,4.90375,0.43170243204577974,2.115021459227468
6103,5.1675,4.90125,0.4312446351931331,2.115021459227468
6104,5.1675,4.9025,0.4306037195994278,2.1104434907010017
6105,5.1775,4.9025,0.43142775393419175,2.115021459227468
6106,5.185,4.905,0.43042060085836914,2.1104434907010017
6107,5.1575,4.9025,0.432068669527897,2.1195994277539345
6108,5.17,4.90375,0.43087839771101577,2.1104434907010017
6109,5.18,4.9025,0.4306037195994278,2.1104434907010017
6110,5.155,4.9025,0.4299628040057225,2.1081545064377685
6111,5.1525,4.9025,0.42941344778254653,2.103576537911302
6112,5.18,4.90125,0.43042060085836914,2.1104434907010017
6113,5.185,4.9025,0.4310615164520744,2.115021459227468
6114,5.1925,4.90375,0.43270958512160235,2.1218884120171677
6115,5.1675,4.9025,0.43042060085836914,2.1104434907010017
6116,5.175,4.9025,0.43087839771101577,2.1104434907010017
6117,5.16,4.905,0.4299628040057225,2.1081545064377685
6118,5.17,4.9025,0.4318855507868384,2.1195994277539345
6119,5.175,4.9025,0.4318855507868384,2.1195994277539345
6120,5.1625,4.90125,0.4302374821173105,2.1081545064377685
6121,5.145,4.9025,0.42877253218884126,2.103576537911302
6122,5.1575,4.905,0.4299628040057225,2.1081545064377685
6123,5.17,4.905,0.43087839771101577,2.115021459227468
6124,5.185,4.90125,0.432068669527897,2.1195994277539345
6125,5.1575,4.90375,0.4302374821173105,2.1104434907010017
6126,5.1475,4.9025,0.4289556509298999,2.103576537911302
6127,5.165,4.90375,0.43042060085836914,2.1104434907010017
6128,5.16,4.90375,0.432068669527897,2.1195994277539345
6129,5.155,4.9025,0.4295965665236052,2.1081545064377685
6130,5.165,4.9025,0.43042060085836914,2.1104434907010017
6131,5.1725,4.90375,0.4318855507868384,2.1195994277539345
6132,5.1625,4.90125,0.4302374821173105,2.1081545064377685
6133,5.2025,4.9025,0.43353361945636626,2.1264663805436337
6134,5.1475,4.9025,0.4312446351931331,2.115021459227468
6135,5.1725,4.90375,0.4310615164520744,2.115021459227468
6136,5.1525,4.9025,0.42941344778254653,2.103576537911302
6137,5.1525,4.90125,0.4312446351931331,2.115021459227468
6138,5.175,4.90375,0.4312446351931331,2.115021459227468
6139,5.175,4.90375,0.4312446351931331,2.115021459227468
6140,5.1475,4.90125,0.4322517882689557,2.1195994277539345
6141,5.1825,4.90375,0.4318855507868384,2.1195994277539345
6142,5.1825,4.90375,0.4318855507868384,2.1195994277539345
6143,5.1675,4.90375,0.43170243204577974,2.115021459227468
6144,5.1775,4.90125,0.43142775393419175,2.115021459227468
6145,5.17,4.9025,0.43087839771101577,2.1104434907010017
6146,5.1725,4.9025,0.42977968526466387,2.1081545064377685
6147,5.16,4.90375,0.43252646638054365,2.1218884120171677
6148,5.1875,4.9025,0.4322517882689557,2.1195994277539345
6149,5.1625,4.9025,0.42941344778254653,2.103576537911302
6150,5.18,4.90125,0.4310615164520744,2.1104434907010017
6151,5.17,4.9025,0.43087839771101577,2.1104434907010017
6152,5.165,4.90125,0.43142775393419175,2.115021459227468
6153,5.1775,4.9025,0.4322517882689557,2.1195994277539345
6154,5.18,4.90125,0.43170243204577974,2.115021459227468
6155,5.1725,4.9025,0.4312446351931331,2.115021459227468
6156,5.175,4.9025,0.4318855507868384,2.1195994277539345
6157,5.16,4.9025,0.4299628040057225,2.1081545064377685
6158,5.17,4.9025,0.4306037195994278,2.1104434907010017
6159,5.17,4.90375,0.4306037195994278,2.1104434907010017
6160,5.17,4.90375,0.43087839771101577,2.1104434907010017
6161,5.17,4.9025,0.43087839771101577,2.1104434907010017
6162,5.18,4.9025,0.42977968526466387,2.1081545064377685
6163,5.1575,4.9025,0.42977968526466387,2.1081545064377685
6164,5.16,4.90375,0.4299628040057225,2.1081545064377685
6165,5.19,4.90375,0.4318855507868384,2.1195994277539345
6166,5.18,4.90375,0.43170243204577974,2.115021459227468
6167,5.1775,4.9025,0.43142775393419175,2.115021459227468
6168,5.1725,4.9025,0.43252646638054365,2.1195994277539345
6169,5.1775,4.90375,0.43142775393419175,2.115021459227468
6170,5.1725,4.90125,0.4310615164520744,2.1104434907010017
6171,5.18,4.90375,0.4318855507868384,2.1195994277539345
6172,5.1875,4.9025,0.4322517882689557,2.1195994277539345
6173,5.1775,4.9025,0.43142775393419175,2.115021459227468
6174,5.155,4.90375,0.4310615164520744,2.115021459227468
6175,5.1875,4.90125,0.4322517882689557,2.1195994277539345
6176,5.1525,4.905,0.42941344778254653,2.1081545064377685
6177,5.17,4.90375,0.4312446351931331,2.115021459227468
6178,5.1775,4.9025,0.43142775393419175,2.115021459227468
6179,5.17,4.9025,0.43087839771101577,2.1104434907010017
6180,5.185,4.9025,0.43170243204577974,2.115021459227468
6181,5.1925,4.9025,0.43270958512160235,2.1218884120171677
6182,5.165,4.90375,0.43042060085836914,2.1104434907010017
6183,5.175,4.9025,0.43170243204577974,2.115021459227468
6184,5.1725,4.905,0.4310615164520744,2.115021459227468
6185,5.1525,4.9025,0.42941344778254653,2.103576537911302
6186,5.18,4.90375,0.4306037195994278,2.1104434907010017
6187,5.1925,4.90375,0.4318855507868384,2.1195994277539345
6188,5.1675,4.90375,0.4306037195994278,2.1104434907010017
6189,5.165,4.90375,0.4318855507868384,2.1195994277539345
6190,5.205,4.9025,0.4299628040057225,2.1081545064377685
6191,5.1675,4.90375,0.4306037195994278,2.1104434907010017
6192,5.175,4.90375,0.4302374821173105,2.1104434907010017
6193,5.2125,4.90375,0.43142775393419175,2.115021459227468
6194,5.1825,4.90125,0.4318855507868384,2.115021459227468
6195,5.175,4.905,0.4310615164520744,2.115021459227468
6196,5.1425,4.90125,0.4306037195994278,2.1104434907010017
6197,5.1675,4.9025,0.4306037195994278,2.1104434907010017
6198,5.1775,4.9025,0.43170243204577974,2.115021459227468
6199,5.19,4.90375,0.43142775393419175,2.115021459227468
6200,5.1675,4.90375,0.4306037195994278,2.1104434907010017
6201,5.17,4.9025,0.43087839771101577,2.1081545064377685
6202,5.2275,4.9025,0.4312446351931331,2.115021459227468
6203,5.1775,4.90125,0.43142775393419175,2.115021459227468
6204,5.185,4.90125,0.432068669527897,2.1195994277539345
6205,5.2125,4.905,0.4306037195994278,2.1104434907010017
6206,5.165,4.90375,0.43042060085836914,2.1104434907010017
6207,5.1675,4.9025,0.4306037195994278,2.1104434907010017
6208,5.185,4.9025,0.43170243204577974,2.115021459227468
6209,5.165,4.9025,0.43042060085836914,2.1104434907010017
6210,5.19,4.9025,0.43252646638054365,2.1195994277539345
6211,5.1575,4.9025,0.43142775393419175,2.115021459227468
6212,5.19,4.90375,0.43252646638054365,2.1218884120171677
6213,5.175,4.90125,0.4312446351931331,2.115021459227468
6214,5.1625,4.90125,0.4312446351931331,2.115021459227468
6215,5.17,4.90375,0.43087839771101577,2.1104434907010017
6216,5.165,4.90375,0.43042060085836914,2.1104434907010017
6217,5.1575,4.90125,0.43087839771101577,2.1104434907010017
6218,5.1575,4.9025,0.42977968526466387,2.1081545064377685
6219,5.155,4.90375,0.4295965665236052,2.1081545064377685
6220,5.1675,4.90375,0.4299628040057225,2.1081545064377685
6221,5.16,4.90125,0.4299628040057225,2.1081545064377685
6222,5.1625,4.90125,0.4302374821173105,2.1081545064377685
6223,5.1525,4.9025,0.4310615164520744,2.115021459227468
6224,5.1875,4.90375,0.4322517882689557,2.1195994277539345
6225,5.1775,4.90375,0.43142775393419175,2.115021459227468
6226,5.2075,4.9025,0.43087839771101577,2.1104434907010017
6227,5.175,4.905,0.4306037195994278,2.1104434907010017
6228,5.1475,4.9025,0.4289556509298999,2.103576537911302
6229,5.185,4.90125,0.43087839771101577,2.1104434907010017
6230,5.185,4.90375,0.432068669527897,2.1195994277539345
6231,5.175,4.9025,0.4312446351931331,2.115021459227468
6232,5.17,4.9025,0.43087839771101577,2.1104434907010017
6233,5.1825,4.905,0.4306037195994278,2.1104434907010017
6234,5.1725,4.90375,0.4310615164520744,2.115021459227468
6235,5.1925,4.9025,0.43252646638054365,2.1195994277539345
6236,5.165,4.9025,0.43142775393419175,2.115021459227468
6237,5.1775,4.9025,0.43142775393419175,2.115021459227468
6238,5.145,4.90125,0.4318855507868384,2.115021459227468
6239,5.1625,4.9025,0.43142775393419175,2.115021459227468
6240,5.2075,4.9025,0.43399141630901295,2.1264663805436337
6241,5.17,4.90375,0.43087839771101577,2.1104434907010017
6242,5.16,4.9025,0.42977968526466387,2.1081545064377685
6243,5.14,4.9025,0.42831473533619463,2.101287553648069
6244,5.16,4.90375,0.4299628040057225,2.1081545064377685
6245,5.1725,4.90375,0.42977968526466387,2.1081545064377685
6246,5.1925,4.90125,0.43270958512160235,2.1218884120171677
6247,5.2,4.9025,0.4333505007153076,2.1218884120171677
6248,5.145,4.9025,0.43087839771101577,2.1104434907010017
6249,5.195,4.90375,0.432892703862661,2.1218884120171677
6250,5.1575,4.90125,0.42977968526466387,2.1081545064377685
6251,5.1675,4.9025,0.43087839771101577,2.1104434907010017
6252,5.1825,4.90125,0.4318855507868384,2.115021459227468
6253,5.19,4.9025,0.43252646638054365,2.1195994277539345
6254,5.185,4.90375,0.43170243204577974,2.115021459227468
6255,5.2025,4.90375,0.43353361945636626,2.1264663805436337
6256,5.1775,4.90125,0.43142775393419175,2.115021459227468
6257,5.175,4.90375,0.4299628040057225,2.1081545064377685
6258,5.19,4.9025,0.43252646638054365,2.1195994277539345
6259,5.19,4.9025,0.43252646638054365,2.1195994277539345
6260,5.1575,4.90375,0.4306037195994278,2.1104434907010017
6261,5.1975,4.90375,0.433167381974249,2.1218884120171677
6262,5.1825,4.9025,0.4318855507868384,2.1195994277539345
6263,5.195,4.9025,0.4299628040057225,2.1081545064377685
6264,5.2075,4.90125,0.43399141630901295,2.1264663805436337
6265,5.185,4.9025,0.432068669527897,2.1195994277539345
6266,5.1575,4.90375,0.43170243204577974,2.115021459227468
6267,5.1725,4.9025,0.4310615164520744,2.115021459227468
6268,5.1825,4.90125,0.4318855507868384,2.115021459227468
6269,5.1625,4.905,0.432068669527897,2.1195994277539345
6270,5.1625,4.90375,0.43353361945636626,2.1264663805436337
6271,5.1775,4.9025,0.43142775393419175,2.115021459227468
6272,5.155,4.90375,0.43252646638054365,2.1218884120171677
6273,5.1575,4.90375,0.43170243204577974,2.115021459227468
6274,5.19,4.90125,0.43252646638054365,2.1195994277539345
6275,5.17,4.90375,0.432892703862661,2.1218884120171677
6276,5.1675,4.9025,0.43042060085836914,2.1104434907010017
6277,5.185,4.90125,0.432068669527897,2.1195994277539345
6278,5.1675,4.9025,0.4322517882689557,2.1195994277539345
6279,5.1675,4.9025,0.43142775393419175,2.115021459227468
6280,5.1675,4.90125,0.4306037195994278,2.1104434907010017
6281,5.18,4.9025,0.43170243204577974,2.1104434907010017
6282,5.1625,4.9025,0.43252646638054365,2.1195994277539345
6283,5.1875,4.9025,0.4322517882689557,2.1195994277539345
6284,5.1625,4.90375,0.4302374821173105,2.1104434907010017
6285,5.165,4.90125,0.4343576537911302,2.1310443490701
6286,5.1725,4.90125,0.4310615164520744,2.1104434907010017
6287,5.1575,4.9025,0.42977968526466387,2.1081545064377685
6288,5.1625,4.90125,0.4306037195994278,2.1104434907010017
6289,5.1775,4.90125,0.43142775393419175,2.115021459227468
6290,5.1575,4.90375,0.42977968526466387,2.1081545064377685
6291,5.175,4.9025,0.4343576537911302,2.1310443490701
6292,5.16,4.90125,0.4299628040057225,2.1081545064377685
6293,5.1675,4.90375,0.4306037195994278,2.1104434907010017
6294,5.18,4.90125,0.4343576537911302,2.1310443490701
6295,5.16,4.9025,0.4299628040057225,2.1081545064377685
6296,5.1625,4.90375,0.4302374821173105,2.1104434907010017
6297,5.1725,4.9025,0.4341745350500716,2.1310443490701
6298,5.1575,4.9025,0.42977968526466387,2.1081545064377685
6299,5.155,4.905,0.4295965665236052,2.1081545064377685
6300,5.1775,4.9025,0.4310615164520744,2.115021459227468
6301,5.1575,4.9025,0.42977968526466387,2.1081545064377685
6302,5.1725,4.9025,0.4310615164520744,2.115021459227468
6303,5.175,4.9025,0.4302374821173105,2.1081545064377685
6304,5.165,4.9025,0.43042060085836914,2.1104434907010017
6305,5.155,4.905,0.4295965665236052,2.1081545064377685
6306,5.175,4.90125,0.4333505007153076,2.1218884120171677
6307,5.16,4.90125,0.4299628040057225,2.1081545064377685
6308,5.1575,4.90375,0.42977968526466387,2.1081545064377685
6309,5.1725,4.90125,0.43481545064377686,2.1310443490701
6310,5.165,4.90375,0.42977968526466387,2.1081545064377685
6311,5.1625,4.9025,0.4302374821173105,2.1081545064377685
6312,5.1725,4.90125,0.4322517882689557,2.1195994277539345
6313,5.17,4.9025,0.432068669527897,2.1195994277539345
6314,5.1575,4.9025,0.42977968526466387,2.1081545064377685
6315,5.18,4.90125,0.43371673819742496,2.1264663805436337
6316,5.175,4.90375,0.43042060085836914,2.1104434907010017
6317,5.17,4.90375,0.43087839771101577,2.1104434907010017
6318,5.175,4.90125,0.4312446351931331,2.115021459227468
6319,5.17,4.90375,0.43087839771101577,2.1104434907010017
6320,5.175,4.9025,0.4312446351931331,2.115021459227468
6321,5.1725,4.90125,0.42877253218884126,2.101287553648069
6322,5.1675,4.9025,0.4302374821173105,2.1081545064377685
6323,5.18,4.9025,0.43170243204577974,2.115021459227468
6324,5.1825,4.9025,0.4318855507868384,2.1195994277539345
6325,5.17,4.90375,0.42913876967095854,2.103576537911302
6326,5.1675,4.90375,0.4306037195994278,2.1104434907010017
6327,5.18,4.9025,0.43170243204577974,2.115021459227468
6328,5.175,4.9025,0.4299628040057225,2.1081545064377685
6329,5.17,4.9025,0.43087839771101577,2.1104434907010017
6330,5.18,4.90375,0.43170243204577974,2.115021459227468
6331,5.1725,4.905,0.4295965665236052,2.1081545064377685
6332,5.165,4.905,0.43042060085836914,2.1104434907010017
6333,5.1875,4.90375,0.4322517882689557,2.1195994277539345
6334,5.18,4.9025,0.4299628040057225,2.1081545064377685
6335,5.1775,4.9025,0.43142775393419175,2.115021459227468
6336,5.1625,4.90375,0.4302374821173105,2.1104434907010017
6337,5.18,4.9025,0.4299628040057225,2.1081545064377685
6338,5.1825,4.9025,0.4318855507868384,2.1195994277539345
6339,5.1825,4.9025,0.4318855507868384,2.1195994277539345
6340,5.1725,4.90125,0.43042060085836914,2.1104434907010017
6341,5.1775,4.90125,0.43142775393419175,2.115021459227468
6342,5.1675,4.90375,0.4306037195994278,2.1104434907010017
6343,5.17,4.9025,0.43042060085836914,2.1104434907010017
6344,5.1775,4.90375,0.43142775393419175,2.115021459227468
6345,5.1775,4.9025,0.43142775393419175,2.115021459227468
6346,5.16,4.90375,0.42977968526466387,2.1081545064377685
6347,5.18,4.90375,0.43170243204577974,2.115021459227468
6348,5.175,4.9025,0.4312446351931331,2.115021459227468
6349,5.175,4.90375,0.4312446351931331,2.115021459227468
6350,5.1725,4.9025,0.4312446351931331,2.115021459227468
6351,5.17,4.9025,0.43087839771101577,2.1104434907010017
6352,5.1675,4.90375,0.4310615164520744,2.115021459227468
6353,5.165,4.90375,0.43142775393419175,2.115021459227468
6354,5.165,4.90375,0.43042060085836914,2.1104434907010017
6355,5.16,4.905,0.4306037195994278,2.1104434907010017
6356,5.175,4.9025,0.42941344778254653,2.103576537911302
6357,5.17,4.90125,0.43087839771101577,2.1104434907010017
6358,5.1725,4.90375,0.4318855507868384,2.1195994277539345
6359,5.185,4.90375,0.432068669527897,2.1195994277539345
6360,5.1925,4.90125,0.43270958512160235,2.1218884120171677
6361,5.165,4.9025,0.43087839771101577,2.1104434907010017
6362,5.16,4.90375,0.43170243204577974,2.115021459227468
6363,5.185,4.905,0.432068669527897,2.1195994277539345
6364,5.1775,4.9025,0.43142775393419175,2.115021459227468
6365,5.1675,4.905,0.43142775393419175,2.115021459227468
6366,5.17,4.9025,0.43087839771101577,2.1104434907010017
6367,5.1775,4.90375,0.43142775393419175,2.115021459227468
6368,5.1825,4.9025,0.4312446351931331,2.115021459227468
6369,5.1725,4.9025,0.4310615164520744,2.115021459227468
6370,5.1725,4.905,0.4310615164520744,2.115021459227468
6371,5.2,4.9025,0.43170243204577974,2.115021459227468
6372,5.1775,4.9025,0.43142775393419175,2.115021459227468
6373,5.17,4.90375,0.43087839771101577,2.1104434907010017
6374,5.1675,4.9025,0.43170243204577974,2.115021459227468
6375,5.17,4.9025,0.43087839771101577,2.1104434907010017
6376,5.17,4.90125,0.43087839771101577,2.1104434907010017
6377,5.19,4.90375,0.4318855507868384,2.1195994277539345
6378,5.1875,4.90375,0.4322517882689557,2.1195994277539345
6379,5.19,4.90125,0.43252646638054365,2.1195994277539345
6380,5.18,4.90375,0.4322517882689557,2.1195994277539345
6381,5.1775,4.9025,0.43142775393419175,2.115021459227468
6382,5.1775,4.9025,0.43142775393419175,2.115021459227468
6383,5.175,4.90375,0.43170243204577974,2.115021459227468
6384,5.1675,4.90125,0.4306037195994278,2.1104434907010017
6385,5.175,4.90125,0.4312446351931331,2.115021459227468
6386,5.175,4.90375,0.4312446351931331,2.115021459227468
6387,5.175,4.9025,0.4312446351931331,2.115021459227468
6388,5.165,4.90375,0.43042060085836914,2.1104434907010017
6389,5.1825,4.90125,0.4312446351931331,2.115021459227468
6390,5.18,4.905,0.42977968526466387,2.1081545064377685
6391,5.155,4.90125,0.4295965665236052,2.103576537911302
6392,5.1875,4.90125,0.4310615164520744,2.1104434907010017
6393,5.18,4.90125,0.43042060085836914,2.1104434907010017
6394,5.165,4.90625,0.43042060085836914,2.1104434907010017
6395,5.1625,4.9025,0.4322517882689557,2.1195994277539345
6396,5.175,4.9025,0.4312446351931331,2.115021459227468
6397,5.18,4.90375,0.43170243204577974,2.115021459227468
6398,5.1875,4.905,0.4312446351931331,2.115021459227468
6399,5.175,4.90125,0.42877253218884126,2.101287553648069
6400,5.2075,4.9025,0.43399141630901295,2.1264663805436337
6401,5.185,4.90375,0.4318855507868384,2.1195994277539345
6402,5.185,4.90125,0.4312446351931331,2.115021459227468
6403,5.165,4.90375,0.43042060085836914,2.1104434907010017
6404,5.205,4.9025,0.43371673819742496,2.115021459227468
6405,5.185,4.90125,0.43087839771101577,2.1104434907010017
6406,5.1625,4.9025,0.4302374821173105,2.1081545064377685
6407,5.1675,4.90125,0.4306037195994278,2.1104434907010017
6408,5.175,4.90625,0.432068669527897,2.1195994277539345
6409,5.165,4.90375,0.43042060085836914,2.1104434907010017
6410,5.1625,4.9025,0.4302374821173105,2.1081545064377685
6411,5.1675,4.9025,0.4295965665236052,2.1081545064377685
6412,5.2075,4.9025,0.43399141630901295,2.1264663805436337
6413,5.195,4.9025,0.432892703862661,2.1218884120171677
6414,5.15,4.90375,0.4302374821173105,2.1104434907010017
6415,5.2075,4.90375,0.43399141630901295,2.1264663805436337
6416,5.17,4.90375,0.43087839771101577,2.1104434907010017
6417,5.165,4.90375,0.4310615164520744,2.115021459227468
6418,5.18,4.90375,0.43170243204577974,2.115021459227468
6419,5.1975,4.9025,0.433167381974249,2.1218884120171677
6420,5.1675,4.90375,0.4312446351931331,2.115021459227468
6421,5.16,4.90375,0.4299628040057225,2.1081545064377685
6422,5.15,4.90125,0.42913876967095854,2.103576537911302
6423,5.1725,4.9025,0.4312446351931331,2.115021459227468
6424,5.1675,4.9025,0.4306037195994278,2.1104434907010017
6425,5.165,4.89875,0.43042060085836914,2.1081545064377685
6426,5.1625,4.9025,0.4312446351931331,2.115021459227468
6427,5.1875,4.90125,0.4322517882689557,2.1195994277539345
6428,5.1975,4.9025,0.433167381974249,2.1218884120171677
6429,5.135,4.90375,0.4306037195994278,2.1104434907010017
6430,5.19,4.90125,0.4295965665236052,2.103576537911302
6431,5.1575,4.90125,0.42977968526466387,2.1081545064377685
6432,5.18,4.9025,0.4312446351931331,2.115021459227468
6433,5.19,4.9025,0.432068669527897,2.1195994277539345
6434,5.185,4.90125,0.432068669527897,2.1195994277539345
6435,5.185,4.90375,0.4322517882689557,2.1195994277539345
6436,5.1725,4.9025,0.4302374821173105,2.1081545064377685
6437,5.1575,4.90375,0.42977968526466387,2.1081545064377685
6438,5.185,4.90125,0.4322517882689557,2.1195994277539345
6439,5.165,4.90125,0.43170243204577974,2.115021459227468
6440,5.1875,4.9025,0.4322517882689557,2.1195994277539345
6441,5.185,4.90375,0.43042060085836914,2.1104434907010017
6442,5.175,4.90375,0.4312446351931331,2.115021459227468
6443,5.17,4.90375,0.43087839771101577,2.1104434907010017
6444,5.18,4.90125,0.43170243204577974,2.115021459227468
6445,5.1775,4.9025,0.4318855507868384,2.1195994277539345
6446,5.165,4.90375,0.43042060085836914,2.1104434907010017
6447,5.17,4.9025,0.43087839771101577,2.1104434907010017
6448,5.165,4.90125,0.43270958512160235,2.1218884120171677
6449,5.17,4.9025,0.43087839771101577,2.1104434907010017
6450,5.175,4.9025,0.4312446351931331,2.115021459227468
6451,5.1775,4.9025,0.4310615164520744,2.115021459227468
6452,5.16,4.9025,0.4299628040057225,2.1081545064377685
6453,5.17,4.905,0.43087839771101577,2.115021459227468
6454,5.1625,4.905,0.43087839771101577,2.115021459227468
6455,5.185,4.90375,0.432068669527897,2.1195994277539345
6456,5.18,4.9025,0.43170243204577974,2.115021459227468
6457,5.1725,4.90375,0.432892703862661,2.1218884120171677
6458,5.16,4.90375,0.4299628040057225,2.1081545064377685
6459,5.1625,4.90375,0.4302374821173105,2.1104434907010017
6460,5.1825,4.90375,0.4295965665236052,2.1081545064377685
6461,5.145,4.90375,0.42877253218884126,2.103576537911302
6462,5.1975,4.90375,0.433167381974249,2.1218884120171677
6463,5.1975,4.90375,0.4310615164520744,2.115021459227468
6464,5.185,4.9025,0.432068669527897,2.1195994277539345
6465,5.1875,4.90375,0.4322517882689557,2.1195994277539345
6466,5.1525,4.9025,0.4312446351931331,2.115021459227468
6467,5.1775,4.9025,0.43142775393419175,2.115021459227468
6468,5.16,4.9025,0.4299628040057225,2.1081545064377685
6469,5.18,4.90375,0.4306037195994278,2.1104434907010017
6470,5.1825,4.9025,0.4318855507868384,2.1195994277539345
6471,5.18,4.90375,0.43170243204577974,2.115021459227468
6472,5.205,4.90375,0.4343576537911302,2.1310443490701
6473,5.175,4.9025,0.4312446351931331,2.115021459227468
6474,5.15,4.90375,0.42913876967095854,2.103576537911302
6475,5.1925,4.9025,0.4312446351931331,2.115021459227468
6476,5.2025,4.90375,0.43087839771101577,2.1104434907010017
6477,5.175,4.90375,0.4312446351931331,2.115021459227468
6478,5.195,4.9025,0.43042060085836914,2.1104434907010017
6479,5.1575,4.90375,0.4299628040057225,2.1081545064377685
6480,5.1475,4.90375,0.4289556509298999,2.103576537911302
6481,5.1975,4.9025,0.43170243204577974,2.115021459227468
6482,5.1875,4.90125,0.432068669527897,2.1195994277539345
6483,5.165,4.9025,0.43042060085836914,2.1104434907010017
6484,5.16,4.90125,0.4302374821173105,2.1081545064377685
6485,5.165,4.9025,0.43170243204577974,2.115021459227468
6486,5.1625,4.90375,0.4302374821173105,2.1104434907010017
6487,5.16,4.90375,0.4299628040057225,2.1081545064377685
6488,5.1375,4.9025,0.43371673819742496,2.1264663805436337
6489,5.17,4.90125,0.43087839771101577,2.1104434907010017
6490,5.1775,4.90375,0.43142775393419175,2.115021459227468
6491,5.155,4.9025,0.43170243204577974,2.115021459227468
6492,5.1925,4.90125,0.43270958512160235,2.1218884120171677
6493,5.185,4.90375,0.432068669527897,2.1195994277539345
6494,5.1775,4.9025,0.43042060085836914,2.1104434907010017
6495,5.175,4.9025,0.4312446351931331,2.115021459227468
6496,5.135,4.905,0.4279484978540773,2.101287553648069
6497,4.9925,4.9075,0.4302374821173105,2.1104434907010017
6498,5.18,4.90125,0.43170243204577974,2.115021459227468
6499,5.21,4.9025,0.4341745350500716,2.1310443490701
6500,5.1725,4.905,0.4299628040057225,2.1081545064377685
6501,5.1825,4.90375,0.4318855507868384,2.1195994277539345
6502,5.165,4.9025,0.43042060085836914,2.1104434907010017
6503,5.18,4.90375,0.4302374821173105,2.1104434907010017
6504,5.1725,4.9025,0.4310615164520744,2.115021459227468
6505,5.2,4.90375,0.4333505007153076,2.1264663805436337
6506,5.2,4.90375,0.4310615164520744,2.115021459227468
6507,5.1575,4.90375,0.42977968526466387,2.1081545064377685
6508,5.1875,4.9025,0.4322517882689557,2.1195994277539345
6509,5.1875,4.9025,0.4312446351931331,2.115021459227468
6510,5.19,4.90375,0.43252646638054365,2.1218884120171677
6511,5.2,4.90125,0.4333505007153076,2.1218884120171677
6512,5.17,4.9025,0.4322517882689557,2.1195994277539345
6513,5.1925,4.90125,0.4318855507868384,2.115021459227468
6514,5.1525,4.90375,0.42941344778254653,2.103576537911302
6515,5.1675,4.90375,0.4299628040057225,2.1081545064377685
6516,5.18,4.90375,0.4299628040057225,2.1081545064377685
6517,5.2025,4.905,0.43353361945636626,2.1264663805436337
6518,5.1525,4.90375,0.43042060085836914,2.1104434907010017
6519,5.1825,4.89875,0.4306037195994278,2.1081545064377685
6520,5.1575,4.90125,0.42977968526466387,2.1081545064377685
6521,5.1775,4.90125,0.43270958512160235,2.1218884120171677
6522,5.165,4.9025,0.432068669527897,2.1195994277539345
6523,5.2175,4.9025,0.43481545064377686,2.1310443490701
6524,5.1775,4.90125,0.42849785407725327,2.101287553648069
6525,5.17,4.90125,0.4306037195994278,2.1104434907010017
6526,5.23,4.90375,0.43582260371959947,2.1379113018598
6527,5.19,4.90125,0.43252646638054365,2.1195994277539345
6528,5.1825,4.90125,0.43087839771101577,2.1104434907010017
6529,5.185,4.90375,0.432068669527897,2.1195994277539345
6530,5.16,4.90375,0.4299628040057225,2.1081545064377685
6531,5.1725,4.9025,0.43087839771101577,2.1104434907010017
6532,5.1375,4.9025,0.42813161659513593,2.101287553648069
6533,5.1675,4.9025,0.4306037195994278,2.1104434907010017
6534,5.175,4.9025,0.432892703862661,2.1218884120171677
6535,5.2125,4.90375,0.4343576537911302,2.1310443490701
6536,5.185,4.9025,0.432068669527897,2.1195994277539345
6537,5.1775,4.90125,0.4351816881258942,2.1333333333333337
6538,5.2,4.9025,0.4333505007153076,2.1218884120171677
6539,5.1825,4.90375,0.4318855507868384,2.1195994277539345
6540,5.1775,4.90125,0.43353361945636626,2.1264663805436337
6541,5.17,4.9025,0.43087839771101577,2.1104434907010017
6542,5.17,4.9025,0.43087839771101577,2.1104434907010017
6543,5.1775,4.905,0.4312446351931331,2.115021459227468
6544,5.165,4.9025,0.43042060085836914,2.1104434907010017
6545,5.195,4.90375,0.432892703862661,2.1218884120171677
6546,5.1825,4.9025,0.4322517882689557,2.1195994277539345
6547,5.1675,4.9025,0.4306037195994278,2.1104434907010017
6548,5.185,4.90125,0.432068669527897,2.1195994277539345
6549,5.1725,4.90375,0.4302374821173105,2.1104434907010017
6550,5.2225,4.90375,0.4351816881258942,2.1333333333333337
6551,5.185,4.90375,0.432068669527897,2.1195994277539345
6552,5.175,4.9025,0.4312446351931331,2.115021459227468
6553,5.17,4.90375,0.43353361945636626,2.1264663805436337
6554,5.175,4.90375,0.4312446351931331,2.115021459227468
6555,5.18,4.9025,0.43270958512160235,2.1218884120171677
6556,5.1725,4.9025,0.42913876967095854,2.103576537911302
6557,5.18,4.90125,0.43170243204577974,2.115021459227468
6558,5.1725,4.90125,0.43042060085836914,2.1104434907010017
6559,5.1775,4.90375,0.4295965665236052,2.1081545064377685
6560,5.1675,4.90375,0.4306037195994278,2.1104434907010017
6561,5.19,4.9025,0.4333505007153076,2.1218884120171677
6562,5.175,4.90375,0.4295965665236052,2.1081545064377685
6563,5.1775,4.90375,0.43142775393419175,2.115021459227468
6564,5.1725,4.9025,0.43270958512160235,2.1218884120171677
6565,5.1725,4.90375,0.4271244635193133,2.0921316165951365
6566,5.1725,4.9025,0.4310615164520744,2.115021459227468
6567,5.17,4.90375,0.43087839771101577,2.103576537911302
6568,5.17,4.90375,0.432068669527897,2.1195994277539345
6569,5.165,4.9025,0.43042060085836914,2.1104434907010017
6570,5.1625,4.90375,0.4302374821173105,2.1104434907010017
6571,5.17,4.9025,0.4318855507868384,2.1195994277539345
6572,5.18,4.90375,0.43170243204577974,2.115021459227468
6573,5.1725,4.90375,0.4310615164520744,2.115021459227468
6574,5.1825,4.90375,0.433167381974249,2.1218884120171677
6575,5.1825,4.9025,0.4318855507868384,2.1195994277539345
6576,5.1675,4.90375,0.4306037195994278,2.1104434907010017
6577,5.175,4.9025,0.42977968526466387,2.1081545064377685
6578,5.1825,4.90375,0.4318855507868384,2.1195994277539345
6579,5.1775,4.90375,0.43142775393419175,2.115021459227468
6580,5.165,4.9025,0.43087839771101577,2.1104434907010017
6581,5.1775,4.90375,0.43142775393419175,2.115021459227468
6582,5.18,4.90375,0.43170243204577974,2.115021459227468
6583,5.1775,4.90125,0.43042060085836914,2.1104434907010017
6584,5.175,4.9025,0.4312446351931331,2.115021459227468
6585,5.18,4.90375,0.43170243204577974,2.115021459227468
6586,5.1725,4.90125,0.43042060085836914,2.1104434907010017
6587,5.1875,4.90125,0.4322517882689557,2.1195994277539345
6588,5.17,4.90375,0.43087839771101577,2.1104434907010017
6589,5.1725,4.9025,0.43087839771101577,2.1104434907010017
6590,5.1725,4.90375,0.4310615164520744,2.115021459227468
6591,5.185,4.9025,0.432068669527897,2.1195994277539345
6592,5.1775,4.9025,0.4310615164520744,2.115021459227468
6593,5.185,4.9025,0.4312446351931331,2.115021459227468
6594,5.17,4.90375,0.43087839771101577,2.1104434907010017
6595,5.175,4.9025,0.43142775393419175,2.115021459227468
6596,5.1725,4.90375,0.4318855507868384,2.1195994277539345
6597,5.175,4.9025,0.4312446351931331,2.115021459227468
6598,5.1825,4.9025,0.4302374821173105,2.1081545064377685
6599,5.1775,4.9025,0.4322517882689557,2.1195994277539345
6600,5.165,4.9025,0.43042060085836914,2.1104434907010017
6601,5.17,4.90375,0.4312446351931331,2.115021459227468
6602,5.1725,4.9025,0.43087839771101577,2.1104434907010017
6603,5.1725,4.9025,0.4310615164520744,2.115021459227468
6604,5.1625,4.9025,0.42977968526466387,2.1081545064377685
6605,5.16,4.9025,0.43170243204577974,2.115021459227468
6606,5.1775,4.9025,0.43142775393419175,2.115021459227468
6607,5.1775,4.9025,0.432068669527897,2.1195994277539345
6608,5.18,4.90375,0.4302374821173105,2.1104434907010017
6609,5.17,4.9025,0.43087839771101577,2.1104434907010017
6610,5.1725,4.90375,0.4310615164520744,2.1104434907010017
6611,5.1675,4.9025,0.4318855507868384,2.1195994277539345
6612,5.175,4.9025,0.4312446351931331,2.115021459227468
6613,5.165,4.9025,0.43042060085836914,2.1104434907010017
6614,5.16,4.905,0.43142775393419175,2.115021459227468
6615,5.1825,4.9025,0.4318855507868384,2.1195994277539345
6616,5.18,4.9025,0.43170243204577974,2.115021459227468
6617,5.1675,4.90375,0.4318855507868384,2.1195994277539345
6618,5.175,4.9025,0.4312446351931331,2.115021459227468
6619,5.17,4.9025,0.43087839771101577,2.1104434907010017
6620,5.165,4.9025,0.4312446351931331,2.115021459227468
6621,5.165,4.90375,0.43042060085836914,2.1104434907010017
6622,5.1825,4.90125,0.4318855507868384,2.115021459227468
6623,5.165,4.90375,0.43170243204577974,2.115021459227468
6624,5.16,4.9025,0.4299628040057225,2.1081545064377685
6625,5.19,4.90375,0.43252646638054365,2.1218884120171677
6626,5.1725,4.90375,0.43142775393419175,2.115021459227468
6627,5.175,4.90375,0.4312446351931331,2.115021459227468
6628,5.175,4.90375,0.4312446351931331,2.115021459227468
6629,5.17,4.905,0.4310615164520744,2.115021459227468
6630,5.1775,4.9025,0.43142775393419175,2.115021459227468
6631,5.1675,4.9025,0.4306037195994278,2.1104434907010017
6632,5.175,4.90375,0.4312446351931331,2.115021459227468
6633,5.1775,4.9025,0.43142775393419175,2.115021459227468
6634,5.1775,4.90375,0.43142775393419175,2.115021459227468
6635,5.1675,4.9025,0.4310615164520744,2.115021459227468
6636,5.1825,4.90125,0.4306037195994278,2.1104434907010017
6637,5.1775,4.90375,0.43142775393419175,2.115021459227468
6638,5.145,4.9025,0.43087839771101577,2.1104434907010017
6639,5.175,4.90375,0.4312446351931331,2.115021459227468
6640,5.1825,4.90375,0.4318855507868384,2.1195994277539345
6641,5.18,4.90375,0.43142775393419175,2.115021459227468
6642,5.185,4.9025,0.43142775393419175,2.115021459227468
6643,5.185,4.90375,0.432068669527897,2.1195994277539345
6644,5.175,4.9025,0.43142775393419175,2.115021459227468
6645,5.1725,4.90375,0.4312446351931331,2.115021459227468
6646,5.1725,4.90375,0.4310615164520744,2.115021459227468
6647,5.1775,4.9025,0.4312446351931331,2.115021459227468
6648,5.1575,4.90375,0.4310615164520744,2.115021459227468
6649,5.17,4.90125,0.43087839771101577,2.1104434907010017
6650,5.17,4.9025,0.43087839771101577,2.1104434907010017
6651,5.1675,4.90125,0.432068669527897,2.1195994277539345
6652,5.1775,4.90375,0.43142775393419175,2.115021459227468
6653,5.1775,4.90375,0.43142775393419175,2.115021459227468
6654,5.175,4.90375,0.432068669527897,2.1195994277539345
6655,5.175,4.90375,0.4312446351931331,2.115021459227468
6656,5.1825,4.90375,0.4318855507868384,2.1195994277539345
6657,5.16,4.9025,0.43042060085836914,2.1104434907010017
6658,5.1875,4.9025,0.4322517882689557,2.1195994277539345
6659,5.1775,4.9025,0.43142775393419175,2.115021459227468
6660,5.1825,4.9025,0.43142775393419175,2.115021459227468
6661,5.175,4.90125,0.4312446351931331,2.115021459227468
6662,5.17,4.9025,0.43087839771101577,2.1104434907010017
6663,5.16,4.90375,0.43170243204577974,2.115021459227468
6664,5.18,4.9025,0.43170243204577974,2.115021459227468
6665,5.17,4.9025,0.43087839771101577,2.1104434907010017
6666,5.1625,4.9025,0.4312446351931331,2.115021459227468
6667,5.1725,4.9025,0.4310615164520744,2.115021459227468
6668,5.17,4.90375,0.43087839771101577,2.1104434907010017
6669,5.1775,4.9025,0.4295965665236052,2.1081545064377685
6670,5.195,4.90375,0.432892703862661,2.1218884120171677
6671,5.1625,4.90125,0.4302374821173105,2.1081545064377685
6672,5.1925,4.90375,0.4318855507868384,2.1195994277539345
6673,5.1825,4.90375,0.4318855507868384,2.1195994277539345
6674,5.16,4.905,0.4299628040057225,2.1081545064377685
6675,5.185,4.9025,0.42977968526466387,2.1081545064377685
6676,5.1775,4.90375,0.43170243204577974,2.115021459227468
6677,5.17,4.90125,0.43087839771101577,2.1104434907010017
6678,5.1725,4.9025,0.4312446351931331,2.115021459227468
6679,5.17,4.9025,0.43087839771101577,2.1104434907010017
6680,5.1775,4.90375,0.43142775393419175,2.115021459227468
6681,5.1725,4.90375,0.43042060085836914,2.1104434907010017
6682,5.17,4.90375,0.43142775393419175,2.115021459227468
6683,5.18,4.90125,0.43170243204577974,2.115021459227468
6684,5.1875,4.9025,0.4318855507868384,2.1195994277539345
6685,5.1725,4.905,0.4302374821173105,2.1104434907010017
6686,5.1675,4.9025,0.4306037195994278,2.1104434907010017
6687,5.1725,4.90375,0.43087839771101577,2.1104434907010017
6688,5.1675,4.905,0.43087839771101577,2.115021459227468
6689,5.1725,4.90375,0.4310615164520744,2.115021459227468
6690,5.165,4.90375,0.43042060085836914,2.115021459227468
6691,5.1625,4.9025,0.4306037195994278,2.1104434907010017
6692,5.1625,4.90375,0.4302374821173105,2.1104434907010017
6693,5.175,4.90125,0.4312446351931331,2.115021459227468
6694,5.1675,4.9025,0.43087839771101577,2.1104434907010017
6695,5.1675,4.9025,0.4306037195994278,2.1104434907010017
6696,5.175,4.905,0.4312446351931331,2.115021459227468
6697,5.1725,4.9025,0.4322517882689557,2.1195994277539345
6698,5.1725,4.9025,0.4310615164520744,2.115021459227468
6699,5.2025,4.9025,0.43353361945636626,2.1264663805436337
6700,5.1725,4.9025,0.4310615164520744,2.115021459227468
6701,5.165,4.9025,0.43042060085836914,2.1104434907010017
6702,5.18,4.9025,0.43170243204577974,2.115021459227468
6703,5.17,4.90375,0.43170243204577974,2.115021459227468
6704,5.1775,4.9025,0.43142775393419175,2.115021459227468
6705,5.17,4.9025,0.43087839771101577,2.1104434907010017
6706,5.175,4.9025,0.4312446351931331,2.115021459227468
6707,5.175,4.90125,0.4312446351931331,2.115021459227468
6708,5.185,4.9025,0.432068669527897,2.1195994277539345
6709,5.1375,4.9025,0.4318855507868384,2.1195994277539345
6710,5.1775,4.9025,0.43142775393419175,2.115021459227468
6711,5.17,4.9025,0.43087839771101577,2.1104434907010017
6712,5.16,4.90375,0.4306037195994278,2.1104434907010017
6713,5.1775,4.9025,0.43142775393419175,2.115021459227468
6714,5.1775,4.9025,0.43142775393419175,2.115021459227468
6715,5.175,4.90375,0.4306037195994278,2.1104434907010017
6716,5.1725,4.9025,0.4310615164520744,2.115021459227468
6717,5.1775,4.90375,0.43142775393419175,2.115021459227468
6718,5.16,4.9025,0.4310615164520744,2.115021459227468
6719,5.1675,4.90375,0.43170243204577974,2.115021459227468
6720,5.1675,4.9025,0.4306037195994278,2.1104434907010017
6721,5.18,4.90375,0.4295965665236052,2.1081545064377685
6722,5.145,4.90375,0.43142775393419175,2.115021459227468
6723,5.1675,4.9025,0.4306037195994278,2.1104434907010017
6724,5.155,4.90375,0.4312446351931331,2.115021459227468
6725,5.18,4.9025,0.4306037195994278,2.1104434907010017
6726,5.1825,4.90125,0.4318855507868384,2.115021459227468
6727,5.175,4.9025,0.43170243204577974,2.115021459227468
6728,5.1875,4.9025,0.4312446351931331,2.115021459227468
6729,5.1725,4.90375,0.4310615164520744,2.115021459227468
6730,5.18,4.9025,0.43087839771101577,2.1104434907010017
6731,5.175,4.90375,0.4299628040057225,2.1081545064377685
6732,5.18,4.9025,0.43170243204577974,2.115021459227468
6733,5.1925,4.9025,0.43270958512160235,2.1218884120171677
6734,5.1675,4.9025,0.43170243204577974,2.115021459227468
6735,5.16,4.9025,0.4299628040057225,2.1081545064377685
6736,5.1825,4.90375,0.4318855507868384,2.1195994277539345
6737,5.18,4.905,0.4312446351931331,2.115021459227468
6738,5.17,4.9025,0.43087839771101577,2.1104434907010017
6739,5.1875,4.9025,0.4322517882689557,2.1195994277539345
6740,5.1675,4.9025,0.43170243204577974,2.115021459227468
6741,5.1625,4.9025,0.4302374821173105,2.1081545064377685
6742,5.1725,4.90125,0.4310615164520744,2.1104434907010017
6743,5.16,4.9025,0.432068669527897,2.1195994277539345
6744,5.1625,4.9025,0.4302374821173105,2.1081545064377685
6745,5.18,4.9025,0.43170243204577974,2.115021459227468
6746,5.1825,4.9025,0.43170243204577974,2.115021459227468
6747,5.1725,4.9025,0.4310615164520744,2.115021459227468
6748,5.17,4.90375,0.43087839771101577,2.1104434907010017
6749,5.17,4.9025,0.4310615164520744,2.115021459227468
6750,5.18,4.90375,0.43170243204577974,2.115021459227468
6751,5.18,4.90375,0.43170243204577974,2.115021459227468
6752,5.16,4.90375,0.43142775393419175,2.115021459227468
6753,5.1925,4.90125,0.43270958512160235,2.1218884120171677
6754,5.1825,4.9025,0.4318855507868384,2.1195994277539345
6755,5.1975,4.905,0.4312446351931331,2.115021459227468
6756,5.16,4.9025,0.4299628040057225,2.1081545064377685
6757,5.19,4.9025,0.43252646638054365,2.1195994277539345
6758,5.175,4.90375,0.43170243204577974,2.115021459227468
6759,5.18,4.90125,0.4322517882689557,2.1195994277539345
6760,5.17,4.9025,0.43087839771101577,2.1104434907010017
6761,5.185,4.90125,0.4318855507868384,2.115021459227468
6762,5.1775,4.905,0.43087839771101577,2.115021459227468
6763,5.16,4.90375,0.4299628040057225,2.1081545064377685
6764,5.1775,4.90375,0.43042060085836914,2.1104434907010017
6765,5.17,4.9025,0.43170243204577974,2.115021459227468
6766,5.1625,4.90375,0.4302374821173105,2.1104434907010017
6767,5.17,4.90375,0.4310615164520744,2.115021459227468
6768,5.1775,4.9025,0.4322517882689557,2.1195994277539345
6769,5.1675,4.9025,0.4306037195994278,2.1104434907010017
6770,5.1825,4.90375,0.43142775393419175,2.115021459227468
6771,5.18,4.9,0.43087839771101577,2.1104434907010017
6772,5.19,4.90375,0.43252646638054365,2.1218884120171677
6773,5.16,4.9025,0.4299628040057225,2.115021459227468
6774,5.1525,4.90375,0.43142775393419175,2.115021459227468
6775,5.18,4.90125,0.43170243204577974,2.115021459227468
6776,5.1925,4.90125,0.43270958512160235,2.1218884120171677
6777,5.1575,4.9025,0.4310615164520744,2.115021459227468
6778,5.17,4.90375,0.43087839771101577,2.1104434907010017
6779,5.1725,4.90375,0.4310615164520744,2.115021459227468
6780,5.175,4.90375,0.43170243204577974,2.115021459227468
6781,5.17,4.90375,0.43087839771101577,2.1104434907010017
6782,5.1675,4.9025,0.4306037195994278,2.1104434907010017
6783,5.1875,4.9025,0.43170243204577974,2.115021459227468
6784,5.16,4.9025,0.4299628040057225,2.1081545064377685
6785,5.175,4.90375,0.4312446351931331,2.115021459227468
6786,5.18,4.90375,0.43252646638054365,2.1218884120171677
6787,5.175,4.9025,0.4312446351931331,2.115021459227468
6788,5.1825,4.90125,0.4318855507868384,2.115021459227468
6789,5.16,4.9025,0.432068669527897,2.1195994277539345
6790,5.1675,4.9025,0.4306037195994278,2.1104434907010017
6791,5.185,4.9025,0.432068669527897,2.1195994277539345
6792,5.1575,4.90375,0.4310615164520744,2.115021459227468
6793,5.175,4.90375,0.4312446351931331,2.115021459227468
6794,5.15,4.9025,0.42913876967095854,2.103576537911302
6795,5.1825,4.9025,0.4299628040057225,2.1081545064377685
6796,5.18,4.9025,0.43170243204577974,2.115021459227468
6797,5.1675,4.90375,0.4306037195994278,2.1104434907010017
6798,5.175,4.9025,0.4310615164520744,2.115021459227468
6799,5.1625,4.90375,0.43270958512160235,2.1218884120171677
6800,5.1725,4.90125,0.4310615164520744,2.1104434907010017
6801,5.1925,4.90375,0.4299628040057225,2.1081545064377685
6802,5.1725,4.90375,0.4322517882689557,2.1195994277539345
6803,5.175,4.90375,0.4312446351931331,2.115021459227468
6804,5.185,4.90125,0.43252646638054365,2.1195994277539345
6805,5.1675,4.9025,0.43170243204577974,2.115021459227468
6806,5.1875,4.9025,0.4322517882689557,2.1195994277539345
6807,5.1775,4.9025,0.43042060085836914,2.1104434907010017
6808,5.1725,4.90125,0.43170243204577974,2.115021459227468
6809,5.17,4.90125,0.43087839771101577,2.1104434907010017
6810,5.17,4.90125,0.4312446351931331,2.115021459227468
6811,5.1525,4.9025,0.4299628040057225,2.1081545064377685
6812,5.1575,4.9025,0.42977968526466387,2.1081545064377685
6813,5.185,4.90125,0.432068669527897,2.1195994277539345
6814,5.16,4.90375,0.43353361945636626,2.1264663805436337
6815,5.165,4.90375,0.43042060085836914,2.1104434907010017
6816,5.1775,4.9025,0.43142775393419175,2.115021459227468
6817,5.155,4.90125,0.4306037195994278,2.1104434907010017
6818,5.1675,4.90375,0.4306037195994278,2.1104434907010017
6819,5.175,4.9025,0.4312446351931331,2.115021459227468
6820,5.17,4.9025,0.432068669527897,2.1195994277539345
6821,5.18,4.9025,0.43170243204577974,2.115021459227468
6822,5.175,4.90375,0.4312446351931331,2.115021459227468
6823,5.1725,4.90125,0.43170243204577974,2.115021459227468
6824,5.18,4.9025,0.43170243204577974,2.115021459227468
6825,5.185,4.90125,0.432068669527897,2.1195994277539345
6826,5.1625,4.9025,0.43087839771101577,2.1104434907010017
6827,5.1575,4.90125,0.42977968526466387,2.1081545064377685
6828,5.1775,4.90375,0.43142775393419175,2.115021459227468
6829,5.1575,4.9025,0.433167381974249,2.1218884120171677
6830,5.1875,4.9,0.4322517882689557,2.1195994277539345
6831,5.1725,4.9025,0.4310615164520744,2.115021459227468
6832,5.195,4.90375,0.43042060085836914,2.1104434907010017
6833,5.1675,4.90375,0.4306037195994278,2.1104434907010017
6834,5.175,4.9025,0.4312446351931331,2.115021459227468
6835,5.1725,4.905,0.43170243204577974,2.1195994277539345
6836,5.17,4.90375,0.43087839771101577,2.1104434907010017
6837,5.16,4.9025,0.4299628040057225,2.1081545064377685
6838,5.175,4.90375,0.43087839771101577,2.1104434907010017
6839,5.185,4.9025,0.432068669527897,2.1195994277539345
6840,5.1725,4.9025,0.4310615164520744,2.115021459227468
6841,5.1825,4.90375,0.43087839771101577,2.1104434907010017
6842,5.18,4.9025,0.4322517882689557,2.1195994277539345
6843,5.17,4.9025,0.43087839771101577,2.1104434907010017
6844,5.1875,4.90125,0.43170243204577974,2.115021459227468
6845,5.1675,4.9025,0.4306037195994278,2.1104434907010017
6846,5.18,4.9025,0.43170243204577974,2.115021459227468
6847,5.17,4.9025,0.43087839771101577,2.1104434907010017
6848,5.18,4.90125,0.4306037195994278,2.1104434907010017
6849,5.1725,4.90125,0.4310615164520744,2.1104434907010017
6850,5.17,4.90125,0.4318855507868384,2.115021459227468
6851,5.1725,4.9025,0.43042060085836914,2.1104434907010017
6852,5.145,4.90375,0.42877253218884126,2.103576537911302
6853,5.17,4.905,0.43042060085836914,2.1104434907010017
6854,5.1875,4.9025,0.4302374821173105,2.1081545064377685
6855,5.165,4.90375,0.43042060085836914,2.1104434907010017
6856,5.1725,4.9025,0.4310615164520744,2.115021459227468
6857,5.1625,4.90375,0.43087839771101577,2.1104434907010017
6858,5.19,4.9025,0.43252646638054365,2.1195994277539345
6859,5.1825,4.905,0.4318855507868384,2.1195994277539345
6860,5.17,4.9025,0.4295965665236052,2.1081545064377685
6861,5.1675,4.9025,0.4306037195994278,2.1104434907010017
6862,5.16,4.90375,0.4299628040057225,2.1081545064377685
6863,5.17,4.90375,0.43252646638054365,2.1218884120171677
6864,5.1625,4.90375,0.4302374821173105,2.1104434907010017
6865,5.19,4.90375,0.43252646638054365,2.1218884120171677
6866,5.17,4.9025,0.4318855507868384,2.1195994277539345
6867,5.195,4.9025,0.432892703862661,2.1218884120171677
6868,5.175,4.9025,0.4312446351931331,2.115021459227468
6869,5.185,4.9025,0.4310615164520744,2.115021459227468
6870,5.18,4.90125,0.43170243204577974,2.115021459227468
6871,5.1775,4.90375,0.43142775393419175,2.115021459227468
6872,5.1875,4.90125,0.43087839771101577,2.1104434907010017
6873,5.165,4.90375,0.43042060085836914,2.1104434907010017
6874,5.1725,4.9025,0.4310615164520744,2.115021459227468
6875,5.1775,4.90125,0.4318855507868384,2.115021459227468
6876,5.165,4.90125,0.43042060085836914,2.1104434907010017
6877,5.1825,4.90125,0.4318855507868384,2.115021459227468
6878,5.19,4.9025,0.43142775393419175,2.115021459227468
6879,5.185,4.9025,0.432068669527897,2.1195994277539345
6880,5.1775,4.90125,0.43142775393419175,2.115021459227468
6881,5.165,4.9025,0.4312446351931331,2.115021459227468
6882,5.1675,4.9025,0.4318855507868384,2.1195994277539345
6883,5.175,4.90375,0.4312446351931331,2.115021459227468
6884,5.16,4.90375,0.43087839771101577,2.1104434907010017
6885,5.17,4.9025,0.4306037195994278,2.1104434907010017
6886,5.175,4.9025,0.4312446351931331,2.115021459227468
6887,5.18,4.9025,0.43170243204577974,2.115021459227468
6888,5.185,4.90375,0.4302374821173105,2.1104434907010017
6889,5.175,4.90125,0.4312446351931331,2.115021459227468
6890,5.18,4.9025,0.4318855507868384,2.1195994277539345
6891,5.16,4.90375,0.43042060085836914,2.1104434907010017
6892,5.1825,4.90125,0.4318855507868384,2.115021459227468
6893,5.1775,4.90125,0.42941344778254653,2.103576537911302
6894,5.2025,4.90125,0.43142775393419175,2.115021459227468
6895,5.15,4.90375,0.42913876967095854,2.103576537911302
6896,5.155,4.9025,0.4295965665236052,2.115021459227468
6897,5.1875,4.90125,0.43142775393419175,2.115021459227468
6898,5.19,4.905,0.43252646638054365,2.1218884120171677
6899,5.195,4.90125,0.432892703862661,2.1218884120171677
6900,5.21,4.9025,0.43042060085836914,2.1104434907010017
6901,5.1675,4.9025,0.4306037195994278,2.1104434907010017
6902,5.1775,4.9025,0.43142775393419175,2.115021459227468
6903,5.185,4.9025,0.4310615164520744,2.115021459227468
6904,5.17,4.90375,0.43087839771101577,2.1104434907010017
6905,5.175,4.90375,0.4312446351931331,2.115021459227468
6906,5.1775,4.90375,0.4299628040057225,2.1081545064377685
6907,5.1725,4.9025,0.4310615164520744,2.115021459227468
6908,5.1825,4.90125,0.4318855507868384,2.115021459227468
6909,5.205,4.90375,0.43170243204577974,2.115021459227468
6910,5.12,4.91,0.4266666666666667,2.0967095851216024
6911,5.195,4.90375,0.432892703862661,2.1218884120171677
6912,5.1575,4.9025,0.43042060085836914,2.1104434907010017
6913,5.18,4.9025,0.43170243204577974,2.115021459227468
6914,5.195,4.90125,0.432892703862661,2.1218884120171677
6915,5.175,4.90375,0.4299628040057225,2.1081545064377685
6916,5.175,4.90375,0.4312446351931331,2.115021459227468
6917,5.1525,4.90125,0.42941344778254653,2.103576537911302
6918,5.19,4.9025,0.4306037195994278,2.1104434907010017
6919,5.17,4.90375,0.43087839771101577,2.1104434907010017
6920,5.1775,4.9025,0.43142775393419175,2.115021459227468
6921,5.1675,4.9025,0.4318855507868384,2.1195994277539345
6922,5.16,4.9025,0.4299628040057225,2.1081545064377685
6923,5.1925,4.9025,0.43270958512160235,2.1218884120171677
6924,5.1725,4.90375,0.43042060085836914,2.1104434907010017
6925,5.1675,4.9025,0.42913876967095854,2.103576537911302
6926,5.1775,4.90375,0.43142775393419175,2.115021459227468
6927,5.2225,4.9025,0.42877253218884126,2.103576537911302
6928,5.16,4.90625,0.43087839771101577,2.115021459227468
6929,5.18,4.905,0.43170243204577974,2.1195994277539345
6930,5.19,4.9025,0.4306037195994278,2.1104434907010017
6931,5.1625,4.9025,0.43142775393419175,2.115021459227468
6932,5.2,4.9025,0.4333505007153076,2.1218884120171677
6933,5.1975,4.9,0.4310615164520744,2.1104434907010017
6934,5.165,4.90125,0.43371673819742496,2.1264663805436337
6935,5.1775,4.9025,0.43142775393419175,2.115021459227468
6936,5.155,4.90375,0.4312446351931331,2.115021459227468
6937,5.1675,4.90375,0.4306037195994278,2.1104434907010017
6938,5.165,4.90375,0.43042060085836914,2.1104434907010017
6939,5.18,4.90125,0.43170243204577974,2.115021459227468
6940,5.1625,4.9025,0.43087839771101577,2.1104434907010017
6941,5.1925,4.9025,0.43270958512160235,2.1218884120171677
6942,5.1575,4.9025,0.42977968526466387,2.1081545064377685
6943,5.17,4.90375,0.4299628040057225,2.1081545064377685
6944,5.1525,4.90125,0.42941344778254653,2.103576537911302
6945,5.1725,4.90125,0.4310615164520744,2.1104434907010017
6946,5.1725,4.905,0.4295965665236052,2.1081545064377685
6947,5.18,4.9025,0.43170243204577974,2.115021459227468
6948,5.16,4.9025,0.4299628040057225,2.1081545064377685
6949,5.1625,4.905,0.4318855507868384,2.1195994277539345
6950,5.2,4.9025,0.4333505007153076,2.1218884120171677
6951,5.18,4.9025,0.43170243204577974,2.115021459227468
6952,5.16,4.9025,0.43087839771101577,2.1104434907010017
6953,5.1475,4.90375,0.4289556509298999,2.103576537911302
6954,5.18,4.9025,0.43170243204577974,2.115021459227468
6955,5.1725,4.90375,0.43353361945636626,2.1264663805436337
6956,5.18,4.90375,0.43170243204577974,2.115021459227468
6957,5.165,4.90375,0.43042060085836914,2.1104434907010017
6958,5.1675,4.905,0.43087839771101577,2.115021459227468
6959,5.185,4.9025,0.432068669527897,2.1195994277539345
6960,5.1875,4.9025,0.4322517882689557,2.1195994277539345
6961,5.17,4.9025,0.4306037195994278,2.1104434907010017
6962,5.155,4.9025,0.4295965665236052,2.1081545064377685
6963,5.1675,4.9025,0.4306037195994278,2.1104434907010017
6964,5.15,4.90125,0.43087839771101577,2.1104434907010017
6965,5.1725,4.90375,0.43087839771101577,2.1104434907010017
6966,5.1675,4.9025,0.4306037195994278,2.1104434907010017
6967,5.1625,4.9025,0.4299628040057225,2.1081545064377685
6968,5.1675,4.90375,0.4295965665236052,2.1081545064377685
6969,5.1425,4.90375,0.42849785407725327,2.101287553648069
6970,5.17,4.90375,0.43042060085836914,2.1104434907010017
6971,5.1825,4.9025,0.4299628040057225,2.1081545064377685
6972,5.16,4.9025,0.4299628040057225,2.1081545064377685
6973,5.165,4.90375,0.4312446351931331,2.115021459227468
6974,5.1825,4.90375,0.4318855507868384,2.1195994277539345
6975,5.1675,4.905,0.4306037195994278,2.1104434907010017
6976,5.1775,4.90375,0.433167381974249,2.1218884120171677
6977,5.1675,4.9025,0.43170243204577974,2.115021459227468
6978,5.155,4.90375,0.4295965665236052,2.1081545064377685
6979,5.175,4.9025,0.4312446351931331,2.115021459227468
6980,5.1775,4.9025,0.4312446351931331,2.115021459227468
6981,5.17,4.90375,0.43087839771101577,2.1104434907010017
6982,5.1625,4.90375,0.4302374821173105,2.1104434907010017
6983,5.19,4.9025,0.432068669527897,2.1195994277539345
6984,5.1625,4.90375,0.4302374821173105,2.1104434907010017
6985,5.1775,4.90375,0.43142775393419175,2.115021459227468
6986,5.1775,4.90125,0.43270958512160235,2.1218884120171677
6987,5.165,4.9025,0.43042060085836914,2.1104434907010017
6988,5.17,4.90375,0.43087839771101577,2.1104434907010017
6989,5.175,4.9025,0.4279484978540773,2.0967095851216024
6990,5.1575,4.90375,0.42977968526466387,2.1081545064377685
6991,5.18,4.90375,0.43170243204577974,2.115021459227468
6992,5.1825,4.90375,0.4302374821173105,2.1104434907010017
6993,5.165,4.90375,0.43042060085836914,2.1104434907010017
6994,5.1775,4.90125,0.43142775393419175,2.115021459227468
6995,5.1925,4.90125,0.4299628040057225,2.1081545064377685
6996,5.1725,4.90375,0.4310615164520744,2.115021459227468
6997,5.18,4.90375,0.43170243204577974,2.115021459227468
6998,5.17,4.9025,0.42913876967095854,2.103576537911302
6999,5.175,4.9025,0.4312446351931331,2.115021459227468
7000,5.1775,4.9025,0.43142775393419175,2.115021459227468
7001,5.18,4.9025,0.43042060085836914,2.1104434907010017
7002,5.165,4.90375,0.43042060085836914,2.1104434907010017
7003,5.18,4.9025,0.43170243204577974,2.115021459227468
7004,5.17,4.90375,0.4299628040057225,2.1081545064377685
7005,5.18,4.90375,0.4306037195994278,2.1104434907010017
7006,5.18,4.9025,0.43170243204577974,2.115021459227468
7007,5.17,4.9025,0.42977968526466387,2.1081545064377685
7008,5.175,4.9025,0.43142775393419175,2.115021459227468
7009,5.165,4.9025,0.43042060085836914,2.1104434907010017
7010,5.175,4.90375,0.43087839771101577,2.1104434907010017
7011,5.1725,4.9025,0.43087839771101577,2.1104434907010017
7012,5.175,4.90375,0.4312446351931331,2.115021459227468
7013,5.1675,4.90375,0.4302374821173105,2.1104434907010017
7014,5.175,4.90375,0.4310615164520744,2.115021459227468
7015,5.1775,4.90375,0.43142775393419175,2.115021459227468
7016,5.17,4.9025,0.42977968526466387,2.1081545064377685
7017,5.1825,4.9025,0.4310615164520744,2.115021459227468
7018,5.175,4.9025,0.4312446351931331,2.115021459227468
7019,5.175,4.90375,0.42941344778254653,2.103576537911302
7020,5.175,4.9025,0.43170243204577974,2.115021459227468
7021,5.1775,4.9025,0.43142775393419175,2.115021459227468
7022,5.1575,4.90375,0.42977968526466387,2.1081545064377685
7023,5.17,4.90375,0.4306037195994278,2.1104434907010017
7024,5.18,4.9025,0.43170243204577974,2.115021459227468
7025,5.16,4.90375,0.4299628040057225,2.1081545064377685
7026,5.1825,4.9025,0.4318855507868384,2.1195994277539345
7027,5.1775,4.9025,0.43142775393419175,2.115021459227468
7028,5.165,4.905,0.43042060085836914,2.1104434907010017
7029,5.195,4.90375,0.432068669527897,2.1195994277539345
7030,5.1625,4.90375,0.4302374821173105,2.1104434907010017
7031,5.155,4.9025,0.4295965665236052,2.1081545064377685
7032,5.1725,4.9025,0.43087839771101577,2.1104434907010017
7033,5.16,4.90375,0.4299628040057225,2.1081545064377685
7034,5.19,4.90375,0.43252646638054365,2.1218884120171677
7035,5.17,4.9025,0.4310615164520744,2.115021459227468
7036,5.1825,4.9025,0.4318855507868384,2.1195994277539345
7037,5.1575,4.90125,0.42977968526466387,2.1081545064377685
7038,5.2,4.90375,0.43087839771101577,2.1104434907010017
7039,5.1725,4.905,0.4310615164520744,2.115021459227468
7040,5.165,4.9025,0.43042060085836914,2.1104434907010017
7041,5.17,4.9025,0.432068669527897,2.1195994277539345
7042,5.1675,4.90125,0.4306037195994278,2.1104434907010017
7043,5.1675,4.90375,0.4306037195994278,2.1104434907010017
7044,5.165,4.90125,0.4318855507868384,2.115021459227468
7045,5.175,4.9025,0.4312446351931331,2.115021459227468
7046,5.1925,4.90375,0.43270958512160235,2.1218884120171677
7047,5.2025,4.90375,0.4302374821173105,2.1104434907010017
7048,5.1775,4.90125,0.4302374821173105,2.1081545064377685
7049,5.185,4.9025,0.432068669527897,2.1195994277539345
7050,5.2025,4.9025,0.4312446351931331,2.115021459227468
7051,5.1875,4.9025,0.4302374821173105,2.1081545064377685
7052,5.175,4.90375,0.4312446351931331,2.115021459227468
7053,5.1675,4.90375,0.43087839771101577,2.1104434907010017
7054,5.1825,4.9025,0.4312446351931331,2.115021459227468
7055,5.19,4.90375,0.43252646638054365,2.1218884120171677
7056,5.15,4.90375,0.4310615164520744,2.115021459227468
7057,5.1425,4.905,0.4302374821173105,2.1104434907010017
7058,5.175,4.90625,0.4312446351931331,2.115021459227468
7059,5.1675,4.9025,0.4306037195994278,2.1104434907010017
7060,5.14,4.9025,0.4312446351931331,2.115021459227468
7061,5.2,4.9025,0.4333505007153076,2.1218884120171677
7062,5.1875,4.90375,0.4322517882689557,2.1104434907010017
7063,5.1975,4.90375,0.4306037195994278,2.1104434907010017
7064,5.1575,4.9025,0.42977968526466387,2.1081545064377685
7065,5.1825,4.9025,0.4318855507868384,2.1195994277539345
7066,5.1575,4.90375,0.42849785407725327,2.101287553648069
7067,5.1975,4.9025,0.433167381974249,2.1218884120171677
7068,5.175,4.90125,0.4312446351931331,2.115021459227468
7069,5.185,4.9025,0.43270958512160235,2.1218884120171677
7070,5.1775,4.90375,0.43142775393419175,2.115021459227468
7071,5.185,4.90375,0.432068669527897,2.1195994277539345
7072,5.17,4.905,0.42849785407725327,2.101287553648069
7073,5.1475,4.905,0.4289556509298999,2.103576537911302
7074,5.17,4.90125,0.43087839771101577,2.1104434907010017
7075,5.1725,4.90375,0.43252646638054365,2.1218884120171677
7076,5.2175,4.9025,0.43481545064377686,2.1310443490701
7077,5.17,4.90125,0.43087839771101577,2.1104434907010017
7078,5.1675,4.90375,0.43087839771101577,2.1104434907010017
7079,5.175,4.9025,0.4312446351931331,2.115021459227468
7080,5.145,4.905,0.42877253218884126,2.103576537911302
7081,5.1575,4.9025,0.432068669527897,2.1195994277539345
7082,5.17,4.90125,0.43087839771101577,2.1104434907010017
7083,5.1525,4.90375,0.42941344778254653,2.103576537911302
7084,5.17,4.90375,0.4302374821173105,2.1104434907010017
7085,5.1875,4.90375,0.4322517882689557,2.1195994277539345
7086,5.19,4.9025,0.43252646638054365,2.1195994277539345
7087,5.19,4.90125,0.4302374821173105,2.1081545064377685
7088,5.19,4.9025,0.4310615164520744,2.115021459227468
7089,5.2025,4.905,0.43353361945636626,2.1264663805436337
7090,5.155,4.9025,0.43142775393419175,2.115021459227468
7091,5.1475,4.90125,0.432068669527897,2.1195994277539345
7092,5.175,4.90125,0.4312446351931331,2.115021459227468
7093,5.13,4.90125,0.4318855507868384,2.115021459227468
7094,5.17,4.90125,0.4322517882689557,2.1195994277539345
7095,5.1625,4.90375,0.4302374821173105,2.1104434907010017
7096,5.165,4.9025,0.4310615164520744,2.115021459227468
7097,5.165,4.90375,0.4322517882689557,2.1195994277539345
7098,5.165,4.90375,0.43042060085836914,2.1104434907010017
7099,5.145,4.905,0.42849785407725327,2.101287553648069
7100,5.1775,4.9025,0.4318855507868384,2.1195994277539345
7101,5.18,4.90375,0.43170243204577974,2.115021459227468
7102,5.165,4.9025,0.43042060085836914,2.103576537911302
7103,5.17,4.90375,0.43270958512160235,2.1218884120171677
7104,5.1775,4.90375,0.43142775393419175,2.115021459227468
7105,5.1825,4.90375,0.4318855507868384,2.1195994277539345
7106,5.1925,4.90125,0.43042060085836914,2.1104434907010017
7107,5.1525,4.90375,0.42941344778254653,2.103576537911302
7108,5.1475,4.905,0.4289556509298999,2.103576537911302
7109,5.16,4.90375,0.4312446351931331,2.115021459227468
7110,5.165,4.90375,0.43042060085836914,2.1104434907010017
7111,5.15,4.90375,0.42913876967095854,2.103576537911302
7112,5.1625,4.90375,0.43142775393419175,2.115021459227468
7113,5.16,4.90125,0.4299628040057225,2.1081545064377685
7114,5.1775,4.90375,0.43142775393419175,2.115021459227468
7115,5.175,4.90125,0.4322517882689557,2.1195994277539345
7116,5.175,4.9025,0.4312446351931331,2.115021459227468
7117,5.1925,4.90375,0.43270958512160235,2.1218884120171677
7118,5.175,4.90125,0.4306037195994278,2.1104434907010017
7119,5.1425,4.90375,0.42849785407725327,2.101287553648069
7120,5.2,4.90375,0.4333505007153076,2.1264663805436337
7121,5.155,4.90125,0.4306037195994278,2.1104434907010017
7122,5.1475,4.90375,0.4289556509298999,2.103576537911302
7123,5.1575,4.90125,0.42977968526466387,2.1081545064377685
7124,5.1825,4.90125,0.432068669527897,2.1195994277539345
7125,5.1775,4.90375,0.43142775393419175,2.115021459227468
7126,5.17,4.9025,0.43087839771101577,2.1104434907010017
7127,5.18,4.9025,0.4295965665236052,2.1081545064377685
7128,5.17,4.90375,0.43087839771101577,2.1104434907010017
7129,5.1675,4.905,0.4306037195994278,2.1104434907010017
7130,5.1475,4.90375,0.4302374821173105,2.1104434907010017
7131,5.1625,4.9025,0.42849785407725327,2.101287553648069
7132,5.15,4.9025,0.42913876967095854,2.103576537911302
7133,5.185,4.9025,0.43252646638054365,2.1195994277539345
7134,5.155,4.90125,0.4312446351931331,2.115021459227468
7135,5.18,4.90125,0.43170243204577974,2.115021459227468
7136,5.175,4.90375,0.432068669527897,2.1195994277539345
7137,5.19,4.9025,0.43087839771101577,2.1104434907010017
7138,5.1875,4.9025,0.4322517882689557,2.1195994277539345
7139,5.175,4.90375,0.4310615164520744,2.115021459227468
7140,5.2,4.90125,0.43142775393419175,2.115021459227468
7141,5.1775,4.90375,0.43142775393419175,2.115021459227468
7142,5.1625,4.9025,0.4318855507868384,2.1195994277539345
7143,5.185,4.9025,0.4306037195994278,2.1104434907010017
7144,5.18,4.90375,0.43170243204577974,2.115021459227468
7145,5.15,4.90375,0.42913876967095854,2.103576537911302
7146,5.21,4.90375,0.4312446351931331,2.115021459227468
7147,5.185,4.9025,0.432068669527897,2.1195994277539345
7148,5.1825,4.90125,0.4318855507868384,2.115021459227468
7149,5.18,4.90375,0.4306037195994278,2.1104434907010017
7150,5.12,4.90375,0.4266666666666667,2.0921316165951365
7151,5.1725,4.9025,0.4310615164520744,2.115021459227468
7152,5.1375,4.905,0.4318855507868384,2.1195994277539345
7153,5.19,4.9025,0.43252646638054365,2.1195994277539345
7154,5.1725,4.90125,0.4310615164520744,2.1104434907010017
7155,5.185,4.9025,0.4299628040057225,2.1081545064377685
7156,5.175,4.9025,0.4312446351931331,2.115021459227468
7157,5.1775,4.9025,0.43142775393419175,2.115021459227468
7158,5.1725,4.90375,0.43142775393419175,2.115021459227468
7159,5.15,4.9025,0.42913876967095854,2.103576537911302
7160,5.155,4.905,0.4295965665236052,2.1081545064377685
7161,5.195,4.90375,0.4310615164520744,2.115021459227468
7162,5.17,4.9025,0.43087839771101577,2.1104434907010017
7163,5.1925,4.90375,0.43270958512160235,2.1218884120171677
7164,5.19,4.90375,0.4312446351931331,2.115021459227468
7165,5.155,4.90375,0.4295965665236052,2.1081545064377685
7166,5.16,4.90375,0.4299628040057225,2.1081545064377685
7167,5.14,4.9025,0.4310615164520744,2.115021459227468
7168,5.1775,4.90375,0.43142775393419175,2.115021459227468
7169,5.1725,4.9,0.4310615164520744,2.1104434907010017
7170,5.1675,4.90375,0.4312446351931331,2.115021459227468
7171,5.2025,4.9025,0.4318855507868384,2.1195994277539345
7172,5.1675,4.90375,0.4306037195994278,2.1104434907010017
7173,5.145,4.9025,0.4322517882689557,2.1195994277539345
7174,5.17,4.9025,0.4299628040057225,2.1081545064377685
7175,5.185,4.9025,0.432068669527897,2.1195994277539345
7176,5.155,4.9025,0.4312446351931331,2.115021459227468
7177,5.17,4.90125,0.43142775393419175,2.115021459227468
7178,5.155,4.9025,0.4295965665236052,2.1081545064377685
7179,5.1725,4.90375,0.43142775393419175,2.115021459227468
7180,5.1775,4.9025,0.42913876967095854,2.103576537911302
7181,5.175,4.90375,0.4312446351931331,2.115021459227468
7182,5.1575,4.9025,0.4302374821173105,2.1081545064377685
7183,5.1625,4.905,0.4289556509298999,2.103576537911302
7184,5.195,4.9025,0.432892703862661,2.1218884120171677
7185,5.1625,4.905,0.4302374821173105,2.1195994277539345
7186,5.185,4.9025,0.43353361945636626,2.1264663805436337
7187,5.1825,4.9,0.4318855507868384,2.115021459227468
7188,5.2175,4.9025,0.43481545064377686,2.1310443490701
7189,5.1775,4.9025,0.4312446351931331,2.115021459227468
7190,5.1575,4.90375,0.42977968526466387,2.1081545064377685
7191,5.13,4.9025,0.42749070100143066,2.0967095851216024
7192,5.16,4.90375,0.4310615164520744,2.115021459227468
7193,5.11,4.90375,0.4258426323319028,2.089842632331903
7194,5.145,4.9025,0.42877253218884126,2.103576537911302
7195,5.2075,4.905,0.4322517882689557,2.1195994277539345
7196,5.145,4.90375,0.42877253218884126,2.103576537911302
7197,5.13,4.9025,0.42749070100143066,2.0967095851216024
7198,5.1575,4.90375,0.4306037195994278,2.1104434907010017
7199,5.1475,4.90125,0.4289556509298999,2.103576537911302
7200,5.155,4.90125,0.4295965665236052,2.103576537911302
7201,5.1825,4.90375,0.43252646638054365,2.1218884120171677
7202,5.15,4.9025,0.42913876967095854,2.103576537911302
7203,5.165,4.90375,0.43042060085836914,2.1104434907010017
7204,5.1725,4.9025,0.432068669527897,2.1195994277539345
7205,5.1725,4.9025,0.4310615164520744,2.115021459227468
7206,5.16,4.9025,0.4299628040057225,2.1081545064377685
7207,5.17,4.90125,0.43087839771101577,2.1104434907010017
7208,5.1925,4.9025,0.43270958512160235,2.1218884120171677
7209,5.1725,4.90375,0.4310615164520744,2.115021459227468
7210,5.1825,4.905,0.4322517882689557,2.1195994277539345
7211,5.1825,4.9025,0.4333505007153076,2.1218884120171677
7212,5.17,4.90375,0.43087839771101577,2.1104434907010017
7213,5.175,4.90375,0.4318855507868384,2.1195994277539345
7214,5.17,4.90125,0.43042060085836914,2.1104434907010017
7215,5.185,4.90375,0.432068669527897,2.1195994277539345
7216,5.1725,4.9025,0.43142775393419175,2.115021459227468
7217,5.18,4.90125,0.4310615164520744,2.1104434907010017
7218,5.1875,4.9025,0.4322517882689557,2.1195994277539345
7219,5.17,4.905,0.43087839771101577,2.115021459227468
7220,5.185,4.9025,0.43087839771101577,2.1104434907010017
7221,5.1825,4.90125,0.4318855507868384,2.115021459227468
7222,5.1675,4.90375,0.4299628040057225,2.1081545064377685
7223,5.165,4.9025,0.4333505007153076,2.1218884120171677
7224,5.19,4.9025,0.43252646638054365,2.1195994277539345
7225,5.17,4.90375,0.43087839771101577,2.1081545064377685
7226,5.18,4.90375,0.43399141630901295,2.1264663805436337
7227,5.14,4.90375,0.42831473533619463,2.101287553648069
7228,5.1475,4.9025,0.4289556509298999,2.103576537911302
7229,5.1875,4.90375,0.432892703862661,2.1218884120171677
7230,5.1725,4.90375,0.4310615164520744,2.115021459227468
7231,5.1675,4.90375,0.4306037195994278,2.1104434907010017
7232,5.18,4.9025,0.43042060085836914,2.1104434907010017
7233,5.1575,4.90375,0.42977968526466387,2.1081545064377685
7234,5.18,4.9025,0.43170243204577974,2.115021459227468
7235,5.17,4.9025,0.4322517882689557,2.1195994277539345
7236,5.1675,4.90375,0.4306037195994278,2.1104434907010017
7237,5.1675,4.90375,0.4306037195994278,2.1104434907010017
7238,5.175,4.9025,0.433167381974249,2.1218884120171677
7239,5.1725,4.90375,0.4310615164520744,2.115021459227468
7240,5.1725,4.90375,0.4310615164520744,2.115021459227468
7241,5.1825,4.9025,0.43042060085836914,2.1104434907010017
7242,5.1725,4.90375,0.4310615164520744,2.115021459227468
7243,5.19,4.9025,0.43252646638054365,2.1195994277539345
7244,5.17,4.9025,0.42831473533619463,2.101287553648069
7245,5.1675,4.9025,0.4306037195994278,2.1104434907010017
7246,5.165,4.9025,0.43042060085836914,2.1104434907010017
7247,5.18,4.905,0.43170243204577974,2.1195994277539345
7248,5.1825,4.9025,0.4318855507868384,2.1195994277539345
7249,5.175,4.90375,0.4312446351931331,2.115021459227468
7250,5.175,4.90375,0.42813161659513593,2.101287553648069
7251,5.1825,4.9025,0.4302374821173105,2.1081545064377685
7252,5.17,4.9025,0.43087839771101577,2.1104434907010017
7253,5.175,4.90375,0.42977968526466387,2.1081545064377685
7254,5.175,4.90375,0.43042060085836914,2.1104434907010017
7255,5.1725,4.90375,0.4310615164520744,2.115021459227468
7256,5.19,4.905,0.432068669527897,2.1195994277539345
7257,5.17,4.90125,0.43142775393419175,2.115021459227468
7258,5.155,4.9025,0.4295965665236052,2.1081545064377685
7259,5.17,4.90375,0.42913876967095854,2.103576537911302
7260,5.165,4.90375,0.4310615164520744,2.115021459227468
7261,5.1875,4.9025,0.4322517882689557,2.1195994277539345
7262,5.1575,4.9025,0.4306037195994278,2.1104434907010017
7263,5.1875,4.9025,0.43042060085836914,2.1104434907010017
7264,5.1675,4.90125,0.4306037195994278,2.1104434907010017
7265,5.185,4.9025,0.4306037195994278,2.1104434907010017
7266,5.175,4.905,0.4312446351931331,2.115021459227468
7267,5.1675,4.90375,0.4306037195994278,2.1104434907010017
7268,5.165,4.9025,0.43042060085836914,2.1104434907010017
7269,5.175,4.90125,0.4312446351931331,2.115021459227468
7270,5.18,4.9025,0.43170243204577974,2.115021459227468
7271,5.17,4.9025,0.43087839771101577,2.1104434907010017
7272,5.18,4.9025,0.43042060085836914,2.1104434907010017
7273,5.1825,4.9025,0.4318855507868384,2.1195994277539345
7274,5.16,4.90375,0.4299628040057225,2.1081545064377685
7275,5.1675,4.9025,0.432068669527897,2.1195994277539345
7276,5.1625,4.90375,0.4302374821173105,2.1104434907010017
7277,5.17,4.9025,0.43087839771101577,2.1104434907010017
7278,5.1675,4.9025,0.4310615164520744,2.115021459227468
7279,5.1875,4.9025,0.4322517882689557,2.1195994277539345
7280,5.1675,4.90375,0.4306037195994278,2.1104434907010017
7281,5.1775,4.9025,0.4318855507868384,2.1195994277539345
7282,5.1725,4.9025,0.4310615164520744,2.115021459227468
7283,5.1725,4.90375,0.4310615164520744,2.115021459227468
7284,5.1725,4.9025,0.4312446351931331,2.115021459227468
7285,5.1825,4.9025,0.4318855507868384,2.1195994277539345
7286,5.18,4.9025,0.43170243204577974,2.115021459227468
7287,5.17,4.9025,0.4312446351931331,2.115021459227468
7288,5.1725,4.90375,0.4310615164520744,2.115021459227468
7289,5.18,4.90125,0.43170243204577974,2.115021459227468
7290,5.185,4.9025,0.4310615164520744,2.115021459227468
7291,5.1725,4.9025,0.4310615164520744,2.115021459227468
7292,5.175,4.90375,0.4312446351931331,2.115021459227468
7293,5.1675,4.9025,0.4306037195994278,2.1104434907010017
7294,5.145,4.9025,0.4310615164520744,2.115021459227468
7295,5.1725,4.9025,0.4310615164520744,2.115021459227468
7296,5.1625,4.9025,0.4310615164520744,2.115021459227468
7297,5.1575,4.90375,0.4310615164520744,2.115021459227468
7298,5.175,4.90375,0.4312446351931331,2.115021459227468
7299,5.1775,4.9025,0.43170243204577974,2.115021459227468
7300,5.18,4.90375,0.4299628040057225,2.1081545064377685
7301,5.1725,4.905,0.4310615164520744,2.115021459227468
7302,5.1725,4.905,0.43087839771101577,2.115021459227468
7303,5.1575,4.90375,0.4299628040057225,2.1081545064377685
7304,5.1725,4.90125,0.4310615164520744,2.1104434907010017
7305,5.185,4.90375,0.43142775393419175,2.115021459227468
7306,5.165,4.9025,0.43087839771101577,2.1104434907010017
7307,5.17,4.9025,0.43087839771101577,2.1104434907010017
7308,5.185,4.90375,0.432068669527897,2.1104434907010017
7309,5.1775,4.90375,0.4312446351931331,2.115021459227468
7310,5.1825,4.9025,0.4318855507868384,2.1195994277539345
7311,5.175,4.90375,0.4312446351931331,2.115021459227468
7312,5.1625,4.90375,0.43087839771101577,2.1104434907010017
7313,5.1625,4.90375,0.4302374821173105,2.1104434907010017
7314,5.1775,4.90375,0.43142775393419175,2.115021459227468
7315,5.165,4.90375,0.43170243204577974,2.115021459227468
7316,5.1725,4.90375,0.4310615164520744,2.115021459227468
7317,5.18,4.90375,0.43170243204577974,2.115021459227468
7318,5.14,4.90375,0.43170243204577974,2.115021459227468
7319,5.165,4.9025,0.43042060085836914,2.1104434907010017
7320,5.1625,4.90375,0.4302374821173105,2.1104434907010017
7321,5.1775,4.905,0.43087839771101577,2.115021459227468
7322,5.1775,4.9025,0.43142775393419175,2.115021459227468
7323,5.1775,4.905,0.43142775393419175,2.115021459227468
7324,5.1575,4.90375,0.43142775393419175,2.115021459227468
7325,5.17,4.90375,0.43087839771101577,2.1104434907010017
7326,5.1775,4.90375,0.43142775393419175,2.115021459227468
7327,5.17,4.905,0.43042060085836914,2.1104434907010017
7328,5.175,4.9025,0.4312446351931331,2.115021459227468
7329,5.1625,4.9025,0.4302374821173105,2.1081545064377685
7330,5.18,4.90125,0.4310615164520744,2.1104434907010017
7331,5.1675,4.9025,0.4306037195994278,2.1104434907010017
7332,5.175,4.9025,0.4312446351931331,2.115021459227468
7333,5.195,4.9025,0.42977968526466387,2.1081545064377685
7334,5.155,4.90125,0.4310615164520744,2.1104434907010017
7335,5.1775,4.90375,0.43142775393419175,2.115021459227468
7336,5.1675,4.90375,0.43170243204577974,2.115021459227468
7337,5.17,4.90375,0.4299628040057225,2.1081545064377685
7338,5.1575,4.90375,0.42977968526466387,2.1081545064377685
7339,5.16,4.9025,0.4312446351931331,2.115021459227468
7340,5.17,4.905,0.4306037195994278,2.1104434907010017
7341,5.175,4.90125,0.4312446351931331,2.115021459227468
7342,5.19,4.9025,0.4310615164520744,2.115021459227468
7343,5.16,4.9025,0.432068669527897,2.1195994277539345
7344,5.18,4.90125,0.43170243204577974,2.115021459227468
7345,5.185,4.90375,0.43142775393419175,2.115021459227468
7346,5.1925,4.9025,0.43142775393419175,2.115021459227468
7347,5.1675,4.90375,0.4306037195994278,2.1104434907010017
7348,5.1475,4.90375,0.43142775393419175,2.115021459227468
7349,5.17,4.90375,0.43042060085836914,2.1104434907010017
7350,5.16,4.9025,0.4299628040057225,2.1081545064377685
7351,5.175,4.9025,0.4312446351931331,2.115021459227468
7352,5.17,4.90375,0.4310615164520744,2.115021459227468
7353,5.175,4.90375,0.4312446351931331,2.115021459227468
7354,5.18,4.9025,0.43170243204577974,2.115021459227468
7355,5.1675,4.90375,0.4299628040057225,2.1081545064377685
7356,5.1775,4.9025,0.43142775393419175,2.115021459227468
7357,5.175,4.9025,0.4312446351931331,2.115021459227468
7358,5.1625,4.90375,0.4299628040057225,2.1081545064377685
7359,5.16,4.90375,0.4299628040057225,2.1081545064377685
7360,5.16,4.90375,0.4299628040057225,2.1081545064377685
7361,5.1825,4.90125,0.4312446351931331,2.115021459227468
7362,5.1775,4.90375,0.43142775393419175,2.115021459227468
7363,5.1825,4.90375,0.4318855507868384,2.1195994277539345
7364,5.1625,4.9025,0.432892703862661,2.1218884120171677
7365,5.15,4.9025,0.42913876967095854,2.103576537911302
7366,5.155,4.90375,0.4295965665236052,2.1081545064377685
7367,5.175,4.90375,0.42977968526466387,2.1081545064377685
7368,5.18,4.9025,0.43170243204577974,2.115021459227468
7369,5.18,4.9025,0.43170243204577974,2.115021459227468
7370,5.1675,4.9025,0.4322517882689557,2.1195994277539345
7371,5.1725,4.9025,0.4310615164520744,2.115021459227468
7372,5.1575,4.9025,0.42977968526466387,2.1081545064377685
7373,5.1725,4.9025,0.43252646638054365,2.1195994277539345
7374,5.1725,4.90375,0.43087839771101577,2.1104434907010017
7375,5.18,4.9025,0.43170243204577974,2.115021459227468
7376,5.18,4.90125,0.4299628040057225,2.1081545064377685
7377,5.175,4.9025,0.43042060085836914,2.1104434907010017
7378,5.1925,4.9025,0.43270958512160235,2.1218884120171677
7379,5.175,4.90375,0.4295965665236052,2.1081545064377685
7380,5.155,4.9025,0.43142775393419175,2.115021459227468
7381,5.16,4.90375,0.4299628040057225,2.1081545064377685
7382,5.1675,4.9025,0.43042060085836914,2.1104434907010017
7383,5.175,4.90375,0.4310615164520744,2.115021459227468
7384,5.1775,4.90125,0.43142775393419175,2.115021459227468
7385,5.1675,4.9025,0.43042060085836914,2.1104434907010017
7386,5.1825,4.9025,0.4302374821173105,2.1081545064377685
7387,5.1625,4.90125,0.4302374821173105,2.1081545064377685
7388,5.1775,4.9025,0.4333505007153076,2.1218884120171677
7389,5.1875,4.90375,0.4318855507868384,2.1195994277539345
7390,5.1775,4.90375,0.43142775393419175,2.115021459227468
7391,5.18,4.9025,0.43170243204577974,2.115021459227468
7392,5.1725,4.90375,0.43087839771101577,2.1104434907010017
7393,5.185,4.9025,0.432068669527897,2.1195994277539345
7394,5.1675,4.9025,0.4306037195994278,2.1104434907010017
7395,5.1475,4.9025,0.43087839771101577,2.1104434907010017
7396,5.16,4.90375,0.4299628040057225,2.1081545064377685
7397,5.195,4.9025,0.432892703862661,2.1218884120171677
7398,5.1775,4.90375,0.43142775393419175,2.115021459227468
7399,5.1675,4.90375,0.4306037195994278,2.1104434907010017
7400,5.1725,4.90375,0.4310615164520744,2.115021459227468
7401,5.155,4.905,0.4310615164520744,2.115021459227468
7402,5.1725,4.90375,0.4310615164520744,2.115021459227468
7403,5.17,4.9025,0.43087839771101577,2.1104434907010017
7404,5.175,4.90375,0.432892703862661,2.1218884120171677
7405,5.1675,4.90375,0.4306037195994278,2.1104434907010017
7406,5.1725,4.90375,0.4310615164520744,2.115021459227468
7407,5.1875,4.90125,0.43170243204577974,2.115021459227468
7408,5.17,4.9025,0.43087839771101577,2.1104434907010017
7409,5.1775,4.90375,0.43142775393419175,2.115021459227468
7410,5.1675,4.905,0.43087839771101577,2.115021459227468
7411,5.175,4.9025,0.4312446351931331,2.115021459227468
7412,5.1875,4.90375,0.4322517882689557,2.1195994277539345
7413,5.165,4.90375,0.43170243204577974,2.115021459227468
7414,5.17,4.90125,0.43087839771101577,2.1104434907010017
7415,5.18,4.90375,0.43170243204577974,2.115021459227468
7416,5.1725,4.9025,0.43270958512160235,2.1218884120171677
7417,5.18,4.90375,0.43170243204577974,2.115021459227468
7418,5.175,4.9025,0.4312446351931331,2.115021459227468
7419,5.1875,4.905,0.4299628040057225,2.1081545064377685
7420,5.2,4.9025,0.43170243204577974,2.115021459227468
7421,5.165,4.90125,0.43042060085836914,2.1104434907010017
7422,5.18,4.9025,0.4295965665236052,2.1081545064377685
7423,5.175,4.90375,0.43142775393419175,2.115021459227468
7424,5.1425,4.90125,0.42849785407725327,2.101287553648069
7425,5.1875,4.9025,0.4295965665236052,2.1081545064377685
7426,5.1975,4.90375,0.43170243204577974,2.115021459227468
7427,5.185,4.90125,0.432068669527897,2.1195994277539345
7428,5.17,4.9025,0.4302374821173105,2.1081545064377685
7429,5.145,4.90375,0.4318855507868384,2.1195994277539345
7430,5.16,4.90375,0.4299628040057225,2.1081545064377685
7431,5.1675,4.90375,0.4306037195994278,2.115021459227468
7432,5.1675,4.90375,0.4299628040057225,2.1081545064377685
7433,5.1625,4.9025,0.4302374821173105,2.1081545064377685
7434,5.195,4.90375,0.432892703862661,2.1218884120171677
7435,5.1675,4.90125,0.43087839771101577,2.1104434907010017
7436,5.1675,4.90375,0.4306037195994278,2.1104434907010017
7437,5.1875,4.9025,0.4322517882689557,2.1195994277539345
7438,5.165,4.90125,0.4318855507868384,2.115021459227468
7439,5.1875,4.9025,0.4322517882689557,2.1195994277539345
7440,5.1825,4.9025,0.4318855507868384,2.1195994277539345
7441,5.1725,4.9025,0.43170243204577974,2.115021459227468
7442,5.2,4.90125,0.4333505007153076,2.1218884120171677
7443,5.165,4.9025,0.43042060085836914,2.1104434907010017
7444,5.1475,4.90125,0.4312446351931331,2.115021459227468
7445,5.1725,4.9025,0.4310615164520744,2.115021459227468
7446,5.145,4.9025,0.42877253218884126,2.103576537911302
7447,5.1675,4.9025,0.43042060085836914,2.1104434907010017
7448,5.16,4.90375,0.4299628040057225,2.1081545064377685
7449,5.1625,4.9025,0.4302374821173105,2.1081545064377685
7450,5.1675,4.9025,0.432068669527897,2.1195994277539345
7451,5.175,4.9025,0.4312446351931331,2.115021459227468
7452,5.17,4.9025,0.43087839771101577,2.1104434907010017
7453,5.1625,4.9025,0.42913876967095854,2.103576537911302
7454,5.1625,4.90375,0.4302374821173105,2.1104434907010017
7455,5.1525,4.9025,0.42941344778254653,2.103576537911302
7456,5.1675,4.90375,0.43170243204577974,2.115021459227468
7457,5.1675,4.90375,0.4310615164520744,2.115021459227468
7458,5.165,4.90375,0.43042060085836914,2.1104434907010017
7459,5.1575,4.9025,0.4310615164520744,2.115021459227468
7460,5.1575,4.90375,0.4333505007153076,2.1264663805436337
7461,5.1625,4.9025,0.4302374821173105,2.1081545064377685
7462,5.155,4.90375,0.43087839771101577,2.1104434907010017
7463,5.1725,4.9025,0.432892703862661,2.1218884120171677
7464,5.165,4.90625,0.43042060085836914,2.1104434907010017
7465,5.1525,4.90375,0.4322517882689557,2.1195994277539345
7466,5.1825,4.9025,0.4318855507868384,2.1195994277539345
7467,5.185,4.90375,0.432068669527897,2.1195994277539345
7468,5.155,4.90375,0.4318855507868384,2.1195994277539345
7469,5.165,4.90375,0.42813161659513593,2.101287553648069
7470,5.185,4.90375,0.432068669527897,2.1195994277539345
7471,2.4575,5.08,0.21022031473533623,1.0689556509299
7472,1.52,5.1425,0.1246123032904149,0.6409155937052933
7473,1.5475,5.1425,0.1289155937052933,0.6638054363376252
7474,2.5025,5.0975,0.20857224606580832,1.0620886981402005
7475,1.4625,5.15125,0.13706437768240345,0.7050071530758227
7476,1.5475,5.1375,0.1289155937052933,0.6638054363376252
7477,1.415,5.1325,0.11792846924177397,0.6042918454935623
7478,1.52,5.1425,0.13898712446351932,0.7164520743919887
7479,1.4425,5.12875,0.12021745350500716,0.6157367668097282
7480,1.2525,5.1525,0.10437768240343348,0.5356223175965666
7481,1.3375,5.155,0.12122460658082977,0.6271816881258943
7482,1.455,5.1425,0.12122460658082977,0.6226037195994278
7483,1.3175,5.13875,0.10977968526466382,0.5630901287553648
7484,1.3675,5.15625,0.13120457796852647,0.6752503576537912
7485,1.47,5.14875,0.12250643776824036,0.6294706723891274
7486,1.42,5.13625,0.11829470672389128,0.6065808297567954
7487,1.3725,5.1625,0.1223233190271817,0.6294706723891274
7488,1.5025,5.16,0.1252532188841202,0.6454935622317597
7489,1.4025,5.14875,0.11682975679542204,0.5997138769670959
7490,1.345,5.1575,0.10602575107296139,0.5470672389127326
7491,1.32,5.16375,0.10996280400572248,0.5653791130185981
7492,1.3775,5.16375,0.11481545064377684,0.5928469241773964
7493,1.4725,5.145,0.12122460658082977,0.6226037195994278
7494,1.4075,5.1525,0.11728755364806868,0.6042918454935623
7495,1.36,5.14375,0.1133505007153076,0.5814020028612304
7496,1.4725,5.14875,0.12708440629470674,0.6523605150214593
7497,1.4225,5.16875,0.11856938483547927,0.6111587982832619
7498,1.465,5.1675,0.12204864091559371,0.6294706723891274
7499,1.655,5.13125,0.11646351931330473,0.5974248927038627
7500,1.4375,5.15,0.1104206008583691,0.5699570815450644
7501,1.4625,5.16625,0.12186552217453506,0.6294706723891274
7502,1.525,5.13125,0.11875250357653792,0.6065808297567954
7503,1.54,5.13875,0.1133505007153076,0.5814020028612304
7504,1.4025,5.1675,0.11682975679542204,0.6042918454935623
7505,1.44,5.1425,0.1030958512160229,0.528755364806867
7506,1.3775,5.155,0.10483547925608012,0.540200286123033
7507,1.305,5.1625,0.10877253218884121,0.5630901287553648
7508,1.46,5.14125,0.11728755364806868,0.6042918454935623
7509,1.475,5.1375,0.1160057224606581,0.5974248927038627
7510,1.245,5.1425,0.1037367668097282,0.5333333333333334
7511,1.2375,5.16875,0.11875250357653792,0.6157367668097282
7512,1.2575,5.1675,0.12149928469241775,0.6271816881258943
7513,1.435,5.1575,0.11957653791130188,0.6157367668097282
7514,1.4475,5.14875,0.12058369098712447,0.5814020028612304
7515,1.3625,5.15875,0.12873247496423462,0.6638054363376252
7516,1.12,5.195,0.09329899856938484,0.4829756795422032
7517,0.8625,5.16625,0.07187410586552218,0.37081545064377686
7518,1.0525,5.16375,0.07397997138769671,0.38226037195994284
7519,0.9675,5.20125,0.08066380543633764,0.421173104434907
7520,1.0075,5.1925,0.08395994277539343,0.4349070100143062
7521,0.905,5.18875,0.07187410586552218,0.37081545064377686
7522,0.965,5.20125,0.08038912732474965,0.41659513590844066
7523,0.96,5.2025,0.08002288984263234,0.41659513590844066
7524,1,5.16875,0.06857796852646639,0.3570815450643777
7525,0.8375,5.17375,0.06976824034334765,0.35937052932761093
7526,0.8725,5.17875,0.07269814020028613,0.37539341917024327
7527,0.8275,5.19375,0.08496709585121603,0.44177396280400577
7528,0.955,5.185,0.07956509298998571,0.4120171673819743
7529,0.905,5.1875,0.07544492131616595,0.3891273247496424
7530,0.9925,5.17625,0.07205722460658083,0.37081545064377686
7531,1.01,5.17125,0.08414306151645208,0.4349070100143062
7532,0.9575,5.1875,0.07974821173104436,0.4120171673819743
7533,1.04,5.17125,0.07086695278969958,0.36852646638054365
7534,0.9875,5.1925,0.08231187410586553,0.4280400572246066
7535,0.9975,5.1925,0.08313590844062949,0.43032904148783985
7536,0.9425,5.18375,0.07416309012875537,0.3868383404864092
7537,0.9475,5.19625,0.07892417739628041,0.4097281831187411
7538,0.92,5.20125,0.07663519313304722,0.3982832618025752
7539,1,5.17,0.06775393419170243,0.34792560801144495
7540,0.9925,5.17125,0.06683834048640916,0.34563662374821175
7541,0.8125,5.17125,0.06775393419170243,0.34792560801144495
7542,0.83,5.19625,0.08643204577968527,0.45092989985693854
7543,1.03,5.1675,0.07288125894134478,0.37539341917024327
7544,1.055,5.19125,0.08789699570815451,0.4577968526466381
7545,0.8925,5.18625,0.08579113018597997,0.44635193133047213
7546,0.995,5.1775,0.07169098712446352,0.37081545064377686
7547,1.025,5.18125,0.08542489270386266,0.44177396280400577
7548,0.955,5.18,0.09128469241773964,0.4715307582260372
7549,1.4775,5.16375,0.12149928469241775,0.6271816881258943
7550,0.955,5.1875,0.07956509298998571,0.4120171673819743
7551,0.9075,5.18625,0.0683032904148784,0.35250357653791137
7552,0.915,5.185,0.0683032904148784,0.35250357653791137
7553,0.8525,5.1925,0.07105007153075824,0.36852646638054365
7554,1.0175,5.165,0.08478397711015738,0.37081545064377686
7555,0.9625,5.18,0.07169098712446352,0.37081545064377686
7556,0.845,5.185,0.07040915593705294,0.3639484978540773
7557,1.0125,5.2,0.08441773962804007,0.4394849785407726
7558,0.9575,5.1775,0.06583118741058656,0.3410586552217454
7559,1.0275,5.17875,0.08560801144492132,0.44177396280400577
7560,0.96,5.19375,0.08002288984263234,0.41659513590844066
7561,0.9875,5.1825,0.080206008583691,0.41659513590844066
7562,1.0325,5.18625,0.08606580829756796,0.44635193133047213
7563,0.875,5.185,0.07288125894134478,0.3776824034334764
7564,0.9475,5.1775,0.06564806866952791,0.3410586552217454
7565,1.3125,5.19125,0.10941344778254651,0.5653791130185981
7566,1.0275,5.19875,0.08560801144492132,0.44635193133047213
7567,1.0175,5.16875,0.06912732474964235,0.3570815450643777
7568,0.8525,5.1875,0.07105007153075824,0.36852646638054365
7569,0.8825,5.1975,0.07352217453505008,0.38226037195994284
7570,0.8975,5.18125,0.07663519313304722,0.3982832618025752
7571,0.86,5.17375,0.07169098712446352,0.37081545064377686
7572,0.8175,5.17,0.06812017167381974,0.35250357653791137
7573,0.8225,5.1975,0.08624892703862662,0.45092989985693854
7574,1.025,5.19125,0.08542489270386266,0.44177396280400577
7575,1.055,5.1775,0.08789699570815451,0.4532188841201717
7576,0.9875,5.17375,0.07938197424892705,0.4120171673819743
7577,0.9475,5.1925,0.07892417739628041,0.4097281831187411
7578,0.9375,5.17125,0.07810014306151646,0.40515021459227474
7579,1.3775,5.15,0.09604577968526468,0.49442060085836914
7580,1.3625,5.15375,0.133310443490701,0.6866952789699571
7581,2.2,5.1025,0.1833018597997139,0.9339055793991416
7582,2.3175,5.0775,0.2277081545064378,1.1559370529327613
7583,1.9375,5.10375,0.1787238912732475,0.9110157367668098
7584,1.29,5.17625,0.10749070100143063,0.5539341917024321
7585,1.0925,5.18125,0.07251502145922747,0.37539341917024327
7586,1.05,5.16875,0.07773390557939915,0.4005722460658083
7587,1.025,5.185,0.08542489270386266,0.44177396280400577
7588,0.86,5.1975,0.08707296137339057,0.4532188841201717
7589,1.0475,5.17375,0.08313590844062949,0.43032904148783985
7590,1.1375,5.1875,0.09476394849785409,0.492131616595136
7591,0.845,5.19625,0.08725608011444923,0.4532188841201717
7592,1.045,5.16625,0.07434620886981402,0.38226037195994284
7593,0.9525,5.19375,0.07938197424892705,0.4120171673819743
7594,0.9075,5.18625,0.0689442060085837,0.3570815450643777
7595,0.855,5.19625,0.0785579399141631,0.4097281831187411
7596,0.885,5.175,0.07370529327610874,0.38226037195994284
7597,0.84,5.17,0.07004291845493563,0.3639484978540773
7598,0.8,5.2025,0.08167095851216023,0.4234620886981402
7599,0.995,5.20125,0.08295278969957083,0.43032904148783985
7600,0.955,5.18375,0.07956509298998571,0.4120171673819743
7601,0.945,5.195,0.07169098712446352,0.37081545064377686
7602,0.9475,5.2025,0.07892417739628041,0.4097281831187411
7603,1.0175,5.2,0.08478397711015738,0.44177396280400577
7604,0.8825,5.195,0.09274964234620887,0.48068669527897
7605,0.895,5.16,0.07462088698140201,0.3868383404864092
7606,1.0075,5.19875,0.08395994277539343,0.4349070100143062
7607,0.87,5.19625,0.08267811158798284,0.43032904148783985
7608,0.9325,5.17,0.07773390557939915,0.4005722460658083
7609,0.845,5.1925,0.07040915593705294,0.3639484978540773
7610,1,5.1725,0.08066380543633764,0.41659513590844066
7611,0.8725,5.17375,0.07269814020028613,0.37539341917024327
7612,0.8775,5.17625,0.07315593705293277,0.3776824034334764
7613,0.81,5.20125,0.07810014306151646,0.40515021459227474
7614,0.9925,5.2025,0.08267811158798284,0.43032904148783985
7615,0.9925,5.185,0.08267811158798284,0.4280400572246066
7616,0.905,5.19,0.07205722460658083,0.37539341917024327
7617,0.985,5.19875,0.08212875536480688,0.4280400572246066
7618,0.9975,5.19375,0.08313590844062949,0.43032904148783985
7619,1.085,5.16625,0.08560801144492132,0.44177396280400577
7620,0.9925,5.19625,0.08267811158798284,0.43032904148783985
7621,1.055,5.18625,0.08789699570815451,0.4577968526466381
7622,0.885,5.19375,0.08725608011444923,0.4532188841201717
7623,1.065,5.165,0.07269814020028613,0.37539341917024327
7624,0.92,5.2,0.07663519313304722,0.3982832618025752
7625,0.9725,5.16875,0.07397997138769671,0.38226037195994284
7626,0.87,5.1925,0.08103004291845495,0.421173104434907
7627,1.0025,5.1975,0.0835021459227468,0.4349070100143062
7628,1,5.17375,0.06601430615164522,0.3410586552217454
7629,0.8675,5.195,0.069585121602289,0.35937052932761093
7630,0.9225,5.2,0.0769098712446352,0.4005722460658083
7631,0.99,5.1675,0.07370529327610874,0.38226037195994284
7632,1.0575,5.1675,0.07434620886981402,0.38226037195994284
7633,0.7975,5.1775,0.06647210300429185,0.34563662374821175
7634,0.98,5.18125,0.07205722460658083,0.37539341917024327
7635,0.8675,5.1975,0.08295278969957083,0.43032904148783985
7636,1.0775,5.18625,0.0898197424892704,0.4646638054363377
7637,0.8975,5.19,0.07480400572246067,0.4532188841201717
7638,1.04,5.16375,0.07233190271816882,0.37539341917024327
7639,0.8275,5.19,0.0689442060085837,0.3570815450643777
7640,0.965,5.2025,0.08038912732474965,0.421173104434907
7641,0.9825,5.1725,0.06601430615164522,0.3410586552217454
7642,0.83,5.1725,0.06912732474964235,0.3570815450643777
7643,0.895,5.1875,0.07462088698140201,0.3868383404864092
7644,0.965,5.17125,0.07040915593705294,0.3639484978540773
7645,0.84,5.17125,0.07004291845493563,0.3639484978540773
7646,0.98,5.2025,0.08167095851216023,0.4234620886981402
7647,0.995,5.16375,0.07269814020028613,0.37539341917024327
7648,0.845,5.175,0.07040915593705294,0.3639484978540773
7649,0.9725,5.17375,0.08103004291845495,0.421173104434907
7650,0.95,5.1775,0.08084692417739629,0.421173104434907
7651,0.855,5.18,0.07123319027181689,0.36852646638054365
7652,1.0275,5.18875,0.08560801144492132,0.44177396280400577
7653,0.88,5.19375,0.090826895565093,0.4715307582260372
7654,0.8025,5.1725,0.06683834048640916,0.34563662374821175
7655,0.7875,5.1825,0.06564806866952791,0.3410586552217454
7656,1.0025,5.16375,0.07837482117310444,0.40515021459227474
7657,0.81,5.1675,0.06747925608011446,0.34792560801144495
7658,0.835,5.16875,0.069585121602289,0.35937052932761093
7659,0.8275,5.19625,0.08872103004291847,0.46237482117310447
7660,0.95,5.17625,0.07919885550786838,0.4097281831187411
7661,0.85,5.16625,0.07086695278969958,0.36852646638054365
7662,0.7925,5.20125,0.08148783977110158,0.4234620886981402
7663,0.7925,5.195,0.08249499284692419,0.4280400572246066
7664,0.9825,5.1975,0.08185407725321889,0.4234620886981402
7665,0.99,5.1675,0.14081831187410587,0.7278969957081546
7666,1.065,5.1725,0.07645207439198856,0.3937052932761088
7667,1.035,5.1975,0.08624892703862662,0.45092989985693854
7668,0.845,5.195,0.08688984263233192,0.45092989985693854
7669,0.9875,5.17,0.0666552217453505,0.34563662374821175
7670,0.8125,5.17125,0.06775393419170243,0.34792560801144495
7671,0.8225,5.1975,0.08725608011444923,0.4532188841201717
7672,0.825,5.1975,0.09000286123032905,0.46924177396280403
7673,0.945,5.18625,0.07874105865522175,0.4097281831187411
7674,0.9275,5.18375,0.07187410586552218,0.37081545064377686
7675,0.9175,5.185,0.07370529327610874,0.38226037195994284
7676,0.855,5.195,0.07123319027181689,0.37081545064377686
7677,0.9,5.1825,0.07498712446351932,0.4234620886981402
7678,0.9575,5.175,0.07745922746781117,0.4005722460658083
7679,0.8525,5.17875,0.07105007153075824,0.36852646638054365
7680,1.0175,5.18,0.08478397711015738,0.4394849785407726
7681,0.905,5.1825,0.08414306151645208,0.4349070100143062
7682,1.02,5.19375,0.08496709585121603,0.44177396280400577
7683,0.9525,5.16625,0.07938197424892705,0.4097281831187411
7684,1.08,5.16875,0.07517024320457798,0.3891273247496424
7685,0.795,5.17125,0.0662889842632332,0.3410586552217454
7686,0.8225,5.1875,0.06857796852646639,0.3570815450643777
7687,0.85,5.185,0.07727610872675252,0.4005722460658083
7688,0.94,5.1775,0.07837482117310444,0.40515021459227474
7689,2.2725,5.10125,0.18934477825464952,0.9682403433476396
7690,1.6175,5.11875,0.18879542203147356,0.9682403433476396
7691,2.5325,5.11,0.21104434907010017,1.080400572246066
7692,1.1425,5.17375,0.09522174535050072,0.492131616595136
7693,1.06,5.16375,0.07480400572246067,0.3868383404864092
7694,0.985,5.16125,0.08212875536480688,0.4234620886981402
7695,1.05,5.1975,0.0875307582260372,0.4532188841201717
7696,0.87,5.1975,0.08167095851216023,0.4234620886981402
7697,1.01,5.18375,0.08414306151645208,0.4349070100143062
7698,0.84,5.16875,0.07004291845493563,0.3639484978540773
7699,0.885,5.18125,0.07562804005722461,0.3891273247496424
7700,0.9675,5.19,0.08066380543633764,0.421173104434907
7701,0.8375,5.1725,0.06976824034334765,0.35937052932761093
7702,0.83,5.1975,0.07269814020028613,0.3776824034334764
7703,0.9275,5.2,0.07727610872675252,0.4005722460658083
7704,0.9975,5.20375,0.08313590844062949,0.43032904148783985
7705,0.9825,5.1725,0.07004291845493563,0.3639484978540773
7706,0.92,5.175,0.07251502145922747,0.37539341917024327
7707,0.9725,5.19,0.08103004291845495,0.421173104434907
7708,1.005,5.1675,0.07141630901287555,0.36852646638054365
7709,0.8525,5.19875,0.08688984263233192,0.45092989985693854
7710,0.9425,5.1725,0.0785579399141631,0.40515021459227474
7711,0.8425,5.1975,0.08606580829756796,0.44635193133047213
7712,1.0275,5.1675,0.07370529327610874,0.38226037195994284
7713,0.8425,5.18,0.07022603719599428,0.3639484978540773
7714,1.045,5.16375,0.07288125894134478,0.37539341917024327
7715,1.0225,5.17125,0.0779170243204578,0.4005722460658083
7716,0.9125,5.19875,0.07608583690987125,0.3937052932761088
7717,0.9825,5.16875,0.0666552217453505,0.34563662374821175
7718,0.995,5.17125,0.06647210300429185,0.34563662374821175
7719,0.7875,5.1725,0.06564806866952791,0.3410586552217454
7720,0.81,5.19,0.06747925608011446,0.34792560801144495
7721,0.7875,5.195,0.08167095851216023,0.4234620886981402
7722,0.9875,5.18625,0.08231187410586553,0.4280400572246066
7723,0.9125,5.18125,0.07608583690987125,0.3937052932761088
7724,0.85,5.2,0.08579113018597997,0.44635193133047213
7725,0.845,5.16875,0.07040915593705294,0.3639484978540773
7726,1.0475,5.195,0.08725608011444923,0.4532188841201717
7727,0.9125,5.19,0.07581115879828328,0.3937052932761088
7728,1.03,5.1875,0.08579113018597997,0.44635193133047213
7729,0.81,5.18625,0.06747925608011446,0.34792560801144495
7730,0.925,5.175,0.07123319027181689,0.36852646638054365
7731,0.7975,5.1825,0.06647210300429185,0.34563662374821175
7732,0.8425,5.19,0.07022603719599428,0.3639484978540773
7733,0.7925,5.19625,0.08038912732474965,0.41659513590844066
7734,1.04,5.18875,0.08670672389127326,0.45092989985693854
7735,0.8375,5.1725,0.06976824034334765,0.35937052932761093
7736,0.82,5.20125,0.07434620886981402,0.3868383404864092
7737,0.8625,5.19,0.07187410586552218,0.37081545064377686
7738,0.78,5.18375,0.06500715307582261,0.33648068669527903
7739,1.015,5.17,0.07608583690987125,0.3937052932761088
7740,0.8925,5.1875,0.07434620886981402,0.3868383404864092
7741,1.045,5.1925,0.08707296137339057,0.4532188841201717
7742,0.84,5.19625,0.08643204577968527,0.45092989985693854
7743,0.945,5.17375,0.07874105865522175,0.4097281831187411
7744,0.8225,5.18875,0.06857796852646639,0.3570815450643777
7745,0.83,5.18375,0.0769098712446352,0.3982832618025752
7746,0.9225,5.18125,0.07462088698140201,0.3868383404864092
7747,0.8375,5.17125,0.06976824034334765,0.35937052932761093
7748,0.7925,5.2025,0.080206008583691,0.41659513590844066
7749,0.795,5.20375,0.07874105865522175,0.4097281831187411
7750,1,5.2025,0.08331902718168814,0.4349070100143062
7751,0.9525,5.17375,0.07040915593705294,0.3639484978540773
7752,1.0025,5.17,0.06647210300429185,0.34563662374821175
7753,0.79,5.16875,0.06583118741058656,0.3410586552217454
7754,0.9275,5.17625,0.08835479256080116,0.4577968526466381
7755,1.05,5.16375,0.07205722460658083,0.37081545064377686
7756,1.0375,5.19875,0.08643204577968527,0.45092989985693854
7757,1.03,5.1725,0.06976824034334765,0.35937052932761093
7758,0.87,5.1875,0.08670672389127326,0.45092989985693854
7759,0.835,5.19125,0.069585121602289,0.35937052932761093
7760,0.8525,5.18625,0.07105007153075824,0.4097281831187411
7761,0.8025,5.1925,0.07974821173104436,0.4120171673819743
7762,0.9925,5.2,0.08267811158798284,0.43032904148783985
7763,0.9775,5.2025,0.08148783977110158,0.4234620886981402
7764,0.9625,5.17125,0.07059227467811159,0.3639484978540773
7765,0.895,5.16875,0.07462088698140201,0.3868383404864092
7766,0.815,5.17,0.06793705293276109,0.35250357653791137
7767,0.7875,5.20125,0.08212875536480688,0.4280400572246066
7768,0.94,5.18625,0.07837482117310444,0.40515021459227474
7769,0.84,5.1725,0.07004291845493563,0.3639484978540773
7770,1.055,5.165,0.07123319027181689,0.36852646638054365
7771,0.955,5.1975,0.07956509298998571,0.4120171673819743
7772,1.0075,5.18375,0.08395994277539343,0.4349070100143062
7773,0.8375,5.1975,0.08670672389127326,0.45092989985693854
7774,0.935,5.185,0.0779170243204578,0.40515021459227474
7775,0.8,5.16875,0.0666552217453505,0.34563662374821175
7776,0.82,5.20125,0.07544492131616595,0.3937052932761088
7777,0.87,5.1975,0.07251502145922747,0.37539341917024327
7778,0.8875,5.20125,0.07397997138769671,0.3868383404864092
7779,0.885,5.18125,0.0835021459227468,0.43032904148783985
7780,0.89,5.18125,0.07416309012875537,0.38226037195994284
7781,0.8925,5.17875,0.07434620886981402,0.3868383404864092
7782,0.875,5.19125,0.06940200286123034,0.35937052932761093
7783,1.5825,5.1475,0.13184549356223177,0.6798283261802576
7784,0.9125,5.17125,0.07608583690987125,0.3937052932761088
7785,1.0025,5.17125,0.07004291845493563,0.3639484978540773
7786,0.84,5.19625,0.09210872675250359,0.48068669527897
7787,0.9075,5.17,0.07562804005722461,0.3891273247496424
7788,1.5475,5.13375,0.13065522174535052,0.6706723891273249
7789,0.7875,5.2025,0.08167095851216023,0.4234620886981402
7790,0.9825,5.20375,0.08185407725321889,0.4280400572246066
7791,0.9225,5.1775,0.07288125894134478,0.3776824034334764
7792,0.85,5.185,0.0785579399141631,0.4097281831187411
7793,0.845,5.175,0.07040915593705294,0.3639484978540773
7794,0.86,5.19375,0.07123319027181689,0.37081545064377686
7795,0.785,5.19875,0.08212875536480688,0.4280400572246066
7796,0.8275,5.17,0.0689442060085837,0.3570815450643777
7797,0.7925,5.20125,0.08066380543633764,0.421173104434907
7798,0.8125,5.20125,0.07416309012875537,0.3868383404864092
7799,0.905,5.1725,0.07544492131616595,0.3891273247496424
7800,0.8425,5.19875,0.07022603719599428,0.44635193133047213
7801,1.0225,5.16625,0.07416309012875537,0.38226037195994284
7802,0.8975,5.19,0.07480400572246067,0.3891273247496424
7803,1.025,5.18625,0.08542489270386266,0.44177396280400577
7804,0.7825,5.20125,0.08267811158798284,0.43032904148783985
7805,0.9525,5.20375,0.07938197424892705,0.4120171673819743
7806,0.9375,5.2025,0.07810014306151646,0.40515021459227474
7807,0.9575,5.1725,0.07004291845493563,0.3639484978540773
7808,0.8825,5.17125,0.07352217453505008,0.3776824034334764
7809,0.8125,5.17125,0.06775393419170243,0.34792560801144495
7810,0.805,5.20125,0.07269814020028613,0.3776824034334764
7811,0.8625,5.1975,0.07187410586552218,0.37539341917024327
7812,0.835,5.1925,0.069585121602289,0.35937052932761093
7813,0.9675,5.17125,0.0689442060085837,0.3570815450643777
7814,0.8375,5.17,0.06976824034334765,0.35937052932761093
7815,1.0075,5.19875,0.08395994277539343,0.4349070100143062
7816,0.845,5.2,0.08313590844062949,0.43032904148783985
7817,1.03,5.18625,0.08579113018597997,0.44635193133047213
7818,1.025,5.1975,0.08542489270386266,0.44177396280400577
7819,0.9275,5.18375,0.0662889842632332,0.34563662374821175
7820,0.8125,5.18875,0.06775393419170243,0.35250357653791137
7821,0.9225,5.20125,0.0769098712446352,0.4005722460658083
7822,0.9325,5.17625,0.08066380543633764,0.41659513590844066
7823,0.875,5.1775,0.07288125894134478,0.3776824034334764
7824,0.83,5.1725,0.06912732474964235,0.3570815450643777
7825,0.8475,5.19375,0.07141630901287555,0.37081545064377686
7826,0.845,5.19375,0.07040915593705294,0.36852646638054365
7827,0.9025,5.19875,0.07517024320457798,0.3891273247496424
7828,0.9725,5.17,0.07663519313304722,0.3982832618025752
7829,0.9375,5.1875,0.07288125894134478,0.3776824034334764
7830,1.025,5.1875,0.08542489270386266,0.44177396280400577
7831,0.86,5.1975,0.08441773962804007,0.4394849785407726
7832,0.945,5.1775,0.080206008583691,0.41659513590844066
7833,0.8575,5.1825,0.07141630901287555,0.37081545064377686
7834,0.985,5.16875,0.0666552217453505,0.34563662374821175
7835,0.8625,5.1925,0.06940200286123034,0.35937052932761093
7836,0.8825,5.19875,0.07352217453505008,0.38226037195994284
7837,0.8525,5.18625,0.08167095851216023,0.4234620886981402
7838,0.855,5.18625,0.08267811158798284,0.4280400572246066
7839,0.815,5.17125,0.06793705293276109,0.35250357653791137
7840,0.8325,5.1975,0.07123319027181689,0.37081545064377686
7841,0.88,5.19,0.06812017167381974,0.35250357653791137
7842,0.79,5.1825,0.06583118741058656,0.3410586552217454
7843,0.83,5.1875,0.06912732474964235,0.41659513590844066
7844,1.005,5.17375,0.069585121602289,0.35937052932761093
7845,1.0475,5.19625,0.08725608011444923,0.4532188841201717
7846,1.04,5.1925,0.08670672389127326,0.45092989985693854
7847,0.9,5.1925,0.07608583690987125,0.3937052932761088
7848,0.985,5.18125,0.08212875536480688,0.4234620886981402
7849,0.87,5.1975,0.07251502145922747,0.37539341917024327
7850,0.8475,5.18625,0.08524177396280401,0.44177396280400577
7851,0.9525,5.19,0.07938197424892705,0.4120171673819743
7852,0.9875,5.1925,0.08231187410586553,0.4280400572246066
7853,0.8875,5.18875,0.06747925608011446,0.34792560801144495
7854,0.865,5.1975,0.07205722460658083,0.37539341917024327
7855,0.9725,5.2025,0.08103004291845495,0.421173104434907
7856,0.98,5.17125,0.06583118741058656,0.3410586552217454
7857,0.7875,5.1825,0.06564806866952791,0.3410586552217454
7858,0.7775,5.17875,0.06482403433476396,0.33648068669527903
7859,1.0125,5.16875,0.07498712446351932,0.3868383404864092
7860,0.87,5.18625,0.07251502145922747,0.37539341917024327
7861,1.035,5.1975,0.08624892703862662,0.45092989985693854
7862,0.97,5.18125,0.07040915593705294,0.3639484978540773
7863,1.0375,5.19125,0.08643204577968527,0.45092989985693854
7864,0.945,5.16125,0.07874105865522175,0.40515021459227474
7865,0.78,5.2,0.08231187410586553,0.4280400572246066
7866,0.9375,5.17625,0.07810014306151646,0.40515021459227474
7867,0.94,5.1875,0.07837482117310444,0.40515021459227474
7868,0.8675,5.1925,0.06876108726752504,0.3570815450643777
7869,0.82,5.2,0.07462088698140201,0.3868383404864092
7870,0.835,5.19375,0.069585121602289,0.35937052932761093
7871,0.7925,5.195,0.08167095851216023,0.4234620886981402
7872,0.8,5.19375,0.08185407725321889,0.4234620886981402
7873,0.9525,5.19,0.07938197424892705,0.4120171673819743
7874,0.845,5.19875,0.08377682403433477,0.4349070100143062
7875,1.015,5.1675,0.07919885550786838,0.4097281831187411
7876,0.95,5.19625,0.07919885550786838,0.4120171673819743
7877,1.04,5.16625,0.07581115879828328,0.3891273247496424
7878,0.9275,5.1875,0.07874105865522175,0.4097281831187411
7879,1.14,5.1825,0.09503862660944207,0.492131616595136
7880,0.935,5.18,0.06500715307582261,0.33648068669527903
7881,0.93,5.1825,0.07205722460658083,0.37539341917024327
7882,0.7775,5.1775,0.06482403433476396,0.3341917024320458
7883,0.78,5.20375,0.08103004291845495,0.421173104434907
7884,0.775,5.20125,0.08185407725321889,0.4280400572246066
7885,0.9975,5.20375,0.08313590844062949,0.43032904148783985
7886,0.98,5.2,0.08167095851216023,0.4234620886981402
7887,0.9825,5.17125,0.0672961373390558,0.34792560801144495
7888,0.7775,5.1775,0.06482403433476396,0.3341917024320458
7889,1.0125,5.1875,0.08441773962804007,0.4394849785407726
7890,0.85,5.1975,0.08395994277539343,0.4349070100143062
7891,0.9375,5.17375,0.07810014306151646,0.40515021459227474
7892,0.84,5.1775,0.07004291845493563,0.3639484978540773
7893,1.0475,5.1675,0.07269814020028613,0.37539341917024327
7894,1.045,5.1975,0.08707296137339057,0.4532188841201717
7895,1.025,5.195,0.08542489270386266,0.44177396280400577
7896,0.9225,5.19,0.07397997138769671,0.38226037195994284
7897,1.0325,5.1975,0.08606580829756796,0.44635193133047213
7898,0.9025,5.17,0.07517024320457798,0.3891273247496424
7899,1.025,5.16625,0.07187410586552218,0.37081545064377686
7900,0.9475,5.19625,0.07892417739628041,0.4097281831187411
7901,0.9925,5.195,0.08267811158798284,0.43032904148783985
7902,0.9675,5.17,0.06583118741058656,0.3410586552217454
7903,0.8525,5.17125,0.07105007153075824,0.36852646638054365
7904,1.0275,5.19875,0.08560801144492132,0.44635193133047213
7905,0.955,5.1825,0.07709298998569386,0.4005722460658083
7906,1.03,5.19875,0.08579113018597997,0.44635193133047213
7907,0.8825,5.1675,0.07352217453505008,0.3776824034334764
7908,0.925,5.17875,0.08038912732474965,0.41659513590844066
7909,0.945,5.18625,0.08249499284692419,0.4280400572246066
7910,0.7775,5.17875,0.06482403433476396,0.33648068669527903
7911,0.8075,5.1925,0.08707296137339057,0.4532188841201717
7912,0.7875,5.195,0.08148783977110158,0.4234620886981402
7913,0.95,5.1875,0.07919885550786838,0.4120171673819743
7914,0.8775,5.19,0.06793705293276109,0.35250357653791137
7915,0.8075,5.2,0.08038912732474965,0.41659513590844066
7916,0.97,5.20125,0.08084692417739629,0.421173104434907
7917,0.9425,5.17125,0.06857796852646639,0.3570815450643777
7918,0.8625,5.1825,0.07517024320457798,0.3891273247496424
7919,0.875,5.1825,0.07288125894134478,0.3776824034334764
7920,1.0425,5.16625,0.07169098712446352,0.37081545064377686
7921,0.9725,5.17875,0.07608583690987125,0.3937052932761088
7922,1.0325,5.19875,0.08606580829756796,0.44635193133047213
7923,1.0275,5.1675,0.07022603719599428,0.3639484978540773
7924,0.8475,5.2,0.08377682403433477,0.4349070100143062
7925,1,5.19875,0.08331902718168814,0.43032904148783985
7926,0.985,5.17125,0.08212875536480688,0.34563662374821175
7927,0.9675,5.1725,0.06876108726752504,0.3570815450643777
7928,0.8175,5.17125,0.06812017167381974,0.35250357653791137
7929,0.9775,5.1875,0.08148783977110158,0.4234620886981402
7930,0.9475,5.1725,0.07004291845493563,0.3639484978540773
7931,0.83,5.1725,0.06912732474964235,0.3570815450643777
7932,0.8225,5.17375,0.06857796852646639,0.3570815450643777
7933,0.7725,5.2,0.08148783977110158,0.4234620886981402
7934,0.92,5.1625,0.07663519313304722,0.3937052932761088
7935,3.2025,5.0525,0.26689556509299,1.3505007153075823
7936,1.0275,5.17,0.06976824034334765,0.35937052932761093
7937,1.045,5.1975,0.08707296137339057,0.4532188841201717
7938,0.925,5.16875,0.07709298998569386,0.3982832618025752
7939,0.955,5.17,0.06683834048640916,0.34563662374821175
7940,0.8275,5.1725,0.0689442060085837,0.3570815450643777
7941,0.7775,5.17625,0.06482403433476396,0.3341917024320458
7942,0.8175,5.2,0.07434620886981402,0.3868383404864092
7943,0.8625,5.19625,0.07187410586552218,0.37539341917024327
7944,0.7925,5.18375,0.06601430615164522,0.3410586552217454
7945,0.79,5.195,0.08185407725321889,0.4234620886981402
7946,0.885,5.18,0.07370529327610874,0.38226037195994284
7947,0.895,5.17625,0.07462088698140201,0.3868383404864092
7948,0.82,5.2,0.07370529327610874,0.38226037195994284
7949,1.03,5.195,0.08579113018597997,0.44635193133047213
7950,0.9,5.19125,0.07498712446351932,0.3891273247496424
7951,1.03,5.1675,0.07022603719599428,0.3639484978540773
7952,0.94,5.185,0.07105007153075824,0.36852646638054365
7953,1.02,5.18375,0.08496709585121603,0.4394849785407726
7954,0.88,5.18125,0.08231187410586553,0.4280400572246066
7955,0.8025,5.19125,0.07919885550786838,0.4120171673819743
7956,0.9075,5.18375,0.07562804005722461,0.3937052932761088
7957,0.98,5.17125,0.06519027181688127,0.33648068669527903
7958,0.995,5.17125,0.06564806866952791,0.3410586552217454
7959,0.7875,5.17125,0.06564806866952791,0.3410586552217454
7960,0.8375,5.1975,0.07040915593705294,0.36852646638054365
7961,0.7825,5.2025,0.07974821173104436,0.41659513590844066
7962,0.985,5.195,0.08212875536480688,0.4280400572246066
7963,0.985,5.1725,0.06519027181688127,0.33648068669527903
7964,0.92,5.19125,0.08670672389127326,0.45092989985693854
7965,0.8275,5.1725,0.0689442060085837,0.3570815450643777
7966,1.0425,5.16625,0.08688984263233192,0.3639484978540773
7967,0.855,5.1975,0.08103004291845495,0.421173104434907
7968,1.0325,5.19,0.08606580829756796,0.44635193133047213
7969,0.7975,5.17375,0.06647210300429185,0.34563662374821175
7970,0.785,5.20375,0.07919885550786838,0.4120171673819743
7971,0.8625,5.19875,0.07187410586552218,0.37539341917024327
7972,0.9,5.19875,0.07498712446351932,0.3891273247496424
7973,0.8175,5.18875,0.0785579399141631,0.4097281831187411
7974,0.93,5.18625,0.07745922746781117,0.4005722460658083
7975,0.965,5.1925,0.08038912732474965,0.41659513590844066
7976,0.9325,5.18,0.06500715307582261,0.33648068669527903
7977,0.785,5.1725,0.06537339055793992,0.33648068669527903
7978,0.7925,5.17,0.06601430615164522,0.3410586552217454
7979,0.8475,5.19125,0.08624892703862662,0.44635193133047213
7980,0.99,5.18375,0.08249499284692419,0.4280400572246066
7981,0.8475,5.16625,0.07059227467811159,0.3639484978540773
7982,1.0175,5.1675,0.07352217453505008,0.3776824034334764
7983,0.8775,5.16625,0.07315593705293277,0.3776824034334764
7984,1.225,5.1925,0.1020886981402003,0.528755364806867
7985,0.9275,5.17375,0.08331902718168814,0.43032904148783985
7986,0.9775,5.19625,0.08148783977110158,0.4234620886981402
7987,0.9625,5.19125,0.080206008583691,0.41659513590844066
7988,0.93,5.18,0.06482403433476396,0.33648068669527903
7989,0.805,5.17,0.06711301859799715,0.34792560801144495
7990,0.9325,5.18375,0.07773390557939915,0.4005722460658083
7991,0.945,5.17625,0.06482403433476396,0.3341917024320458
7992,0.8075,5.17,0.0672961373390558,0.34792560801144495
7993,0.895,5.18125,0.07462088698140201,0.3868383404864092
7994,0.835,5.19375,0.08643204577968527,0.45092989985693854
7995,1.0325,5.16875,0.069585121602289,0.35937052932761093
7996,1.0475,5.195,0.08725608011444923,0.4532188841201717
7997,0.8325,5.195,0.08542489270386266,0.44177396280400577
7998,0.935,5.1775,0.09851788268955652,0.5104434907010015
7999,0.9475,5.17,0.07892417739628041,0.4097281831187411
8000,0.99,5.16625,0.07169098712446352,0.37081545064377686
8001,0.9475,5.17375,0.07562804005722461,0.3891273247496424
8002,0.89,5.18125,0.07416309012875537,0.38226037195994284
8003,0.9475,5.1775,0.06500715307582261,0.33648068669527903
8004,0.975,5.17,0.06683834048640916,0.34563662374821175
8005,0.805,5.17125,0.06711301859799715,0.34792560801144495
8006,0.87,5.19125,0.06812017167381974,0.35250357653791137
8007,0.8725,5.19,0.0672961373390558,0.34792560801144495
8008,0.845,5.195,0.07040915593705294,0.36852646638054365
8009,1.0475,5.165,0.08725608011444923,0.4532188841201717
8010,0.975,5.17875,0.07773390557939915,0.4005722460658083
8011,1.015,5.19875,0.08460085836909872,0.4394849785407726
8012,0.8925,5.17,0.07434620886981402,0.38226037195994284
8013,0.885,5.185,0.0901859799713877,0.46924177396280403
8014,0.9075,5.16375,0.07562804005722461,0.3891273247496424
8015,0.7725,5.175,0.06436623748211731,0.3341917024320458
8016,0.7775,5.19875,0.0812131616595136,0.4234620886981402
8017,0.975,5.20375,0.0812131616595136,0.4234620886981402
8018,0.9225,5.20125,0.0769098712446352,0.4005722460658083
8019,0.8225,5.18875,0.07892417739628041,0.4097281831187411
8020,0.9525,5.17875,0.07938197424892705,0.4120171673819743
8021,0.8,5.17,0.0666552217453505,0.34563662374821175
8022,0.8625,5.1925,0.06912732474964235,0.35937052932761093
8023,0.7975,5.18625,0.06647210300429185,0.34563662374821175
8024,1.03,5.1925,0.08579113018597997,0.44635193133047213
8025,0.89,5.19125,0.08771387696709586,0.4532188841201717
8026,1.0175,5.19375,0.08478397711015738,0.4394849785407726
8027,0.8075,5.17375,0.0672961373390558,0.34792560801144495
8028,1.0475,5.165,0.0769098712446352,0.3982832618025752
8029,0.8325,5.17625,0.06940200286123034,0.35937052932761093
8030,0.85,5.175,0.07086695278969958,0.36852646638054365
8031,0.8125,5.1975,0.07874105865522175,0.4097281831187411
8032,0.855,5.1975,0.07123319027181689,0.37081545064377686
8033,0.7875,5.18375,0.06564806866952791,0.3410586552217454
8034,0.775,5.20125,0.08231187410586553,0.4280400572246066
8035,0.805,5.19375,0.08066380543633764,0.421173104434907
8036,0.9825,5.1975,0.08185407725321889,0.4234620886981402
8037,0.97,5.17625,0.06454935622317597,0.3341917024320458
8038,0.9675,5.1725,0.06418311874105866,0.3341917024320458
8039,0.98,5.1975,0.08167095851216023,0.4234620886981402
8040,0.9975,5.175,0.06912732474964235,0.3570815450643777
8041,1.035,5.16625,0.07086695278969958,0.36852646638054365
8042,0.875,5.18125,0.07288125894134478,0.3776824034334764
8043,0.9925,5.16875,0.07059227467811159,0.3639484978540773
8044,1.04,5.16625,0.07022603719599428,0.3639484978540773
8045,0.7925,5.1825,0.06601430615164522,0.3410586552217454
8046,0.7825,5.2025,0.07974821173104436,0.41659513590844066
8047,0.7925,5.19375,0.08066380543633764,0.421173104434907
8048,0.965,5.195,0.08038912732474965,0.41659513590844066
8049,0.9275,5.1825,0.07727610872675252,0.33648068669527903
8050,0.985,5.1725,0.06519027181688127,0.33648068669527903
8051,0.955,5.19125,0.07956509298998571,0.4120171673819743
8052,0.965,5.195,0.08038912732474965,0.41659513590844066
8053,1,5.16875,0.0666552217453505,0.34563662374821175
8054,0.995,5.19875,0.08295278969957083,0.43032904148783985
8055,1.025,5.19125,0.08542489270386266,0.44177396280400577
8056,0.83,5.1975,0.08496709585121603,0.44177396280400577
8057,1.045,5.195,0.08707296137339057,0.4532188841201717
8058,0.9125,5.17125,0.07608583690987125,0.3937052932761088
8059,0.835,5.195,0.08688984263233192,0.45092989985693854
8060,0.83,5.17375,0.06912732474964235,0.3570815450643777
8061,0.885,5.18,0.07370529327610874,0.38226037195994284
8062,0.8625,5.19,0.06912732474964235,0.35937052932761093
8063,0.91,5.1975,0.07581115879828328,0.3937052932761088
8064,0.9675,5.20125,0.08066380543633764,0.421173104434907
8065,0.9625,5.17125,0.07187410586552218,0.37081545064377686
8066,0.8775,5.19375,0.07315593705293277,0.3776824034334764
8067,0.815,5.19,0.06793705293276109,0.35250357653791137
8068,0.865,5.18375,0.08185407725321889,0.4234620886981402
8069,0.97,5.19125,0.08084692417739629,0.421173104434907
8070,0.96,5.2,0.08002288984263234,0.41659513590844066
8071,0.945,5.185,0.07269814020028613,0.3776824034334764
8072,1.13,5.195,0.09412303290414879,0.4875536480686696
8073,0.95,5.17625,0.07919885550786838,0.4097281831187411
8074,0.825,5.1975,0.08579113018597997,0.44635193133047213
8075,0.915,5.19,0.0762689556509299,0.3982832618025752
8076,1.0125,5.2,0.08441773962804007,0.4394849785407726
8077,0.9275,5.17625,0.07169098712446352,0.37081545064377686
8078,0.9125,5.1775,0.07105007153075824,0.36852646638054365
8079,0.9325,5.1875,0.07773390557939915,0.40515021459227474
8080,0.97,5.17375,0.06436623748211731,0.3341917024320458
8081,0.8525,5.1925,0.07004291845493563,0.3639484978540773
8082,0.7925,5.18625,0.06601430615164522,0.3410586552217454
8083,0.775,5.20125,0.08313590844062949,0.43032904148783985
8084,0.9775,5.17125,0.09934191702432046,0.5127324749642347
8085,0.8675,5.1875,0.07233190271816882,0.37539341917024327
8086,1.0725,5.15875,0.07517024320457798,0.3868383404864092
8087,0.9125,5.1875,0.06912732474964235,0.35937052932761093
8088,1.0475,5.195,0.08725608011444923,0.4532188841201717
8089,0.84,5.2,0.0785579399141631,0.4097281831187411
8090,0.7575,5.20625,0.07892417739628041,0.4120171673819743
8091,0.825,5.19875,0.06876108726752504,0.3570815450643777
8092,0.8225,5.1875,0.06857796852646639,0.3891273247496424
8093,0.76,5.20375,0.07837482117310444,0.4097281831187411
8094,0.8775,5.2025,0.07315593705293277,0.3776824034334764
8095,0.7575,5.18375,0.06308440629470673,0.32732474964234626
8096,0.8025,5.2,0.069585121602289,0.35937052932761093
8097,0.7575,5.1725,0.06308440629470673,0.32732474964234626
8098,0.825,5.1775,0.06876108726752504,0.3570815450643777
8099,0.9725,5.1875,0.0891788268955651,0.46237482117310447
8100,1.1425,5.19625,0.09522174535050072,0.49442060085836914
8101,0.875,5.17625,0.07288125894134478,0.3776824034334764
8102,1,5.16875,0.07462088698140201,0.3868383404864092
8103,0.805,5.17125,0.06711301859799715,0.34792560801144495
8104,0.88,5.19375,0.07333905579399143,0.38226037195994284
8105,0.7825,5.1925,0.07608583690987125,0.3937052932761088
8106,0.9425,5.205,0.0785579399141631,0.4097281831187411
8107,0.8225,5.1975,0.06857796852646639,0.3570815450643777
8108,0.765,5.20375,0.07608583690987125,0.3982832618025752
8109,0.9375,5.205,0.07810014306151646,0.40515021459227474
8110,0.7875,5.19375,0.06564806866952791,0.3410586552217454
8111,0.755,5.2,0.08441773962804007,0.4394849785407726
8112,0.9325,5.205,0.07773390557939915,0.40515021459227474
8113,0.7775,5.1875,0.06482403433476396,0.33648068669527903
8114,1.0925,5.16125,0.08808011444921317,0.4532188841201717
8115,0.9825,5.18375,0.08185407725321889,0.4234620886981402
8116,1.125,5.1925,0.09375679542203148,0.4875536480686696
8117,0.965,5.1775,0.06683834048640916,0.34563662374821175
8118,0.8475,5.1975,0.08002288984263234,0.41659513590844066
8119,1.135,5.19125,0.09458082975679544,0.492131616595136
8120,0.8725,5.18125,0.07105007153075824,0.36852646638054365
8121,0.7825,5.2,0.08313590844062949,0.43032904148783985
8122,0.9575,5.2025,0.07974821173104436,0.41659513590844066
8123,0.8825,5.18,0.07004291845493563,0.3639484978540773
8124,0.8325,5.185,0.07288125894134478,0.3776824034334764
8125,0.95,5.1975,0.07919885550786838,0.4120171673819743
8126,0.9575,5.17,0.0689442060085837,0.3570815450643777
8127,0.9475,5.17125,0.06537339055793992,0.33648068669527903
8128,0.88,5.18625,0.07333905579399143,0.3776824034334764
8129,1.075,5.16,0.14374821173104435,0.7416309012875537
8130,0.82,5.20125,0.08084692417739629,0.421173104434907
8131,0.9575,5.2,0.07974821173104436,0.41659513590844066
8132,1.0075,5.16875,0.07352217453505008,0.3776824034334764
8133,1.03,5.17,0.069585121602289,0.35937052932761093
8134,1.0475,5.19875,0.08725608011444923,0.4532188841201717
8135,0.985,5.1675,0.08212875536480688,0.4280400572246066
8136,0.9675,5.16875,0.07205722460658083,0.37081545064377686
8137,0.8425,5.175,0.07022603719599428,0.3639484978540773
8138,0.895,5.18375,0.07462088698140201,0.3868383404864092
8139,0.815,5.2,0.07315593705293277,0.3776824034334764
8140,0.8525,5.19625,0.07105007153075824,0.36852646638054365
8141,0.83,5.195,0.06912732474964235,0.35937052932761093
8142,0.7775,5.1975,0.0812131616595136,0.4234620886981402
8143,0.9425,5.185,0.0785579399141631,0.4097281831187411
8144,1.3575,5.1525,0.11316738197424894,0.5814020028612304
8145,0.85,5.1875,0.08167095851216023,0.4234620886981402
8146,0.855,5.1675,0.07123319027181689,0.36852646638054365
8147,0.8175,5.185,0.06812017167381974,0.35250357653791137
8148,0.86,5.1875,0.08084692417739629,0.421173104434907
8149,0.8125,5.17,0.06775393419170243,0.34792560801144495
8150,0.85,5.18125,0.07086695278969958,0.36852646638054365
8151,0.9475,5.17375,0.06253505007153076,0.32274678111587984
8152,0.9275,5.185,0.07727610872675252,0.4005722460658083
8153,0.9575,5.20125,0.07974821173104436,0.41659513590844066
8154,0.9,5.1775,0.06812017167381974,0.35250357653791137
8155,0.9425,5.20375,0.0785579399141631,0.4097281831187411
8156,0.865,5.19625,0.07205722460658083,0.37539341917024327
8157,0.785,5.2,0.08084692417739629,0.421173104434907
8158,0.8675,5.2025,0.07233190271816882,0.37539341917024327
8159,1.35,5.17,0.11252646638054364,0.5814020028612304
8160,0.9125,5.18875,0.07233190271816882,0.37539341917024327
8161,0.8275,5.20125,0.07938197424892705,0.4120171673819743
8162,0.8575,5.1675,0.07141630901287555,0.36852646638054365
8163,0.85,5.1875,0.08212875536480688,0.4280400572246066
8164,0.86,5.1875,0.08066380543633764,0.421173104434907
8165,0.94,5.20375,0.07837482117310444,0.4097281831187411
8166,1.44,5.13625,0.11728755364806868,0.6042918454935623
8167,0.9525,5.175,0.07086695278969958,0.36852646638054365
8168,0.8925,5.18375,0.07434620886981402,0.3868383404864092
8169,0.86,5.1925,0.06747925608011446,0.34792560801144495
8170,0.87,5.18875,0.0672961373390558,0.34792560801144495
8171,0.795,5.18625,0.0662889842632332,0.34563662374821175
8172,0.7925,5.19625,0.08066380543633764,0.421173104434907
8173,0.77,5.20375,0.08185407725321889,0.4280400572246066
8174,1.39,5.1625,0.11582260371959945,0.5974248927038627
8175,0.84,5.19875,0.07004291845493563,0.4280400572246066
8176,0.83,5.1925,0.08313590844062949,0.43032904148783985
8177,0.8375,5.16875,0.06976824034334765,0.35937052932761093
8178,0.895,5.1975,0.07462088698140201,0.3868383404864092
8179,0.945,5.175,0.07397997138769671,0.38226037195994284
8180,0.8,5.175,0.0666552217453505,0.34563662374821175
8181,0.9375,5.1925,0.07810014306151646,0.40515021459227474
8182,0.9175,5.1725,0.06290128755364807,0.32732474964234626
8183,0.7875,5.17375,0.06564806866952791,0.3410586552217454
8184,0.885,5.1875,0.07370529327610874,0.38226037195994284
8185,0.945,5.17625,0.06253505007153076,0.32274678111587984
8186,0.9625,5.2,0.080206008583691,0.41659513590844066
8187,0.96,5.2,0.08002288984263234,0.41659513590844066
8188,0.9575,5.1725,0.06372532188841203,0.32961373390557946
8189,1.0425,5.1575,0.08688984263233192,0.44635193133047213
8190,0.925,5.2,0.07709298998569386,0.4005722460658083
8191,0.98,5.17125,0.07462088698140201,0.3868383404864092
8192,0.87,5.19,0.07251502145922747,0.37539341917024327
8193,0.9825,5.18875,0.08185407725321889,0.4234620886981402
8194,0.87,5.1975,0.07727610872675252,0.4005722460658083
8195,0.8725,5.19875,0.07269814020028613,0.3776824034334764
8196,0.8525,5.20125,0.07105007153075824,0.37081545064377686
8197,0.795,5.20125,0.07004291845493563,0.3639484978540773
8198,0.76,5.18375,0.06335908440629472,0.32961373390557946
8199,0.7875,5.17375,0.06564806866952791,0.3410586552217454
8200,0.89,5.18375,0.06308440629470673,0.32732474964234626
8201,0.76,5.1725,0.06335908440629472,0.32732474964234626
8202,0.7675,5.18375,0.064,0.32961373390557946
8203,0.7575,5.20375,0.07919885550786838,0.4120171673819743
8204,1.055,5.18625,0.09146781115879829,0.4715307582260372
8205,1.0225,5.1925,0.08524177396280401,0.44177396280400577
8206,0.8425,5.19875,0.08148783977110158,0.4234620886981402
8207,0.855,5.185,0.08084692417739629,0.421173104434907
8208,0.835,5.17,0.069585121602289,0.35937052932761093
8209,0.8,5.2,0.08377682403433477,0.4349070100143062
8210,0.8025,5.2,0.06976824034334765,0.3639484978540773
8211,0.82,5.1975,0.0683032904148784,0.3570815450643777
8212,0.9225,5.17625,0.0779170243204578,0.40515021459227474
8213,0.82,5.19,0.07773390557939915,0.40515021459227474
8214,0.965,5.19125,0.08038912732474965,0.41659513590844066
8215,0.9925,5.1725,0.06500715307582261,0.33648068669527903
8216,1.0575,5.16125,0.08267811158798284,0.4280400572246066
8217,0.9175,5.20125,0.07645207439198856,0.3982832618025752
8218,0.7775,5.20375,0.06482403433476396,0.3341917024320458
8219,0.93,5.19,0.09833476394849787,0.5104434907010015
8220,0.9625,5.185,0.080206008583691,0.41659513590844066
8221,0.8475,5.16875,0.07059227467811159,0.3639484978540773
8222,1.05,5.1825,0.09915879828326181,0.5127324749642347
8223,0.83,5.16875,0.06912732474964235,0.3570815450643777
8224,0.8,5.1775,0.0666552217453505,0.34563662374821175
8225,0.7475,5.20125,0.07956509298998571,0.4120171673819743
8226,0.76,5.185,0.06335908440629472,0.32961373390557946
8227,0.8475,5.18375,0.07059227467811159,0.36852646638054365
8228,0.955,5.1725,0.06253505007153076,0.32274678111587984
8229,0.865,5.18375,0.07205722460658083,0.37539341917024327
8230,0.9275,5.1975,0.07727610872675252,0.4005722460658083
8231,0.8325,5.1875,0.07416309012875537,0.3868383404864092
8232,0.935,5.2025,0.0779170243204578,0.40515021459227474
8233,0.96,5.2025,0.08002288984263234,0.41659513590844066
8234,1.085,5.16,0.08313590844062949,0.4280400572246066
8235,0.8275,5.1875,0.0689442060085837,0.3570815450643777
8236,0.985,5.20125,0.08212875536480688,0.4280400572246066
8237,0.9625,5.1775,0.06647210300429185,0.34563662374821175
8238,0.86,5.195,0.07169098712446352,0.37081545064377686
8239,0.965,5.2025,0.08038912732474965,0.421173104434907
8240,0.885,5.1825,0.07040915593705294,0.3639484978540773
8241,0.945,5.19625,0.07874105865522175,0.4097281831187411
8242,0.94,5.2025,0.07837482117310444,0.4097281831187411
8243,0.915,5.17625,0.0672961373390558,0.34792560801144495
8244,0.7425,5.2025,0.07974821173104436,0.41659513590844066
8245,0.7825,5.19,0.06519027181688127,0.33648068669527903
8246,0.7625,5.20375,0.08185407725321889,0.4280400572246066
8247,0.7775,5.20375,0.07288125894134478,0.3776824034334764
8248,0.7525,5.17375,0.06271816881258942,0.32732474964234626
8249,1.0825,5.165,0.08066380543633764,0.41659513590844066
8250,0.88,5.195,0.07544492131616595,0.3937052932761088
8251,0.9775,5.18375,0.08148783977110158,0.4234620886981402
8252,0.845,5.19875,0.08167095851216023,0.4234620886981402
8253,0.86,5.1875,0.08478397711015738,0.4394849785407726
8254,0.8175,5.17375,0.06812017167381974,0.35250357653791137
8255,0.745,5.20375,0.07892417739628041,0.4120171673819743
8256,0.86,5.19125,0.06418311874105866,0.3341917024320458
8257,0.745,5.18,0.062077253218884125,0.32274678111587984
8258,0.835,5.1925,0.07004291845493563,0.3639484978540773
8259,0.9475,5.17125,0.06335908440629472,0.32732474964234626
8260,0.825,5.17875,0.06876108726752504,0.3570815450643777
8261,0.95,5.17625,0.07919885550786838,0.4120171673819743
8262,0.8075,5.19125,0.07562804005722461,0.3937052932761088
8263,0.935,5.205,0.0779170243204578,0.40515021459227474
8264,1.0125,5.18875,0.08441773962804007,0.4394849785407726
8265,0.985,5.17,0.07004291845493563,0.3639484978540773
8266,1.065,5.17375,0.08872103004291847,0.4577968526466381
8267,0.9875,5.1975,0.08231187410586553,0.4280400572246066
8268,0.9575,5.18,0.0672961373390558,0.34792560801144495
8269,0.975,5.19875,0.0812131616595136,0.4234620886981402
8270,1.0075,5.20625,0.08395994277539343,0.4394849785407726
8271,0.7575,5.19625,0.07892417739628041,0.4097281831187411
8272,0.925,5.20375,0.07709298998569386,0.4005722460658083
8273,0.9325,5.205,0.07773390557939915,0.40515021459227474
8274,0.7575,5.205,0.07919885550786838,0.4120171673819743
8275,0.8625,5.2025,0.07187410586552218,0.37539341917024327
8276,0.745,5.1775,0.062077253218884125,0.32274678111587984
8277,0.8425,5.19125,0.06537339055793992,0.33648068669527903
8278,0.7525,5.17125,0.06271816881258942,0.32274678111587984
8279,0.93,5.16,0.07745922746781117,0.4005722460658083
8280,0.8275,5.19,0.08185407725321889,0.4234620886981402
8281,0.8925,5.1775,0.07434620886981402,0.3868383404864092
8282,0.835,5.16875,0.069585121602289,0.35937052932761093
8283,1.0075,5.17,0.06793705293276109,0.35250357653791137
8284,0.8175,5.18375,0.06812017167381974,0.35250357653791137
8285,0.9225,5.205,0.0769098712446352,0.4005722460658083
8286,0.89,5.1775,0.0689442060085837,0.3570815450643777
8287,0.7975,5.19,0.08084692417739629,0.421173104434907
8288,0.935,5.20375,0.0779170243204578,0.40515021459227474
8289,0.795,5.19,0.07645207439198856,0.3982832618025752
8290,0.75,5.20375,0.07874105865522175,0.4097281831187411
8291,0.8675,5.2025,0.07233190271816882,0.37539341917024327
8292,0.75,5.205,0.07837482117310444,0.4097281831187411
8293,0.8125,5.1975,0.07416309012875537,0.3868383404864092
8294,1.055,5.1875,0.08789699570815451,0.4577968526466381
8295,0.9825,5.17375,0.06647210300429185,0.34563662374821175
8296,0.82,5.2,0.07919885550786838,0.4120171673819743
8297,0.995,5.1975,0.08295278969957083,0.43032904148783985
8298,0.9575,5.17875,0.06647210300429185,0.34563662374821175
8299,0.97,5.1775,0.06647210300429185,0.34563662374821175
8300,0.825,5.18,0.06876108726752504,0.3570815450643777
8301,0.8125,5.2,0.06775393419170243,0.3776824034334764
8302,0.825,5.19375,0.06537339055793992,0.3410586552217454
8303,0.7875,5.1875,0.06564806866952791,0.3410586552217454
8304,0.79,5.17625,0.06583118741058656,0.3410586552217454
8305,0.8175,5.195,0.06601430615164522,0.3410586552217454
8306,0.7425,5.17625,0.06189413447782547,0.3181688125894135
8307,0.8,5.17375,0.0666552217453505,0.34563662374821175
8308,0.9275,5.18125,0.06189413447782547,0.32274678111587984
8309,1.01,5.16875,0.08414306151645208,0.4349070100143062
8310,0.7975,5.1775,0.06647210300429185,0.34563662374821175
8311,0.9375,5.1775,0.07562804005722461,0.3891273247496424
8312,0.8025,5.17125,0.06683834048640916,0.34563662374821175
8313,0.92,5.19375,0.07663519313304722,0.3982832618025752
8314,0.9225,5.17625,0.07370529327610874,0.38226037195994284
8315,0.885,5.18375,0.07370529327610874,0.38226037195994284
8316,0.9325,5.19125,0.07773390557939915,0.40515021459227474
8317,0.8,5.2025,0.0762689556509299,0.3982832618025752
8318,0.7875,5.18875,0.06564806866952791,0.3410586552217454
8319,0.7675,5.1775,0.064,0.32961373390557946
8320,0.835,5.195,0.07004291845493563,0.3639484978540773
8321,0.85,5.2,0.07086695278969958,0.36852646638054365
8322,0.7625,5.1825,0.06354220314735337,0.32961373390557946
8323,0.7775,5.2025,0.08002288984263234,0.41659513590844066
8324,1.1325,5.1925,0.09439771101573678,0.492131616595136
8325,0.8325,5.17,0.06940200286123034,0.35937052932761093
8326,0.81,5.195,0.08395994277539343,0.4349070100143062
8327,0.8625,5.17,0.07187410586552218,0.37081545064377686
8328,0.7975,5.17125,0.06647210300429185,0.34563662374821175
8329,0.8125,5.2025,0.07938197424892705,0.4120171673819743
8330,0.785,5.2,0.07105007153075824,0.37081545064377686
8331,0.7725,5.1725,0.06436623748211731,0.3341917024320458
8332,0.85,5.19375,0.06519027181688127,0.33648068669527903
8333,0.8175,5.195,0.0662889842632332,0.34563662374821175
8334,0.9,5.2075,0.07498712446351932,0.3891273247496424
8335,0.7425,5.2,0.08002288984263234,0.41659513590844066
8336,0.745,5.2025,0.07810014306151646,0.40515021459227474
8337,0.8775,5.2025,0.07315593705293277,0.3776824034334764
8338,0.745,5.205,0.0779170243204578,0.40515021459227474
8339,0.9,5.1875,0.06793705293276109,0.35250357653791137
8340,0.9825,5.195,0.08185407725321889,0.4234620886981402
8341,0.8075,5.20125,0.08038912732474965,0.41659513590844066
8342,0.89,5.18375,0.07938197424892705,0.4120171673819743
8343,0.9025,5.1775,0.07517024320457798,0.3891273247496424
8344,0.89,5.19,0.07416309012875537,0.38226037195994284
8345,0.7825,5.205,0.07773390557939915,0.40515021459227474
8346,0.8175,5.1925,0.06812017167381974,0.35250357653791137
8347,0.8125,5.1975,0.06775393419170243,0.35250357653791137
8348,0.75,5.205,0.07810014306151646,0.40515021459227474
8349,0.885,5.20375,0.07370529327610874,0.38226037195994284
8350,0.8675,5.2025,0.07233190271816882,0.37539341917024327
8351,0.76,5.205,0.07562804005722461,0.3937052932761088
8352,0.8175,5.20125,0.06812017167381974,0.35250357653791137
8353,0.865,5.1875,0.07205722460658083,0.37539341917024327
8354,0.9,5.19,0.09412303290414879,0.4875536480686696
8355,0.885,5.19375,0.07370529327610874,0.38226037195994284
8356,1,5.2,0.08331902718168814,0.4349070100143062
8357,0.84,5.19875,0.08038912732474965,0.41659513590844066
8358,0.925,5.20125,0.07709298998569386,0.4005722460658083
8359,0.995,5.1925,0.08295278969957083,0.43032904148783985
8360,0.9575,5.1725,0.06308440629470673,0.32732474964234626
8361,0.84,5.1825,0.07004291845493563,0.3639484978540773
8362,0.9425,5.2,0.0785579399141631,0.4097281831187411
8363,0.78,5.1925,0.08295278969957083,0.43032904148783985
8364,0.9675,5.20375,0.08066380543633764,0.421173104434907
8365,0.805,5.1925,0.06711301859799715,0.34792560801144495
8366,0.7775,5.20375,0.07745922746781117,0.4005722460658083
8367,0.9325,5.19875,0.07773390557939915,0.40515021459227474
8368,0.785,5.17,0.06537339055793992,0.33648068669527903
8369,0.8925,5.19,0.07397997138769671,0.38226037195994284
8370,0.9875,5.1725,0.07517024320457798,0.3891273247496424
8371,0.9075,5.1975,0.07562804005722461,0.3937052932761088
8372,1.01,5.1675,0.0666552217453505,0.34563662374821175
8373,0.9125,5.185,0.06857796852646639,0.3570815450643777
8374,0.97,5.1975,0.08084692417739629,0.421173104434907
8375,0.8675,5.1925,0.06683834048640916,0.34792560801144495
8376,0.95,5.17375,0.064,0.32961373390557946
8377,0.775,5.17,0.06454935622317597,0.3341917024320458
8378,0.7675,5.2025,0.08267811158798284,0.43032904148783985
8379,0.7925,5.20125,0.07397997138769671,0.3868383404864092
8380,0.85,5.1975,0.07086695278969958,0.36852646638054365
8381,0.7725,5.1975,0.08148783977110158,0.4234620886981402
8382,0.7825,5.195,0.08038912732474965,0.41659513590844066
8383,0.9625,5.20375,0.080206008583691,0.41659513590844066
8384,1.005,5.17,0.07187410586552218,0.37081545064377686
8385,0.855,5.19625,0.07288125894134478,0.3776824034334764
8386,0.99,5.20125,0.08249499284692419,0.4280400572246066
8387,0.985,5.2025,0.08212875536480688,0.4280400572246066
8388,1.005,5.16875,0.06912732474964235,0.3570815450643777
8389,0.8025,5.17125,0.06683834048640916,0.34563662374821175
8390,0.75,5.1825,0.06253505007153076,0.32274678111587984
8391,0.765,5.20375,0.07480400572246067,0.3891273247496424
8392,0.755,5.18875,0.06290128755364807,0.32732474964234626
8393,0.755,5.17125,0.06290128755364807,0.32732474964234626
8394,0.8925,5.18375,0.07397997138769671,0.38226037195994284
8395,0.975,5.19875,0.0812131616595136,0.4234620886981402
8396,0.8525,5.2025,0.07105007153075824,0.37081545064377686
8397,0.7775,5.2025,0.07169098712446352,0.37081545064377686
8398,0.74,5.18125,0.061711015736766815,0.3181688125894135
8399,0.7625,5.1675,0.06354220314735337,0.32961373390557946
8400,0.9625,5.1775,0.06812017167381974,0.35250357653791137
8401,1.1325,5.19875,0.09439771101573678,0.492131616595136
8402,0.965,5.19125,0.08038912732474965,0.41659513590844066
8403,0.8475,5.195,0.07288125894134478,0.3776824034334764
8404,1.0275,5.18375,0.08560801144492132,0.44177396280400577
8405,0.835,5.18,0.069585121602289,0.35937052932761093
8406,0.92,5.18,0.06189413447782547,0.3181688125894135
8407,0.8525,5.18375,0.07105007153075824,0.36852646638054365
8408,0.9675,5.20375,0.08066380543633764,0.421173104434907
8409,0.7675,5.19375,0.0762689556509299,0.3982832618025752
8410,0.8275,5.20125,0.0689442060085837,0.35937052932761093
8411,0.76,5.17125,0.06335908440629472,0.32732474964234626
8412,0.905,5.18375,0.061711015736766815,0.3181688125894135
8413,0.8325,5.18625,0.0769098712446352,0.3982832618025752
8414,0.945,5.19375,0.07874105865522175,0.4097281831187411
8415,0.86,5.195,0.07333905579399143,0.38226037195994284
8416,0.8175,5.20375,0.08084692417739629,0.421173104434907
8417,0.8475,5.1675,0.07059227467811159,0.3639484978540773
8418,0.81,5.19875,0.08478397711015738,0.44177396280400577
8419,0.92,5.17625,0.07462088698140201,0.3868383404864092
8420,0.8125,5.17375,0.06775393419170243,0.34792560801144495
8421,0.8775,5.19,0.06519027181688127,0.33648068669527903
8422,0.8825,5.185,0.06454935622317597,0.3341917024320458
8423,0.755,5.1725,0.06290128755364807,0.32732474964234626
8424,0.8875,5.1825,0.06189413447782547,0.32274678111587984
8425,0.9275,5.18,0.062077253218884125,0.32274678111587984
8426,0.76,5.1725,0.06335908440629472,0.32732474964234626
8427,0.9175,5.1825,0.07645207439198856,0.3410586552217454
8428,0.89,5.1825,0.061711015736766815,0.3181688125894135
8429,0.8775,5.19,0.07315593705293277,0.3776824034334764
8430,0.8025,5.185,0.06683834048640916,0.34563662374821175
8431,0.8325,5.1875,0.08103004291845495,0.421173104434907
8432,0.895,5.17875,0.07462088698140201,0.3868383404864092
8433,0.8,5.17125,0.0666552217453505,0.34563662374821175
8434,0.9,5.19375,0.08441773962804007,0.4394849785407726
8435,0.9125,5.205,0.07608583690987125,0.3982832618025752
8436,0.74,5.18375,0.061711015736766815,0.3181688125894135
8437,0.7725,5.2025,0.07269814020028613,0.3776824034334764
8438,0.85,5.20125,0.07086695278969958,0.36852646638054365
8439,0.745,5.17375,0.062077253218884125,0.32274678111587984
8440,0.765,5.20625,0.07370529327610874,0.38226037195994284
8441,0.7625,5.18875,0.06354220314735337,0.32961373390557946
8442,0.7475,5.18125,0.06226037195994278,0.32274678111587984
8443,0.7625,5.205,0.07480400572246067,0.3891273247496424
8444,0.745,5.17375,0.062077253218884125,0.32274678111587984
8445,1.03,5.2,0.08579113018597997,0.44635193133047213
8446,0.995,5.16875,0.06647210300429185,0.34563662374821175
8447,0.7975,5.17375,0.06647210300429185,0.34563662374821175
8448,0.85,5.18875,0.07086695278969958,0.36852646638054365
8449,0.98,5.1725,0.07086695278969958,0.36852646638054365
8450,0.8825,5.18875,0.07352217453505008,0.38226037195994284
8451,0.905,5.20375,0.07544492131616595,0.3937052932761088
8452,0.785,5.19,0.07462088698140201,0.3868383404864092
8453,0.77,5.205,0.07205722460658083,0.37539341917024327
8454,0.7475,5.18,0.06226037195994278,0.32274678111587984
8455,0.91,5.18375,0.06253505007153076,0.32274678111587984
8456,0.8875,5.18375,0.06189413447782547,0.32274678111587984
8457,0.7775,5.17375,0.06482403433476396,0.3341917024320458
8458,0.9125,5.17625,0.064,0.32961373390557946
8459,0.91,5.17625,0.07370529327610874,0.38226037195994284
8460,0.845,5.19,0.07040915593705294,0.3639484978540773
8461,1.01,5.16875,0.07205722460658083,0.37081545064377686
8462,0.965,5.17125,0.07123319027181689,0.36852646638054365
8463,0.8225,5.185,0.06857796852646639,0.3570815450643777
8464,0.8225,5.19125,0.08331902718168814,0.43032904148783985
8465,0.7425,5.2,0.07709298998569386,0.4005722460658083
8466,0.88,5.20375,0.07333905579399143,0.38226037195994284
8467,0.98,5.16875,0.06436623748211731,0.3341917024320458
8468,0.9575,5.17375,0.06372532188841203,0.32961373390557946
8469,0.7725,5.17,0.06436623748211731,0.3341917024320458
8470,0.855,5.17375,0.07123319027181689,0.36852646638054365
8471,0.93,5.18,0.064,0.32961373390557946
8472,0.7625,5.18,0.06354220314735337,0.32961373390557946
8473,2.2775,5.09375,0.18980257510729615,0.9682403433476396
8474,2.6375,5.08875,0.16315879828326182,0.8286123032904149
8475,2.8,5.06,0.23329327610872677,1.1811158798283263
8476,4.5575,4.945,0.379788268955651,1.8792560801144493
8477,5.185,4.9025,0.43664663805436343,2.1424892703862666
8478,5.1475,4.9025,0.4289556509298999,2.103576537911302
8479,5.2,4.9025,0.4333505007153076,2.1218884120171677
8480,5.215,4.9025,0.4312446351931331,2.115021459227468
8481,5.2075,4.9025,0.43399141630901295,2.1264663805436337
8482,5.1875,4.90125,0.4322517882689557,2.1195994277539345
8483,5.22,4.9,0.43353361945636626,2.1218884120171677
8484,5.25,4.90125,0.43747067238912735,2.1447782546494993
8485,5.2,4.90125,0.4333505007153076,2.1218884120171677
8486,5.1975,4.90125,0.4364635193133048,2.1379113018598
8487,5.2125,4.90125,0.4343576537911302,2.1310443490701
8488,5.2,4.90125,0.4333505007153076,2.1218884120171677
8489,5.2075,4.9,0.43170243204577974,2.115021459227468
8490,5.2,4.90125,0.4333505007153076,2.1218884120171677
8491,5.21,4.9025,0.4341745350500716,2.1310443490701
8492,5.205,4.9025,0.43353361945636626,2.1264663805436337
8493,5.1475,4.90125,0.4289556509298999,2.103576537911302
8494,5.2175,4.9025,0.43481545064377686,2.1310443490701
8495,5.2175,4.9,0.43170243204577974,2.115021459227468
8496,5.21,4.90125,0.4360057224606581,2.1379113018598
8497,5.195,4.90125,0.432892703862661,2.1218884120171677
8498,5.215,4.9025,0.43792846924177403,2.1447782546494993
8499,5.225,4.9,0.43939341917024327,2.151645207439199
8500,5.2075,4.90125,0.43399141630901295,2.1264663805436337
8501,5.2125,4.90375,0.4341745350500716,2.1310443490701
8502,5.2125,4.90125,0.4364635193133048,2.1379113018598
8503,5.205,4.90125,0.43371673819742496,2.1264663805436337
8504,5.215,4.90125,0.43875250357653794,2.1493562231759658
8505,5.2125,4.90125,0.43399141630901295,2.1264663805436337
8506,5.2225,4.9,0.4351816881258942,2.1333333333333337
8507,5.22,4.90125,0.4354563662374822,2.1333333333333337
8508,5.22,4.9,0.43454077253218887,2.1310443490701
8509,5.2375,4.90125,0.4364635193133048,2.1379113018598
8510,5.225,4.9,0.4354563662374822,2.101287553648069
8511,5.225,4.89875,0.43774535050071534,2.1447782546494993
8512,5.2175,4.90125,0.43481545064377686,2.1310443490701
8513,5.2275,4.9,0.4356394849785408,2.1333333333333337
8514,5.225,4.90125,0.4333505007153076,2.1218884120171677
8515,5.2175,4.90125,0.43481545064377686,2.1310443490701
8516,5.235,4.9,0.4362804005722461,2.1379113018598
8517,5.2225,4.9,0.43792846924177403,2.1447782546494993
8518,5.2275,4.9,0.4356394849785408,2.1333333333333337
8519,5.2375,4.9,0.4364635193133048,2.1379113018598
8520,5.2275,4.9,0.4372875536480687,2.1424892703862666
8521,5.23,4.90125,0.43582260371959947,2.1379113018598
8522,5.24,4.9,0.43664663805436343,2.1424892703862666
8523,5.23,4.9,0.43481545064377686,2.1310443490701
8524,5.215,4.90125,0.43454077253218887,2.1310443490701
8525,5.2325,4.9,0.4360057224606581,2.1379113018598
8526,5.235,4.9,0.4351816881258942,2.1333333333333337
8527,5.2175,4.9,0.43481545064377686,2.1310443490701
8528,5.235,4.9,0.4362804005722461,2.1379113018598
8529,5.2225,4.90125,0.43664663805436343,2.1424892703862666
8530,5.225,4.9,0.4354563662374822,2.1333333333333337
8531,5.2325,4.9,0.4360057224606581,2.1379113018598
8532,5.23,4.90125,0.4343576537911302,2.1310443490701
8533,5.22,4.90125,0.4349985693848355,2.1333333333333337
8534,5.2275,4.9,0.4356394849785408,2.1333333333333337
8535,5.2375,4.9,0.4341745350500716,2.1264663805436337
8536,5.22,4.90125,0.4354563662374822,2.1333333333333337
8537,5.2225,4.89875,0.4351816881258942,2.1310443490701
8538,5.2375,4.9,0.4354563662374822,2.1333333333333337
8539,5.2375,4.9,0.43582260371959947,2.1333333333333337
8540,5.2375,4.9,0.4364635193133048,2.1379113018598
8541,5.22,4.9,0.43664663805436343,2.1424892703862666
8542,5.2275,4.9,0.4360057224606581,2.1379113018598
8543,5.23,4.90125,0.43582260371959947,2.1379113018598
8544,5.23,4.89875,0.4362804005722461,2.1379113018598
8545,5.2375,4.9,0.4360057224606581,2.1379113018598
8546,5.2375,4.9,0.4364635193133048,2.1379113018598
8547,5.2375,4.9,0.4362804005722461,2.1379113018598
8548,5.2325,4.9,0.4364635193133048,2.1379113018598
8549,5.225,4.9,0.4354563662374822,2.1333333333333337
8550,5.23,4.9,0.43582260371959947,2.1310443490701
8551,5.2225,4.9,0.4368297567954221,2.1424892703862666
8552,5.2325,4.9,0.4360057224606581,2.1379113018598
8553,5.235,4.9,0.4362804005722461,2.1379113018598
8554,5.2275,4.90125,0.4364635193133048,2.1379113018598
8555,5.225,4.89875,0.4354563662374822,2.1333333333333337
8556,5.24,4.90125,0.43664663805436343,2.1424892703862666
8557,5.225,4.9,0.4360057224606581,2.1379113018598
8558,5.2375,4.9,0.4364635193133048,2.1379113018598
8559,5.2425,4.89875,0.4368297567954221,2.1424892703862666
8560,5.2375,4.90125,0.43582260371959947,2.1379113018598
8561,5.2425,4.9,0.4368297567954221,2.1424892703862666
8562,5.23,4.89875,0.43582260371959947,2.1333333333333337
8563,5.2325,4.89875,0.4364635193133048,2.1379113018598
8564,5.2475,4.89875,0.4372875536480687,2.1424892703862666
8565,5.2275,4.9,0.4356394849785408,2.1333333333333337
8566,5.235,4.9,0.4368297567954221,2.1424892703862666
8567,5.235,4.89875,0.4362804005722461,2.1379113018598
8568,5.2375,4.89875,0.4364635193133048,2.1379113018598
8569,5.245,4.89875,0.4364635193133048,2.1379113018598
8570,5.25,4.9,0.43747067238912735,2.1447782546494993
8571,5.2325,4.9,0.4360057224606581,2.1379113018598
8572,5.24,4.9,0.43710443490701006,2.1424892703862666
8573,5.2325,4.89875,0.4360057224606581,2.1379113018598
8574,5.24,4.9,0.43664663805436343,2.1424892703862666
8575,5.24,4.89875,0.4362804005722461,2.1379113018598
8576,5.23,4.89875,0.43582260371959947,2.1333333333333337
8577,5.2275,4.9,0.4356394849785408,2.1333333333333337
8578,5.2375,4.9,0.43664663805436343,2.1424892703862666
8579,5.2375,4.9,0.4368297567954221,2.1424892703862666
8580,5.22,4.9,0.4349985693848355,2.1310443490701
8581,5.2425,4.9,0.4351816881258942,2.1333333333333337
8582,5.2475,4.9,0.4360057224606581,2.1379113018598
8583,5.23,4.89875,0.43582260371959947,2.1333333333333337
8584,5.245,4.90125,0.4351816881258942,2.1333333333333337
8585,5.2475,4.89875,0.4360057224606581,2.1379113018598
8586,5.23,4.89875,0.43582260371959947,2.1333333333333337
8587,5.235,4.9,0.4362804005722461,2.1379113018598
8588,5.235,4.89875,0.4364635193133048,2.1379113018598
8589,5.2325,4.89875,0.4360057224606581,2.1379113018598
8590,5.2275,4.9,0.4364635193133048,2.1379113018598
8591,5.2325,4.89875,0.43710443490701006,2.1424892703862666
8592,5.23,4.89875,0.43582260371959947,2.1333333333333337
8593,5.2375,4.89875,0.4364635193133048,2.1379113018598
8594,5.24,4.9,0.4364635193133048,2.1379113018598
8595,5.2325,4.9,0.4360057224606581,2.1379113018598
8596,5.2325,4.9,0.4360057224606581,2.1379113018598
8597,5.24,4.89875,0.4372875536480687,2.1424892703862666
8598,5.24,4.9,0.43664663805436343,2.1424892703862666
8599,5.2375,4.9,0.4364635193133048,2.1379113018598
8600,5.24,4.89875,0.4364635193133048,2.1379113018598
8601,5.23,4.89875,0.43582260371959947,2.1333333333333337
8602,5.2325,4.89875,0.4360057224606581,2.1379113018598
8603,5.265,4.89875,0.4360057224606581,2.1379113018598
8604,5.24,4.9,0.43664663805436343,2.1424892703862666
8605,5.2425,4.9,0.4368297567954221,2.1424892703862666
8606,5.265,4.9,0.4356394849785408,2.1333333333333337
8607,5.235,4.9,0.4362804005722461,2.1379113018598
8608,5.235,4.8975,0.4362804005722461,2.1379113018598
8609,5.2325,4.90125,0.4360057224606581,2.1379113018598
8610,5.2475,4.9,0.4372875536480687,2.1424892703862666
8611,5.2425,4.89875,0.4368297567954221,2.1424892703862666
8612,5.235,4.8975,0.43664663805436343,2.1379113018598
8613,5.235,4.9,0.4362804005722461,2.1379113018598
8614,5.2425,4.9,0.4368297567954221,2.1424892703862666
8615,5.235,4.9,0.4356394849785408,2.1333333333333337
8616,5.2425,4.9,0.4368297567954221,2.1424892703862666
8617,5.2475,4.9,0.4372875536480687,2.1424892703862666
8618,5.2425,4.89875,0.4354563662374822,2.1333333333333337
8619,5.235,4.9,0.4362804005722461,2.1379113018598
8620,5.25,4.89875,0.43747067238912735,2.1424892703862666
8621,5.2125,4.9,0.43710443490701006,2.1424892703862666
8622,5.24,4.89875,0.43792846924177403,2.1447782546494993
8623,5.235,4.8975,0.4362804005722461,2.1379113018598
8624,5.2275,4.89875,0.4364635193133048,2.1379113018598
8625,5.21,4.9,0.4362804005722461,2.1379113018598
8626,5.2425,4.89875,0.4368297567954221,2.1424892703862666
8627,5.2425,4.89875,0.4385693848354793,2.1493562231759658
8628,5.2125,4.89875,0.43664663805436343,2.1379113018598
8629,5.235,4.9,0.4362804005722461,2.1379113018598
8630,5.2525,4.9,0.4362804005722461,2.1379113018598
8631,5.235,4.89875,0.4372875536480687,2.1424892703862666
8632,5.235,4.89875,0.4362804005722461,2.1379113018598
8633,5.23,4.89875,0.43582260371959947,2.1424892703862666
8634,5.2425,4.9,0.43664663805436343,2.1424892703862666
8635,5.235,4.9,0.4362804005722461,2.1379113018598
8636,5.23,4.9,0.43582260371959947,2.1333333333333337
8637,5.2375,4.89875,0.4362804005722461,2.1379113018598
8638,5.2275,4.89875,0.4356394849785408,2.1333333333333337
8639,5.2375,4.8975,0.4364635193133048,2.1379113018598
8640,5.23,4.89875,0.4364635193133048,2.1379113018598
8641,5.2475,4.89875,0.4372875536480687,2.1424892703862666
8642,5.2425,4.89875,0.4368297567954221,2.1424892703862666
8643,5.2775,4.89875,0.4360057224606581,2.1379113018598
8644,5.2375,4.89875,0.4364635193133048,2.1379113018598
8645,5.24,4.9,0.43664663805436343,2.1424892703862666
8646,5.24,4.89875,0.4372875536480687,2.1424892703862666
8647,5.235,4.89875,0.4362804005722461,2.1379113018598
8648,5.245,4.90125,0.43710443490701006,2.1424892703862666
8649,5.26,4.89875,0.4364635193133048,2.1379113018598
8650,5.24,4.9,0.43664663805436343,2.1424892703862666
8651,5.2625,4.8975,0.4385693848354793,2.1493562231759658
8652,5.24,4.89875,0.43747067238912735,2.1424892703862666
8653,5.245,4.8975,0.43710443490701006,2.1424892703862666
8654,5.2425,4.89875,0.4368297567954221,2.1424892703862666
8655,5.25,4.89875,0.43747067238912735,2.1424892703862666
8656,5.2225,4.9,0.4351816881258942,2.1333333333333337
8657,5.2375,4.89875,0.4364635193133048,2.1379113018598
8658,5.2175,4.9,0.43710443490701006,2.1424892703862666
8659,5.24,4.89875,0.4368297567954221,2.1424892703862666
8660,5.2275,4.89875,0.4356394849785408,2.1333333333333337
8661,5.235,4.89875,0.4368297567954221,2.1424892703862666
8662,5.225,4.89875,0.4362804005722461,2.1379113018598
8663,5.2175,4.89875,0.43481545064377686,2.1310443490701
8664,5.2275,4.89875,0.4360057224606581,2.1379113018598
8665,5.21,4.89875,0.4368297567954221,2.1424892703862666
8666,5.2525,4.9,0.43774535050071534,2.1447782546494993
8667,5.2275,4.9,0.43710443490701006,2.1424892703862666
8668,5.2275,4.9,0.4368297567954221,2.1424892703862666
8669,5.235,4.8975,0.4362804005722461,2.1379113018598
8670,5.2475,4.89875,0.4368297567954221,2.1424892703862666
8671,5.23,4.8975,0.43664663805436343,2.1379113018598
8672,5.2375,4.9,0.4364635193133048,2.1379113018598
8673,5.245,4.9,0.4364635193133048,2.1379113018598
8674,5.235,4.8975,0.4362804005722461,2.1379113018598
8675,5.255,4.9,0.43792846924177403,2.1447782546494993
8676,5.26,4.89875,0.4382947067238913,2.1493562231759658
8677,5.2275,4.89875,0.4372875536480687,2.1424892703862666
8678,5.245,4.89875,0.43710443490701006,2.1424892703862666
8679,5.235,4.89875,0.4362804005722461,2.1379113018598
8680,5.2375,4.89875,0.4364635193133048,2.1379113018598
8681,5.235,4.89875,0.4362804005722461,2.1379113018598
8682,5.2425,4.9,0.4368297567954221,2.1424892703862666
8683,5.24,4.89875,0.4362804005722461,2.1379113018598
8684,5.25,4.9,0.43747067238912735,2.1447782546494993
8685,5.2525,4.9,0.43774535050071534,2.1447782546494993
8686,5.23,4.9,0.4364635193133048,2.1379113018598
8687,5.2475,4.9,0.4372875536480687,2.1424892703862666
8688,5.25,4.8975,0.43747067238912735,2.1424892703862666
8689,5.2275,4.89875,0.43710443490701006,2.1424892703862666
8690,5.2375,4.9,0.4364635193133048,2.1379113018598
8691,5.255,4.9,0.43792846924177403,2.1447782546494993
8692,5.2425,4.9,0.4368297567954221,2.1424892703862666
8693,5.23,4.89875,0.43582260371959947,2.1333333333333337
8694,5.23,4.9,0.43582260371959947,2.1333333333333337
8695,5.2375,4.9,0.43664663805436343,2.1424892703862666
8696,5.26,4.8975,0.4382947067238913,2.1447782546494993
8697,5.245,4.89875,0.43710443490701006,2.1424892703862666
8698,5.2275,4.89875,0.43747067238912735,2.1424892703862666
8699,5.25,4.89875,0.43747067238912735,2.1424892703862666
8700,5.24,4.8975,0.43664663805436343,2.1379113018598
8701,5.24,4.9,0.43710443490701006,2.1424892703862666
8702,5.22,4.8975,0.4364635193133048,2.1379113018598
8703,5.2475,4.89875,0.4372875536480687,2.1424892703862666
8704,5.2425,4.9,0.43710443490701006,2.1424892703862666
8705,5.2525,4.89875,0.4364635193133048,2.1379113018598
8706,5.2375,4.89875,0.4364635193133048,2.1379113018598
8707,5.24,4.9,0.4372875536480687,2.1424892703862666
8708,5.225,4.8975,0.4354563662374822,2.1333333333333337
8709,5.24,4.8975,0.43664663805436343,2.1379113018598
8710,5.2475,4.9,0.4372875536480687,2.1424892703862666
8711,5.245,4.8975,0.4368297567954221,2.1379113018598
8712,5.2325,4.9,0.4360057224606581,2.1379113018598
8713,5.255,4.89875,0.4360057224606581,2.1379113018598
8714,5.25,4.9,0.4364635193133048,2.1379113018598
8715,5.2475,4.89875,0.4372875536480687,2.1424892703862666
8716,5.2375,4.9,0.4364635193133048,2.1379113018598
8717,5.2525,4.89875,0.4360057224606581,2.1379113018598
8718,5.2425,4.8975,0.4368297567954221,2.1379113018598
8719,5.27,4.89875,0.4392103004291846,2.151645207439199
8720,5.235,4.89875,0.4364635193133048,2.1379113018598
8721,5.245,4.895,0.43710443490701006,2.1424892703862666
8722,5.2525,4.9,0.43774535050071534,2.1447782546494993
8723,5.2275,4.9,0.4368297567954221,2.1424892703862666
8724,5.23,4.89875,0.43582260371959947,2.1333333333333337
8725,5.23,4.89875,0.43582260371959947,2.1333333333333337
8726,5.2275,4.8975,0.43792846924177403,2.1447782546494993
8727,5.255,4.8975,0.43792846924177403,2.1447782546494993
8728,5.2375,4.9,0.4364635193133048,2.1379113018598
8729,5.245,4.9,0.43710443490701006,2.1424892703862666
8730,5.24,4.8975,0.43664663805436343,2.1379113018598
8731,5.2525,4.89875,0.43774535050071534,2.1447782546494993
8732,5.235,4.9,0.4372875536480687,2.1424892703862666
8733,5.2425,4.8975,0.4368297567954221,2.1379113018598
8734,5.2475,4.89875,0.4372875536480687,2.1424892703862666
8735,5.265,4.8975,0.43664663805436343,2.1379113018598
8736,5.25,4.9,0.43747067238912735,2.1447782546494993
8737,5.2525,4.89875,0.43774535050071534,2.1447782546494993
8738,5.2475,4.8975,0.43664663805436343,2.1379113018598
8739,5.235,4.9,0.4362804005722461,2.1379113018598
8740,5.2525,4.89875,0.43774535050071534,2.1447782546494993
8741,5.2425,4.89875,0.4364635193133048,2.1379113018598
8742,5.2325,4.89875,0.4385693848354793,2.1493562231759658
8743,5.26,4.89875,0.4382947067238913,2.1493562231759658
8744,5.225,4.89875,0.4368297567954221,2.1424892703862666
8745,5.2475,4.89875,0.4362804005722461,2.1379113018598
8746,5.2325,4.89875,0.4360057224606581,2.1379113018598
8747,5.225,4.89875,0.4362804005722461,2.1379113018598
8748,5.2275,4.9,0.43710443490701006,2.1424892703862666
8749,5.26,4.89875,0.4382947067238913,2.1493562231759658
8750,5.24,4.9,0.4356394849785408,2.1333333333333337
8751,5.245,4.89875,0.43664663805436343,2.1379113018598
8752,5.2325,4.89875,0.4360057224606581,2.1379113018598
8753,5.255,4.9,0.43747067238912735,2.1447782546494993
8754,5.2275,4.8975,0.43710443490701006,2.1424892703862666
8755,5.2525,4.9,0.43774535050071534,2.1447782546494993
8756,5.2475,4.90125,0.4362804005722461,2.1379113018598
8757,5.24,4.89875,0.43582260371959947,2.1333333333333337
8758,5.245,4.89875,0.43710443490701006,2.1424892703862666
8759,5.255,4.8975,0.43792846924177403,2.1447782546494993
8760,5.2175,4.89875,0.4372875536480687,2.1424892703862666
8761,5.245,4.90125,0.43710443490701006,2.1424892703862666
8762,5.2425,4.8975,0.4368297567954221,2.1379113018598
8763,5.23,4.9,0.4368297567954221,2.1424892703862666
8764,5.2325,4.8975,0.4360057224606581,2.1333333333333337
8765,5.2325,4.8975,0.4360057224606581,2.1333333333333337
8766,5.2375,4.9,0.43664663805436343,2.1424892703862666
8767,5.26,4.89875,0.4382947067238913,2.1493562231759658
8768,5.2575,4.8975,0.4381115879828327,2.1447782546494993
8769,5.245,4.89875,0.43710443490701006,2.1424892703862666
8770,5.245,4.89875,0.43710443490701006,2.1424892703862666
8771,5.2425,4.89875,0.4368297567954221,2.1424892703862666
8772,5.2475,4.8975,0.4372875536480687,2.1424892703862666
8773,5.2575,4.8975,0.4381115879828327,2.1447782546494993
8774,5.245,4.9,0.43710443490701006,2.1424892703862666
8775,5.2275,4.8975,0.43747067238912735,2.1424892703862666
8776,5.255,4.9,0.43792846924177403,2.1447782546494993
8777,5.2475,4.89875,0.4372875536480687,2.1424892703862666
8778,5.2275,4.9,0.4372875536480687,2.1424892703862666
8779,5.245,4.89875,0.43710443490701006,2.1424892703862666
8780,5.2375,4.9,0.4364635193133048,2.1379113018598
8781,5.2475,4.8975,0.43664663805436343,2.1379113018598
8782,5.2425,4.89875,0.4368297567954221,2.1424892703862666
8783,5.2325,4.9,0.4360057224606581,2.1379113018598
8784,5.2525,4.8975,0.43664663805436343,2.1379113018598
8785,5.23,4.90125,0.4368297567954221,2.1424892703862666
8786,5.245,4.89875,0.43710443490701006,2.1424892703862666
8787,5.2325,4.9,0.4362804005722461,2.1379113018598
8788,5.22,4.89875,0.43774535050071534,2.1447782546494993
8789,5.255,4.9,0.43792846924177403,2.1447782546494993
8790,5.2325,4.89875,0.4364635193133048,2.1379113018598
8791,5.23,4.89875,0.43664663805436343,2.1379113018598
8792,5.2425,4.90125,0.4368297567954221,2.1424892703862666
8793,5.225,4.89875,0.43774535050071534,2.1447782546494993
8794,5.2575,4.89875,0.43664663805436343,2.1379113018598
8795,5.235,4.9,0.4362804005722461,2.1379113018598
8796,5.2475,4.9,0.43792846924177403,2.1447782546494993
8797,5.2375,4.9,0.4372875536480687,2.1424892703862666
8798,5.2425,4.89875,0.4368297567954221,2.1424892703862666
8799,5.2325,4.89875,0.4360057224606581,2.1447782546494993
8800,5.235,4.89875,0.43747067238912735,2.1424892703862666
8801,5.2375,4.89875,0.4364635193133048,2.1379113018598
8802,5.23,4.8975,0.43582260371959947,2.1333333333333337
8803,5.22,4.89875,0.43582260371959947,2.1333333333333337
8804,5.235,4.89875,0.4362804005722461,2.1379113018598
8805,5.245,4.89875,0.43710443490701006,2.1424892703862666
8806,5.2325,4.9,0.4364635193133048,2.1379113018598
8807,5.23,4.89875,0.43582260371959947,2.1333333333333337
8808,5.245,4.8975,0.43710443490701006,2.1424892703862666
8809,5.25,4.89875,0.43664663805436343,2.1379113018598
8810,5.2475,4.9,0.4372875536480687,2.1424892703862666
8811,5.25,4.89875,0.43747067238912735,2.1424892703862666
8812,5.2575,4.9,0.43664663805436343,2.1424892703862666
8813,5.245,4.9,0.43710443490701006,2.1424892703862666
8814,5.2575,4.89875,0.4381115879828327,2.1447782546494993
8815,5.23,4.89875,0.4364635193133048,2.1379113018598
8816,5.2425,4.89875,0.4368297567954221,2.1424892703862666
8817,5.2375,4.89875,0.4364635193133048,2.1379113018598
8818,5.235,4.89875,0.4360057224606581,2.1379113018598
8819,5.2475,4.89875,0.4372875536480687,2.1424892703862666
8820,5.2425,4.89875,0.4368297567954221,2.1424892703862666
8821,5.2675,4.89875,0.43582260371959947,2.1333333333333337
8822,5.235,4.9,0.4362804005722461,2.1379113018598
8823,5.2625,4.89875,0.4385693848354793,2.1493562231759658
8824,5.24,4.89875,0.43664663805436343,2.1379113018598
8825,5.245,4.8975,0.43664663805436343,2.1379113018598
8826,5.2475,4.89875,0.4372875536480687,2.1424892703862666
8827,5.265,4.8975,0.4362804005722461,2.1379113018598
8828,5.255,4.8975,0.43710443490701006,2.1424892703862666
8829,5.2375,4.8975,0.4364635193133048,2.1379113018598
8830,5.2575,4.89875,0.43664663805436343,2.1379113018598
8831,5.2575,4.8975,0.43774535050071534,2.1447782546494993
8832,5.225,4.9,0.4354563662374822,2.1333333333333337
8833,5.2425,4.9,0.4364635193133048,2.1379113018598
8834,5.2425,4.89875,0.4368297567954221,2.1424892703862666
8835,5.235,4.89875,0.4362804005722461,2.1379113018598
8836,5.2375,4.89875,0.4368297567954221,2.1424892703862666
8837,5.2525,4.89875,0.43664663805436343,2.1379113018598
8838,5.2475,4.89875,0.4372875536480687,2.1424892703862666
8839,5.2425,4.89875,0.4364635193133048,2.1379113018598
8840,5.2575,4.89875,0.43664663805436343,2.1379113018598
8841,5.25,4.8975,0.43747067238912735,2.1424892703862666
8842,5.2525,4.89875,0.43774535050071534,2.1447782546494993
8843,5.2425,4.89875,0.43747067238912735,2.1424892703862666
8844,5.2425,4.8975,0.4368297567954221,2.1379113018598
8845,5.235,4.8975,0.4362804005722461,2.1379113018598
8846,5.2375,4.9,0.43747067238912735,2.1447782546494993
8847,5.23,4.89875,0.43582260371959947,2.1333333333333337
8848,5.24,4.89875,0.43664663805436343,2.1379113018598
8849,5.2475,4.8975,0.43774535050071534,2.1447782546494993
8850,5.2425,4.89875,0.4368297567954221,2.1424892703862666
8851,5.2375,4.89875,0.4364635193133048,2.1379113018598
8852,5.2425,4.89875,0.43774535050071534,2.1447782546494993
8853,5.235,4.89875,0.4362804005722461,2.1379113018598
8854,5.245,4.9,0.43710443490701006,2.1424892703862666
8855,5.245,4.8975,0.4372875536480687,2.1424892703862666
8856,5.23,4.89875,0.43582260371959947,2.1333333333333337
8857,5.255,4.89875,0.43792846924177403,2.1447782546494993
8858,5.2525,4.89875,0.4368297567954221,2.1424892703862666
8859,5.25,4.89875,0.43747067238912735,2.1424892703862666
8860,5.2525,4.9,0.43774535050071534,2.1447782546494993
8861,5.2425,4.89875,0.43792846924177403,2.1447782546494993
8862,5.2475,4.89875,0.4372875536480687,2.1424892703862666
8863,5.25,4.89875,0.43747067238912735,2.1424892703862666
8864,5.24,4.8975,0.4372875536480687,2.1424892703862666
8865,5.255,4.8975,0.43792846924177403,2.1447782546494993
8866,5.245,4.89875,0.43710443490701006,2.1424892703862666
8867,5.245,4.89875,0.43774535050071534,2.1447782546494993
8868,5.245,4.8975,0.43747067238912735,2.1424892703862666
8869,5.23,4.9,0.43582260371959947,2.1333333333333337
8870,5.245,4.89875,0.4368297567954221,2.1424892703862666
8871,5.25,4.8975,0.43664663805436343,2.1379113018598
8872,5.245,4.9,0.43710443490701006,2.1424892703862666
8873,5.24,4.8975,0.43774535050071534,2.1447782546494993
8874,5.2575,4.89875,0.43747067238912735,2.1424892703862666
8875,5.2525,4.9,0.43774535050071534,2.1447782546494993
8876,5.255,4.89875,0.4364635193133048,2.1379113018598
8877,5.24,4.89875,0.43664663805436343,2.1379113018598
8878,5.2525,4.8975,0.43774535050071534,2.1447782546494993
8879,5.24,4.9,0.4364635193133048,2.1379113018598
8880,5.245,4.89875,0.43774535050071534,2.1447782546494993
8881,5.2475,4.89875,0.4372875536480687,2.1424892703862666
8882,5.24,4.89875,0.43664663805436343,2.1424892703862666
8883,5.2525,4.89875,0.43747067238912735,2.1424892703862666
8884,5.2325,4.89875,0.4360057224606581,2.1379113018598
8885,5.2325,4.89875,0.4360057224606581,2.1379113018598
8886,5.2275,4.9,0.43792846924177403,2.1447782546494993
8887,5.2425,4.89875,0.4368297567954221,2.1424892703862666
8888,5.2475,4.9,0.4372875536480687,2.1424892703862666
8889,5.2475,4.89875,0.4372875536480687,2.1424892703862666
8890,5.26,4.89875,0.4382947067238913,2.1493562231759658
8891,5.245,4.89875,0.43710443490701006,2.1424892703862666
8892,5.25,4.9,0.43710443490701006,2.1424892703862666
8893,5.2475,4.9,0.4372875536480687,2.1424892703862666
8894,5.2575,4.89875,0.4381115879828327,2.1447782546494993
8895,5.24,4.89875,0.4364635193133048,2.1379113018598
8896,5.24,4.9,0.43664663805436343,2.1424892703862666
8897,5.2475,4.89875,0.4372875536480687,2.1424892703862666
8898,5.2425,4.9,0.43582260371959947,2.1333333333333337
8899,5.26,4.9,0.4382947067238913,2.1493562231759658
8900,5.25,4.9,0.43747067238912735,2.1447782546494993
8901,5.2475,4.8975,0.43454077253218887,2.1264663805436337
8902,5.2375,4.9,0.4364635193133048,2.1379113018598
8903,5.25,4.89875,0.43747067238912735,2.1424892703862666
8904,5.2375,4.89875,0.43710443490701006,2.1424892703862666
8905,5.2475,4.8975,0.4372875536480687,2.1424892703862666
8906,5.2475,4.89875,0.4372875536480687,2.1424892703862666
8907,5.255,4.89875,0.4364635193133048,2.1379113018598
8908,5.2575,4.8975,0.43710443490701006,2.1424892703862666
8909,5.25,4.89875,0.43747067238912735,2.1424892703862666
8910,5.2525,4.89875,0.4351816881258942,2.1310443490701
8911,5.2475,4.9,0.4382947067238913,2.1493562231759658
8912,5.255,4.89875,0.43792846924177403,2.1447782546494993
8913,5.24,4.9,0.43747067238912735,2.1447782546494993
8914,5.2475,4.8975,0.43710443490701006,2.1424892703862666
8915,5.2525,4.89875,0.43774535050071534,2.1447782546494993
8916,5.255,4.8975,0.43454077253218887,2.1264663805436337
8917,5.2425,4.9,0.4356394849785408,2.1333333333333337
8918,5.2475,4.89875,0.4372875536480687,2.1424892703862666
8919,5.25,4.8975,0.4343576537911302,2.1264663805436337
8920,5.24,4.89875,0.4364635193133048,2.1379113018598
8921,5.26,4.9,0.4382947067238913,2.1493562231759658
8922,5.245,4.9,0.43792846924177403,2.1447782546494993
8923,5.235,4.9025,0.4372875536480687,2.1447782546494993
8924,5.235,4.8975,0.4362804005722461,2.1379113018598
8925,5.255,4.89875,0.43792846924177403,2.1447782546494993
8926,5.2475,4.8975,0.4395765379113019,2.151645207439199
8927,5.25,4.9,0.43747067238912735,2.1447782546494993
8928,5.2425,4.89875,0.4368297567954221,2.1424892703862666
8929,5.25,4.89875,0.4368297567954221,2.1424892703862666
8930,5.22,4.8975,0.4349985693848355,2.1310443490701
8931,5.245,4.89875,0.43710443490701006,2.1424892703862666
8932,5.2475,4.89875,0.4354563662374822,2.1333333333333337
8933,5.2525,4.89875,0.43774535050071534,2.1447782546494993
8934,5.24,4.89875,0.43664663805436343,2.1379113018598
8935,5.2475,4.89625,0.43481545064377686,2.1310443490701
8936,5.2325,4.89875,0.4360057224606581,2.1379113018598
8937,5.2525,4.89875,0.43774535050071534,2.1447782546494993
8938,5.25,4.89875,0.43875250357653794,2.1493562231759658
8939,5.2425,4.89875,0.4368297567954221,2.1424892703862666
8940,5.2425,4.89875,0.4368297567954221,2.1424892703862666
8941,5.2525,4.9,0.43353361945636626,2.1218884120171677
8942,5.2425,4.89875,0.4368297567954221,2.1424892703862666
8943,5.2625,4.89875,0.4385693848354793,2.1493562231759658
8944,5.25,4.8975,0.4392103004291846,2.151645207439199
8945,5.2425,4.9,0.4368297567954221,2.1424892703862666
8946,5.2425,4.89875,0.4368297567954221,2.1424892703862666
8947,5.2325,4.89875,0.4381115879828327,2.1447782546494993
8948,5.22,4.8975,0.4349985693848355,2.1310443490701
8949,5.25,4.89875,0.43747067238912735,2.1424892703862666
8950,5.235,4.8975,0.4364635193133048,2.1379113018598
8951,5.245,4.89875,0.43975965665236055,2.151645207439199
8952,5.2575,4.89875,0.4381115879828327,2.1447782546494993
8953,5.2475,4.8975,0.4385693848354793,2.1493562231759658
8954,5.235,4.89625,0.4372875536480687,2.1424892703862666
8955,5.24,4.89875,0.43664663805436343,2.1379113018598
8956,5.2475,4.9,0.43774535050071534,2.1447782546494993
8957,5.24,4.9,0.4362804005722461,2.1379113018598
8958,5.225,4.90125,0.4354563662374822,2.1333333333333337
8959,5.2225,4.89875,0.43454077253218887,2.1310443490701
8960,5.2475,4.89625,0.4389356223175966,2.1493562231759658
8961,5.3,4.8975,0.4416824034334764,2.163090128755365
8962,5.25,4.89875,0.4360057224606581,2.1379113018598
8963,5.2475,4.8975,0.43875250357653794,2.1493562231759658
8964,5.2275,4.89875,0.4356394849785408,2.1333333333333337
8965,5.2625,4.8975,0.4385693848354793,2.1493562231759658
8966,5.26,4.89875,0.4381115879828327,2.1447782546494993
8967,5.2375,4.9,0.4364635193133048,2.1379113018598
8968,5.1975,4.89875,0.433167381974249,2.1218884120171677
8969,5.2475,4.89875,0.43747067238912735,2.1424892703862666
8970,5.2025,4.8975,0.43353361945636626,2.1218884120171677
8971,5.2475,4.9,0.4372875536480687,2.1424892703862666
8972,5.245,4.89625,0.43792846924177403,2.1447782546494993
8973,5.25,4.8975,0.43747067238912735,2.1424892703862666
8974,5.2225,4.9,0.4351816881258942,2.1333333333333337
8975,5.2275,4.89875,0.43774535050071534,2.1447782546494993
8976,5.26,4.89875,0.4382947067238913,2.1493562231759658
8977,5.255,4.8975,0.43792846924177403,2.1447782546494993
8978,5.2375,4.8975,0.43664663805436343,2.1379113018598
8979,5.2375,4.8975,0.4364635193133048,2.1379113018598
8980,5.23,4.8975,0.43582260371959947,2.1333333333333337
8981,5.2625,4.89875,0.4372875536480687,2.1424892703862666
8982,5.2325,4.89875,0.4360057224606581,2.1379113018598
8983,5.2275,4.8975,0.4356394849785408,2.1333333333333337
8984,5.245,4.89875,0.4372875536480687,2.1424892703862666
8985,5.2375,4.89875,0.4364635193133048,2.1379113018598
8986,5.255,4.89875,0.43792846924177403,2.1447782546494993
8987,5.2325,4.9,0.4360057224606581,2.1379113018598
8988,5.2225,4.8975,0.4351816881258942,2.1310443490701
8989,5.245,4.89875,0.43710443490701006,2.1424892703862666
8990,5.245,4.90125,0.43710443490701006,2.1424892703862666
8991,5.23,4.90125,0.43664663805436343,2.1424892703862666
8992,5.225,4.89875,0.4354563662374822,2.1333333333333337
8993,5.2725,4.9,0.43747067238912735,2.1447782546494993
8994,5.265,4.89875,0.4392103004291846,2.151645207439199
8995,5.2575,4.9,0.4381115879828327,2.1447782546494993
8996,5.2025,4.9,0.4360057224606581,2.1379113018598
8997,5.265,4.8975,0.4364635193133048,2.1379113018598
8998,5.245,4.8975,0.43710443490701006,2.1424892703862666
8999,5.2375,4.89875,0.43454077253218887,2.1310443490701
9000,5.2575,4.89875,0.4368297567954221,2.1424892703862666
9001,5.2475,4.9,0.4372875536480687,2.1424892703862666
9002,5.2375,4.9,0.43710443490701006,2.1424892703862666
9003,5.2475,4.9,0.43710443490701006,2.1424892703862666
9004,5.2425,4.89875,0.4368297567954221,2.1424892703862666
9005,5.2425,4.89875,0.4368297567954221,2.1424892703862666
9006,5.2575,4.89875,0.4349985693848355,2.1310443490701
9007,5.255,4.9,0.43792846924177403,2.1447782546494993
9008,5.23,4.89875,0.43582260371959947,2.1333333333333337
9009,5.235,4.8975,0.43747067238912735,2.1424892703862666
9010,5.24,4.89875,0.43664663805436343,2.1379113018598
9011,5.235,4.9,0.4362804005722461,2.1379113018598
9012,5.2225,4.89875,0.4354563662374822,2.1333333333333337
9013,5.2425,4.8975,0.4368297567954221,2.1379113018598
9014,5.2325,4.89625,0.4360057224606581,2.1333333333333337
9015,5.2675,4.89875,0.4364635193133048,2.1379113018598
9016,5.2175,4.9,0.43481545064377686,2.1310443490701
9017,5.245,4.8975,0.43710443490701006,2.1424892703862666
9018,5.2175,4.89875,0.43582260371959947,2.1333333333333337
9019,5.2425,4.89875,0.4368297567954221,2.1424892703862666
9020,5.2375,4.8975,0.4364635193133048,2.1379113018598
9021,5.24,4.89875,0.4368297567954221,2.1424892703862666
9022,5.2225,4.9,0.4351816881258942,2.1333333333333337
9023,5.255,4.89875,0.43792846924177403,2.1447782546494993
9024,5.215,4.8975,0.43710443490701006,2.1424892703862666
9025,5.2075,4.8975,0.43399141630901295,2.1264663805436337
9026,5.235,4.9,0.4362804005722461,2.1379113018598
9027,5.2275,4.8975,0.4341745350500716,2.1264663805436337
9028,5.27,4.9,0.4392103004291846,2.151645207439199
9029,5.25,4.8975,0.43747067238912735,2.1424892703862666
9030,5.2675,4.89875,0.4362804005722461,2.1379113018598
9031,5.2375,4.8975,0.4364635193133048,2.1379113018598
9032,5.2475,4.89875,0.4372875536480687,2.1424892703862666
9033,5.235,4.8975,0.4368297567954221,2.1379113018598
9034,5.2375,4.9,0.4354563662374822,2.1333333333333337
9035,5.2375,4.89875,0.4364635193133048,2.1379113018598
9036,5.2575,4.9,0.4372875536480687,2.1424892703862666
9037,5.2325,4.89875,0.4381115879828327,2.1447782546494993
9038,5.2525,4.89625,0.43774535050071534,2.1447782546494993
9039,5.255,4.9,0.43939341917024327,2.151645207439199
9040,5.2525,4.8975,0.43664663805436343,2.1379113018598
9041,5.2125,4.8975,0.4343576537911302,2.1264663805436337
9042,5.2375,4.89875,0.4385693848354793,2.1493562231759658
9043,5.2875,4.8975,0.43875250357653794,2.1493562231759658
9044,5.2525,4.8975,0.43774535050071534,2.1447782546494993
9045,5.235,4.89875,0.43710443490701006,2.1424892703862666
9046,5.2625,4.89875,0.4364635193133048,2.1379113018598
9047,5.2275,4.89875,0.4356394849785408,2.1333333333333337
9048,5.2075,4.9,0.43399141630901295,2.1264663805436337
9049,5.2475,4.89625,0.4351816881258942,2.1310443490701
9050,5.245,4.8975,0.43710443490701006,2.1424892703862666
9051,5.2225,4.8975,0.4351816881258942,2.1310443490701
9052,5.2225,4.89875,0.43582260371959947,2.1333333333333337
9053,5.225,4.8975,0.4354563662374822,2.1333333333333337
9054,5.2625,4.89875,0.4385693848354793,2.1493562231759658
9055,5.2425,4.895,0.43774535050071534,2.1424892703862666
9056,5.2475,4.8975,0.4372875536480687,2.1424892703862666
9057,5.2325,4.89875,0.4360057224606581,2.1379113018598
9058,5.24,4.90125,0.4372875536480687,2.1424892703862666
9059,5.2125,4.9,0.4343576537911302,2.1310443490701
9060,5.2525,4.89875,0.43774535050071534,2.1447782546494993
9061,5.2425,4.8975,0.43664663805436343,2.1379113018598
9062,5.2525,4.89625,0.43774535050071534,2.1447782546494993
9063,5.22,4.8975,0.4349985693848355,2.1310443490701
9064,5.2475,4.9,0.4364635193133048,2.1379113018598
9065,5.2275,4.8975,0.4356394849785408,2.1333333333333337
9066,5.26,4.89875,0.4382947067238913,2.1493562231759658
9067,5.265,4.9,0.4362804005722461,2.1379113018598
9068,5.2525,4.9,0.43774535050071534,2.1447782546494993
9069,5.23,4.8975,0.43582260371959947,2.1333333333333337
9070,5.2425,4.895,0.43939341917024327,2.151645207439199
9071,5.255,4.89875,0.43792846924177403,2.1447782546494993
9072,5.23,4.89625,0.43582260371959947,2.1333333333333337
9073,5.2275,4.8975,0.4364635193133048,2.1379113018598
9074,5.235,4.89875,0.4395765379113019,2.151645207439199
9075,5.235,4.9,0.4362804005722461,2.1379113018598
9076,5.2675,4.90125,0.4372875536480687,2.1424892703862666
9077,5.235,4.89875,0.4385693848354793,2.1493562231759658
9078,5.2425,4.89875,0.4368297567954221,2.1424892703862666
9079,5.225,4.8975,0.43939341917024327,2.151645207439199
9080,5.275,4.9,0.4362804005722461,2.1379113018598
9081,5.215,4.89875,0.43454077253218887,2.1310443490701
9082,5.2375,4.89875,0.4372875536480687,2.1424892703862666
9083,5.25,4.9,0.4382947067238913,2.1493562231759658
9084,5.2575,4.8975,0.4381115879828327,2.1447782546494993
9085,5.235,4.8975,0.43747067238912735,2.1424892703862666
9086,5.2375,4.8975,0.4362804005722461,2.1379113018598
9087,5.26,4.89625,0.4382947067238913,2.1447782546494993
9088,5.255,4.9,0.43792846924177403,2.1447782546494993
9089,5.2775,4.8975,0.4364635193133048,2.1379113018598
9090,5.2525,4.8975,0.43774535050071534,2.1447782546494993
9091,5.2575,4.89875,0.4381115879828327,2.1447782546494993
9092,5.215,4.9,0.43710443490701006,2.1424892703862666
9093,5.2525,4.89875,0.43774535050071534,2.1447782546494993
9094,5.2625,4.8975,0.4385693848354793,2.1493562231759658
9095,5.22,4.8975,0.4372875536480687,2.1424892703862666
9096,5.255,4.89625,0.43792846924177403,2.1447782546494993
9097,5.2525,4.8975,0.43774535050071534,2.1447782546494993
9098,5.24,4.9,0.4382947067238913,2.1493562231759658
9099,5.24,4.90125,0.43664663805436343,2.1424892703862666
9100,5.25,4.9,0.43747067238912735,2.1447782546494993
9101,5.24,4.90125,0.43582260371959947,2.1379113018598
9102,5.2475,4.8975,0.4372875536480687,2.1424892703862666
9103,5.26,4.8975,0.4382947067238913,2.1447782546494993
9104,5.2575,4.8975,0.4372875536480687,2.1424892703862666
9105,5.25,4.89625,0.43747067238912735,2.1424892703862666
9106,5.2375,4.89875,0.4364635193133048,2.1379113018598
9107,5.245,4.8975,0.43664663805436343,2.1379113018598
9108,5.2375,4.90125,0.4364635193133048,2.1379113018598
9109,5.2225,4.91125,0.4351816881258942,2.1379113018598
9110,5.2375,4.9,0.4364635193133048,2.1379113018598
9111,5.2425,4.89875,0.4368297567954221,2.1424892703862666
9112,5.24,4.9,0.43664663805436343,2.1424892703862666
9113,5.2275,4.89875,0.4364635193133048,2.1379113018598
9114,5.2375,4.90125,0.4402174535050072,2.1562231759656654
9115,5.2375,4.89875,0.4364635193133048,2.1379113018598
9116,5.24,4.8975,0.43747067238912735,2.1424892703862666
9117,5.2375,4.89875,0.43710443490701006,2.1424892703862666
9118,5.2375,4.89875,0.4364635193133048,2.1379113018598
9119,5.2475,4.8975,0.43664663805436343,2.1379113018598
9120,5.2425,4.90125,0.4368297567954221,2.1424892703862666
9121,5.265,4.9,0.43875250357653794,2.1493562231759658
9122,5.2425,4.9,0.43664663805436343,2.1424892703862666
9123,5.23,4.8975,0.4356394849785408,2.1333333333333337
9124,5.2475,4.9,0.4372875536480687,2.1424892703862666
9125,5.2475,4.8975,0.43792846924177403,2.1447782546494993
9126,5.2225,4.9,0.43710443490701006,2.1424892703862666
9127,5.25,4.89875,0.43747067238912735,2.1424892703862666
9128,5.2675,4.89875,0.4389356223175966,2.1424892703862666
9129,5.23,4.8975,0.43710443490701006,2.1424892703862666
9130,5.2375,4.89875,0.4364635193133048,2.1379113018598
9131,5.2475,4.89875,0.4372875536480687,2.1424892703862666
9132,5.2325,4.9,0.4362804005722461,2.1379113018598
9133,5.24,4.90125,0.43664663805436343,2.1424892703862666
9134,5.2325,4.89875,0.4360057224606581,2.1379113018598
9135,5.2525,4.9,0.43710443490701006,2.1424892703862666
9136,5.235,4.9,0.4362804005722461,2.1379113018598
9137,5.2275,4.89875,0.4356394849785408,2.1333333333333337
9138,5.2125,4.89875,0.4382947067238913,2.1493562231759658
9139,5.2375,4.8975,0.4364635193133048,2.1379113018598
9140,5.2625,4.9,0.4385693848354793,2.1493562231759658
9141,5.28,4.89875,0.4372875536480687,2.1424892703862666
9142,5.2325,4.8975,0.4360057224606581,2.1333333333333337
9143,5.2225,4.9,0.4351816881258942,2.1333333333333337
9144,5.2675,4.9,0.4368297567954221,2.1424892703862666
9145,5.245,4.89875,0.43710443490701006,2.1424892703862666
9146,5.2275,4.89875,0.4356394849785408,2.1333333333333337
9147,5.245,4.89875,0.43774535050071534,2.1447782546494993
9148,5.2425,4.9,0.4368297567954221,2.1424892703862666
9149,5.255,4.89875,0.43792846924177403,2.1447782546494993
9150,5.2525,4.9,0.43774535050071534,2.1447782546494993
9151,5.2525,4.9,0.43774535050071534,2.1447782546494993
9152,5.2625,4.90125,0.4385693848354793,2.1493562231759658
9153,5.23,4.89875,0.43792846924177403,2.1447782546494993
9154,5.2725,4.8975,0.4372875536480687,2.1424892703862666
9155,5.2325,4.9,0.4360057224606581,2.1379113018598
9156,5.235,4.89875,0.43774535050071534,2.1447782546494993
9157,5.245,4.9,0.43710443490701006,2.1424892703862666
9158,5.2375,4.89875,0.4364635193133048,2.1379113018598
9159,5.2625,4.89875,0.4381115879828327,2.1447782546494993
9160,5.265,4.9,0.4372875536480687,2.1424892703862666
9161,5.2525,4.8975,0.43774535050071534,2.1447782546494993
9162,5.24,4.89875,0.4368297567954221,2.1424892703862666
9163,5.2725,4.89625,0.43747067238912735,2.1424892703862666
9164,5.24,4.9,0.43664663805436343,2.1424892703862666
9165,5.245,4.89875,0.4381115879828327,2.1447782546494993
9166,5.26,4.89875,0.43774535050071534,2.1447782546494993
9167,5.235,4.9,0.4362804005722461,2.1379113018598
9168,5.2575,4.89875,0.4381115879828327,2.1447782546494993
9169,5.26,4.8975,0.4368297567954221,2.1379113018598
9170,5.2325,4.89875,0.4360057224606581,2.1379113018598
9171,5.25,4.8975,0.43747067238912735,2.1424892703862666
9172,5.2225,4.8975,0.43747067238912735,2.1424892703862666
9173,5.2525,4.8975,0.43774535050071534,2.1447782546494993
9174,5.2375,4.90125,0.4364635193133048,2.1379113018598
9175,5.2475,4.8975,0.4385693848354793,2.1493562231759658
9176,5.2375,4.89875,0.4364635193133048,2.1379113018598
9177,5.25,4.89875,0.43747067238912735,2.1424892703862666
9178,5.255,4.8975,0.4372875536480687,2.1424892703862666
9179,5.245,4.89875,0.43710443490701006,2.1424892703862666
9180,5.25,4.8975,0.43747067238912735,2.1424892703862666
9181,5.25,4.89875,0.4368297567954221,2.1424892703862666
9182,5.255,4.89875,0.43792846924177403,2.1447782546494993
9183,5.245,4.8975,0.43710443490701006,2.1424892703862666
9184,5.2325,4.89875,0.4381115879828327,2.1447782546494993
9185,5.255,4.8975,0.43792846924177403,2.1447782546494993
9186,5.235,4.8975,0.4362804005722461,2.1379113018598
9187,5.2275,4.89875,0.4372875536480687,2.1424892703862666
9188,5.2475,4.89875,0.4372875536480687,2.1424892703862666
9189,5.2475,4.89875,0.4372875536480687,2.1424892703862666
9190,5.26,4.8975,0.43747067238912735,2.1424892703862666
9191,5.2575,4.89875,0.4381115879828327,2.1447782546494993
9192,5.245,4.8975,0.43710443490701006,2.1424892703862666
9193,5.2525,4.89875,0.4372875536480687,2.1424892703862666
9194,5.2175,4.8975,0.43792846924177403,2.1447782546494993
9195,5.2475,4.8975,0.4372875536480687,2.1424892703862666
9196,5.2325,4.8975,0.4368297567954221,2.1379113018598
9197,5.2475,4.9,0.4372875536480687,2.1424892703862666
9198,5.24,4.8975,0.43664663805436343,2.1379113018598
9199,5.2325,4.8975,0.4372875536480687,2.1424892703862666
9200,5.2525,4.8975,0.43664663805436343,2.1379113018598
9201,5.2425,4.89875,0.4368297567954221,2.1424892703862666
9202,5.25,4.89875,0.4368297567954221,2.1424892703862666
9203,5.24,4.8975,0.4372875536480687,2.1424892703862666
9204,5.2375,4.8975,0.4364635193133048,2.1379113018598
9205,5.2425,4.8975,0.4362804005722461,2.1379113018598
9206,5.2375,4.8975,0.43792846924177403,2.1447782546494993
9207,5.2425,4.89625,0.4368297567954221,2.1379113018598
9208,5.2375,4.89875,0.4362804005722461,2.1379113018598
9209,5.235,4.9,0.4372875536480687,2.1424892703862666
9210,5.25,4.89875,0.43747067238912735,2.1424892703862666
9211,5.2475,4.9,0.4372875536480687,2.1424892703862666
9212,5.235,4.89875,0.43774535050071534,2.1447782546494993
9213,5.26,4.89875,0.4382947067238913,2.1493562231759658
9214,5.2425,4.89875,0.4368297567954221,2.1424892703862666
9215,5.2375,4.89875,0.43774535050071534,2.1447782546494993
9216,5.25,4.89875,0.43747067238912735,2.1424892703862666
9217,5.2475,4.8975,0.4372875536480687,2.1424892703862666
9218,5.235,4.89875,0.4356394849785408,2.1333333333333337
9219,5.2525,4.8975,0.43774535050071534,2.1447782546494993
9220,5.2475,4.89625,0.4372875536480687,2.1424892703862666
9221,5.2325,4.9,0.4368297567954221,2.1424892703862666
9222,5.25,4.89875,0.43747067238912735,2.1424892703862666
9223,5.26,4.8975,0.4382947067238913,2.1447782546494993
9224,5.2475,4.8975,0.43710443490701006,2.1424892703862666
9225,5.2525,4.8975,0.43774535050071534,2.1447782546494993
9226,5.245,4.89875,0.43710443490701006,2.1424892703862666
9227,5.24,4.9,0.43582260371959947,2.1333333333333337
9228,5.2475,4.89875,0.4372875536480687,2.1424892703862666
9229,5.255,4.89875,0.43792846924177403,2.1447782546494993
9230,5.25,4.89875,0.4356394849785408,2.1333333333333337
9231,5.25,4.8975,0.43747067238912735,2.1424892703862666
9232,5.2575,4.8975,0.4381115879828327,2.1447782546494993
9233,5.245,4.89875,0.4368297567954221,2.1424892703862666
9234,5.255,4.9,0.43792846924177403,2.1447782546494993
9235,5.255,4.8975,0.43792846924177403,2.1447782546494993
9236,5.2425,4.9,0.4360057224606581,2.1379113018598
9237,5.24,4.8975,0.4372875536480687,2.1424892703862666
9238,5.2525,4.8975,0.43774535050071534,2.1447782546494993
9239,5.2575,4.8975,0.4360057224606581,2.1333333333333337
9240,5.245,4.89875,0.43774535050071534,2.1447782546494993
9241,5.2525,4.89875,0.43774535050071534,2.1447782546494993
9242,5.2625,4.89875,0.43582260371959947,2.1333333333333337
9243,5.2325,4.89875,0.4381115879828327,2.1447782546494993
9244,5.2575,4.89875,0.4381115879828327,2.1447782546494993
9245,5.2425,4.89875,0.43747067238912735,2.1424892703862666
9246,5.2325,4.89875,0.4360057224606581,2.1379113018598
9247,5.2575,4.9,0.4381115879828327,2.1447782546494993
9248,5.2475,4.9,0.4362804005722461,2.1379113018598
9249,5.25,4.9,0.4356394849785408,2.1333333333333337
9250,5.155,4.8975,0.4295965665236052,2.103576537911302
9251,5.245,4.8975,0.43710443490701006,2.1379113018598
9252,5.2575,4.89875,0.4364635193133048,2.1379113018598
9253,5.2325,4.89875,0.4360057224606581,2.1379113018598
9254,5.265,4.89875,0.43875250357653794,2.1493562231759658
9255,5.2475,4.89875,0.4364635193133048,2.1379113018598
9256,5.2425,4.8975,0.4368297567954221,2.1379113018598
9257,5.26,4.8975,0.4382947067238913,2.1447782546494993
9258,5.25,4.9,0.4360057224606581,2.1379113018598
9259,5.245,4.89875,0.43710443490701006,2.1424892703862666
9260,5.2425,4.9,0.4368297567954221,2.1424892703862666
9261,5.24,4.89875,0.4368297567954221,2.1424892703862666
9262,5.2425,4.89875,0.4368297567954221,2.1424892703862666
9263,5.26,4.8975,0.4382947067238913,2.1447782546494993
9264,5.2525,4.89875,0.4389356223175966,2.1493562231759658
9265,5.2375,4.9,0.4364635193133048,2.1379113018598
9266,5.245,4.89875,0.43710443490701006,2.1424892703862666
9267,5.245,4.9,0.4360057224606581,2.1379113018598
9268,5.2375,4.8975,0.4364635193133048,2.1379113018598
9269,5.255,4.8975,0.43792846924177403,2.1447782546494993
9270,5.255,4.9,0.4333505007153076,2.1218884120171677
9271,5.245,4.8975,0.43710443490701006,2.1424892703862666
9272,5.2425,4.8975,0.4368297567954221,2.1379113018598
9273,5.2475,4.89875,0.4372875536480687,2.1424892703862666
9274,5.2375,4.89875,0.4364635193133048,2.1379113018598
9275,5.245,4.89875,0.43710443490701006,2.1424892703862666
9276,5.255,4.8975,0.4364635193133048,2.1379113018598
9277,5.24,4.89875,0.4364635193133048,2.1379113018598
9278,5.2525,4.8975,0.43774535050071534,2.1447782546494993
9279,5.2575,4.89875,0.43710443490701006,2.1424892703862666
9280,5.2475,4.9,0.43582260371959947,2.1333333333333337
9281,5.2425,4.89875,0.4368297567954221,2.1424892703862666
9282,5.2525,4.8975,0.43710443490701006,2.1424892703862666
9283,5.2525,4.9,0.4362804005722461,2.1379113018598
9284,5.2525,4.89875,0.43774535050071534,2.1447782546494993
9285,5.245,4.8975,0.43975965665236055,2.151645207439199
9286,5.26,4.89875,0.4351816881258942,2.1310443490701
9287,5.24,4.89875,0.43664663805436343,2.1379113018598
9288,5.2525,4.89875,0.43774535050071534,2.1447782546494993
9289,5.2525,4.9,0.43664663805436343,2.1424892703862666
9290,5.2375,4.89875,0.4364635193133048,2.1379113018598
9291,5.2525,4.8975,0.43582260371959947,2.1333333333333337
9292,5.2675,4.89875,0.4368297567954221,2.1424892703862666
9293,5.2425,4.9,0.4368297567954221,2.1424892703862666
9294,5.2475,4.8975,0.4372875536480687,2.1424892703862666
9295,5.2525,4.8975,0.43774535050071534,2.1447782546494993
9296,5.235,4.8975,0.4362804005722461,2.1379113018598
9297,5.2575,4.90125,0.4381115879828327,2.1493562231759658
9298,5.255,4.8975,0.4372875536480687,2.1424892703862666
9299,5.2425,4.8975,0.4368297567954221,2.1379113018598
9300,5.2525,4.89875,0.43774535050071534,2.1447782546494993
9301,5.2575,4.89875,0.43747067238912735,2.1424892703862666
9302,5.2425,4.89875,0.4368297567954221,2.1424892703862666
9303,5.26,4.8975,0.4382947067238913,2.1447782546494993
9304,5.255,4.8975,0.43710443490701006,2.1424892703862666
9305,5.2375,4.89875,0.4364635193133048,2.1379113018598
9306,5.245,4.89875,0.43710443490701006,2.1424892703862666
9307,5.2475,4.89875,0.4364635193133048,2.1379113018598
9308,5.2275,4.89875,0.4356394849785408,2.1333333333333337
9309,5.2375,4.89875,0.4364635193133048,2.1379113018598
9310,5.2525,4.9,0.43774535050071534,2.1447782546494993
9311,5.2425,4.8975,0.4368297567954221,2.1379113018598
9312,5.2475,4.89875,0.4372875536480687,2.1424892703862666
9313,5.2425,4.8975,0.4368297567954221,2.1379113018598
9314,5.245,4.9,0.43710443490701006,2.1424892703862666
9315,5.2475,4.9,0.4372875536480687,2.1424892703862666
9316,5.2425,4.8975,0.4364635193133048,2.1379113018598
9317,5.225,4.89875,0.4354563662374822,2.1333333333333337
9318,5.2375,4.89875,0.4364635193133048,2.1379113018598
9319,5.25,4.89875,0.43774535050071534,2.1447782546494993
9320,5.265,4.89875,0.43481545064377686,2.1310443490701
9321,5.2275,4.89875,0.4356394849785408,2.1333333333333337
9322,5.2525,4.89625,0.4368297567954221,2.1379113018598
9323,5.26,4.89875,0.4364635193133048,2.1379113018598
9324,5.2325,4.9,0.4360057224606581,2.1379113018598
9325,5.2375,4.8975,0.4392103004291846,2.151645207439199
9326,5.26,4.8975,0.4362804005722461,2.1379113018598
9327,5.2425,4.9,0.4368297567954221,2.1424892703862666
9328,5.24,4.8975,0.4389356223175966,2.1493562231759658
9329,5.2525,4.8975,0.43710443490701006,2.1424892703862666
9330,5.2375,4.89875,0.4364635193133048,2.1379113018598
9331,5.245,4.89875,0.4372875536480687,2.1424892703862666
9332,5.25,4.8975,0.4381115879828327,2.1447782546494993
9333,5.2275,4.9,0.4356394849785408,2.1333333333333337
9334,5.235,4.8975,0.4362804005722461,2.1424892703862666
9335,5.2475,4.89875,0.4360057224606581,2.1379113018598
9336,5.2225,4.89875,0.4351816881258942,2.1310443490701
9337,5.255,4.89875,0.43792846924177403,2.1447782546494993
9338,5.25,4.8975,0.43774535050071534,2.1447782546494993
9339,5.23,4.89875,0.43582260371959947,2.1333333333333337
9340,5.24,4.89875,0.43664663805436343,2.1379113018598
9341,5.2475,4.8975,0.43710443490701006,2.1424892703862666
9342,5.2425,4.8975,0.4368297567954221,2.1379113018598
9343,5.2425,4.89875,0.4368297567954221,2.1424892703862666
9344,5.2425,4.89875,0.4356394849785408,2.1333333333333337
9345,5.2475,4.9,0.4372875536480687,2.1424892703862666
9346,5.2325,4.89875,0.4360057224606581,2.1379113018598
9347,5.2525,4.89875,0.4354563662374822,2.1333333333333337
9348,5.24,4.89875,0.43664663805436343,2.1379113018598
9349,5.235,4.8975,0.4362804005722461,2.1379113018598
9350,5.2525,4.8975,0.43875250357653794,2.1493562231759658
9351,5.25,4.9,0.43747067238912735,2.1447782546494993
9352,5.2425,4.89875,0.4368297567954221,2.1424892703862666
9353,5.235,4.89875,0.4382947067238913,2.1493562231759658
9354,5.22,4.89875,0.4349985693848355,2.1310443490701
9355,5.2525,4.8975,0.43774535050071534,2.1447782546494993
9356,5.245,4.89875,0.4368297567954221,2.1424892703862666
9357,5.2325,4.9,0.4360057224606581,2.1379113018598
9358,5.245,4.8975,0.43710443490701006,2.1424892703862666
9359,5.245,4.8975,0.43664663805436343,2.1379113018598
9360,5.245,4.89875,0.4356394849785408,2.1333333333333337
9361,5.235,4.89875,0.4362804005722461,2.1379113018598
9362,5.24,4.8975,0.4381115879828327,2.1447782546494993
9363,5.2575,4.89875,0.43710443490701006,2.1424892703862666
9364,5.225,4.9,0.4354563662374822,2.1333333333333337
9365,5.245,4.89875,0.4395765379113019,2.151645207439199
9366,5.2575,4.89875,0.4362804005722461,2.1379113018598
9367,5.2375,4.8975,0.4364635193133048,2.1379113018598
9368,5.255,4.8975,0.4364635193133048,2.1379113018598
9369,5.2625,4.89625,0.43774535050071534,2.1447782546494993
9370,5.24,4.89875,0.43664663805436343,2.1379113018598
9371,5.2375,4.8975,0.4389356223175966,2.1493562231759658
9372,5.2525,4.9,0.43792846924177403,2.1447782546494993
9373,5.2425,4.9,0.4368297567954221,2.1424892703862666
9374,5.2425,4.89875,0.4362804005722461,2.1379113018598
9375,5.2425,4.89875,0.4362804005722461,2.1379113018598
9376,5.2375,4.8975,0.4364635193133048,2.1379113018598
9377,5.24,4.89875,0.43664663805436343,2.1379113018598
9378,5.245,4.89875,0.43664663805436343,2.1379113018598
9379,5.2275,4.89875,0.4356394849785408,2.1333333333333337
9380,5.2375,4.8975,0.4364635193133048,2.1379113018598
9381,5.2425,4.8975,0.4392103004291846,2.151645207439199
9382,5.2375,4.89875,0.4364635193133048,2.1379113018598
9383,5.2425,4.8975,0.4368297567954221,2.1379113018598
9384,5.25,4.89875,0.4372875536480687,2.1424892703862666
9385,5.2375,4.89875,0.4364635193133048,2.1379113018598
9386,5.245,4.89875,0.43710443490701006,2.1424892703862666
9387,5.25,4.89875,0.43939341917024327,2.151645207439199
9388,5.2375,4.8975,0.4364635193133048,2.1379113018598
9389,5.24,4.9,0.43664663805436343,2.1424892703862666
9390,5.2575,4.89875,0.4395765379113019,2.151645207439199
9391,5.2025,4.90875,0.43353361945636626,2.1264663805436337
9392,5.2425,4.9,0.4368297567954221,2.1424892703862666
9393,5.25,4.8975,0.4389356223175966,2.1493562231759658
9394,5.23,4.9,0.43582260371959947,2.1333333333333337
9395,5.26,4.89875,0.4382947067238913,2.1493562231759658
9396,5.2475,4.89875,0.43875250357653794,2.1493562231759658
9397,5.2275,4.8975,0.4356394849785408,2.1333333333333337
9398,5.2475,4.89875,0.4372875536480687,2.1424892703862666
9399,5.245,4.8975,0.43710443490701006,2.1424892703862666
9400,5.2275,4.89875,0.4356394849785408,2.1333333333333337
9401,5.235,4.89875,0.4362804005722461,2.1379113018598
9402,5.2525,4.89875,0.4389356223175966,2.1493562231759658
9403,5.2575,4.8975,0.43582260371959947,2.1333333333333337
9404,5.2525,4.89875,0.43774535050071534,2.1447782546494993
9405,5.25,4.8975,0.4392103004291846,2.151645207439199
9406,5.255,4.89875,0.4362804005722461,2.1379113018598
9407,5.25,4.9,0.43747067238912735,2.1447782546494993
9408,5.2525,4.89875,0.43875250357653794,2.1493562231759658
9409,5.2575,4.89625,0.43710443490701006,2.1424892703862666
9410,5.24,4.9,0.43664663805436343,2.1424892703862666
9411,5.2475,4.8975,0.4362804005722461,2.1379113018598
9412,5.2475,4.9,0.4362804005722461,2.1379113018598
9413,5.2425,4.89875,0.4368297567954221,2.1424892703862666
9414,5.2525,4.8975,0.43975965665236055,2.151645207439199
9415,5.25,4.89875,0.4381115879828327,2.1447782546494993
9416,5.2425,4.8975,0.4368297567954221,2.1379113018598
9417,5.2425,4.89875,0.4368297567954221,2.1447782546494993
9418,5.2475,4.89875,0.4362804005722461,2.1379113018598
9419,5.2375,4.89875,0.4364635193133048,2.1379113018598
9420,5.25,4.89875,0.43747067238912735,2.1424892703862666
9421,5.255,4.89875,0.4381115879828327,2.1447782546494993
9422,5.235,4.89875,0.4362804005722461,2.1379113018598
9423,5.25,4.89875,0.43747067238912735,2.1424892703862666
9424,5.26,4.89875,0.4368297567954221,2.1424892703862666
9425,5.2425,4.89875,0.4368297567954221,2.1424892703862666
9426,5.2375,4.89875,0.4364635193133048,2.1379113018598
9427,5.2425,4.8975,0.43664663805436343,2.1379113018598
9428,5.235,4.89875,0.4362804005722461,2.1379113018598
9429,5.265,4.89875,0.43875250357653794,2.1493562231759658
9430,5.2375,4.9,0.4349985693848355,2.1310443490701
9431,5.2425,4.89875,0.4368297567954221,2.1424892703862666
9432,5.2475,4.89875,0.4372875536480687,2.1424892703862666
9433,5.2475,4.89875,0.43664663805436343,2.1379113018598
9434,5.235,4.89875,0.4362804005722461,2.1379113018598
9435,5.245,4.9,0.43710443490701006,2.1424892703862666
9436,5.265,4.8975,0.43582260371959947,2.1333333333333337
9437,5.2325,4.89875,0.4360057224606581,2.1379113018598
9438,5.255,4.89875,0.43792846924177403,2.1447782546494993
9439,5.25,4.8975,0.43664663805436343,2.1379113018598
9440,5.2325,4.89875,0.4360057224606581,2.1379113018598
9441,5.2475,4.89875,0.4372875536480687,2.1424892703862666
9442,5.255,4.8975,0.4368297567954221,2.1379113018598
9443,5.2425,4.8975,0.4368297567954221,2.1379113018598
9444,5.2575,4.9,0.4381115879828327,2.1447782546494993
9445,5.255,4.89875,0.43710443490701006,2.1424892703862666
9446,5.2525,4.8975,0.4364635193133048,2.1379113018598
9447,5.2475,4.8975,0.4372875536480687,2.1424892703862666
9448,5.25,4.8975,0.44003433476394854,2.1562231759656654
9449,5.2475,4.89875,0.4360057224606581,2.1379113018598
9450,5.2425,4.8975,0.4368297567954221,2.1379113018598
9451,5.2425,4.8975,0.4395765379113019,2.151645207439199
9452,5.2575,4.89875,0.4360057224606581,2.1379113018598
9453,5.2525,4.8975,0.43774535050071534,2.1447782546494993
9454,5.27,4.8975,0.43747067238912735,2.1424892703862666
9455,5.2475,4.9,0.4354563662374822,2.1333333333333337
9456,5.245,4.89875,0.43710443490701006,2.1424892703862666
9457,5.24,4.8975,0.4381115879828327,2.1447782546494993
9458,5.2525,4.89875,0.4362804005722461,2.1379113018598
9459,5.255,4.89875,0.43792846924177403,2.1447782546494993
9460,5.2525,4.8975,0.43774535050071534,2.1447782546494993
9461,5.2525,4.8975,0.43664663805436343,2.1379113018598
9462,5.2475,4.89875,0.4372875536480687,2.1424892703862666
9463,5.255,4.89875,0.43792846924177403,2.1447782546494993
9464,5.2425,4.89875,0.43792846924177403,2.1447782546494993
9465,5.2425,4.9,0.4368297567954221,2.1424892703862666
9466,5.2575,4.89875,0.4381115879828327,2.1447782546494993
9467,5.2575,4.89875,0.4362804005722461,2.1379113018598
9468,5.245,4.8975,0.43710443490701006,2.1424892703862666
9469,5.2525,4.8975,0.43774535050071534,2.1447782546494993
9470,5.255,4.8975,0.43710443490701006,2.1424892703862666
9471,5.2525,4.89875,0.43774535050071534,2.1447782546494993
9472,5.27,4.8975,0.4392103004291846,2.151645207439199
9473,5.2475,4.89875,0.4364635193133048,2.1379113018598
9474,5.245,4.9,0.43710443490701006,2.1424892703862666
9475,5.26,4.89875,0.4382947067238913,2.1493562231759658
9476,5.2525,4.89875,0.4385693848354793,2.1493562231759658
9477,5.2475,4.9,0.4372875536480687,2.1424892703862666
9478,5.255,4.89875,0.43792846924177403,2.1447782546494993
9479,5.255,4.8975,0.4356394849785408,2.1333333333333337
9480,5.235,4.89875,0.4362804005722461,2.1379113018598
9481,5.2525,4.89875,0.43774535050071534,2.1447782546494993
9482,5.2375,4.89875,0.43664663805436343,2.1379113018598
9483,5.24,4.89875,0.43664663805436343,2.1379113018598
9484,5.255,4.8975,0.43792846924177403,2.1447782546494993
9485,5.2525,4.89875,0.4351816881258942,2.1310443490701
9486,5.2375,4.8975,0.4360057224606581,2.1333333333333337
9487,5.2575,4.89875,0.4381115879828327,2.1447782546494993
9488,5.24,4.9,0.4362804005722461,2.1379113018598
9489,5.2525,4.89875,0.43710443490701006,2.1424892703862666
9490,5.26,4.8975,0.4382947067238913,2.1447782546494993
9491,5.245,4.9,0.4364635193133048,2.1379113018598
9492,5.24,4.9,0.43664663805436343,2.1424892703862666
9493,5.2625,4.9,0.4385693848354793,2.1493562231759658
9494,5.25,4.89875,0.4368297567954221,2.1424892703862666
9495,5.24,4.9,0.4372875536480687,2.1424892703862666
9496,5.25,4.89875,0.43747067238912735,2.1424892703862666
9497,5.255,4.9,0.4360057224606581,2.1379113018598
9498,5.2325,4.89875,0.43774535050071534,2.1447782546494993
9499,5.2575,4.8975,0.4381115879828327,2.1447782546494993
9500,5.2575,4.89875,0.4362804005722461,2.1379113018598
9501,5.23,4.9,0.4372875536480687,2.1424892703862666
9502,5.2475,4.8975,0.4372875536480687,2.1424892703862666
9503,5.2475,4.8975,0.4372875536480687,2.1424892703862666
9504,5.255,4.8975,0.4364635193133048,2.1379113018598
9505,5.2625,4.89875,0.4385693848354793,2.1493562231759658
9506,5.2525,4.9,0.43774535050071534,2.1447782546494993
9507,5.255,4.89875,0.43710443490701006,2.1424892703862666
9508,5.235,4.89875,0.4362804005722461,2.1379113018598
9509,5.2625,4.8975,0.4385693848354793,2.1493562231759658
9510,5.2475,4.89875,0.4372875536480687,2.1424892703862666
9511,5.2475,4.89875,0.4372875536480687,2.1424892703862666
9512,5.2575,4.89625,0.4381115879828327,2.1447782546494993
9513,5.2425,4.89875,0.4368297567954221,2.1424892703862666
9514,5.2575,4.8975,0.4381115879828327,2.1447782546494993
9515,5.245,4.89625,0.43710443490701006,2.1424892703862666
9516,5.2525,4.89875,0.4381115879828327,2.1447782546494993
9517,5.2475,4.89875,0.4372875536480687,2.1424892703862666
9518,5.2575,4.89875,0.4381115879828327,2.1447782546494993
9519,5.2375,4.89875,0.43747067238912735,2.1424892703862666
9520,5.255,4.89875,0.43792846924177403,2.1447782546494993
9521,5.2475,4.89625,0.4372875536480687,2.1424892703862666
9522,5.255,4.9,0.4362804005722461,2.1379113018598
9523,5.26,4.8975,0.4382947067238913,2.1447782546494993
9524,5.255,4.9,0.43792846924177403,2.1447782546494993
9525,5.2475,4.9,0.43664663805436343,2.1424892703862666
9526,5.245,4.8975,0.43710443490701006,2.1424892703862666
9527,5.255,4.8975,0.43792846924177403,2.1447782546494993
9528,5.25,4.9,0.4368297567954221,2.1424892703862666
9529,5.2275,4.8975,0.4382947067238913,2.1447782546494993
9530,5.2725,4.8975,0.43939341917024327,2.151645207439199
9531,5.2525,4.9,0.43710443490701006,2.1424892703862666
9532,5.2575,4.89875,0.43792846924177403,2.1447782546494993
9533,5.26,4.89875,0.4382947067238913,2.1493562231759658
9534,5.2425,4.89875,0.4381115879828327,2.1447782546494993
9535,5.2525,4.8975,0.4381115879828327,2.1447782546494993
9536,5.2575,4.8975,0.4381115879828327,2.1447782546494993
9537,5.2475,4.8975,0.4364635193133048,2.1379113018598
9538,5.2625,4.8975,0.43710443490701006,2.1424892703862666
9539,5.255,4.8975,0.43792846924177403,2.1447782546494993
9540,5.255,4.9,0.4356394849785408,2.1333333333333337
9541,5.245,4.8975,0.4389356223175966,2.1493562231759658
9542,5.2325,4.89875,0.4360057224606581,2.1379113018598
9543,5.2475,4.89875,0.4372875536480687,2.1424892703862666
9544,5.2475,4.8975,0.43710443490701006,2.1424892703862666
9545,5.245,4.8975,0.43710443490701006,2.1424892703862666
9546,5.2475,4.89875,0.4372875536480687,2.1424892703862666
9547,5.2475,4.8975,0.4382947067238913,2.1447782546494993
9548,5.2625,4.8975,0.4385693848354793,2.1493562231759658
9549,5.2425,4.89875,0.4368297567954221,2.1424892703862666
9550,5.2575,4.89875,0.4381115879828327,2.1447782546494993
9551,5.2575,4.9,0.4381115879828327,2.1447782546494993
9552,5.23,4.89875,0.43582260371959947,2.1333333333333337
9553,5.265,4.89875,0.4381115879828327,2.1447782546494993
9554,5.245,4.89875,0.43710443490701006,2.1424892703862666
9555,5.2475,4.9,0.4372875536480687,2.1424892703862666
9556,5.2575,4.89875,0.43792846924177403,2.1447782546494993
9557,5.265,4.8975,0.43875250357653794,2.1493562231759658
9558,5.2425,4.89875,0.4368297567954221,2.1424892703862666
9559,5.2475,4.8975,0.4382947067238913,2.1447782546494993
9560,5.2475,4.89875,0.4372875536480687,2.1424892703862666
9561,5.245,4.89875,0.43710443490701006,2.1424892703862666
9562,5.26,4.8975,0.4368297567954221,2.1379113018598
9563,5.255,4.8975,0.43792846924177403,2.1447782546494993
9564,5.2475,4.89625,0.4372875536480687,2.1424892703862666
9565,5.26,4.89875,0.4385693848354793,2.1493562231759658
9566,5.2575,4.89875,0.4381115879828327,2.1447782546494993
9567,5.245,4.9,0.43710443490701006,2.1424892703862666
9568,5.255,4.89875,0.4372875536480687,2.1424892703862666
9569,5.2525,4.8975,0.43792846924177403,2.1447782546494993
9570,5.2475,4.89875,0.4372875536480687,2.1424892703862666
9571,5.2425,4.89875,0.4385693848354793,2.1493562231759658
9572,5.245,4.89875,0.4372875536480687,2.1424892703862666
9573,5.24,4.9,0.43664663805436343,2.1424892703862666
9574,5.245,4.8975,0.43792846924177403,2.1447782546494993
9575,5.2075,4.8975,0.43747067238912735,2.1424892703862666
9576,5.245,4.8975,0.43710443490701006,2.1424892703862666
9577,5.2425,4.89875,0.43792846924177403,2.1447782546494993
9578,5.2375,4.8975,0.4372875536480687,2.1424892703862666
9579,5.2475,4.90125,0.4372875536480687,2.1424892703862666
9580,5.24,4.89875,0.4360057224606581,2.1379113018598
9581,5.245,4.89875,0.43792846924177403,2.1447782546494993
9582,5.25,4.8975,0.43747067238912735,2.1424892703862666
9583,5.245,4.89875,0.4364635193133048,2.1379113018598
9584,5.2275,4.8975,0.43774535050071534,2.1447782546494993
9585,5.2475,4.8975,0.4372875536480687,2.1424892703862666
9586,5.235,4.89875,0.4362804005722461,2.1424892703862666
9587,5.2675,4.89875,0.43664663805436343,2.1379113018598
9588,5.245,4.8975,0.43710443490701006,2.1424892703862666
9589,5.26,4.90125,0.4382947067238913,2.1493562231759658
9590,5.2375,4.8975,0.4372875536480687,2.1424892703862666
9591,5.2425,4.8975,0.4368297567954221,2.1379113018598
9592,5.225,4.89875,0.4354563662374822,2.1333333333333337
9593,5.2175,4.8975,0.43747067238912735,2.1424892703862666
9594,5.255,4.8975,0.43792846924177403,2.1447782546494993
9595,5.2425,4.9,0.4368297567954221,2.1424892703862666
9596,5.235,4.8975,0.4368297567954221,2.1379113018598
9597,5.25,4.89875,0.43747067238912735,2.1424892703862666
9598,5.2475,4.8975,0.4372875536480687,2.1424892703862666
9599,5.2375,4.89875,0.43792846924177403,2.1447782546494993
9600,5.2475,4.89625,0.4372875536480687,2.1424892703862666
9601,5.2475,4.89875,0.4372875536480687,2.1424892703862666
9602,5.245,4.89875,0.43774535050071534,2.1447782546494993
9603,5.2525,4.8975,0.43774535050071534,2.1447782546494993
9604,5.245,4.9,0.43710443490701006,2.1424892703862666
9605,5.2525,4.8975,0.43792846924177403,2.1447782546494993
9606,5.2375,4.89875,0.4364635193133048,2.1379113018598
9607,5.2225,4.89875,0.4351816881258942,2.1310443490701
9608,5.2325,4.89875,0.43710443490701006,2.1424892703862666
9609,5.255,4.8975,0.43792846924177403,2.1447782546494993
9610,5.2425,4.89875,0.4368297567954221,2.1424892703862666
9611,5.2525,4.89875,0.43792846924177403,2.1447782546494993
9612,5.2675,4.89875,0.43792846924177403,2.1447782546494993
9613,5.2475,4.8975,0.4372875536480687,2.1424892703862666
9614,5.25,4.89875,0.43747067238912735,2.1424892703862666
9615,5.2525,4.9,0.43664663805436343,2.1424892703862666
9616,5.2475,4.8975,0.4372875536480687,2.1424892703862666
9617,5.2425,4.89875,0.43747067238912735,2.1424892703862666
9618,5.265,4.8975,0.43747067238912735,2.1424892703862666
9619,5.255,4.9,0.43792846924177403,2.1447782546494993
9620,5.2575,4.9,0.4372875536480687,2.1424892703862666
9621,5.2375,4.8975,0.43792846924177403,2.1447782546494993
9622,5.2325,4.89875,0.4360057224606581,2.1379113018598
9623,5.245,4.9,0.4381115879828327,2.1447782546494993
9624,5.26,4.8975,0.4372875536480687,2.1424892703862666
9625,5.2425,4.8975,0.4368297567954221,2.1379113018598
9626,5.25,4.8975,0.43747067238912735,2.1424892703862666
9627,5.2225,4.89875,0.43747067238912735,2.1424892703862666
9628,5.2425,4.9,0.4368297567954221,2.1424892703862666
9629,5.2275,4.9,0.4356394849785408,2.1333333333333337
9630,5.25,4.9,0.43747067238912735,2.1447782546494993
9631,5.2375,4.89875,0.4364635193133048,2.1379113018598
9632,5.2425,4.8975,0.4368297567954221,2.1379113018598
9633,5.2475,4.8975,0.43747067238912735,2.1424892703862666
9634,5.2375,4.8975,0.4364635193133048,2.1379113018598
9635,5.2425,4.89625,0.4368297567954221,2.1379113018598
9636,5.2475,4.89875,0.43774535050071534,2.1447782546494993
9637,5.2475,4.8975,0.4372875536480687,2.1424892703862666
9638,5.275,4.9,0.4395765379113019,2.151645207439199
9639,5.2425,4.8975,0.43792846924177403,2.1447782546494993
9640,5.2425,4.89625,0.4368297567954221,2.1379113018598
9641,5.27,4.90125,0.4392103004291846,2.151645207439199
9642,5.25,4.8975,0.4372875536480687,2.1424892703862666
9643,5.2475,4.89875,0.4372875536480687,2.1424892703862666
9644,5.2475,4.9,0.4372875536480687,2.1424892703862666
9645,5.265,4.8975,0.43747067238912735,2.1424892703862666
9646,5.2425,4.89625,0.4368297567954221,2.1379113018598
9647,5.245,4.89625,0.43710443490701006,2.1424892703862666
9648,5.2475,4.89875,0.43774535050071534,2.1447782546494993
9649,5.245,4.8975,0.43710443490701006,2.1424892703862666
9650,5.2375,4.8975,0.4364635193133048,2.1379113018598
9651,5.25,4.89875,0.4372875536480687,2.1424892703862666
9652,5.235,4.89875,0.4360057224606581,2.1379113018598
9653,5.2575,4.89625,0.4381115879828327,2.1447782546494993
9654,5.275,4.8975,0.4368297567954221,2.1379113018598
9655,5.2575,4.8975,0.4368297567954221,2.1379113018598
9656,5.225,4.89875,0.4354563662374822,2.1333333333333337
9657,5.24,4.9,0.43792846924177403,2.1447782546494993
9658,5.2375,4.89875,0.4372875536480687,2.1424892703862666
9659,5.245,4.9,0.43710443490701006,2.1424892703862666
9660,5.2275,4.89875,0.43774535050071534,2.1447782546494993
9661,5.2175,4.89875,0.4381115879828327,2.1447782546494993
9662,5.2525,4.9,0.43774535050071534,2.1447782546494993
9663,5.2575,4.8975,0.43664663805436343,2.1379113018598
9664,5.2075,4.8975,0.43774535050071534,2.1447782546494993
9665,5.235,4.8975,0.4362804005722461,2.1379113018598
9666,5.2475,4.9,0.43710443490701006,2.1424892703862666
9667,5.26,4.89875,0.43875250357653794,2.1493562231759658
9668,5.2325,4.90125,0.4360057224606581,2.1379113018598
9669,5.28,4.89875,0.44003433476394854,2.151645207439199
9670,5.2475,4.89875,0.43747067238912735,2.1424892703862666
9671,5.23,4.9,0.43582260371959947,2.1333333333333337
9672,5.2525,4.8975,0.43774535050071534,2.1447782546494993
9673,5.2575,4.89875,0.4372875536480687,2.1424892703862666
9674,5.2175,4.89875,0.43481545064377686,2.1310443490701
9675,5.24,4.89625,0.43664663805436343,2.1379113018598
9676,5.225,4.8975,0.4381115879828327,2.1447782546494993
9677,5.2525,4.8975,0.43774535050071534,2.1447782546494993
9678,5.2475,4.9,0.4372875536480687,2.1424892703862666
9679,5.2475,4.89875,0.43792846924177403,2.1447782546494993
9680,5.21,4.89875,0.4341745350500716,2.1264663805436337
9681,5.2675,4.8975,0.4389356223175966,2.1493562231759658
9682,5.2675,4.89875,0.43747067238912735,2.1424892703862666
9683,5.235,4.8975,0.4362804005722461,2.1379113018598
9684,5.25,4.89625,0.43747067238912735,2.1424892703862666
9685,5.2475,4.8975,0.4372875536480687,2.1424892703862666
9686,5.2725,4.8975,0.43939341917024327,2.151645207439199
9687,5.285,4.9,0.4404005722460659,2.1562231759656654
9688,5.245,4.9,0.43582260371959947,2.1333333333333337
9689,5.2425,4.9,0.4368297567954221,2.1424892703862666
9690,5.2575,4.8975,0.4381115879828327,2.1447782546494993
9691,5.24,4.8975,0.4364635193133048,2.1379113018598
9692,5.2525,4.89625,0.43774535050071534,2.1447782546494993
9693,5.2575,4.9,0.4381115879828327,2.1447782546494993
9694,5.2775,4.8975,0.43792846924177403,2.1447782546494993
9695,5.21,4.89875,0.4382947067238913,2.1493562231759658
9696,5.2575,4.89875,0.4381115879828327,2.1447782546494993
9697,5.2225,4.9,0.4368297567954221,2.1424892703862666
9698,5.225,4.9,0.4389356223175966,2.151645207439199
9699,5.2575,4.8975,0.4381115879828327,2.1447782546494993
9700,5.26,4.8975,0.4360057224606581,2.1333333333333337
9701,5.27,4.8975,0.4364635193133048,2.1379113018598
9702,5.2375,4.89875,0.4364635193133048,2.1379113018598
9703,5.2625,4.8975,0.43664663805436343,2.1379113018598
9704,5.2775,4.895,0.43747067238912735,2.1424892703862666
9705,5.2525,4.89625,0.43774535050071534,2.1447782546494993
9706,5.245,4.89875,0.4372875536480687,2.1424892703862666
9707,5.2675,4.89875,0.43664663805436343,2.1379113018598
9708,5.23,4.89875,0.43582260371959947,2.1333333333333337
9709,5.2325,4.9,0.4368297567954221,2.1424892703862666
9710,5.2725,4.9,0.4362804005722461,2.1379113018598
9711,5.25,4.8975,0.43747067238912735,2.1424892703862666
9712,5.26,4.8975,0.4382947067238913,2.1447782546494993
9713,5.23,4.9,0.43747067238912735,2.1447782546494993
9714,5.2675,4.89875,0.4389356223175966,2.1493562231759658
9715,5.25,4.9,0.43747067238912735,2.1447782546494993
9716,5.2225,4.8975,0.4381115879828327,2.1447782546494993
9717,5.245,4.9,0.43710443490701006,2.1424892703862666
9718,5.255,4.8975,0.43792846924177403,2.1447782546494993
9719,5.24,4.8975,0.43875250357653794,2.1493562231759658
9720,5.23,4.9,0.43582260371959947,2.1333333333333337
9721,5.255,4.8975,0.43792846924177403,2.1447782546494993
9722,5.265,4.9,0.43710443490701006,2.1424892703862666
9723,5.2625,4.89875,0.4385693848354793,2.1493562231759658
9724,5.2575,4.9,0.4381115879828327,2.1447782546494993
9725,5.245,4.89875,0.4364635193133048,2.1379113018598
9726,5.25,4.9,0.43747067238912735,2.1447782546494993
9727,5.27,4.8975,0.4392103004291846,2.151645207439199
9728,5.2675,4.89875,0.4360057224606581,2.1379113018598
9729,5.2675,4.89625,0.4389356223175966,2.1493562231759658
9730,5.2625,4.8975,0.4385693848354793,2.1493562231759658
9731,5.255,4.895,0.4381115879828327,2.1447782546494993
9732,5.265,4.8975,0.43875250357653794,2.1493562231759658
9733,5.25,4.8975,0.43747067238912735,2.1424892703862666
9734,5.2125,4.89875,0.4360057224606581,2.1379113018598
9735,5.2375,4.89625,0.4364635193133048,2.1379113018598
9736,5.265,4.8975,0.43875250357653794,2.1493562231759658
9737,5.2325,4.9,0.4368297567954221,2.1424892703862666
9738,5.2225,4.89875,0.4385693848354793,2.1493562231759658
9739,5.2625,4.895,0.4385693848354793,2.1447782546494993
9740,5.265,4.89875,0.43710443490701006,2.1424892703862666
9741,5.2425,4.89875,0.44104148783977115,2.160801144492132
9742,5.2875,4.8975,0.4405836909871245,2.1562231759656654
9743,5.2425,4.89875,0.43747067238912735,2.1424892703862666
9744,5.23,4.89625,0.4368297567954221,2.1379113018598
9745,5.255,4.8975,0.43792846924177403,2.1447782546494993
9746,5.1975,4.89875,0.4360057224606581,2.1379113018598
9747,5.25,4.8975,0.4395765379113019,2.151645207439199
9748,5.2325,4.89875,0.4360057224606581,2.1379113018598
9749,5.24,4.9,0.4381115879828327,2.1447782546494993
9750,5.2525,4.89875,0.43582260371959947,2.1333333333333337
9751,5.2475,4.89875,0.4372875536480687,2.1424892703862666
9752,5.235,4.9,0.4362804005722461,2.1447782546494993
9753,5.25,4.89875,0.4368297567954221,2.1424892703862666
9754,5.2375,4.8975,0.4364635193133048,2.1379113018598
9755,5.2425,4.89875,0.4368297567954221,2.1424892703862666
9756,5.25,4.9,0.4395765379113019,2.151645207439199
9757,5.2475,4.8975,0.4372875536480687,2.1424892703862666
9758,5.22,4.9,0.4349985693848355,2.1310443490701
9759,5.265,4.8975,0.4389356223175966,2.1493562231759658
9760,5.2275,4.89875,0.4356394849785408,2.1333333333333337
9761,5.2575,4.89875,0.4381115879828327,2.1447782546494993
9762,5.2575,4.9,0.43792846924177403,2.1447782546494993
9763,5.185,4.8975,0.432068669527897,2.115021459227468
9764,5.2275,4.89875,0.4356394849785408,2.1333333333333337
9765,5.225,4.8975,0.4372875536480687,2.1424892703862666
9766,5.275,4.9,0.4395765379113019,2.151645207439199
9767,5.2525,4.8975,0.43774535050071534,2.1447782546494993
9768,5.2375,4.8975,0.4349985693848355,2.1310443490701
9769,5.2625,4.89875,0.4385693848354793,2.1493562231759658
9770,5.2275,4.8975,0.4356394849785408,2.1333333333333337
9771,5.245,4.9,0.4362804005722461,2.1379113018598
9772,5.255,4.8975,0.43792846924177403,2.1447782546494993
9773,5.215,4.89875,0.43454077253218887,2.1310443490701
9774,5.2475,4.8975,0.4392103004291846,2.151645207439199
9775,5.2675,4.8975,0.4389356223175966,2.1493562231759658
9776,5.2775,4.9,0.43975965665236055,2.1562231759656654
9777,5.25,4.89875,0.43792846924177403,2.1447782546494993
9778,5.2275,4.8975,0.4392103004291846,2.151645207439199
9779,5.25,4.89875,0.43747067238912735,2.1424892703862666
9780,5.25,4.8975,0.4362804005722461,2.1379113018598
9781,5.2175,4.89625,0.4389356223175966,2.1493562231759658
9782,5.2375,4.89875,0.4364635193133048,2.1379113018598
9783,5.23,4.9,0.4360057224606581,2.1379113018598
9784,5.2525,4.9,0.4360057224606581,2.1379113018598
9785,5.245,4.89875,0.43710443490701006,2.1424892703862666
9786,5.23,4.9,0.43710443490701006,2.1424892703862666
9787,5.2375,4.89625,0.43747067238912735,2.1424892703862666
9788,5.26,4.89875,0.4382947067238913,2.1493562231759658
9789,5.2475,4.89875,0.4395765379113019,2.151645207439199
9790,5.24,4.8975,0.4392103004291846,2.151645207439199
9791,5.2375,4.8975,0.4364635193133048,2.1379113018598
9792,5.25,4.89875,0.4385693848354793,2.1493562231759658
9793,5.2475,4.89875,0.4385693848354793,2.1493562231759658
9794,5.2525,4.90125,0.43774535050071534,2.1447782546494993
9795,5.245,4.89875,0.43710443490701006,2.1424892703862666
9796,5.2525,4.90125,0.43710443490701006,2.1424892703862666
9797,5.26,4.9,0.4382947067238913,2.1493562231759658
9798,5.2425,4.89875,0.4368297567954221,2.1424892703862666
9799,5.2525,4.8975,0.4404005722460659,2.1562231759656654
9800,5.2325,4.8975,0.4360057224606581,2.1333333333333337
9801,5.23,4.89875,0.43582260371959947,2.1333333333333337
9802,5.2525,4.89875,0.4395765379113019,2.151645207439199
9803,5.27,4.89875,0.4392103004291846,2.151645207439199
9804,5.2425,4.8975,0.4368297567954221,2.1379113018598
9805,5.2375,4.8975,0.4385693848354793,2.1493562231759658
9806,5.245,4.89875,0.43710443490701006,2.1424892703862666
9807,5.25,4.89875,0.43747067238912735,2.1424892703862666
9808,5.2325,4.8975,0.4385693848354793,2.1493562231759658
9809,5.2325,4.9,0.4360057224606581,2.1379113018598
9810,5.2325,4.8975,0.4360057224606581,2.1333333333333337
9811,5.245,4.89875,0.4360057224606581,2.1379113018598
9812,5.24,4.8975,0.43664663805436343,2.1379113018598
9813,5.25,4.89875,0.43747067238912735,2.1424892703862666
9814,5.25,4.8975,0.43939341917024327,2.151645207439199
9815,5.25,4.8975,0.43747067238912735,2.1424892703862666
9816,5.2375,4.9,0.4364635193133048,2.1379113018598
9817,5.2375,4.8975,0.43939341917024327,2.151645207439199
9818,5.2475,4.895,0.4372875536480687,2.1424892703862666
9819,5.2525,4.8975,0.43774535050071534,2.1447782546494993
9820,5.255,4.89875,0.4372875536480687,2.1424892703862666
9821,5.2675,4.8975,0.4389356223175966,2.1493562231759658
9822,5.265,4.89875,0.43875250357653794,2.1493562231759658
9823,5.2375,4.89875,0.43975965665236055,2.151645207439199
9824,5.245,4.89875,0.4404005722460659,2.1562231759656654
9825,5.2375,4.89875,0.4364635193133048,2.1379113018598
9826,5.2375,4.89875,0.4364635193133048,2.1379113018598
9827,5.265,4.89875,0.43774535050071534,2.1447782546494993
9828,5.2625,4.9,0.4385693848354793,2.1493562231759658
9829,5.24,4.8975,0.4360057224606581,2.1333333333333337
9830,5.27,4.90125,0.4381115879828327,2.1493562231759658
9831,5.25,4.8975,0.43747067238912735,2.1424892703862666
9832,5.2575,4.9,0.43792846924177403,2.1447782546494993
9833,5.2525,4.8975,0.43582260371959947,2.1333333333333337
9834,5.2425,4.89875,0.4368297567954221,2.1424892703862666
9835,5.2325,4.8975,0.4360057224606581,2.1424892703862666
9836,5.2525,4.8975,0.43774535050071534,2.1447782546494993
9837,5.2575,4.9,0.4381115879828327,2.1447782546494993
9838,5.26,4.9,0.4382947067238913,2.1493562231759658
9839,5.2675,4.8975,0.43747067238912735,2.1424892703862666
9840,5.265,4.89875,0.43875250357653794,2.1493562231759658
9841,5.2175,4.89875,0.43481545064377686,2.1310443490701
9842,5.2475,4.9,0.43792846924177403,2.1447782546494993
9843,5.2325,4.8975,0.4360057224606581,2.1333333333333337
9844,5.23,4.9,0.43582260371959947,2.1333333333333337
9845,5.26,4.89875,0.4368297567954221,2.1424892703862666
9846,5.25,4.8975,0.43747067238912735,2.1424892703862666
9847,5.2625,4.89875,0.4385693848354793,2.1493562231759658
9848,5.2475,4.9,0.4356394849785408,2.1333333333333337
9849,5.25,4.8975,0.43747067238912735,2.1424892703862666
9850,5.25,4.89625,0.43747067238912735,2.1424892703862666
9851,5.2475,4.89875,0.43774535050071534,2.1447782546494993
9852,5.25,4.9,0.43747067238912735,2.1447782546494993
9853,5.2525,4.89625,0.43774535050071534,2.1447782546494993
9854,5.2125,4.9,0.4354563662374822,2.1333333333333337
9855,5.2625,4.89875,0.4385693848354793,2.1493562231759658
9856,5.25,4.89625,0.43747067238912735,2.1424892703862666
9857,5.215,4.8975,0.43747067238912735,2.1424892703862666
9858,5.245,4.8975,0.43710443490701006,2.1424892703862666
9859,5.2575,4.89875,0.4381115879828327,2.1447782546494993
9860,5.2125,4.8975,0.4385693848354793,2.1493562231759658
9861,5.2525,4.8975,0.43774535050071534,2.1447782546494993
9862,5.21,4.89875,0.4341745350500716,2.1264663805436337
9863,5.2375,4.89875,0.43664663805436343,2.1379113018598
9864,5.26,4.89875,0.4364635193133048,2.1379113018598
9865,5.2475,4.89875,0.4372875536480687,2.1424892703862666
9866,5.25,4.89875,0.4368297567954221,2.1424892703862666
9867,5.215,4.8975,0.4381115879828327,2.1447782546494993
9868,5.245,4.8975,0.43710443490701006,2.1424892703862666
9869,5.2625,4.89875,0.43582260371959947,2.1333333333333337
9870,5.275,4.9,0.4360057224606581,2.1379113018598
9871,5.2425,4.89875,0.4368297567954221,2.1424892703862666
9872,5.285,4.9,0.4362804005722461,2.1379113018598
9873,5.255,4.89875,0.44003433476394854,2.1562231759656654
9874,5.2375,4.89625,0.4364635193133048,2.1379113018598
9875,5.2575,4.89875,0.4362804005722461,2.1379113018598
9876,5.255,4.89875,0.4372875536480687,2.1424892703862666
9877,5.2225,4.9,0.4351816881258942,2.1333333333333337
9878,5.225,4.8975,0.4354563662374822,2.1424892703862666
9879,5.2525,4.89875,0.43939341917024327,2.151645207439199
9880,5.2925,4.89875,0.44104148783977115,2.160801144492132
9881,5.2475,4.8975,0.4372875536480687,2.1424892703862666
9882,5.255,4.8975,0.4351816881258942,2.1310443490701
9883,5.2525,4.8975,0.43774535050071534,2.1447782546494993
9884,5.245,4.8975,0.43710443490701006,2.1424892703862666
9885,5.2525,4.9,0.43792846924177403,2.1447782546494993
9886,5.2425,4.9,0.4368297567954221,2.1424892703862666
9887,5.265,4.8975,0.43875250357653794,2.1493562231759658
9888,5.2725,4.8975,0.43774535050071534,2.1447782546494993
9889,5.26,4.89875,0.4382947067238913,2.1493562231759658
9890,5.23,4.89875,0.43582260371959947,2.1333333333333337
9891,5.2475,4.9,0.4372875536480687,2.1424892703862666
9892,5.2525,4.90125,0.43774535050071534,2.1447782546494993
9893,5.2425,4.89875,0.4368297567954221,2.1424892703862666
9894,5.245,4.89625,0.4372875536480687,2.1424892703862666
9895,5.2425,4.89875,0.4368297567954221,2.1424892703862666
9896,5.2425,4.89875,0.4368297567954221,2.1424892703862666
9897,5.25,4.89875,0.43747067238912735,2.1424892703862666
9898,5.23,4.89875,0.43582260371959947,2.1333333333333337
9899,5.2625,4.9,0.4385693848354793,2.1493562231759658
9900,5.2575,4.89875,0.4364635193133048,2.1379113018598
9901,5.2625,4.8975,0.4385693848354793,2.1493562231759658
9902,5.2375,4.89875,0.4364635193133048,2.1379113018598
9903,5.2625,4.8975,0.4372875536480687,2.1424892703862666
9904,5.2625,4.8975,0.4385693848354793,2.1493562231759658
9905,5.265,4.9,0.43875250357653794,2.1493562231759658
9906,5.2475,4.89625,0.4372875536480687,2.1424892703862666
9907,5.2425,4.8975,0.43875250357653794,2.1493562231759658
9908,5.2425,4.89875,0.4368297567954221,2.1424892703862666
9909,5.2525,4.89875,0.43774535050071534,2.1447782546494993
9910,5.2375,4.89875,0.4372875536480687,2.1424892703862666
9911,5.2625,4.89875,0.4385693848354793,2.1493562231759658
9912,5.2725,4.9,0.43710443490701006,2.1424892703862666
9913,5.26,4.89875,0.43774535050071534,2.1447782546494993
9914,5.265,4.89875,0.43875250357653794,2.1493562231759658
9915,5.265,4.8975,0.43747067238912735,2.1424892703862666
9916,5.2625,4.9,0.4368297567954221,2.1424892703862666
9917,5.24,4.9,0.43664663805436343,2.1424892703862666
9918,5.2375,4.89875,0.4372875536480687,2.1424892703862666
9919,5.2475,4.9,0.4362804005722461,2.1379113018598
9920,5.225,4.90125,0.4354563662374822,2.1333333333333337
9921,5.24,4.89875,0.43664663805436343,2.1447782546494993
9922,5.2575,4.8975,0.43710443490701006,2.1424892703862666
9923,5.22,4.89875,0.4349985693848355,2.1310443490701
9924,5.265,4.8975,0.43875250357653794,2.1493562231759658
9925,5.26,4.89875,0.43747067238912735,2.1424892703862666
9926,5.23,4.9,0.43582260371959947,2.1333333333333337
9927,5.24,4.89875,0.43664663805436343,2.1379113018598
9928,5.27,4.90125,0.4372875536480687,2.1424892703862666
9929,5.245,4.8975,0.43710443490701006,2.1424892703862666
9930,5.2375,4.8975,0.4364635193133048,2.1379113018598
9931,5.26,4.89875,0.43747067238912735,2.1424892703862666
9932,5.2425,4.8975,0.4368297567954221,2.1379113018598
9933,5.2175,4.8975,0.43481545064377686,2.1310443490701
9934,5.2475,4.8975,0.43747067238912735,2.1424892703862666
9935,5.2275,4.90125,0.4356394849785408,2.1333333333333337
9936,5.2525,4.89875,0.43774535050071534,2.1447782546494993
9937,5.23,4.89875,0.43710443490701006,2.1424892703862666
9938,5.24,4.8975,0.43664663805436343,2.1379113018598
9939,5.2275,4.8975,0.4356394849785408,2.1333333333333337
9940,5.2675,4.9,0.4372875536480687,2.1424892703862666
9941,5.2425,4.89875,0.4368297567954221,2.1424892703862666
9942,5.2875,4.89875,0.4405836909871245,2.160801144492132
9943,5.26,4.89875,0.4389356223175966,2.1493562231759658
9944,5.2375,4.9,0.4364635193133048,2.1379113018598
9945,5.2475,4.9,0.4372875536480687,2.1424892703862666
9946,5.265,4.9,0.43747067238912735,2.1447782546494993
9947,5.265,4.89875,0.4381115879828327,2.1447782546494993
9948,5.24,4.9,0.43664663805436343,2.1424892703862666
9949,5.235,4.8975,0.43710443490701006,2.1424892703862666
9950,5.2625,4.89875,0.43774535050071534,2.1447782546494993
9951,5.27,4.89875,0.4392103004291846,2.151645207439199
9952,5.2325,4.89875,0.4381115879828327,2.1447782546494993
9953,5.27,4.9,0.43710443490701006,2.1424892703862666
9954,5.265,4.9,0.43875250357653794,2.1493562231759658
9955,5.25,4.89875,0.43747067238912735,2.1424892703862666
9956,5.25,4.8975,0.43710443490701006,2.1424892703862666
9957,5.24,4.89875,0.43664663805436343,2.1379113018598
9958,5.245,4.8975,0.43747067238912735,2.1424892703862666
9959,5.2325,4.89875,0.43747067238912735,2.1424892703862666
9960,5.2425,4.9,0.4368297567954221,2.1424892703862666
9961,5.25,4.895,0.4381115879828327,2.1447782546494993
9962,5.2525,4.8975,0.43710443490701006,2.1424892703862666
9963,5.225,4.9,0.4354563662374822,2.1333333333333337
9964,5.23,4.8975,0.43582260371959947,2.1333333333333337
9965,5.23,4.89625,0.43792846924177403,2.1447782546494993
9966,5.2525,4.8975,0.43774535050071534,2.1447782546494993
9967,5.2275,4.89875,0.4356394849785408,2.1333333333333337
9968,5.2675,4.89625,0.4381115879828327,2.1447782546494993
9969,5.2375,4.89875,0.4364635193133048,2.1379113018598
9970,5.2425,4.9,0.4368297567954221,2.1424892703862666
9971,5.2625,4.8975,0.4381115879828327,2.1447782546494993
9972,5.2525,4.89875,0.43774535050071534,2.1447782546494993
9973,5.2475,4.8975,0.4372875536480687,2.1424892703862666
9974,5.2625,4.89875,0.43747067238912735,2.1424892703862666
9975,5.245,4.8975,0.43710443490701006,2.1424892703862666
9976,5.25,4.8975,0.43747067238912735,2.1424892703862666
9977,5.2475,4.89875,0.4381115879828327,2.1447782546494993
9978,5.2475,4.8975,0.4372875536480687,2.1424892703862666
9979,5.2825,4.89875,0.4402174535050072,2.1562231759656654
9980,5.2525,4.89625,0.4389356223175966,2.1493562231759658
9981,5.25,4.8975,0.43747067238912735,2.1424892703862666
9982,5.2225,4.90125,0.4351816881258942,2.1333333333333337
9983,5.2575,4.8975,0.43710443490701006,2.1424892703862666
9984,5.2475,4.8975,0.4372875536480687,2.1424892703862666
9985,5.235,4.89625,0.4362804005722461,2.1379113018598
9986,5.275,4.89875,0.4372875536480687,2.1424892703862666
9987,5.2475,4.89875,0.4372875536480687,2.1424892703862666
9988,5.26,4.9,0.4382947067238913,2.1493562231759658
9989,5.27,4.8975,0.43774535050071534,2.1447782546494993
9990,5.2125,4.8975,0.43710443490701006,2.1424892703862666
9991,5.2425,4.89875,0.4368297567954221,2.1424892703862666
9992,5.27,4.8975,0.4381115879828327,2.1447782546494993
9993,5.28,4.8975,0.43792846924177403,2.1447782546494993
9994,5.2525,4.89875,0.43774535050071534,2.1447782546494993
9995,5.235,4.8975,0.4360057224606581,2.1333333333333337
9996,5.28,4.8975,0.43875250357653794,2.1493562231759658
9997,5.2425,4.89625,0.4368297567954221,2.1379113018598
9998,5.2475,4.8975,0.4385693848354793,2.1493562231759658
9999,5.255,4.8975,0.43774535050071534,2.1447782546494993
