Sample,EVM1 VSHUNT Results (mV),EVM1 VBUS Results (V),EVM1 CURRENT Results (A),EVM1 POWER Results (W)
0,0.8575,5.20375,0.07141630901287555,0.37081545064377686
1,0.8675,5.17875,0.059971387696709594,0.3113018597997139
2,0.805,5.18625,0.0666552217453505,0.34563662374821175
3,0.875,5.19375,0.07288125894134478,0.3776824034334764
4,0.87,5.17875,0.05814020028612304,0.29985693848354794
5,0.875,5.18,0.05878111587982833,0.30443490701001436
6,0.72,5.1825,0.059971387696709594,0.3113018597997139
7,1.155,5.1825,0.10483547925608012,0.5447782546494994
8,0.75,5.195,0.06793705293276109,0.35250357653791137
9,0.9425,5.2075,0.0785579399141631,0.4097281831187411
10,0.815,5.20125,0.06793705293276109,0.3410586552217454
11,0.875,5.1775,0.06601430615164522,0.3410586552217454
12,0.735,5.17875,0.06125321888412018,0.3181688125894135
13,0.8875,5.21,0.07397997138769671,0.3868383404864092
14,0.86,5.1825,0.05731616595135909,0.2952789699570816
15,0.755,5.18625,0.06290128755364807,0.32732474964234626
16,0.8125,5.19625,0.06775393419170243,0.35250357653791137
17,0.8325,5.19,0.056858369098712454,0.2952789699570816
18,0.69,5.1825,0.057499284692417746,0.2952789699570816
19,0.7375,5.18375,0.06143633762517883,0.3181688125894135
20,0.845,5.1875,0.0566752503576538,0.2929899856938484
21,0.9175,5.1975,0.07645207439198856,0.3982832618025752
22,0.8575,5.2025,0.07141630901287555,0.37081545064377686
23,0.8625,5.18125,0.05850643776824035,0.30443490701001436
24,0.875,5.205,0.07288125894134478,0.3776824034334764
25,0.8325,5.19,0.06940200286123034,0.35937052932761093
26,0.755,5.21,0.07141630901287555,0.37081545064377686
27,0.85,5.19,0.07086695278969958,0.36852646638054365
28,0.745,5.1975,0.062077253218884125,0.32274678111587984
29,0.73,5.1975,0.06912732474964235,0.35937052932761093
30,0.835,5.2125,0.069585121602289,0.3639484978540773
31,0.865,5.21375,0.07205722460658083,0.37539341917024327
32,0.85,5.185,0.05731616595135909,0.2952789699570816
33,0.8075,5.185,0.062077253218884125,0.32274678111587984
34,0.815,5.19625,0.06793705293276109,0.35250357653791137
35,0.84,5.18875,0.056858369098712454,0.2952789699570816
36,0.855,5.17875,0.057499284692417746,0.2952789699570816
37,0.68,5.185,0.0566752503576538,0.2929899856938484
38,0.695,5.2125,0.06976824034334765,0.3639484978540773
39,0.845,5.18625,0.06747925608011446,0.34792560801144495
40,0.73,5.17875,0.06079542203147354,0.3158798283261803
41,1.6975,5.12875,0.12708440629470674,0.6523605150214593
42,0.805,5.19,0.07004291845493563,0.3639484978540773
43,0.7275,5.1775,0.060612303290414886,0.3158798283261803
44,0.815,5.18375,0.060612303290414886,0.3158798283261803
45,0.8375,5.185,0.06143633762517883,0.3181688125894135
46,0.7425,5.185,0.06189413447782547,0.32274678111587984
47,0.835,5.1975,0.069585121602289,0.35937052932761093
48,0.87,5.185,0.0566752503576538,0.2929899856938484
49,0.68,5.18625,0.0566752503576538,0.2929899856938484
50,0.695,5.19875,0.05795708154506438,0.29985693848354794
51,0.7,5.2075,0.07004291845493563,0.3639484978540773
52,0.8175,5.21375,0.06812017167381974,0.3570815450643777
53,0.8275,5.2125,0.0689442060085837,0.35937052932761093
54,0.73,5.21,0.07269814020028613,0.3776824034334764
55,0.87,5.19125,0.07251502145922747,0.37539341917024327
56,0.79,5.1775,0.06583118741058656,0.3410586552217454
57,0.8975,5.17875,0.06143633762517883,0.3181688125894135
58,0.735,5.1975,0.06125321888412018,0.3181688125894135
59,0.8,5.2125,0.0666552217453505,0.34792560801144495
60,0.73,5.19625,0.06747925608011446,0.34792560801144495
61,0.8675,5.1975,0.07233190271816882,0.37539341917024327
62,0.81,5.2125,0.06747925608011446,0.35250357653791137
63,0.7675,5.1925,0.06482403433476396,0.33648068669527903
64,0.8575,5.205,0.07141630901287555,0.37081545064377686
65,0.82,5.2125,0.0683032904148784,0.3570815450643777
66,0.7775,5.1925,0.06601430615164522,0.3410586552217454
67,0.845,5.20125,0.07040915593705294,0.36852646638054365
68,0.86,5.21125,0.07169098712446352,0.37539341917024327
69,0.735,5.21,0.07141630901287555,0.37081545064377686
70,0.82,5.1875,0.06793705293276109,0.35250357653791137
71,0.8575,5.2,0.07141630901287555,0.37081545064377686
72,0.875,5.18375,0.060246065808297576,0.3113018597997139
73,0.7375,5.21,0.07187410586552218,0.37539341917024327
74,0.8525,5.2025,0.07105007153075824,0.37081545064377686
75,0.8675,5.17875,0.05850643776824035,0.30443490701001436
76,0.8625,5.17875,0.05850643776824035,0.30443490701001436
77,0.71,5.18125,0.05914735336194564,0.30672389127324756
78,0.7025,5.21125,0.06747925608011446,0.35250357653791137
79,0.8125,5.19125,0.05603433476394851,0.2929899856938484
80,0.705,5.18,0.05878111587982833,0.30443490701001436
81,0.79,5.1975,0.06583118741058656,0.30443490701001436
82,0.8725,5.18125,0.05731616595135909,0.2952789699570816
83,0.7525,5.18,0.06271816881258942,0.32732474964234626
84,0.7325,5.195,0.06107010014306152,0.3181688125894135
85,0.895,5.18,0.06354220314735337,0.32961373390557946
86,0.7375,5.1975,0.06143633762517883,0.3181688125894135
87,0.8275,5.20875,0.0689442060085837,0.35937052932761093
88,0.9325,5.175,0.06107010014306152,0.3158798283261803
89,0.74,5.2075,0.061711015736766815,0.32274678111587984
90,0.855,5.2125,0.07123319027181689,0.37081545064377686
91,0.8475,5.18125,0.05978826895565094,0.3113018597997139
92,0.785,5.18,0.06537339055793992,0.33648068669527903
93,0.705,5.18,0.05878111587982833,0.30443490701001436
94,0.7125,5.2125,0.06912732474964235,0.35937052932761093
95,0.875,5.20625,0.07288125894134478,0.3776824034334764
96,0.8725,5.20875,0.07269814020028613,0.3776824034334764
97,0.855,5.1875,0.056858369098712454,0.2952789699570816
98,0.7175,5.185,0.05978826895565094,0.3113018597997139
99,0.87,5.21125,0.07251502145922747,0.3776824034334764
100,0.795,5.2025,0.064,0.3341917024320458
101,0.92,5.205,0.07663519313304722,0.3982832618025752
102,0.8025,5.17875,0.06683834048640916,0.34563662374821175
103,0.895,5.18,0.06482403433476396,0.33648068669527903
104,0.8725,5.18375,0.056492131616595144,0.2929899856938484
105,0.73,5.1825,0.06079542203147354,0.3158798283261803
106,0.73,5.21,0.06454935622317597,0.33648068669527903
107,0.7425,5.2075,0.062077253218884125,0.32274678111587984
108,0.775,5.2125,0.06454935622317597,0.33648068669527903
109,0.795,5.18875,0.064,0.3341917024320458
110,0.8175,5.18375,0.06143633762517883,0.3181688125894135
111,0.7825,5.19125,0.06519027181688127,0.33648068669527903
112,0.85,5.19,0.05914735336194564,0.30672389127324756
113,0.7425,5.20625,0.06079542203147354,0.3158798283261803
114,0.8475,5.21,0.07059227467811159,0.36852646638054365
115,0.89,5.18375,0.059971387696709594,0.3113018597997139
116,0.7425,5.21125,0.07040915593705294,0.36852646638054365
117,0.87,5.19625,0.07251502145922747,0.37539341917024327
118,0.7275,5.1775,0.060612303290414886,0.3158798283261803
119,0.75,5.19625,0.0666552217453505,0.34563662374821175
120,0.865,5.195,0.07205722460658083,0.37539341917024327
121,1.1275,5.18,0.09393991416309014,0.4875536480686696
122,0.7125,5.21,0.06583118741058656,0.3410586552217454
123,0.78,5.21,0.06500715307582261,0.33648068669527903
124,0.745,5.20625,0.062077253218884125,0.32274678111587984
125,0.68,5.20375,0.07059227467811159,0.36852646638054365
126,0.86,5.20375,0.07169098712446352,0.37081545064377686
127,0.885,5.21125,0.07370529327610874,0.38226037195994284
128,0.8625,5.175,0.064,0.32961373390557946
129,0.83,5.2075,0.06912732474964235,0.35937052932761093
130,0.89,5.20375,0.07416309012875537,0.3868383404864092
131,0.725,5.20875,0.07352217453505008,0.38226037195994284
132,0.815,5.18625,0.06793705293276109,0.35250357653791137
133,0.755,5.18,0.06290128755364807,0.32732474964234626
134,0.86,5.18875,0.06683834048640916,0.34563662374821175
135,0.8125,5.19375,0.06775393419170243,0.35250357653791137
136,0.8525,5.2125,0.07105007153075824,0.37081545064377686
137,0.865,5.18,0.057499284692417746,0.2952789699570816
138,0.7475,5.18625,0.06226037195994278,0.32274678111587984
139,0.72,5.1825,0.059971387696709594,0.3113018597997139
140,0.7725,5.20625,0.06125321888412018,0.3181688125894135
141,0.735,5.20875,0.061711015736766815,0.32274678111587984
142,0.805,5.205,0.06711301859799715,0.34792560801144495
143,0.7275,5.19625,0.0683032904148784,0.3570815450643777
144,0.775,5.20375,0.06519027181688127,0.33648068669527903
145,0.9325,5.195,0.07773390557939915,0.40515021459227474
146,0.73,5.21,0.07416309012875537,0.3868383404864092
147,0.8875,5.17875,0.06226037195994278,0.32274678111587984
148,0.7775,5.20375,0.06482403433476396,0.33648068669527903
149,0.8975,5.1775,0.060246065808297576,0.3113018597997139
150,0.875,5.1825,0.05878111587982833,0.30443490701001436
151,0.7025,5.18875,0.05850643776824035,0.30443490701001436
152,0.8875,5.17875,0.07397997138769671,0.3113018597997139
153,0.86,5.18875,0.05850643776824035,0.30443490701001436
154,0.795,5.21125,0.0662889842632332,0.34563662374821175
155,0.85,5.21125,0.07086695278969958,0.36852646638054365
156,0.7375,5.19375,0.06711301859799715,0.34792560801144495
157,0.905,5.2025,0.07544492131616595,0.3937052932761088
158,0.855,5.2125,0.07123319027181689,0.37081545064377686
159,0.7725,5.20625,0.0662889842632332,0.34563662374821175
160,0.915,5.20875,0.0762689556509299,0.3982832618025752
161,0.805,5.185,0.06711301859799715,0.34792560801144495
162,0.8,5.19875,0.061711015736766815,0.32274678111587984
163,0.7425,5.20125,0.06189413447782547,0.32274678111587984
164,0.7975,5.2125,0.06647210300429185,0.34563662374821175
165,0.7475,5.1925,0.06601430615164522,0.3410586552217454
166,0.7425,5.185,0.06189413447782547,0.32274678111587984
167,0.75,5.18625,0.06253505007153076,0.32274678111587984
168,0.75,5.205,0.059971387696709594,0.3113018597997139
169,0.675,5.19125,0.05621745350500716,0.2929899856938484
170,0.6825,5.18625,0.056858369098712454,0.2952789699570816
171,0.8475,5.205,0.07315593705293277,0.38226037195994284
172,0.86,5.2075,0.07169098712446352,0.37539341917024327
173,0.805,5.1925,0.06711301859799715,0.34792560801144495
174,1.2125,5.17875,0.11060371959942776,0.5745350500715308
175,0.72,5.20375,0.07663519313304722,0.3982832618025752
176,0.715,5.1925,0.059605150214592284,0.3113018597997139
177,0.8925,5.17875,0.06290128755364807,0.32732474964234626
178,0.8175,5.2,0.06253505007153076,0.32732474964234626
179,0.8175,5.2125,0.06812017167381974,0.3570815450643777
180,0.81,5.185,0.06335908440629472,0.32961373390557946
181,0.835,5.18375,0.06226037195994278,0.32274678111587984
182,0.845,5.2,0.07040915593705294,0.36852646638054365
183,0.8325,5.195,0.05814020028612304,0.30443490701001436
184,0.69,5.2125,0.07040915593705294,0.36852646638054365
185,0.73,5.20875,0.06079542203147354,0.3158798283261803
186,0.735,5.19625,0.07022603719599428,0.3639484978540773
187,0.675,5.20875,0.07205722460658083,0.37539341917024327
188,0.86,5.2125,0.07169098712446352,0.37539341917024327
189,0.8775,5.1875,0.07315593705293277,0.3776824034334764
190,0.735,5.21,0.07315593705293277,0.38226037195994284
191,0.875,5.1975,0.07288125894134478,0.3776824034334764
192,0.765,5.205,0.06372532188841203,0.32961373390557946
193,0.97,5.18375,0.06079542203147354,0.3158798283261803
194,0.715,5.18125,0.059605150214592284,0.30672389127324756
195,0.7375,5.18375,0.06143633762517883,0.3181688125894135
196,0.695,5.2075,0.07086695278969958,0.36852646638054365
197,0.84,5.21,0.07004291845493563,0.3639484978540773
198,0.8725,5.2125,0.07269814020028613,0.3776824034334764
199,0.87,5.1775,0.05814020028612304,0.29985693848354794
200,0.705,5.18125,0.05878111587982833,0.30443490701001436
201,0.705,5.1825,0.05878111587982833,0.30443490701001436
202,0.7575,5.20375,0.06079542203147354,0.3158798283261803
203,0.68,5.1825,0.0566752503576538,0.2929899856938484
204,0.8875,5.21125,0.07397997138769671,0.3868383404864092
205,0.7675,5.20625,0.064,0.3341917024320458
206,0.8075,5.18375,0.0672961373390558,0.34792560801144495
207,0.78,5.18125,0.06500715307582261,0.33648068669527903
208,0.8275,5.18875,0.06857796852646639,0.3570815450643777
209,0.7375,5.20625,0.06143633762517883,0.3181688125894135
210,0.675,5.1925,0.05621745350500716,0.2929899856938484
211,0.6925,5.21375,0.07040915593705294,0.36852646638054365
212,0.6875,5.2125,0.07059227467811159,0.36852646638054365
213,0.745,5.21,0.062077253218884125,0.32274678111587984
214,0.7975,5.18625,0.06226037195994278,0.32274678111587984
215,0.8,5.185,0.06564806866952791,0.3410586552217454
216,0.865,5.205,0.07205722460658083,0.37539341917024327
217,0.8425,5.17875,0.058964234620886985,0.30443490701001436
218,0.8825,5.17875,0.05795708154506438,0.29985693848354794
219,0.725,5.18375,0.06042918454935623,0.3158798283261803
220,0.7675,5.19375,0.07205722460658083,0.37539341917024327
221,0.95,5.17875,0.062077253218884125,0.32274678111587984
222,0.8175,5.18625,0.06812017167381974,0.35250357653791137
223,0.7225,5.20875,0.060246065808297576,0.38226037195994284
224,0.71,5.1975,0.06857796852646639,0.3570815450643777
225,1.3325,5.14625,0.1110615164520744,0.5699570815450644
226,0.685,5.18375,0.05704148783977111,0.2952789699570816
227,0.6925,5.2025,0.06976824034334765,0.3639484978540773
228,0.8175,5.1975,0.06812017167381974,0.35250357653791137
229,0.8575,5.21125,0.07141630901287555,0.37081545064377686
230,0.875,5.17875,0.06125321888412018,0.3181688125894135
231,0.875,5.20625,0.07288125894134478,0.3776824034334764
232,0.8825,5.2025,0.07352217453505008,0.38226037195994284
233,0.85,5.18125,0.058964234620886985,0.30443490701001436
234,0.86,5.21,0.07169098712446352,0.37539341917024327
235,0.81,5.18625,0.06747925608011446,0.34792560801144495
236,0.755,5.20875,0.0683032904148784,0.3570815450643777
237,0.8175,5.18625,0.06812017167381974,0.35250357653791137
238,0.74,5.2,0.061711015736766815,0.32274678111587984
239,0.8525,5.18125,0.059971387696709594,0.3113018597997139
240,0.7525,5.18625,0.06271816881258942,0.32732474964234626
241,0.84,5.2,0.07004291845493563,0.3639484978540773
242,0.8625,5.1775,0.0576824034334764,0.29985693848354794
243,0.7325,5.185,0.06107010014306152,0.3158798283261803
244,0.7325,5.18625,0.06107010014306152,0.3158798283261803
245,0.7175,5.21,0.06372532188841203,0.3341917024320458
246,0.685,5.2025,0.07169098712446352,0.37081545064377686
247,0.7775,5.21375,0.06482403433476396,0.33648068669527903
248,0.76,5.19,0.06418311874105866,0.3341917024320458
249,0.835,5.19,0.060246065808297576,0.3113018597997139
250,0.895,5.2025,0.07462088698140201,0.3891273247496424
251,0.8275,5.19625,0.062077253218884125,0.32274678111587984
252,0.8375,5.185,0.06976824034334765,0.35937052932761093
253,0.7175,5.19125,0.05978826895565094,0.3113018597997139
254,0.805,5.1875,0.06372532188841203,0.32961373390557946
255,0.8475,5.18375,0.060612303290414886,0.3158798283261803
256,0.7,5.18125,0.05832331902718169,0.30443490701001436
257,0.7,5.2075,0.07233190271816882,0.37539341917024327
258,0.7075,5.21375,0.06775393419170243,0.35250357653791137
259,0.7625,5.20125,0.06354220314735337,0.32961373390557946
260,0.685,5.2125,0.05704148783977111,0.2952789699570816
261,0.6825,5.20625,0.07269814020028613,0.3776824034334764
262,0.92,5.21,0.07663519313304722,0.3982832618025752
263,0.8125,5.2125,0.06775393419170243,0.35250357653791137
264,0.9575,5.1725,0.060612303290414886,0.3158798283261803
265,0.945,5.20625,0.07874105865522175,0.4097281831187411
266,0.7875,5.1825,0.06564806866952791,0.3410586552217454
267,0.7175,5.20875,0.07352217453505008,0.38226037195994284
268,0.7525,5.17875,0.06271816881258942,0.32732474964234626
269,0.8575,5.21,0.07141630901287555,0.37081545064377686
270,0.8025,5.185,0.062077253218884125,0.32274678111587984
271,0.8325,5.1975,0.06940200286123034,0.35937052932761093
272,0.91,5.20625,0.07581115879828328,0.3937052932761088
273,0.8475,5.18,0.05814020028612304,0.29985693848354794
274,0.785,5.175,0.06537339055793992,0.33648068669527903
275,0.8525,5.205,0.07105007153075824,0.37081545064377686
276,0.825,5.1825,0.059605150214592284,0.30672389127324756
277,0.705,5.18,0.05878111587982833,0.30443490701001436
278,0.785,5.19125,0.06537339055793992,0.33648068669527903
279,0.8025,5.2,0.06253505007153076,0.32732474964234626
280,0.895,5.20375,0.07462088698140201,0.3891273247496424
281,0.7625,5.18,0.06354220314735337,0.32961373390557946
282,0.74,5.2,0.07517024320457798,0.3891273247496424
283,0.9125,5.17625,0.06125321888412018,0.3181688125894135
284,0.8125,5.2025,0.06775393419170243,0.35250357653791137
285,0.68,5.20625,0.07169098712446352,0.37539341917024327
286,0.6775,5.20875,0.07123319027181689,0.37081545064377686
287,0.855,5.21125,0.07123319027181689,0.37081545064377686
288,0.8775,5.1775,0.05914735336194564,0.30672389127324756
289,0.8525,5.18375,0.06042918454935623,0.3158798283261803
290,0.8775,5.20625,0.07315593705293277,0.38226037195994284
291,0.88,5.17875,0.05814020028612304,0.29985693848354794
292,0.855,5.18,0.05914735336194564,0.30672389127324756
293,0.8325,5.1975,0.06940200286123034,0.35937052932761093
294,1.3375,5.14625,0.11142775393419171,0.5127324749642347
295,0.7225,5.205,0.0762689556509299,0.3982832618025752
296,0.745,5.17875,0.062077253218884125,0.32274678111587984
297,0.8125,5.2075,0.06775393419170243,0.35250357653791137
298,0.9,5.18375,0.059971387696709594,0.3113018597997139
299,0.9625,5.20375,0.080206008583691,0.41659513590844066
300,0.81,5.2125,0.06747925608011446,0.35250357653791137
301,0.7225,5.19625,0.06812017167381974,0.35250357653791137
302,0.8225,5.1975,0.06857796852646639,0.3570815450643777
303,0.9,5.205,0.07498712446351932,0.3891273247496424
304,0.8675,5.18125,0.0576824034334764,0.29985693848354794
305,0.8025,5.21125,0.06683834048640916,0.34792560801144495
306,0.7775,5.21,0.06482403433476396,0.33648068669527903
307,0.74,5.19625,0.06747925608011446,0.34792560801144495
308,0.8125,5.19375,0.06775393419170243,0.35250357653791137
309,0.735,5.19375,0.06125321888412018,0.3181688125894135
310,0.8875,5.1775,0.061711015736766815,0.3181688125894135
311,0.7775,5.20375,0.06482403433476396,0.33648068669527903
312,0.8375,5.20875,0.06976824034334765,0.3639484978540773
313,0.8725,5.1925,0.06042918454935623,0.3158798283261803
314,0.9275,5.2,0.07727610872675252,0.4005722460658083
315,0.7925,5.21125,0.06601430615164522,0.34563662374821175
316,0.765,5.19,0.06418311874105866,0.3341917024320458
317,0.6775,5.21,0.07251502145922747,0.3776824034334764
318,0.9125,5.21,0.07608583690987125,0.3982832618025752
319,0.8475,5.18,0.05795708154506438,0.29985693848354794
320,0.8825,5.17875,0.05731616595135909,0.2952789699570816
321,0.685,5.18375,0.05704148783977111,0.2952789699570816
322,0.8375,5.18,0.059605150214592284,0.30672389127324756
323,0.815,5.18875,0.06308440629470673,0.32732474964234626
324,0.7275,5.1775,0.060612303290414886,0.3158798283261803
325,0.8925,5.1775,0.062077253218884125,0.32274678111587984
326,0.76,5.205,0.06940200286123034,0.35937052932761093
327,0.8925,5.2,0.07434620886981402,0.3868383404864092
328,0.7325,5.2125,0.07333905579399143,0.38226037195994284
329,0.75,5.1975,0.07645207439198856,0.3982832618025752
330,0.845,5.20125,0.07040915593705294,0.36852646638054365
331,0.86,5.20375,0.07169098712446352,0.37081545064377686
332,0.865,5.17625,0.057499284692417746,0.2952789699570816
333,0.6925,5.18125,0.0576824034334764,0.29985693848354794
334,0.685,5.18125,0.05704148783977111,0.2952789699570816
335,0.765,5.2025,0.059971387696709594,0.3113018597997139
336,0.7825,5.21125,0.06519027181688127,0.3410586552217454
337,0.7675,5.20875,0.064,0.3341917024320458
338,0.7625,5.19375,0.06564806866952791,0.3410586552217454
339,0.7175,5.1925,0.05978826895565094,0.3113018597997139
340,0.88,5.21,0.07333905579399143,0.38226037195994284
341,0.76,5.20875,0.06775393419170243,0.35250357653791137
342,0.9,5.2075,0.07498712446351932,0.3891273247496424
343,0.865,5.2025,0.07205722460658083,0.37539341917024327
344,0.6775,5.20875,0.07105007153075824,0.37081545064377686
345,0.81,5.18625,0.06747925608011446,0.34792560801144495
346,0.8425,5.20125,0.07022603719599428,0.3639484978540773
347,0.8625,5.17625,0.05795708154506438,0.29985693848354794
348,0.8125,5.19375,0.06775393419170243,0.35250357653791137
349,0.8225,5.20125,0.06857796852646639,0.3570815450643777
350,0.7975,5.1975,0.057499284692417746,0.29985693848354794
351,0.85,5.18375,0.0566752503576538,0.2929899856938484
352,0.685,5.1825,0.05704148783977111,0.2952789699570816
353,0.71,5.21125,0.06519027181688127,0.3410586552217454
354,0.7775,5.1925,0.07022603719599428,0.3639484978540773
355,1.57,5.14125,0.13083834048640916,0.6706723891273249
356,1.5625,5.15125,0.13834620886981402,0.7118741058655222
357,1.57,5.15625,0.12690128755364807,0.6523605150214593
358,1.51,5.17,0.12580257510729614,0.6477825464949929
359,0.7675,5.20625,0.06537339055793992,0.3410586552217454
360,0.725,5.21125,0.07462088698140201,0.3891273247496424
361,0.8825,5.19875,0.07352217453505008,0.38226037195994284
362,0.7475,5.20875,0.06775393419170243,0.35250357653791137
363,0.675,5.21,0.07333905579399143,0.38226037195994284
364,0.8075,5.21375,0.0672961373390558,0.35250357653791137
365,0.82,5.19375,0.0683032904148784,0.35250357653791137
366,0.68,5.20625,0.07233190271816882,0.37539341917024327
367,0.8175,5.1975,0.06812017167381974,0.35250357653791137
368,0.8725,5.2125,0.07269814020028613,0.3776824034334764
369,0.795,5.20125,0.06354220314735337,0.32961373390557946
370,0.835,5.19,0.069585121602289,0.35937052932761093
371,0.74,5.18,0.061711015736766815,0.3181688125894135
372,0.8225,5.1975,0.062077253218884125,0.32274678111587984
373,0.9125,5.2075,0.07608583690987125,0.3982832618025752
374,0.755,5.1875,0.06290128755364807,0.32732474964234626
375,0.8625,5.185,0.0566752503576538,0.2929899856938484
376,0.7025,5.1975,0.05850643776824035,0.30443490701001436
377,0.7225,5.1925,0.060246065808297576,0.3113018597997139
378,0.6775,5.21125,0.07123319027181689,0.37081545064377686
379,0.7725,5.2125,0.06436623748211731,0.3341917024320458
380,0.7775,5.21,0.06482403433476396,0.33648068669527903
381,0.76,5.1925,0.0672961373390558,0.34792560801144495
382,0.8575,5.20625,0.07141630901287555,0.37081545064377686
383,0.7675,5.21375,0.064,0.3341917024320458
384,0.8925,5.1775,0.06143633762517883,0.3181688125894135
385,0.7525,5.2,0.06271816881258942,0.32732474964234626
386,0.855,5.1925,0.07123319027181689,0.37081545064377686
387,0.7225,5.21,0.07544492131616595,0.3937052932761088
388,0.87,5.18125,0.06436623748211731,0.3341917024320458
389,0.68,5.18375,0.0566752503576538,0.2929899856938484
390,0.745,5.2075,0.06564806866952791,0.3410586552217454
391,0.705,5.21125,0.06711301859799715,0.34792560801144495
392,0.71,5.19875,0.05914735336194564,0.30672389127324756
393,0.695,5.2025,0.06940200286123034,0.35937052932761093
394,1.3525,5.16375,0.11499856938483549,0.5928469241773964
395,1.38,5.15625,0.11499856938483549,0.5928469241773964
396,1.6425,5.14,0.13935336194563663,0.7164520743919887
397,0.9875,5.16875,0.12186552217453506,0.6294706723891274
398,0.72,5.18125,0.059971387696709594,0.3113018597997139
399,0.885,5.18125,0.06876108726752504,0.3570815450643777
400,0.78,5.20375,0.06436623748211731,0.3341917024320458
401,0.9025,5.1975,0.07517024320457798,0.3891273247496424
402,0.715,5.185,0.059605150214592284,0.30672389127324756
403,0.8925,5.18,0.06335908440629472,0.32961373390557946
404,0.6925,5.2,0.0576824034334764,0.29985693848354794
405,0.6875,5.1975,0.05731616595135909,0.2952789699570816
406,0.8275,5.18125,0.061711015736766815,0.3181688125894135
407,0.8225,5.1975,0.06857796852646639,0.3570815450643777
408,0.865,5.205,0.07205722460658083,0.37539341917024327
409,0.8775,5.18125,0.056492131616595144,0.2929899856938484
410,0.74,5.185,0.061711015736766815,0.3181688125894135
411,0.8775,5.20875,0.07315593705293277,0.38226037195994284
412,0.885,5.18,0.05814020028612304,0.29985693848354794
413,0.7025,5.18125,0.05850643776824035,0.30443490701001436
414,0.8175,5.2025,0.06812017167381974,0.35250357653791137
415,0.8925,5.1825,0.059971387696709594,0.3113018597997139
416,0.79,5.205,0.06583118741058656,0.3410586552217454
417,0.9,5.20625,0.07498712446351932,0.3891273247496424
418,0.7925,5.2025,0.06354220314735337,0.32961373390557946
419,1.0075,5.1975,0.08395994277539343,0.4349070100143062
420,0.88,5.2125,0.07333905579399143,0.38226037195994284
421,0.7975,5.19,0.06354220314735337,0.32961373390557946
422,0.85,5.185,0.0566752503576538,0.2929899856938484
423,0.7375,5.185,0.06143633762517883,0.3181688125894135
424,0.715,5.2125,0.06583118741058656,0.3410586552217454
425,0.795,5.19375,0.05731616595135909,0.2952789699570816
426,0.71,5.1975,0.05914735336194564,0.30672389127324756
427,0.6775,5.20625,0.07233190271816882,0.37539341917024327
428,0.735,5.21,0.06107010014306152,0.3181688125894135
429,0.885,5.20875,0.07370529327610874,0.38226037195994284
430,0.87,5.18875,0.05978826895565094,0.3113018597997139
431,0.7225,5.21,0.07352217453505008,0.38226037195994284
432,0.795,5.1825,0.0662889842632332,0.34563662374821175
433,0.7425,5.20625,0.07370529327610874,0.38226037195994284
434,0.89,5.1875,0.07315593705293277,0.3776824034334764
435,0.835,5.2,0.069585121602289,0.35937052932761093
436,0.8875,5.17875,0.07397997138769671,0.3868383404864092
437,0.8125,5.18625,0.062077253218884125,0.32274678111587984
438,0.82,5.1975,0.0683032904148784,0.3570815450643777
439,0.8625,5.2075,0.07187410586552218,0.37539341917024327
440,0.865,5.18,0.05814020028612304,0.29985693848354794
441,0.695,5.18,0.05795708154506438,0.29985693848354794
442,0.74,5.18375,0.061711015736766815,0.3181688125894135
443,0.71,5.2075,0.06647210300429185,0.34563662374821175
444,0.7625,5.18,0.06354220314735337,0.32961373390557946
445,0.74,5.19625,0.061711015736766815,0.32274678111587984
446,0.9375,5.17625,0.059971387696709594,0.3113018597997139
447,0.9075,5.20125,0.07562804005722461,0.3937052932761088
448,0.7525,5.17875,0.06271816881258942,0.32732474964234626
449,0.845,5.18875,0.07141630901287555,0.37081545064377686
450,0.8375,5.20375,0.06976824034334765,0.3639484978540773
451,0.85,5.20125,0.07086695278969958,0.36852646638054365
452,0.8475,5.18125,0.05795708154506438,0.29985693848354794
453,0.7825,5.1825,0.06519027181688127,0.33648068669527903
454,0.9075,5.1975,0.07562804005722461,0.3937052932761088
455,0.86,5.1825,0.0576824034334764,0.29985693848354794
456,0.7,5.18375,0.05832331902718169,0.30443490701001436
457,0.765,5.18875,0.06372532188841203,0.32961373390557946
458,0.73,5.2075,0.06271816881258942,0.32732474964234626
459,0.77,5.20625,0.06583118741058656,0.3410586552217454
460,0.8725,5.21,0.07269814020028613,0.3776824034334764
461,0.8125,5.19875,0.06143633762517883,0.3181688125894135
462,0.72,5.20875,0.07562804005722461,0.3937052932761088
463,0.8175,5.17375,0.06812017167381974,0.35250357653791137
464,0.715,5.2075,0.07315593705293277,0.38226037195994284
465,0.7,5.21125,0.06354220314735337,0.32961373390557946
466,0.7175,5.2,0.05978826895565094,0.3113018597997139
467,0.785,5.19,0.06418311874105866,0.3341917024320458
468,0.75,5.1925,0.06601430615164522,0.3410586552217454
469,0.8375,5.2,0.06976824034334765,0.3639484978540773
470,0.8675,5.18,0.07233190271816882,0.29985693848354794
471,0.865,5.1825,0.05850643776824035,0.30443490701001436
472,0.73,5.19375,0.06079542203147354,0.3158798283261803
473,0.6925,5.18,0.0576824034334764,0.29985693848354794
474,1.355,5.14875,0.10190557939914165,0.5241773962804006
475,0.89,5.21,0.07416309012875537,0.3868383404864092
476,0.82,5.18625,0.0683032904148784,0.35250357653791137
477,0.745,5.21,0.07233190271816882,0.37539341917024327
478,0.8025,5.18625,0.06683834048640916,0.34563662374821175
479,0.7575,5.185,0.06308440629470673,0.32732474964234626
480,0.7675,5.19125,0.06876108726752504,0.3570815450643777
481,0.7825,5.185,0.06519027181688127,0.33648068669527903
482,0.8,5.1875,0.0666552217453505,0.34563662374821175
483,0.8,5.1975,0.061711015736766815,0.32274678111587984
484,0.8075,5.21375,0.0672961373390558,0.35250357653791137
485,0.7025,5.20625,0.05850643776824035,0.30443490701001436
486,0.6925,5.205,0.07288125894134478,0.3776824034334764
487,0.7775,5.21125,0.06482403433476396,0.33648068669527903
488,0.83,5.2125,0.06912732474964235,0.35937052932761093
489,0.8325,5.195,0.06335908440629472,0.32961373390557946
490,0.9,5.2,0.07498712446351932,0.3891273247496424
491,0.7225,5.18,0.060246065808297576,0.3113018597997139
492,0.7175,5.20875,0.07498712446351932,0.3891273247496424
493,0.84,5.18375,0.0662889842632332,0.34563662374821175
494,0.785,5.1775,0.06537339055793992,0.33648068669527903
495,0.7575,5.21,0.06354220314735337,0.32961373390557946
496,0.7075,5.2125,0.06976824034334765,0.3639484978540773
497,0.6775,5.1975,0.056492131616595144,0.2929899856938484
498,0.68,5.205,0.07123319027181689,0.37081545064377686
499,0.69,5.2125,0.069585121602289,0.3639484978540773
500,0.7625,5.20875,0.06354220314735337,0.32961373390557946
501,0.69,5.20125,0.07086695278969958,0.36852646638054365
502,0.6925,5.2125,0.0683032904148784,0.3570815450643777
503,0.695,5.20125,0.05795708154506438,0.29985693848354794
504,0.895,5.17625,0.06354220314735337,0.32961373390557946
505,0.8375,5.195,0.06042918454935623,0.3158798283261803
506,0.88,5.21,0.07333905579399143,0.38226037195994284
507,0.9325,5.2025,0.07773390557939915,0.40515021459227474
508,0.8425,5.19125,0.059971387696709594,0.3113018597997139
509,0.875,5.20875,0.07288125894134478,0.3776824034334764
510,0.76,5.21125,0.06335908440629472,0.32961373390557946
511,0.6775,5.21,0.07169098712446352,0.37539341917024327
512,0.8525,5.21125,0.07105007153075824,0.37081545064377686
513,0.75,5.20875,0.06253505007153076,0.32732474964234626
514,0.685,5.21125,0.07004291845493563,0.3639484978540773
515,0.8275,5.2125,0.0689442060085837,0.35937052932761093
516,0.8025,5.21,0.06683834048640916,0.34792560801144495
517,0.8025,5.1825,0.064,0.32961373390557946
518,0.805,5.19625,0.06711301859799715,0.34792560801144495
519,0.725,5.1775,0.06042918454935623,0.3113018597997139
520,0.795,5.19125,0.07022603719599428,0.3639484978540773
521,0.7475,5.18875,0.06226037195994278,0.32274678111587984
522,1.06,5.205,0.08835479256080116,0.46237482117310447
523,0.7525,5.2075,0.06711301859799715,0.34792560801144495
524,0.8975,5.20875,0.07480400572246067,0.3891273247496424
525,0.865,5.20875,0.07205722460658083,0.37539341917024327
526,0.8475,5.1825,0.059971387696709594,0.3113018597997139
527,0.8525,5.17875,0.06290128755364807,0.32732474964234626
528,0.7775,5.19125,0.06482403433476396,0.33648068669527903
529,0.845,5.1875,0.05603433476394851,0.2929899856938484
530,0.84,5.18625,0.056492131616595144,0.2929899856938484
531,0.6775,5.1875,0.056492131616595144,0.2929899856938484
532,0.735,5.20625,0.061711015736766815,0.32274678111587984
533,0.72,5.21,0.06226037195994278,0.32274678111587984
534,0.92,5.20875,0.07663519313304722,0.3982832618025752
535,0.75,5.20875,0.06857796852646639,0.3570815450643777
536,0.83,5.18375,0.06940200286123034,0.35937052932761093
537,0.8,5.1725,0.0666552217453505,0.34563662374821175
538,0.7625,5.195,0.07288125894134478,0.3776824034334764
539,0.9025,5.18,0.06079542203147354,0.3158798283261803
540,0.675,5.18875,0.05621745350500716,0.2929899856938484
541,0.7125,5.21,0.059330472103004295,0.30672389127324756
542,0.8325,5.19,0.05621745350500716,0.2929899856938484
543,0.68,5.195,0.0566752503576538,0.2952789699570816
544,0.7175,5.20375,0.05978826895565094,0.3113018597997139
545,0.68,5.20875,0.07169098712446352,0.37539341917024327
546,0.875,5.21,0.07288125894134478,0.3776824034334764
547,0.89,5.2075,0.07416309012875537,0.3868383404864092
548,0.82,5.19125,0.056492131616595144,0.2929899856938484
549,0.855,5.19875,0.07123319027181689,0.37081545064377686
550,0.805,5.21,0.06711301859799715,0.34792560801144495
551,0.915,5.17625,0.06271816881258942,0.32732474964234626
552,0.7175,5.18,0.05978826895565094,0.3113018597997139
553,0.7475,5.20375,0.06226037195994278,0.32274678111587984
554,0.975,5.1725,0.061711015736766815,0.3181688125894135
555,0.69,5.18125,0.057499284692417746,0.2952789699570816
556,0.6925,5.18,0.0576824034334764,0.29985693848354794
557,0.77,5.2,0.05878111587982833,0.30672389127324756
558,0.7425,5.2075,0.06189413447782547,0.32274678111587984
559,0.75,5.19625,0.06253505007153076,0.32732474964234626
560,0.6725,5.20875,0.07022603719599428,0.36852646638054365
561,0.8775,5.21125,0.07315593705293277,0.38226037195994284
562,0.75,5.20875,0.06253505007153076,0.32732474964234626
563,0.73,5.19625,0.06876108726752504,0.3570815450643777
564,0.945,5.18,0.06601430615164522,0.3410586552217454
565,0.8475,5.2075,0.07059227467811159,0.36852646638054365
566,0.915,5.17875,0.06143633762517883,0.3181688125894135
567,0.7625,5.20625,0.06519027181688127,0.33648068669527903
568,0.88,5.20625,0.07333905579399143,0.38226037195994284
569,0.8675,5.1925,0.06125321888412018,0.3181688125894135
570,0.8625,5.18,0.05795708154506438,0.29985693848354794
571,0.7875,5.19125,0.06564806866952791,0.3410586552217454
572,1.2425,5.17,0.09915879828326181,0.5127324749642347
573,0.7025,5.21125,0.06482403433476396,0.33648068669527903
574,0.6825,5.1975,0.056858369098712454,0.2952789699570816
575,0.69,5.21125,0.057499284692417746,0.37081545064377686
576,0.6925,5.2125,0.0689442060085837,0.35937052932761093
577,0.7375,5.19125,0.06143633762517883,0.3181688125894135
578,0.84,5.21375,0.07004291845493563,0.3639484978540773
579,0.965,5.1725,0.06500715307582261,0.33648068669527903
580,0.9425,5.20875,0.0785579399141631,0.4097281831187411
581,0.855,5.19375,0.07123319027181689,0.37081545064377686
582,0.735,5.2,0.07370529327610874,0.38226037195994284
583,0.82,5.18875,0.0683032904148784,0.3570815450643777
584,0.7275,5.19125,0.060612303290414886,0.3158798283261803
585,0.7175,5.19875,0.06812017167381974,0.35250357653791137
586,0.8325,5.21,0.06940200286123034,0.35937052932761093
587,0.7975,5.2125,0.06647210300429185,0.34563662374821175
588,0.78,5.19125,0.064,0.3341917024320458
589,0.8425,5.2,0.07022603719599428,0.3639484978540773
590,0.8725,5.21,0.07269814020028613,0.3776824034334764
591,0.7525,5.19125,0.06354220314735337,0.32961373390557946
592,0.8075,5.195,0.0672961373390558,0.34792560801144495
593,0.8425,5.21125,0.07022603719599428,0.36852646638054365
594,1.305,5.14375,0.10163090128755366,0.5218884120171675
595,0.93,5.2025,0.07745922746781117,0.4005722460658083
596,0.78,5.1775,0.06500715307582261,0.33648068669527903
597,0.7225,5.2,0.07370529327610874,0.38226037195994284
598,0.9,5.1775,0.06042918454935623,0.3113018597997139
599,0.7175,5.19,0.05978826895565094,0.3113018597997139
600,0.6725,5.2075,0.07251502145922747,0.3776824034334764
601,0.705,5.2125,0.06418311874105866,0.3341917024320458
602,0.7375,5.20875,0.06143633762517883,0.3181688125894135
603,0.7675,5.1925,0.06564806866952791,0.3410586552217454
604,0.815,5.1875,0.064,0.3341917024320458
605,0.7725,5.19,0.06436623748211731,0.3341917024320458
606,0.87,5.18125,0.05731616595135909,0.2952789699570816
607,0.795,5.185,0.061711015736766815,0.3181688125894135
608,0.7225,5.18875,0.060246065808297576,0.3113018597997139
609,1.3575,5.145,0.10794849785407726,0.5539341917024321
610,0.8125,5.2,0.06226037195994278,0.32274678111587984
611,0.9225,5.19375,0.0769098712446352,0.4005722460658083
612,0.72,5.1925,0.059971387696709594,0.3113018597997139
613,0.815,5.185,0.06647210300429185,0.34563662374821175
614,0.715,5.1875,0.059605150214592284,0.30672389127324756
615,0.7,5.19875,0.05832331902718169,0.30443490701001436
616,0.715,5.19875,0.07141630901287555,0.37081545064377686
617,0.875,5.21125,0.07288125894134478,0.3776824034334764
618,0.98,5.19875,0.08167095851216023,0.4234620886981402
619,0.7875,5.19875,0.058964234620886985,0.30672389127324756
620,0.725,5.2025,0.06042918454935623,0.3158798283261803
621,1.1575,5.15375,0.0965035765379113,0.4989985693848355
622,0.84,5.18875,0.07269814020028613,0.3776824034334764
623,0.775,5.19,0.06454935622317597,0.3341917024320458
624,1.1275,5.1575,0.09393991416309014,0.4829756795422032
625,0.7175,5.2025,0.07352217453505008,0.38226037195994284
626,0.7175,5.19,0.05978826895565094,0.3113018597997139
627,0.915,5.20125,0.0762689556509299,0.3982832618025752
628,0.7725,5.21,0.07105007153075824,0.37081545064377686
629,0.8625,5.19375,0.07187410586552218,0.37539341917024327
630,0.9025,5.2,0.07517024320457798,0.3891273247496424
631,0.855,5.18375,0.05704148783977111,0.2952789699570816
632,0.695,5.18125,0.05795708154506438,0.29985693848354794
633,0.7325,5.185,0.06107010014306152,0.3158798283261803
634,0.8625,5.1825,0.05704148783977111,0.2952789699570816
635,0.8425,5.185,0.0566752503576538,0.2929899856938484
636,0.6775,5.195,0.056492131616595144,0.2929899856938484
637,0.6775,5.205,0.07169098712446352,0.37081545064377686
638,0.6925,5.21375,0.06876108726752504,0.35937052932761093
639,1.0375,5.18875,0.08643204577968527,0.45092989985693854
640,0.7575,5.20875,0.07040915593705294,0.36852646638054365
641,0.8375,5.18375,0.06500715307582261,0.33648068669527903
642,0.7175,5.18125,0.05978826895565094,0.3113018597997139
643,0.755,5.1975,0.07352217453505008,0.38226037195994284
644,0.8775,5.17875,0.06537339055793992,0.33648068669527903
645,0.825,5.1975,0.06876108726752504,0.3570815450643777
646,0.83,5.1875,0.06912732474964235,0.2929899856938484
647,0.8675,5.17875,0.05795708154506438,0.29985693848354794
648,0.695,5.18,0.05795708154506438,0.29985693848354794
649,0.725,5.18375,0.06042918454935623,0.3158798283261803
650,0.8225,5.1925,0.056492131616595144,0.2929899856938484
651,0.685,5.1825,0.05704148783977111,0.2952789699570816
652,0.7375,5.185,0.06143633762517883,0.3181688125894135
653,0.865,5.1825,0.05850643776824035,0.30443490701001436
654,0.865,5.16625,0.07205722460658083,0.37081545064377686
655,0.7325,5.17875,0.06107010014306152,0.3158798283261803
656,0.8875,5.17875,0.06290128755364807,0.32732474964234626
657,0.8175,5.2,0.06812017167381974,0.35250357653791137
658,0.9,5.21,0.07498712446351932,0.3891273247496424
659,0.825,5.195,0.060612303290414886,0.3158798283261803
660,0.83,5.2125,0.06912732474964235,0.35937052932761093
661,0.8325,5.21125,0.06940200286123034,0.35937052932761093
662,0.8125,5.19,0.06601430615164522,0.3410586552217454
663,0.805,5.19125,0.06711301859799715,0.34792560801144495
664,0.865,5.1975,0.07205722460658083,0.37539341917024327
665,0.7625,5.205,0.059330472103004295,0.30672389127324756
666,0.6775,5.18875,0.056492131616595144,0.2929899856938484
667,0.6725,5.18875,0.05603433476394851,0.2929899856938484
668,0.7075,5.2125,0.06436623748211731,0.3341917024320458
669,0.875,5.19125,0.06647210300429185,0.34563662374821175
670,0.84,5.19,0.07004291845493563,0.3639484978540773
671,0.73,5.2025,0.0762689556509299,0.3982832618025752
672,0.96,5.17625,0.06436623748211731,0.3341917024320458
673,0.8975,5.21,0.07480400572246067,0.3891273247496424
674,0.7325,5.21125,0.07059227467811159,0.36852646638054365
675,0.6775,5.21,0.07205722460658083,0.37539341917024327
676,0.84,5.20125,0.07004291845493563,0.3639484978540773
677,0.87,5.18125,0.057499284692417746,0.2952789699570816
678,0.8425,5.18375,0.059330472103004295,0.30672389127324756
679,0.695,5.18,0.05795708154506438,0.29985693848354794
680,0.765,5.2025,0.06372532188841203,0.30443490701001436
681,0.815,5.18875,0.056492131616595144,0.2929899856938484
682,0.68,5.185,0.0566752503576538,0.2929899856938484
683,0.7,5.18125,0.05832331902718169,0.30443490701001436
684,0.91,5.19375,0.07022603719599428,0.3639484978540773
685,0.81,5.1875,0.06747925608011446,0.34792560801144495
686,0.7275,5.17875,0.060612303290414886,0.3158798283261803
687,0.7425,5.1975,0.07333905579399143,0.38226037195994284
688,0.7125,5.18875,0.059330472103004295,0.30672389127324756
689,0.94,5.2075,0.07837482117310444,0.4097281831187411
690,0.8575,5.185,0.056492131616595144,0.2929899856938484
691,0.68,5.18375,0.0566752503576538,0.2929899856938484
692,0.74,5.185,0.061711015736766815,0.3181688125894135
693,0.76,5.20125,0.059605150214592284,0.3113018597997139
694,0.7025,5.17875,0.05850643776824035,0.30443490701001436
695,0.855,5.20875,0.07123319027181689,0.37081545064377686
696,0.7375,5.195,0.06683834048640916,0.34792560801144495
697,0.8175,5.2125,0.06812017167381974,0.3570815450643777
698,0.6925,5.1975,0.0576824034334764,0.29985693848354794
699,0.9275,5.18125,0.08624892703862662,0.44635193133047213
700,0.7225,5.19375,0.060246065808297576,0.3113018597997139
701,0.905,5.20625,0.07544492131616595,0.3937052932761088
702,0.7225,5.205,0.07416309012875537,0.3868383404864092
703,0.9025,5.18125,0.060246065808297576,0.3113018597997139
704,0.71,5.1925,0.05914735336194564,0.30672389127324756
705,0.8075,5.18625,0.06271816881258942,0.32732474964234626
706,0.785,5.18875,0.06564806866952791,0.3410586552217454
707,0.7775,5.1875,0.06482403433476396,0.33648068669527903
708,0.785,5.19875,0.05878111587982833,0.30443490701001436
709,0.845,5.19125,0.059330472103004295,0.30672389127324756
710,0.86,5.21125,0.07169098712446352,0.37539341917024327
711,0.88,5.18,0.05832331902718169,0.30443490701001436
712,0.835,5.18375,0.061711015736766815,0.3181688125894135
713,0.7675,5.18625,0.064,0.3341917024320458
714,1.0325,5.19,0.069585121602289,0.35937052932761093
715,0.86,5.1875,0.059971387696709594,0.3113018597997139
716,0.855,5.21,0.07123319027181689,0.37081545064377686
717,0.83,5.19125,0.06912732474964235,0.35937052932761093
718,0.7425,5.21,0.06940200286123034,0.35937052932761093
719,0.8275,5.19,0.0689442060085837,0.3570815450643777
720,0.795,5.19375,0.0662889842632332,0.34563662374821175
721,0.87,5.18,0.05832331902718169,0.30443490701001436
722,0.7475,5.18625,0.06226037195994278,0.32274678111587984
723,0.8725,5.21125,0.07269814020028613,0.3776824034334764
724,0.7225,5.1975,0.06940200286123034,0.35937052932761093
725,0.845,5.2025,0.07040915593705294,0.36852646638054365
726,0.83,5.1975,0.06912732474964235,0.35937052932761093
727,0.8025,5.19375,0.05621745350500716,0.2929899856938484
728,0.7225,5.2025,0.060246065808297576,0.3158798283261803
729,0.94,5.20125,0.07837482117310444,0.4097281831187411
730,0.7425,5.2075,0.07123319027181689,0.37081545064377686
731,0.8625,5.195,0.07187410586552218,0.37539341917024327
732,0.755,5.2025,0.06290128755364807,0.32732474964234626
733,0.8925,5.18125,0.06335908440629472,0.32961373390557946
734,0.755,5.20125,0.06290128755364807,0.32732474964234626
735,0.8375,5.2125,0.06976824034334765,0.3639484978540773
736,0.7525,5.1925,0.06711301859799715,0.34792560801144495
737,0.6975,5.20375,0.07022603719599428,0.3639484978540773
738,0.83,5.21375,0.06912732474964235,0.35937052932761093
739,0.7575,5.19125,0.06519027181688127,0.33648068669527903
740,0.8525,5.18125,0.05814020028612304,0.29985693848354794
741,0.69,5.17875,0.057499284692417746,0.2952789699570816
742,0.75,5.20625,0.06226037195994278,0.32274678111587984
743,0.8275,5.19,0.05621745350500716,0.2929899856938484
744,0.8775,5.18,0.07315593705293277,0.3776824034334764
745,0.92,5.1775,0.06079542203147354,0.3158798283261803
746,0.7675,5.205,0.06454935622317597,0.33648068669527903
747,0.875,5.2,0.07288125894134478,0.3776824034334764
748,0.715,5.2075,0.07517024320457798,0.3891273247496424
749,0.775,5.1925,0.07059227467811159,0.36852646638054365
750,0.7925,5.19625,0.06601430615164522,0.3410586552217454
751,0.8525,5.18375,0.07105007153075824,0.37081545064377686
752,0.705,5.19875,0.0683032904148784,0.3570815450643777
753,0.87,5.205,0.07251502145922747,0.3776824034334764
754,0.86,5.20375,0.07169098712446352,0.37081545064377686
755,0.8525,5.18,0.05878111587982833,0.30443490701001436
756,0.765,5.19,0.06372532188841203,0.32961373390557946
757,0.84,5.2,0.07004291845493563,0.3639484978540773
758,0.8775,5.185,0.05704148783977111,0.2952789699570816
759,0.93,5.17625,0.07745922746781117,0.4005722460658083
760,0.855,5.21125,0.07123319027181689,0.37081545064377686
761,0.91,5.1775,0.06107010014306152,0.3158798283261803
762,0.7425,5.2,0.06189413447782547,0.32274678111587984
763,0.9075,5.2075,0.07562804005722461,0.3937052932761088
764,0.7975,5.2,0.06271816881258942,0.32732474964234626
765,0.7325,5.21,0.06107010014306152,0.3181688125894135
766,0.8525,5.2125,0.07105007153075824,0.37081545064377686
767,0.8575,5.18125,0.05850643776824035,0.30443490701001436
768,0.7,5.17875,0.05832331902718169,0.30443490701001436
769,0.7,5.18125,0.05832331902718169,0.30443490701001436
770,0.6875,5.2025,0.07105007153075824,0.37081545064377686
771,0.865,5.2125,0.07205722460658083,0.37539341917024327
772,0.8475,5.2125,0.07059227467811159,0.36852646638054365
773,0.88,5.18125,0.056858369098712454,0.2952789699570816
774,1.08,5.17,0.07123319027181689,0.36852646638054365
775,0.8625,5.21125,0.07187410586552218,0.37539341917024327
776,0.7875,5.20375,0.064,0.3341917024320458
777,0.72,5.20625,0.07462088698140201,0.3891273247496424
778,0.785,5.1825,0.06537339055793992,0.33648068669527903
779,0.74,5.20875,0.0683032904148784,0.3570815450643777
780,0.745,5.18875,0.07105007153075824,0.36852646638054365
781,0.8675,5.205,0.07233190271816882,0.37539341917024327
782,0.82,5.18625,0.060612303290414886,0.3158798283261803
783,0.7925,5.18875,0.06308440629470673,0.32732474964234626
784,0.7925,5.1925,0.06601430615164522,0.3410586552217454
785,0.84,5.18625,0.07004291845493563,0.2929899856938484
786,0.835,5.18125,0.060246065808297576,0.3113018597997139
787,0.8675,5.20875,0.07233190271816882,0.37539341917024327
788,0.86,5.20875,0.07169098712446352,0.37539341917024327
789,0.9925,5.17875,0.05978826895565094,0.3113018597997139
790,0.93,5.19375,0.07745922746781117,0.4005722460658083
791,0.715,5.185,0.059605150214592284,0.30672389127324756
792,0.8925,5.18,0.064,0.32961373390557946
793,0.7325,5.17875,0.06107010014306152,0.3158798283261803
794,0.8225,5.20875,0.06857796852646639,0.3570815450643777
795,0.845,5.18625,0.056492131616595144,0.2929899856938484
796,0.6775,5.185,0.056492131616595144,0.2929899856938484
797,0.6875,5.18125,0.05731616595135909,0.2952789699570816
798,0.735,5.20375,0.06143633762517883,0.3181688125894135
799,0.755,5.20875,0.06290128755364807,0.32732474964234626
800,0.73,5.2075,0.06079542203147354,0.3158798283261803
801,0.6825,5.20375,0.07123319027181689,0.37081545064377686
802,0.865,5.21,0.07205722460658083,0.37539341917024327
803,0.855,5.21,0.07123319027181689,0.37081545064377686
804,0.93,5.18375,0.06418311874105866,0.3341917024320458
805,0.72,5.1825,0.059971387696709594,0.3113018597997139
806,0.9375,5.21,0.07810014306151646,0.40515021459227474
807,0.8,5.20125,0.06271816881258942,0.32732474964234626
808,0.72,5.20125,0.07480400572246067,0.3891273247496424
809,0.825,5.1875,0.06876108726752504,0.3570815450643777
810,0.685,5.2125,0.07105007153075824,0.37081545064377686
811,0.705,5.2125,0.0672961373390558,0.35250357653791137
812,0.825,5.2125,0.06876108726752504,0.35937052932761093
813,0.8125,5.185,0.06079542203147354,0.3158798283261803
814,0.8625,5.18125,0.059971387696709594,0.3113018597997139
815,0.805,5.195,0.06711301859799715,0.34792560801144495
816,0.8575,5.18,0.05850643776824035,0.30443490701001436
817,0.72,5.195,0.06564806866952791,0.3410586552217454
818,0.78,5.19,0.06500715307582261,0.33648068669527903
819,0.88,5.18375,0.05850643776824035,0.30443490701001436
820,0.9,5.18,0.06271816881258942,0.32732474964234626
821,0.7925,5.2075,0.06601430615164522,0.34563662374821175
822,0.8675,5.195,0.07233190271816882,0.37539341917024327
823,0.725,5.21125,0.07416309012875537,0.3868383404864092
824,0.86,5.19375,0.07169098712446352,0.37081545064377686
825,0.85,5.19875,0.07086695278969958,0.36852646638054365
826,0.84,5.18625,0.056492131616595144,0.2929899856938484
827,0.675,5.1875,0.05621745350500716,0.2929899856938484
828,0.675,5.18375,0.05621745350500716,0.2929899856938484
829,0.71,5.21375,0.06647210300429185,0.34563662374821175
830,0.73,5.20625,0.06079542203147354,0.3158798283261803
831,0.68,5.19625,0.0566752503576538,0.2952789699570816
832,0.6725,5.21125,0.07187410586552218,0.37539341917024327
833,0.735,5.20625,0.06125321888412018,0.3181688125894135
834,0.745,5.1975,0.062077253218884125,0.32274678111587984
835,0.7325,5.19625,0.07544492131616595,0.3937052932761088
836,0.765,5.18,0.06372532188841203,0.32961373390557946
837,0.725,5.195,0.06042918454935623,0.3158798283261803
838,0.93,5.17625,0.06143633762517883,0.3181688125894135
839,0.725,5.195,0.06042918454935623,0.3158798283261803
840,0.8025,5.2125,0.06683834048640916,0.34792560801144495
841,0.7575,5.19125,0.064,0.3341917024320458
842,0.865,5.20375,0.07205722460658083,0.37539341917024327
843,0.855,5.2025,0.07123319027181689,0.37081545064377686
844,0.8625,5.18125,0.056858369098712454,0.2952789699570816
845,0.86,5.18,0.058964234620886985,0.30443490701001436
846,0.735,5.18375,0.06125321888412018,0.3181688125894135
847,0.6925,5.21375,0.06857796852646639,0.3570815450643777
848,0.7025,5.21125,0.06537339055793992,0.3410586552217454
849,0.81,5.2075,0.06747925608011446,0.35250357653791137
850,0.7975,5.20125,0.06253505007153076,0.32732474964234626
851,0.7725,5.1925,0.06940200286123034,0.35937052932761093
852,0.755,5.17875,0.06290128755364807,0.32732474964234626
853,0.7075,5.205,0.07608583690987125,0.3982832618025752
854,0.8425,5.18375,0.06564806866952791,0.3410586552217454
855,0.7425,5.18375,0.06189413447782547,0.32274678111587984
856,0.7,5.2125,0.05832331902718169,0.3410586552217454
857,0.8175,5.1925,0.0566752503576538,0.2929899856938484
858,0.695,5.2,0.05795708154506438,0.29985693848354794
859,0.6725,5.18875,0.05603433476394851,0.2929899856938484
860,0.86,5.18375,0.06107010014306152,0.3158798283261803
861,0.815,5.19,0.06793705293276109,0.35250357653791137
862,0.8275,5.19875,0.0689442060085837,0.35937052932761093
863,0.8775,5.18125,0.05850643776824035,0.30443490701001436
864,0.685,5.17875,0.05704148783977111,0.2952789699570816
865,0.96,5.20625,0.08002288984263234,0.41659513590844066
866,0.72,5.21125,0.07498712446351932,0.3891273247496424
867,0.905,5.20625,0.07544492131616595,0.3937052932761088
868,0.7625,5.18,0.06354220314735337,0.32961373390557946
869,0.7575,5.1975,0.07333905579399143,0.38226037195994284
870,0.9125,5.1975,0.07608583690987125,0.3937052932761088
871,0.91,5.19125,0.07581115879828328,0.3937052932761088
872,0.835,5.1875,0.05621745350500716,0.2929899856938484
873,0.6925,5.2025,0.0576824034334764,0.29985693848354794
874,0.7,5.19875,0.05832331902718169,0.30443490701001436
875,0.68,5.21125,0.07105007153075824,0.37081545064377686
876,0.7725,5.2125,0.06436623748211731,0.3341917024320458
877,0.7175,5.20625,0.05978826895565094,0.3113018597997139
878,0.68,5.21125,0.07086695278969958,0.36852646638054365
879,0.675,5.21,0.07040915593705294,0.36852646638054365
880,0.7175,5.18375,0.05978826895565094,0.3113018597997139
881,0.8325,5.19125,0.069585121602289,0.35937052932761093
882,0.8925,5.18,0.062077253218884125,0.32274678111587984
883,0.765,5.2025,0.06372532188841203,0.32961373390557946
884,0.8625,5.185,0.05978826895565094,0.3113018597997139
885,0.765,5.20125,0.059605150214592284,0.3113018597997139
886,0.685,5.19875,0.05704148783977111,0.2952789699570816
887,0.7075,5.2,0.06976824034334765,0.3639484978540773
888,0.7175,5.1975,0.069585121602289,0.35937052932761093
889,0.83,5.2,0.06912732474964235,0.35937052932761093
890,0.88,5.17875,0.05731616595135909,0.2952789699570816
891,0.8075,5.18625,0.06189413447782547,0.32274678111587984
892,0.77,5.19,0.06418311874105866,0.3341917024320458
893,0.735,5.185,0.06125321888412018,0.3181688125894135
894,0.865,5.17875,0.05731616595135909,0.2952789699570816
895,0.915,5.20625,0.0762689556509299,0.3982832618025752
896,0.75,5.17875,0.06253505007153076,0.32274678111587984
897,0.7225,5.20875,0.07251502145922747,0.3776824034334764
898,0.81,5.185,0.06747925608011446,0.34792560801144495
899,0.73,5.1775,0.06079542203147354,0.3158798283261803
900,0.6775,5.20625,0.07315593705293277,0.38226037195994284
901,0.87,5.2125,0.07251502145922747,0.3776824034334764
902,0.78,5.21125,0.06500715307582261,0.33648068669527903
903,0.705,5.2,0.06912732474964235,0.35937052932761093
904,0.8425,5.21375,0.07022603719599428,0.36852646638054365
905,0.855,5.21375,0.07123319027181689,0.37081545064377686
906,0.8575,5.18375,0.05704148783977111,0.2952789699570816
907,0.6875,5.18125,0.05731616595135909,0.2952789699570816
908,0.7,5.18125,0.05832331902718169,0.30443490701001436
909,0.7325,5.20875,0.05978826895565094,0.3113018597997139
910,0.9175,5.19125,0.07645207439198856,0.3982832618025752
911,0.7575,5.18,0.06308440629470673,0.32732474964234626
912,0.7725,5.19375,0.07333905579399143,0.38226037195994284
913,0.89,5.17875,0.06564806866952791,0.3410586552217454
914,0.76,5.20375,0.06335908440629472,0.32961373390557946
915,0.8375,5.1825,0.06042918454935623,0.3158798283261803
916,0.8025,5.185,0.0672961373390558,0.34792560801144495
917,0.7625,5.18875,0.06354220314735337,0.32961373390557946
918,0.84,5.18625,0.0566752503576538,0.2929899856938484
919,0.86,5.1825,0.05731616595135909,0.2952789699570816
920,0.6725,5.18625,0.05603433476394851,0.288412017167382
921,0.7225,5.2075,0.062077253218884125,0.32274678111587984
922,0.8575,5.195,0.05832331902718169,0.30443490701001436
923,0.84,5.20125,0.07004291845493563,0.3639484978540773
924,0.8525,5.17875,0.0576824034334764,0.29985693848354794
925,0.895,5.18125,0.059605150214592284,0.30672389127324756
926,0.895,5.2,0.07462088698140201,0.3868383404864092
927,0.725,5.21,0.06042918454935623,0.3113018597997139
928,0.7975,5.19125,0.07086695278969958,0.36852646638054365
929,0.72,5.18375,0.059971387696709594,0.3113018597997139
930,0.6725,5.1875,0.05603433476394851,0.2929899856938484
931,0.6925,5.21375,0.06940200286123034,0.35937052932761093
932,0.685,5.195,0.05704148783977111,0.2952789699570816
933,0.7075,5.2025,0.058964234620886985,0.30672389127324756
934,0.685,5.21375,0.07040915593705294,0.36852646638054365
935,0.7625,5.21,0.06354220314735337,0.32961373390557946
936,0.84,5.21375,0.07004291845493563,0.3639484978540773
937,0.79,5.1875,0.06335908440629472,0.32961373390557946
938,0.82,5.1975,0.0683032904148784,0.3570815450643777
939,0.785,5.1925,0.06537339055793992,0.3410586552217454
940,0.74,5.1975,0.07645207439198856,0.3982832618025752
941,0.715,5.18625,0.059605150214592284,0.30672389127324756
942,0.9275,5.20875,0.07727610872675252,0.4005722460658083
943,0.82,5.19625,0.060612303290414886,0.3158798283261803
944,0.8925,5.20875,0.07434620886981402,0.3868383404864092
945,0.8575,5.20875,0.07141630901287555,0.37081545064377686
946,0.85,5.18625,0.0566752503576538,0.2929899856938484
947,0.7025,5.18,0.05850643776824035,0.30443490701001436
948,0.8325,5.2,0.06940200286123034,0.35937052932761093
949,0.83,5.19,0.056492131616595144,0.2929899856938484
950,0.8575,5.1825,0.0566752503576538,0.2929899856938484
951,0.8525,5.20375,0.07105007153075824,0.37081545064377686
952,0.8825,5.1775,0.05978826895565094,0.3113018597997139
953,0.8025,5.18625,0.06189413447782547,0.32274678111587984
954,0.905,5.20125,0.07544492131616595,0.3937052932761088
955,0.7825,5.1975,0.0762689556509299,0.3982832618025752
956,0.81,5.19875,0.061711015736766815,0.32274678111587984
957,0.8875,5.21125,0.07397997138769671,0.3868383404864092
958,0.905,5.1775,0.06125321888412018,0.3181688125894135
959,0.82,5.19625,0.06125321888412018,0.3181688125894135
960,0.855,5.2025,0.07123319027181689,0.37081545064377686
961,0.86,5.18,0.07169098712446352,0.2952789699570816
962,0.8725,5.1825,0.05832331902718169,0.30443490701001436
963,0.68,5.185,0.0566752503576538,0.2929899856938484
964,0.6775,5.18625,0.056492131616595144,0.2929899856938484
965,0.72,5.21,0.06912732474964235,0.35937052932761093
966,0.8975,5.20875,0.07480400572246067,0.3891273247496424
967,0.8875,5.2,0.07397997138769671,0.3868383404864092
968,0.745,5.20875,0.06976824034334765,0.3639484978540773
969,0.875,5.19625,0.07288125894134478,0.3776824034334764
970,0.73,5.17875,0.06079542203147354,0.3158798283261803
971,0.75,5.1975,0.07352217453505008,0.38226037195994284
972,0.73,5.1775,0.06079542203147354,0.3158798283261803
973,1.015,5.2,0.08460085836909872,0.4394849785407726
974,0.725,5.21125,0.07251502145922747,0.3776824034334764
975,1.65,5.13625,0.13752217453505008,0.7050071530758227
976,1.515,5.1525,0.1262603719599428,0.6477825464949929
977,1.6175,5.1375,0.12003433476394851,0.6157367668097282
978,1.99,5.09875,0.1658140200286123,0.8446351931330472
979,2.315,5.0975,0.1929155937052933,0.9819742489270388
980,2.3425,5.09625,0.1945636623748212,0.9911301859799715
981,2.34,5.09625,0.19502145922746783,0.9934191702432047
982,2.3325,5.09875,0.19438054363376253,0.9911301859799715
983,2.3275,5.09625,0.19273247496423465,0.9819742489270388
984,2.33,5.0975,0.1941974248927039,0.9911301859799715
985,2.315,5.0975,0.1929155937052933,0.9819742489270388
986,2.3225,5.0975,0.1912675250357654,0.9751072961373392
987,2.3325,5.09375,0.1929155937052933,0.9819742489270388
988,2.33,5.09625,0.1941974248927039,0.9911301859799715
989,2.3625,5.09625,0.1929155937052933,0.9819742489270388
990,2.3275,5.0975,0.1945636623748212,0.9911301859799715
991,2.335,5.09625,0.1945636623748212,0.9911301859799715
992,2.315,5.1,0.19190844062947068,0.9796852646638056
993,2.315,5.0975,0.19438054363376253,0.9911301859799715
994,2.325,5.09625,0.19373962804005723,0.9865522174535051
995,2.3925,5.09625,0.19941630901287555,0.9796852646638056
996,2.315,5.0975,0.192274678111588,0.9796852646638056
997,2.32,5.0975,0.19337339055793992,0.9865522174535051
998,2.3325,5.09625,0.19438054363376253,0.9911301859799715
999,2.32,5.09625,0.19438054363376253,0.9911301859799715
1000,2.325,5.0975,0.19373962804005723,0.9865522174535051
1001,2.33,5.0975,0.1941974248927039,0.9911301859799715
1002,2.325,5.0975,0.1935565092989986,0.9865522174535051
1003,2.3225,5.095,0.1935565092989986,0.9865522174535051
1004,2.335,5.0975,0.1945636623748212,0.9911301859799715
1005,2.3175,5.0975,0.19108440629470674,0.9751072961373392
1006,2.3475,5.09625,0.19566237482117313,0.997997138769671
1007,2.315,5.09625,0.1929155937052933,0.9819742489270388
1008,2.3625,5.095,0.1935565092989986,0.9865522174535051
1009,2.325,5.0975,0.19373962804005723,0.9865522174535051
1010,2.345,5.09625,0.19538769670958514,0.997997138769671
1011,2.3225,5.09625,0.1939227467811159,0.9911301859799715
1012,2.3275,5.0975,0.1939227467811159,0.9911301859799715
1013,2.455,5.09625,0.2045436337625179,1.0414878397711018
1014,2.2975,5.0975,0.19145064377682405,0.9751072961373392
1015,2.32,5.0975,0.19337339055793992,0.9865522174535051
1016,2.33,5.09625,0.1941974248927039,0.9911301859799715
1017,2.31,5.0975,0.1929155937052933,0.9819742489270388
1018,2.345,5.09375,0.19538769670958514,0.9934191702432047
1019,2.315,5.09875,0.1929155937052933,0.9819742489270388
1020,2.32,5.09625,0.19438054363376253,0.9911301859799715
1021,2.3325,5.09625,0.1941974248927039,0.9911301859799715
1022,2.31,5.0975,0.19245779685264666,0.9819742489270388
1023,2.3275,5.0975,0.19438054363376253,0.9911301859799715
1024,2.32,5.0975,0.1945636623748212,0.9911301859799715
1025,2.52,5.0875,0.21003719599427756,1.0689556509299
1026,2.3325,5.09625,0.19337339055793992,0.9865522174535051
1027,2.3075,5.09875,0.1935565092989986,0.9865522174535051
1028,2.32,5.0975,0.19337339055793992,0.9865522174535051
1029,2.34,5.09625,0.19538769670958514,0.997997138769671
1030,2.315,5.09625,0.19245779685264666,0.9819742489270388
1031,2.33,5.09625,0.1941974248927039,0.9911301859799715
1032,2.3225,5.0975,0.1935565092989986,0.9865522174535051
1033,2.3225,5.09625,0.1929155937052933,0.9819742489270388
1034,2.315,5.09625,0.1929155937052933,0.9819742489270388
1035,2.33,5.0975,0.1941974248927039,0.9911301859799715
1036,2.3375,5.09625,0.1941974248927039,0.9911301859799715
1037,2.3225,5.09625,0.1935565092989986,0.9865522174535051
1038,2.31,5.0975,0.19245779685264666,0.9819742489270388
1039,2.31,5.09875,0.19190844062947068,0.9796852646638056
1040,2.3275,5.0975,0.1939227467811159,0.9911301859799715
1041,2.3275,5.09625,0.1939227467811159,0.9911301859799715
1042,2.325,5.0975,0.1929155937052933,0.9819742489270388
1043,2.3325,5.0975,0.19438054363376253,0.9911301859799715
1044,2.3275,5.0975,0.1939227467811159,0.9911301859799715
1045,2.3225,5.0975,0.19309871244635196,0.9819742489270388
1046,2.3275,5.0975,0.1939227467811159,0.9911301859799715
1047,2.335,5.0975,0.1945636623748212,0.9911301859799715
1048,2.3325,5.09625,0.19502145922746783,0.9934191702432047
1049,2.3125,5.0975,0.19273247496423465,0.9819742489270388
1050,2.325,5.0975,0.19373962804005723,0.9865522174535051
1051,2.3425,5.095,0.1941974248927039,0.9911301859799715
1052,2.33,5.09875,0.1941974248927039,0.9911301859799715
1053,2.33,5.0975,0.1941974248927039,0.9911301859799715
1054,2.3225,5.09625,0.1939227467811159,0.9911301859799715
1055,2.33,5.09625,0.19502145922746783,0.9934191702432047
1056,2.34,5.0975,0.19502145922746783,0.9934191702432047
1057,2.325,5.09625,0.19474678111587984,0.9934191702432047
1058,2.3225,5.09875,0.1945636623748212,0.9934191702432047
1059,2.3475,5.09625,0.19566237482117313,0.997997138769671
1060,2.315,5.09625,0.1952045779685265,0.9934191702432047
1061,2.3075,5.09625,0.1935565092989986,0.9865522174535051
1062,2.3275,5.0975,0.1939227467811159,0.9911301859799715
1063,2.335,5.095,0.1945636623748212,0.9911301859799715
1064,2.315,5.09875,0.1952045779685265,0.9934191702432047
1065,2.325,5.0975,0.19373962804005723,0.9865522174535051
1066,2.335,5.09625,0.1945636623748212,0.9819742489270388
1067,2.3375,5.09625,0.1939227467811159,0.9911301859799715
1068,2.3225,5.0975,0.1935565092989986,0.9865522174535051
1069,2.325,5.0975,0.19373962804005723,0.9865522174535051
1070,2.3275,5.0975,0.19309871244635196,0.9819742489270388
1071,2.3375,5.09625,0.19474678111587984,0.9934191702432047
1072,2.32,5.09625,0.19337339055793992,0.9865522174535051
1073,2.325,5.09875,0.1929155937052933,0.9819742489270388
1074,2.3275,5.0975,0.1939227467811159,0.9911301859799715
1075,2.325,5.09625,0.19373962804005723,0.9865522174535051
1076,2.3425,5.095,0.1929155937052933,0.9819742489270388
1077,2.34,5.0975,0.19502145922746783,0.9934191702432047
1078,2.335,5.095,0.1945636623748212,0.9911301859799715
1079,2.3225,5.0975,0.1939227467811159,0.9911301859799715
1080,2.3125,5.09875,0.19273247496423465,0.9819742489270388
1081,2.315,5.09875,0.1929155937052933,0.9819742489270388
1082,2.3225,5.09625,0.19373962804005723,0.9865522174535051
1083,2.3325,5.0975,0.19438054363376253,0.9911301859799715
1084,2.33,5.0975,0.1941974248927039,0.9911301859799715
1085,2.3275,5.095,0.19337339055793992,0.9865522174535051
1086,2.1925,5.1075,0.18275250357653794,0.9339055793991416
1087,2.255,5.10375,0.18787982832618028,0.9590844062947069
1088,2.18,5.10625,0.1812875536480687,0.9270386266094421
1089,2.33,5.095,0.19273247496423465,0.9819742489270388
1090,2.3425,5.0975,0.1952045779685265,0.9934191702432047
1091,2.41,5.09,0.19941630901287555,1.0163090128755365
1092,2.3025,5.1,0.1896194563662375,0.9682403433476396
1093,2.295,5.0975,0.1912675250357654,0.9751072961373392
1094,2.305,5.09875,0.19209155937052935,0.9796852646638056
1095,2.395,5.0925,0.19895851216022892,1.0117310443490701
1096,2.3225,5.095,0.1935565092989986,0.9865522174535051
1097,2.345,5.095,0.19566237482117313,0.997997138769671
1098,2.3875,5.09375,0.19749356223175968,1.0048640915593705
1099,2.3725,5.09375,0.19767668097281832,1.0048640915593705
1100,2.395,5.09125,0.19959942775393422,1.0163090128755365
1101,2.28,5.10125,0.18998569384835481,0.9682403433476396
1102,2.38,5.09375,0.19831759656652362,1.009442060085837
1103,2.3025,5.09875,0.19190844062947068,0.9796852646638056
1104,2.395,5.0925,0.20024034334763952,1.020886981402003
1105,2.2925,5.09875,0.19108440629470674,0.9751072961373392
1106,2.3375,5.09625,0.19474678111587984,0.9934191702432047
1107,2.3325,5.09625,0.19584549356223177,0.997997138769671
1108,2.34,5.09625,0.19502145922746783,0.9934191702432047
1109,2.3125,5.09625,0.19273247496423465,0.9819742489270388
1110,2.325,5.0975,0.19474678111587984,0.9934191702432047
1111,2.3375,5.0975,0.19474678111587984,0.9934191702432047
1112,2.3475,5.09875,0.19566237482117313,0.997997138769671
1113,2.34,5.09625,0.19566237482117313,0.997997138769671
1114,2.325,5.0975,0.19373962804005723,0.9865522174535051
1115,2.335,5.09625,0.1945636623748212,0.9911301859799715
1116,2.3225,5.09625,0.19373962804005723,0.9865522174535051
1117,2.2825,5.09875,0.19016881258941346,0.9705293276108728
1118,2.3375,5.0975,0.19474678111587984,0.9934191702432047
1119,2.3225,5.09625,0.19309871244635196,0.9819742489270388
1120,2.37,5.09625,0.19749356223175968,1.0048640915593705
1121,2.36,5.0975,0.19666952789699574,1.0002861230329043
1122,2.33,5.09375,0.19502145922746783,0.9934191702432047
1123,2.315,5.095,0.1935565092989986,0.9865522174535051
1124,2.3725,5.095,0.19767668097281832,1.009442060085837
1125,2.34,5.09375,0.1935565092989986,0.9865522174535051
1126,2.355,5.095,0.19502145922746783,0.9934191702432047
1127,2.32,5.09625,0.19337339055793992,0.9865522174535051
1128,2.365,5.095,0.19190844062947068,0.9796852646638056
1129,2.345,5.095,0.19337339055793992,0.9865522174535051
1130,2.3225,5.095,0.1935565092989986,0.9865522174535051
1131,2.3525,5.09625,0.19602861230329044,0.997997138769671
1132,2.355,5.095,0.1941974248927039,0.9911301859799715
1133,2.3275,5.095,0.1939227467811159,0.9865522174535051
1134,2.3375,5.09625,0.19474678111587984,0.9796852646638056
1135,2.3525,5.09875,0.19438054363376253,0.9911301859799715
1136,2.335,5.0975,0.1945636623748212,0.9911301859799715
1137,2.3425,5.09375,0.1952045779685265,0.9934191702432047
1138,2.34,5.09625,0.192274678111588,0.9796852646638056
1139,2.3025,5.09875,0.19190844062947068,0.9796852646638056
1140,2.3375,5.0975,0.19474678111587984,0.9934191702432047
1141,2.335,5.0975,0.1952045779685265,0.9934191702432047
1142,2.335,5.09875,0.1945636623748212,0.9934191702432047
1143,2.3325,5.09625,0.19438054363376253,0.9911301859799715
1144,2.33,5.09625,0.19474678111587984,0.9934191702432047
1145,2.3275,5.09875,0.1939227467811159,0.9911301859799715
1146,2.335,5.09625,0.1945636623748212,0.9911301859799715
1147,2.315,5.0975,0.19245779685264666,0.9819742489270388
1148,2.32,5.09625,0.19337339055793992,0.9865522174535051
1149,2.335,5.0975,0.1945636623748212,0.9911301859799715
1150,2.34,5.09375,0.1939227467811159,0.9865522174535051
1151,2.325,5.09625,0.19373962804005723,0.9865522174535051
1152,2.3425,5.09625,0.1952045779685265,0.9934191702432047
1153,2.335,5.095,0.1952045779685265,0.9934191702432047
1154,2.3225,5.09625,0.1935565092989986,0.9865522174535051
1155,2.3175,5.0975,0.19309871244635196,0.9819742489270388
1156,1.505,5.145,0.11975965665236053,0.6157367668097282
1157,1.2425,5.175,0.10941344778254651,0.5653791130185981
1158,0.775,5.17875,0.06454935622317597,0.3341917024320458
1159,0.9875,5.17625,0.06482403433476396,0.3341917024320458
1160,0.8225,5.1975,0.061711015736766815,0.32274678111587984
1161,1.005,5.2025,0.08377682403433477,0.4349070100143062
1162,0.845,5.185,0.056492131616595144,0.2929899856938484
1163,0.8675,5.18125,0.05878111587982833,0.30443490701001436
1164,0.8,5.19375,0.0666552217453505,0.34563662374821175
1165,0.7675,5.19875,0.07938197424892705,0.4120171673819743
1166,1.7125,5.13875,0.09476394849785409,0.4875536480686696
1167,1.9925,5.12,0.16599713876967098,0.8515021459227468
1168,0.76,5.2075,0.07123319027181689,0.37081545064377686
1169,0.955,5.175,0.06125321888412018,0.3181688125894135
1170,0.785,5.20625,0.06537339055793992,0.3410586552217454
1171,0.9,5.17875,0.07498712446351932,0.3891273247496424
1172,0.78,5.2025,0.07938197424892705,0.4120171673819743
1173,1.2425,5.1625,0.10355364806866954,0.5356223175965666
1174,0.835,5.1975,0.069585121602289,0.35937052932761093
1175,0.8625,5.17875,0.058964234620886985,0.30443490701001436
1176,0.785,5.18125,0.06537339055793992,0.33648068669527903
1177,0.8125,5.1975,0.06775393419170243,0.35250357653791137
1178,0.8475,5.18,0.05914735336194564,0.30672389127324756
1179,0.845,5.20375,0.07040915593705294,0.36852646638054365
1180,0.775,5.17625,0.06454935622317597,0.3341917024320458
1181,0.8625,5.18375,0.06500715307582261,0.33648068669527903
1182,0.73,5.17625,0.06079542203147354,0.3158798283261803
1183,0.9175,5.205,0.07645207439198856,0.3982832618025752
1184,0.8775,5.18,0.06335908440629472,0.32961373390557946
1185,0.6925,5.19875,0.0576824034334764,0.29985693848354794
1186,0.73,5.1925,0.06079542203147354,0.3158798283261803
1187,0.7275,5.21,0.06253505007153076,0.32732474964234626
1188,0.675,5.19125,0.05621745350500716,0.2929899856938484
1189,0.68,5.19125,0.0566752503576538,0.2929899856938484
1190,0.68,5.21125,0.07205722460658083,0.37539341917024327
1191,0.865,5.2075,0.07205722460658083,0.37539341917024327
1192,0.7575,5.21,0.06308440629470673,0.32961373390557946
1193,0.7325,5.21,0.07517024320457798,0.3891273247496424
1194,0.6975,5.21375,0.0683032904148784,0.3570815450643777
1195,0.885,5.19,0.07370529327610874,0.38226037195994284
1196,0.75,5.2075,0.07462088698140201,0.3891273247496424
1197,0.8625,5.1825,0.06537339055793992,0.33648068669527903
1198,0.7975,5.2075,0.06647210300429185,0.34563662374821175
1199,0.855,5.19125,0.05978826895565094,0.3113018597997139
1200,0.725,5.21,0.06564806866952791,0.3410586552217454
1201,0.7375,5.20375,0.06143633762517883,0.3181688125894135
1202,0.74,5.1975,0.06793705293276109,0.35250357653791137
1203,0.7225,5.19875,0.07040915593705294,0.36852646638054365
1204,0.7775,5.20875,0.06482403433476396,0.33648068669527903
1205,0.8325,5.18375,0.06940200286123034,0.3158798283261803
1206,0.775,5.19625,0.06775393419170243,0.35250357653791137
1207,0.8525,5.1925,0.07105007153075824,0.36852646638054365
1208,0.8275,5.19,0.0689442060085837,0.3570815450643777
1209,0.795,5.1975,0.0576824034334764,0.29985693848354794
1210,0.935,5.19875,0.0779170243204578,0.40515021459227474
1211,0.755,5.18,0.06290128755364807,0.32732474964234626
1212,0.7325,5.2,0.07480400572246067,0.3891273247496424
1213,0.72,5.1925,0.059971387696709594,0.3113018597997139
1214,0.8575,5.19375,0.07141630901287555,0.37081545064377686
1215,0.7625,5.2025,0.05914735336194564,0.30672389127324756
1216,0.6975,5.1825,0.05814020028612304,0.29985693848354794
1217,0.6925,5.19375,0.0576824034334764,0.29985693848354794
1218,0.7325,5.19625,0.069585121602289,0.35937052932761093
1219,0.8025,5.19125,0.06683834048640916,0.34792560801144495
1220,0.81,5.1925,0.06747925608011446,0.34792560801144495
1221,0.8225,5.19125,0.056492131616595144,0.2929899856938484
1222,0.7025,5.17875,0.05850643776824035,0.30443490701001436
1223,0.93,5.18875,0.07745922746781117,0.4005722460658083
1224,0.83,5.19,0.05621745350500716,0.2929899856938484
1225,0.9375,5.2,0.07810014306151646,0.40515021459227474
1226,0.7325,5.18125,0.06107010014306152,0.3158798283261803
1227,0.7525,5.1975,0.07352217453505008,0.38226037195994284
1228,0.835,5.1925,0.060612303290414886,0.3158798283261803
1229,0.9075,5.20375,0.07562804005722461,0.3937052932761088
1230,0.7425,5.205,0.06042918454935623,0.3158798283261803
1231,0.6975,5.2125,0.06812017167381974,0.3570815450643777
1232,0.7025,5.20125,0.05850643776824035,0.30443490701001436
1233,0.7475,5.195,0.06683834048640916,0.34792560801144495
1234,0.8525,5.18125,0.059330472103004295,0.30672389127324756
1235,0.7425,5.18,0.06189413447782547,0.3181688125894135
1236,1.995,5.1175,0.16627181688125897,0.8515021459227468
1237,1.9875,5.11625,0.16663805436337628,0.8515021459227468
1238,0.7575,5.1775,0.06308440629470673,0.32732474964234626
1239,0.72,5.20875,0.059971387696709594,0.35937052932761093
1240,0.8925,5.17875,0.06253505007153076,0.32274678111587984
1241,1.7075,5.1475,0.1422832618025751,0.7301859799713878
1242,0.8025,5.18625,0.06683834048640916,0.34563662374821175
1243,0.73,5.21125,0.07205722460658083,0.37539341917024327
1244,1.685,5.15625,0.14045207439198856,0.7233190271816882
1245,1.6575,5.16375,0.13816309012875538,0.7118741058655222
1246,1.51,5.14375,0.133585121602289,0.6866952789699571
1247,1.89,5.12875,0.1574821173104435,0.8057224606580831
1248,1.62,5.1325,0.13495851216022892,0.6935622317596567
1249,1.795,5.105,0.1587639484978541,0.8103004291845495
1250,1.785,5.1075,0.1487839771101574,0.7622317596566525
1251,1.675,5.14125,0.13962804005722462,0.7164520743919887
1252,1.285,5.17,0.10684978540772533,0.5516452074391989
1253,0.92,5.20625,0.07663519313304722,0.3982832618025752
1254,0.75,5.18,0.06253505007153076,0.32274678111587984
1255,0.9125,5.18625,0.06436623748211731,0.3341917024320458
1256,0.97,5.18625,0.08084692417739629,0.421173104434907
1257,0.73,5.18,0.06079542203147354,0.3158798283261803
1258,0.83,5.185,0.06775393419170243,0.35250357653791137
1259,0.89,5.2075,0.07416309012875537,0.3868383404864092
1260,0.8075,5.19125,0.0672961373390558,0.34792560801144495
1261,0.8275,5.19375,0.05850643776824035,0.30443490701001436
1262,0.7925,5.1975,0.06107010014306152,0.3181688125894135
1263,0.7975,5.21125,0.06647210300429185,0.34563662374821175
1264,0.76,5.1925,0.06537339055793992,0.3410586552217454
1265,0.7875,5.1875,0.06683834048640916,0.34563662374821175
1266,0.7825,5.1875,0.06519027181688127,0.33648068669527903
1267,0.84,5.19625,0.057499284692417746,0.29985693848354794
1268,0.805,5.19625,0.05731616595135909,0.2952789699570816
1269,0.68,5.195,0.0566752503576538,0.2952789699570816
1270,0.8425,5.19125,0.060246065808297576,0.3113018597997139
1271,0.74,5.19875,0.07727610872675252,0.4005722460658083
1272,0.7625,5.17875,0.06354220314735337,0.32961373390557946
1273,0.9125,5.17625,0.06436623748211731,0.3341917024320458
1274,0.715,5.20625,0.07517024320457798,0.3891273247496424
1275,0.75,5.185,0.06253505007153076,0.32274678111587984
1276,0.7425,5.1975,0.06189413447782547,0.32274678111587984
1277,0.8375,5.18875,0.06354220314735337,0.32961373390557946
1278,0.875,5.195,0.07288125894134478,0.3776824034334764
1279,0.7625,5.18875,0.06354220314735337,0.32961373390557946
1280,0.7625,5.20125,0.058964234620886985,0.30672389127324756
1281,0.7375,5.19875,0.06143633762517883,0.3181688125894135
1282,0.7525,5.19625,0.06271816881258942,0.32732474964234626
1283,0.775,5.19125,0.06436623748211731,0.3341917024320458
1284,0.7075,5.18,0.058964234620886985,0.30443490701001436
1285,0.815,5.20125,0.06793705293276109,0.35250357653791137
1286,0.83,5.19375,0.06189413447782547,0.32274678111587984
1287,0.9275,5.2075,0.07727610872675252,0.4005722460658083
1288,0.8,5.18125,0.0666552217453505,0.34563662374821175
1289,0.76,5.195,0.07370529327610874,0.38226037195994284
1290,0.685,5.18125,0.05704148783977111,0.2952789699570816
1291,0.695,5.18125,0.05795708154506438,0.29985693848354794
1292,0.79,5.1975,0.06253505007153076,0.32732474964234626
1293,0.68,5.18,0.0566752503576538,0.2929899856938484
1294,1.37,5.17375,0.11417453505007154,0.5928469241773964
1295,0.6775,5.20875,0.07269814020028613,0.3776824034334764
1296,0.76,5.18125,0.06335908440629472,0.32961373390557946
1297,0.81,5.18,0.06747925608011446,0.34792560801144495
1298,0.8575,5.1925,0.056858369098712454,0.2952789699570816
1299,0.88,5.18125,0.0576824034334764,0.29985693848354794
1300,0.91,5.195,0.07581115879828328,0.3937052932761088
1301,0.78,5.1925,0.07141630901287555,0.37081545064377686
1302,0.8925,5.1825,0.06143633762517883,0.3181688125894135
1303,0.8125,5.20625,0.06775393419170243,0.35250357653791137
1304,0.9425,5.17875,0.062077253218884125,0.32274678111587984
1305,0.7475,5.205,0.060246065808297576,0.3158798283261803
1306,0.7725,5.20875,0.06436623748211731,0.3341917024320458
1307,0.775,5.19,0.06564806866952791,0.3410586552217454
1308,0.8075,5.1875,0.06537339055793992,0.33648068669527903
1309,0.71,5.18375,0.05914735336194564,0.30672389127324756
1310,0.7075,5.20875,0.058964234620886985,0.3639484978540773
1311,0.7275,5.20625,0.06683834048640916,0.34792560801144495
1312,0.71,5.2025,0.05914735336194564,0.30672389127324756
1313,0.6875,5.18,0.05731616595135909,0.2952789699570816
1314,0.6975,5.205,0.07397997138769671,0.3868383404864092
1315,0.83,5.185,0.06912732474964235,0.35937052932761093
1316,0.8425,5.195,0.07022603719599428,0.3639484978540773
1317,0.905,5.17875,0.06125321888412018,0.3181688125894135
1318,0.785,5.20625,0.06537339055793992,0.3410586552217454
1319,0.8925,5.21,0.07434620886981402,0.3868383404864092
1320,0.8625,5.1825,0.05878111587982833,0.30443490701001436
1321,0.695,5.1825,0.05795708154506438,0.29985693848354794
1322,0.74,5.18625,0.061711015736766815,0.3181688125894135
1323,0.8125,5.19375,0.056858369098712454,0.2952789699570816
1324,0.7525,5.1975,0.06271816881258942,0.32732474964234626
1325,0.705,5.18875,0.05878111587982833,0.30443490701001436
1326,0.765,5.19625,0.07315593705293277,0.3776824034334764
1327,0.8725,5.2075,0.07269814020028613,0.3776824034334764
1328,0.8675,5.2075,0.07233190271816882,0.37539341917024327
1329,0.8375,5.1875,0.05795708154506438,0.29985693848354794
1330,0.9125,5.20625,0.07608583690987125,0.3982832618025752
1331,0.8025,5.175,0.06683834048640916,0.34563662374821175
1332,0.8175,5.18625,0.0672961373390558,0.34792560801144495
1333,0.8775,5.185,0.05914735336194564,0.30672389127324756
1334,0.8825,5.21,0.07352217453505008,0.38226037195994284
1335,0.775,5.20125,0.06042918454935623,0.3158798283261803
1336,0.78,5.20125,0.06079542203147354,0.3158798283261803
1337,0.7,5.2,0.05832331902718169,0.30443490701001436
1338,0.7225,5.1975,0.06812017167381974,0.35250357653791137
1339,0.68,5.205,0.07233190271816882,0.37539341917024327
1340,0.865,5.20375,0.07205722460658083,0.37539341917024327
1341,0.89,5.1875,0.06143633762517883,0.3181688125894135
1342,0.865,5.1825,0.05621745350500716,0.2929899856938484
1343,0.6825,5.18375,0.056858369098712454,0.2952789699570816
1344,0.6875,5.20375,0.05731616595135909,0.37539341917024327
1345,0.935,5.19,0.06418311874105866,0.3341917024320458
1346,0.765,5.2,0.06372532188841203,0.32961373390557946
1347,0.8575,5.18875,0.07141630901287555,0.37081545064377686
1348,0.76,5.20875,0.07727610872675252,0.4005722460658083
1349,0.815,5.1775,0.06793705293276109,0.35250357653791137
1350,0.78,5.21,0.06500715307582261,0.33648068669527903
1351,0.7425,5.195,0.06683834048640916,0.34792560801144495
1352,0.7025,5.18125,0.05850643776824035,0.30443490701001436
1353,0.7375,5.18375,0.06143633762517883,0.3181688125894135
1354,0.8425,5.19375,0.062077253218884125,0.32274678111587984
1355,0.69,5.17875,0.057499284692417746,0.2952789699570816
1356,0.6925,5.185,0.0576824034334764,0.29985693848354794
1357,0.8275,5.1825,0.06290128755364807,0.32732474964234626
1358,0.8175,5.19375,0.06812017167381974,0.35250357653791137
1359,2.3675,5.0925,0.197310443490701,1.0048640915593705
1360,1.895,5.1325,0.16251788268955653,0.8331902718168813
1361,2.12,5.1175,0.17670958512160231,0.9041487839771103
1362,0.935,5.20625,0.0779170243204578,0.40515021459227474
1363,0.785,5.20375,0.07123319027181689,0.37081545064377686
1364,0.7475,5.1775,0.06226037195994278,0.32274678111587984
1365,0.775,5.205,0.06454935622317597,0.33648068669527903
1366,0.8925,5.17875,0.061711015736766815,0.3181688125894135
1367,0.8525,5.18375,0.059971387696709594,0.3113018597997139
1368,0.705,5.18125,0.05878111587982833,0.30443490701001436
1369,0.76,5.205,0.05978826895565094,0.3113018597997139
1370,0.86,5.185,0.056858369098712454,0.2952789699570816
1371,0.695,5.18125,0.05795708154506438,0.29985693848354794
1372,0.71,5.21125,0.06500715307582261,0.33648068669527903
1373,0.795,5.195,0.05704148783977111,0.2952789699570816
1374,0.8025,5.2075,0.06683834048640916,0.34792560801144495
1375,0.9075,5.18375,0.062077253218884125,0.32274678111587984
1376,0.715,5.20875,0.07462088698140201,0.3891273247496424
1377,0.8625,5.2075,0.07187410586552218,0.37539341917024327
1378,0.8625,5.17875,0.06189413447782547,0.3181688125894135
1379,0.7525,5.2075,0.06601430615164522,0.34563662374821175
1380,0.7175,5.18125,0.05978826895565094,0.3113018597997139
1381,0.83,5.1925,0.06912732474964235,0.35937052932761093
1382,0.8575,5.1825,0.0576824034334764,0.29985693848354794
1383,0.6775,5.18625,0.056492131616595144,0.2929899856938484
1384,0.725,5.1825,0.06042918454935623,0.3158798283261803
1385,0.73,5.20625,0.06125321888412018,0.3181688125894135
1386,0.7075,5.2025,0.058964234620886985,0.30672389127324756
1387,0.755,5.20125,0.06290128755364807,0.32732474964234626
1388,0.6775,5.21125,0.07086695278969958,0.36852646638054365
1389,0.6875,5.19625,0.05731616595135909,0.2952789699570816
1390,0.895,5.20625,0.07462088698140201,0.3891273247496424
1391,0.79,5.2025,0.06290128755364807,0.32732474964234626
1392,0.8575,5.21125,0.07141630901287555,0.37081545064377686
1393,0.9075,5.2,0.07562804005722461,0.3937052932761088
1394,0.835,5.1925,0.06042918454935623,0.3158798283261803
1395,0.9375,5.205,0.07810014306151646,0.40515021459227474
1396,0.775,5.21125,0.06454935622317597,0.33648068669527903
1397,0.75,5.1925,0.06912732474964235,0.35937052932761093
1398,0.8175,5.19625,0.06812017167381974,0.35250357653791137
1399,0.91,5.21125,0.07581115879828328,0.3937052932761088
1400,0.7575,5.1925,0.06583118741058656,0.3410586552217454
1401,0.85,5.20125,0.07086695278969958,0.36852646638054365
1402,0.835,5.21125,0.069585121602289,0.3639484978540773
1403,0.71,5.2,0.06940200286123034,0.35937052932761093
1404,0.6975,5.2025,0.07105007153075824,0.37081545064377686
1405,0.7725,5.18,0.06436623748211731,0.3341917024320458
1406,0.7225,5.2025,0.07462088698140201,0.3891273247496424
1407,0.97,5.17,0.06308440629470673,0.32732474964234626
1408,0.735,5.17875,0.06125321888412018,0.3181688125894135
1409,0.72,5.20375,0.07608583690987125,0.3982832618025752
1410,0.9225,5.1775,0.0683032904148784,0.35250357653791137
1411,0.865,5.20875,0.07205722460658083,0.37539341917024327
1412,0.84,5.185,0.05704148783977111,0.2952789699570816
1413,0.89,5.17625,0.05814020028612304,0.29985693848354794
1414,0.7975,5.19375,0.06647210300429185,0.34563662374821175
1415,0.83,5.19125,0.06912732474964235,0.2929899856938484
1416,0.7775,5.19125,0.06482403433476396,0.33648068669527903
1417,0.785,5.18625,0.06537339055793992,0.33648068669527903
1418,0.8575,5.20375,0.07141630901287555,0.37081545064377686
1419,0.8725,5.18,0.057499284692417746,0.2952789699570816
1420,0.8025,5.20625,0.06683834048640916,0.34792560801144495
1421,0.89,5.2125,0.07416309012875537,0.3868383404864092
1422,0.9025,5.17875,0.06042918454935623,0.3113018597997139
1423,0.755,5.20375,0.06290128755364807,0.32732474964234626
1424,0.7175,5.17875,0.05978826895565094,0.3113018597997139
1425,0.9,5.17625,0.06537339055793992,0.33648068669527903
1426,0.75,5.185,0.06253505007153076,0.32274678111587984
1427,0.7225,5.18,0.060246065808297576,0.3113018597997139
1428,0.7975,5.195,0.05850643776824035,0.30443490701001436
1429,0.6825,5.18125,0.056858369098712454,0.2952789699570816
1430,0.715,5.18125,0.059605150214592284,0.30672389127324756
1431,0.815,5.1925,0.05566809728183119,0.288412017167382
1432,0.7025,5.18125,0.05850643776824035,0.30443490701001436
1433,0.74,5.185,0.061711015736766815,0.3181688125894135
1434,0.855,5.185,0.056492131616595144,0.2929899856938484
1435,0.7625,5.20125,0.06354220314735337,0.32961373390557946
1436,0.85,5.21,0.07086695278969958,0.36852646638054365
1437,0.8925,5.17875,0.06079542203147354,0.3158798283261803
1438,0.7975,5.2,0.06354220314735337,0.32961373390557946
1439,0.8875,5.1975,0.07397997138769671,0.3868383404864092
1440,0.775,5.20375,0.06482403433476396,0.33648068669527903
1441,0.775,5.20125,0.059605150214592284,0.3113018597997139
1442,0.7425,5.185,0.06189413447782547,0.32274678111587984
1443,0.71,5.21125,0.06500715307582261,0.33648068669527903
1444,0.86,5.18375,0.0566752503576538,0.2929899856938484
1445,0.77,5.18,0.06418311874105866,0.3341917024320458
1446,0.77,5.2,0.0576824034334764,0.29985693848354794
1447,0.805,5.19375,0.056492131616595144,0.2929899856938484
1448,0.69,5.19875,0.057499284692417746,0.29985693848354794
1449,0.7275,5.21,0.060612303290414886,0.32732474964234626
1450,0.715,5.20875,0.07397997138769671,0.3868383404864092
1451,0.8325,5.1825,0.06940200286123034,0.35937052932761093
1452,0.72,5.18125,0.059971387696709594,0.3113018597997139
1453,0.83,5.1875,0.06747925608011446,0.34792560801144495
1454,0.73,5.1775,0.06079542203147354,0.3158798283261803
1455,0.6775,5.19125,0.056492131616595144,0.2929899856938484
1456,0.6775,5.2075,0.07105007153075824,0.37081545064377686
1457,0.895,5.21125,0.07462088698140201,0.3891273247496424
1458,0.77,5.21125,0.06418311874105866,0.3341917024320458
1459,0.675,5.20625,0.07141630901287555,0.37081545064377686
1460,0.855,5.20375,0.07123319027181689,0.37081545064377686
1461,0.8375,5.2125,0.06976824034334765,0.3639484978540773
1462,0.855,5.1825,0.059330472103004295,0.30672389127324756
1463,0.78,5.18875,0.06500715307582261,0.33648068669527903
1464,0.8,5.19375,0.0666552217453505,0.34563662374821175
1465,0.7175,5.20875,0.07352217453505008,0.38226037195994284
1466,0.89,5.2,0.07416309012875537,0.3868383404864092
1467,0.835,5.19,0.069585121602289,0.35937052932761093
1468,0.715,5.2075,0.07397997138769671,0.3868383404864092
1469,0.7475,5.17875,0.06226037195994278,0.32274678111587984
1470,0.695,5.1975,0.05795708154506438,0.29985693848354794
1471,0.685,5.21125,0.07022603719599428,0.36852646638054365
1472,0.7425,5.20625,0.06436623748211731,0.3341917024320458
1473,0.675,5.18625,0.05621745350500716,0.2929899856938484
1474,0.865,5.17875,0.058964234620886985,0.30443490701001436
1475,0.675,5.20625,0.07187410586552218,0.37539341917024327
1476,0.865,5.21,0.07205722460658083,0.37539341917024327
1477,0.855,5.17875,0.059605150214592284,0.30672389127324756
1478,0.795,5.18625,0.06812017167381974,0.35250357653791137
1479,0.855,5.2125,0.07123319027181689,0.37081545064377686
1480,0.89,5.18125,0.059971387696709594,0.3113018597997139
1481,0.835,5.195,0.06107010014306152,0.3181688125894135
1482,0.89,5.2,0.07416309012875537,0.3868383404864092
1483,0.7325,5.21,0.07169098712446352,0.37539341917024327
1484,0.7575,5.19625,0.07251502145922747,0.37539341917024327
1485,0.685,5.19375,0.05704148783977111,0.2952789699570816
1486,0.6825,5.2125,0.056858369098712454,0.2952789699570816
1487,0.7775,5.1975,0.05914735336194564,0.30672389127324756
1488,0.8525,5.205,0.07105007153075824,0.37081545064377686
1489,0.6975,5.18,0.05814020028612304,0.29985693848354794
1490,0.695,5.2125,0.06683834048640916,0.34792560801144495
1491,0.6775,5.19375,0.056492131616595144,0.2929899856938484
1492,0.7525,5.20875,0.06271816881258942,0.32732474964234626
1493,0.735,5.1975,0.06793705293276109,0.35250357653791137
1494,0.86,5.21,0.07169098712446352,0.37539341917024327
1495,0.845,5.1925,0.07040915593705294,0.3639484978540773
1496,0.8225,5.19625,0.06042918454935623,0.3158798283261803
1497,0.8625,5.21,0.07187410586552218,0.37539341917024327
1498,0.8975,5.2,0.07480400572246067,0.3891273247496424
1499,0.725,5.20125,0.07498712446351932,0.3891273247496424
1500,0.8125,5.1875,0.06775393419170243,0.35250357653791137
1501,0.7825,5.1825,0.06519027181688127,0.33648068669527903
1502,0.6975,5.2125,0.0672961373390558,0.35250357653791137
1503,0.7075,5.20375,0.058964234620886985,0.30672389127324756
1504,0.75,5.1975,0.06253505007153076,0.32732474964234626
1505,0.68,5.21125,0.07123319027181689,0.37081545064377686
1506,0.7275,5.205,0.060612303290414886,0.3158798283261803
1507,0.785,5.21125,0.06537339055793992,0.3410586552217454
1508,0.755,5.19125,0.06564806866952791,0.3410586552217454
1509,0.6775,5.21,0.07169098712446352,0.37539341917024327
1510,0.875,5.18875,0.07288125894134478,0.3776824034334764
1511,0.7775,5.1925,0.07123319027181689,0.37081545064377686
1512,0.8275,5.1875,0.06683834048640916,0.34563662374821175
1513,0.72,5.1825,0.059971387696709594,0.3113018597997139
1514,0.7375,5.1975,0.07370529327610874,0.38226037195994284
1515,0.89,5.17875,0.06857796852646639,0.3570815450643777
1516,0.83,5.2,0.06912732474964235,0.35937052932761093
1517,0.8625,5.1825,0.056492131616595144,0.2929899856938484
1518,0.8625,5.18,0.057499284692417746,0.2952789699570816
1519,0.725,5.18375,0.06042918454935623,0.3158798283261803
1520,0.765,5.2025,0.06372532188841203,0.30672389127324756
1521,0.74,5.2075,0.061711015736766815,0.32274678111587984
1522,0.71,5.20125,0.05914735336194564,0.30672389127324756
1523,0.6775,5.19125,0.056492131616595144,0.2929899856938484
1524,0.86,5.18125,0.06308440629470673,0.32732474964234626
1525,0.7125,5.1875,0.059330472103004295,0.30672389127324756
1526,0.905,5.20875,0.07544492131616595,0.3937052932761088
1527,0.9075,5.18,0.059971387696709594,0.3113018597997139
1528,0.86,5.21,0.07169098712446352,0.37539341917024327
1529,0.91,5.205,0.07581115879828328,0.3937052932761088
1530,0.855,5.19875,0.06683834048640916,0.34792560801144495
1531,0.6775,5.19375,0.056492131616595144,0.2929899856938484
1532,0.69,5.18125,0.057499284692417746,0.2952789699570816
1533,0.7425,5.2075,0.06107010014306152,0.3181688125894135
1534,0.7275,5.20375,0.060612303290414886,0.3158798283261803
1535,0.6825,5.1825,0.056858369098712454,0.2952789699570816
1536,0.885,5.18875,0.06271816881258942,0.32732474964234626
1537,0.88,5.19875,0.07333905579399143,0.38226037195994284
1538,0.7775,5.1925,0.06482403433476396,0.33648068669527903
1539,0.91,5.17875,0.06125321888412018,0.3181688125894135
1540,0.8875,5.2075,0.07397997138769671,0.3868383404864092
1541,0.7575,5.17875,0.06308440629470673,0.32732474964234626
1542,0.715,5.21,0.07480400572246067,0.3891273247496424
1543,0.88,5.18,0.06354220314735337,0.32961373390557946
1544,0.7275,5.195,0.060612303290414886,0.3158798283261803
1545,0.815,5.185,0.06253505007153076,0.32274678111587984
1546,0.7475,5.19375,0.06564806866952791,0.3410586552217454
1547,0.8575,5.215,0.07141630901287555,0.37081545064377686
1548,0.7075,5.2,0.07022603719599428,0.3639484978540773
1549,0.8625,5.18,0.062077253218884125,0.32274678111587984
1550,0.745,5.18625,0.062077253218884125,0.32274678111587984
1551,0.8575,5.18125,0.0566752503576538,0.2929899856938484
1552,0.845,5.1825,0.059330472103004295,0.30672389127324756
1553,0.84,5.2,0.07004291845493563,0.3639484978540773
1554,0.8475,5.1875,0.0566752503576538,0.2929899856938484
1555,0.82,5.2,0.06601430615164522,0.34563662374821175
1556,0.8025,5.185,0.06683834048640916,0.34563662374821175
1557,0.7225,5.21,0.060246065808297576,0.3113018597997139
1558,0.8125,5.19,0.06857796852646639,0.3570815450643777
1559,0.78,5.17625,0.06500715307582261,0.33648068669527903
1560,0.7575,5.19,0.06308440629470673,0.32732474964234626
1561,0.6775,5.205,0.07187410586552218,0.37539341917024327
1562,0.7725,5.21,0.06436623748211731,0.3341917024320458
1563,0.6875,5.19375,0.05731616595135909,0.2952789699570816
1564,0.7425,5.20625,0.06042918454935623,0.3158798283261803
1565,0.6725,5.18875,0.05603433476394851,0.2929899856938484
1566,0.6925,5.18125,0.0576824034334764,0.29985693848354794
1567,0.8125,5.1925,0.05621745350500716,0.2929899856938484
1568,0.675,5.19,0.05621745350500716,0.2929899856938484
1569,0.745,5.17875,0.062077253218884125,0.32274678111587984
1570,0.78,5.195,0.09293276108726753,0.4829756795422032
1571,0.7775,5.17625,0.06482403433476396,0.3341917024320458
1572,0.755,5.2025,0.06290128755364807,0.32732474964234626
1573,0.8775,5.17875,0.06354220314735337,0.32961373390557946
1574,0.9475,5.20375,0.07892417739628041,0.4120171673819743
1575,0.7625,5.18,0.06354220314735337,0.32961373390557946
1576,0.695,5.21375,0.06876108726752504,0.35937052932761093
1577,0.8425,5.21125,0.07022603719599428,0.36852646638054365
1578,0.9025,5.2125,0.07517024320457798,0.3891273247496424
1579,0.7825,5.19125,0.06976824034334765,0.3639484978540773
1580,0.7075,5.2125,0.06583118741058656,0.3410586552217454
1581,0.6875,5.1975,0.05731616595135909,0.2952789699570816
1582,0.685,5.21125,0.07004291845493563,0.3639484978540773
1583,0.7025,5.21375,0.0666552217453505,0.34792560801144495
1584,0.7,5.2025,0.05832331902718169,0.30443490701001436
1585,1.0875,5.17625,0.08606580829756796,0.44635193133047213
1586,0.8825,5.18,0.06308440629470673,0.32732474964234626
1587,0.71,5.1875,0.05914735336194564,0.30672389127324756
1588,0.885,5.17875,0.06436623748211731,0.3341917024320458
1589,0.8825,5.185,0.059971387696709594,0.3113018597997139
1590,0.9075,5.20625,0.07562804005722461,0.3937052932761088
1591,0.85,5.18375,0.07086695278969958,0.36852646638054365
1592,0.8575,5.18125,0.059330472103004295,0.30672389127324756
1593,0.6925,5.18125,0.0576824034334764,0.29985693848354794
1594,0.6875,5.1825,0.05731616595135909,0.2952789699570816
1595,0.7625,5.20125,0.05878111587982833,0.30672389127324756
1596,0.69,5.18125,0.057499284692417746,0.2952789699570816
1597,0.73,5.18375,0.06079542203147354,0.3158798283261803
1598,0.795,5.19375,0.05795708154506438,0.29985693848354794
1599,0.6925,5.19875,0.0576824034334764,0.29985693848354794
1600,1.2575,5.19125,0.10483547925608012,0.5447782546494994
1601,0.83,5.195,0.06079542203147354,0.3158798283261803
1602,0.8875,5.21,0.07397997138769671,0.3868383404864092
1603,0.85,5.19375,0.07086695278969958,0.36852646638054365
1604,0.74,5.21,0.07059227467811159,0.36852646638054365
1605,0.84,5.19125,0.07004291845493563,0.3639484978540773
1606,0.6975,5.18125,0.05814020028612304,0.29985693848354794
1607,0.765,5.2025,0.059330472103004295,0.30672389127324756
1608,0.7575,5.2,0.06308440629470673,0.32732474964234626
1609,0.705,5.2025,0.05878111587982833,0.30672389127324756
1610,0.7825,5.19125,0.06519027181688127,0.33648068669527903
1611,0.8425,5.1975,0.07022603719599428,0.3639484978540773
1612,0.825,5.20125,0.06876108726752504,0.3570815450643777
1613,0.8625,5.18125,0.05704148783977111,0.2952789699570816
1614,0.8775,5.18,0.0576824034334764,0.29985693848354794
1615,1.0075,5.15375,0.08395994277539343,0.43032904148783985
1616,0.825,5.18625,0.06711301859799715,0.34792560801144495
1617,0.88,5.1825,0.059605150214592284,0.30672389127324756
1618,0.825,5.20875,0.06876108726752504,0.35937052932761093
1619,1.4075,5.17125,0.12040057224606582,0.6226037195994278
1620,0.8425,5.19125,0.060612303290414886,0.3158798283261803
1621,0.695,5.2,0.05795708154506438,0.29985693848354794
1622,0.71,5.1975,0.0683032904148784,0.3570815450643777
1623,0.6825,5.2125,0.07169098712446352,0.37539341917024327
1624,1.0925,5.185,0.09101001430615166,0.4715307582260372
1625,0.7925,5.1975,0.06601430615164522,0.2952789699570816
1626,0.7975,5.195,0.056492131616595144,0.2929899856938484
1627,0.685,5.19625,0.05704148783977111,0.2952789699570816
1628,0.74,5.185,0.061711015736766815,0.3181688125894135
1629,0.78,5.2,0.05914735336194564,0.30672389127324756
1630,0.815,5.1825,0.06793705293276109,0.35250357653791137
1631,0.88,5.21,0.07333905579399143,0.38226037195994284
1632,0.7925,5.20125,0.06308440629470673,0.32732474964234626
1633,0.8975,5.205,0.07480400572246067,0.3891273247496424
1634,0.7775,5.1825,0.06482403433476396,0.33648068669527903
1635,0.725,5.2,0.07434620886981402,0.3868383404864092
1636,0.82,5.20125,0.0683032904148784,0.3570815450643777
1637,0.8825,5.2075,0.07352217453505008,0.38226037195994284
1638,0.835,5.185,0.056492131616595144,0.2929899856938484
1639,0.695,5.19625,0.05795708154506438,0.29985693848354794
1640,0.68,5.1925,0.0566752503576538,0.2929899856938484
1641,0.6675,5.205,0.07187410586552218,0.37539341917024327
1642,0.825,5.21375,0.06876108726752504,0.35937052932761093
1643,0.68,5.195,0.0566752503576538,0.2952789699570816
1644,1.585,5.14875,0.12149928469241775,0.6271816881258943
1645,0.7925,5.17125,0.06601430615164522,0.3410586552217454
1646,0.8175,5.21,0.06812017167381974,0.3570815450643777
1647,1.5175,5.14875,0.14210014306151647,0.7301859799713878
1648,0.735,5.19875,0.07370529327610874,0.38226037195994284
1649,0.75,5.17875,0.06253505007153076,0.32274678111587984
1650,0.8025,5.19375,0.07517024320457798,0.3891273247496424
1651,0.7025,5.20125,0.07123319027181689,0.37081545064377686
1652,0.84,5.2025,0.07004291845493563,0.3639484978540773
1653,0.87,5.18375,0.0566752503576538,0.2929899856938484
1654,0.86,5.1825,0.057499284692417746,0.2952789699570816
1655,0.6825,5.1825,0.056858369098712454,0.2952789699570816
1656,0.69,5.21,0.07288125894134478,0.3776824034334764
1657,0.69,5.21125,0.07333905579399143,0.38226037195994284
1658,0.865,5.21125,0.07205722460658083,0.37539341917024327
1659,0.89,5.17875,0.05832331902718169,0.30443490701001436
1660,0.94,5.18375,0.07169098712446352,0.37081545064377686
1661,0.735,5.1775,0.06125321888412018,0.3181688125894135
1662,0.775,5.195,0.06454935622317597,0.33648068669527903
1663,0.88,5.18125,0.064,0.32961373390557946
1664,0.725,5.19375,0.06042918454935623,0.3158798283261803
1665,0.8525,5.20875,0.07105007153075824,0.37081545064377686
1666,0.87,5.18125,0.057499284692417746,0.2952789699570816
1667,0.6975,5.18125,0.05814020028612304,0.29985693848354794
1668,0.805,5.19125,0.06711301859799715,0.34792560801144495
1669,0.86,5.18125,0.05731616595135909,0.2952789699570816
1670,0.8425,5.1925,0.07022603719599428,0.3639484978540773
1671,0.8625,5.20375,0.07187410586552218,0.37539341917024327
1672,0.855,5.18375,0.05621745350500716,0.2929899856938484
1673,0.715,5.18125,0.059605150214592284,0.30672389127324756
1674,0.8175,5.19375,0.06812017167381974,0.35250357653791137
1675,0.915,5.1825,0.08231187410586553,0.4280400572246066
1676,0.7475,5.17875,0.06226037195994278,0.32274678111587984
1677,0.735,5.19625,0.06125321888412018,0.3181688125894135
1678,0.895,5.18125,0.06335908440629472,0.32961373390557946
1679,1.6525,5.135,0.13770529327610875,0.709585121602289
1680,1.6125,5.13875,0.13440915593705294,0.6889842632331903
1681,1.755,5.14,0.13440915593705294,0.6889842632331903
1682,1.49,5.1325,0.12415450643776825,0.6386266094420602
1683,3.3025,5.03,0.2752274678111588,1.3848354792560802
1684,2.325,5.095,0.19108440629470674,0.9751072961373392
1685,1.975,5.11125,0.16746208869814022,0.8560801144492132
1686,0.9075,5.19875,0.07562804005722461,0.3937052932761088
1687,0.9175,5.195,0.07187410586552218,0.37539341917024327
1688,0.7625,5.205,0.07544492131616595,0.3937052932761088
1689,0.755,5.18,0.06290128755364807,0.32732474964234626
1690,0.8225,5.19125,0.0785579399141631,0.4097281831187411
1691,0.735,5.2075,0.07608583690987125,0.3982832618025752
1692,0.875,5.18375,0.07288125894134478,0.3776824034334764
1693,0.725,5.20625,0.08267811158798284,0.43032904148783985
1694,0.935,5.1725,0.06189413447782547,0.3181688125894135
1695,0.855,5.21125,0.07123319027181689,0.37081545064377686
1696,0.8525,5.18125,0.07105007153075824,0.37081545064377686
1697,0.795,5.18625,0.06912732474964235,0.35937052932761093
1698,0.715,5.18,0.059605150214592284,0.30672389127324756
1699,0.7775,5.18625,0.06482403433476396,0.33648068669527903
1700,0.7675,5.20125,0.058964234620886985,0.30672389127324756
1701,0.805,5.21125,0.06711301859799715,0.34792560801144495
1702,0.7175,5.20375,0.05978826895565094,0.3113018597997139
1703,0.7,5.20125,0.07269814020028613,0.3776824034334764
1704,0.8925,5.205,0.07434620886981402,0.3868383404864092
1705,1.04,5.19375,0.08670672389127326,0.45092989985693854
1706,0.8375,5.18375,0.06564806866952791,0.3410586552217454
1707,0.7225,5.18875,0.060246065808297576,0.3113018597997139
1708,0.93,5.20875,0.07745922746781117,0.40515021459227474
1709,0.83,5.195,0.060612303290414886,0.3158798283261803
1710,0.8975,5.20125,0.07480400572246067,0.3891273247496424
1711,0.81,5.195,0.06747925608011446,0.34792560801144495
1712,0.81,5.1925,0.05731616595135909,0.2952789699570816
1713,0.73,5.20125,0.06079542203147354,0.3158798283261803
1714,0.745,5.20875,0.062077253218884125,0.32274678111587984
1715,0.835,5.1825,0.059971387696709594,0.3113018597997139
1716,0.73,5.18375,0.06079542203147354,0.3158798283261803
1717,0.84,5.1975,0.07004291845493563,0.3639484978540773
1718,0.875,5.1775,0.056858369098712454,0.2929899856938484
1719,0.7725,5.2025,0.05814020028612304,0.30443490701001436
1720,0.935,5.1925,0.0779170243204578,0.40515021459227474
1721,0.86,5.1875,0.059605150214592284,0.30672389127324756
1722,0.725,5.20625,0.07581115879828328,0.3937052932761088
1723,0.785,5.17875,0.06537339055793992,0.33648068669527903
1724,0.755,5.20625,0.07269814020028613,0.3776824034334764
1725,0.8375,5.19625,0.06125321888412018,0.3181688125894135
1726,0.83,5.21125,0.06912732474964235,0.35937052932761093
1727,0.8525,5.1825,0.06290128755364807,0.32732474964234626
1728,0.84,5.18125,0.06079542203147354,0.3158798283261803
1729,0.7575,5.18,0.06308440629470673,0.32732474964234626
1730,0.7975,5.19625,0.05731616595135909,0.2952789699570816
1731,0.8425,5.1775,0.05795708154506438,0.29985693848354794
1732,0.705,5.18125,0.05878111587982833,0.30443490701001436
1733,0.695,5.2125,0.05795708154506438,0.29985693848354794
1734,0.71,5.2125,0.06976824034334765,0.3639484978540773
1735,1.075,5.2,0.0895450643776824,0.4646638054363377
1736,0.7225,5.18125,0.060246065808297576,0.3113018597997139
1737,0.8975,5.17875,0.061711015736766815,0.3181688125894135
1738,0.855,5.21125,0.07123319027181689,0.37081545064377686
1739,0.8125,5.18375,0.06775393419170243,0.35250357653791137
1740,0.775,5.1925,0.07517024320457798,0.3891273247496424
1741,0.7725,5.1825,0.06436623748211731,0.3341917024320458
1742,0.71,5.18,0.05914735336194564,0.30672389127324756
1743,0.7375,5.20625,0.06189413447782547,0.32274678111587984
1744,0.68,5.19625,0.0566752503576538,0.2952789699570816
1745,0.7525,5.2025,0.06271816881258942,0.32732474964234626
1746,0.725,5.19875,0.07416309012875537,0.3868383404864092
1747,0.69,5.18125,0.057499284692417746,0.2952789699570816
1748,0.6975,5.18125,0.05814020028612304,0.29985693848354794
1749,0.8075,5.18875,0.05603433476394851,0.2929899856938484
1750,0.7725,5.1675,0.06436623748211731,0.3341917024320458
1751,0.8975,5.2075,0.07480400572246067,0.3891273247496424
1752,0.91,5.18,0.060246065808297576,0.3113018597997139
1753,0.805,5.20125,0.061711015736766815,0.32274678111587984
1754,0.9225,5.20875,0.0769098712446352,0.4005722460658083
1755,0.76,5.2075,0.0662889842632332,0.34563662374821175
1756,0.8575,5.2,0.0762689556509299,0.3982832618025752
1757,0.7625,5.2075,0.06354220314735337,0.32961373390557946
1758,0.84,5.185,0.06500715307582261,0.33648068669527903
1759,0.8875,5.1775,0.05914735336194564,0.30672389127324756
1760,0.72,5.1825,0.059971387696709594,0.3113018597997139
1761,0.9775,5.1825,0.05814020028612304,0.29985693848354794
1762,0.7375,5.20625,0.06308440629470673,0.32961373390557946
1763,0.71,5.2025,0.05914735336194564,0.30672389127324756
1764,0.745,5.1975,0.07269814020028613,0.3776824034334764
1765,0.855,5.185,0.06912732474964235,0.35937052932761093
1766,0.8025,5.20375,0.06683834048640916,0.34792560801144495
1767,0.8325,5.19125,0.06940200286123034,0.35937052932761093
1768,0.7175,5.205,0.07581115879828328,0.3937052932761088
1769,0.75,5.17625,0.06253505007153076,0.32274678111587984
1770,0.895,5.2075,0.07462088698140201,0.3891273247496424
1771,0.8575,5.1825,0.0566752503576538,0.2929899856938484
1772,0.7125,5.2075,0.059330472103004295,0.30672389127324756
1773,0.7575,5.21125,0.06308440629470673,0.32961373390557946
1774,0.875,5.17875,0.06079542203147354,0.3158798283261803
1775,0.8175,5.20875,0.06812017167381974,0.3570815450643777
1776,0.815,5.21125,0.06793705293276109,0.35250357653791137
1777,0.8325,5.185,0.06042918454935623,0.3158798283261803
1778,0.7175,5.18125,0.05978826895565094,0.3113018597997139
1779,0.7125,5.18,0.059330472103004295,0.30672389127324756
1780,0.795,5.2075,0.06519027181688127,0.3410586552217454
1781,0.845,5.1925,0.07040915593705294,0.3639484978540773
1782,0.7525,5.17875,0.06271816881258942,0.32732474964234626
1783,1.3725,5.155,0.10419456366237483,0.5356223175965666
1784,0.935,5.2025,0.0779170243204578,0.40515021459227474
1785,0.785,5.17875,0.06537339055793992,0.33648068669527903
1786,0.72,5.21,0.06354220314735337,0.32961373390557946
1787,0.68,5.185,0.0566752503576538,0.2929899856938484
1788,0.7125,5.2025,0.059330472103004295,0.30672389127324756
1789,1.6625,5.1575,0.1223233190271817,0.6294706723891274
1790,2.0425,5.11625,0.17414592274678115,0.8927038626609443
1791,1.405,5.1375,0.11710443490701003,0.5997138769670959
1792,0.94,5.175,0.06647210300429185,0.34563662374821175
1793,0.735,5.20625,0.07581115879828328,0.3937052932761088
1794,0.755,5.18,0.06290128755364807,0.32732474964234626
1795,0.8725,5.19625,0.07608583690987125,0.3937052932761088
1796,0.885,5.18375,0.05978826895565094,0.3113018597997139
1797,0.7725,5.205,0.06436623748211731,0.3341917024320458
1798,0.9075,5.17875,0.06107010014306152,0.3158798283261803
1799,0.765,5.2025,0.06812017167381974,0.35250357653791137
1800,0.8925,5.20625,0.07434620886981402,0.3868383404864092
1801,0.8775,5.1825,0.07315593705293277,0.2929899856938484
1802,0.825,5.18875,0.05621745350500716,0.2929899856938484
1803,0.6825,5.1825,0.056858369098712454,0.2952789699570816
1804,0.76,5.1875,0.06335908440629472,0.32961373390557946
1805,0.815,5.1925,0.05603433476394851,0.2929899856938484
1806,0.7625,5.18,0.06354220314735337,0.32961373390557946
1807,0.785,5.19125,0.06537339055793992,0.33648068669527903
1808,0.8625,5.18375,0.056858369098712454,0.2952789699570816
1809,0.76,5.18,0.06335908440629472,0.32961373390557946
1810,0.905,5.18,0.07544492131616595,0.3891273247496424
1811,0.895,5.1775,0.06125321888412018,0.3181688125894135
1812,0.7725,5.205,0.06436623748211731,0.3341917024320458
1813,0.91,5.205,0.07581115879828328,0.3937052932761088
1814,0.7375,5.20875,0.07169098712446352,0.37539341917024327
1815,0.9075,5.2075,0.07562804005722461,0.3937052932761088
1816,0.7825,5.1925,0.06519027181688127,0.33648068669527903
1817,0.8675,5.18,0.05795708154506438,0.29985693848354794
1818,0.84,5.2025,0.07004291845493563,0.3639484978540773
1819,0.885,5.21125,0.07370529327610874,0.38226037195994284
1820,0.8425,5.185,0.056492131616595144,0.2929899856938484
1821,0.73,5.185,0.06079542203147354,0.3158798283261803
1822,0.8475,5.20125,0.07059227467811159,0.36852646638054365
1823,0.865,5.18375,0.0566752503576538,0.2929899856938484
1824,0.845,5.18125,0.059605150214592284,0.30672389127324756
1825,0.8575,5.19,0.07141630901287555,0.37081545064377686
1826,0.84,5.1925,0.05978826895565094,0.3113018597997139
1827,0.755,5.19625,0.07233190271816882,0.37539341917024327
1828,0.79,5.18375,0.06583118741058656,0.3410586552217454
1829,0.715,5.20625,0.07462088698140201,0.3891273247496424
1830,0.76,5.19625,0.07233190271816882,0.37539341917024327
1831,0.7975,5.19375,0.06647210300429185,0.34563662374821175
1832,0.72,5.21,0.06271816881258942,0.32732474964234626
1833,0.815,5.19125,0.05621745350500716,0.2929899856938484
1834,0.68,5.1825,0.0566752503576538,0.2929899856938484
1835,0.825,5.19125,0.05603433476394851,0.2929899856938484
1836,0.8525,5.18125,0.05832331902718169,0.30443490701001436
1837,0.7175,5.1825,0.05978826895565094,0.3113018597997139
1838,0.715,5.21,0.059605150214592284,0.30672389127324756
1839,0.835,5.1875,0.055851216022889845,0.288412017167382
1840,0.6875,5.17625,0.05731616595135909,0.2952789699570816
1841,0.8025,5.2075,0.06683834048640916,0.34792560801144495
1842,0.8675,5.1775,0.06500715307582261,0.33648068669527903
1843,0.75,5.20125,0.06253505007153076,0.32732474964234626
1844,0.9075,5.205,0.07562804005722461,0.3937052932761088
1845,0.825,5.19625,0.06107010014306152,0.3181688125894135
1846,0.85,5.2125,0.07086695278969958,0.36852646638054365
1847,0.7775,5.21125,0.06482403433476396,0.33648068669527903
1848,0.775,5.19,0.06436623748211731,0.3341917024320458
1849,0.7575,5.1875,0.06308440629470673,0.32732474964234626
1850,0.855,5.20375,0.07123319027181689,0.37081545064377686
1851,0.865,5.18125,0.05914735336194564,0.30672389127324756
1852,0.86,5.18375,0.07169098712446352,0.37081545064377686
1853,0.8025,5.19625,0.06683834048640916,0.34792560801144495
1854,0.875,5.17875,0.05704148783977111,0.2952789699570816
1855,0.8075,5.195,0.0672961373390558,0.34792560801144495
1856,0.785,5.205,0.06537339055793992,0.3410586552217454
1857,0.8775,5.1875,0.059971387696709594,0.3113018597997139
1858,0.8475,5.21,0.07059227467811159,0.36852646638054365
1859,0.875,5.19625,0.07288125894134478,0.3776824034334764
1860,0.73,5.21125,0.07352217453505008,0.38226037195994284
1861,0.68,5.2125,0.07086695278969958,0.36852646638054365
1862,0.8575,5.2075,0.07141630901287555,0.37081545064377686
1863,0.86,5.1825,0.05731616595135909,0.2952789699570816
1864,0.875,5.18125,0.057499284692417746,0.2952789699570816
1865,0.76,5.18875,0.06335908440629472,0.32961373390557946
1866,0.8,5.19375,0.062077253218884125,0.32274678111587984
1867,0.84,5.18,0.05795708154506438,0.29985693848354794
1868,0.715,5.18375,0.059605150214592284,0.30672389127324756
1869,0.7975,5.19625,0.05704148783977111,0.2952789699570816
1870,0.865,5.18125,0.057499284692417746,0.2952789699570816
1871,0.7925,5.18,0.06601430615164522,0.3410586552217454
1872,0.7575,5.195,0.06308440629470673,0.38226037195994284
1873,0.835,5.185,0.0666552217453505,0.34563662374821175
1874,0.7225,5.17875,0.060246065808297576,0.3113018597997139
1875,0.865,5.18875,0.07205722460658083,0.37539341917024327
1876,0.77,5.20125,0.05795708154506438,0.29985693848354794
1877,0.685,5.18375,0.05704148783977111,0.2952789699570816
1878,0.75,5.18,0.06253505007153076,0.32274678111587984
1879,0.8025,5.195,0.0566752503576538,0.2952789699570816
1880,0.7525,5.2075,0.06271816881258942,0.32732474964234626
1881,0.675,5.19125,0.05621745350500716,0.2929899856938484
1882,0.675,5.20625,0.07169098712446352,0.37539341917024327
1883,0.735,5.2075,0.06125321888412018,0.3181688125894135
1884,0.6775,5.18375,0.056492131616595144,0.2929899856938484
1885,0.6875,5.2125,0.06812017167381974,0.3570815450643777
1886,0.895,5.20125,0.07462088698140201,0.3868383404864092
1887,0.8025,5.185,0.06683834048640916,0.34563662374821175
1888,0.72,5.21,0.07434620886981402,0.3868383404864092
1889,0.78,5.18375,0.06500715307582261,0.33648068669527903
1890,0.7125,5.18375,0.059330472103004295,0.30672389127324756
1891,0.7275,5.1975,0.06812017167381974,0.35250357653791137
1892,0.825,5.2125,0.06876108726752504,0.35937052932761093
1893,0.7875,5.21125,0.06564806866952791,0.3410586552217454
1894,0.8075,5.18625,0.06226037195994278,0.32274678111587984
1895,0.7575,5.19125,0.06482403433476396,0.33648068669527903
1896,0.7925,5.1925,0.06601430615164522,0.3410586552217454
1897,0.7425,5.2075,0.060246065808297576,0.3158798283261803
1898,0.7225,5.20875,0.06271816881258942,0.32732474964234626
1899,0.6825,5.19375,0.056858369098712454,0.2952789699570816
1900,0.705,5.2125,0.06583118741058656,0.3410586552217454
1901,0.745,5.1975,0.07370529327610874,0.38226037195994284
1902,0.7525,5.17875,0.06271816881258942,0.32732474964234626
1903,0.845,5.185,0.06647210300429185,0.34563662374821175
1904,0.83,5.19625,0.06042918454935623,0.3158798283261803
1905,0.8725,5.21125,0.07269814020028613,0.3776824034334764
1906,0.85,5.18125,0.07086695278969958,0.30443490701001436
1907,0.6825,5.2125,0.07059227467811159,0.36852646638054365
1908,0.8425,5.2125,0.07022603719599428,0.36852646638054365
1909,0.8875,5.2125,0.07397997138769671,0.3868383404864092
1910,0.8,5.1875,0.06253505007153076,0.32732474964234626
1911,0.85,5.2025,0.07086695278969958,0.36852646638054365
1912,0.8475,5.205,0.07059227467811159,0.36852646638054365
1913,0.8525,5.17875,0.060246065808297576,0.3113018597997139
1914,0.815,5.1975,0.06793705293276109,0.35250357653791137
1915,0.8525,5.2125,0.07105007153075824,0.37081545064377686
1916,0.77,5.205,0.064,0.3341917024320458
1917,0.8325,5.21,0.06940200286123034,0.35937052932761093
1918,0.82,5.18875,0.0683032904148784,0.3570815450643777
1919,0.79,5.20125,0.06436623748211731,0.3341917024320458
1920,0.84,5.21125,0.07004291845493563,0.3639484978540773
1921,0.825,5.2125,0.06876108726752504,0.35937052932761093
1922,0.675,5.2075,0.07205722460658083,0.37539341917024327
1923,0.88,5.19625,0.07333905579399143,0.38226037195994284
1924,0.8275,5.1975,0.0689442060085837,0.35937052932761093
1925,0.855,5.18125,0.05704148783977111,0.2952789699570816
1926,0.73,5.185,0.06079542203147354,0.3158798283261803
1927,0.84,5.19875,0.07004291845493563,0.3639484978540773
1928,0.8125,5.18625,0.06143633762517883,0.3181688125894135
1929,0.7575,5.19125,0.06537339055793992,0.33648068669527903
1930,0.855,5.2125,0.07123319027181689,0.37081545064377686
1931,0.7175,5.20875,0.07663519313304722,0.3982832618025752
1932,0.79,5.1925,0.07022603719599428,0.3639484978540773
1933,0.8475,5.175,0.07059227467811159,0.3639484978540773
1934,0.7125,5.2075,0.07645207439198856,0.3982832618025752
1935,0.72,5.2025,0.07416309012875537,0.3868383404864092
1936,0.75,5.18625,0.06253505007153076,0.32274678111587984
1937,0.735,5.20625,0.062077253218884125,0.32274678111587984
1938,0.7175,5.21,0.06290128755364807,0.32732474964234626
1939,0.715,5.20375,0.059605150214592284,0.3113018597997139
1940,0.73,5.19625,0.06793705293276109,0.35250357653791137
1941,0.68,5.20375,0.07288125894134478,0.3776824034334764
1942,0.8425,5.21375,0.07022603719599428,0.36852646638054365
1943,0.7725,5.1925,0.06436623748211731,0.3341917024320458
1944,0.735,5.19375,0.06647210300429185,0.34563662374821175
1945,0.8775,5.2075,0.07315593705293277,0.38226037195994284
1946,0.7625,5.18,0.06354220314735337,0.32961373390557946
1947,0.71,5.2075,0.07434620886981402,0.3868383404864092
1948,0.7675,5.18,0.064,0.32961373390557946
1949,0.7125,5.19,0.059330472103004295,0.30672389127324756
1950,0.8375,5.185,0.06711301859799715,0.34792560801144495
1951,0.7425,5.18375,0.06189413447782547,0.32274678111587984
1952,1.915,5.11875,0.15958798283261805,0.817167381974249
1953,1.995,5.11625,0.1648068669527897,0.8446351931330472
1954,1.9825,5.11625,0.16517310443490701,0.8446351931330472
1955,2.38,5.0925,0.19831759656652362,1.009442060085837
1956,0.6825,5.21375,0.069585121602289,0.3639484978540773
1957,0.6825,5.19625,0.056858369098712454,0.2952789699570816
1958,0.6925,5.1975,0.0576824034334764,0.29985693848354794
1959,0.69,5.2125,0.07086695278969958,0.36852646638054365
1960,0.805,5.2125,0.06711301859799715,0.34792560801144495
1961,1.3125,5.17875,0.10941344778254651,0.5653791130185981
1962,0.9075,5.1775,0.06290128755364807,0.32732474964234626
1963,0.7225,5.1925,0.060246065808297576,0.3113018597997139
1964,0.8175,5.18875,0.06812017167381974,0.35250357653791137
1965,0.715,5.21125,0.07544492131616595,0.3937052932761088
1966,0.7075,5.2,0.0689442060085837,0.35937052932761093
1967,0.8725,5.21125,0.07269814020028613,0.3776824034334764
1968,0.8125,5.18375,0.06079542203147354,0.3158798283261803
1969,0.755,5.1925,0.06564806866952791,0.3410586552217454
1970,0.845,5.2125,0.07040915593705294,0.36852646638054365
1971,0.86,5.17875,0.05850643776824035,0.30443490701001436
1972,0.7225,5.1975,0.06857796852646639,0.3570815450643777
1973,0.8775,5.2125,0.07315593705293277,0.38226037195994284
1974,0.8275,5.185,0.060246065808297576,0.3113018597997139
1975,0.8625,5.18125,0.057499284692417746,0.2952789699570816
1976,0.8975,5.2075,0.07480400572246067,0.3891273247496424
1977,0.77,5.205,0.06418311874105866,0.3410586552217454
1978,0.7325,5.19875,0.07397997138769671,0.3868383404864092
1979,0.8375,5.19,0.06976824034334765,0.3639484978540773
1980,0.745,5.195,0.062077253218884125,0.32274678111587984
1981,0.8575,5.185,0.0566752503576538,0.2929899856938484
1982,0.685,5.18,0.05704148783977111,0.2952789699570816
1983,0.81,5.195,0.06747925608011446,0.34792560801144495
1984,0.86,5.17875,0.057499284692417746,0.2952789699570816
1985,0.7425,5.18625,0.06189413447782547,0.32274678111587984
1986,0.7425,5.18625,0.06189413447782547,0.32274678111587984
1987,0.72,5.20875,0.06308440629470673,0.32961373390557946
1988,0.675,5.19,0.05621745350500716,0.2929899856938484
1989,0.6975,5.18,0.05814020028612304,0.29985693848354794
1990,0.6975,5.21,0.06711301859799715,0.34792560801144495
1991,0.82,5.17875,0.0683032904148784,0.35250357653791137
1992,0.7275,5.195,0.060612303290414886,0.3158798283261803
1993,0.885,5.17875,0.06189413447782547,0.3181688125894135
1994,0.7125,5.18875,0.059330472103004295,0.30672389127324756
1995,0.8725,5.21,0.07269814020028613,0.3776824034334764
1996,0.875,5.18,0.05731616595135909,0.2952789699570816
1997,0.71,5.1825,0.05914735336194564,0.30672389127324756
1998,0.8,5.19375,0.0666552217453505,0.34563662374821175
1999,0.74,5.205,0.05978826895565094,0.3113018597997139
2000,0.7525,5.20375,0.06354220314735337,0.32961373390557946
2001,0.6925,5.19875,0.0576824034334764,0.29985693848354794
2002,0.6925,5.2125,0.06912732474964235,0.35937052932761093
2003,0.7325,5.2075,0.062077253218884125,0.32274678111587984
2004,0.675,5.19,0.05621745350500716,0.2929899856938484
2005,0.6775,5.205,0.07123319027181689,0.37081545064377686
2006,0.8875,5.1825,0.060246065808297576,0.3113018597997139
2007,0.9075,5.2075,0.07562804005722461,0.3937052932761088
2008,0.7775,5.205,0.064,0.3341917024320458
2009,0.73,5.20875,0.07187410586552218,0.37539341917024327
2010,0.8125,5.1775,0.06775393419170243,0.35250357653791137
2011,0.6825,5.21125,0.07086695278969958,0.36852646638054365
2012,0.7325,5.2075,0.06107010014306152,0.3181688125894135
2013,0.69,5.1975,0.057499284692417746,0.29985693848354794
2014,0.6925,5.20375,0.0576824034334764,0.29985693848354794
2015,0.7025,5.2125,0.0662889842632332,0.34563662374821175
2016,0.8025,5.2125,0.06683834048640916,0.34792560801144495
2017,0.685,5.19625,0.05704148783977111,0.2952789699570816
2018,0.7025,5.2,0.069585121602289,0.35937052932761093
2019,0.8175,5.2125,0.06812017167381974,0.3570815450643777
2020,0.7625,5.20625,0.06354220314735337,0.32961373390557946
2021,0.8925,5.18375,0.059605150214592284,0.30672389127324756
2022,0.89,5.21,0.07416309012875537,0.3868383404864092
2023,0.745,5.18,0.062077253218884125,0.32274678111587984
2024,0.7675,5.1925,0.07333905579399143,0.38226037195994284
2025,0.825,5.19,0.06876108726752504,0.3570815450643777
2026,0.8325,5.21125,0.06940200286123034,0.35937052932761093
2027,0.8725,5.18,0.06079542203147354,0.3158798283261803
2028,0.7275,5.18125,0.060612303290414886,0.3158798283261803
2029,0.735,5.18125,0.06125321888412018,0.3181688125894135
2030,0.7025,5.2125,0.06583118741058656,0.3410586552217454
2031,0.7775,5.205,0.06482403433476396,0.33648068669527903
2032,0.6875,5.19625,0.05731616595135909,0.2952789699570816
2033,0.685,5.21375,0.06940200286123034,0.35937052932761093
2034,0.7,5.18375,0.05832331902718169,0.30443490701001436
2035,0.89,5.2075,0.07416309012875537,0.3868383404864092
2036,0.75,5.2075,0.0672961373390558,0.34792560801144495
2037,0.7325,5.19875,0.07315593705293277,0.3776824034334764
2038,0.8575,5.19125,0.07141630901287555,0.37081545064377686
2039,0.73,5.21125,0.07169098712446352,0.37539341917024327
2040,0.755,5.19625,0.07315593705293277,0.3776824034334764
2041,0.705,5.18,0.05878111587982833,0.30443490701001436
2042,0.7,5.2125,0.06711301859799715,0.34792560801144495
2043,0.7175,5.21,0.06335908440629472,0.32961373390557946
2044,0.685,5.19875,0.05704148783977111,0.2952789699570816
2045,0.735,5.195,0.06683834048640916,0.34792560801144495
2046,0.715,5.1975,0.06812017167381974,0.35250357653791137
2047,0.8,5.19625,0.0666552217453505,0.34563662374821175
2048,0.825,5.18375,0.06876108726752504,0.3158798283261803
2049,0.67,5.20875,0.07141630901287555,0.37081545064377686
2050,0.77,5.21125,0.06418311874105866,0.3341917024320458
2051,0.7625,5.18125,0.06354220314735337,0.32961373390557946
2052,0.725,5.2025,0.07517024320457798,0.3891273247496424
2053,0.715,5.185,0.059605150214592284,0.30672389127324756
2054,0.9,5.20875,0.07498712446351932,0.3891273247496424
2055,0.7375,5.21125,0.07040915593705294,0.36852646638054365
2056,0.8425,5.21375,0.07022603719599428,0.36852646638054365
2057,2.025,5.12,0.1687439198855508,0.8629470672389129
2058,1.9875,5.1175,0.165447782546495,0.8469241773962805
2059,1.9875,5.1175,0.16563090128755367,0.8469241773962805
2060,1.995,5.1175,0.16627181688125897,0.8515021459227468
2061,0.8125,5.1925,0.05621745350500716,0.2929899856938484
2062,0.675,5.185,0.05621745350500716,0.2929899856938484
2063,0.72,5.18875,0.059971387696709594,0.3113018597997139
2064,0.6775,5.21,0.07251502145922747,0.3776824034334764
2065,0.6975,5.19625,0.05814020028612304,0.30443490701001436
2066,0.81,5.185,0.06747925608011446,0.34792560801144495
2067,0.745,5.21,0.06793705293276109,0.35250357653791137
2068,0.9175,5.205,0.07645207439198856,0.3982832618025752
2069,0.8075,5.1875,0.0672961373390558,0.34792560801144495
2070,0.7325,5.21,0.07059227467811159,0.36852646638054365
2071,0.74,5.2075,0.062077253218884125,0.32274678111587984
2072,0.715,5.2025,0.059605150214592284,0.3113018597997139
2073,0.675,5.2075,0.07269814020028613,0.3776824034334764
2074,0.675,5.21125,0.07123319027181689,0.37081545064377686
2075,0.94,5.2125,0.07837482117310444,0.4097281831187411
2076,0.675,5.2075,0.07169098712446352,0.37539341917024327
2077,0.6825,5.2125,0.07059227467811159,0.36852646638054365
2078,0.6725,5.1925,0.05603433476394851,0.2929899856938484
2079,0.6825,5.21125,0.07169098712446352,0.37539341917024327
2080,0.7425,5.2075,0.06107010014306152,0.3181688125894135
2081,0.9025,5.20375,0.07517024320457798,0.3891273247496424
2082,0.8375,5.19375,0.060612303290414886,0.3158798283261803
2083,0.79,5.2025,0.06253505007153076,0.32732474964234626
2084,0.85,5.21125,0.07086695278969958,0.36852646638054365
2085,0.885,5.21,0.07370529327610874,0.38226037195994284
2086,0.8675,5.18,0.05731616595135909,0.2952789699570816
2087,0.7175,5.1825,0.05978826895565094,0.3113018597997139
2088,0.765,5.19,0.06372532188841203,0.32961373390557946
2089,0.8525,5.18375,0.056492131616595144,0.2929899856938484
2090,0.76,5.18,0.06335908440629472,0.32961373390557946
2091,0.69,5.18,0.057499284692417746,0.2952789699570816
2092,0.755,5.20125,0.05850643776824035,0.30443490701001436
2093,0.6725,5.19,0.05603433476394851,0.2929899856938484
2094,0.6875,5.18,0.05731616595135909,0.2952789699570816
2095,0.76,5.19125,0.06940200286123034,0.35937052932761093
2096,0.7175,5.1825,0.05978826895565094,0.3113018597997139
2097,0.75,5.20125,0.06253505007153076,0.32732474964234626
2098,0.9025,5.17875,0.06125321888412018,0.3181688125894135
2099,0.8075,5.20875,0.0672961373390558,0.34792560801144495
2100,0.8925,5.21,0.07434620886981402,0.3868383404864092
2101,0.8325,5.19,0.056492131616595144,0.2929899856938484
2102,0.705,5.18125,0.05878111587982833,0.30443490701001436
2103,0.695,5.18125,0.05795708154506438,0.29985693848354794
2104,0.7775,5.2,0.05814020028612304,0.30443490701001436
2105,0.87,5.17875,0.059971387696709594,0.3113018597997139
2106,1.32,5.1775,0.10996280400572248,0.5699570815450644
2107,0.75,5.19625,0.07251502145922747,0.37539341917024327
2108,0.8525,5.1825,0.06564806866952791,0.3410586552217454
2109,0.72,5.1875,0.059971387696709594,0.3113018597997139
2110,0.8775,5.17875,0.06372532188841203,0.32961373390557946
2111,0.745,5.20375,0.07745922746781117,0.4005722460658083
2112,0.7375,5.17875,0.06143633762517883,0.3181688125894135
2113,0.8025,5.18875,0.069585121602289,0.35937052932761093
2114,0.78,5.20375,0.06335908440629472,0.32961373390557946
2115,0.9275,5.185,0.07727610872675252,0.4005722460658083
2116,0.7225,5.21125,0.06271816881258942,0.32732474964234626
2117,0.705,5.21125,0.06711301859799715,0.34792560801144495
2118,0.7725,5.2125,0.06436623748211731,0.3341917024320458
2119,0.85,5.18125,0.07086695278969958,0.36852646638054365
2120,0.8525,5.18,0.05878111587982833,0.30443490701001436
2121,0.685,5.195,0.05704148783977111,0.2952789699570816
2122,0.725,5.2075,0.06042918454935623,0.3158798283261803
2123,0.7225,5.195,0.06711301859799715,0.34792560801144495
2124,0.845,5.21,0.07040915593705294,0.36852646638054365
2125,0.955,5.20625,0.07956509298998571,0.4120171673819743
2126,0.7525,5.21,0.07040915593705294,0.36852646638054365
2127,0.8525,5.1925,0.07105007153075824,0.36852646638054365
2128,0.75,5.20125,0.06253505007153076,0.32732474964234626
2129,0.875,5.185,0.059971387696709594,0.3113018597997139
2130,0.8125,5.20875,0.06775393419170243,0.35250357653791137
2131,0.86,5.2075,0.07169098712446352,0.37539341917024327
2132,0.8475,5.185,0.056858369098712454,0.2952789699570816
2133,0.71,5.18125,0.05914735336194564,0.30672389127324756
2134,0.7375,5.185,0.06143633762517883,0.3181688125894135
2135,0.7975,5.1975,0.05731616595135909,0.2952789699570816
2136,0.85,5.2,0.07086695278969958,0.36852646638054365
2137,0.85,5.21125,0.07086695278969958,0.36852646638054365
2138,0.8575,5.18125,0.05795708154506438,0.29985693848354794
2139,0.7275,5.17875,0.060612303290414886,0.3158798283261803
2140,0.695,5.18125,0.05795708154506438,0.29985693848354794
2141,0.885,5.17875,0.06226037195994278,0.32274678111587984
2142,0.7425,5.20875,0.06857796852646639,0.3570815450643777
2143,0.8975,5.18875,0.07480400572246067,0.3868383404864092
2144,0.725,5.20125,0.07608583690987125,0.3982832618025752
2145,0.8925,5.17875,0.06253505007153076,0.32274678111587984
2146,0.8,5.2125,0.0666552217453505,0.34792560801144495
2147,0.8275,5.18375,0.060612303290414886,0.3158798283261803
2148,0.815,5.18375,0.06143633762517883,0.3181688125894135
2149,0.7325,5.18125,0.06107010014306152,0.3158798283261803
2150,0.7625,5.2025,0.05914735336194564,0.30672389127324756
2151,0.7625,5.20375,0.05878111587982833,0.30672389127324756
2152,0.6775,5.19125,0.056492131616595144,0.2929899856938484
2153,0.6825,5.2125,0.056858369098712454,0.3639484978540773
2154,0.725,5.20875,0.06683834048640916,0.34792560801144495
2155,0.735,5.1825,0.06125321888412018,0.3181688125894135
2156,0.855,5.185,0.07123319027181689,0.36852646638054365
2157,0.7425,5.2075,0.0689442060085837,0.35937052932761093
2158,0.855,5.19125,0.07123319027181689,0.37081545064377686
2159,0.73,5.17875,0.06079542203147354,0.3158798283261803
2160,0.89,5.1775,0.06271816881258942,0.32732474964234626
2161,0.6775,5.19125,0.056492131616595144,0.2929899856938484
2162,0.7,5.18,0.05832331902718169,0.30443490701001436
2163,0.7275,5.20875,0.06226037195994278,0.32274678111587984
2164,0.7625,5.21125,0.06354220314735337,0.32961373390557946
2165,0.775,5.21,0.06454935622317597,0.33648068669527903
2166,0.8225,5.18125,0.060612303290414886,0.3158798283261803
2167,0.7825,5.19,0.06519027181688127,0.33648068669527903
2168,0.75,5.18375,0.06253505007153076,0.32274678111587984
2169,1.65,5.15125,0.1252532188841202,0.6454935622317597
2170,1.3825,5.16125,0.11518168812589415,0.5974248927038627
2171,2.415,5.08875,0.2012474964234621,1.0231759656652362
2172,2.3975,5.09,0.20078969957081547,1.0231759656652362
2173,2.42,5.0875,0.20170529327610875,1.0277539341917024
2174,2.415,5.09,0.2012474964234621,1.0231759656652362
2175,2.375,5.09125,0.19877539341917028,1.0117310443490701
2176,2.3975,5.09125,0.20024034334763952,1.020886981402003
2177,2.3825,5.09125,0.1985007153075823,1.009442060085837
2178,2.3775,5.09125,0.19959942775393422,1.0163090128755365
2179,2.3925,5.09,0.20024034334763952,1.020886981402003
2180,2.3925,5.09,0.19941630901287555,1.0163090128755365
2181,2.405,5.09125,0.20078969957081547,1.0231759656652362
2182,2.4025,5.08875,0.20106437768240346,1.0231759656652362
2183,2.41,5.09,0.20078969957081547,1.0231759656652362
2184,2.3775,5.09125,0.19941630901287555,1.0163090128755365
2185,2.4025,5.08875,0.19996566523605153,1.0163090128755365
2186,2.365,5.09125,0.19712732474964237,1.0048640915593705
2187,2.3975,5.08875,0.19959942775393422,1.0163090128755365
2188,2.3875,5.09125,0.197310443490701,1.0048640915593705
2189,2.4075,5.09125,0.20060658082975683,1.020886981402003
2190,2.3975,5.09125,0.19978254649499286,1.0163090128755365
2191,2.4,5.09,0.20078969957081547,1.0231759656652362
2192,2.4,5.09,0.19996566523605153,1.0163090128755365
2193,2.4025,5.09,0.20024034334763952,1.020886981402003
2194,2.3975,5.08875,0.19996566523605153,1.0163090128755365
2195,2.4125,5.09125,0.20106437768240346,1.0231759656652362
2196,2.3825,5.09,0.1985007153075823,1.009442060085837
2197,2.3875,5.09125,0.20042346208869816,1.020886981402003
2198,2.3825,5.09,0.1985007153075823,1.009442060085837
2199,2.39,5.09125,0.1991416309012876,1.0117310443490701
2200,2.3925,5.09,0.19959942775393422,1.0163090128755365
2201,2.405,5.08875,0.20042346208869816,1.020886981402003
2202,2.41,5.09,0.20078969957081547,1.0231759656652362
2203,2.4,5.09,0.20106437768240346,1.0231759656652362
2204,2.4125,5.09,0.20106437768240346,1.0231759656652362
2205,2.41,5.09125,0.20078969957081547,1.0231759656652362
2206,2.405,5.0875,0.2018884120171674,1.0277539341917024
2207,2.4075,5.09,0.20060658082975683,1.020886981402003
2208,2.3725,5.09375,0.19767668097281832,1.0048640915593705
2209,2.3875,5.09,0.2022546494992847,1.0323319027181688
2210,2.415,5.09125,0.2012474964234621,1.0231759656652362
2211,2.445,5.08875,0.20371959942775394,1.034620886981402
2212,2.435,5.085,0.20078969957081547,1.020886981402003
2213,2.42,5.08875,0.2012474964234621,1.0231759656652362
2214,2.4325,5.09125,0.20271244635193136,1.0323319027181688
2215,2.4275,5.08875,0.2025293276108727,1.0323319027181688
2216,2.4325,5.08625,0.203170243204578,1.034620886981402
2217,2.445,5.0875,0.20371959942775394,1.034620886981402
2218,2.4425,5.0875,0.20060658082975683,1.020886981402003
2219,2.4225,5.0875,0.20060658082975683,1.020886981402003
2220,2.42,5.08875,0.20170529327610875,1.0277539341917024
2221,2.4525,5.08875,0.20289556509299,1.0323319027181688
2222,2.4375,5.0875,0.20143061516452077,1.0231759656652362
2223,2.4025,5.0875,0.20024034334763952,1.020886981402003
2224,2.4375,5.08875,0.203170243204578,1.0231759656652362
2225,2.7425,5.06625,0.23146208869814022,1.1742489270386267
2226,2.425,5.08875,0.20207153075822606,1.0277539341917024
2227,2.475,5.0825,0.20628326180257514,1.0506437768240344
2228,2.5,5.085,0.20646638054363378,1.0506437768240344
2229,2.505,5.085,0.20875536480686696,1.0620886981402005
2230,2.4925,5.085,0.20774821173104438,1.057510729613734
2231,2.4875,5.08375,0.20600858369098715,1.0460658082975682
2232,2.495,5.08375,0.20793133047210302,1.057510729613734
2233,2.4825,5.08375,0.2068326180257511,1.0506437768240344
2234,2.49,5.085,0.20793133047210302,1.057510729613734
2235,2.485,5.085,0.20710729613733908,1.0529327610872676
2236,2.485,5.085,0.20710729613733908,1.0529327610872676
2237,2.47,5.08375,0.2074735336194564,1.0529327610872676
2238,2.4175,5.09,0.20143061516452077,1.0231759656652362
2239,2.41,5.09,0.20078969957081547,1.0231759656652362
2240,2.4275,5.09,0.20106437768240346,1.0231759656652362
2241,2.3925,5.09,0.19941630901287555,1.0163090128755365
2242,2.405,5.09,0.20042346208869816,1.020886981402003
2243,2.42,5.09,0.20106437768240346,1.0231759656652362
2244,2.435,5.08875,0.20289556509299,1.0323319027181688
2245,2.395,5.09125,0.19959942775393422,1.0163090128755365
2246,2.4225,5.09,0.20143061516452077,1.0231759656652362
2247,2.4175,5.09,0.2018884120171674,1.0277539341917024
2248,2.4125,5.08875,0.20106437768240346,1.0231759656652362
2249,2.3925,5.09125,0.19996566523605153,1.0163090128755365
2250,2.3875,5.09,0.19895851216022892,1.0117310443490701
2251,2.3775,5.09125,0.19813447782546498,1.009442060085837
2252,2.4225,5.09,0.20143061516452077,1.0231759656652362
2253,2.4125,5.09,0.20106437768240346,1.0231759656652362
2254,2.42,5.09,0.20170529327610875,1.0277539341917024
2255,2.43,5.08875,0.20207153075822606,1.0277539341917024
2256,2.3525,5.095,0.19895851216022892,1.0117310443490701
2257,2.42,5.08875,0.20170529327610875,1.0277539341917024
2258,2.42,5.09,0.20289556509299,1.0323319027181688
2259,2.4225,5.09,0.20143061516452077,1.0231759656652362
2260,2.42,5.08875,0.20170529327610875,1.0277539341917024
2261,2.3875,5.09125,0.19895851216022892,1.0117310443490701
2262,2.42,5.08875,0.203170243204578,1.034620886981402
2263,2.42,5.0875,0.20170529327610875,1.0277539341917024
2264,2.4,5.09,0.19996566523605153,1.0163090128755365
2265,2.4225,5.08875,0.2012474964234621,1.0231759656652362
2266,2.415,5.08875,0.2012474964234621,1.0231759656652362
2267,2.4375,5.09,0.203170243204578,1.034620886981402
2268,2.4175,5.09,0.20143061516452077,1.0231759656652362
2269,2.41,5.09,0.20078969957081547,1.0231759656652362
2270,2.4175,5.08875,0.20143061516452077,1.0231759656652362
2271,2.4,5.09,0.1985007153075823,1.009442060085837
2272,2.4125,5.08875,0.20106437768240346,1.0231759656652362
2273,2.4125,5.09,0.20106437768240346,1.0231759656652362
2274,2.4125,5.09,0.20042346208869816,1.020886981402003
2275,2.42,5.09,0.20170529327610875,1.0277539341917024
2276,2.5375,5.085,0.2115021459227468,1.0758226037195995
2277,2.4125,5.09125,0.20170529327610875,1.0277539341917024
2278,2.4175,5.09125,0.20143061516452077,1.0231759656652362
2279,2.4175,5.09,0.20143061516452077,1.0231759656652362
2280,2.3875,5.09,0.20106437768240346,1.0231759656652362
2281,2.3825,5.09,0.1985007153075823,1.009442060085837
2282,2.4,5.09,0.19996566523605153,1.0163090128755365
2283,2.3975,5.09,0.20207153075822606,1.0277539341917024
2284,2.41,5.09,0.20078969957081547,1.0231759656652362
2285,2.42,5.09,0.20170529327610875,1.0277539341917024
2286,2.4225,5.08875,0.20078969957081547,1.020886981402003
2287,2.4175,5.09,0.20106437768240346,1.0231759656652362
2288,2.4,5.09125,0.19996566523605153,1.0163090128755365
2289,2.3975,5.09125,0.20271244635193136,1.0323319027181688
2290,2.4125,5.09,0.20106437768240346,1.0231759656652362
2291,2.4,5.09125,0.19996566523605153,1.0163090128755365
2292,2.42,5.09,0.2012474964234621,1.0231759656652362
2293,2.375,5.0925,0.20024034334763952,1.020886981402003
2294,2.44,5.0875,0.20335336194563663,1.034620886981402
2295,2.425,5.09125,0.20207153075822606,1.0277539341917024
2296,2.3675,5.09125,0.20024034334763952,1.020886981402003
2297,2.3775,5.08875,0.19813447782546498,1.009442060085837
2298,2.4125,5.09,0.20106437768240346,1.0231759656652362
2299,2.43,5.09,0.2012474964234621,1.0231759656652362
2300,2.4175,5.08875,0.20143061516452077,1.0231759656652362
2301,2.39,5.09125,0.1991416309012876,1.0117310443490701
2302,2.425,5.09,0.20143061516452077,1.0231759656652362
2303,2.4175,5.08875,0.20143061516452077,1.0231759656652362
2304,2.42,5.08875,0.20170529327610875,1.0277539341917024
2305,2.4325,5.0875,0.20060658082975683,1.020886981402003
2306,2.395,5.0875,0.19959942775393422,1.0163090128755365
2307,2.395,5.09,0.19959942775393422,1.0163090128755365
2308,2.395,5.0875,0.20170529327610875,1.0277539341917024
2309,2.4275,5.08875,0.2022546494992847,1.0277539341917024
2310,2.41,5.09,0.20078969957081547,1.0231759656652362
2311,2.395,5.08875,0.19978254649499286,1.0163090128755365
2312,2.4175,5.08875,0.20143061516452077,1.0231759656652362
2313,2.4075,5.08625,0.20060658082975683,1.020886981402003
2314,2.43,5.09,0.20060658082975683,1.020886981402003
2315,2.4125,5.0875,0.20106437768240346,1.0231759656652362
2316,2.385,5.09,0.19877539341917028,1.0117310443490701
2317,2.405,5.08875,0.20143061516452077,1.0231759656652362
2318,2.42,5.09,0.20170529327610875,1.0277539341917024
2319,2.4125,5.08875,0.20106437768240346,1.0231759656652362
2320,2.4075,5.09,0.20207153075822606,1.0277539341917024
2321,2.415,5.0925,0.19959942775393422,1.0163090128755365
2322,2.44,5.09,0.20335336194563663,1.034620886981402
2323,2.405,5.09,0.2012474964234621,1.0231759656652362
2324,2.4025,5.0875,0.20271244635193136,1.0323319027181688
2325,2.41,5.09,0.20078969957081547,1.0231759656652362
2326,2.4025,5.09,0.1991416309012876,1.0117310443490701
2327,2.42,5.08875,0.2022546494992847,1.0277539341917024
2328,2.4025,5.09125,0.20024034334763952,1.020886981402003
2329,2.4125,5.09,0.20024034334763952,1.020886981402003
2330,2.415,5.09,0.20042346208869816,1.020886981402003
2331,1.4375,5.17375,0.11975965665236053,0.6180257510729614
2332,0.815,5.205,0.06793705293276109,0.35250357653791137
2333,0.8675,5.19,0.060246065808297576,0.3113018597997139
2334,0.99,5.205,0.08249499284692419,0.4280400572246066
2335,0.7375,5.175,0.06143633762517883,0.3181688125894135
2336,0.795,5.1975,0.08167095851216023,0.4234620886981402
2337,0.7675,5.17875,0.064,0.32961373390557946
2338,0.74,5.19375,0.061711015736766815,0.3181688125894135
2339,0.89,5.18125,0.06583118741058656,0.3410586552217454
2340,0.7175,5.1875,0.05978826895565094,0.3113018597997139
2341,1.7275,5.1175,0.14393133047210302,0.7347639484978541
2342,2.105,5.11125,0.1744206008583691,0.8927038626609443
2343,1.3225,5.14625,0.11023748211731045,0.5653791130185981
2344,0.865,5.2075,0.07205722460658083,0.37539341917024327
2345,0.8975,5.18,0.060612303290414886,0.3158798283261803
2346,0.7775,5.20125,0.06482403433476396,0.33648068669527903
2347,0.76,5.1875,0.06335908440629472,0.32961373390557946
2348,0.8625,5.1875,0.056492131616595144,0.2929899856938484
2349,0.695,5.17875,0.05795708154506438,0.29985693848354794
2350,0.71,5.18,0.05914735336194564,0.30672389127324756
2351,0.815,5.18875,0.08524177396280401,0.44177396280400577
2352,0.71,5.1875,0.05914735336194564,0.30672389127324756
2353,0.9175,5.2075,0.07645207439198856,0.3982832618025752
2354,0.8675,5.18625,0.059971387696709594,0.3113018597997139
2355,0.875,5.185,0.05978826895565094,0.3113018597997139
2356,0.7475,5.20875,0.06226037195994278,0.32274678111587984
2357,0.89,5.18125,0.057499284692417746,0.2952789699570816
2358,0.8575,5.18125,0.05814020028612304,0.29985693848354794
2359,0.745,5.18,0.062077253218884125,0.32274678111587984
2360,0.7875,5.1975,0.05731616595135909,0.2952789699570816
2361,0.875,5.18125,0.062077253218884125,0.32274678111587984
2362,0.82,5.18625,0.0683032904148784,0.35250357653791137
2363,0.8225,5.18875,0.055851216022889845,0.288412017167382
2364,0.87,5.18125,0.05704148783977111,0.2952789699570816
2365,0.695,5.1775,0.05795708154506438,0.29985693848354794
2366,0.875,5.18125,0.07288125894134478,0.33648068669527903
2367,0.7925,5.20375,0.06354220314735337,0.32961373390557946
2368,0.8975,5.2025,0.07480400572246067,0.3891273247496424
2369,0.7475,5.1775,0.06226037195994278,0.32274678111587984
2370,0.72,5.20125,0.07370529327610874,0.38226037195994284
2371,0.8525,5.18125,0.07105007153075824,0.36852646638054365
2372,0.7525,5.20875,0.06271816881258942,0.32732474964234626
2373,0.8025,5.185,0.06308440629470673,0.32732474964234626
2374,0.835,5.195,0.069585121602289,0.35937052932761093
2375,0.8525,5.20875,0.07105007153075824,0.37081545064377686
2376,0.885,5.17875,0.056858369098712454,0.2952789699570816
2377,0.6925,5.195,0.0576824034334764,0.29985693848354794
2378,0.6825,5.1925,0.056858369098712454,0.2952789699570816
2379,0.75,5.205,0.06042918454935623,0.3158798283261803
2380,0.6775,5.1875,0.056492131616595144,0.2929899856938484
2381,0.895,5.2075,0.07462088698140201,0.3891273247496424
2382,0.735,5.21125,0.07059227467811159,0.36852646638054365
2383,0.8825,5.2,0.07352217453505008,0.38226037195994284
2384,0.875,5.195,0.07288125894134478,0.3776824034334764
2385,0.725,5.21,0.07434620886981402,0.3868383404864092
2386,0.7375,5.18125,0.06143633762517883,0.3181688125894135
2387,0.8425,5.2,0.07022603719599428,0.3639484978540773
2388,0.8475,5.18125,0.05850643776824035,0.30443490701001436
2389,0.735,5.195,0.0683032904148784,0.3570815450643777
2390,0.8675,5.19375,0.07233190271816882,0.37539341917024327
2391,0.85,5.18375,0.056858369098712454,0.2952789699570816
2392,0.755,5.20375,0.06042918454935623,0.3158798283261803
2393,0.75,5.2075,0.06253505007153076,0.32732474964234626
2394,0.7625,5.19,0.06482403433476396,0.33648068669527903
2395,0.6775,5.21,0.07086695278969958,0.36852646638054365
2396,0.875,5.2025,0.07288125894134478,0.3776824034334764
2397,0.7175,5.2025,0.07517024320457798,0.3891273247496424
2398,0.9025,5.17875,0.06308440629470673,0.32732474964234626
2399,0.75,5.20125,0.06253505007153076,0.32732474964234626
2400,0.905,5.1775,0.060612303290414886,0.3158798283261803
2401,0.7925,5.195,0.0566752503576538,0.2952789699570816
2402,0.7725,5.21,0.06436623748211731,0.3341917024320458
2403,0.7625,5.19125,0.06354220314735337,0.32961373390557946
2404,0.735,5.195,0.06711301859799715,0.34792560801144495
2405,0.895,5.19875,0.07462088698140201,0.3868383404864092
2406,0.875,5.20375,0.07288125894134478,0.3776824034334764
2407,0.87,5.18,0.05814020028612304,0.29985693848354794
2408,0.745,5.18625,0.062077253218884125,0.32274678111587984
2409,0.8175,5.19875,0.06812017167381974,0.35250357653791137
2410,0.87,5.17875,0.057499284692417746,0.2952789699570816
2411,0.765,5.2,0.06372532188841203,0.32961373390557946
2412,0.9075,5.20125,0.07562804005722461,0.3937052932761088
2413,0.7625,5.205,0.06647210300429185,0.34563662374821175
2414,0.88,5.1975,0.07333905579399143,0.38226037195994284
2415,0.7475,5.17875,0.06226037195994278,0.32274678111587984
2416,0.705,5.2025,0.06976824034334765,0.3639484978540773
2417,0.84,5.19,0.07004291845493563,0.3639484978540773
2418,0.785,5.19,0.06537339055793992,0.33648068669527903
2419,0.89,5.17625,0.057499284692417746,0.2952789699570816
2420,0.7025,5.17875,0.05850643776824035,0.30443490701001436
2421,0.7175,5.1825,0.05978826895565094,0.3113018597997139
2422,0.76,5.20125,0.05878111587982833,0.30672389127324756
2423,0.6775,5.19125,0.056492131616595144,0.2929899856938484
2424,0.6775,5.18625,0.056492131616595144,0.2929899856938484
2425,0.73,5.2075,0.06290128755364807,0.32732474964234626
2426,0.8575,5.18375,0.059605150214592284,0.30672389127324756
2427,0.9325,5.21,0.07773390557939915,0.40515021459227474
2428,0.8475,5.18125,0.06537339055793992,0.33648068669527903
2429,0.865,5.185,0.059330472103004295,0.30672389127324756
2430,0.775,5.2025,0.06454935622317597,0.33648068669527903
2431,0.8675,5.18125,0.05731616595135909,0.2952789699570816
2432,0.86,5.1825,0.0566752503576538,0.2929899856938484
2433,0.68,5.18125,0.0566752503576538,0.2929899856938484
2434,0.6925,5.2125,0.06812017167381974,0.3570815450643777
2435,0.715,5.21,0.06418311874105866,0.3341917024320458
2436,0.7425,5.19875,0.06189413447782547,0.32274678111587984
2437,0.8,5.20625,0.0666552217453505,0.3891273247496424
2438,0.7075,5.21125,0.06372532188841203,0.3341917024320458
2439,0.7475,5.20875,0.06226037195994278,0.32274678111587984
2440,0.6775,5.19375,0.056492131616595144,0.2929899856938484
2441,0.87,5.18,0.059971387696709594,0.3113018597997139
2442,0.89,5.20125,0.07416309012875537,0.3868383404864092
2443,0.8225,5.18625,0.06857796852646639,0.3570815450643777
2444,0.7175,5.20625,0.07333905579399143,0.38226037195994284
2445,0.73,5.17875,0.06079542203147354,0.3158798283261803
2446,0.7225,5.20125,0.060246065808297576,0.3158798283261803
2447,0.76,5.1925,0.06583118741058656,0.3410586552217454
2448,0.8525,5.205,0.07105007153075824,0.37081545064377686
2449,0.7775,5.20625,0.06482403433476396,0.33648068669527903
2450,0.69,5.2125,0.07059227467811159,0.36852646638054365
2451,0.7025,5.1975,0.05850643776824035,0.30443490701001436
2452,0.7775,5.21,0.06482403433476396,0.33648068669527903
2453,0.685,5.205,0.07141630901287555,0.37081545064377686
2454,0.85,5.21,0.07086695278969958,0.36852646638054365
2455,0.8125,5.2125,0.06775393419170243,0.35250357653791137
2456,0.85,5.19,0.06079542203147354,0.3158798283261803
2457,0.89,5.19875,0.07416309012875537,0.3868383404864092
2458,0.82,5.1875,0.0683032904148784,0.35250357653791137
2459,0.7325,5.20875,0.07288125894134478,0.3776824034334764
2460,0.7175,5.20375,0.07544492131616595,0.3937052932761088
2461,0.81,5.19375,0.06747925608011446,0.34792560801144495
2462,0.8625,5.18125,0.05704148783977111,0.2952789699570816
2463,0.8325,5.1825,0.05978826895565094,0.3113018597997139
2464,0.7675,5.18125,0.064,0.32961373390557946
2465,0.795,5.1925,0.056492131616595144,0.2929899856938484
2466,0.8,5.1925,0.0566752503576538,0.2929899856938484
2467,0.685,5.185,0.05704148783977111,0.2952789699570816
2468,0.7725,5.1975,0.05731616595135909,0.2952789699570816
2469,0.8275,5.18875,0.05621745350500716,0.2929899856938484
2470,0.675,5.18875,0.05621745350500716,0.2929899856938484
2471,0.93,5.17875,0.060612303290414886,0.3158798283261803
2472,0.7875,5.1975,0.06482403433476396,0.33648068669527903
2473,0.8325,5.2025,0.06940200286123034,0.35937052932761093
2474,0.9175,5.17875,0.07645207439198856,0.3982832618025752
2475,0.7825,5.2,0.06271816881258942,0.32732474964234626
2476,0.865,5.21,0.07205722460658083,0.37539341917024327
2477,0.78,5.2125,0.06500715307582261,0.33648068669527903
2478,0.885,5.17625,0.05914735336194564,0.30672389127324756
2479,0.755,5.18625,0.06290128755364807,0.32732474964234626
2480,0.8,5.1925,0.0666552217453505,0.34563662374821175
2481,0.87,5.1825,0.0566752503576538,0.2929899856938484
2482,0.685,5.18125,0.05704148783977111,0.2952789699570816
2483,0.72,5.18125,0.059971387696709594,0.3113018597997139
2484,0.855,5.18375,0.05621745350500716,0.2929899856938484
2485,0.6825,5.1825,0.056858369098712454,0.2952789699570816
2486,0.755,5.2025,0.06290128755364807,0.32732474964234626
2487,0.905,5.17875,0.06189413447782547,0.3181688125894135
2488,0.72,5.19,0.059971387696709594,0.3113018597997139
2489,0.8975,5.20625,0.07480400572246067,0.3891273247496424
2490,0.755,5.20875,0.06747925608011446,0.35250357653791137
2491,0.91,5.19,0.07581115879828328,0.3937052932761088
2492,0.7925,5.21125,0.06601430615164522,0.34563662374821175
2493,0.7675,5.19125,0.06583118741058656,0.3410586552217454
2494,0.7525,5.18875,0.06271816881258942,0.32732474964234626
2495,0.8175,5.19625,0.06812017167381974,0.35250357653791137
2496,0.8775,5.17875,0.05878111587982833,0.30443490701001436
2497,0.8675,5.17875,0.059971387696709594,0.3113018597997139
2498,0.6775,5.18625,0.056492131616595144,0.2929899856938484
2499,0.7375,5.20625,0.061711015736766815,0.32274678111587984
2500,0.74,5.2075,0.061711015736766815,0.32274678111587984
2501,0.89,5.19875,0.07416309012875537,0.3868383404864092
2502,0.8475,5.1925,0.06079542203147354,0.3158798283261803
2503,0.7275,5.21,0.07233190271816882,0.37539341917024327
2504,0.7625,5.17875,0.06354220314735337,0.32961373390557946
2505,0.74,5.19875,0.07315593705293277,0.3776824034334764
2506,0.9675,5.175,0.06226037195994278,0.32274678111587984
2507,0.675,5.1875,0.05621745350500716,0.2929899856938484
2508,0.7225,5.19875,0.060246065808297576,0.36852646638054365
2509,0.675,5.2075,0.07187410586552218,0.37539341917024327
2510,0.8625,5.21125,0.07187410586552218,0.37539341917024327
2511,0.845,5.2125,0.07040915593705294,0.36852646638054365
2512,0.88,5.18,0.058964234620886985,0.30443490701001436
2513,0.71,5.18,0.05914735336194564,0.30672389127324756
2514,0.8075,5.19375,0.0672961373390558,0.34792560801144495
2515,0.7825,5.20375,0.06107010014306152,0.3181688125894135
2516,0.915,5.21,0.0762689556509299,0.3982832618025752
2517,0.8125,5.185,0.06775393419170243,0.35250357653791137
2518,0.8025,5.18625,0.0769098712446352,0.3982832618025752
2519,0.7725,5.18125,0.06436623748211731,0.3341917024320458
2520,0.725,5.1925,0.06042918454935623,0.3158798283261803
2521,0.92,5.17375,0.06079542203147354,0.3158798283261803
2522,0.7175,5.1825,0.05978826895565094,0.3113018597997139
2523,0.7125,5.18125,0.059330472103004295,0.30672389127324756
2524,0.77,5.20125,0.05832331902718169,0.30443490701001436
2525,0.6925,5.18,0.0576824034334764,0.29985693848354794
2526,0.69,5.2,0.057499284692417746,0.29985693848354794
2527,0.6825,5.21375,0.07123319027181689,0.37081545064377686
2528,0.725,5.20125,0.06042918454935623,0.3158798283261803
2529,0.7775,5.21125,0.06482403433476396,0.33648068669527903
2530,0.6775,5.20375,0.07233190271816882,0.37539341917024327
2531,0.8975,5.1775,0.06143633762517883,0.3181688125894135
2532,0.805,5.1975,0.06711301859799715,0.34792560801144495
2533,0.7875,5.1925,0.07022603719599428,0.3639484978540773
2534,0.8975,5.17875,0.06189413447782547,0.3181688125894135
2535,0.7175,5.18375,0.05978826895565094,0.3113018597997139
2536,0.86,5.1825,0.06537339055793992,0.33648068669527903
2537,0.8275,5.18375,0.06583118741058656,0.3410586552217454
2538,0.81,5.19625,0.06747925608011446,0.34792560801144495
2539,0.8225,5.19,0.05621745350500716,0.2929899856938484
2540,0.86,5.1825,0.05731616595135909,0.2952789699570816
2541,2.33,5.1,0.1941974248927039,0.9911301859799715
2542,0.8875,5.18,0.0576824034334764,0.29985693848354794
2543,0.86,5.18125,0.057499284692417746,0.2952789699570816
2544,0.6975,5.17875,0.05814020028612304,0.29985693848354794
2545,0.8,5.1925,0.0666552217453505,0.34563662374821175
2546,0.74,5.2075,0.06912732474964235,0.35937052932761093
2547,0.895,5.2025,0.07462088698140201,0.3891273247496424
2548,0.845,5.19125,0.07040915593705294,0.3639484978540773
2549,0.8225,5.19625,0.06079542203147354,0.3158798283261803
2550,0.7525,5.2,0.06271816881258942,0.32732474964234626
2551,0.8375,5.21125,0.06976824034334765,0.3639484978540773
2552,0.7825,5.18625,0.06711301859799715,0.34792560801144495
2553,0.8275,5.2,0.0689442060085837,0.35937052932761093
2554,0.87,5.20875,0.07251502145922747,0.3776824034334764
2555,0.8475,5.18,0.05914735336194564,0.30672389127324756
2556,0.705,5.18,0.05878111587982833,0.30443490701001436
2557,0.8175,5.1975,0.06812017167381974,0.35250357653791137
2558,0.8625,5.18,0.05814020028612304,0.29985693848354794
2559,0.6775,5.18375,0.056492131616595144,0.2929899856938484
2560,0.8225,5.1975,0.06857796852646639,0.3570815450643777
2561,0.78,5.20375,0.06436623748211731,0.3341917024320458
2562,0.8775,5.1875,0.07315593705293277,0.3776824034334764
2563,0.715,5.18125,0.059605150214592284,0.30672389127324756
2564,0.8,5.19,0.0689442060085837,0.3570815450643777
2565,0.745,5.1775,0.062077253218884125,0.32274678111587984
2566,0.69,5.1975,0.057499284692417746,0.29985693848354794
2567,0.715,5.20875,0.06683834048640916,0.34792560801144495
2568,0.79,5.1975,0.05878111587982833,0.30443490701001436
2569,0.7275,5.1925,0.060612303290414886,0.3158798283261803
2570,0.7075,5.21125,0.06583118741058656,0.3410586552217454
2571,0.805,5.19375,0.05795708154506438,0.29985693848354794
2572,0.7225,5.1775,0.060246065808297576,0.3113018597997139
2573,0.8175,5.19,0.05621745350500716,0.2929899856938484
2574,0.8025,5.195,0.0566752503576538,0.2952789699570816
2575,0.705,5.18,0.05878111587982833,0.30443490701001436
2576,0.82,5.1875,0.07187410586552218,0.37081545064377686
2577,0.905,5.1775,0.06143633762517883,0.3181688125894135
2578,0.7525,5.2,0.06271816881258942,0.32732474964234626
2579,0.9,5.17625,0.07498712446351932,0.32732474964234626
2580,0.8725,5.185,0.059605150214592284,0.30672389127324756
2581,0.8375,5.21,0.06976824034334765,0.3639484978540773
2582,0.8125,5.20875,0.06775393419170243,0.35250357653791137
2583,0.755,5.1925,0.06775393419170243,0.35250357653791137
2584,0.805,5.1925,0.06711301859799715,0.34792560801144495
2585,0.7975,5.1925,0.06647210300429185,0.34563662374821175
2586,0.845,5.18375,0.056492131616595144,0.2929899856938484
2587,0.7225,5.18125,0.060246065808297576,0.3113018597997139
2588,0.7975,5.19375,0.06647210300429185,0.34563662374821175
2589,0.875,5.175,0.05731616595135909,0.2952789699570816
2590,0.82,5.195,0.0683032904148784,0.3570815450643777
2591,0.725,5.18,0.06042918454935623,0.3113018597997139
2592,0.85,5.18375,0.0666552217453505,0.34563662374821175
2593,0.7325,5.1775,0.06107010014306152,0.3158798283261803
2594,0.7625,5.205,0.06354220314735337,0.32961373390557946
2595,0.8675,5.17875,0.06354220314735337,0.32961373390557946
2596,0.8,5.19375,0.0666552217453505,0.34563662374821175
2597,0.7,5.1825,0.05832331902718169,0.30443490701001436
2598,0.69,5.2125,0.07288125894134478,0.3776824034334764
2599,0.895,5.1975,0.07462088698140201,0.3868383404864092
2600,0.875,5.205,0.07288125894134478,0.3776824034334764
2601,0.87,5.18125,0.059605150214592284,0.30672389127324756
2602,0.87,5.17875,0.05914735336194564,0.30672389127324756
2603,0.725,5.1825,0.06042918454935623,0.3158798283261803
2604,0.8625,5.18125,0.056858369098712454,0.2952789699570816
2605,0.86,5.18125,0.05814020028612304,0.29985693848354794
2606,0.7625,5.20125,0.06354220314735337,0.32961373390557946
2607,0.8525,5.1825,0.06482403433476396,0.33648068669527903
2608,0.8725,5.185,0.059605150214592284,0.30672389127324756
2609,0.795,5.2,0.0662889842632332,0.34563662374821175
2610,0.885,5.1775,0.06418311874105866,0.3341917024320458
2611,0.8675,5.18625,0.06271816881258942,0.32732474964234626
2612,0.695,5.18,0.05795708154506438,0.29985693848354794
2613,0.75,5.2075,0.06042918454935623,0.3158798283261803
2614,0.8625,5.18,0.05795708154506438,0.29985693848354794
2615,0.735,5.18375,0.06125321888412018,0.3181688125894135
2616,0.735,5.185,0.06125321888412018,0.3181688125894135
2617,0.8625,5.18125,0.056858369098712454,0.2952789699570816
2618,0.6825,5.18,0.056858369098712454,0.2952789699570816
2619,0.785,5.19125,0.06537339055793992,0.33648068669527903
2620,0.735,5.20875,0.06189413447782547,0.32274678111587984
2621,0.9225,5.2025,0.0769098712446352,0.4005722460658083
2622,0.7875,5.1825,0.06564806866952791,0.3410586552217454
2623,0.725,5.20875,0.07269814020028613,0.3776824034334764
2624,0.7625,5.18,0.06354220314735337,0.32961373390557946
2625,0.7575,5.19125,0.06308440629470673,0.32732474964234626
2626,0.835,5.19875,0.07397997138769671,0.3868383404864092
2627,0.7775,5.21125,0.06482403433476396,0.33648068669527903
2628,0.74,5.2075,0.061711015736766815,0.32274678111587984
2629,0.6825,5.205,0.07169098712446352,0.37081545064377686
2630,0.765,5.21,0.06372532188841203,0.3341917024320458
2631,0.7825,5.21125,0.06519027181688127,0.3410586552217454
2632,0.675,5.2075,0.07397997138769671,0.3868383404864092
2633,0.8875,5.2075,0.07397997138769671,0.3868383404864092
2634,0.84,5.2125,0.07004291845493563,0.3639484978540773
2635,0.7525,5.1925,0.06711301859799715,0.34792560801144495
2636,0.9,5.1775,0.06226037195994278,0.32274678111587984
2637,0.7175,5.18125,0.05978826895565094,0.3113018597997139
2638,0.8525,5.18375,0.06564806866952791,0.3410586552217454
2639,0.9,5.18,0.060246065808297576,0.3113018597997139
2640,0.8575,5.20375,0.07141630901287555,0.37081545064377686
2641,0.93,5.17625,0.060612303290414886,0.3158798283261803
2642,0.855,5.18125,0.05978826895565094,0.3113018597997139
2643,0.9025,5.1975,0.07517024320457798,0.3891273247496424
2644,0.8525,5.1825,0.056492131616595144,0.2929899856938484
2645,0.845,5.18125,0.05914735336194564,0.30672389127324756
2646,0.8325,5.19875,0.06940200286123034,0.35937052932761093
2647,0.85,5.18125,0.05914735336194564,0.30672389127324756
2648,0.8075,5.1875,0.06308440629470673,0.32732474964234626
2649,0.8375,5.20125,0.06976824034334765,0.3639484978540773
2650,0.86,5.18,0.07169098712446352,0.37539341917024327
2651,0.89,5.1825,0.059971387696709594,0.3113018597997139
2652,0.7175,5.19125,0.05978826895565094,0.3113018597997139
2653,0.905,5.2,0.07544492131616595,0.3937052932761088
2654,0.7525,5.205,0.06812017167381974,0.3570815450643777
2655,0.8975,5.2,0.07480400572246067,0.3891273247496424
2656,0.7625,5.17875,0.06354220314735337,0.32961373390557946
2657,0.7575,5.20375,0.059330472103004295,0.30672389127324756
2658,0.7875,5.21,0.06564806866952791,0.3410586552217454
2659,0.7525,5.20875,0.06271816881258942,0.32732474964234626
2660,0.865,5.18125,0.05795708154506438,0.29985693848354794
2661,0.68,5.18125,0.0566752503576538,0.2929899856938484
2662,0.695,5.17875,0.05795708154506438,0.29985693848354794
2663,0.8125,5.19125,0.05621745350500716,0.2929899856938484
2664,0.6975,5.18,0.05814020028612304,0.29985693848354794
2665,0.835,5.19875,0.069585121602289,0.35937052932761093
2666,0.885,5.1825,0.06042918454935623,0.3158798283261803
2667,0.9,5.20625,0.07498712446351932,0.3891273247496424
2668,0.725,5.18,0.06042918454935623,0.3113018597997139
2669,2.06,5.11,0.1706666666666667,0.8743919885550788
2670,1.39,5.15625,0.11582260371959945,0.5974248927038627
2671,0.8525,5.1925,0.07105007153075824,0.36852646638054365
2672,0.8425,5.1875,0.056492131616595144,0.2929899856938484
2673,0.84,5.18625,0.05621745350500716,0.2929899856938484
2674,0.725,5.18125,0.06042918454935623,0.3113018597997139
2675,0.8475,5.185,0.056492131616595144,0.2929899856938484
2676,1.1275,5.15375,0.11188555078683836,0.576824034334764
2677,0.7725,5.20375,0.06436623748211731,0.3341917024320458
2678,0.7775,5.20375,0.06519027181688127,0.33648068669527903
2679,0.7175,5.2025,0.07517024320457798,0.3891273247496424
2680,0.78,5.17625,0.06500715307582261,0.33648068669527903
2681,0.915,5.17625,0.0666552217453505,0.34563662374821175
2682,0.8,5.1975,0.06482403433476396,0.33648068669527903
2683,0.8825,5.21,0.07352217453505008,0.38226037195994284
2684,0.8875,5.1825,0.07397997138769671,0.3113018597997139
2685,0.77,5.205,0.06537339055793992,0.3410586552217454
2686,0.8525,5.21,0.07105007153075824,0.37081545064377686
2687,0.75,5.2025,0.06253505007153076,0.32732474964234626
2688,0.6825,5.2125,0.07059227467811159,0.36852646638054365
2689,0.7475,5.1975,0.06226037195994278,0.32274678111587984
2690,0.7175,5.1925,0.05978826895565094,0.3113018597997139
2691,0.6925,5.2125,0.06940200286123034,0.35937052932761093
2692,0.78,5.21125,0.06500715307582261,0.33648068669527903
2693,0.6975,5.19875,0.05814020028612304,0.30443490701001436
2694,0.6925,5.21375,0.06912732474964235,0.35937052932761093
2695,0.6725,5.19,0.05603433476394851,0.2929899856938484
2696,0.7825,5.205,0.06519027181688127,0.33648068669527903
2697,0.9075,5.17875,0.060612303290414886,0.3158798283261803
2698,0.9825,5.20125,0.08185407725321889,0.4280400572246066
2699,0.83,5.19,0.06912732474964235,0.35937052932761093
2700,0.815,5.195,0.07608583690987125,0.3937052932761088
2701,0.835,5.19,0.069585121602289,0.35937052932761093
2702,0.8475,5.20125,0.07059227467811159,0.36852646638054365
2703,0.8225,5.18375,0.06079542203147354,0.3158798283261803
2704,0.7875,5.1925,0.06564806866952791,0.3410586552217454
2705,0.9,5.20875,0.07498712446351932,0.3891273247496424
2706,0.8425,5.18125,0.059605150214592284,0.30672389127324756
2707,0.6925,5.19875,0.06912732474964235,0.35937052932761093
2708,0.8625,5.21,0.07187410586552218,0.37539341917024327
2709,0.8475,5.18125,0.059605150214592284,0.30672389127324756
2710,0.7275,5.19625,0.06775393419170243,0.35250357653791137
2711,0.7725,5.17625,0.06436623748211731,0.3341917024320458
2712,0.785,5.1925,0.07434620886981402,0.3868383404864092
2713,0.8825,5.17875,0.06335908440629472,0.32732474964234626
2714,0.7775,5.1875,0.06482403433476396,0.33648068669527903
2715,0.8875,5.18,0.06372532188841203,0.32961373390557946
2716,0.7625,5.20625,0.0662889842632332,0.34563662374821175
2717,0.755,5.20875,0.06290128755364807,0.32732474964234626
2718,0.7025,5.2,0.06976824034334765,0.3639484978540773
2719,0.7725,5.19125,0.06537339055793992,0.33648068669527903
2720,0.76,5.1875,0.06335908440629472,0.32961373390557946
2721,0.855,5.1825,0.07123319027181689,0.37081545064377686
2722,0.87,5.18125,0.056858369098712454,0.2952789699570816
2723,0.6875,5.18,0.05731616595135909,0.2952789699570816
2724,0.695,5.18,0.05795708154506438,0.29985693848354794
2725,0.775,5.20125,0.05795708154506438,0.29985693848354794
2726,1.48,5.17375,0.12333047210300431,0.6386266094420602
2727,0.7175,5.18375,0.05978826895565094,0.3113018597997139
2728,0.93,5.175,0.060612303290414886,0.3158798283261803
2729,0.7575,5.20125,0.06308440629470673,0.32732474964234626
2730,0.9,5.205,0.07498712446351932,0.3891273247496424
2731,0.81,5.1975,0.061711015736766815,0.32274678111587984
2732,0.725,5.20375,0.06042918454935623,0.3158798283261803
2733,0.6825,5.1925,0.056858369098712454,0.2952789699570816
2734,0.7475,5.20375,0.060246065808297576,0.3158798283261803
2735,0.695,5.19875,0.05795708154506438,0.29985693848354794
2736,0.675,5.19375,0.05621745350500716,0.2929899856938484
2737,0.7075,5.21125,0.06583118741058656,0.3410586552217454
2738,0.675,5.19,0.05621745350500716,0.2929899856938484
2739,0.6775,5.195,0.056492131616595144,0.2929899856938484
2740,0.675,5.20875,0.07187410586552218,0.37539341917024327
2741,0.8975,5.20375,0.07480400572246067,0.3891273247496424
2742,0.895,5.20875,0.07462088698140201,0.3891273247496424
2743,0.8375,5.20125,0.07397997138769671,0.3868383404864092
2744,0.7225,5.20125,0.07462088698140201,0.3868383404864092
2745,0.735,5.1775,0.06125321888412018,0.3181688125894135
2746,0.8825,5.1825,0.06976824034334765,0.35937052932761093
2747,0.6725,5.205,0.07169098712446352,0.37081545064377686
2748,0.8575,5.21125,0.07141630901287555,0.37081545064377686
2749,0.8175,5.18375,0.06079542203147354,0.3158798283261803
2750,0.705,5.20125,0.07022603719599428,0.3639484978540773
2751,0.76,5.20875,0.06335908440629472,0.32961373390557946
2752,0.695,5.2025,0.07086695278969958,0.36852646638054365
2753,0.69,5.2075,0.07123319027181689,0.37081545064377686
2754,0.8475,5.2125,0.07059227467811159,0.36852646638054365
2755,0.77,5.20625,0.06418311874105866,0.3410586552217454
2756,0.83,5.1875,0.07251502145922747,0.37539341917024327
2757,0.7125,5.18875,0.059330472103004295,0.30672389127324756
2758,0.89,5.20875,0.07416309012875537,0.3868383404864092
2759,0.86,5.1875,0.059605150214592284,0.30672389127324756
2760,0.88,5.21,0.07333905579399143,0.38226037195994284
2761,0.7725,5.17875,0.06436623748211731,0.3341917024320458
2762,0.72,5.21,0.06454935622317597,0.33648068669527903
2763,0.74,5.1925,0.061711015736766815,0.3181688125894135
2764,0.7,5.17875,0.05832331902718169,0.30443490701001436
2765,0.75,5.2025,0.059971387696709594,0.3113018597997139
2766,0.735,5.2075,0.06125321888412018,0.3181688125894135
2767,0.71,5.2025,0.05914735336194564,0.30672389127324756
2768,0.6875,5.20625,0.07462088698140201,0.3891273247496424
2769,0.8575,5.21,0.07141630901287555,0.37081545064377686
2770,0.8375,5.2125,0.06976824034334765,0.3639484978540773
2771,1.5775,5.13625,0.09329899856938484,0.48068669527897
2772,2.0925,5.11125,0.1744206008583691,0.8927038626609443
2773,1.4075,5.195,0.11728755364806868,0.6065808297567954
2774,0.9075,5.18875,0.059971387696709594,0.3113018597997139
2775,0.8275,5.20875,0.0689442060085837,0.35937052932761093
2776,0.985,5.2,0.08212875536480688,0.4280400572246066
2777,0.7475,5.205,0.060612303290414886,0.3158798283261803
2778,0.75,5.205,0.05878111587982833,0.30672389127324756
2779,0.6975,5.19875,0.05814020028612304,0.30443490701001436
2780,0.6925,5.2025,0.07086695278969958,0.36852646638054365
2781,0.715,5.19375,0.07745922746781117,0.4005722460658083
2782,0.845,5.20125,0.07040915593705294,0.36852646638054365
2783,0.87,5.18,0.06143633762517883,0.3181688125894135
2784,0.77,5.1875,0.06793705293276109,0.35250357653791137
2785,0.81,5.195,0.06747925608011446,0.34792560801144495
2786,1.195,5.17125,0.06564806866952791,0.3410586552217454
2787,0.725,5.20375,0.07480400572246067,0.3891273247496424
2788,0.7425,5.17875,0.06189413447782547,0.3181688125894135
2789,0.7375,5.1975,0.07333905579399143,0.38226037195994284
2790,0.83,5.185,0.0672961373390558,0.34792560801144495
2791,0.735,5.1925,0.06125321888412018,0.3181688125894135
2792,0.7625,5.19125,0.06354220314735337,0.32961373390557946
2793,0.7325,5.21,0.07315593705293277,0.38226037195994284
2794,0.87,5.20875,0.07251502145922747,0.3776824034334764
2795,0.8175,5.21125,0.06812017167381974,0.3570815450643777
2796,0.795,5.18625,0.06290128755364807,0.32732474964234626
2797,0.755,5.1875,0.06290128755364807,0.32732474964234626
2798,0.8325,5.19875,0.06940200286123034,0.35937052932761093
2799,0.8675,5.18125,0.05814020028612304,0.29985693848354794
2800,0.785,5.1925,0.06537339055793992,0.3410586552217454
2801,1.2925,5.13125,0.10767381974248928,0.5516452074391989
2802,0.895,5.17875,0.062077253218884125,0.32274678111587984
2803,0.88,5.21,0.07333905579399143,0.38226037195994284
2804,0.775,5.18125,0.06454935622317597,0.3341917024320458
2805,0.73,5.1975,0.07370529327610874,0.38226037195994284
2806,0.7475,5.17875,0.06226037195994278,0.32274678111587984
2807,0.71,5.1825,0.05914735336194564,0.30672389127324756
2808,0.825,5.19,0.056492131616595144,0.2929899856938484
2809,0.6975,5.18,0.05814020028612304,0.29985693848354794
2810,0.76,5.1875,0.06335908440629472,0.32961373390557946
2811,0.805,5.1925,0.056492131616595144,0.2929899856938484
2812,0.7175,5.20375,0.05978826895565094,0.3113018597997139
2813,0.6825,5.18375,0.056858369098712454,0.2952789699570816
2814,0.74,5.20625,0.06107010014306152,0.3181688125894135
2815,0.82,5.19125,0.056492131616595144,0.2929899856938484
2816,1.2575,5.18125,0.10483547925608012,0.5447782546494994
2817,0.7425,5.1975,0.07370529327610874,0.38226037195994284
2818,0.7575,5.19375,0.07141630901287555,0.37081545064377686
2819,0.745,5.1775,0.062077253218884125,0.32274678111587984
2820,0.715,5.2025,0.07498712446351932,0.3891273247496424
2821,0.8325,5.18375,0.06683834048640916,0.34563662374821175
2822,0.7225,5.20625,0.060246065808297576,0.3158798283261803
2823,0.6975,5.2025,0.07141630901287555,0.37081545064377686
2824,0.7075,5.21125,0.06537339055793992,0.3410586552217454
2825,0.8175,5.21,0.06812017167381974,0.3570815450643777
2826,0.845,5.19125,0.07040915593705294,0.3639484978540773
2827,0.8325,5.19,0.05621745350500716,0.2929899856938484
2828,0.755,5.18,0.06290128755364807,0.32732474964234626
2829,0.825,5.1975,0.06876108726752504,0.3570815450643777
2830,0.8425,5.185,0.056492131616595144,0.2929899856938484
2831,0.8375,5.17625,0.06976824034334765,0.35937052932761093
2832,0.86,5.21,0.07169098712446352,0.37539341917024327
2833,0.8425,5.1925,0.06042918454935623,0.3158798283261803
2834,0.8975,5.2025,0.07480400572246067,0.3891273247496424
2835,0.7925,5.185,0.06601430615164522,0.3410586552217454
2836,0.73,5.20875,0.07105007153075824,0.37081545064377686
2837,0.8075,5.21125,0.0672961373390558,0.35250357653791137
2838,0.7975,5.21125,0.06647210300429185,0.34563662374821175
2839,0.735,5.195,0.06775393419170243,0.35250357653791137
2840,0.83,5.21125,0.06912732474964235,0.35937052932761093
2841,0.7525,5.20875,0.06271816881258942,0.32732474964234626
2842,0.8,5.18625,0.06226037195994278,0.32274678111587984
2843,0.8075,5.195,0.0672961373390558,0.34792560801144495
2844,0.8575,5.205,0.07141630901287555,0.37081545064377686
2845,0.8725,5.18,0.05731616595135909,0.2952789699570816
2846,0.835,5.17,0.069585121602289,0.35937052932761093
2847,0.7225,5.1925,0.060246065808297576,0.3113018597997139
2848,0.7425,5.1975,0.07251502145922747,0.37539341917024327
2849,0.87,5.18,0.06436623748211731,0.3341917024320458
2850,0.7175,5.19125,0.05978826895565094,0.3113018597997139
2851,0.8275,5.18875,0.0689442060085837,0.3570815450643777
2852,0.8525,5.18,0.05814020028612304,0.29985693848354794
2853,0.8275,5.19875,0.0689442060085837,0.35937052932761093
2854,0.8625,5.18375,0.0566752503576538,0.2929899856938484
2855,0.8425,5.1825,0.059605150214592284,0.30672389127324756
2856,0.68,5.18,0.0566752503576538,0.2929899856938484
2857,0.765,5.2,0.05850643776824035,0.30443490701001436
2858,0.73,5.2075,0.062077253218884125,0.32274678111587984
2859,0.6825,5.1925,0.056858369098712454,0.2952789699570816
2860,0.7025,5.20875,0.06976824034334765,0.3639484978540773
2861,0.86,5.195,0.07434620886981402,0.3868383404864092
2862,0.715,5.1875,0.059605150214592284,0.30672389127324756
2863,0.8875,5.17875,0.07397997138769671,0.3868383404864092
2864,0.7225,5.21,0.07397997138769671,0.3868383404864092
2865,0.77,5.18,0.06418311874105866,0.3341917024320458
2866,0.715,5.1825,0.059605150214592284,0.30672389127324756
2867,0.68,5.21125,0.07086695278969958,0.36852646638054365
2868,0.7625,5.20875,0.06354220314735337,0.32961373390557946
2869,0.8,5.21,0.0666552217453505,0.34792560801144495
2870,0.69,5.2025,0.07059227467811159,0.36852646638054365
2871,0.83,5.21375,0.06912732474964235,0.35937052932761093
2872,0.8025,5.2025,0.06683834048640916,0.34792560801144495
2873,0.6825,5.2125,0.07105007153075824,0.37081545064377686
2874,0.825,5.21375,0.06876108726752504,0.35937052932761093
2875,0.67,5.18875,0.055851216022889845,0.288412017167382
2876,0.8075,5.1975,0.08808011444921317,0.4577968526466381
2877,0.7175,5.18,0.05978826895565094,0.3113018597997139
2878,0.765,5.2025,0.06372532188841203,0.32961373390557946
2879,0.8875,5.1775,0.061711015736766815,0.3181688125894135
2880,1.555,5.16375,0.1295565092989986,0.6683834048640916
2881,0.8475,5.20875,0.07059227467811159,0.36852646638054365
2882,0.9125,5.18,0.06253505007153076,0.32274678111587984
2883,0.865,5.20875,0.07205722460658083,0.37539341917024327
2884,0.7475,5.20875,0.06226037195994278,0.32274678111587984
2885,0.8075,5.18625,0.06271816881258942,0.32732474964234626
2886,0.7325,5.19625,0.06747925608011446,0.34792560801144495
2887,0.8475,5.205,0.07059227467811159,0.36852646638054365
2888,0.78,5.18875,0.06372532188841203,0.32961373390557946
2889,0.7775,5.18875,0.06482403433476396,0.33648068669527903
2890,0.9075,5.2075,0.07562804005722461,0.3937052932761088
2891,0.9925,5.16875,0.07480400572246067,0.3868383404864092
2892,0.905,5.1775,0.060612303290414886,0.3158798283261803
2893,0.715,5.18375,0.059605150214592284,0.30672389127324756
2894,0.83,5.185,0.06683834048640916,0.34563662374821175
2895,0.89,5.17875,0.06271816881258942,0.32732474964234626
2896,0.75,5.2,0.06253505007153076,0.32732474964234626
2897,0.7475,5.1925,0.06226037195994278,0.34792560801144495
2898,0.685,5.2125,0.06940200286123034,0.35937052932761093
2899,0.7675,5.20875,0.064,0.3341917024320458
2900,0.7975,5.2125,0.06647210300429185,0.34563662374821175
2901,0.68,5.205,0.07187410586552218,0.37539341917024327
2902,0.795,5.21125,0.0662889842632332,0.34563662374821175
2903,0.835,5.2125,0.069585121602289,0.3639484978540773
2904,0.86,5.18125,0.057499284692417746,0.2952789699570816
2905,0.6925,5.18125,0.0576824034334764,0.29985693848354794
2906,0.8275,5.1725,0.0689442060085837,0.3570815450643777
2907,0.775,5.1925,0.07086695278969958,0.36852646638054365
2908,0.77,5.18375,0.06418311874105866,0.3341917024320458
2909,0.7125,5.18875,0.059330472103004295,0.30672389127324756
2910,0.8925,5.17875,0.06226037195994278,0.32274678111587984
2911,0.745,5.2,0.062077253218884125,0.32274678111587984
2912,0.84,5.21,0.07004291845493563,0.3639484978540773
2913,0.845,5.185,0.05621745350500716,0.2929899856938484
2914,0.675,5.18875,0.05621745350500716,0.2929899856938484
2915,0.7025,5.18,0.05850643776824035,0.30443490701001436
2916,0.7375,5.20375,0.05978826895565094,0.3113018597997139
2917,0.725,5.2075,0.06042918454935623,0.3158798283261803
2918,0.73,5.20625,0.06079542203147354,0.3158798283261803
2919,0.6725,5.21,0.07169098712446352,0.37539341917024327
2920,0.7225,5.21,0.064,0.3341917024320458
2921,0.8825,5.2025,0.07352217453505008,0.38226037195994284
2922,0.8375,5.19375,0.060246065808297576,0.3113018597997139
2923,0.7275,5.21125,0.07333905579399143,0.38226037195994284
2924,0.865,5.20875,0.07205722460658083,0.37539341917024327
2925,0.7525,5.2075,0.0666552217453505,0.34792560801144495
2926,0.7875,5.19,0.06976824034334765,0.3639484978540773
2927,0.7,5.18125,0.05832331902718169,0.30443490701001436
2928,0.715,5.21,0.06290128755364807,0.32732474964234626
2929,0.7425,5.205,0.059330472103004295,0.30672389127324756
2930,0.69,5.19625,0.057499284692417746,0.29985693848354794
2931,0.7,5.20625,0.07233190271816882,0.37539341917024327
2932,0.67,5.21,0.07269814020028613,0.3776824034334764
2933,0.675,5.19,0.05621745350500716,0.2929899856938484
2934,0.6825,5.20375,0.056858369098712454,0.2952789699570816
2935,0.6775,5.2125,0.07141630901287555,0.37081545064377686
2936,0.895,5.205,0.07462088698140201,0.3891273247496424
2937,0.88,5.20875,0.07333905579399143,0.38226037195994284
2938,0.8025,5.2,0.06189413447782547,0.32274678111587984
2939,0.835,5.21,0.069585121602289,0.3639484978540773
2940,0.9,5.205,0.07498712446351932,0.3891273247496424
2941,0.755,5.20625,0.0666552217453505,0.34792560801144495
2942,0.86,5.20625,0.07169098712446352,0.37539341917024327
2943,0.7675,5.21125,0.064,0.3341917024320458
2944,0.79,5.1875,0.06335908440629472,0.32961373390557946
2945,0.82,5.195,0.0683032904148784,0.3570815450643777
2946,0.785,5.19125,0.06537339055793992,0.33648068669527903
2947,0.8675,5.17875,0.05731616595135909,0.2952789699570816
2948,0.7175,5.18125,0.05978826895565094,0.3113018597997139
2949,0.855,5.20375,0.07123319027181689,0.37081545064377686
2950,0.8575,5.18125,0.05878111587982833,0.30443490701001436
2951,0.8,5.18875,0.0666552217453505,0.34563662374821175
2952,0.72,5.1925,0.059971387696709594,0.3113018597997139
2953,0.89,5.17625,0.06418311874105866,0.3341917024320458
2954,0.775,5.17625,0.06454935622317597,0.3341917024320458
2955,0.73,5.19625,0.06079542203147354,0.3158798283261803
2956,0.905,5.1775,0.06042918454935623,0.3113018597997139
2957,0.8675,5.17875,0.05814020028612304,0.29985693848354794
2958,0.775,5.19,0.06454935622317597,0.3341917024320458
2959,0.8625,5.18125,0.05704148783977111,0.2952789699570816
2960,0.7375,5.19375,0.06601430615164522,0.3410586552217454
2961,0.8975,5.2075,0.07480400572246067,0.3891273247496424
2962,0.8575,5.18125,0.05731616595135909,0.2952789699570816
2963,0.8825,5.175,0.060246065808297576,0.3113018597997139
2964,0.7625,5.18,0.06354220314735337,0.32961373390557946
2965,0.85,5.185,0.05621745350500716,0.2929899856938484
2966,0.835,5.19,0.06436623748211731,0.3341917024320458
2967,0.8075,5.18375,0.0672961373390558,0.34792560801144495
2968,0.72,5.21,0.059971387696709594,0.38226037195994284
2969,0.8575,5.18125,0.06482403433476396,0.33648068669527903
2970,0.72,5.17875,0.059971387696709594,0.3113018597997139
2971,0.8775,5.20875,0.07315593705293277,0.38226037195994284
2972,0.87,5.18125,0.05814020028612304,0.29985693848354794
2973,0.7275,5.18375,0.060612303290414886,0.3158798283261803
2974,0.735,5.18125,0.06125321888412018,0.3181688125894135
2975,0.7825,5.19875,0.05731616595135909,0.2952789699570816
2976,0.6725,5.1875,0.05603433476394851,0.2929899856938484
2977,0.845,5.2125,0.07040915593705294,0.36852646638054365
2978,0.8,5.18625,0.06271816881258942,0.32732474964234626
2979,0.76,5.1875,0.06335908440629472,0.32961373390557946
2980,0.8225,5.1975,0.06857796852646639,0.3570815450643777
2981,0.8875,5.17625,0.05878111587982833,0.30443490701001436
2982,0.785,5.205,0.06537339055793992,0.3410586552217454
2983,0.85,5.19375,0.07086695278969958,0.36852646638054365
2984,0.775,5.2,0.0662889842632332,0.34563662374821175
2985,0.8375,5.1875,0.06976824034334765,0.3639484978540773
2986,0.7275,5.17875,0.060612303290414886,0.3158798283261803
2987,0.7075,5.2125,0.06537339055793992,0.3410586552217454
2988,0.675,5.19125,0.05621745350500716,0.2929899856938484
2989,0.6975,5.1975,0.05814020028612304,0.30443490701001436
2990,0.675,5.20875,0.07123319027181689,0.37081545064377686
2991,0.705,5.20875,0.06564806866952791,0.3410586552217454
2992,0.7525,5.2075,0.06271816881258942,0.32732474964234626
2993,0.78,5.18875,0.06418311874105866,0.3341917024320458
2994,0.8175,5.185,0.07022603719599428,0.3639484978540773
2995,0.8,5.1925,0.0666552217453505,0.34563662374821175
2996,0.8175,5.19125,0.05621745350500716,0.2929899856938484
2997,0.725,5.2,0.07397997138769671,0.3868383404864092
2998,0.78,5.1825,0.06500715307582261,0.33648068669527903
2999,0.73,5.20875,0.07086695278969958,0.36852646638054365
3000,0.715,5.205,0.07562804005722461,0.3937052932761088
3001,0.77,5.18125,0.06418311874105866,0.3341917024320458
3002,0.785,5.1975,0.05704148783977111,0.2952789699570816
3003,0.71,5.21125,0.06482403433476396,0.33648068669527903
3004,0.7425,5.20875,0.06189413447782547,0.32274678111587984
3005,0.7375,5.195,0.06143633762517883,0.3181688125894135
3006,0.69,5.20125,0.07105007153075824,0.37081545064377686
3007,0.84,5.2,0.07004291845493563,0.3639484978540773
3008,0.785,5.21125,0.06537339055793992,0.3410586552217454
3009,0.8575,5.18125,0.05814020028612304,0.29985693848354794
3010,0.72,5.1825,0.059971387696709594,0.3113018597997139
3011,0.8525,5.205,0.07105007153075824,0.37081545064377686
3012,0.7625,5.195,0.07233190271816882,0.37539341917024327
3013,0.7725,5.18125,0.06436623748211731,0.3341917024320458
3014,0.885,5.21125,0.07370529327610874,0.38226037195994284
3015,0.715,5.20875,0.07562804005722461,0.3937052932761088
3016,0.84,5.19125,0.07004291845493563,0.3639484978540773
3017,0.7525,5.1875,0.06271816881258942,0.32732474964234626
3018,0.855,5.18375,0.0566752503576538,0.2929899856938484
3019,0.7175,5.1825,0.05978826895565094,0.3113018597997139
3020,0.865,5.1975,0.07205722460658083,0.37539341917024327
3021,0.8425,5.185,0.056492131616595144,0.2929899856938484
3022,0.68,5.1825,0.0566752503576538,0.2929899856938484
3023,0.725,5.18375,0.06042918454935623,0.3158798283261803
3024,0.8375,5.18625,0.05621745350500716,0.2929899856938484
3025,0.7025,5.17875,0.05850643776824035,0.30443490701001436
3026,0.7025,5.18125,0.05850643776824035,0.30443490701001436
3027,0.7625,5.205,0.06583118741058656,0.3410586552217454
3028,0.8,5.18875,0.06940200286123034,0.35937052932761093
3029,0.715,5.1825,0.059605150214592284,0.30672389127324756
3030,0.725,5.2,0.07462088698140201,0.3868383404864092
3031,0.915,5.17875,0.06042918454935623,0.3113018597997139
3032,0.6775,5.18375,0.056492131616595144,0.2929899856938484
3033,0.6875,5.2025,0.07205722460658083,0.37539341917024327
3034,0.7175,5.19625,0.06747925608011446,0.34792560801144495
3035,0.785,5.19125,0.06537339055793992,0.33648068669527903
3036,0.8625,5.18125,0.05704148783977111,0.2952789699570816
3037,0.8425,5.18625,0.05621745350500716,0.2929899856938484
3038,0.735,5.18375,0.06125321888412018,0.3181688125894135
3039,0.68,5.21125,0.0566752503576538,0.3639484978540773
3040,0.6775,5.20875,0.07105007153075824,0.37081545064377686
3041,0.85,5.21125,0.07086695278969958,0.36852646638054365
3042,0.7125,5.1925,0.059330472103004295,0.30672389127324756
3043,0.8025,5.19,0.06857796852646639,0.3570815450643777
3044,0.785,5.17625,0.06537339055793992,0.33648068669527903
3045,0.7175,5.19,0.05978826895565094,0.3113018597997139
3046,0.885,5.1775,0.06271816881258942,0.32732474964234626
3047,0.6975,5.2,0.05814020028612304,0.30443490701001436
3048,0.6775,5.19375,0.056492131616595144,0.2929899856938484
3049,0.7375,5.20625,0.060612303290414886,0.3158798283261803
3050,0.6725,5.18625,0.05603433476394851,0.288412017167382
3051,0.6825,5.1825,0.056858369098712454,0.2952789699570816
3052,0.7325,5.2075,0.061711015736766815,0.32274678111587984
3053,0.705,5.19625,0.05878111587982833,0.30443490701001436
3054,0.775,5.19375,0.06454935622317597,0.3341917024320458
3055,0.805,5.195,0.0566752503576538,0.2952789699570816
3056,0.68,5.19625,0.0566752503576538,0.2952789699570816
3057,0.7775,5.18125,0.06482403433476396,0.33648068669527903
3058,0.725,5.21,0.07269814020028613,0.3776824034334764
3059,0.8575,5.1925,0.07141630901287555,0.37081545064377686
3060,0.8275,5.1875,0.0689442060085837,0.3570815450643777
3061,0.805,5.1975,0.061711015736766815,0.32274678111587984
3062,0.7375,5.205,0.060612303290414886,0.3158798283261803
3063,0.745,5.20875,0.062077253218884125,0.32274678111587984
3064,0.7875,5.19875,0.06940200286123034,0.35937052932761093
3065,0.72,5.21,0.06335908440629472,0.32961373390557946
3066,0.7125,5.205,0.059330472103004295,0.30672389127324756
3067,0.7125,5.1975,0.0689442060085837,0.35937052932761093
3068,0.6825,5.21125,0.07205722460658083,0.37539341917024327
3069,0.765,5.21125,0.06372532188841203,0.3341917024320458
3070,0.7825,5.1875,0.06436623748211731,0.3341917024320458
3071,0.7675,5.19125,0.06500715307582261,0.33648068669527903
3072,0.72,5.18125,0.059971387696709594,0.3113018597997139
3073,0.8875,5.18125,0.059971387696709594,0.3113018597997139
3074,0.775,5.20375,0.06436623748211731,0.3341917024320458
3075,0.8875,5.20875,0.07397997138769671,0.3868383404864092
3076,0.785,5.1825,0.06537339055793992,0.33648068669527903
3077,0.83,5.1825,0.06042918454935623,0.3158798283261803
3078,0.7225,5.1825,0.060246065808297576,0.3113018597997139
3079,0.89,5.205,0.07416309012875537,0.3868383404864092
3080,0.855,5.18375,0.0566752503576538,0.2929899856938484
3081,0.7275,5.18125,0.060612303290414886,0.3158798283261803
3082,0.835,5.2,0.069585121602289,0.35937052932761093
3083,0.85,5.17875,0.058964234620886985,0.30443490701001436
3084,0.715,5.1825,0.059605150214592284,0.30672389127324756
3085,0.87,5.2075,0.07251502145922747,0.3776824034334764
3086,0.8575,5.18125,0.05832331902718169,0.30443490701001436
3087,0.7975,5.2075,0.06647210300429185,0.34563662374821175
3088,0.8475,5.19,0.07059227467811159,0.36852646638054365
3089,0.7425,5.21,0.06912732474964235,0.35937052932761093
3090,0.8775,5.1975,0.07315593705293277,0.3776824034334764
3091,0.7275,5.1775,0.060612303290414886,0.3158798283261803
3092,0.7225,5.19625,0.06857796852646639,0.3570815450643777
3093,0.865,5.20625,0.07205722460658083,0.37539341917024327
3094,0.82,5.1975,0.0683032904148784,0.3570815450643777
3095,0.85,5.18125,0.05878111587982833,0.30443490701001436
3096,0.8025,5.18625,0.06226037195994278,0.32274678111587984
3097,0.7775,5.19125,0.06482403433476396,0.33648068669527903
3098,0.8475,5.18375,0.0566752503576538,0.2929899856938484
3099,0.7925,5.195,0.056858369098712454,0.2952789699570816
3100,0.68,5.1825,0.0566752503576538,0.2929899856938484
3101,0.6775,5.20625,0.07169098712446352,0.37539341917024327
3102,0.9,5.17875,0.061711015736766815,0.3181688125894135
3103,0.8025,5.2075,0.06683834048640916,0.34792560801144495
3104,0.74,5.20875,0.06912732474964235,0.35937052932761093
3105,0.895,5.17875,0.06079542203147354,0.3158798283261803
3106,0.715,5.18125,0.059605150214592284,0.30672389127324756
3107,0.815,5.185,0.06125321888412018,0.3181688125894135
3108,0.7075,5.2,0.06976824034334765,0.3639484978540773
3109,0.8475,5.2025,0.07059227467811159,0.36852646638054365
3110,0.8225,5.185,0.06857796852646639,0.3570815450643777
3111,0.74,5.1925,0.06857796852646639,0.3570815450643777
3112,0.86,5.205,0.07169098712446352,0.37081545064377686
3113,0.865,5.21125,0.07205722460658083,0.37539341917024327
3114,0.7675,5.19,0.06372532188841203,0.32961373390557946
3115,0.68,5.18375,0.0566752503576538,0.2929899856938484
3116,0.6925,5.185,0.0576824034334764,0.29985693848354794
3117,0.8525,5.1825,0.06601430615164522,0.3410586552217454
3118,0.715,5.19125,0.059605150214592284,0.3113018597997139
3119,0.8925,5.2,0.07434620886981402,0.3868383404864092
3120,0.8575,5.19,0.05978826895565094,0.3113018597997139
3121,0.865,5.21125,0.07205722460658083,0.37539341917024327
3122,0.7975,5.19375,0.06647210300429185,0.34563662374821175
3123,0.7775,5.19875,0.057499284692417746,0.29985693848354794
3124,0.6725,5.18375,0.05603433476394851,0.288412017167382
3125,0.7175,5.19375,0.05978826895565094,0.3113018597997139
3126,0.6875,5.2125,0.069585121602289,0.3639484978540773
3127,0.855,5.18625,0.07123319027181689,0.37081545064377686
3128,0.8425,5.2,0.07022603719599428,0.3639484978540773
3129,0.86,5.18125,0.05850643776824035,0.30443490701001436
3130,0.7925,5.19375,0.06601430615164522,0.3410586552217454
3131,0.775,5.18875,0.06454935622317597,0.3341917024320458
3132,0.73,5.20875,0.07086695278969958,0.36852646638054365
3133,0.815,5.1875,0.0683032904148784,0.35250357653791137
3134,0.7175,5.18125,0.05978826895565094,0.3113018597997139
3135,0.875,5.18,0.06647210300429185,0.34563662374821175
3136,0.8925,5.17875,0.06189413447782547,0.3181688125894135
3137,0.765,5.19375,0.06372532188841203,0.32961373390557946
3138,0.6925,5.205,0.07269814020028613,0.3776824034334764
3139,0.68,5.2075,0.07169098712446352,0.37539341917024327
3140,0.76,5.20875,0.06335908440629472,0.32961373390557946
3141,0.74,5.195,0.06793705293276109,0.35250357653791137
3142,0.8625,5.1825,0.059605150214592284,0.30672389127324756
3143,0.885,5.1975,0.07370529327610874,0.38226037195994284
3144,0.86,5.1825,0.07169098712446352,0.29985693848354794
3145,0.8125,5.18375,0.06290128755364807,0.32732474964234626
3146,0.8625,5.20625,0.07187410586552218,0.37539341917024327
3147,0.7375,5.17625,0.06143633762517883,0.3181688125894135
3148,0.7425,5.1975,0.07288125894134478,0.3776824034334764
3149,0.8125,5.1875,0.06775393419170243,0.35250357653791137
3150,0.735,5.1775,0.06125321888412018,0.3181688125894135
3151,0.7175,5.21125,0.07397997138769671,0.3868383404864092
3152,0.85,5.20875,0.07086695278969958,0.36852646638054365
3153,0.8525,5.20375,0.07105007153075824,0.37081545064377686
3154,0.86,5.18125,0.05878111587982833,0.30443490701001436
3155,0.695,5.18125,0.05795708154506438,0.29985693848354794
3156,0.845,5.20375,0.07040915593705294,0.36852646638054365
3157,0.8275,5.18375,0.060612303290414886,0.3158798283261803
3158,0.84,5.20125,0.07004291845493563,0.3639484978540773
3159,0.8575,5.20375,0.07141630901287555,0.37081545064377686
3160,0.8675,5.18125,0.05832331902718169,0.30443490701001436
3161,0.82,5.19875,0.0683032904148784,0.3570815450643777
3162,0.82,5.1875,0.0683032904148784,0.35250357653791137
3163,0.7825,5.2025,0.064,0.3341917024320458
3164,0.8525,5.21,0.07105007153075824,0.37081545064377686
3165,0.87,5.1875,0.07251502145922747,0.37539341917024327
3166,0.7325,5.21125,0.07205722460658083,0.37539341917024327
3167,0.6775,5.21,0.07141630901287555,0.37081545064377686
3168,0.7175,5.2025,0.05978826895565094,0.3113018597997139
3169,0.705,5.19875,0.069585121602289,0.35937052932761093
3170,0.69,5.2125,0.06775393419170243,0.35250357653791137
3171,0.8325,5.21375,0.06940200286123034,0.35937052932761093
3172,0.6925,5.20125,0.07040915593705294,0.36852646638054365
3173,0.7325,5.195,0.06711301859799715,0.34792560801144495
3174,0.85,5.2,0.07086695278969958,0.36852646638054365
3175,0.915,5.17625,0.056858369098712454,0.2929899856938484
3176,0.8325,5.18875,0.05621745350500716,0.2929899856938484
3177,0.97,5.2075,0.08084692417739629,0.421173104434907
3178,0.825,5.195,0.060612303290414886,0.3158798283261803
3179,0.8,5.2,0.06290128755364807,0.32732474964234626
3180,0.9025,5.2,0.07517024320457798,0.3891273247496424
3181,0.8025,5.185,0.06683834048640916,0.34563662374821175
3182,0.725,5.20875,0.06189413447782547,0.32274678111587984
3183,0.7375,5.20875,0.06143633762517883,0.3181688125894135
3184,0.7225,5.20625,0.060246065808297576,0.3158798283261803
3185,0.6925,5.19875,0.07251502145922747,0.3776824034334764
3186,0.86,5.2075,0.07169098712446352,0.37539341917024327
3187,0.795,5.21375,0.0662889842632332,0.34563662374821175
3188,0.72,5.1975,0.06793705293276109,0.35250357653791137
3189,0.8675,5.205,0.07233190271816882,0.37539341917024327
3190,0.8475,5.2125,0.07059227467811159,0.36852646638054365
3191,0.8,5.1875,0.06308440629470673,0.32732474964234626
3192,0.8225,5.2075,0.06857796852646639,0.3570815450643777
3193,0.8875,5.205,0.07397997138769671,0.3868383404864092
3194,0.845,5.1925,0.06107010014306152,0.3181688125894135
3195,0.9525,5.20125,0.07938197424892705,0.4120171673819743
3196,0.74,5.2,0.061711015736766815,0.32274678111587984
3197,0.7875,5.18875,0.06308440629470673,0.32732474964234626
3198,0.825,5.2,0.06876108726752504,0.3570815450643777
3199,0.845,5.2,0.07040915593705294,0.36852646638054365
3200,0.855,5.17875,0.0576824034334764,0.29985693848354794
3201,0.8425,5.17875,0.06354220314735337,0.32961373390557946
3202,0.735,5.18375,0.06125321888412018,0.3181688125894135
3203,0.7975,5.19625,0.05731616595135909,0.2952789699570816
3204,0.8125,5.1925,0.055851216022889845,0.288412017167382
3205,0.685,5.1775,0.05704148783977111,0.2952789699570816
3206,0.69,5.2,0.06876108726752504,0.3570815450643777
3207,0.8875,5.17875,0.06308440629470673,0.32732474964234626
3208,0.725,5.19375,0.06042918454935623,0.3158798283261803
3209,0.9125,5.1775,0.062077253218884125,0.32274678111587984
3210,0.81,5.19875,0.06125321888412018,0.3181688125894135
3211,0.855,5.21,0.07123319027181689,0.37081545064377686
3212,0.84,5.1875,0.05603433476394851,0.2929899856938484
3213,0.8275,5.1875,0.05621745350500716,0.2929899856938484
3214,0.68,5.19,0.0566752503576538,0.2929899856938484
3215,0.68,5.2125,0.0566752503576538,0.2929899856938484
3216,0.7225,5.19125,0.07004291845493563,0.3639484978540773
3217,0.83,5.19375,0.06912732474964235,0.35937052932761093
3218,0.805,5.1975,0.06711301859799715,0.34792560801144495
3219,0.8475,5.18375,0.05878111587982833,0.30443490701001436
3220,0.72,5.1825,0.059971387696709594,0.3113018597997139
3221,0.84,5.2,0.07004291845493563,0.3639484978540773
3222,0.765,5.20625,0.06564806866952791,0.3410586552217454
3223,0.9,5.2025,0.07498712446351932,0.3891273247496424
3224,0.7925,5.17875,0.06601430615164522,0.3410586552217454
3225,0.7425,5.2075,0.0769098712446352,0.4005722460658083
3226,0.8475,5.17875,0.07059227467811159,0.3639484978540773
3227,1.3525,5.20375,0.1127095851216023,0.5859799713876968
3228,0.72,5.195,0.06775393419170243,0.35250357653791137
3229,0.8575,5.2025,0.07141630901287555,0.37081545064377686
3230,0.845,5.21125,0.07040915593705294,0.36852646638054365
3231,0.77,5.1975,0.06747925608011446,0.35250357653791137
3232,0.8775,5.21125,0.07315593705293277,0.38226037195994284
3233,0.6775,5.19375,0.056492131616595144,0.2929899856938484
3234,0.705,5.2125,0.06601430615164522,0.34563662374821175
3235,0.6775,5.18875,0.056492131616595144,0.2929899856938484
3236,0.735,5.185,0.06125321888412018,0.3181688125894135
3237,0.865,5.18,0.064,0.32961373390557946
3238,0.755,5.2075,0.06793705293276109,0.35250357653791137
3239,0.9,5.20625,0.07498712446351932,0.3891273247496424
3240,0.8,5.2025,0.06290128755364807,0.32732474964234626
3241,0.735,5.21,0.07022603719599428,0.36852646638054365
3242,0.815,5.2125,0.06793705293276109,0.35250357653791137
3243,0.7825,5.18875,0.06372532188841203,0.32961373390557946
3244,0.7225,5.1925,0.06601430615164522,0.3410586552217454
3245,0.86,5.20625,0.07169098712446352,0.37539341917024327
3246,0.8425,5.18125,0.05878111587982833,0.30443490701001436
3247,0.82,5.2,0.08808011444921317,0.4577968526466381
3248,0.795,5.20625,0.0662889842632332,0.34563662374821175
3249,0.88,5.18375,0.05978826895565094,0.3113018597997139
3250,0.7675,5.2075,0.06519027181688127,0.3410586552217454
3251,0.85,5.195,0.07086695278969958,0.36852646638054365
3252,0.745,5.18625,0.062077253218884125,0.32274678111587984
3253,0.76,5.1975,0.07169098712446352,0.37081545064377686
3254,0.8125,5.185,0.06775393419170243,0.35250357653791137
3255,0.7275,5.17875,0.060612303290414886,0.3158798283261803
3256,0.8275,5.18375,0.06583118741058656,0.3410586552217454
3257,0.685,5.18125,0.05704148783977111,0.2952789699570816
3258,0.78,5.19,0.06500715307582261,0.33648068669527903
3259,0.83,5.18625,0.05603433476394851,0.288412017167382
3260,0.68,5.18125,0.0566752503576538,0.2929899856938484
3261,0.685,5.19625,0.05704148783977111,0.2952789699570816
3262,0.6775,5.2125,0.07169098712446352,0.37539341917024327
3263,0.7425,5.2075,0.06189413447782547,0.32274678111587984
3264,0.7575,5.20875,0.06308440629470673,0.32961373390557946
3265,0.69,5.2025,0.07059227467811159,0.36852646638054365
3266,0.765,5.2125,0.06372532188841203,0.3341917024320458
3267,0.91,5.2075,0.07581115879828328,0.3937052932761088
3268,0.785,5.2,0.06143633762517883,0.3181688125894135
3269,0.905,5.20125,0.07544492131616595,0.3937052932761088
3270,0.755,5.17875,0.06290128755364807,0.32732474964234626
3271,0.7725,5.195,0.07288125894134478,0.3776824034334764
3272,0.7325,5.19625,0.06683834048640916,0.34792560801144495
3273,0.7425,5.21,0.06189413447782547,0.32274678111587984
3274,0.785,5.19125,0.0662889842632332,0.34563662374821175
3275,0.705,5.20125,0.07004291845493563,0.3639484978540773
3276,0.8325,5.2125,0.06940200286123034,0.35937052932761093
3277,1.1325,5.1725,0.06912732474964235,0.3570815450643777
3278,0.88,5.17875,0.05704148783977111,0.2952789699570816
3279,0.7325,5.185,0.06107010014306152,0.3158798283261803
3280,0.795,5.19625,0.05704148783977111,0.2952789699570816
3281,0.8575,5.185,0.05850643776824035,0.30443490701001436
3282,0.8175,5.2075,0.06812017167381974,0.3570815450643777
3283,0.825,5.19375,0.059971387696709594,0.3113018597997139
3284,0.7675,5.20375,0.06519027181688127,0.33648068669527903
3285,0.885,5.20125,0.07370529327610874,0.38226037195994284
3286,0.8525,5.19125,0.07105007153075824,0.36852646638054365
3287,0.8075,5.1925,0.0566752503576538,0.2929899856938484
3288,0.68,5.18625,0.0566752503576538,0.2929899856938484
3289,0.7025,5.1825,0.05850643776824035,0.30443490701001436
3290,0.7725,5.20125,0.057499284692417746,0.29985693848354794
3291,0.68,5.195,0.0566752503576538,0.2952789699570816
3292,0.675,5.18625,0.05621745350500716,0.2929899856938484
3293,0.72,5.21,0.06335908440629472,0.32961373390557946
3294,0.7075,5.20125,0.058964234620886985,0.30672389127324756
3295,0.695,5.1925,0.05795708154506438,0.29985693848354794
3296,0.71,5.21125,0.06436623748211731,0.3341917024320458
3297,0.77,5.18,0.06418311874105866,0.3341917024320458
3298,0.725,5.18,0.06042918454935623,0.3113018597997139
3299,0.7725,5.1925,0.07004291845493563,0.3639484978540773
3300,0.85,5.1925,0.07086695278969958,0.36852646638054365
3301,0.765,5.18125,0.06372532188841203,0.32961373390557946
3302,0.68,5.21125,0.07086695278969958,0.36852646638054365
3303,0.8325,5.2125,0.06940200286123034,0.35937052932761093
3304,0.8025,5.21125,0.06683834048640916,0.34792560801144495
3305,0.775,5.19,0.06354220314735337,0.32961373390557946
3306,0.8375,5.20125,0.06976824034334765,0.3639484978540773
3307,0.9625,5.21,0.080206008583691,0.41659513590844066
3308,0.7475,5.1925,0.06564806866952791,0.3410586552217454
3309,0.69,5.20125,0.07462088698140201,0.3868383404864092
3310,0.85,5.20875,0.07086695278969958,0.36852646638054365
3311,0.92,5.17625,0.057499284692417746,0.2952789699570816
3312,0.785,5.2025,0.06335908440629472,0.32961373390557946
3313,0.8525,5.21125,0.07105007153075824,0.37081545064377686
3314,0.9,5.17875,0.060246065808297576,0.3113018597997139
3315,0.735,5.21,0.07141630901287555,0.37081545064377686
3316,0.9,5.2025,0.07498712446351932,0.3891273247496424
3317,1.095,5.17625,0.07333905579399143,0.3776824034334764
3318,0.6775,5.21125,0.07086695278969958,0.36852646638054365
3319,0.8225,5.21375,0.06857796852646639,0.3570815450643777
3320,0.71,5.1975,0.05914735336194564,0.3570815450643777
3321,0.6975,5.20125,0.07251502145922747,0.3776824034334764
3322,0.8375,5.20125,0.06976824034334765,0.3639484978540773
3323,0.89,5.20875,0.07416309012875537,0.3868383404864092
3324,0.7125,5.1975,0.07059227467811159,0.36852646638054365
3325,0.8075,5.2125,0.0672961373390558,0.35250357653791137
3326,0.6975,5.205,0.05814020028612304,0.30443490701001436
3327,0.985,5.17,0.06793705293276109,0.35250357653791137
3328,0.9,5.205,0.07498712446351932,0.3891273247496424
3329,0.85,5.19375,0.07086695278969958,0.36852646638054365
3330,0.845,5.19125,0.05978826895565094,0.3113018597997139
3331,0.7725,5.20625,0.06436623748211731,0.3341917024320458
3332,0.84,5.2075,0.07004291845493563,0.3639484978540773
3333,0.86,5.1825,0.0566752503576538,0.2929899856938484
3334,0.6875,5.18,0.05731616595135909,0.2952789699570816
3335,0.7075,5.18125,0.058964234620886985,0.30443490701001436
3336,0.8375,5.185,0.05621745350500716,0.2929899856938484
3337,0.74,5.17875,0.061711015736766815,0.3181688125894135
3338,0.755,5.18875,0.06290128755364807,0.32732474964234626
3339,0.92,5.1775,0.0566752503576538,0.2929899856938484
3340,0.76,5.18875,0.06335908440629472,0.32961373390557946
3341,0.86,5.2125,0.07169098712446352,0.37539341917024327
3342,0.9,5.18,0.060612303290414886,0.3158798283261803
3343,2.245,5.09875,0.18852074391988558,0.9590844062947069
3344,2.1925,5.10375,0.18275250357653794,0.9339055793991416
3345,2.2125,5.1025,0.18440057224606582,0.9407725321888413
3346,2.1975,5.1025,0.18412589413447786,0.9407725321888413
3347,2.1975,5.10625,0.18311874105865525,0.9339055793991416
3348,2.21,5.10125,0.18375965665236052,0.9384835479256081
3349,2.205,5.10375,0.18504148783977112,0.9453505007153076
3350,2.2,5.10375,0.1833018597997139,0.9339055793991416
3351,2.2225,5.10375,0.18476680972818313,0.9407725321888413
3352,2.1875,5.10375,0.18275250357653794,0.9339055793991416
3353,2.2,5.10375,0.1833018597997139,0.9339055793991416
3354,2.185,5.105,0.1839427753934192,0.9384835479256081
3355,2.215,5.10375,0.18504148783977112,0.9453505007153076
3356,2.23,5.105,0.18586552217453506,0.9499284692417741
3357,2.1925,5.10375,0.18275250357653794,0.9339055793991416
3358,2.235,5.10375,0.1855908440629471,0.9499284692417741
3359,2.2,5.10125,0.1833018597997139,0.9339055793991416
3360,2.2075,5.1025,0.1839427753934192,0.9384835479256081
3361,2.2275,5.1,0.18604864091559373,0.9499284692417741
3362,2.2425,5.10125,0.18687267525035767,0.9522174535050073
3363,2.21,5.1,0.18412589413447786,0.9384835479256081
3364,2.2275,5.10375,0.18641487839771104,0.9522174535050073
3365,2.2125,5.10375,0.18440057224606582,0.9407725321888413
3366,2.4525,5.09125,0.20436051502145924,1.0391988555078686
3367,2.4125,5.09,0.20106437768240346,1.0231759656652362
3368,2.42,5.09125,0.20170529327610875,1.0277539341917024
3369,2.4,5.09,0.19996566523605153,1.0163090128755365
3370,2.3975,5.09,0.20170529327610875,1.0277539341917024
3371,2.3925,5.09,0.19941630901287555,1.0163090128755365
3372,2.43,5.08875,0.2025293276108727,1.0323319027181688
3373,2.4175,5.09,0.19941630901287555,1.0163090128755365
3374,2.4175,5.09125,0.20143061516452077,1.0231759656652362
3375,2.3975,5.08875,0.19978254649499286,1.0163090128755365
3376,2.3925,5.09125,0.20106437768240346,1.0231759656652362
3377,2.385,5.09,0.19877539341917028,1.0117310443490701
3378,2.375,5.09125,0.1979513590844063,1.009442060085837
3379,2.425,5.08875,0.19941630901287555,1.0163090128755365
3380,2.395,5.0925,0.20024034334763952,1.020886981402003
3381,2.3975,5.08875,0.19978254649499286,1.0163090128755365
3382,2.3975,5.09125,0.20143061516452077,1.0231759656652362
3383,2.42,5.09,0.19877539341917028,1.0117310443490701
3384,2.4375,5.09125,0.203170243204578,1.034620886981402
3385,2.4175,5.08875,0.20060658082975683,1.020886981402003
3386,2.3825,5.09125,0.2012474964234621,1.0231759656652362
3387,2.395,5.09,0.19959942775393422,1.0163090128755365
3388,2.4275,5.09,0.20170529327610875,1.0277539341917024
3389,2.42,5.09,0.20170529327610875,1.0277539341917024
3390,2.405,5.09,0.20042346208869816,1.020886981402003
3391,2.435,5.08875,0.20289556509299,1.0323319027181688
3392,2.415,5.09,0.20078969957081547,1.0231759656652362
3393,2.405,5.09,0.20042346208869816,1.020886981402003
3394,2.41,5.08875,0.20078969957081547,1.020886981402003
3395,2.405,5.09,0.19895851216022892,1.0117310443490701
3396,2.3875,5.09125,0.19895851216022892,1.0117310443490701
3397,2.4175,5.09,0.20143061516452077,1.0231759656652362
3398,2.415,5.09,0.20170529327610875,1.0277539341917024
3399,2.41,5.08875,0.20078969957081547,1.020886981402003
3400,2.3975,5.09125,0.19978254649499286,1.0163090128755365
3401,2.415,5.09,0.19959942775393422,1.0163090128755365
3402,2.4175,5.09,0.20143061516452077,1.0231759656652362
3403,2.41,5.09,0.20078969957081547,1.0231759656652362
3404,2.3975,5.09,0.19895851216022892,1.0117310443490701
3405,2.4125,5.09,0.20106437768240346,1.0231759656652362
3406,2.4,5.09,0.19996566523605153,1.0163090128755365
3407,2.4225,5.08875,0.20106437768240346,1.0231759656652362
3408,2.415,5.09,0.2012474964234621,1.0231759656652362
3409,2.4025,5.09125,0.20024034334763952,1.020886981402003
3410,2.415,5.09125,0.19959942775393422,1.0163090128755365
3411,2.4125,5.09125,0.20106437768240346,1.0231759656652362
3412,2.4075,5.09,0.20060658082975683,1.020886981402003
3413,2.4125,5.09125,0.20106437768240346,1.0231759656652362
3414,2.41,5.09,0.19941630901287555,1.0163090128755365
3415,2.4125,5.09125,0.20106437768240346,1.0231759656652362
3416,2.3875,5.09125,0.19877539341917028,1.0117310443490701
3417,2.4125,5.09125,0.20078969957081547,1.0231759656652362
3418,2.4175,5.09,0.20143061516452077,1.0231759656652362
3419,2.41,5.09,0.20106437768240346,1.0231759656652362
3420,2.425,5.09,0.20060658082975683,1.020886981402003
3421,2.3975,5.09,0.19978254649499286,1.0163090128755365
3422,2.3425,5.09375,0.19895851216022892,1.0117310443490701
3423,2.39,5.0925,0.197310443490701,1.0048640915593705
3424,2.4175,5.09,0.20143061516452077,1.0231759656652362
3425,2.44,5.0875,0.20335336194563663,1.0163090128755365
3426,2.4075,5.08875,0.20024034334763952,1.020886981402003
3427,2.4,5.09,0.19996566523605153,1.0163090128755365
3428,2.4,5.09125,0.19996566523605153,1.0163090128755365
3429,2.4025,5.09125,0.20170529327610875,1.0277539341917024
3430,2.38,5.0875,0.19831759656652362,1.009442060085837
3431,2.4225,5.09125,0.2018884120171674,1.0277539341917024
3432,2.3975,5.08875,0.20207153075822606,1.0277539341917024
3433,2.41,5.09,0.20078969957081547,1.0231759656652362
3434,2.3975,5.08875,0.19978254649499286,1.0163090128755365
3435,2.4025,5.09,0.20207153075822606,1.0277539341917024
3436,2.3975,5.09,0.19978254649499286,1.0163090128755365
3437,2.38,5.09125,0.19831759656652362,1.009442060085837
3438,2.41,5.08875,0.20170529327610875,1.0277539341917024
3439,2.4175,5.09,0.20143061516452077,1.0231759656652362
3440,2.405,5.09,0.20042346208869816,1.020886981402003
3441,2.41,5.09,0.20143061516452077,1.0231759656652362
3442,2.405,5.09,0.20042346208869816,1.020886981402003
3443,2.415,5.09125,0.2012474964234621,1.0231759656652362
3444,2.4025,5.09125,0.2022546494992847,1.0323319027181688
3445,2.415,5.09,0.2012474964234621,1.0231759656652362
3446,2.3875,5.09,0.19895851216022892,1.0117310443490701
3447,2.3975,5.08875,0.20042346208869816,1.020886981402003
3448,2.4175,5.08875,0.19996566523605153,1.0163090128755365
3449,2.405,5.09,0.20042346208869816,1.020886981402003
3450,2.4225,5.09,0.2012474964234621,1.0231759656652362
3451,2.4225,5.09,0.19877539341917028,1.0117310443490701
3452,2.4175,5.09125,0.20143061516452077,1.0231759656652362
3453,2.4775,5.085,0.20774821173104438,1.057510729613734
3454,2.4775,5.085,0.20500143061516454,1.0414878397711018
3455,2.445,5.08375,0.20371959942775394,1.034620886981402
3456,2.4925,5.08625,0.20710729613733908,1.0529327610872676
3457,2.4125,5.09,0.2022546494992847,1.0323319027181688
3458,2.4075,5.09,0.20060658082975683,1.020886981402003
3459,2.3925,5.09125,0.20106437768240346,1.0231759656652362
3460,2.415,5.09125,0.19978254649499286,1.0163090128755365
3461,2.425,5.09,0.20207153075822606,1.0277539341917024
3462,2.4175,5.09,0.20143061516452077,1.0231759656652362
3463,2.395,5.09125,0.20060658082975683,1.020886981402003
3464,2.405,5.09,0.20042346208869816,1.020886981402003
3465,2.405,5.09,0.20042346208869816,1.020886981402003
3466,2.4325,5.08125,0.19895851216022892,1.0117310443490701
3467,2.395,5.09,0.19959942775393422,1.0163090128755365
3468,2.4175,5.08875,0.20143061516452077,1.0231759656652362
3469,2.4125,5.09125,0.20106437768240346,1.0231759656652362
3470,2.405,5.09,0.20042346208869816,1.020886981402003
3471,2.425,5.09,0.20207153075822606,1.0277539341917024
3472,2.3975,5.09,0.20106437768240346,1.0231759656652362
3473,2.4025,5.08875,0.20024034334763952,1.020886981402003
3474,2.4025,5.08875,0.20024034334763952,1.020886981402003
3475,2.4075,5.09,0.20024034334763952,1.020886981402003
3476,2.38,5.0925,0.19831759656652362,1.009442060085837
3477,2.435,5.09,0.20289556509299,1.0323319027181688
3478,2.4025,5.09125,0.203170243204578,1.034620886981402
3479,2.41,5.08875,0.20078969957081547,1.020886981402003
3480,2.4125,5.09125,0.20106437768240346,1.0231759656652362
3481,2.4,5.08875,0.20170529327610875,1.0277539341917024
3482,2.405,5.09,0.2018884120171674,1.0277539341917024
3483,2.4225,5.09125,0.2018884120171674,1.0277539341917024
3484,2.3775,5.09,0.20143061516452077,1.0231759656652362
3485,2.3925,5.09,0.20024034334763952,1.020886981402003
3486,2.375,5.09375,0.1979513590844063,1.009442060085837
3487,2.4175,5.0925,0.20078969957081547,1.0231759656652362
3488,2.405,5.09,0.20060658082975683,1.020886981402003
3489,2.2375,5.1025,0.18641487839771104,0.9522174535050073
3490,2.2475,5.09875,0.1855908440629471,0.9453505007153076
3491,2.2375,5.10125,0.1855908440629471,0.9453505007153076
3492,2.245,5.1025,0.18705579399141634,0.9567954220314737
3493,2.2325,5.10125,0.18751359084406297,0.9567954220314737
3494,2.225,5.10125,0.18540772532188843,0.9453505007153076
3495,2.2325,5.1025,0.18604864091559373,0.9499284692417741
3496,2.24,5.1,0.18668955650929903,0.9522174535050073
3497,2.235,5.1,0.18705579399141634,0.9522174535050073
3498,2.25,5.1,0.18751359084406297,0.9567954220314737
3499,2.235,5.1,0.18623175965665237,0.9499284692417741
3500,2.2425,5.10125,0.18751359084406297,0.9567954220314737
3501,2.2375,5.10375,0.18641487839771104,0.9522174535050073
3502,2.245,5.10125,0.18705579399141634,0.9522174535050073
3503,2.2475,5.10125,0.18787982832618028,0.9590844062947069
3504,2.2225,5.10375,0.1852246065808298,0.9453505007153076
3505,2.395,5.09125,0.19959942775393422,1.0163090128755365
3506,2.3875,5.09,0.19978254649499286,1.0163090128755365
3507,2.46,5.08875,0.20500143061516454,1.0414878397711018
3508,2.53,5.085,0.2108612303290415,1.0735336194563663
3509,2.4575,5.085,0.20335336194563663,1.034620886981402
3510,2.435,5.08875,0.20289556509299,1.0323319027181688
3511,2.4175,5.08875,0.20143061516452077,1.0231759656652362
3512,1.26,5.1725,0.11747067238912734,0.6065808297567954
3513,0.755,5.1875,0.06290128755364807,0.32732474964234626
3514,0.95,5.205,0.07919885550786838,0.4120171673819743
3515,0.7725,5.20375,0.07123319027181689,0.37081545064377686
3516,0.8675,5.2025,0.07233190271816882,0.37539341917024327
3517,1.2625,5.15,0.10520171673819743,0.540200286123033
3518,0.6675,5.2075,0.07205722460658083,0.37539341917024327
3519,0.7125,5.1975,0.06940200286123034,0.35937052932761093
3520,0.825,5.2125,0.06876108726752504,0.35937052932761093
3521,0.8775,5.18,0.05978826895565094,0.3113018597997139
3522,1.6675,5.15,0.11124463519313306,0.5745350500715308
3523,1.9775,5.12125,0.1648068669527897,0.8446351931330472
3524,0.8525,5.185,0.07974821173104436,0.4120171673819743
3525,0.8075,5.195,0.07288125894134478,0.3776824034334764
3526,0.855,5.19375,0.07123319027181689,0.37081545064377686
3527,0.7475,5.21,0.07141630901287555,0.37081545064377686
3528,0.9675,5.17125,0.0662889842632332,0.3410586552217454
3529,0.69,5.18125,0.057499284692417746,0.2952789699570816
3530,0.69,5.2125,0.057499284692417746,0.3639484978540773
3531,0.6775,5.20625,0.07544492131616595,0.3937052932761088
3532,0.8475,5.2125,0.07059227467811159,0.36852646638054365
3533,0.875,5.2075,0.07288125894134478,0.3776824034334764
3534,0.83,5.19,0.056492131616595144,0.2929899856938484
3535,0.6775,5.19,0.056492131616595144,0.2929899856938484
3536,0.7,5.18,0.05832331902718169,0.30443490701001436
3537,0.7125,5.205,0.07544492131616595,0.3937052932761088
3538,0.7775,5.18,0.06482403433476396,0.33648068669527903
3539,0.7925,5.20625,0.06601430615164522,0.34563662374821175
3540,0.915,5.18125,0.060246065808297576,0.3113018597997139
3541,0.8425,5.21,0.07022603719599428,0.36852646638054365
3542,0.8375,5.2,0.06976824034334765,0.3639484978540773
3543,0.8375,5.18125,0.059330472103004295,0.30672389127324756
3544,0.7725,5.19125,0.06436623748211731,0.3341917024320458
3545,0.885,5.2025,0.07370529327610874,0.38226037195994284
3546,0.87,5.17875,0.05795708154506438,0.29985693848354794
3547,0.7325,5.185,0.06107010014306152,0.3158798283261803
3548,0.855,5.18125,0.07123319027181689,0.36852646638054365
3549,0.6825,5.21,0.07169098712446352,0.37539341917024327
3550,0.8725,5.20875,0.07269814020028613,0.3776824034334764
3551,0.8525,5.20875,0.07105007153075824,0.37081545064377686
3552,0.9,5.18,0.06042918454935623,0.3113018597997139
3553,0.79,5.2025,0.06372532188841203,0.32961373390557946
3554,0.9,5.205,0.07498712446351932,0.3891273247496424
3555,0.865,5.1875,0.05914735336194564,0.30672389127324756
3556,0.7325,5.2075,0.07581115879828328,0.3937052932761088
3557,0.7525,5.18375,0.06271816881258942,0.32732474964234626
3558,0.745,5.2075,0.06418311874105866,0.3341917024320458
3559,0.7,5.21125,0.06711301859799715,0.34792560801144495
3560,0.75,5.2,0.06253505007153076,0.32732474964234626
3561,0.6925,5.2125,0.07004291845493563,0.3639484978540773
3562,0.6925,5.2125,0.06976824034334765,0.3639484978540773
3563,0.7425,5.20875,0.06189413447782547,0.32274678111587984
3564,0.6925,5.21125,0.06876108726752504,0.35937052932761093
3565,0.69,5.2125,0.07004291845493563,0.3639484978540773
3566,0.79,5.2125,0.06583118741058656,0.3410586552217454
3567,0.845,5.19125,0.07040915593705294,0.3639484978540773
3568,0.755,5.2075,0.0672961373390558,0.34792560801144495
3569,0.87,5.19625,0.07251502145922747,0.37539341917024327
3570,0.7775,5.1825,0.06482403433476396,0.33648068669527903
3571,0.745,5.19375,0.07105007153075824,0.36852646638054365
3572,0.7425,5.185,0.06189413447782547,0.32274678111587984
3573,0.7975,5.19625,0.06647210300429185,0.34563662374821175
3574,0.895,5.1775,0.05704148783977111,0.2952789699570816
3575,0.8,5.195,0.0666552217453505,0.34563662374821175
3576,0.75,5.18625,0.06253505007153076,0.32274678111587984
3577,0.8125,5.19125,0.056858369098712454,0.2952789699570816
3578,0.7075,5.20125,0.058964234620886985,0.30672389127324756
3579,0.855,5.21,0.07123319027181689,0.37081545064377686
3580,0.735,5.195,0.0672961373390558,0.34792560801144495
3581,0.855,5.20625,0.07123319027181689,0.37081545064377686
3582,0.8925,5.20875,0.07434620886981402,0.3868383404864092
3583,0.7975,5.19875,0.06308440629470673,0.32732474964234626
3584,0.8925,5.20125,0.07434620886981402,0.3868383404864092
3585,0.845,5.19,0.07040915593705294,0.3639484978540773
3586,0.725,5.2025,0.07562804005722461,0.3937052932761088
3587,0.8875,5.17875,0.07745922746781117,0.4005722460658083
3588,0.8275,5.18375,0.0689442060085837,0.3570815450643777
3589,0.9125,5.1775,0.056858369098712454,0.2929899856938484
3590,0.855,5.18,0.05731616595135909,0.2952789699570816
3591,0.7075,5.18125,0.058964234620886985,0.30443490701001436
3592,0.85,5.18,0.0576824034334764,0.29985693848354794
3593,0.8325,5.18375,0.06436623748211731,0.3341917024320458
3594,0.825,5.1975,0.06876108726752504,0.3570815450643777
3595,0.835,5.18625,0.056492131616595144,0.2929899856938484
3596,0.82,5.1875,0.05621745350500716,0.2929899856938484
3597,0.85,5.2125,0.07086695278969958,0.36852646638054365
3598,0.7525,5.2075,0.07004291845493563,0.3639484978540773
3599,0.9125,5.18,0.06125321888412018,0.3181688125894135
3600,0.915,5.2025,0.0762689556509299,0.3982832618025752
3601,0.77,5.20625,0.06418311874105866,0.3341917024320458
3602,0.79,5.2,0.07745922746781117,0.4005722460658083
3603,0.855,5.20125,0.07123319027181689,0.37081545064377686
3604,0.8675,5.1975,0.07233190271816882,0.37539341917024327
3605,0.88,5.18125,0.05850643776824035,0.30443490701001436
3606,0.8075,5.1925,0.0672961373390558,0.34792560801144495
3607,0.855,5.21,0.07123319027181689,0.37081545064377686
3608,0.8575,5.18,0.05878111587982833,0.30443490701001436
3609,0.6875,5.17875,0.05731616595135909,0.2952789699570816
3610,0.755,5.1875,0.06290128755364807,0.32732474964234626
3611,0.765,5.2025,0.05914735336194564,0.30672389127324756
3612,0.87,5.21,0.07251502145922747,0.3776824034334764
3613,0.85,5.19125,0.07086695278969958,0.36852646638054365
3614,0.7275,5.21125,0.07288125894134478,0.3776824034334764
3615,0.9025,5.2025,0.07517024320457798,0.3891273247496424
3616,0.725,5.17625,0.06042918454935623,0.3113018597997139
3617,0.7575,5.205,0.06812017167381974,0.3570815450643777
3618,0.8425,5.2125,0.07022603719599428,0.36852646638054365
3619,0.7075,5.2,0.058964234620886985,0.30672389127324756
3620,0.6975,5.20875,0.06976824034334765,0.3639484978540773
3621,0.8275,5.2125,0.0689442060085837,0.35937052932761093
3622,0.72,5.205,0.059971387696709594,0.3113018597997139
3623,0.7475,5.19375,0.06564806866952791,0.3410586552217454
3624,0.6775,5.205,0.07086695278969958,0.36852646638054365
3625,0.7625,5.20875,0.06354220314735337,0.32961373390557946
3626,0.6725,5.21,0.07187410586552218,0.37539341917024327
3627,0.8425,5.1825,0.0662889842632332,0.34563662374821175
3628,0.865,5.21,0.07205722460658083,0.37539341917024327
3629,0.8175,5.19875,0.06253505007153076,0.32732474964234626
3630,0.75,5.195,0.07123319027181689,0.37081545064377686
3631,0.73,5.1775,0.06079542203147354,0.3158798283261803
3632,0.8025,5.18875,0.06976824034334765,0.3639484978540773
3633,0.6925,5.205,0.07352217453505008,0.38226037195994284
3634,0.845,5.21125,0.07040915593705294,0.36852646638054365
3635,0.8275,5.1825,0.0689442060085837,0.3158798283261803
3636,0.7475,5.195,0.06812017167381974,0.35250357653791137
3637,0.865,5.21,0.07205722460658083,0.37539341917024327
3638,0.8525,5.21125,0.07105007153075824,0.37081545064377686
3639,0.935,5.17375,0.060612303290414886,0.3158798283261803
3640,0.86,5.205,0.07169098712446352,0.37081545064377686
3641,0.845,5.20375,0.07040915593705294,0.36852646638054365
3642,0.79,5.1975,0.06271816881258942,0.32732474964234626
3643,0.88,5.1975,0.07333905579399143,0.38226037195994284
3644,0.7975,5.1875,0.06647210300429185,0.34563662374821175
3645,0.7175,5.2075,0.07581115879828328,0.3937052932761088
3646,0.755,5.17875,0.06290128755364807,0.32732474964234626
3647,0.8225,5.2075,0.06857796852646639,0.3570815450643777
3648,0.7775,5.18625,0.06601430615164522,0.3410586552217454
3649,0.845,5.20875,0.07040915593705294,0.36852646638054365
3650,0.86,5.2025,0.07169098712446352,0.37081545064377686
3651,0.8675,5.18,0.05832331902718169,0.30443490701001436
3652,0.8175,5.1875,0.06812017167381974,0.35250357653791137
3653,0.83,5.19875,0.06912732474964235,0.35937052932761093
3654,0.8725,5.18125,0.05731616595135909,0.2952789699570816
3655,0.685,5.18125,0.05704148783977111,0.2952789699570816
3656,0.7225,5.18125,0.060246065808297576,0.3113018597997139
3657,0.82,5.185,0.06876108726752504,0.3570815450643777
3658,0.88,5.1775,0.06253505007153076,0.32274678111587984
3659,0.7325,5.19625,0.06107010014306152,0.3181688125894135
3660,0.9125,5.17875,0.06271816881258942,0.32732474964234626
3661,0.8225,5.19625,0.06125321888412018,0.3181688125894135
3662,0.9575,5.20625,0.07974821173104436,0.41659513590844066
3663,0.765,5.18625,0.06226037195994278,0.32274678111587984
3664,0.6775,5.20625,0.07187410586552218,0.37539341917024327
3665,0.71,5.205,0.05914735336194564,0.30672389127324756
3666,0.72,5.19875,0.0683032904148784,0.3570815450643777
3667,0.7225,5.19625,0.07169098712446352,0.37081545064377686
3668,0.8575,5.21,0.07141630901287555,0.37081545064377686
3669,0.835,5.1825,0.06107010014306152,0.3158798283261803
3670,0.8175,5.1875,0.05704148783977111,0.2952789699570816
3671,0.675,5.195,0.05621745350500716,0.2929899856938484
3672,0.855,5.18,0.07123319027181689,0.37081545064377686
3673,0.8725,5.19,0.060246065808297576,0.3113018597997139
3674,0.7725,5.2025,0.06436623748211731,0.3341917024320458
3675,0.8975,5.2075,0.07480400572246067,0.3891273247496424
3676,0.91,5.18,0.060246065808297576,0.3113018597997139
3677,0.835,5.21,0.069585121602289,0.3639484978540773
3678,0.76,5.21,0.06335908440629472,0.32961373390557946
3679,0.725,5.1925,0.06500715307582261,0.33648068669527903
3680,0.7425,5.18375,0.06189413447782547,0.32274678111587984
3681,0.7,5.18,0.05832331902718169,0.30443490701001436
3682,0.6775,5.21,0.07169098712446352,0.37539341917024327
3683,0.7425,5.20625,0.06189413447782547,0.32274678111587984
3684,0.72,5.2025,0.059971387696709594,0.3113018597997139
3685,0.69,5.21125,0.0689442060085837,0.35937052932761093
3686,0.7925,5.2125,0.06601430615164522,0.34563662374821175
3687,0.9475,5.205,0.07892417739628041,0.4120171673819743
3688,0.7375,5.21,0.07040915593705294,0.36852646638054365
3689,0.8275,5.18875,0.0689442060085837,0.3570815450643777
3690,0.7675,5.205,0.064,0.3341917024320458
3691,0.8725,5.18,0.06372532188841203,0.32961373390557946
3692,0.8075,5.19625,0.0672961373390558,0.34792560801144495
3693,0.675,5.18375,0.05621745350500716,0.2929899856938484
3694,0.68,5.2025,0.06976824034334765,0.3639484978540773
3695,0.69,5.2125,0.06876108726752504,0.35937052932761093
3696,0.785,5.21125,0.06537339055793992,0.3410586552217454
3697,0.6925,5.2025,0.07123319027181689,0.37081545064377686
3698,0.725,5.21,0.062077253218884125,0.32274678111587984
3699,0.6875,5.20125,0.05731616595135909,0.2952789699570816
3700,0.725,5.195,0.06683834048640916,0.34792560801144495
3701,0.6725,5.20875,0.07169098712446352,0.37539341917024327
3702,0.795,5.18125,0.0662889842632332,0.34563662374821175
3703,0.825,5.185,0.06775393419170243,0.35250357653791137
3704,0.91,5.1775,0.06042918454935623,0.3113018597997139
3705,0.715,5.18875,0.059605150214592284,0.30672389127324756
3706,0.8325,5.1825,0.06940200286123034,0.35250357653791137
3707,0.9575,5.16625,0.06711301859799715,0.34563662374821175
3708,0.845,5.2,0.07040915593705294,0.36852646638054365
3709,0.7725,5.21125,0.06436623748211731,0.3341917024320458
3710,0.7475,5.18875,0.06683834048640916,0.34563662374821175
3711,0.81,5.19625,0.06747925608011446,0.34792560801144495
3712,0.8425,5.21375,0.07022603719599428,0.36852646638054365
3713,0.8225,5.18625,0.061711015736766815,0.3181688125894135
3714,0.865,5.20625,0.07205722460658083,0.37539341917024327
3715,0.845,5.21375,0.07040915593705294,0.36852646638054365
3716,0.7675,5.19125,0.06482403433476396,0.33648068669527903
3717,0.8275,5.1725,0.0689442060085837,0.3570815450643777
3718,0.715,5.18875,0.059605150214592284,0.30672389127324756
3719,0.8475,5.18375,0.06601430615164522,0.3410586552217454
3720,0.855,5.18625,0.07123319027181689,0.37081545064377686
3721,0.8325,5.21,0.06940200286123034,0.35937052932761093
3722,0.9375,5.1725,0.062077253218884125,0.32274678111587984
3723,0.725,5.1825,0.06042918454935623,0.3158798283261803
3724,0.7725,5.19125,0.06436623748211731,0.3341917024320458
3725,0.8325,5.19,0.056492131616595144,0.2929899856938484
3726,0.6875,5.18,0.05731616595135909,0.2952789699570816
3727,0.7575,5.18,0.06308440629470673,0.32732474964234626
3728,0.775,5.18375,0.06372532188841203,0.32961373390557946
3729,0.82,5.185,0.06519027181688127,0.33648068669527903
3730,0.8225,5.1875,0.06857796852646639,0.3570815450643777
3731,0.8175,5.19125,0.05621745350500716,0.2929899856938484
3732,0.7775,5.20125,0.080206008583691,0.41659513590844066
3733,0.74,5.1775,0.061711015736766815,0.3181688125894135
3734,0.71,5.205,0.07581115879828328,0.3937052932761088
3735,0.905,5.17875,0.06253505007153076,0.32274678111587984
3736,0.825,5.2,0.06876108726752504,0.3570815450643777
3737,0.92,5.1775,0.060246065808297576,0.3113018597997139
3738,0.725,5.21125,0.06271816881258942,0.32732474964234626
3739,0.7125,5.20625,0.059330472103004295,0.30672389127324756
3740,0.79,5.19,0.06372532188841203,0.32961373390557946
3741,0.7325,5.195,0.0662889842632332,0.34563662374821175
3742,0.88,5.20875,0.07333905579399143,0.38226037195994284
3743,0.825,5.2125,0.06876108726752504,0.35937052932761093
3744,0.865,5.18125,0.059605150214592284,0.30672389127324756
3745,0.8225,5.19625,0.06857796852646639,0.3570815450643777
3746,0.86,5.2025,0.07169098712446352,0.37081545064377686
3747,0.82,5.19375,0.06079542203147354,0.3158798283261803
3748,0.8375,5.18,0.06976824034334765,0.35937052932761093
3749,0.7075,5.1875,0.058964234620886985,0.30672389127324756
3750,0.8075,5.18875,0.07233190271816882,0.37539341917024327
3751,0.755,5.17875,0.06290128755364807,0.32732474964234626
3752,0.7125,5.19,0.059330472103004295,0.30672389127324756
3753,0.7,5.2,0.07022603719599428,0.3639484978540773
3754,0.855,5.2,0.07123319027181689,0.37081545064377686
3755,0.875,5.2075,0.07288125894134478,0.3776824034334764
3756,0.8875,5.18,0.057499284692417746,0.2952789699570816
3757,0.8375,5.2,0.06976824034334765,0.3639484978540773
3758,0.8675,5.20875,0.07233190271816882,0.37539341917024327
3759,0.8375,5.18,0.061711015736766815,0.3181688125894135
3760,0.7975,5.195,0.06647210300429185,0.34563662374821175
3761,0.8625,5.2075,0.07187410586552218,0.37539341917024327
3762,0.925,5.19,0.06647210300429185,0.34563662374821175
3763,0.715,5.20875,0.07370529327610874,0.38226037195994284
3764,0.815,5.18625,0.06793705293276109,0.35250357653791137
3765,0.7525,5.205,0.06976824034334765,0.3639484978540773
3766,0.8,5.1875,0.06793705293276109,0.35250357653791137
3767,0.745,5.19875,0.062077253218884125,0.32274678111587984
3768,0.6775,5.20375,0.07086695278969958,0.36852646638054365
3769,0.71,5.20125,0.07086695278969958,0.36852646638054365
3770,0.8525,5.21375,0.07105007153075824,0.37081545064377686
3771,0.855,5.18125,0.059330472103004295,0.30672389127324756
3772,0.845,5.18375,0.06107010014306152,0.3158798283261803
3773,0.755,5.18625,0.06290128755364807,0.32732474964234626
3774,0.8225,5.19,0.05603433476394851,0.2929899856938484
3775,0.825,5.1875,0.05621745350500716,0.2929899856938484
3776,0.6775,5.18875,0.056492131616595144,0.2929899856938484
3777,0.7875,5.18875,0.06564806866952791,0.37539341917024327
3778,1.095,5.145,0.1004406294706724,0.517310443490701
3779,0.74,5.19625,0.061711015736766815,0.32274678111587984
3780,0.7775,5.2025,0.06482403433476396,0.33648068669527903
3781,0.86,5.18375,0.059605150214592284,0.30672389127324756
3782,0.7625,5.20375,0.06354220314735337,0.32961373390557946
3783,0.8425,5.2125,0.07022603719599428,0.36852646638054365
3784,0.755,5.1925,0.06519027181688127,0.33648068669527903
3785,0.86,5.20375,0.07169098712446352,0.37081545064377686
3786,0.855,5.21125,0.07123319027181689,0.37081545064377686
3787,0.785,5.1875,0.06290128755364807,0.32732474964234626
3788,0.85,5.205,0.07086695278969958,0.36852646638054365
3789,0.8375,5.2125,0.06976824034334765,0.3639484978540773
3790,0.7975,5.185,0.06125321888412018,0.3181688125894135
3791,0.7775,5.17875,0.06482403433476396,0.33648068669527903
3792,0.84,5.1925,0.07004291845493563,0.3639484978540773
3793,0.8425,5.1875,0.06857796852646639,0.3570815450643777
3794,0.7675,5.18875,0.064,0.3341917024320458
3795,0.7675,5.205,0.064,0.3341917024320458
3796,0.895,5.17875,0.061711015736766815,0.3181688125894135
3797,0.715,5.1875,0.059605150214592284,0.30672389127324756
3798,0.855,5.2125,0.07123319027181689,0.37081545064377686
3799,0.845,5.1825,0.06042918454935623,0.3158798283261803
3800,0.81,5.18875,0.06372532188841203,0.32961373390557946
3801,0.905,5.1875,0.07544492131616595,0.3891273247496424
3802,0.8075,5.19625,0.056858369098712454,0.2952789699570816
3803,0.7875,5.1875,0.062077253218884125,0.32274678111587984
3804,0.825,5.2,0.06876108726752504,0.3570815450643777
3805,0.8675,5.18125,0.0576824034334764,0.29985693848354794
3806,0.8825,5.18,0.05814020028612304,0.29985693848354794
3807,0.8525,5.19,0.07105007153075824,0.36852646638054365
3808,0.925,5.1775,0.06042918454935623,0.3113018597997139
3809,0.715,5.2075,0.07434620886981402,0.3868383404864092
3810,0.8175,5.18625,0.06812017167381974,0.35250357653791137
3811,0.7525,5.20375,0.06271816881258942,0.41659513590844066
3812,0.72,5.21,0.07480400572246067,0.3891273247496424
3813,0.8525,5.21125,0.07105007153075824,0.37081545064377686
3814,0.7275,5.2075,0.060612303290414886,0.3158798283261803
3815,0.6875,5.21375,0.07022603719599428,0.36852646638054365
3816,0.72,5.20625,0.059971387696709594,0.3113018597997139
3817,0.75,5.20875,0.06253505007153076,0.32732474964234626
3818,0.75,5.20625,0.07745922746781117,0.40515021459227474
3819,0.7875,5.18375,0.06564806866952791,0.3410586552217454
3820,0.755,5.17875,0.06290128755364807,0.32732474964234626
3821,0.7725,5.1925,0.07251502145922747,0.37539341917024327
3822,0.76,5.17625,0.06335908440629472,0.32732474964234626
3823,0.9075,5.20875,0.07562804005722461,0.3937052932761088
3824,0.885,5.18375,0.059605150214592284,0.30672389127324756
3825,0.885,5.21,0.07370529327610874,0.38226037195994284
3826,0.77,5.18125,0.06418311874105866,0.3341917024320458
3827,0.845,5.18375,0.07288125894134478,0.3776824034334764
3828,0.8675,5.1625,0.07233190271816882,0.37539341917024327
3829,0.6925,5.19875,0.0576824034334764,0.29985693848354794
3830,0.72,5.21,0.06308440629470673,0.32961373390557946
3831,0.6825,5.1975,0.056858369098712454,0.2952789699570816
3832,0.8025,5.2125,0.06683834048640916,0.34792560801144495
3833,0.7925,5.185,0.061711015736766815,0.3181688125894135
3834,0.8125,5.18625,0.062077253218884125,0.32274678111587984
3835,0.705,5.18125,0.05878111587982833,0.30443490701001436
3836,0.7125,5.20875,0.06271816881258942,0.32732474964234626
3837,1,5.16,0.12085836909871246,0.6226037195994278
3838,0.7525,5.17625,0.06271816881258942,0.32732474964234626
3839,0.76,5.205,0.0666552217453505,0.34792560801144495
3840,0.805,5.19125,0.07040915593705294,0.3639484978540773
3841,2.7175,5.06625,0.2264263233190272,1.1467811158798284
3842,0.89,5.17875,0.06308440629470673,0.32732474964234626
3843,0.8425,5.19125,0.059605150214592284,0.3113018597997139
3844,0.755,5.20625,0.06290128755364807,0.32732474964234626
3845,0.8525,5.18375,0.061711015736766815,0.3181688125894135
3846,0.855,5.1825,0.05978826895565094,0.3113018597997139
3847,0.7875,5.19125,0.06564806866952791,0.3410586552217454
3848,0.825,5.1875,0.06876108726752504,0.3570815450643777
3849,0.82,5.19,0.057499284692417746,0.29985693848354794
3850,0.6775,5.19375,0.056492131616595144,0.2929899856938484
3851,0.6875,5.1975,0.05731616595135909,0.2952789699570816
3852,1.3075,5.1525,0.09357367668097283,0.4829756795422032
3853,0.73,5.19375,0.06079542203147354,0.3158798283261803
3854,0.8225,5.20875,0.06857796852646639,0.3570815450643777
3855,0.8925,5.18125,0.059605150214592284,0.30672389127324756
3856,0.8325,5.21,0.06940200286123034,0.35937052932761093
3857,0.84,5.18125,0.07004291845493563,0.3639484978540773
3858,0.68,5.21125,0.07123319027181689,0.37081545064377686
3859,0.82,5.2125,0.0683032904148784,0.3570815450643777
3860,0.83,5.21375,0.06912732474964235,0.35937052932761093
3861,0.8325,5.18125,0.059330472103004295,0.30672389127324756
3862,0.6975,5.2,0.05814020028612304,0.30443490701001436
3863,0.68,5.1825,0.0566752503576538,0.2929899856938484
3864,0.75,5.20375,0.060246065808297576,0.3158798283261803
3865,0.6775,5.18375,0.056492131616595144,0.2929899856938484
3866,0.675,5.19375,0.05621745350500716,0.2929899856938484
3867,1.12,5.1725,0.0785579399141631,0.40515021459227474
3868,0.7175,5.19,0.05978826895565094,0.3113018597997139
3869,0.845,5.21,0.07040915593705294,0.36852646638054365
3870,0.8875,5.1825,0.059330472103004295,0.30672389127324756
3871,0.755,5.20875,0.06812017167381974,0.3570815450643777
3872,0.8775,5.19875,0.07315593705293277,0.3776824034334764
3873,0.8325,5.19,0.05621745350500716,0.2929899856938484
3874,0.8475,5.18125,0.0576824034334764,0.29985693848354794
3875,0.72,5.18125,0.059971387696709594,0.3113018597997139
3876,0.7725,5.20125,0.05832331902718169,0.30443490701001436
3877,0.82,5.18875,0.05621745350500716,0.2929899856938484
3878,0.75,5.18625,0.06253505007153076,0.32274678111587984
3879,0.6775,5.2125,0.07269814020028613,0.3776824034334764
3880,0.7025,5.21125,0.0689442060085837,0.35937052932761093
3881,0.7275,5.20875,0.060612303290414886,0.3158798283261803
3882,1.5775,5.1375,0.13147925608011446,0.5104434907010015
3883,0.7375,5.205,0.07608583690987125,0.3982832618025752
3884,0.75,5.17875,0.06253505007153076,0.32274678111587984
3885,0.715,5.18125,0.059605150214592284,0.30672389127324756
3886,0.875,5.18125,0.064,0.32961373390557946
3887,0.7525,5.20125,0.06271816881258942,0.32732474964234626
3888,0.8275,5.2125,0.0689442060085837,0.35937052932761093
3889,0.8575,5.18,0.05832331902718169,0.30443490701001436
3890,0.805,5.19375,0.06711301859799715,0.34792560801144495
3891,0.8625,5.21,0.07187410586552218,0.37539341917024327
3892,0.895,5.1725,0.064,0.32961373390557946
3893,0.78,5.19,0.06500715307582261,0.33648068669527903
3894,0.8725,5.21125,0.07269814020028613,0.3776824034334764
3895,0.75,5.19375,0.06564806866952791,0.3410586552217454
3896,0.7425,5.185,0.06189413447782547,0.32274678111587984
3897,0.9325,5.16875,0.07773390557939915,0.4005722460658083
3898,0.875,5.17625,0.06354220314735337,0.32961373390557946
3899,0.7125,5.18625,0.059330472103004295,0.30672389127324756
3900,0.88,5.20875,0.07333905579399143,0.38226037195994284
3901,0.8825,5.18375,0.059330472103004295,0.30672389127324756
3902,0.7075,5.185,0.058964234620886985,0.30672389127324756
3903,0.835,5.2125,0.069585121602289,0.3639484978540773
3904,0.8025,5.18625,0.06189413447782547,0.32274678111587984
3905,0.7725,5.19375,0.0666552217453505,0.34563662374821175
3906,0.8325,5.1975,0.06940200286123034,0.35937052932761093
3907,0.8625,5.18125,0.05704148783977111,0.2952789699570816
3908,0.875,5.18125,0.057499284692417746,0.2952789699570816
3909,0.7625,5.18875,0.06354220314735337,0.32961373390557946
3910,0.84,5.185,0.0566752503576538,0.2929899856938484
3911,0.845,5.185,0.0566752503576538,0.2929899856938484
3912,0.8425,5.16875,0.07022603719599428,0.3639484978540773
3913,0.77,5.195,0.07251502145922747,0.37539341917024327
3914,0.91,5.17875,0.06189413447782547,0.3181688125894135
3915,0.7125,5.1825,0.059330472103004295,0.30672389127324756
3916,0.855,5.18375,0.0666552217453505,0.34563662374821175
3917,0.905,5.18,0.060246065808297576,0.3113018597997139
3918,0.7725,5.17875,0.06436623748211731,0.3341917024320458
3919,0.785,5.2,0.06537339055793992,0.33648068669527903
3920,0.8525,5.1825,0.0566752503576538,0.2929899856938484
3921,0.7325,5.185,0.06107010014306152,0.3158798283261803
3922,0.835,5.19875,0.069585121602289,0.35937052932761093
3923,0.82,5.19125,0.05704148783977111,0.2952789699570816
3924,0.6825,5.18125,0.056858369098712454,0.2952789699570816
3925,0.74,5.18625,0.061711015736766815,0.3181688125894135
3926,0.7725,5.2,0.05850643776824035,0.30443490701001436
3927,0.7925,5.18375,0.06601430615164522,0.3410586552217454
3928,0.99,5.19125,0.08249499284692419,0.4280400572246066
3929,0.8275,5.18625,0.06857796852646639,0.3570815450643777
3930,0.7975,5.18375,0.06647210300429185,0.34563662374821175
3931,0.7225,5.18,0.060246065808297576,0.3113018597997139
3932,0.785,5.1925,0.07187410586552218,0.37539341917024327
3933,0.745,5.18625,0.062077253218884125,0.32274678111587984
3934,0.835,5.1975,0.069585121602289,0.35937052932761093
3935,0.8075,5.185,0.06143633762517883,0.3181688125894135
3936,0.8,5.1925,0.0666552217453505,0.34563662374821175
3937,0.8625,5.205,0.07187410586552218,0.37539341917024327
3938,0.875,5.1775,0.056858369098712454,0.2929899856938484
3939,0.8025,5.18625,0.061711015736766815,0.3181688125894135
3940,0.87,5.20875,0.07251502145922747,0.3776824034334764
3941,0.7825,5.1875,0.064,0.3341917024320458
3942,0.9125,5.1775,0.07645207439198856,0.3982832618025752
3943,0.8825,5.20875,0.07352217453505008,0.38226037195994284
3944,0.72,5.20875,0.07288125894134478,0.3776824034334764
3945,0.885,5.18125,0.06436623748211731,0.3341917024320458
3946,0.7175,5.185,0.05978826895565094,0.3113018597997139
3947,0.8425,5.18375,0.0672961373390558,0.34792560801144495
3948,0.7425,5.19,0.07105007153075824,0.36852646638054365
3949,0.86,5.21125,0.07169098712446352,0.37539341917024327
3950,0.81,5.18875,0.064,0.3341917024320458
3951,0.6875,5.20375,0.07022603719599428,0.3639484978540773
3952,0.7675,5.21125,0.064,0.3341917024320458
3953,0.735,5.19375,0.06125321888412018,0.3181688125894135
3954,0.7625,5.1925,0.06583118741058656,0.3410586552217454
3955,0.745,5.1975,0.062077253218884125,0.32274678111587984
3956,0.89,5.2075,0.07416309012875537,0.3868383404864092
3957,0.885,5.185,0.06418311874105866,0.3341917024320458
3958,0.9075,5.19375,0.07562804005722461,0.3937052932761088
3959,0.7625,5.185,0.06354220314735337,0.32961373390557946
3960,0.87,5.18,0.06418311874105866,0.3341917024320458
3961,0.7125,5.18375,0.059330472103004295,0.30672389127324756
3962,0.8225,5.19625,0.06857796852646639,0.3570815450643777
3963,0.755,5.18625,0.06500715307582261,0.33648068669527903
3964,0.8425,5.20625,0.07022603719599428,0.3639484978540773
3965,0.75,5.2075,0.06253505007153076,0.32732474964234626
3966,0.675,5.20875,0.07269814020028613,0.3776824034334764
3967,0.835,5.2125,0.069585121602289,0.3639484978540773
3968,0.7225,5.20375,0.060246065808297576,0.3158798283261803
3969,0.685,5.20375,0.07022603719599428,0.3639484978540773
3970,0.865,5.21375,0.07205722460658083,0.37539341917024327
3971,0.85,5.21375,0.07086695278969958,0.37081545064377686
3972,0.93,5.17375,0.07938197424892705,0.4120171673819743
3973,0.7675,5.18,0.064,0.32961373390557946
3974,0.715,5.19,0.059605150214592284,0.30672389127324756
3975,0.8975,5.17875,0.06253505007153076,0.32274678111587984
3976,0.9,5.18375,0.05978826895565094,0.3113018597997139
3977,0.9025,5.2075,0.07517024320457798,0.3891273247496424
3978,0.8225,5.18875,0.05603433476394851,0.2929899856938484
3979,0.695,5.21375,0.06912732474964235,0.35937052932761093
3980,0.8125,5.2125,0.06775393419170243,0.35250357653791137
3981,0.8375,5.1825,0.060246065808297576,0.3113018597997139
3982,0.7875,5.19,0.06354220314735337,0.32961373390557946
3983,0.795,5.17125,0.0662889842632332,0.3410586552217454
3984,0.83,5.18875,0.05621745350500716,0.2929899856938484
3985,0.85,5.18375,0.05832331902718169,0.30443490701001436
3986,0.6825,5.1825,0.056858369098712454,0.2952789699570816
3987,0.88,5.1925,0.07333905579399143,0.3982832618025752
3988,0.8525,5.18875,0.059605150214592284,0.30672389127324756
3989,0.8475,5.21,0.07059227467811159,0.36852646638054365
3990,0.8075,5.1875,0.0672961373390558,0.34792560801144495
3991,0.7275,5.21,0.07205722460658083,0.37539341917024327
3992,0.7525,5.17875,0.06271816881258942,0.32732474964234626
3993,0.7125,5.18375,0.059330472103004295,0.30672389127324756
3994,0.705,5.21125,0.06683834048640916,0.34792560801144495
3995,0.6875,5.1975,0.05731616595135909,0.2952789699570816
3996,0.7075,5.1825,0.058964234620886985,0.30443490701001436
3997,0.765,5.20125,0.05731616595135909,0.2952789699570816
3998,0.75,5.2075,0.06253505007153076,0.32732474964234626
3999,0.7025,5.20125,0.05850643776824035,0.30443490701001436
4000,0.6775,5.21,0.07251502145922747,0.3776824034334764
4001,0.7425,5.2025,0.06189413447782547,0.32274678111587984
4002,0.87,5.185,0.07251502145922747,0.37539341917024327
4003,0.9075,5.1775,0.061711015736766815,0.3181688125894135
4004,0.9075,5.21,0.07562804005722461,0.3937052932761088
4005,0.725,5.17875,0.06042918454935623,0.3113018597997139
4006,0.715,5.21,0.07517024320457798,0.3891273247496424
4007,0.8875,5.2025,0.07397997138769671,0.3868383404864092
4008,0.8675,5.20375,0.07233190271816882,0.37539341917024327
4009,0.86,5.18,0.0576824034334764,0.29985693848354794
4010,0.82,5.18125,0.059330472103004295,0.30672389127324756
4011,0.7475,5.18625,0.06226037195994278,0.32274678111587984
4012,0.75,5.20375,0.060246065808297576,0.3158798283261803
4013,0.7925,5.19875,0.05832331902718169,0.30443490701001436
4014,0.73,5.20625,0.06079542203147354,0.3158798283261803
4015,0.685,5.2075,0.07086695278969958,0.36852646638054365
4016,0.6775,5.20625,0.07205722460658083,0.37539341917024327
4017,1,5.20125,0.08331902718168814,0.4349070100143062
4018,0.71,5.2075,0.07416309012875537,0.3868383404864092
4019,0.845,5.18625,0.0662889842632332,0.34563662374821175
4020,0.7125,5.18375,0.059330472103004295,0.30672389127324756
4021,0.94,5.18125,0.08478397711015738,0.4394849785407726
4022,0.7175,5.20375,0.07434620886981402,0.3868383404864092
4023,0.87,5.21125,0.07251502145922747,0.3776824034334764
4024,0.825,5.18125,0.06876108726752504,0.35937052932761093
4025,0.81,5.18625,0.06189413447782547,0.32274678111587984
4026,0.83,5.1975,0.06912732474964235,0.35937052932761093
4027,0.8075,5.21125,0.0672961373390558,0.35250357653791137
4028,0.825,5.1875,0.06354220314735337,0.32961373390557946
4029,0.7125,5.205,0.059330472103004295,0.30672389127324756
4030,0.715,5.205,0.059605150214592284,0.3113018597997139
4031,0.725,5.19625,0.0689442060085837,0.35937052932761093
4032,0.8825,5.2025,0.07352217453505008,0.38226037195994284
4033,0.715,5.1825,0.059605150214592284,0.30672389127324756
4034,0.8875,5.17875,0.06189413447782547,0.3181688125894135
4035,0.72,5.18,0.059971387696709594,0.3113018597997139
4036,0.715,5.18875,0.059605150214592284,0.30672389127324756
4037,0.88,5.18,0.06436623748211731,0.3341917024320458
4038,0.695,5.18,0.05795708154506438,0.29985693848354794
4039,0.8,5.18875,0.0666552217453505,0.34563662374821175
4040,0.745,5.205,0.05978826895565094,0.3113018597997139
4041,0.6975,5.19875,0.05814020028612304,0.30443490701001436
4042,0.7225,5.20625,0.060246065808297576,0.3158798283261803
4043,0.69,5.20375,0.07169098712446352,0.37081545064377686
4044,0.8125,5.1975,0.06775393419170243,0.35250357653791137
4045,0.8675,5.20625,0.07233190271816882,0.37539341917024327
4046,0.78,5.1925,0.06436623748211731,0.3341917024320458
4047,0.765,5.20125,0.07498712446351932,0.3891273247496424
4048,0.7125,5.18625,0.059330472103004295,0.30672389127324756
4049,0.8875,5.18125,0.06372532188841203,0.32961373390557946
4050,0.8625,5.1875,0.05914735336194564,0.30672389127324756
4051,0.8675,5.20875,0.07233190271816882,0.37539341917024327
4052,0.815,5.1975,0.06107010014306152,0.3181688125894135
4053,0.7925,5.19875,0.059605150214592284,0.3113018597997139
4054,0.775,5.19625,0.06454935622317597,0.3341917024320458
4055,0.67,5.2075,0.07169098712446352,0.37539341917024327
4056,0.6775,5.21125,0.06976824034334765,0.3639484978540773
4057,0.7275,5.205,0.060612303290414886,0.3158798283261803
4058,0.67,5.20875,0.055851216022889845,0.3776824034334764
4059,0.715,5.21,0.06335908440629472,0.32961373390557946
4060,0.73,5.20375,0.06079542203147354,0.3158798283261803
4061,0.75,5.20625,0.06253505007153076,0.32732474964234626
4062,0.715,5.2,0.07233190271816882,0.37539341917024327
4063,0.725,5.1925,0.06042918454935623,0.3158798283261803
4064,0.9875,5.20875,0.08231187410586553,0.4280400572246066
4065,0.9,5.1775,0.060246065808297576,0.3113018597997139
4066,0.7125,5.19125,0.059330472103004295,0.30672389127324756
4067,0.79,5.205,0.06583118741058656,0.3410586552217454
4068,0.705,5.19875,0.06912732474964235,0.35937052932761093
4069,0.8525,5.21375,0.07105007153075824,0.37081545064377686
4070,0.755,5.20625,0.06290128755364807,0.32732474964234626
4071,0.765,5.1925,0.06857796852646639,0.3570815450643777
4072,0.825,5.195,0.06876108726752504,0.3570815450643777
4073,0.8425,5.2125,0.07022603719599428,0.36852646638054365
4074,0.855,5.18875,0.06271816881258942,0.32732474964234626
4075,0.8725,5.21,0.07269814020028613,0.3776824034334764
4076,0.8575,5.20625,0.07141630901287555,0.37081545064377686
4077,0.905,5.17875,0.06079542203147354,0.3158798283261803
4078,0.8875,5.21,0.07397997138769671,0.3868383404864092
4079,0.715,5.18,0.059605150214592284,0.30672389127324756
4080,0.7175,5.2075,0.07434620886981402,0.3868383404864092
4081,0.8525,5.1825,0.06482403433476396,0.33648068669527903
4082,0.715,5.1825,0.059605150214592284,0.30672389127324756
4083,0.675,5.2075,0.07187410586552218,0.37539341917024327
4084,0.695,5.21375,0.06812017167381974,0.3570815450643777
4085,0.84,5.2125,0.07004291845493563,0.3639484978540773
4086,0.8225,5.1825,0.06253505007153076,0.32274678111587984
4087,0.7575,5.1925,0.06482403433476396,0.33648068669527903
4088,0.8475,5.2125,0.07059227467811159,0.36852646638054365
4089,0.8375,5.1825,0.05978826895565094,0.3113018597997139
4090,0.8275,5.18375,0.06042918454935623,0.3158798283261803
4091,0.7775,5.19125,0.06482403433476396,0.33648068669527903
4092,0.875,5.1775,0.05878111587982833,0.30443490701001436
4093,0.73,5.20875,0.07233190271816882,0.37539341917024327
4094,0.7625,5.18125,0.06354220314735337,0.32961373390557946
4095,0.715,5.18625,0.059605150214592284,0.30672389127324756
4096,0.89,5.17875,0.062077253218884125,0.32274678111587984
4097,0.7225,5.19375,0.060246065808297576,0.3113018597997139
4098,0.79,5.2125,0.06583118741058656,0.3410586552217454
4099,0.7825,5.18625,0.06189413447782547,0.32274678111587984
4100,0.7575,5.1875,0.06308440629470673,0.32732474964234626
4101,0.7975,5.195,0.06647210300429185,0.34563662374821175
4102,0.79,5.1975,0.056858369098712454,0.2952789699570816
4103,0.675,5.19,0.05621745350500716,0.2929899856938484
4104,0.745,5.18625,0.062077253218884125,0.32274678111587984
4105,0.865,5.1775,0.05731616595135909,0.2952789699570816
4106,0.675,5.18625,0.05621745350500716,0.2929899856938484
4107,0.74,5.1775,0.061711015736766815,0.3181688125894135
4108,0.7725,5.195,0.07233190271816882,0.37539341917024327
4109,0.725,5.1825,0.06042918454935623,0.3158798283261803
4110,0.86,5.21,0.07169098712446352,0.37539341917024327
4111,0.9,5.17875,0.059971387696709594,0.3113018597997139
4112,0.87,5.21125,0.07251502145922747,0.3776824034334764
4113,0.8375,5.2,0.06976824034334765,0.3639484978540773
4114,0.85,5.18,0.05704148783977111,0.2952789699570816
4115,0.67,5.19,0.055851216022889845,0.288412017167382
4116,0.695,5.18,0.05795708154506438,0.29985693848354794
4117,0.7825,5.1975,0.057499284692417746,0.29985693848354794
4118,0.83,5.18375,0.059971387696709594,0.3113018597997139
4119,0.7325,5.185,0.06107010014306152,0.3158798283261803
4120,0.8,5.19375,0.05603433476394851,0.2929899856938484
4121,0.7875,5.2,0.05814020028612304,0.30443490701001436
4122,0.68,5.1925,0.0566752503576538,0.2929899856938484
4123,0.9175,5.1775,0.06079542203147354,0.3158798283261803
4124,0.8425,5.185,0.059330472103004295,0.30672389127324756
4125,0.73,5.1975,0.06079542203147354,0.3158798283261803
4126,0.885,5.18,0.06335908440629472,0.32961373390557946
4127,0.8025,5.1975,0.06125321888412018,0.3181688125894135
4128,0.8675,5.20625,0.07233190271816882,0.37539341917024327
4129,0.865,5.18125,0.07205722460658083,0.2929899856938484
4130,0.8325,5.18125,0.056858369098712454,0.2952789699570816
4131,0.7125,5.1825,0.059330472103004295,0.30672389127324756
4132,0.7625,5.19,0.06354220314735337,0.32961373390557946
4133,0.8875,5.18125,0.05731616595135909,0.2952789699570816
4134,0.68,5.1925,0.0566752503576538,0.2929899856938484
4135,0.73,5.19875,0.06079542203147354,0.3158798283261803
4136,0.6925,5.2125,0.06976824034334765,0.3639484978540773
4137,0.8075,5.2125,0.0672961373390558,0.35250357653791137
4138,0.7675,5.18,0.064,0.32961373390557946
4139,0.735,5.20625,0.07086695278969958,0.36852646638054365
4140,0.8725,5.19875,0.07269814020028613,0.3776824034334764
4141,0.74,5.195,0.061711015736766815,0.3181688125894135
4142,0.9175,5.17625,0.06079542203147354,0.3158798283261803
4143,0.6825,5.18125,0.056858369098712454,0.2952789699570816
4144,0.7125,5.18125,0.059330472103004295,0.30672389127324756
4145,0.8025,5.19125,0.059971387696709594,0.3113018597997139
4146,0.7375,5.20875,0.06143633762517883,0.3181688125894135
4147,0.7225,5.20375,0.060246065808297576,0.3158798283261803
4148,0.7075,5.2025,0.07040915593705294,0.36852646638054365
4149,0.905,5.21,0.07544492131616595,0.3937052932761088
4150,0.8275,5.2125,0.0689442060085837,0.35937052932761093
4151,0.835,5.18375,0.06436623748211731,0.3341917024320458
4152,0.8375,5.18,0.05878111587982833,0.30443490701001436
4153,0.72,5.1875,0.059971387696709594,0.3113018597997139
4154,0.8875,5.17875,0.06290128755364807,0.32732474964234626
4155,0.7725,5.205,0.07123319027181689,0.37081545064377686
4156,0.7175,5.17875,0.05978826895565094,0.3113018597997139
4157,0.765,5.1925,0.07370529327610874,0.38226037195994284
4158,0.6725,5.205,0.07105007153075824,0.37081545064377686
4159,0.875,5.19875,0.07288125894134478,0.3776824034334764
4160,0.865,5.1825,0.056858369098712454,0.2952789699570816
4161,0.8625,5.18375,0.05731616595135909,0.2952789699570816
4162,0.775,5.19125,0.06454935622317597,0.3341917024320458
4163,0.905,5.17875,0.057499284692417746,0.2952789699570816
4164,0.895,5.18125,0.05795708154506438,0.29985693848354794
4165,0.7325,5.18375,0.06107010014306152,0.3158798283261803
4166,0.755,5.18375,0.06290128755364807,0.32732474964234626
4167,0.8075,5.1925,0.05621745350500716,0.2929899856938484
4168,0.845,5.19125,0.07040915593705294,0.3639484978540773
4169,0.775,5.17875,0.06454935622317597,0.3341917024320458
4170,0.715,5.2075,0.07480400572246067,0.3891273247496424
4171,0.8125,5.18625,0.06775393419170243,0.35250357653791137
4172,0.7175,5.18,0.05978826895565094,0.3113018597997139
4173,0.73,5.19875,0.06940200286123034,0.35937052932761093
4174,0.835,5.2125,0.069585121602289,0.3639484978540773
4175,0.7475,5.21,0.06226037195994278,0.32274678111587984
4176,0.8725,5.18125,0.0566752503576538,0.2929899856938484
4177,0.68,5.185,0.0566752503576538,0.2929899856938484
4178,0.6725,5.1875,0.05603433476394851,0.2929899856938484
4179,0.85,5.18,0.062077253218884125,0.32274678111587984
4180,0.87,5.20625,0.07251502145922747,0.3776824034334764
4181,0.83,5.21125,0.06912732474964235,0.35937052932761093
4182,0.85,5.18125,0.059330472103004295,0.30672389127324756
4183,0.9,5.20875,0.07498712446351932,0.3891273247496424
4184,0.89,5.1975,0.07416309012875537,0.3868383404864092
4185,0.745,5.2075,0.06775393419170243,0.35250357653791137
4186,0.7325,5.21,0.07105007153075824,0.37081545064377686
4187,0.845,5.195,0.07040915593705294,0.36852646638054365
4188,0.7975,5.19125,0.05603433476394851,0.2929899856938484
4189,0.89,5.18125,0.05795708154506438,0.29985693848354794
4190,0.7025,5.18,0.05850643776824035,0.30443490701001436
4191,0.795,5.195,0.0566752503576538,0.2952789699570816
4192,0.82,5.1925,0.0550271816881259,0.2861230329041488
4193,0.6775,5.18625,0.056492131616595144,0.2929899856938484
4194,0.735,5.2075,0.06107010014306152,0.3181688125894135
4195,0.7275,5.2075,0.06107010014306152,0.3181688125894135
4196,0.695,5.19875,0.05795708154506438,0.29985693848354794
4197,0.6825,5.2125,0.07040915593705294,0.36852646638054365
4198,0.7875,5.18875,0.07709298998569386,0.4005722460658083
4199,0.735,5.1775,0.06125321888412018,0.3181688125894135
4200,0.7425,5.2075,0.06189413447782547,0.3181688125894135
4201,0.7175,5.21125,0.07370529327610874,0.38226037195994284
4202,0.86,5.19625,0.07169098712446352,0.37081545064377686
4203,0.83,5.19875,0.06912732474964235,0.35937052932761093
4204,0.86,5.17875,0.057499284692417746,0.2952789699570816
4205,0.71,5.1825,0.05914735336194564,0.30672389127324756
4206,0.765,5.21,0.06372532188841203,0.3341917024320458
4207,0.6925,5.2025,0.06876108726752504,0.3570815450643777
4208,0.8475,5.21125,0.07059227467811159,0.36852646638054365
4209,0.8725,5.20875,0.07269814020028613,0.3776824034334764
4210,0.86,5.18,0.0576824034334764,0.29985693848354794
4211,0.725,5.18125,0.06042918454935623,0.3113018597997139
4212,0.7575,5.19,0.06308440629470673,0.32732474964234626
4213,0.745,5.1975,0.07205722460658083,0.37539341917024327
4214,0.7725,5.18125,0.06436623748211731,0.3341917024320458
4215,0.73,5.17875,0.06079542203147354,0.3158798283261803
4216,0.86,5.18125,0.06372532188841203,0.32961373390557946
4217,0.7125,5.1875,0.059330472103004295,0.30672389127324756
4218,0.69,5.195,0.057499284692417746,0.29985693848354794
4219,0.68,5.2075,0.07169098712446352,0.37539341917024327
4220,0.7675,5.2125,0.064,0.3341917024320458
4221,0.725,5.20375,0.06042918454935623,0.3158798283261803
4222,0.6825,5.2025,0.07059227467811159,0.36852646638054365
4223,0.765,5.20125,0.05850643776824035,0.30443490701001436
4224,0.705,5.18125,0.05878111587982833,0.30443490701001436
4225,0.83,5.185,0.05621745350500716,0.2929899856938484
4226,0.8675,5.175,0.06454935622317597,0.3341917024320458
4227,0.71,5.17875,0.05914735336194564,0.30672389127324756
4228,0.86,5.18125,0.06436623748211731,0.3341917024320458
4229,0.7975,5.2025,0.06436623748211731,0.3341917024320458
4230,0.8375,5.1775,0.06976824034334765,0.35937052932761093
4231,0.7475,5.19875,0.07269814020028613,0.3776824034334764
4232,0.89,5.1775,0.06125321888412018,0.3181688125894135
4233,0.68,5.18125,0.0566752503576538,0.2929899856938484
4234,0.7925,5.1975,0.06601430615164522,0.30443490701001436
4235,0.84,5.18625,0.05621745350500716,0.2929899856938484
4236,0.7375,5.17375,0.06143633762517883,0.3181688125894135
4237,0.7975,5.19125,0.06647210300429185,0.34563662374821175
4238,0.85,5.1825,0.058964234620886985,0.30443490701001436
4239,0.78,5.19125,0.06500715307582261,0.33648068669527903
4240,0.855,5.21125,0.07123319027181689,0.37081545064377686
4241,0.675,5.20625,0.07370529327610874,0.38226037195994284
4242,0.845,5.2125,0.07040915593705294,0.36852646638054365
4243,0.8875,5.1975,0.07397997138769671,0.3868383404864092
4244,0.7275,5.21,0.07086695278969958,0.36852646638054365
4245,0.905,5.20375,0.07544492131616595,0.3937052932761088
4246,0.7325,5.17625,0.06107010014306152,0.3158798283261803
4247,0.7225,5.205,0.07645207439198856,0.3982832618025752
4248,0.7425,5.18625,0.06189413447782547,0.32274678111587984
4249,0.8175,5.19875,0.06812017167381974,0.35250357653791137
4250,0.8525,5.18125,0.0566752503576538,0.2929899856938484
4251,0.6775,5.1925,0.056492131616595144,0.2929899856938484
4252,0.6975,5.2,0.05814020028612304,0.30443490701001436
4253,0.7475,5.1925,0.06647210300429185,0.34563662374821175
4254,0.8725,5.205,0.07269814020028613,0.3776824034334764
4255,0.8425,5.20875,0.07022603719599428,0.36852646638054365
4256,0.845,5.18375,0.06042918454935623,0.3158798283261803
4257,0.8525,5.18125,0.059330472103004295,0.30672389127324756
4258,0.9125,5.20375,0.07608583690987125,0.3982832618025752
4259,0.725,5.21125,0.07123319027181689,0.37081545064377686
4260,0.73,5.2,0.07288125894134478,0.3776824034334764
4261,0.76,5.18,0.06335908440629472,0.32961373390557946
4262,0.7275,5.205,0.07269814020028613,0.3776824034334764
4263,0.6725,5.21,0.07040915593705294,0.36852646638054365
4264,0.85,5.2125,0.07086695278969958,0.36852646638054365
4265,0.8325,5.18375,0.06107010014306152,0.3158798283261803
4266,0.88,5.17625,0.059971387696709594,0.3113018597997139
4267,0.715,5.20125,0.059605150214592284,0.3113018597997139
4268,0.7525,5.19375,0.06793705293276109,0.35250357653791137
4269,0.69,5.20125,0.07086695278969958,0.36852646638054365
4270,0.9225,5.21,0.0769098712446352,0.4005722460658083
4271,0.7625,5.2125,0.06354220314735337,0.32961373390557946
4272,0.7575,5.19125,0.06519027181688127,0.33648068669527903
4273,0.895,5.2,0.07462088698140201,0.3868383404864092
4274,0.75,5.17875,0.06253505007153076,0.32274678111587984
4275,0.715,5.2025,0.07562804005722461,0.3937052932761088
4276,0.7625,5.17875,0.06354220314735337,0.32961373390557946
4277,0.7825,5.20375,0.06519027181688127,0.33648068669527903
4278,0.7825,5.19,0.06418311874105866,0.3341917024320458
4279,0.725,5.17875,0.06042918454935623,0.3113018597997139
4280,0.68,5.18125,0.0566752503576538,0.2929899856938484
4281,0.8,5.19625,0.056858369098712454,0.2952789699570816
4282,0.675,5.18625,0.05621745350500716,0.2929899856938484
4283,0.695,5.18125,0.05795708154506438,0.29985693848354794
4284,0.8525,5.18375,0.056492131616595144,0.2929899856938484
4285,0.7325,5.18375,0.06107010014306152,0.3158798283261803
4286,0.8025,5.195,0.06683834048640916,0.34792560801144495
4287,0.885,5.17625,0.05914735336194564,0.30672389127324756
4288,0.8275,5.20375,0.0689442060085837,0.35937052932761093
4289,0.9,5.205,0.07498712446351932,0.3891273247496424
4290,0.855,5.19125,0.059971387696709594,0.3113018597997139
4291,0.89,5.21125,0.07416309012875537,0.3868383404864092
4292,0.875,5.19625,0.07288125894134478,0.3776824034334764
4293,0.7,5.21125,0.0662889842632332,0.34563662374821175
4294,0.745,5.205,0.059971387696709594,0.3113018597997139
4295,0.67,5.18625,0.055851216022889845,0.288412017167382
4296,0.71,5.21125,0.06335908440629472,0.32961373390557946
4297,0.7925,5.195,0.05704148783977111,0.2952789699570816
4298,0.6775,5.1925,0.056492131616595144,0.2929899856938484
4299,0.68,5.2125,0.07105007153075824,0.37081545064377686
4300,0.815,5.18875,0.05603433476394851,0.2929899856938484
4301,0.715,5.1825,0.059605150214592284,0.30672389127324756
4302,0.8775,5.18,0.056858369098712454,0.2952789699570816
4303,0.755,5.20875,0.0672961373390558,0.34792560801144495
4304,0.88,5.2025,0.07333905579399143,0.38226037195994284
4305,0.8375,5.1925,0.06976824034334765,0.3113018597997139
4306,0.7375,5.21,0.07059227467811159,0.36852646638054365
4307,0.975,5.18625,0.0812131616595136,0.421173104434907
4308,0.72,5.1825,0.059971387696709594,0.3113018597997139
4309,0.77,5.20125,0.05850643776824035,0.30443490701001436
4310,0.71,5.20375,0.05914735336194564,0.30672389127324756
4311,0.7475,5.2075,0.06226037195994278,0.32274678111587984
4312,0.6775,5.21,0.07251502145922747,0.3776824034334764
4313,0.77,5.2125,0.06418311874105866,0.3341917024320458
4314,0.695,5.1975,0.05795708154506438,0.29985693848354794
4315,0.705,5.21,0.06537339055793992,0.3410586552217454
4316,0.76,5.20875,0.06335908440629472,0.32961373390557946
4317,0.8125,5.19875,0.06775393419170243,0.35250357653791137
4318,0.8275,5.19625,0.06519027181688127,0.33648068669527903
4319,0.9,5.20625,0.07498712446351932,0.3891273247496424
4320,0.885,5.2,0.07370529327610874,0.38226037195994284
4321,0.7275,5.20125,0.07517024320457798,0.3891273247496424
4322,0.76,5.17875,0.06335908440629472,0.32732474964234626
4323,0.6875,5.18125,0.05731616595135909,0.2952789699570816
4324,0.7325,5.2075,0.06253505007153076,0.32732474964234626
4325,0.69,5.18125,0.057499284692417746,0.2952789699570816
4326,0.7025,5.18125,0.05850643776824035,0.30443490701001436
4327,0.86,5.19625,0.05704148783977111,0.2952789699570816
4328,0.7,5.2125,0.0672961373390558,0.35250357653791137
4329,1.1025,5.1875,0.0918340486409156,0.47610872675250365
4330,0.6825,5.21125,0.06857796852646639,0.3570815450643777
4331,0.6825,5.2125,0.06812017167381974,0.3570815450643777
4332,0.88,5.2125,0.07333905579399143,0.38226037195994284
4333,0.85,5.18875,0.05914735336194564,0.30672389127324756
4334,0.715,5.20375,0.07462088698140201,0.3891273247496424
4335,0.7575,5.18,0.06308440629470673,0.32732474964234626
4336,0.7325,5.21,0.07187410586552218,0.37539341917024327
4337,0.7125,5.20375,0.07434620886981402,0.3868383404864092
4338,0.86,5.21,0.07169098712446352,0.37539341917024327
4339,0.7775,5.19,0.06482403433476396,0.33648068669527903
4340,0.7525,5.19125,0.06912732474964235,0.35937052932761093
4341,0.7825,5.19125,0.06519027181688127,0.33648068669527903
4342,0.8475,5.18,0.07059227467811159,0.36852646638054365
4343,0.8025,5.185,0.06125321888412018,0.3181688125894135
4344,0.865,5.205,0.07205722460658083,0.37539341917024327
4345,0.815,5.21375,0.06793705293276109,0.35250357653791137
4346,0.7525,5.19375,0.0666552217453505,0.34563662374821175
4347,0.76,5.1875,0.06335908440629472,0.32961373390557946
4348,0.8525,5.21,0.07105007153075824,0.37081545064377686
4349,0.8725,5.1825,0.059971387696709594,0.3113018597997139
4350,0.89,5.21,0.07416309012875537,0.3868383404864092
4351,0.805,5.18625,0.06711301859799715,0.34792560801144495
4352,0.8,5.19,0.0683032904148784,0.3570815450643777
4353,0.6825,5.1825,0.056858369098712454,0.2952789699570816
4354,0.8125,5.1975,0.06775393419170243,0.35250357653791137
4355,0.8575,5.17875,0.05814020028612304,0.29985693848354794
4356,0.75,5.1875,0.06253505007153076,0.32732474964234626
4357,0.8575,5.205,0.07141630901287555,0.37081545064377686
4358,0.8525,5.18,0.05832331902718169,0.30443490701001436
4359,0.7825,5.19125,0.06519027181688127,0.33648068669527903
4360,0.895,5.20625,0.07462088698140201,0.3891273247496424
4361,0.8225,5.18125,0.06143633762517883,0.3181688125894135
4362,0.8725,5.1925,0.07269814020028613,0.3776824034334764
4363,0.735,5.1975,0.06125321888412018,0.3181688125894135
4364,0.7525,5.19625,0.07169098712446352,0.37081545064377686
4365,0.76,5.1925,0.07040915593705294,0.3639484978540773
4366,0.7875,5.18375,0.06564806866952791,0.3410586552217454
4367,0.7325,5.2,0.07333905579399143,0.38226037195994284
4368,0.8225,5.18875,0.05621745350500716,0.2929899856938484
4369,0.6725,5.18375,0.05603433476394851,0.288412017167382
4370,0.7375,5.2025,0.06042918454935623,0.3158798283261803
4371,0.6925,5.21125,0.0672961373390558,0.35250357653791137
4372,0.735,5.2075,0.06125321888412018,0.3181688125894135
4373,0.6875,5.2,0.07059227467811159,0.36852646638054365
4374,0.6825,5.2075,0.07187410586552218,0.37539341917024327
4375,0.805,5.2125,0.06711301859799715,0.34792560801144495
4376,0.6825,5.20375,0.056858369098712454,0.3639484978540773
4377,0.6975,5.21125,0.07086695278969958,0.36852646638054365
4378,0.74,5.17875,0.061711015736766815,0.3181688125894135
4379,0.8425,5.17625,0.07022603719599428,0.3639484978540773
4380,0.7525,5.195,0.07416309012875537,0.3868383404864092
4381,0.8775,5.18375,0.07315593705293277,0.3776824034334764
4382,0.7225,5.17875,0.060246065808297576,0.3113018597997139
4383,0.6825,5.20375,0.07022603719599428,0.3639484978540773
4384,0.845,5.2125,0.07040915593705294,0.36852646638054365
4385,0.755,5.21,0.06290128755364807,0.32732474964234626
4386,0.68,5.205,0.07205722460658083,0.37539341917024327
4387,0.775,5.2125,0.06454935622317597,0.33648068669527903
4388,0.87,5.1875,0.07251502145922747,0.37539341917024327
4389,0.7275,5.21,0.07251502145922747,0.3776824034334764
4390,0.8775,5.20875,0.07315593705293277,0.38226037195994284
4391,0.7775,5.1825,0.06482403433476396,0.33648068669527903
4392,0.7175,5.20625,0.07434620886981402,0.3868383404864092
4393,0.895,5.195,0.07462088698140201,0.3868383404864092
4394,0.7525,5.17875,0.06271816881258942,0.32732474964234626
4395,0.72,5.21,0.07416309012875537,0.3868383404864092
4396,0.8975,5.20375,0.07480400572246067,0.3891273247496424
4397,0.83,5.18875,0.06912732474964235,0.35937052932761093
4398,0.815,5.18875,0.056492131616595144,0.2929899856938484
4399,0.855,5.1875,0.05566809728183119,0.288412017167382
4400,0.6775,5.18375,0.056492131616595144,0.2929899856938484
4401,0.7225,5.21125,0.06271816881258942,0.32732474964234626
4402,0.7875,5.19875,0.057499284692417746,0.29985693848354794
4403,0.675,5.185,0.05621745350500716,0.2929899856938484
4404,0.7175,5.20875,0.06335908440629472,0.32961373390557946
4405,0.7475,5.2025,0.05850643776824035,0.30443490701001436
4406,0.67,5.1875,0.055851216022889845,0.288412017167382
4407,0.695,5.2125,0.06601430615164522,0.34563662374821175
4408,0.815,5.1925,0.07663519313304722,0.3982832618025752
4409,0.78,5.1825,0.06500715307582261,0.33648068669527903
4410,0.7225,5.21,0.07315593705293277,0.38226037195994284
4411,0.765,5.1975,0.07416309012875537,0.3868383404864092
4412,0.745,5.1775,0.062077253218884125,0.32274678111587984
4413,0.6725,5.2075,0.05603433476394851,0.2929899856938484
4414,0.6925,5.21375,0.06940200286123034,0.35937052932761093
4415,0.6725,5.18625,0.05603433476394851,0.288412017167382
4416,0.69,5.18125,0.057499284692417746,0.2952789699570816
4417,0.6875,5.20625,0.07315593705293277,0.38226037195994284
4418,0.865,5.21,0.07205722460658083,0.37539341917024327
4419,0.825,5.19875,0.06876108726752504,0.3570815450643777
4420,0.86,5.17625,0.05814020028612304,0.29985693848354794
4421,0.8075,5.185,0.0672961373390558,0.34792560801144495
4422,0.8225,5.19875,0.06857796852646639,0.3570815450643777
4423,0.8175,5.19625,0.06253505007153076,0.32732474964234626
4424,0.9025,5.20625,0.07517024320457798,0.3891273247496424
4425,0.85,5.19125,0.07086695278969958,0.36852646638054365
4426,0.7175,5.21,0.07370529327610874,0.38226037195994284
4427,0.845,5.1925,0.07040915593705294,0.3639484978540773
4428,0.685,5.1975,0.05704148783977111,0.2952789699570816
4429,0.835,5.19125,0.07315593705293277,0.3776824034334764
4430,0.845,5.2025,0.07040915593705294,0.36852646638054365
4431,0.8225,5.2125,0.06857796852646639,0.3570815450643777
4432,0.7975,5.18375,0.06079542203147354,0.3158798283261803
4433,0.81,5.18875,0.06747925608011446,0.34792560801144495
4434,0.75,5.18625,0.06253505007153076,0.32274678111587984
4435,0.7825,5.1975,0.05914735336194564,0.30672389127324756
4436,0.885,5.18125,0.0566752503576538,0.2929899856938484
4437,0.82,5.1975,0.0683032904148784,0.3570815450643777
4438,0.7775,5.20375,0.064,0.3341917024320458
4439,0.7375,5.20875,0.06940200286123034,0.35937052932761093
4440,0.8875,5.20125,0.07397997138769671,0.3868383404864092
4441,0.7875,5.2025,0.064,0.3341917024320458
4442,0.7225,5.21,0.07315593705293277,0.38226037195994284
4443,0.7675,5.21,0.064,0.3341917024320458
4444,0.68,5.2025,0.07040915593705294,0.36852646638054365
4445,0.6725,5.20875,0.07205722460658083,0.37539341917024327
4446,0.7775,5.21125,0.06482403433476396,0.33648068669527903
4447,0.7,5.20125,0.05832331902718169,0.35937052932761093
4448,0.74,5.195,0.0666552217453505,0.34563662374821175
4449,0.7175,5.205,0.05978826895565094,0.3113018597997139
4450,0.7475,5.205,0.06226037195994278,0.32274678111587984
4451,0.71,5.21125,0.064,0.3341917024320458
4452,0.89,5.2125,0.07416309012875537,0.3868383404864092
4453,0.8875,5.19625,0.07397997138769671,0.3868383404864092
4454,0.735,5.20875,0.06940200286123034,0.35937052932761093
4455,0.8825,5.20625,0.07352217453505008,0.38226037195994284
4456,0.8525,5.195,0.07105007153075824,0.36852646638054365
4457,0.7825,5.2025,0.06335908440629472,0.32961373390557946
4458,0.86,5.21125,0.07169098712446352,0.37539341917024327
4459,0.705,5.19875,0.05878111587982833,0.30443490701001436
4460,0.685,5.2125,0.06940200286123034,0.35937052932761093
4461,0.6975,5.2025,0.05814020028612304,0.30443490701001436
4462,0.6775,5.18125,0.056492131616595144,0.2929899856938484
4463,0.8075,5.195,0.056858369098712454,0.2952789699570816
4464,0.725,5.195,0.06042918454935623,0.3158798283261803
4465,0.685,5.1825,0.05704148783977111,0.2952789699570816
4466,0.725,5.20875,0.06290128755364807,0.32732474964234626
4467,0.7875,5.21125,0.06564806866952791,0.3410586552217454
4468,0.83,5.20875,0.06912732474964235,0.35937052932761093
4469,0.925,5.17625,0.06290128755364807,0.32732474964234626
4470,0.83,5.1925,0.059971387696709594,0.3113018597997139
4471,0.8875,5.20875,0.07397997138769671,0.3868383404864092
4472,0.865,5.1875,0.058964234620886985,0.30672389127324756
4473,0.6825,5.21375,0.069585121602289,0.3639484978540773
4474,0.77,5.21125,0.06418311874105866,0.3341917024320458
4475,0.675,5.20875,0.07169098712446352,0.37539341917024327
4476,0.725,5.2075,0.06125321888412018,0.3181688125894135
4477,0.6925,5.19625,0.0576824034334764,0.29985693848354794
4478,0.705,5.2125,0.06482403433476396,0.33648068669527903
4479,0.79,5.1975,0.06143633762517883,0.3181688125894135
4480,0.8275,5.20625,0.0689442060085837,0.35937052932761093
4481,0.86,5.1825,0.056492131616595144,0.2929899856938484
4482,0.8525,5.18125,0.05878111587982833,0.30443490701001436
4483,0.78,5.20625,0.06500715307582261,0.33648068669527903
4484,0.9075,5.2075,0.07562804005722461,0.3937052932761088
4485,0.83,5.1975,0.06107010014306152,0.3181688125894135
4486,0.9075,5.20875,0.07562804005722461,0.3937052932761088
4487,0.7975,5.1875,0.06647210300429185,0.34563662374821175
4488,0.765,5.20375,0.060246065808297576,0.3158798283261803
4489,0.805,5.17875,0.06711301859799715,0.34792560801144495
4490,0.7675,5.19125,0.064,0.3341917024320458
4491,0.8325,5.18875,0.05603433476394851,0.2929899856938484
4492,0.675,5.18875,0.05621745350500716,0.2929899856938484
4493,0.7175,5.1825,0.05978826895565094,0.3113018597997139
4494,0.815,5.1925,0.05704148783977111,0.2952789699570816
4495,0.6725,5.19,0.05603433476394851,0.2929899856938484
4496,0.7375,5.185,0.06143633762517883,0.3181688125894135
4497,0.855,5.17875,0.05704148783977111,0.2952789699570816
4498,0.74,5.195,0.061711015736766815,0.3181688125894135
4499,0.7175,5.19,0.05978826895565094,0.3113018597997139
4500,0.8575,5.1825,0.06436623748211731,0.3341917024320458
4501,0.715,5.18125,0.059605150214592284,0.30672389127324756
4502,0.745,5.2025,0.062077253218884125,0.32274678111587984
4503,0.7775,5.19,0.06482403433476396,0.33648068669527903
4504,0.705,5.18,0.05878111587982833,0.30443490701001436
4505,0.745,5.18375,0.062077253218884125,0.32274678111587984
4506,0.7575,5.20375,0.061711015736766815,0.32274678111587984
4507,0.785,5.19875,0.058964234620886985,0.30672389127324756
4508,0.6675,5.19625,0.05566809728183119,0.288412017167382
4509,0.7775,5.1975,0.059605150214592284,0.3113018597997139
4510,0.705,5.21125,0.06454935622317597,0.33648068669527903
4511,0.7625,5.21,0.06354220314735337,0.32961373390557946
4512,0.6825,5.2025,0.07105007153075824,0.37081545064377686
4513,0.8275,5.195,0.06079542203147354,0.3158798283261803
4514,0.855,5.195,0.07123319027181689,0.37081545064377686
4515,0.74,5.21,0.06940200286123034,0.35937052932761093
4516,0.75,5.195,0.07745922746781117,0.4005722460658083
4517,0.7225,5.17875,0.060246065808297576,0.3113018597997139
4518,0.6875,5.2025,0.05731616595135909,0.37081545064377686
4519,0.685,5.2125,0.07004291845493563,0.3639484978540773
4520,0.7975,5.20625,0.06647210300429185,0.34563662374821175
4521,0.7,5.2,0.05832331902718169,0.30443490701001436
4522,0.7875,5.18625,0.06482403433476396,0.33648068669527903
4523,0.88,5.21,0.07333905579399143,0.38226037195994284
4524,0.71,5.1975,0.05914735336194564,0.30672389127324756
4525,1.445,5.15875,0.08148783977110158,0.421173104434907
4526,2.405,5.0925,0.20042346208869816,1.020886981402003
4527,2.375,5.0925,0.1979513590844063,1.009442060085837
4528,2.3775,5.0925,0.19895851216022892,1.0117310443490701
4529,2.385,5.09125,0.19877539341917028,1.0117310443490701
4530,2.3925,5.09125,0.19941630901287555,1.0163090128755365
4531,2.3975,5.09,0.20042346208869816,1.020886981402003
4532,2.39,5.09125,0.1991416309012876,1.0117310443490701
4533,2.355,5.0925,0.19621173104434908,0.997997138769671
4534,2.38,5.09125,0.19996566523605153,1.0163090128755365
4535,2.3625,5.09125,0.19685264663805438,1.0002861230329043
4536,2.3875,5.09125,0.19895851216022892,1.0117310443490701
4537,2.385,5.0925,0.1985007153075823,1.0117310443490701
4538,2.3675,5.09125,0.197310443490701,1.0048640915593705
4539,2.37,5.0925,0.19749356223175968,1.0048640915593705
4540,2.385,5.09125,0.19959942775393422,1.0163090128755365
4541,2.395,5.0925,0.19895851216022892,1.0117310443490701
4542,2.3925,5.09125,0.19941630901287555,1.0163090128755365
4543,2.3775,5.0925,0.1991416309012876,1.0117310443490701
4544,2.3975,5.09,0.19959942775393422,1.0163090128755365
4545,2.575,5.0875,0.21461516452074395,1.091845493562232
4546,2.3875,5.09125,0.20024034334763952,1.020886981402003
4547,2.38,5.09125,0.19895851216022892,1.0117310443490701
4548,2.38,5.09,0.19831759656652362,1.009442060085837
4549,2.4325,5.09,0.19959942775393422,1.0163090128755365
4550,2.3875,5.09125,0.19877539341917028,1.0117310443490701
4551,2.3875,5.09,0.19895851216022892,1.0117310443490701
4552,2.385,5.09125,0.1985007153075823,1.009442060085837
4553,2.3925,5.09,0.19666952789699574,1.0002861230329043
4554,2.3825,5.0925,0.1985007153075823,1.0117310443490701
4555,2.4,5.09375,0.19996566523605153,1.020886981402003
4556,2.3875,5.09125,0.1991416309012876,1.0117310443490701
4557,2.3425,5.0925,0.1952045779685265,0.9934191702432047
4558,2.995,5.07125,0.2495908440629471,1.2680972818311875
4559,2.395,5.09,0.19831759656652362,1.009442060085837
4560,2.37,5.0925,0.19749356223175968,1.0048640915593705
4561,2.3725,5.09,0.19767668097281832,1.0048640915593705
4562,2.3775,5.09125,0.19895851216022892,1.0117310443490701
4563,2.3875,5.09125,0.19895851216022892,1.0117310443490701
4564,2.385,5.0925,0.19877539341917028,1.0117310443490701
4565,2.38,5.0925,0.1991416309012876,1.0117310443490701
4566,2.3925,5.09125,0.19941630901287555,1.0163090128755365
4567,2.375,5.09125,0.1979513590844063,1.009442060085837
4568,2.3725,5.0925,0.19712732474964237,1.0048640915593705
4569,2.42,5.08875,0.20170529327610875,1.0277539341917024
4570,2.4,5.09,0.19996566523605153,1.0163090128755365
4571,2.435,5.08875,0.2018884120171674,1.0277539341917024
4572,2.43,5.08875,0.2025293276108727,1.0323319027181688
4573,2.3875,5.09,0.19895851216022892,1.0117310443490701
4574,2.4025,5.09,0.20170529327610875,1.0277539341917024
4575,2.3475,5.0925,0.19566237482117313,0.997997138769671
4576,2.425,5.09125,0.20207153075822606,1.0277539341917024
4577,2.3675,5.09375,0.19831759656652362,1.009442060085837
4578,2.4075,5.09,0.2018884120171674,1.0277539341917024
4579,2.395,5.09,0.19959942775393422,1.0163090128755365
4580,2.4125,5.09125,0.20170529327610875,1.0277539341917024
4581,2.4025,5.09,0.1985007153075823,1.009442060085837
4582,2.39,5.09,0.1991416309012876,1.0117310443490701
4583,2.425,5.09,0.20024034334763952,1.020886981402003
4584,2.3975,5.09,0.20143061516452077,1.0231759656652362
4585,2.385,5.09125,0.19877539341917028,1.0117310443490701
4586,2.385,5.09,0.20060658082975683,1.020886981402003
4587,2.4225,5.08875,0.2025293276108727,1.0323319027181688
4588,2.45,5.09125,0.2041773962804006,1.0391988555078686
4589,2.41,5.09125,0.20078969957081547,1.0323319027181688
4590,2.415,5.09,0.2012474964234621,1.0231759656652362
4591,2.3775,5.09125,0.19813447782546498,1.009442060085837
4592,2.44,5.09,0.20335336194563663,1.034620886981402
4593,2.415,5.09125,0.20042346208869816,1.020886981402003
4594,2.44,5.08875,0.20335336194563663,1.034620886981402
4595,2.3875,5.09125,0.19895851216022892,1.0117310443490701
4596,2.4,5.09125,0.20078969957081547,1.0231759656652362
4597,2.4075,5.09,0.20060658082975683,1.020886981402003
4598,2.4375,5.09125,0.203170243204578,1.034620886981402
4599,2.4025,5.09125,0.20078969957081547,1.0231759656652362
4600,2.39,5.09125,0.1991416309012876,1.0117310443490701
4601,2.4075,5.09,0.20060658082975683,1.020886981402003
4602,2.4,5.09125,0.2018884120171674,1.0277539341917024
4603,2.3975,5.09,0.19978254649499286,1.0163090128755365
4604,2.415,5.08875,0.2012474964234621,1.0231759656652362
4605,2.4125,5.09,0.20170529327610875,1.0277539341917024
4606,2.4,5.09,0.19996566523605153,1.0163090128755365
4607,2.3975,5.09125,0.19978254649499286,1.0163090128755365
4608,2.4125,5.09,0.2018884120171674,1.0277539341917024
4609,2.4825,5.0725,0.2068326180257511,1.0506437768240344
4610,2.4175,5.08875,0.20143061516452077,1.0231759656652362
4611,2.395,5.0925,0.19813447782546498,1.009442060085837
4612,2.3725,5.0925,0.19749356223175968,1.0048640915593705
4613,2.35,5.09125,0.19584549356223177,0.997997138769671
4614,2.3825,5.08875,0.197310443490701,1.0048640915593705
4615,2.4225,5.09,0.20106437768240346,1.0231759656652362
4616,2.5025,5.08625,0.20857224606580832,1.0620886981402005
4617,2.49,5.07875,0.20500143061516454,1.0414878397711018
4618,2.4825,5.0825,0.20939628040057226,1.0643776824034337
4619,2.4925,5.08625,0.20774821173104438,1.057510729613734
4620,2.505,5.08375,0.20710729613733908,1.0529327610872676
4621,2.485,5.08625,0.20710729613733908,1.0529327610872676
4622,2.465,5.085,0.20545922746781117,1.0460658082975682
4623,2.4975,5.0875,0.20774821173104438,1.057510729613734
4624,2.485,5.08625,0.20857224606580832,1.0620886981402005
4625,2.3725,5.08875,0.19767668097281832,1.0048640915593705
4626,2.555,5.09,0.21287553648068672,1.0849785407725323
4627,2.4675,5.0875,0.2074735336194564,1.0529327610872676
4628,2.4775,5.085,0.20646638054363378,1.0506437768240344
4629,2.4875,5.08625,0.20729041487839772,1.0529327610872676
4630,2.485,5.0875,0.20710729613733908,1.0529327610872676
4631,2.4175,5.09,0.20143061516452077,1.0231759656652362
4632,2.375,5.08625,0.1979513590844063,1.0048640915593705
4633,2.42,5.08875,0.20106437768240346,1.0231759656652362
4634,2.4125,5.09125,0.20106437768240346,1.0231759656652362
4635,2.4225,5.08875,0.2018884120171674,1.0277539341917024
4636,2.4,5.09125,0.20207153075822606,1.0277539341917024
4637,2.4,5.08875,0.19996566523605153,1.0163090128755365
4638,2.4075,5.08875,0.20060658082975683,1.020886981402003
4639,2.3875,5.0875,0.1979513590844063,1.009442060085837
4640,2.4175,5.09125,0.20143061516452077,1.0231759656652362
4641,2.3875,5.09375,0.19895851216022892,1.0117310443490701
4642,2.39,5.08875,0.19767668097281832,1.0048640915593705
4643,2.4,5.09,0.19996566523605153,1.0163090128755365
4644,2.415,5.09125,0.2012474964234621,1.0231759656652362
4645,2.4225,5.08875,0.2012474964234621,1.0231759656652362
4646,2.405,5.09,0.20060658082975683,1.020886981402003
4647,2.395,5.09,0.19959942775393422,1.0163090128755365
4648,2.4025,5.09125,0.20060658082975683,1.020886981402003
4649,2.4175,5.08875,0.20106437768240346,1.0231759656652362
4650,2.4025,5.09,0.20024034334763952,1.020886981402003
4651,2.395,5.09,0.20060658082975683,1.020886981402003
4652,2.4075,5.08875,0.19959942775393422,1.0163090128755365
4653,2.4,5.09,0.19996566523605153,1.0163090128755365
4654,2.38,5.09125,0.2012474964234621,1.0231759656652362
4655,2.4225,5.09,0.20106437768240346,1.0231759656652362
4656,2.415,5.09125,0.2012474964234621,1.0231759656652362
4657,2.395,5.09,0.20042346208869816,1.020886981402003
4658,2.4075,5.09125,0.20078969957081547,1.0231759656652362
4659,2.3975,5.08875,0.19978254649499286,1.0163090128755365
4660,2.4025,5.09,0.20024034334763952,1.020886981402003
4661,2.4025,5.09125,0.1985007153075823,1.009442060085837
4662,2.42,5.09125,0.20170529327610875,1.0277539341917024
4663,2.4,5.09375,0.19996566523605153,1.020886981402003
4664,2.415,5.09,0.20289556509299,1.0323319027181688
4665,2.41,5.09,0.20078969957081547,1.0231759656652362
4666,2.41,5.09,0.20078969957081547,1.0231759656652362
4667,2.41,5.0875,0.20106437768240346,1.0231759656652362
4668,2.4675,5.085,0.20564234620886984,1.0460658082975682
4669,2.4175,5.09,0.20143061516452077,1.0231759656652362
4670,2.4,5.09125,0.20060658082975683,1.020886981402003
4671,2.38,5.09,0.19831759656652362,1.009442060085837
4672,2.5125,5.08875,0.20939628040057226,1.0643776824034337
4673,2.425,5.08875,0.20060658082975683,1.020886981402003
4674,2.4225,5.09,0.2018884120171674,1.0277539341917024
4675,2.3925,5.09125,0.19941630901287555,1.0163090128755365
4676,2.4225,5.08875,0.20024034334763952,1.020886981402003
4677,2.405,5.08875,0.20042346208869816,1.020886981402003
4678,2.4025,5.0875,0.20024034334763952,1.020886981402003
4679,2.3825,5.09,0.20106437768240346,1.0231759656652362
4680,2.4075,5.09125,0.20060658082975683,1.020886981402003
4681,2.435,5.09,0.20289556509299,1.0323319027181688
4682,2.405,5.09,0.20060658082975683,1.020886981402003
4683,2.4075,5.09,0.2018884120171674,1.0277539341917024
4684,2.9225,5.05625,0.24354792560801147,1.2291845493562235
4685,2.63,5.0875,0.2022546494992847,1.0277539341917024
4686,2.8025,5.0825,0.19767668097281832,1.0048640915593705
4687,0.915,5.2025,0.0762689556509299,0.3982832618025752
4688,1.205,5.17625,0.10849785407725324,0.5630901287553648
4689,1.4,5.14,0.10941344778254651,0.5630901287553648
4690,1.4025,5.1975,0.11682975679542204,0.6065808297567954
4691,1.3575,5.14625,0.10437768240343348,0.5356223175965666
4692,0.8425,5.1825,0.060246065808297576,0.3113018597997139
4693,0.8725,5.20125,0.07269814020028613,0.3776824034334764
4694,0.7325,5.21,0.06107010014306152,0.3776824034334764
4695,0.8625,5.1825,0.07645207439198856,0.3982832618025752
4696,0.7375,5.195,0.06143633762517883,0.3181688125894135
4697,2.15,5.1075,0.17918168812589416,0.9155937052932762
4698,1.375,5.1475,0.10730758226037197,0.5516452074391989
4699,1.255,5.14875,0.10456080114449214,0.540200286123033
4700,0.915,5.19125,0.0762689556509299,0.3982832618025752
4701,0.7375,5.19875,0.08103004291845495,0.421173104434907
4702,0.745,5.18,0.062077253218884125,0.32274678111587984
4703,0.7825,5.1925,0.06519027181688127,0.33648068669527903
4704,0.9,5.19,0.06354220314735337,0.32961373390557946
4705,0.78,5.1925,0.06500715307582261,0.33648068669527903
4706,0.7575,5.18875,0.06308440629470673,0.32732474964234626
4707,0.8375,5.18625,0.056492131616595144,0.2929899856938484
4708,0.8075,5.17875,0.0672961373390558,0.34792560801144495
4709,0.765,5.18875,0.06372532188841203,0.32961373390557946
4710,1.0525,5.17,0.06747925608011446,0.34792560801144495
4711,0.8225,5.1975,0.06857796852646639,0.3570815450643777
4712,0.835,5.21125,0.069585121602289,0.3639484978540773
4713,0.845,5.18375,0.0566752503576538,0.2929899856938484
4714,0.73,5.18,0.06079542203147354,0.3158798283261803
4715,0.7675,5.1875,0.064,0.3341917024320458
4716,0.7575,5.2025,0.061711015736766815,0.32274678111587984
4717,0.69,5.21125,0.0683032904148784,0.3570815450643777
4718,0.85,5.2125,0.07086695278969958,0.36852646638054365
4719,0.8375,5.18125,0.05795708154506438,0.29985693848354794
4720,0.87,5.18375,0.06253505007153076,0.32274678111587984
4721,0.8775,5.205,0.07315593705293277,0.38226037195994284
4722,0.855,5.1825,0.0566752503576538,0.2929899856938484
4723,0.7175,5.2075,0.07480400572246067,0.3891273247496424
4724,0.7425,5.17875,0.06189413447782547,0.3181688125894135
4725,0.7925,5.1925,0.07205722460658083,0.37539341917024327
4726,0.88,5.17875,0.064,0.32961373390557946
4727,0.845,5.21125,0.07040915593705294,0.36852646638054365
4728,1.1425,5.17875,0.10977968526466382,0.5699570815450644
4729,0.8625,5.1825,0.056492131616595144,0.2929899856938484
4730,0.7125,5.2,0.059330472103004295,0.30672389127324756
4731,0.785,5.19125,0.06537339055793992,0.3410586552217454
4732,0.7375,5.195,0.0672961373390558,0.34792560801144495
4733,0.855,5.18875,0.07123319027181689,0.37081545064377686
4734,0.84,5.20125,0.07004291845493563,0.3639484978540773
4735,0.805,5.1975,0.060612303290414886,0.3158798283261803
4736,0.68,5.195,0.0566752503576538,0.2952789699570816
4737,0.6925,5.195,0.0576824034334764,0.29985693848354794
4738,0.9,5.1775,0.06189413447782547,0.3181688125894135
4739,0.855,5.21,0.07123319027181689,0.37081545064377686
4740,0.8025,5.18125,0.06683834048640916,0.34563662374821175
4741,0.7725,5.21,0.07288125894134478,0.3776824034334764
4742,0.915,5.2,0.0762689556509299,0.3982832618025752
4743,0.685,5.18125,0.05704148783977111,0.2952789699570816
4744,0.695,5.2125,0.06775393419170243,0.35250357653791137
4745,0.76,5.20125,0.06335908440629472,0.32961373390557946
4746,0.7425,5.19875,0.06189413447782547,0.32274678111587984
4747,0.735,5.195,0.06775393419170243,0.35250357653791137
4748,0.85,5.2025,0.07086695278969958,0.36852646638054365
4749,0.8275,5.195,0.0689442060085837,0.35937052932761093
4750,0.8825,5.17625,0.05832331902718169,0.29985693848354794
4751,0.68,5.1825,0.0566752503576538,0.2929899856938484
4752,0.685,5.185,0.05704148783977111,0.2952789699570816
4753,0.9225,5.17125,0.060246065808297576,0.3113018597997139
4754,0.74,5.21,0.07205722460658083,0.37539341917024327
4755,0.91,5.1975,0.07581115879828328,0.3937052932761088
4756,0.7375,5.205,0.0769098712446352,0.4005722460658083
4757,0.89,5.17875,0.06290128755364807,0.32732474964234626
4758,0.8475,5.21125,0.07059227467811159,0.36852646638054365
4759,0.83,5.185,0.06308440629470673,0.32732474964234626
4760,0.845,5.18125,0.06372532188841203,0.32961373390557946
4761,0.82,5.1925,0.0683032904148784,0.3570815450643777
4762,0.755,5.20375,0.060246065808297576,0.3158798283261803
4763,0.7825,5.19875,0.057499284692417746,0.29985693848354794
4764,0.825,5.21,0.06876108726752504,0.35937052932761093
4765,0.6775,5.2125,0.07086695278969958,0.36852646638054365
4766,0.6925,5.20375,0.07288125894134478,0.3776824034334764
4767,0.9,5.20875,0.07498712446351932,0.3891273247496424
4768,0.845,5.19,0.07040915593705294,0.3639484978540773
4769,0.7125,5.2075,0.07544492131616595,0.3937052932761088
4770,0.8425,5.19,0.07022603719599428,0.3639484978540773
4771,0.7975,5.20625,0.06647210300429185,0.34563662374821175
4772,0.8975,5.1825,0.061711015736766815,0.3181688125894135
4773,0.875,5.20375,0.07288125894134478,0.3776824034334764
4774,0.8525,5.2025,0.07105007153075824,0.37081545064377686
4775,0.825,5.19,0.056858369098712454,0.2952789699570816
4776,0.6775,5.19125,0.056492131616595144,0.2929899856938484
4777,0.7125,5.1975,0.059330472103004295,0.30672389127324756
4778,0.7025,5.205,0.07773390557939915,0.40515021459227474
4779,0.8325,5.21375,0.06940200286123034,0.35937052932761093
4780,0.685,5.18125,0.05704148783977111,0.2952789699570816
4781,0.725,5.19625,0.07022603719599428,0.3639484978540773
4782,0.85,5.2,0.07086695278969958,0.36852646638054365
4783,0.79,5.175,0.06583118741058656,0.3410586552217454
4784,0.91,5.175,0.06226037195994278,0.32274678111587984
4785,0.7675,5.2025,0.064,0.3341917024320458
4786,1.255,5.16375,0.10456080114449214,0.540200286123033
4787,0.9075,5.17625,0.06107010014306152,0.3158798283261803
4788,0.7775,5.19875,0.059971387696709594,0.3113018597997139
4789,1.8625,5.155,0.15519313304721033,0.7988555078683836
4790,1.735,5.1175,0.165447782546495,0.8469241773962805
4791,1.7325,5.1275,0.16920171673819745,0.8652360515021461
4792,0.8525,5.18375,0.07105007153075824,0.36852646638054365
4793,0.735,5.2,0.07434620886981402,0.3868383404864092
4794,0.905,5.1775,0.06125321888412018,0.3181688125894135
4795,0.74,5.1975,0.061711015736766815,0.32274678111587984
4796,0.9,5.1775,0.061711015736766815,0.3181688125894135
4797,0.8325,5.19,0.057499284692417746,0.29985693848354794
4798,1.31,5.16,0.10913876967095852,0.5630901287553648
4799,0.915,5.1775,0.06290128755364807,0.32732474964234626
4800,0.7925,5.20125,0.06601430615164522,0.34563662374821175
4801,1.0225,5.19625,0.08524177396280401,0.44177396280400577
4802,0.755,5.2075,0.06290128755364807,0.32732474964234626
4803,0.7675,5.19375,0.07581115879828328,0.3937052932761088
4804,0.88,5.21125,0.07333905579399143,0.38226037195994284
4805,0.7375,5.205,0.06143633762517883,0.3181688125894135
4806,0.675,5.2075,0.07187410586552218,0.37539341917024327
4807,0.7625,5.21,0.06354220314735337,0.32961373390557946
4808,0.6775,5.1925,0.056492131616595144,0.2929899856938484
4809,0.705,5.2125,0.06482403433476396,0.33648068669527903
4810,0.735,5.20625,0.06125321888412018,0.3181688125894135
4811,0.705,5.1775,0.05878111587982833,0.30443490701001436
4812,0.7225,5.21,0.06436623748211731,0.3341917024320458
4813,0.9075,5.2025,0.07562804005722461,0.3937052932761088
4814,0.9,5.2075,0.07498712446351932,0.3891273247496424
4815,0.785,5.2025,0.061711015736766815,0.32274678111587984
4816,0.8475,5.21,0.07059227467811159,0.36852646638054365
4817,0.77,5.18,0.06418311874105866,0.3341917024320458
4818,0.7625,5.20375,0.07727610872675252,0.4005722460658083
4819,0.855,5.19875,0.07123319027181689,0.37081545064377686
4820,1.995,5.11625,0.16627181688125897,0.8515021459227468
4821,1.205,5.16875,0.10895565092989987,0.5630901287553648
4822,0.7625,5.21125,0.06354220314735337,0.32961373390557946
4823,0.6725,5.19,0.05603433476394851,0.2929899856938484
4824,0.7625,5.20125,0.0576824034334764,0.29985693848354794
4825,0.75,5.20375,0.059971387696709594,0.3113018597997139
4826,0.6725,5.19,0.05603433476394851,0.2929899856938484
4827,0.6775,5.21,0.07022603719599428,0.36852646638054365
4828,0.92,5.1775,0.06564806866952791,0.3410586552217454
4829,0.8325,5.21,0.06940200286123034,0.35937052932761093
4830,0.81,5.2,0.0672961373390558,0.34792560801144495
4831,0.755,5.19625,0.07169098712446352,0.37081545064377686
4832,0.8525,5.1925,0.07105007153075824,0.36852646638054365
4833,0.7375,5.20125,0.07745922746781117,0.4005722460658083
4834,0.73,5.1975,0.07352217453505008,0.38226037195994284
4835,0.825,5.2125,0.06876108726752504,0.35937052932761093
4836,0.78,5.19,0.06500715307582261,0.34563662374821175
4837,0.735,5.19375,0.07288125894134478,0.3776824034334764
4838,0.8675,5.20375,0.07233190271816882,0.37539341917024327
4839,0.8625,5.2125,0.07187410586552218,0.37539341917024327
4840,0.805,5.18625,0.06143633762517883,0.3181688125894135
4841,0.87,5.21,0.07251502145922747,0.3776824034334764
4842,0.86,5.20875,0.07169098712446352,0.37539341917024327
4843,0.8725,5.185,0.059605150214592284,0.30672389127324756
4844,0.905,5.20875,0.07544492131616595,0.3937052932761088
4845,0.815,5.1875,0.06793705293276109,0.35250357653791137
4846,0.7175,5.21,0.07544492131616595,0.3937052932761088
4847,0.8275,5.18875,0.0689442060085837,0.3570815450643777
4848,0.7575,5.1775,0.06308440629470673,0.32732474964234626
4849,0.6925,5.2125,0.0672961373390558,0.35250357653791137
4850,0.6975,5.2,0.05814020028612304,0.30443490701001436
4851,0.6725,5.19125,0.05603433476394851,0.2929899856938484
4852,0.84,5.1825,0.06042918454935623,0.3158798283261803
4853,0.7525,5.19,0.06271816881258942,0.32732474964234626
4854,0.82,5.19625,0.0683032904148784,0.3570815450643777
4855,0.8475,5.185,0.05731616595135909,0.2952789699570816
4856,0.6925,5.2,0.0576824034334764,0.29985693848354794
4857,0.73,5.2075,0.06079542203147354,0.3158798283261803
4858,0.9,5.17875,0.060612303290414886,0.3158798283261803
4859,0.755,5.2075,0.06793705293276109,0.35250357653791137
4860,0.9425,5.20625,0.0785579399141631,0.4097281831187411
4861,0.7625,5.20375,0.06747925608011446,0.35250357653791137
4862,0.895,5.1775,0.06253505007153076,0.32274678111587984
4863,0.7675,5.18125,0.064,0.32961373390557946
4864,1.14,5.17875,0.10959656652360517,0.5653791130185981
4865,0.7575,5.1925,0.06683834048640916,0.34792560801144495
4866,0.8325,5.20125,0.06940200286123034,0.35937052932761093
4867,0.86,5.17875,0.05814020028612304,0.29985693848354794
4868,0.86,5.18,0.0566752503576538,0.2929899856938484
4869,0.8,5.19375,0.0666552217453505,0.34563662374821175
4870,0.8625,5.1825,0.0566752503576538,0.2929899856938484
4871,0.8675,5.18,0.057499284692417746,0.2952789699570816
4872,0.675,5.18625,0.05621745350500716,0.2929899856938484
4873,1.2,5.15875,0.09998283261802576,0.517310443490701
4874,0.735,5.21,0.06912732474964235,0.35937052932761093
4875,0.895,5.21,0.07462088698140201,0.3891273247496424
4876,0.75,5.17875,0.06253505007153076,0.32274678111587984
4877,0.7175,5.20875,0.07581115879828328,0.3937052932761088
4878,0.89,5.18875,0.07416309012875537,0.3868383404864092
4879,0.7625,5.1875,0.06354220314735337,0.32961373390557946
4880,0.8475,5.1775,0.0662889842632332,0.34563662374821175
4881,0.87,5.20625,0.07251502145922747,0.3776824034334764
4882,0.86,5.2125,0.07169098712446352,0.37539341917024327
4883,0.735,5.19375,0.06454935622317597,0.3341917024320458
4884,0.865,5.21,0.07205722460658083,0.37539341917024327
4885,0.79,5.21125,0.06583118741058656,0.3410586552217454
4886,0.6825,5.21375,0.06976824034334765,0.3639484978540773
4887,0.7275,5.20375,0.060612303290414886,0.3158798283261803
4888,0.8175,5.2075,0.06812017167381974,0.3570815450643777
4889,0.895,5.17875,0.06189413447782547,0.3181688125894135
4890,0.72,5.19375,0.059971387696709594,0.3113018597997139
4891,0.9175,5.21125,0.07645207439198856,0.3982832618025752
4892,0.9625,5.16875,0.060246065808297576,0.3113018597997139
4893,0.7925,5.19625,0.06601430615164522,0.3410586552217454
4894,0.7325,5.205,0.06107010014306152,0.3181688125894135
4895,0.6975,5.2025,0.07416309012875537,0.3868383404864092
4896,0.6825,5.20625,0.07397997138769671,0.3868383404864092
4897,0.7325,5.2075,0.06107010014306152,0.3181688125894135
4898,0.7075,5.2,0.06976824034334765,0.3639484978540773
4899,0.68,5.20625,0.06912732474964235,0.35937052932761093
4900,0.7875,5.2125,0.06564806866952791,0.3410586552217454
4901,0.6775,5.21125,0.07205722460658083,0.37539341917024327
4902,0.7225,5.21,0.06747925608011446,0.35250357653791137
4903,0.8875,5.19875,0.07397997138769671,0.3868383404864092
4904,0.895,5.18375,0.059971387696709594,0.3113018597997139
4905,0.725,5.21,0.07370529327610874,0.38226037195994284
4906,0.9275,5.19375,0.07727610872675252,0.4005722460658083
4907,0.7675,5.20625,0.064,0.3341917024320458
4908,0.85,5.1825,0.06418311874105866,0.3341917024320458
4909,0.84,5.195,0.07004291845493563,0.3639484978540773
4910,0.8,5.19125,0.0666552217453505,0.34563662374821175
4911,0.8625,5.1825,0.056858369098712454,0.2952789699570816
4912,0.77,5.18,0.06418311874105866,0.3341917024320458
4913,0.8575,5.20125,0.07141630901287555,0.37081545064377686
4914,0.86,5.1825,0.056858369098712454,0.2952789699570816
4915,0.7,5.18,0.05832331902718169,0.30443490701001436
4916,0.7625,5.19,0.06354220314735337,0.32961373390557946
4917,0.865,5.18,0.05704148783977111,0.2952789699570816
4918,0.71,5.1875,0.05914735336194564,0.30672389127324756
4919,0.89,5.20625,0.07416309012875537,0.3868383404864092
4920,0.9075,5.17625,0.06079542203147354,0.3158798283261803
4921,0.775,5.19125,0.06454935622317597,0.3341917024320458
4922,0.915,5.20625,0.0762689556509299,0.3982832618025752
4923,0.725,5.20125,0.08002288984263234,0.41659513590844066
4924,0.86,5.20875,0.07169098712446352,0.37539341917024327
4925,0.8725,5.21375,0.07269814020028613,0.3776824034334764
4926,0.82,5.18625,0.062077253218884125,0.32274678111587984
4927,0.7875,5.19375,0.06564806866952791,0.3410586552217454
4928,0.84,5.20125,0.07004291845493563,0.3639484978540773
4929,0.855,5.185,0.056858369098712454,0.2952789699570816
4930,1.3025,5.15625,0.10190557939914165,0.5241773962804006
4931,0.7175,5.20375,0.05978826895565094,0.3113018597997139
4932,0.765,5.1925,0.07288125894134478,0.3776824034334764
4933,0.86,5.18125,0.06482403433476396,0.33648068669527903
4934,0.7225,5.18,0.060246065808297576,0.3113018597997139
4935,0.8025,5.18875,0.06940200286123034,0.35937052932761093
4936,0.89,5.1775,0.06747925608011446,0.34792560801144495
4937,0.755,5.18625,0.06290128755364807,0.32732474964234626
4938,0.9325,5.1775,0.0672961373390558,0.34792560801144495
4939,0.71,5.19875,0.06940200286123034,0.35937052932761093
4940,0.8575,5.20375,0.07141630901287555,0.37081545064377686
4941,0.8275,5.185,0.06143633762517883,0.3181688125894135
4942,0.7225,5.19875,0.0689442060085837,0.35937052932761093
4943,0.7275,5.18375,0.060612303290414886,0.3158798283261803
4944,0.8725,5.185,0.07269814020028613,0.3776824034334764
4945,0.84,5.1825,0.060246065808297576,0.3113018597997139
4946,0.8025,5.1925,0.06683834048640916,0.34792560801144495
4947,0.7825,5.18875,0.06519027181688127,0.33648068669527903
4948,0.73,5.1975,0.07709298998569386,0.4005722460658083
4949,0.8175,5.19,0.06812017167381974,0.35250357653791137
4950,0.72,5.18,0.059971387696709594,0.3113018597997139
4951,0.7675,5.195,0.07498712446351932,0.3891273247496424
4952,0.715,5.1825,0.059605150214592284,0.30672389127324756
4953,0.895,5.2075,0.07462088698140201,0.3891273247496424
4954,0.6975,5.2,0.07288125894134478,0.3776824034334764
4955,0.715,5.2,0.059605150214592284,0.3113018597997139
4956,0.675,5.18375,0.05621745350500716,0.2929899856938484
4957,0.775,5.2,0.05621745350500716,0.2929899856938484
4958,0.6825,5.1825,0.056858369098712454,0.2952789699570816
4959,0.875,5.185,0.07288125894134478,0.3776824034334764
4960,0.755,5.2075,0.0666552217453505,0.34792560801144495
4961,0.8775,5.19625,0.07315593705293277,0.3776824034334764
4962,0.7275,5.1775,0.060612303290414886,0.3158798283261803
4963,0.945,5.17125,0.06583118741058656,0.3410586552217454
4964,0.7575,5.18875,0.06308440629470673,0.32732474964234626
4965,0.8225,5.20875,0.06857796852646639,0.3570815450643777
4966,0.9275,5.17875,0.059971387696709594,0.3113018597997139
4967,0.77,5.20875,0.06537339055793992,0.3410586552217454
4968,0.9,5.20875,0.07498712446351932,0.3891273247496424
4969,0.8975,5.17875,0.056858369098712454,0.2952789699570816
4970,0.77,5.19,0.064,0.3341917024320458
4971,0.845,5.1975,0.07040915593705294,0.36852646638054365
4972,0.815,5.195,0.05832331902718169,0.30443490701001436
4973,0.7175,5.19625,0.07352217453505008,0.38226037195994284
4974,0.835,5.20125,0.069585121602289,0.3639484978540773
4975,0.825,5.1925,0.056492131616595144,0.2929899856938484
4976,0.8525,5.1875,0.05603433476394851,0.2929899856938484
4977,0.69,5.18,0.057499284692417746,0.2952789699570816
4978,0.8375,5.19875,0.07498712446351932,0.3891273247496424
4979,0.775,5.19375,0.07123319027181689,0.37081545064377686
4980,0.9875,5.15375,0.08231187410586553,0.4234620886981402
4981,0.9,5.2025,0.07498712446351932,0.3891273247496424
4982,0.8075,5.1975,0.06436623748211731,0.3341917024320458
4983,1.04,5.1975,0.08670672389127326,0.45092989985693854
4984,0.7075,5.18125,0.058964234620886985,0.30443490701001436
4985,0.74,5.20625,0.06042918454935623,0.3158798283261803
4986,0.6775,5.1925,0.056492131616595144,0.2929899856938484
4987,0.675,5.18375,0.05621745350500716,0.2929899856938484
4988,0.695,5.2125,0.0672961373390558,0.35250357653791137
4989,0.7375,5.20375,0.06143633762517883,0.3181688125894135
4990,0.7,5.19625,0.05832331902718169,0.30443490701001436
4991,0.675,5.21,0.07105007153075824,0.37081545064377686
4992,0.7575,5.21125,0.06308440629470673,0.32961373390557946
4993,1.07,5.1875,0.0891788268955651,0.46237482117310447
4994,0.75,5.20125,0.07370529327610874,0.38226037195994284
4995,0.8675,5.195,0.07233190271816882,0.37539341917024327
4996,0.7675,5.18125,0.064,0.32961373390557946
4997,0.7275,5.21,0.07333905579399143,0.38226037195994284
4998,0.8125,5.18625,0.06775393419170243,0.35250357653791137
4999,0.76,5.18875,0.06335908440629472,0.32961373390557946
5000,0.845,5.185,0.05621745350500716,0.2929899856938484
5001,0.8225,5.19,0.05621745350500716,0.2929899856938484
5002,0.685,5.18,0.05704148783977111,0.2952789699570816
5003,0.7175,5.21,0.06308440629470673,0.32961373390557946
5004,0.7425,5.20625,0.06125321888412018,0.3181688125894135
5005,0.675,5.1875,0.05621745350500716,0.2929899856938484
5006,0.75,5.205,0.06107010014306152,0.3181688125894135
5007,0.84,5.18375,0.05621745350500716,0.2929899856938484
5008,0.7975,5.185,0.06647210300429185,0.34563662374821175
5009,1.015,5.17625,0.06601430615164522,0.3410586552217454
5010,0.8475,5.1875,0.059605150214592284,0.30672389127324756
5011,0.7575,5.2025,0.06308440629470673,0.32961373390557946
5012,0.845,5.19125,0.05978826895565094,0.3113018597997139
5013,0.7275,5.21125,0.07205722460658083,0.37539341917024327
5014,0.85,5.2125,0.07086695278969958,0.36852646638054365
5015,0.795,5.1875,0.0662889842632332,0.32274678111587984
5016,0.7725,5.19125,0.06482403433476396,0.33648068669527903
5017,0.855,5.20625,0.07123319027181689,0.37081545064377686
5018,0.8775,5.21375,0.07315593705293277,0.38226037195994284
5019,0.7075,5.19875,0.06747925608011446,0.35250357653791137
5020,0.8725,5.20625,0.07269814020028613,0.3776824034334764
5021,0.865,5.2125,0.07205722460658083,0.37539341917024327
5022,0.78,5.18625,0.06271816881258942,0.32732474964234626
5023,1.12,5.1575,0.09329899856938484,0.48068669527897
5024,0.895,5.20625,0.07462088698140201,0.3891273247496424
5025,0.7725,5.205,0.06519027181688127,0.33648068669527903
5026,0.8825,5.21125,0.07352217453505008,0.38226037195994284
5027,0.8925,5.2,0.07434620886981402,0.3868383404864092
5028,0.895,5.17875,0.06042918454935623,0.3113018597997139
5029,0.6725,5.18875,0.05603433476394851,0.2929899856938484
5030,0.7625,5.17875,0.06354220314735337,0.32961373390557946
5031,0.6975,5.2,0.06940200286123034,0.35937052932761093
5032,0.835,5.2,0.069585121602289,0.35937052932761093
5033,0.875,5.2075,0.07288125894134478,0.3776824034334764
5034,0.89,5.18,0.05704148783977111,0.2952789699570816
5035,0.7475,5.1875,0.06226037195994278,0.32274678111587984
5036,0.835,5.19,0.069585121602289,0.35937052932761093
5037,0.895,5.18,0.05704148783977111,0.2952789699570816
5038,1.1725,5.15375,0.08066380543633764,0.41659513590844066
5039,0.74,5.19625,0.061711015736766815,0.32274678111587984
5040,0.8975,5.17875,0.06308440629470673,0.32732474964234626
5041,0.8975,5.17875,0.060246065808297576,0.3113018597997139
5042,0.8,5.2075,0.0666552217453505,0.34792560801144495
5043,0.81,5.1975,0.062077253218884125,0.32274678111587984
5044,0.8375,5.1875,0.05978826895565094,0.3113018597997139
5045,0.67,5.185,0.055851216022889845,0.288412017167382
5046,0.6875,5.21125,0.06940200286123034,0.35937052932761093
5047,0.6925,5.21125,0.06747925608011446,0.35250357653791137
5048,0.715,5.2025,0.059605150214592284,0.3113018597997139
5049,0.67,5.205,0.055851216022889845,0.37539341917024327
5050,0.69,5.2125,0.06812017167381974,0.3570815450643777
5051,0.76,5.2075,0.06335908440629472,0.32961373390557946
5052,0.69,5.19875,0.057499284692417746,0.29985693848354794
5053,0.8575,5.185,0.08084692417739629,0.421173104434907
5054,0.74,5.1975,0.061711015736766815,0.32274678111587984
5055,0.8825,5.21125,0.07352217453505008,0.38226037195994284
5056,0.825,5.19375,0.06079542203147354,0.3158798283261803
5057,0.835,5.21,0.069585121602289,0.3639484978540773
5058,0.8575,5.1925,0.07141630901287555,0.37081545064377686
5059,1.105,5.1475,0.09851788268955652,0.5058655221745351
5060,0.7325,5.18125,0.06107010014306152,0.3158798283261803
5061,0.855,5.2075,0.07123319027181689,0.37081545064377686
5062,0.8675,5.18125,0.05914735336194564,0.30672389127324756
5063,0.8325,5.19875,0.06940200286123034,0.35937052932761093
5064,0.755,5.21,0.06290128755364807,0.32732474964234626
5065,0.725,5.19625,0.06775393419170243,0.35250357653791137
5066,0.865,5.2125,0.07205722460658083,0.37539341917024327
5067,0.6775,5.19125,0.056492131616595144,0.2929899856938484
5068,0.7925,5.2025,0.0769098712446352,0.4005722460658083
5069,0.7325,5.1775,0.06107010014306152,0.3158798283261803
5070,0.7175,5.18125,0.05978826895565094,0.3113018597997139
5071,0.875,5.18125,0.06436623748211731,0.3341917024320458
5072,0.8575,5.18625,0.059605150214592284,0.30672389127324756
5073,0.8775,5.21,0.07315593705293277,0.38226037195994284
5074,0.8775,5.17375,0.057499284692417746,0.2952789699570816
5075,0.7475,5.19375,0.06683834048640916,0.34792560801144495
5076,0.8125,5.195,0.06775393419170243,0.35250357653791137
5077,0.7775,5.19875,0.0576824034334764,0.29985693848354794
5078,0.87,5.1875,0.05603433476394851,0.2929899856938484
5079,0.735,5.2075,0.06125321888412018,0.3181688125894135
5080,0.6775,5.21,0.07333905579399143,0.38226037195994284
5081,0.67,5.20875,0.07269814020028613,0.3776824034334764
5082,0.775,5.21125,0.06454935622317597,0.33648068669527903
5083,0.915,5.18125,0.07123319027181689,0.36852646638054365
5084,0.89,5.175,0.06500715307582261,0.33648068669527903
5085,0.7975,5.19125,0.06647210300429185,0.34563662374821175
5086,0.8475,5.20875,0.07059227467811159,0.36852646638054365
5087,0.8525,5.1875,0.05914735336194564,0.30672389127324756
5088,0.8125,5.20625,0.06775393419170243,0.35250357653791137
5089,0.8475,5.21,0.07059227467811159,0.36852646638054365
5090,0.835,5.1825,0.059330472103004295,0.30672389127324756
5091,0.8475,5.20125,0.07059227467811159,0.36852646638054365
5092,0.825,5.2025,0.06876108726752504,0.3570815450643777
5093,0.85,5.185,0.05621745350500716,0.2929899856938484
5094,0.7425,5.18,0.06189413447782547,0.3181688125894135
5095,0.78,5.19125,0.06500715307582261,0.33648068669527903
5096,0.835,5.185,0.056492131616595144,0.2929899856938484
5097,0.69,5.18,0.057499284692417746,0.2952789699570816
5098,0.8475,5.17375,0.07059227467811159,0.3639484978540773
5099,0.79,5.19125,0.06976824034334765,0.3639484978540773
5100,0.7175,5.18875,0.05978826895565094,0.3113018597997139
5101,0.7775,5.20625,0.06482403433476396,0.33648068669527903
5102,0.86,5.1825,0.064,0.32961373390557946
5103,0.76,5.1875,0.06335908440629472,0.32961373390557946
5104,0.75,5.21,0.06253505007153076,0.32732474964234626
5105,0.6725,5.2075,0.07251502145922747,0.3776824034334764
5106,0.695,5.2125,0.0672961373390558,0.35250357653791137
5107,0.755,5.21,0.06290128755364807,0.32732474964234626
5108,0.6775,5.205,0.07004291845493563,0.3639484978540773
5109,0.6925,5.2125,0.0683032904148784,0.3570815450643777
5110,0.8375,5.21375,0.06976824034334765,0.3639484978540773
5111,0.7725,5.19,0.06335908440629472,0.32961373390557946
5112,0.755,5.1925,0.06775393419170243,0.35250357653791137
5113,0.9375,5.185,0.07810014306151646,0.40515021459227474
5114,0.81,5.1875,0.06793705293276109,0.35250357653791137
5115,0.7275,5.21125,0.07397997138769671,0.3868383404864092
5116,0.7825,5.1825,0.06519027181688127,0.33648068669527903
5117,0.7475,5.20625,0.07141630901287555,0.37081545064377686
5118,0.865,5.18125,0.06418311874105866,0.3341917024320458
5119,0.7875,5.19375,0.06564806866952791,0.3410586552217454
5120,0.86,5.18375,0.07169098712446352,0.37081545064377686
5121,0.8675,5.17875,0.05731616595135909,0.2952789699570816
5122,0.745,5.18625,0.062077253218884125,0.32274678111587984
5123,0.8225,5.1925,0.06857796852646639,0.3570815450643777
5124,0.7675,5.20125,0.059971387696709594,0.3113018597997139
5125,0.7025,5.2,0.05850643776824035,0.30443490701001436
5126,0.7225,5.205,0.060246065808297576,0.3158798283261803
5127,0.6825,5.2125,0.06876108726752504,0.35937052932761093
5128,1,5.205,0.08331902718168814,0.4349070100143062
5129,0.7375,5.1825,0.06143633762517883,0.3181688125894135
5130,0.78,5.195,0.07040915593705294,0.36852646638054365
5131,0.7125,5.1875,0.059330472103004295,0.30672389127324756
5132,0.7875,5.20625,0.06564806866952791,0.3410586552217454
5133,0.92,5.175,0.06372532188841203,0.32961373390557946
5134,0.6825,5.18125,0.056858369098712454,0.2952789699570816
5135,0.695,5.18125,0.05795708154506438,0.29985693848354794
5136,0.6775,5.21125,0.07141630901287555,0.37081545064377686
5137,0.82,5.21125,0.0683032904148784,0.3570815450643777
5138,0.7025,5.2025,0.05850643776824035,0.30443490701001436
5139,0.675,5.20875,0.07086695278969958,0.36852646638054365
5140,0.85,5.2125,0.07086695278969958,0.36852646638054365
5141,1.505,5.14,0.12543633762517883,0.6454935622317597
5142,0.8125,5.19125,0.056492131616595144,0.2929899856938484
5143,1.085,5.165,0.06747925608011446,0.34792560801144495
5144,0.8375,5.18875,0.06976824034334765,0.3639484978540773
5145,0.8025,5.18875,0.06747925608011446,0.34792560801144495
5146,0.9,5.17875,0.06143633762517883,0.3181688125894135
5147,0.73,5.19875,0.06079542203147354,0.3158798283261803
5148,0.8975,5.17875,0.06308440629470673,0.32732474964234626
5149,0.8575,5.17625,0.06454935622317597,0.3341917024320458
5150,0.83,5.19875,0.06912732474964235,0.35937052932761093
5151,0.855,5.18125,0.057499284692417746,0.2952789699570816
5152,0.86,5.1825,0.0566752503576538,0.2929899856938484
5153,0.7075,5.18125,0.058964234620886985,0.30443490701001436
5154,0.825,5.19,0.06876108726752504,0.2929899856938484
5155,0.795,5.20125,0.06290128755364807,0.32732474964234626
5156,0.8725,5.21,0.07269814020028613,0.3776824034334764
5157,0.8825,5.1975,0.07352217453505008,0.38226037195994284
5158,0.98,5.19125,0.06583118741058656,0.3410586552217454
5159,0.8,5.18625,0.0666552217453505,0.34563662374821175
5160,0.7125,5.185,0.059330472103004295,0.30672389127324756
5161,0.805,5.18625,0.0683032904148784,0.35250357653791137
5162,0.7125,5.18375,0.059330472103004295,0.30672389127324756
5163,0.735,5.19625,0.06125321888412018,0.3181688125894135
5164,0.6775,5.2125,0.07315593705293277,0.38226037195994284
5165,0.68,5.1975,0.0566752503576538,0.2952789699570816
5166,0.6775,5.1925,0.056492131616595144,0.2929899856938484
5167,0.705,5.2125,0.0662889842632332,0.34563662374821175
5168,0.795,5.21125,0.0662889842632332,0.34563662374821175
5169,0.7075,5.19875,0.058964234620886985,0.30672389127324756
5170,0.6925,5.2025,0.07059227467811159,0.36852646638054365
5171,0.8175,5.21375,0.06812017167381974,0.3570815450643777
5172,0.8,5.2125,0.0666552217453505,0.34792560801144495
5173,0.83,5.19,0.07004291845493563,0.3639484978540773
5174,0.785,5.18125,0.06537339055793992,0.33648068669527903
5175,0.8175,5.19,0.06812017167381974,0.35250357653791137
5176,0.835,5.18625,0.06711301859799715,0.34792560801144495
5177,0.89,5.18125,0.060246065808297576,0.3113018597997139
5178,0.7225,5.19875,0.060246065808297576,0.3158798283261803
5179,0.79,5.1875,0.06253505007153076,0.32732474964234626
5180,0.735,5.19375,0.0666552217453505,0.34563662374821175
5181,0.91,5.20625,0.07581115879828328,0.3937052932761088
5182,0.8275,5.18375,0.06107010014306152,0.3158798283261803
5183,0.6725,5.20625,0.07040915593705294,0.36852646638054365
5184,0.835,5.2025,0.069585121602289,0.3639484978540773
5185,0.8775,5.17625,0.058964234620886985,0.30443490701001436
5186,0.7075,5.2,0.06912732474964235,0.35937052932761093
5187,0.8525,5.21,0.07105007153075824,0.37081545064377686
5188,0.9975,5.17625,0.060612303290414886,0.3158798283261803
5189,0.7775,5.2025,0.06290128755364807,0.32732474964234626
5190,0.8925,5.2025,0.07434620886981402,0.3868383404864092
5191,0.7875,5.20125,0.06564806866952791,0.3410586552217454
5192,0.7125,5.2075,0.07608583690987125,0.3982832618025752
5193,0.845,5.19375,0.07040915593705294,0.36852646638054365
5194,0.8425,5.2,0.07022603719599428,0.3639484978540773
5195,0.92,5.17375,0.06079542203147354,0.3158798283261803
5196,0.81,5.1975,0.06747925608011446,0.35250357653791137
5197,0.855,5.21,0.07123319027181689,0.37081545064377686
5198,0.7475,5.195,0.0666552217453505,0.34563662374821175
5199,0.88,5.21125,0.07333905579399143,0.38226037195994284
5200,0.85,5.21,0.07086695278969958,0.36852646638054365
5201,0.86,5.18,0.05795708154506438,0.29985693848354794
5202,0.87,5.21,0.07251502145922747,0.3776824034334764
5203,0.855,5.21,0.07123319027181689,0.37081545064377686
5204,0.8325,5.195,0.06125321888412018,0.3181688125894135
5205,0.8275,5.20875,0.0689442060085837,0.35937052932761093
5206,0.7175,5.18,0.05978826895565094,0.3113018597997139
5207,0.71,5.20625,0.07434620886981402,0.3868383404864092
5208,0.7875,5.1825,0.06564806866952791,0.3410586552217454
5209,0.695,5.18125,0.05795708154506438,0.29985693848354794
5210,0.735,5.205,0.06125321888412018,0.3181688125894135
5211,0.715,5.2025,0.059605150214592284,0.3113018597997139
5212,0.675,5.185,0.05621745350500716,0.2929899856938484
5213,0.7175,5.20625,0.06418311874105866,0.3341917024320458
5214,0.7175,5.21,0.06308440629470673,0.32961373390557946
5215,0.675,5.185,0.05621745350500716,0.2929899856938484
5216,0.78,5.2,0.05814020028612304,0.30443490701001436
5217,0.8525,5.18125,0.0566752503576538,0.2929899856938484
5218,0.7525,5.18125,0.06271816881258942,0.32732474964234626
5219,0.88,5.18125,0.06418311874105866,0.3341917024320458
5220,0.82,5.2,0.06308440629470673,0.32732474964234626
5221,0.895,5.21,0.07462088698140201,0.3891273247496424
5222,0.825,5.1975,0.06107010014306152,0.3181688125894135
5223,0.7375,5.20875,0.06976824034334765,0.3639484978540773
5224,0.87,5.2125,0.07251502145922747,0.3776824034334764
5225,0.86,5.18125,0.07169098712446352,0.30443490701001436
5226,0.82,5.18875,0.059971387696709594,0.3113018597997139
5227,0.69,5.18,0.057499284692417746,0.2952789699570816
5228,0.6775,5.1875,0.056492131616595144,0.2929899856938484
5229,0.7,5.21125,0.06775393419170243,0.35250357653791137
5230,0.6875,5.2,0.05731616595135909,0.2952789699570816
5231,0.815,5.2125,0.06793705293276109,0.35250357653791137
5232,0.7125,5.19875,0.06976824034334765,0.3639484978540773
5233,0.905,5.20375,0.07544492131616595,0.3937052932761088
5234,0.7975,5.185,0.06647210300429185,0.34563662374821175
5235,0.73,5.20625,0.07645207439198856,0.3982832618025752
5236,0.74,5.1775,0.061711015736766815,0.3181688125894135
5237,0.72,5.1775,0.059971387696709594,0.3113018597997139
5238,0.735,5.20125,0.07562804005722461,0.3937052932761088
5239,0.775,5.19,0.06454935622317597,0.3341917024320458
5240,0.775,5.19,0.06454935622317597,0.3341917024320458
5241,0.8625,5.17875,0.057499284692417746,0.2952789699570816
5242,0.8875,5.19375,0.07397997138769671,0.38226037195994284
5243,0.8425,5.21,0.07022603719599428,0.36852646638054365
5244,0.8825,5.18,0.0576824034334764,0.29985693848354794
5245,0.7025,5.18,0.05850643776824035,0.30443490701001436
5246,0.6775,5.18375,0.056492131616595144,0.2929899856938484
5247,0.735,5.20625,0.06042918454935623,0.3158798283261803
5248,0.8275,5.19,0.05603433476394851,0.2929899856938484
5249,0.8925,5.21,0.07434620886981402,0.3868383404864092
5250,0.8125,5.1975,0.06143633762517883,0.3181688125894135
5251,0.71,5.20625,0.07517024320457798,0.3891273247496424
5252,0.8875,5.1875,0.07397997138769671,0.38226037195994284
5253,0.75,5.20625,0.06683834048640916,0.34792560801144495
5254,0.725,5.20625,0.06226037195994278,0.32274678111587984
5255,0.7,5.20125,0.05832331902718169,0.30443490701001436
5256,0.7775,5.185,0.064,0.32961373390557946
5257,0.8325,5.18,0.05914735336194564,0.30672389127324756
5258,0.8075,5.195,0.0672961373390558,0.34792560801144495
5259,0.7925,5.19375,0.0566752503576538,0.2929899856938484
5260,0.85,5.18375,0.056492131616595144,0.2929899856938484
5261,0.705,5.18125,0.05878111587982833,0.30443490701001436
5262,0.7925,5.1975,0.06601430615164522,0.3410586552217454
5263,0.86,5.17875,0.0576824034334764,0.29985693848354794
5264,0.72,5.19,0.059971387696709594,0.3113018597997139
5265,0.795,5.20625,0.0662889842632332,0.34563662374821175
5266,0.895,5.17625,0.06500715307582261,0.33648068669527903
5267,0.72,5.1925,0.059971387696709594,0.3113018597997139
5268,0.87,5.21,0.07251502145922747,0.3776824034334764
5269,0.855,5.1825,0.056492131616595144,0.2929899856938484
5270,0.7525,5.1875,0.06271816881258942,0.32732474964234626
5271,0.8875,5.20875,0.07397997138769671,0.3868383404864092
5272,0.86,5.18,0.057499284692417746,0.2952789699570816
5273,0.7475,5.1875,0.06226037195994278,0.32274678111587984
5274,0.855,5.20875,0.07123319027181689,0.37081545064377686
5275,0.8325,5.18125,0.059330472103004295,0.30672389127324756
5276,0.885,5.1875,0.07370529327610874,0.38226037195994284
5277,0.8425,5.20625,0.07022603719599428,0.3639484978540773
5278,0.87,5.1825,0.05731616595135909,0.2952789699570816
5279,0.865,5.195,0.07205722460658083,0.37539341917024327
5280,0.7625,5.18125,0.06354220314735337,0.32961373390557946
5281,0.87,5.17875,0.06107010014306152,0.3158798283261803
5282,0.7675,5.20125,0.064,0.3341917024320458
5283,0.8925,5.205,0.07434620886981402,0.3868383404864092
5284,0.8625,5.18,0.056858369098712454,0.2952789699570816
5285,0.82,5.185,0.06107010014306152,0.3158798283261803
5286,0.805,5.18125,0.06711301859799715,0.34792560801144495
5287,0.7775,5.2,0.05795708154506438,0.29985693848354794
5288,0.8525,5.18125,0.0576824034334764,0.29985693848354794
5289,0.6725,5.195,0.05603433476394851,0.2929899856938484
5290,0.6825,5.21375,0.07022603719599428,0.36852646638054365
5291,0.7625,5.20375,0.059330472103004295,0.30672389127324756
5292,0.6775,5.18375,0.056492131616595144,0.2929899856938484
5293,0.775,5.20125,0.05832331902718169,0.30443490701001436
5294,0.8925,5.17875,0.06308440629470673,0.32732474964234626
5295,0.715,5.18625,0.059605150214592284,0.30672389127324756
5296,0.7975,5.18875,0.0683032904148784,0.3570815450643777
5297,0.88,5.1825,0.059330472103004295,0.30672389127324756
5298,0.8925,5.20625,0.07434620886981402,0.3868383404864092
5299,0.855,5.20875,0.07123319027181689,0.37081545064377686
5300,0.755,5.19375,0.06564806866952791,0.3410586552217454
5301,0.8425,5.21125,0.07022603719599428,0.36852646638054365
5302,0.705,5.20125,0.05878111587982833,0.30672389127324756
5303,0.6725,5.21125,0.07205722460658083,0.37539341917024327
5304,0.695,5.19875,0.05795708154506438,0.29985693848354794
5305,0.695,5.18,0.05795708154506438,0.29985693848354794
5306,0.7125,5.21,0.06308440629470673,0.32961373390557946
5307,0.7425,5.2075,0.06189413447782547,0.32274678111587984
5308,0.68,5.19625,0.0566752503576538,0.2952789699570816
5309,0.87,5.1875,0.05914735336194564,0.30672389127324756
5310,0.8225,5.21,0.06857796852646639,0.3570815450643777
5311,0.8625,5.19625,0.07187410586552218,0.37539341917024327
5312,0.8125,5.19875,0.06079542203147354,0.3158798283261803
5313,0.865,5.20875,0.07205722460658083,0.37539341917024327
5314,0.875,5.21125,0.07288125894134478,0.3776824034334764
5315,0.8375,5.18125,0.05832331902718169,0.30443490701001436
5316,0.8275,5.1925,0.0689442060085837,0.3570815450643777
5317,0.8575,5.2075,0.07141630901287555,0.37081545064377686
5318,0.855,5.18125,0.056858369098712454,0.2952789699570816
5319,0.86,5.18125,0.057499284692417746,0.2952789699570816
5320,0.7825,5.1925,0.06519027181688127,0.33648068669527903
5321,0.86,5.18125,0.05850643776824035,0.30443490701001436
5322,0.6975,5.2125,0.06747925608011446,0.35250357653791137
5323,0.8175,5.21375,0.06812017167381974,0.3570815450643777
5324,0.77,5.2025,0.06564806866952791,0.3410586552217454
5325,0.7725,5.19375,0.07040915593705294,0.36852646638054365
5326,0.7425,5.20125,0.06189413447782547,0.32274678111587984
5327,0.8975,5.17875,0.060246065808297576,0.3113018597997139
5328,0.7575,5.20875,0.06500715307582261,0.33648068669527903
5329,0.82,5.21125,0.0683032904148784,0.3570815450643777
5330,0.74,5.1925,0.06564806866952791,0.3410586552217454
5331,0.825,5.19,0.05621745350500716,0.2929899856938484
5332,0.6825,5.1825,0.056858369098712454,0.2952789699570816
5333,0.81,5.19375,0.06747925608011446,0.34792560801144495
5334,0.8725,5.17875,0.05978826895565094,0.3113018597997139
5335,0.855,5.21125,0.07123319027181689,0.37081545064377686
5336,0.8025,5.2125,0.06683834048640916,0.34792560801144495
5337,0.8275,5.1825,0.059605150214592284,0.30672389127324756
5338,0.8425,5.2025,0.07022603719599428,0.3639484978540773
5339,0.7575,5.17875,0.06308440629470673,0.32732474964234626
5340,0.7075,5.20625,0.07544492131616595,0.3937052932761088
5341,0.8125,5.18875,0.06775393419170243,0.35250357653791137
5342,0.7425,5.17875,0.06189413447782547,0.3181688125894135
5343,0.73,5.1975,0.07288125894134478,0.3776824034334764
5344,0.94,5.21,0.07837482117310444,0.4097281831187411
5345,0.8625,5.21,0.07187410586552218,0.37539341917024327
5346,0.7425,5.195,0.0662889842632332,0.34563662374821175
5347,0.8,5.185,0.0666552217453505,0.34563662374821175
5348,0.75,5.1825,0.06253505007153076,0.32274678111587984
5349,0.7875,5.19625,0.05603433476394851,0.2929899856938484
5350,0.6775,5.1825,0.056492131616595144,0.2929899856938484
5351,0.6975,5.18,0.05814020028612304,0.29985693848354794
5352,0.8925,5.18125,0.0566752503576538,0.2929899856938484
5353,0.7225,5.18375,0.060246065808297576,0.3113018597997139
5354,0.875,5.17,0.07288125894134478,0.37539341917024327
5355,0.75,5.19625,0.07233190271816882,0.37539341917024327
5356,0.9225,5.18,0.06042918454935623,0.3113018597997139
5357,0.8125,5.18375,0.06775393419170243,0.35250357653791137
5358,0.7125,5.20375,0.07544492131616595,0.3937052932761088
5359,0.71,5.1975,0.0683032904148784,0.3570815450643777
5360,0.8425,5.2,0.07022603719599428,0.3639484978540773
5361,0.8575,5.18,0.05704148783977111,0.2952789699570816
5362,0.8,5.18375,0.06107010014306152,0.3158798283261803
5363,0.8125,5.1975,0.06775393419170243,0.35250357653791137
5364,0.8725,5.18125,0.05795708154506438,0.29985693848354794
5365,0.875,5.1825,0.05704148783977111,0.2952789699570816
5366,0.725,5.1825,0.06042918454935623,0.3158798283261803
5367,0.8725,5.18125,0.05978826895565094,0.3113018597997139
5368,0.8375,5.18125,0.058964234620886985,0.30443490701001436
5369,0.7925,5.20625,0.06601430615164522,0.34563662374821175
5370,0.8675,5.21125,0.07233190271816882,0.3776824034334764
5371,0.8475,5.19,0.059971387696709594,0.3113018597997139
5372,0.89,5.21,0.07416309012875537,0.3868383404864092
5373,0.81,5.185,0.06747925608011446,0.34792560801144495
5374,0.7925,5.1975,0.05731616595135909,0.2952789699570816
5375,0.7275,5.205,0.060612303290414886,0.3158798283261803
5376,0.68,5.19125,0.0566752503576538,0.2929899856938484
5377,0.68,5.2125,0.07040915593705294,0.36852646638054365
5378,0.75,5.21,0.06253505007153076,0.32732474964234626
5379,0.6875,5.18125,0.05731616595135909,0.2952789699570816
5380,0.765,5.20125,0.05814020028612304,0.30443490701001436
5381,0.905,5.20875,0.07544492131616595,0.3937052932761088
5382,0.7275,5.205,0.060612303290414886,0.3158798283261803
5383,0.695,5.20125,0.069585121602289,0.3639484978540773
5384,0.7225,5.18,0.060246065808297576,0.3113018597997139
5385,0.8775,5.2025,0.07315593705293277,0.3776824034334764
5386,0.8975,5.1775,0.06189413447782547,0.3181688125894135
5387,0.7575,5.2025,0.06308440629470673,0.32961373390557946
5388,0.895,5.2,0.07462088698140201,0.3868383404864092
5389,0.735,5.2075,0.06253505007153076,0.32732474964234626
5390,0.6825,5.18125,0.056858369098712454,0.2952789699570816
5391,0.71,5.18125,0.05914735336194564,0.30672389127324756
5392,0.6875,5.21,0.07233190271816882,0.37539341917024327
5393,0.73,5.20625,0.061711015736766815,0.32274678111587984
5394,0.6925,5.1975,0.0576824034334764,0.29985693848354794
5395,0.6875,5.21375,0.07022603719599428,0.36852646638054365
5396,0.7025,5.21,0.06601430615164522,0.34563662374821175
5397,0.7,5.19875,0.05832331902718169,0.30443490701001436
5398,0.6725,5.21,0.07233190271816882,0.37539341917024327
5399,0.8925,5.1775,0.06143633762517883,0.3181688125894135
5400,0.81,5.20625,0.06747925608011446,0.35250357653791137
5401,0.8525,5.18375,0.06500715307582261,0.33648068669527903
5402,0.8975,5.17875,0.06253505007153076,0.32274678111587984
5403,0.75,5.2025,0.06253505007153076,0.32732474964234626
5404,0.7725,5.185,0.06436623748211731,0.3181688125894135
5405,0.705,5.2025,0.07040915593705294,0.36852646638054365
5406,0.8725,5.21125,0.07269814020028613,0.3776824034334764
5407,0.8375,5.1975,0.06976824034334765,0.3639484978540773
5408,0.865,5.1825,0.056492131616595144,0.2929899856938484
5409,0.6775,5.18375,0.056492131616595144,0.2929899856938484
5410,0.75,5.18875,0.06253505007153076,0.32732474964234626
5411,0.845,5.185,0.05621745350500716,0.2929899856938484
5412,0.71,5.18125,0.05914735336194564,0.30672389127324756
5413,0.7975,5.1925,0.06647210300429185,0.34563662374821175
5414,0.715,5.205,0.07416309012875537,0.3868383404864092
5415,0.865,5.1975,0.07205722460658083,0.37539341917024327
5416,0.72,5.18125,0.059971387696709594,0.3113018597997139
5417,0.7575,5.195,0.07205722460658083,0.37539341917024327
5418,0.7075,5.19,0.058964234620886985,0.30672389127324756
5419,0.75,5.2075,0.06253505007153076,0.32732474964234626
5420,0.765,5.19125,0.06583118741058656,0.3410586552217454
5421,0.8675,5.21125,0.07233190271816882,0.3776824034334764
5422,0.86,5.20875,0.07169098712446352,0.37539341917024327
5423,0.8075,5.1825,0.058964234620886985,0.30443490701001436
5424,0.815,5.195,0.06793705293276109,0.35250357653791137
5425,0.8275,5.2125,0.0689442060085837,0.35937052932761093
5426,0.7775,5.1875,0.07040915593705294,0.3639484978540773
5427,0.8175,5.18625,0.06189413447782547,0.32274678111587984
5428,0.7175,5.19125,0.05978826895565094,0.3113018597997139
5429,0.82,5.185,0.06812017167381974,0.35250357653791137
5430,0.87,5.185,0.05914735336194564,0.30672389127324756
5431,1.35,5.1875,0.11252646638054364,0.5859799713876968
5432,0.73,5.21125,0.07205722460658083,0.37539341917024327
5433,0.7725,5.19375,0.07141630901287555,0.37081545064377686
5434,0.755,5.18375,0.06290128755364807,0.32732474964234626
5435,0.7825,5.1975,0.056858369098712454,0.2952789699570816
5436,0.86,5.17875,0.057499284692417746,0.2952789699570816
5437,0.865,5.20125,0.07205722460658083,0.37539341917024327
5438,0.8675,5.1775,0.05914735336194564,0.30672389127324756
5439,0.8225,5.18375,0.060612303290414886,0.3158798283261803
5440,0.77,5.19125,0.06418311874105866,0.3341917024320458
5441,0.7475,5.2025,0.06226037195994278,0.32274678111587984
5442,0.775,5.20125,0.059605150214592284,0.3113018597997139
5443,0.685,5.18,0.05704148783977111,0.2952789699570816
5444,0.7325,5.1975,0.06107010014306152,0.3181688125894135
5445,0.8125,5.1975,0.06125321888412018,0.3181688125894135
5446,0.9025,5.2025,0.07517024320457798,0.3891273247496424
5447,0.755,5.18,0.06290128755364807,0.32732474964234626
5448,0.82,5.18125,0.07187410586552218,0.37081545064377686
5449,0.7175,5.1825,0.05978826895565094,0.3113018597997139
5450,0.8625,5.20625,0.07187410586552218,0.37539341917024327
5451,0.82,5.18375,0.06042918454935623,0.3158798283261803
5452,0.8675,5.21,0.07233190271816882,0.37539341917024327
5453,0.7925,5.21125,0.06601430615164522,0.34563662374821175
5454,0.675,5.20625,0.07059227467811159,0.36852646638054365
5455,0.77,5.20875,0.06418311874105866,0.3341917024320458
5456,0.6725,5.18875,0.05603433476394851,0.2929899856938484
5457,0.6775,5.2125,0.07315593705293277,0.38226037195994284
5458,0.77,5.20375,0.06418311874105866,0.3341917024320458
5459,0.89,5.20875,0.07416309012875537,0.3868383404864092
5460,0.78,5.20375,0.06500715307582261,0.33648068669527903
5461,0.92,5.2075,0.07663519313304722,0.3982832618025752
5462,0.7325,5.17875,0.06107010014306152,0.3158798283261803
5463,0.75,5.1975,0.07462088698140201,0.3868383404864092
5464,0.81,5.19375,0.056492131616595144,0.2929899856938484
5465,0.6725,5.18875,0.05603433476394851,0.2929899856938484
5466,0.675,5.2075,0.07169098712446352,0.37539341917024327
5467,0.6775,5.21125,0.07123319027181689,0.37081545064377686
5468,0.76,5.20875,0.06335908440629472,0.32961373390557946
5469,0.8125,5.185,0.06125321888412018,0.3181688125894135
5470,0.78,5.19,0.06601430615164522,0.3410586552217454
5471,0.8625,5.21,0.07187410586552218,0.37539341917024327
5472,0.775,5.19,0.06308440629470673,0.32732474964234626
5473,0.685,5.20625,0.07498712446351932,0.3891273247496424
5474,0.8275,5.1875,0.0689442060085837,0.3570815450643777
5475,0.72,5.21,0.07251502145922747,0.3776824034334764
5476,0.85,5.185,0.06647210300429185,0.34563662374821175
5477,0.74,5.19875,0.061711015736766815,0.32274678111587984
5478,0.895,5.2075,0.07462088698140201,0.3891273247496424
5479,0.8275,5.19,0.056858369098712454,0.2952789699570816
5480,0.6775,5.18375,0.056492131616595144,0.2929899856938484
5481,1.2,5.15375,0.09998283261802576,0.5127324749642347
5482,0.6825,5.2125,0.07004291845493563,0.3639484978540773
5483,0.6875,5.19875,0.05731616595135909,0.2952789699570816
5484,0.675,5.18625,0.05621745350500716,0.2929899856938484
5485,0.6775,5.2125,0.07141630901287555,0.37081545064377686
5486,0.6725,5.1925,0.05603433476394851,0.2929899856938484
5487,0.68,5.18125,0.0566752503576538,0.2929899856938484
5488,0.7625,5.2,0.060612303290414886,0.3158798283261803
5489,0.765,5.175,0.06372532188841203,0.32961373390557946
5490,0.75,5.1925,0.06253505007153076,0.32732474964234626
5491,0.8625,5.1825,0.06436623748211731,0.3341917024320458
5492,0.79,5.20625,0.06583118741058656,0.3410586552217454
5493,0.86,5.21,0.07169098712446352,0.37539341917024327
5494,0.8425,5.185,0.05603433476394851,0.288412017167382
5495,0.68,5.18375,0.0566752503576538,0.2929899856938484
5496,0.765,5.18625,0.06372532188841203,0.32961373390557946
5497,0.8425,5.1875,0.056492131616595144,0.2929899856938484
5498,0.845,5.1825,0.05795708154506438,0.29985693848354794
5499,0.67,5.19125,0.055851216022889845,0.288412017167382
5500,0.68,5.21,0.07123319027181689,0.37081545064377686
5501,0.7425,5.205,0.059971387696709594,0.3113018597997139
5502,0.67,5.19,0.055851216022889845,0.288412017167382
5503,0.6975,5.2075,0.07086695278969958,0.36852646638054365
5504,0.865,5.17875,0.07874105865522175,0.4097281831187411
5505,0.74,5.19875,0.061711015736766815,0.32274678111587984
5506,0.8525,5.1825,0.06537339055793992,0.33648068669527903
5507,0.835,5.1925,0.059971387696709594,0.3113018597997139
5508,0.7625,5.205,0.06354220314735337,0.32961373390557946
5509,0.82,5.185,0.06079542203147354,0.3158798283261803
5510,0.6925,5.2075,0.07086695278969958,0.36852646638054365
5511,0.6775,5.1925,0.056492131616595144,0.2929899856938484
5512,0.7025,5.21125,0.05850643776824035,0.30443490701001436
5513,0.835,5.18875,0.05603433476394851,0.2929899856938484
5514,0.6975,5.18125,0.05814020028612304,0.29985693848354794
5515,0.6875,5.18125,0.05731616595135909,0.2952789699570816
5516,0.7675,5.21,0.06308440629470673,0.32961373390557946
5517,0.7325,5.18625,0.06107010014306152,0.3158798283261803
5518,0.7,5.18125,0.05832331902718169,0.30443490701001436
5519,0.895,5.17875,0.06189413447782547,0.3181688125894135
5520,0.75,5.2,0.06253505007153076,0.32732474964234626
5521,0.885,5.21125,0.07370529327610874,0.38226037195994284
5522,0.9075,5.17375,0.06226037195994278,0.32274678111587984
5523,0.715,5.18625,0.059605150214592284,0.30672389127324756
5524,0.785,5.21125,0.06537339055793992,0.3410586552217454
5525,0.76,5.1925,0.06564806866952791,0.3410586552217454
5526,0.83,5.2,0.06912732474964235,0.35937052932761093
5527,0.86,5.2075,0.07169098712446352,0.37539341917024327
5528,0.8725,5.18,0.057499284692417746,0.2952789699570816
5529,1.2475,5.1675,0.10391988555078685,0.5356223175965666
5530,0.72,5.195,0.059971387696709594,0.3113018597997139
5531,0.9525,5.17375,0.06500715307582261,0.33648068669527903
5532,0.735,5.19625,0.06125321888412018,0.3181688125894135
5533,0.9025,5.21,0.07517024320457798,0.3891273247496424
5534,0.755,5.2075,0.07581115879828328,0.3937052932761088
5535,0.8175,5.1875,0.07333905579399143,0.3776824034334764
5536,0.7175,5.18,0.05978826895565094,0.3113018597997139
5537,0.7225,5.20375,0.07434620886981402,0.3868383404864092
5538,0.8675,5.1825,0.06601430615164522,0.3410586552217454
5539,0.725,5.19,0.06042918454935623,0.3158798283261803
5540,0.7425,5.205,0.060246065808297576,0.3158798283261803
5541,0.74,5.205,0.060612303290414886,0.3158798283261803
5542,0.745,5.2075,0.062077253218884125,0.32274678111587984
5543,0.6775,5.21125,0.07105007153075824,0.37081545064377686
5544,0.8325,5.1875,0.05603433476394851,0.2929899856938484
5545,0.73,5.18625,0.06079542203147354,0.3158798283261803
5546,0.6775,5.20625,0.07187410586552218,0.37539341917024327
5547,0.675,5.21125,0.07123319027181689,0.37081545064377686
5548,0.7225,5.205,0.060246065808297576,0.3158798283261803
5549,0.9675,5.20875,0.08066380543633764,0.421173104434907
5550,0.8575,5.1875,0.05914735336194564,0.30672389127324756
5551,0.74,5.19875,0.061711015736766815,0.32274678111587984
5552,0.86,5.195,0.07169098712446352,0.37081545064377686
5553,0.775,5.20375,0.06354220314735337,0.32961373390557946
5554,0.855,5.205,0.07123319027181689,0.37081545064377686
5555,0.8675,5.2125,0.07233190271816882,0.3776824034334764
5556,0.6925,5.2,0.06940200286123034,0.35937052932761093
5557,0.84,5.20125,0.07004291845493563,0.3639484978540773
5558,0.85,5.2,0.07086695278969958,0.36852646638054365
5559,0.895,5.18375,0.060246065808297576,0.3113018597997139
5560,0.8575,5.21125,0.07141630901287555,0.37081545064377686
5561,0.7925,5.21,0.06601430615164522,0.34563662374821175
5562,0.7,5.2,0.07004291845493563,0.3639484978540773
5563,0.855,5.2125,0.07123319027181689,0.37081545064377686
5564,0.895,5.20125,0.07462088698140201,0.3868383404864092
5565,0.805,5.195,0.06290128755364807,0.32732474964234626
5566,0.9,5.205,0.07498712446351932,0.3891273247496424
5567,0.8375,5.19125,0.06976824034334765,0.3639484978540773
5568,0.7375,5.2,0.07434620886981402,0.3868383404864092
5569,0.8275,5.18375,0.06107010014306152,0.3158798283261803
5570,0.8975,5.21125,0.07480400572246067,0.3891273247496424
5571,0.85,5.18,0.0576824034334764,0.29985693848354794
5572,0.845,5.18,0.058964234620886985,0.30443490701001436
5573,0.775,5.19125,0.06454935622317597,0.3341917024320458
5574,0.7625,5.2,0.05878111587982833,0.30672389127324756
5575,0.87,5.18875,0.06189413447782547,0.32274678111587984
5576,0.69,5.18,0.057499284692417746,0.2952789699570816
5577,0.8075,5.19375,0.056492131616595144,0.2929899856938484
5578,0.795,5.19625,0.05704148783977111,0.2952789699570816
5579,0.8875,5.2,0.07397997138769671,0.3868383404864092
5580,0.8725,5.185,0.05914735336194564,0.30672389127324756
5581,0.795,5.2025,0.07123319027181689,0.37081545064377686
5582,0.9075,5.2,0.07562804005722461,0.3937052932761088
5583,0.7225,5.20875,0.060246065808297576,0.3113018597997139
5584,0.7475,5.19125,0.06537339055793992,0.33648068669527903
5585,0.8125,5.1975,0.06775393419170243,0.35250357653791137
5586,0.835,5.20125,0.069585121602289,0.3639484978540773
5587,0.85,5.18125,0.05832331902718169,0.30443490701001436
5588,0.7225,5.1825,0.060246065808297576,0.3113018597997139
5589,0.8375,5.2025,0.06976824034334765,0.3639484978540773
5590,0.8725,5.17875,0.05795708154506438,0.29985693848354794
5591,0.6775,5.185,0.056492131616595144,0.2929899856938484
5592,0.7075,5.18125,0.058964234620886985,0.30443490701001436
5593,0.73,5.20875,0.06079542203147354,0.3158798283261803
5594,0.905,5.2025,0.07544492131616595,0.3937052932761088
5595,0.71,5.18375,0.05914735336194564,0.30672389127324756
5596,0.765,5.195,0.07187410586552218,0.37539341917024327
5597,0.7275,5.1925,0.060612303290414886,0.3158798283261803
5598,0.8225,5.20875,0.06857796852646639,0.3570815450643777
5599,0.8325,5.1875,0.055851216022889845,0.288412017167382
5600,0.6775,5.18875,0.056492131616595144,0.2929899856938484
5601,0.695,5.18,0.05795708154506438,0.29985693848354794
5602,0.715,5.205,0.06436623748211731,0.3341917024320458
5603,0.675,5.19375,0.05621745350500716,0.2929899856938484
5604,0.735,5.18,0.06125321888412018,0.3181688125894135
5605,0.875,5.17875,0.05731616595135909,0.2952789699570816
5606,0.81,5.185,0.06189413447782547,0.32274678111587984
5607,0.8575,5.20875,0.07141630901287555,0.37081545064377686
5608,0.7475,5.19375,0.0662889842632332,0.34563662374821175
5609,0.8875,5.18375,0.05914735336194564,0.30672389127324756
5610,0.7425,5.19875,0.06189413447782547,0.32274678111587984
5611,0.86,5.18125,0.06436623748211731,0.3341917024320458
5612,0.8875,5.18125,0.059971387696709594,0.3113018597997139
5613,0.885,5.20875,0.07370529327610874,0.38226037195994284
5614,0.8275,5.19,0.05603433476394851,0.2929899856938484
5615,0.8175,5.18375,0.06079542203147354,0.3158798283261803
5616,0.75,5.1875,0.06253505007153076,0.32732474964234626
5617,0.8325,5.1875,0.05603433476394851,0.2929899856938484
5618,0.8675,5.18,0.05704148783977111,0.2952789699570816
5619,0.84,5.19125,0.07004291845493563,0.3639484978540773
5620,0.865,5.2125,0.07205722460658083,0.37539341917024327
5621,0.8425,5.18125,0.05914735336194564,0.30672389127324756
5622,0.835,5.19875,0.069585121602289,0.35937052932761093
5623,0.8225,5.1975,0.06857796852646639,0.3570815450643777
5624,0.7725,5.20375,0.06482403433476396,0.33648068669527903
5625,0.8425,5.21,0.07022603719599428,0.36852646638054365
5626,0.875,5.19875,0.07288125894134478,0.3776824034334764
5627,0.785,5.2025,0.06372532188841203,0.32961373390557946
5628,0.8925,5.20875,0.07434620886981402,0.3868383404864092
5629,0.82,5.19875,0.0683032904148784,0.3570815450643777
5630,0.8725,5.175,0.05914735336194564,0.30672389127324756
5631,0.8125,5.1975,0.06775393419170243,0.35250357653791137
5632,0.7575,5.18375,0.06308440629470673,0.32732474964234626
5633,0.8825,5.17375,0.05832331902718169,0.29985693848354794
5634,0.8475,5.2,0.07059227467811159,0.36852646638054365
5635,0.825,5.21375,0.06876108726752504,0.35937052932761093
5636,0.7525,5.19125,0.06354220314735337,0.32961373390557946
5637,0.8525,5.21125,0.07105007153075824,0.37081545064377686
5638,0.7275,5.20625,0.060612303290414886,0.3158798283261803
5639,0.935,5.17,0.064,0.32961373390557946
5640,0.86,5.19,0.06189413447782547,0.32274678111587984
5641,0.81,5.20375,0.06747925608011446,0.35250357653791137
5642,0.8825,5.18,0.059605150214592284,0.30672389127324756
5643,0.745,5.2075,0.06775393419170243,0.35250357653791137
5644,0.8625,5.20625,0.07187410586552218,0.37539341917024327
5645,0.8575,5.17875,0.05850643776824035,0.30443490701001436
5646,0.76,5.1925,0.06537339055793992,0.3410586552217454
5647,0.8425,5.21125,0.07022603719599428,0.36852646638054365
5648,0.78,5.1875,0.06583118741058656,0.3410586552217454
5649,0.68,5.20375,0.07251502145922747,0.3776824034334764
5650,0.8525,5.21,0.07105007153075824,0.37081545064377686
5651,0.855,5.18,0.05814020028612304,0.29985693848354794
5652,0.6725,5.20625,0.07251502145922747,0.3776824034334764
5653,0.7675,5.21125,0.064,0.3341917024320458
5654,0.885,5.17875,0.07370529327610874,0.32274678111587984
5655,0.8575,5.18875,0.059330472103004295,0.30672389127324756
5656,0.885,5.20875,0.07370529327610874,0.38226037195994284
5657,0.88,5.19875,0.07333905579399143,0.38226037195994284
5658,0.8525,5.19,0.059605150214592284,0.30672389127324756
5659,0.9325,5.2,0.07773390557939915,0.40515021459227474
5660,0.675,5.1875,0.05621745350500716,0.2929899856938484
5661,0.685,5.2125,0.06857796852646639,0.3570815450643777
5662,0.84,5.2125,0.07004291845493563,0.3639484978540773
5663,0.755,5.205,0.06290128755364807,0.32732474964234626
5664,0.6775,5.21125,0.07123319027181689,0.37081545064377686
5665,0.695,5.2,0.05795708154506438,0.29985693848354794
5666,0.7325,5.2075,0.06107010014306152,0.3181688125894135
5667,0.6925,5.2125,0.06857796852646639,0.3570815450643777
5668,0.7125,5.205,0.059330472103004295,0.30672389127324756
5669,0.8975,5.2025,0.07480400572246067,0.3891273247496424
5670,0.84,5.19125,0.059605150214592284,0.3113018597997139
5671,0.8675,5.21,0.07233190271816882,0.37539341917024327
5672,0.8675,5.195,0.07233190271816882,0.37539341917024327
5673,0.7675,5.20125,0.06564806866952791,0.3410586552217454
5674,0.965,5.2,0.08038912732474965,0.41659513590844066
5675,0.8225,5.2125,0.06857796852646639,0.3570815450643777
5676,0.8675,5.18,0.057499284692417746,0.2952789699570816
5677,0.8625,5.18125,0.05914735336194564,0.30672389127324756
5678,0.85,5.195,0.07086695278969958,0.36852646638054365
5679,0.8725,5.18,0.056858369098712454,0.2952789699570816
5680,0.82,5.18125,0.05914735336194564,0.30672389127324756
5681,0.8725,5.2075,0.07269814020028613,0.3776824034334764
5682,0.81,5.19125,0.056492131616595144,0.2929899856938484
5683,0.8225,5.1925,0.05621745350500716,0.2929899856938484
5684,0.795,5.19875,0.0662889842632332,0.34563662374821175
5685,0.9,5.1775,0.06079542203147354,0.3158798283261803
5686,0.8325,5.195,0.06042918454935623,0.3158798283261803
5687,0.8475,5.21125,0.07059227467811159,0.36852646638054365
5688,0.855,5.1875,0.05878111587982833,0.30443490701001436
5689,0.7625,5.20625,0.07205722460658083,0.37539341917024327
5690,0.7925,5.20875,0.06601430615164522,0.34563662374821175
5691,0.7775,5.21,0.06482403433476396,0.33648068669527903
5692,0.7075,5.19875,0.07315593705293277,0.3776824034334764
5693,0.8,5.195,0.0666552217453505,0.34563662374821175
5694,0.855,5.20625,0.07123319027181689,0.37081545064377686
5695,0.8225,5.18,0.058964234620886985,0.30443490701001436
5696,0.7,5.18,0.05832331902718169,0.30443490701001436
5697,0.7175,5.18125,0.05978826895565094,0.3113018597997139
5698,0.7975,5.195,0.056492131616595144,0.2929899856938484
5699,2.2375,5.10125,0.18641487839771104,0.9522174535050073
5700,2.2025,5.105,0.18357653791130188,0.9384835479256081
5701,2.2175,5.10375,0.1839427753934192,0.9384835479256081
5702,2.22,5.10375,0.18504148783977112,0.9453505007153076
5703,2.22,5.10375,0.18504148783977112,0.9453505007153076
5704,2.2375,5.1025,0.18440057224606582,0.9407725321888413
5705,2.2125,5.1025,0.18440057224606582,0.9407725321888413
5706,2.2225,5.10375,0.1852246065808298,0.9453505007153076
5707,2.225,5.10375,0.18476680972818313,0.9407725321888413
5708,2.2225,5.10375,0.1852246065808298,0.9453505007153076
5709,2.2,5.105,0.1833018597997139,0.9384835479256081
5710,2.22,5.10125,0.1839427753934192,0.9384835479256081
5711,2.2225,5.1025,0.18687267525035767,0.9522174535050073
5712,2.235,5.10125,0.18623175965665237,0.9499284692417741
5713,2.23,5.1025,0.1852246065808298,0.9453505007153076
5714,2.4025,5.09125,0.19941630901287555,1.0163090128755365
5715,2.395,5.09125,0.19959942775393422,1.0163090128755365
5716,2.405,5.09125,0.20106437768240346,1.0231759656652362
5717,2.3975,5.09125,0.19941630901287555,1.0163090128755365
5718,2.385,5.09125,0.19877539341917028,1.0117310443490701
5719,2.4025,5.09125,0.20078969957081547,1.0231759656652362
5720,2.4125,5.09,0.19941630901287555,1.0163090128755365
5721,2.405,5.09125,0.20042346208869816,1.020886981402003
5722,2.405,5.09125,0.19996566523605153,1.0163090128755365
5723,2.405,5.09,0.19996566523605153,1.0163090128755365
5724,2.4075,5.09125,0.20060658082975683,1.020886981402003
5725,2.3975,5.09,0.19978254649499286,1.0163090128755365
5726,2.45,5.09125,0.19959942775393422,1.0163090128755365
5727,2.4175,5.0925,0.20143061516452077,1.0277539341917024
5728,2.4,5.09,0.19996566523605153,1.0163090128755365
5729,2.395,5.09125,0.20042346208869816,1.020886981402003
5730,2.4025,5.09,0.20024034334763952,1.020886981402003
5731,2.41,5.09,0.20078969957081547,1.0231759656652362
5732,2.4225,5.09,0.20078969957081547,1.0231759656652362
5733,2.405,5.09125,0.20042346208869816,1.020886981402003
5734,2.415,5.09,0.2012474964234621,1.0231759656652362
5735,2.3925,5.09,0.19978254649499286,1.0163090128755365
5736,2.38,5.09,0.19831759656652362,1.009442060085837
5737,2.395,5.09,0.19959942775393422,1.0163090128755365
5738,2.42,5.09,0.2012474964234621,1.0231759656652362
5739,2.415,5.09125,0.2012474964234621,1.0231759656652362
5740,2.395,5.09125,0.19959942775393422,1.0163090128755365
5741,2.3975,5.09125,0.20078969957081547,1.0231759656652362
5742,2.3925,5.09125,0.19941630901287555,1.0163090128755365
5743,2.405,5.09125,0.20042346208869816,1.020886981402003
5744,2.41,5.0925,0.19996566523605153,1.020886981402003
5745,2.3825,5.09125,0.1985007153075823,1.009442060085837
5746,2.5425,5.0875,0.2118683834048641,1.0758226037195995
5747,2.4125,5.09,0.20042346208869816,1.020886981402003
5748,2.405,5.09,0.20042346208869816,1.020886981402003
5749,2.425,5.08875,0.20207153075822606,1.0277539341917024
5750,2.405,5.09,0.20042346208869816,1.020886981402003
5751,2.4175,5.08875,0.20042346208869816,1.020886981402003
5752,2.3975,5.09,0.19978254649499286,1.0163090128755365
5753,2.3975,5.09125,0.19978254649499286,1.0163090128755365
5754,2.3875,5.09,0.2018884120171674,1.0277539341917024
5755,2.4125,5.09,0.20106437768240346,1.0231759656652362
5756,2.38,5.09125,0.2012474964234621,1.0231759656652362
5757,2.4025,5.09,0.2022546494992847,1.0323319027181688
5758,2.4075,5.09,0.20060658082975683,1.020886981402003
5759,2.4,5.09125,0.19996566523605153,1.0231759656652362
5760,2.4075,5.09125,0.20078969957081547,1.0231759656652362
5761,2.3875,5.09125,0.19895851216022892,1.0117310443490701
5762,2.4125,5.09125,0.20106437768240346,1.0231759656652362
5763,2.405,5.09125,0.19978254649499286,1.0163090128755365
5764,2.42,5.08875,0.20170529327610875,1.0277539341917024
5765,2.3925,5.09125,0.19941630901287555,1.0163090128755365
5766,2.4025,5.09125,0.19941630901287555,1.0163090128755365
5767,2.3725,5.09,0.19767668097281832,1.0048640915593705
5768,2.405,5.09,0.20042346208869816,1.020886981402003
5769,2.385,5.0925,0.19895851216022892,1.0117310443490701
5770,2.4025,5.09125,0.20024034334763952,1.020886981402003
5771,2.375,5.09125,0.1979513590844063,1.009442060085837
5772,2.3825,5.0925,0.19941630901287555,1.0163090128755365
5773,2.36,5.09125,0.19666952789699574,1.0002861230329043
5774,2.375,5.0925,0.1979513590844063,1.009442060085837
5775,2.3825,5.0925,0.19895851216022892,1.0117310443490701
5776,2.3875,5.09,0.19895851216022892,1.0117310443490701
5777,2.3825,5.09125,0.1985007153075823,1.009442060085837
5778,2.375,5.0925,0.19767668097281832,1.0048640915593705
5779,2.38,5.09125,0.19831759656652362,1.009442060085837
5780,2.3775,5.09125,0.19813447782546498,1.009442060085837
5781,2.3975,5.08375,0.19685264663805438,1.0002861230329043
5782,2.3925,5.09125,0.19877539341917028,1.0117310443490701
5783,2.3875,5.0925,0.19895851216022892,1.0117310443490701
5784,2.3875,5.09125,0.19941630901287555,1.0163090128755365
5785,2.3825,5.09125,0.19813447782546498,1.009442060085837
5786,2.38,5.0925,0.19831759656652362,1.009442060085837
5787,2.3825,5.09125,0.19959942775393422,1.0163090128755365
5788,2.3825,5.09125,0.19877539341917028,1.0117310443490701
5789,2.4075,5.09,0.20060658082975683,1.020886981402003
5790,2.3675,5.09375,0.19831759656652362,1.009442060085837
5791,2.375,5.0925,0.19996566523605153,1.020886981402003
5792,2.39,5.09,0.1991416309012876,1.0117310443490701
5793,2.3625,5.0925,0.19978254649499286,1.0163090128755365
5794,2.385,5.09125,0.19877539341917028,1.0117310443490701
5795,2.5225,5.08625,0.21022031473533623,1.0689556509299
5796,2.3725,5.0925,0.19767668097281832,1.0048640915593705
5797,2.39,5.09,0.19978254649499286,1.0163090128755365
5798,2.3475,5.09,0.19566237482117313,0.997997138769671
5799,2.4075,5.09125,0.20060658082975683,1.020886981402003
5800,2.3875,5.09125,0.1985007153075823,1.009442060085837
5801,2.375,5.09375,0.1979513590844063,1.009442060085837
5802,2.36,5.0925,0.19666952789699574,1.0002861230329043
5803,2.39,5.0925,0.19941630901287555,1.0163090128755365
5804,2.355,5.09375,0.19621173104434908,1.0002861230329043
5805,2.37,5.09125,0.19749356223175968,1.0048640915593705
5806,2.36,5.0925,0.19648640915593707,1.0002861230329043
5807,2.3725,5.09125,0.19767668097281832,1.0048640915593705
5808,2.3575,5.09375,0.19648640915593707,1.0002861230329043
5809,2.3825,5.09125,0.19767668097281832,1.0048640915593705
5810,2.355,5.09375,0.19621173104434908,1.0002861230329043
5811,2.3625,5.09375,0.19685264663805438,1.0002861230329043
5812,2.38,5.0925,0.19712732474964237,1.0048640915593705
5813,2.38,5.0925,0.19831759656652362,1.009442060085837
5814,2.3775,5.09,0.19813447782546498,1.009442060085837
5815,2.3825,5.0925,0.19941630901287555,1.0163090128755365
5816,2.505,5.0825,0.20875536480686696,1.0620886981402005
5817,2.39,5.09,0.1991416309012876,1.0117310443490701
5818,2.38,5.09125,0.19749356223175968,1.0048640915593705
5819,2.385,5.09125,0.19767668097281832,1.0048640915593705
5820,2.3825,5.09375,0.1985007153075823,1.0117310443490701
5821,2.3575,5.0925,0.19602861230329044,0.997997138769671
5822,2.36,5.0925,0.19621173104434908,0.997997138769671
5823,2.385,5.0925,0.19877539341917028,1.0117310443490701
5824,2.3475,5.0925,0.19767668097281832,1.0048640915593705
5825,2.315,5.0975,0.19584549356223177,0.997997138769671
5826,2.3975,5.09125,0.19978254649499286,1.0163090128755365
5827,2.3675,5.09375,0.19621173104434908,1.0002861230329043
5828,2.375,5.0925,0.19813447782546498,1.009442060085837
5829,2.3825,5.09125,0.1985007153075823,1.009442060085837
5830,2.3875,5.0925,0.19941630901287555,1.0163090128755365
5831,2.3775,5.09,0.19749356223175968,1.0048640915593705
5832,2.3675,5.0925,0.197310443490701,1.0048640915593705
5833,2.3725,5.09375,0.19767668097281832,1.0048640915593705
5834,2.385,5.0925,0.1979513590844063,1.009442060085837
5835,2.3775,5.09125,0.19813447782546498,1.009442060085837
5836,2.395,5.09125,0.19959942775393422,1.0163090128755365
5837,2.3775,5.0925,0.1979513590844063,1.009442060085837
5838,2.415,5.09,0.2012474964234621,1.0231759656652362
5839,2.39,5.09,0.1991416309012876,1.0117310443490701
5840,2.395,5.09125,0.1991416309012876,1.0117310443490701
5841,2.605,5.09375,0.2170872675250358,1.105579399141631
5842,2.3975,5.0925,0.19978254649499286,1.0163090128755365
5843,2.3725,5.09125,0.1991416309012876,1.0117310443490701
5844,2.4075,5.09125,0.20060658082975683,1.020886981402003
5845,2.315,5.09625,0.1929155937052933,0.9819742489270388
5846,2.3525,5.09375,0.19666952789699574,1.0002861230329043
5847,2.3875,5.09125,0.19895851216022892,1.0117310443490701
5848,2.3975,5.0925,0.19978254649499286,1.0163090128755365
5849,2.3875,5.0925,0.1979513590844063,1.009442060085837
5850,2.3925,5.09125,0.19941630901287555,1.0163090128755365
5851,2.6025,5.06875,0.21690414878397712,1.0987124463519313
5852,2.3925,5.09125,0.19749356223175968,1.0048640915593705
5853,2.4025,5.09,0.19996566523605153,1.0163090128755365
5854,2.3825,5.0925,0.1985007153075823,1.0117310443490701
5855,2.3875,5.09125,0.19648640915593707,1.0002861230329043
5856,2.3375,5.09375,0.19941630901287555,1.0163090128755365
5857,2.395,5.0925,0.19959942775393422,1.0163090128755365
5858,2.3875,5.0925,0.19749356223175968,1.0048640915593705
5859,2.3625,5.0925,0.19831759656652362,1.009442060085837
5860,2.375,5.0925,0.1979513590844063,1.009442060085837
5861,2.3825,5.0925,0.1991416309012876,1.0117310443490701
5862,2.38,5.09125,0.19831759656652362,1.009442060085837
5863,1.3675,5.1725,0.11399141630901288,0.58826895565093
5864,1.2225,5.17625,0.1127095851216023,0.5859799713876968
5865,0.85,5.19,0.059605150214592284,0.30672389127324756
5866,1.17,5.15125,0.09751072961373392,0.5035765379113019
5867,0.89,5.17875,0.07416309012875537,0.3868383404864092
5868,0.8775,5.18625,0.05978826895565094,0.3113018597997139
5869,0.795,5.2125,0.0662889842632332,0.34563662374821175
5870,0.74,5.2075,0.061711015736766815,0.32274678111587984
5871,0.84,5.185,0.06079542203147354,0.3158798283261803
5872,0.925,5.21125,0.07709298998569386,0.4005722460658083
5873,2.2325,5.10625,0.18604864091559373,0.9499284692417741
5874,1.83,5.1225,0.1610529327610873,0.8240343347639486
5875,0.72,5.18,0.059971387696709594,0.3113018597997139
5876,0.92,5.18625,0.07663519313304722,0.3982832618025752
5877,0.74,5.1975,0.07416309012875537,0.3868383404864092
5878,0.765,5.18,0.06372532188841203,0.32961373390557946
5879,1.19,5.15125,0.09915879828326181,0.5104434907010015
5880,0.7225,5.20125,0.07517024320457798,0.3891273247496424
5881,0.7425,5.17875,0.06189413447782547,0.3181688125894135
5882,0.855,5.20875,0.07123319027181689,0.37081545064377686
5883,0.84,5.19375,0.059971387696709594,0.3113018597997139
5884,0.845,5.21125,0.07040915593705294,0.36852646638054365
5885,0.875,5.2125,0.07288125894134478,0.3776824034334764
5886,0.745,5.19,0.06775393419170243,0.35250357653791137
5887,0.8575,5.20375,0.07141630901287555,0.37081545064377686
5888,0.85,5.2125,0.07086695278969958,0.36852646638054365
5889,0.8375,5.1825,0.060612303290414886,0.3158798283261803
5890,0.8575,5.1825,0.0566752503576538,0.2929899856938484
5891,0.68,5.18125,0.0566752503576538,0.2929899856938484
5892,0.735,5.205,0.060246065808297576,0.3158798283261803
5893,0.8625,5.18375,0.0566752503576538,0.2929899856938484
5894,0.755,5.20125,0.06290128755364807,0.32732474964234626
5895,0.8875,5.18,0.06354220314735337,0.32961373390557946
5896,0.9175,5.175,0.06418311874105866,0.3341917024320458
5897,0.7825,5.19125,0.06519027181688127,0.33648068669527903
5898,0.9025,5.17875,0.06079542203147354,0.3158798283261803
5899,0.865,5.1975,0.0769098712446352,0.4005722460658083
5900,0.735,5.2075,0.06125321888412018,0.3181688125894135
5901,0.675,5.20375,0.07169098712446352,0.37081545064377686
5902,0.8075,5.1925,0.056492131616595144,0.2929899856938484
5903,0.74,5.2075,0.061711015736766815,0.32274678111587984
5904,0.685,5.195,0.05704148783977111,0.2952789699570816
5905,0.69,5.21125,0.06976824034334765,0.3639484978540773
5906,0.85,5.21,0.07086695278969958,0.36852646638054365
5907,0.68,5.195,0.0566752503576538,0.2952789699570816
5908,0.6925,5.21375,0.06793705293276109,0.35250357653791137
5909,0.94,5.2025,0.07837482117310444,0.4097281831187411
5910,0.7425,5.17875,0.06189413447782547,0.3181688125894135
5911,0.72,5.205,0.07517024320457798,0.3891273247496424
5912,0.72,5.18,0.059971387696709594,0.3113018597997139
5913,0.84,5.205,0.07004291845493563,0.3639484978540773
5914,0.9375,5.17125,0.06647210300429185,0.34563662374821175
5915,0.8,5.19375,0.0666552217453505,0.34563662374821175
5916,0.795,5.19375,0.0662889842632332,0.34563662374821175
5917,0.7675,5.20125,0.05795708154506438,0.29985693848354794
5918,0.6725,5.19,0.05603433476394851,0.2929899856938484
5919,0.735,5.185,0.06125321888412018,0.3181688125894135
5920,0.87,5.18125,0.057499284692417746,0.2952789699570816
5921,0.745,5.18625,0.062077253218884125,0.32274678111587984
5922,0.69,5.18125,0.057499284692417746,0.2952789699570816
5923,0.755,5.20125,0.05878111587982833,0.30672389127324756
5924,0.74,5.2075,0.0689442060085837,0.35937052932761093
5925,0.8875,5.20875,0.07397997138769671,0.3868383404864092
5926,0.885,5.1775,0.06143633762517883,0.3181688125894135
5927,0.755,5.205,0.06647210300429185,0.34563662374821175
5928,0.8375,5.185,0.06976824034334765,0.35937052932761093
5929,0.76,5.205,0.0683032904148784,0.3570815450643777
5930,0.74,5.20625,0.060612303290414886,0.3158798283261803
5931,0.7,5.1975,0.05832331902718169,0.30443490701001436
5932,0.805,5.195,0.05978826895565094,0.3113018597997139
5933,0.73,5.2075,0.06107010014306152,0.3181688125894135
5934,0.675,5.18625,0.05621745350500716,0.2929899856938484
5935,0.735,5.2075,0.06143633762517883,0.3181688125894135
5936,0.7025,5.2125,0.06647210300429185,0.34563662374821175
5937,0.75,5.20875,0.06253505007153076,0.32732474964234626
5938,0.6975,5.20125,0.05814020028612304,0.36852646638054365
5939,0.9125,5.1775,0.061711015736766815,0.3181688125894135
5940,0.7775,5.205,0.06482403433476396,0.33648068669527903
5941,0.865,5.21,0.07205722460658083,0.37539341917024327
5942,0.8475,5.18875,0.07187410586552218,0.37081545064377686
5943,0.9,5.20875,0.07498712446351932,0.3891273247496424
5944,0.88,5.19625,0.07333905579399143,0.38226037195994284
5945,0.7475,5.20125,0.06372532188841203,0.32961373390557946
5946,0.82,5.2125,0.0683032904148784,0.3570815450643777
5947,0.8375,5.19875,0.06976824034334765,0.3639484978540773
5948,0.8375,5.1825,0.05878111587982833,0.30443490701001436
5949,0.72,5.18375,0.059971387696709594,0.3113018597997139
5950,0.8575,5.20625,0.07141630901287555,0.37081545064377686
5951,0.8525,5.18125,0.056858369098712454,0.2952789699570816
5952,0.85,5.19,0.07086695278969958,0.36852646638054365
5953,0.8525,5.2025,0.07105007153075824,0.37081545064377686
5954,0.85,5.1875,0.06107010014306152,0.3158798283261803
5955,0.9,5.21,0.07498712446351932,0.3891273247496424
5956,0.8175,5.1875,0.06812017167381974,0.35250357653791137
5957,0.7275,5.21,0.07315593705293277,0.38226037195994284
5958,0.91,5.1925,0.07581115879828328,0.3937052932761088
5959,0.7175,5.18125,0.05978826895565094,0.3113018597997139
5960,0.6775,5.21,0.07059227467811159,0.36852646638054365
5961,0.72,5.21125,0.06253505007153076,0.32732474964234626
5962,0.7775,5.21125,0.06482403433476396,0.33648068669527903
5963,0.84,5.1875,0.056492131616595144,0.2929899856938484
5964,0.865,5.18,0.05878111587982833,0.30443490701001436
5965,0.8575,5.2075,0.07141630901287555,0.37081545064377686
5966,0.785,5.1875,0.06290128755364807,0.32732474964234626
5967,0.845,5.18125,0.06418311874105866,0.3341917024320458
5968,0.815,5.19625,0.06793705293276109,0.35250357653791137
5969,0.71,5.2075,0.07498712446351932,0.3891273247496424
5970,0.9075,5.17875,0.061711015736766815,0.3181688125894135
5971,0.725,5.19125,0.06042918454935623,0.3158798283261803
5972,0.8125,5.18875,0.07086695278969958,0.36852646638054365
5973,0.8425,5.1875,0.05914735336194564,0.30672389127324756
5974,0.8,5.205,0.0666552217453505,0.34792560801144495
5975,0.6975,5.19625,0.05814020028612304,0.30443490701001436
5976,0.715,5.1975,0.07205722460658083,0.37539341917024327
5977,0.8575,5.21375,0.07141630901287555,0.37081545064377686
5978,0.7275,5.20625,0.060612303290414886,0.3158798283261803
5979,0.775,5.19,0.06436623748211731,0.3341917024320458
5980,0.8675,5.21,0.07233190271816882,0.37539341917024327
5981,0.73,5.205,0.06079542203147354,0.3158798283261803
5982,0.895,5.1725,0.060612303290414886,0.3158798283261803
5983,0.84,5.18875,0.07004291845493563,0.3639484978540773
5984,0.7175,5.18125,0.05978826895565094,0.3113018597997139
5985,0.7275,5.19875,0.07397997138769671,0.3868383404864092
5986,0.7575,5.17875,0.06308440629470673,0.32732474964234626
5987,0.75,5.17875,0.06253505007153076,0.32274678111587984
5988,0.7225,5.21125,0.07269814020028613,0.3776824034334764
5989,0.9,5.20625,0.07498712446351932,0.3891273247496424
5990,0.855,5.20375,0.07123319027181689,0.37081545064377686
5991,0.86,5.18,0.05850643776824035,0.30443490701001436
5992,0.8375,5.19875,0.06976824034334765,0.3639484978540773
5993,0.8,5.19625,0.0666552217453505,0.34563662374821175
5994,0.88,5.17875,0.05795708154506438,0.29985693848354794
5995,0.7325,5.195,0.06775393419170243,0.35250357653791137
5996,0.8625,5.20625,0.07187410586552218,0.37539341917024327
5997,0.8625,5.1825,0.05704148783977111,0.2952789699570816
5998,0.85,5.1825,0.056858369098712454,0.2952789699570816
5999,0.8225,5.19625,0.06857796852646639,0.3570815450643777
6000,0.805,5.1875,0.06857796852646639,0.3570815450643777
6001,0.9225,5.17625,0.06372532188841203,0.32961373390557946
6002,0.725,5.19375,0.06042918454935623,0.3158798283261803
6003,0.8775,5.17875,0.06189413447782547,0.3181688125894135
6004,0.905,5.17875,0.059971387696709594,0.3113018597997139
6005,0.6875,5.18,0.05731616595135909,0.2952789699570816
6006,0.74,5.205,0.060612303290414886,0.3158798283261803
6007,0.745,5.20625,0.060246065808297576,0.3158798283261803
6008,0.7675,5.21,0.064,0.3341917024320458
6009,0.75,5.19125,0.06253505007153076,0.34563662374821175
6010,0.68,5.20375,0.07059227467811159,0.36852646638054365
6011,0.86,5.20625,0.07169098712446352,0.37539341917024327
6012,0.87,5.20875,0.07251502145922747,0.3776824034334764
6013,0.86,5.17625,0.059971387696709594,0.3113018597997139
6014,0.9425,5.20875,0.0785579399141631,0.4097281831187411
6015,0.7925,5.185,0.06601430615164522,0.3410586552217454
6016,0.7325,5.20625,0.07608583690987125,0.3982832618025752
6017,0.7375,5.1775,0.06143633762517883,0.3181688125894135
6018,0.7575,5.20125,0.06308440629470673,0.32732474964234626
6019,0.89,5.18,0.06042918454935623,0.3113018597997139
6020,0.6775,5.185,0.056492131616595144,0.2929899856938484
6021,0.7125,5.18125,0.059330472103004295,0.30672389127324756
6022,0.8575,5.18375,0.056492131616595144,0.2929899856938484
6023,0.77,5.17875,0.06418311874105866,0.3341917024320458
6024,0.8275,5.19875,0.0689442060085837,0.35937052932761093
6025,0.8375,5.18375,0.05621745350500716,0.2929899856938484
6026,0.6925,5.18,0.0576824034334764,0.29985693848354794
6027,0.6775,5.1825,0.056492131616595144,0.2929899856938484
6028,0.7,5.21125,0.06519027181688127,0.3410586552217454
6029,0.9525,5.20375,0.07938197424892705,0.4120171673819743
6030,0.7375,5.17875,0.06143633762517883,0.3181688125894135
6031,0.725,5.20625,0.07517024320457798,0.3891273247496424
6032,0.8725,5.18625,0.11628040057224608,0.6042918454935623
6033,0.805,5.17625,0.06711301859799715,0.34792560801144495
6034,0.78,5.1975,0.07709298998569386,0.4005722460658083
6035,0.7,5.2025,0.07105007153075824,0.37081545064377686
6036,0.8775,5.2075,0.07315593705293277,0.38226037195994284
6037,0.7975,5.18875,0.06290128755364807,0.32732474964234626
6038,0.6675,5.205,0.07123319027181689,0.37081545064377686
6039,0.8775,5.21125,0.07315593705293277,0.38226037195994284
6040,0.79,5.1875,0.062077253218884125,0.32274678111587984
6041,0.6875,5.20125,0.07498712446351932,0.3891273247496424
6042,0.7725,5.21125,0.06436623748211731,0.3341917024320458
6043,0.6825,5.205,0.07086695278969958,0.36852646638054365
6044,0.765,5.19875,0.08707296137339057,0.4532188841201717
6045,0.7975,5.17625,0.06647210300429185,0.34563662374821175
6046,0.8925,5.17875,0.07434620886981402,0.3868383404864092
6047,0.8675,5.18875,0.059330472103004295,0.30672389127324756
6048,0.7575,5.20375,0.06308440629470673,0.32961373390557946
6049,0.9225,5.2075,0.0769098712446352,0.4005722460658083
6050,0.8825,5.17875,0.05832331902718169,0.30443490701001436
6051,0.835,5.1975,0.069585121602289,0.35937052932761093
6052,0.8625,5.2125,0.07187410586552218,0.37539341917024327
6053,0.795,5.1875,0.06253505007153076,0.32732474964234626
6054,0.8175,5.19875,0.06812017167381974,0.35250357653791137
6055,0.8525,5.21,0.07105007153075824,0.37081545064377686
6056,0.8675,5.18,0.0576824034334764,0.29985693848354794
6057,0.685,5.18125,0.05704148783977111,0.2952789699570816
6058,0.815,5.1975,0.06793705293276109,0.35250357653791137
6059,1.315,5.16875,0.1223233190271817,0.6340486409155938
6060,0.74,5.195,0.061711015736766815,0.3181688125894135
6061,0.9125,5.2075,0.07608583690987125,0.3982832618025752
6062,0.78,5.2025,0.06354220314735337,0.32961373390557946
6063,0.85,5.21,0.07086695278969958,0.36852646638054365
6064,0.905,5.20125,0.07544492131616595,0.3937052932761088
6065,0.86,5.1825,0.056858369098712454,0.2952789699570816
6066,0.7025,5.18,0.05850643776824035,0.30443490701001436
6067,0.785,5.18625,0.06537339055793992,0.33648068669527903
6068,0.7825,5.19875,0.05731616595135909,0.2952789699570816
6069,0.8675,5.18125,0.0566752503576538,0.2929899856938484
6070,0.685,5.18125,0.05704148783977111,0.2952789699570816
6071,0.7825,5.1975,0.06519027181688127,0.33648068669527903
6072,0.8425,5.185,0.056492131616595144,0.2929899856938484
6073,0.7625,5.1825,0.06354220314735337,0.32961373390557946
6074,1.045,5.17875,0.09732761087267526,0.5035765379113019
6075,0.9075,5.1775,0.06125321888412018,0.3181688125894135
6076,0.805,5.2075,0.06711301859799715,0.34792560801144495
6077,0.8975,5.175,0.06418311874105866,0.3341917024320458
6078,0.91,5.17875,0.059605150214592284,0.30672389127324756
6079,0.7625,5.20375,0.06354220314735337,0.32961373390557946
6080,0.8025,5.18875,0.06372532188841203,0.32961373390557946
6081,0.685,5.20375,0.07141630901287555,0.37081545064377686
6082,1.4525,5.16625,0.12104148783977112,0.6271816881258943
6083,0.735,5.185,0.06125321888412018,0.3181688125894135
6084,0.8175,5.19,0.056492131616595144,0.2929899856938484
6085,0.6775,5.185,0.056492131616595144,0.2929899856938484
6086,0.765,5.18875,0.06372532188841203,0.32961373390557946
6087,0.8525,5.17875,0.05878111587982833,0.30443490701001436
6088,0.815,5.19625,0.06793705293276109,0.35250357653791137
6089,1.1125,5.195,0.09274964234620887,0.48068669527897
6090,0.75,5.1975,0.07581115879828328,0.3937052932761088
6091,0.895,5.19875,0.07462088698140201,0.3868383404864092
6092,0.775,5.18125,0.06454935622317597,0.3341917024320458
6093,0.715,5.2075,0.07462088698140201,0.3891273247496424
6094,0.72,5.1775,0.059971387696709594,0.3113018597997139
6095,0.745,5.1875,0.062077253218884125,0.32274678111587984
6096,0.85,5.18,0.056492131616595144,0.2929899856938484
6097,0.8075,5.185,0.0672961373390558,0.34792560801144495
6098,0.7875,5.19375,0.06564806866952791,0.3410586552217454
6099,0.855,5.18625,0.05603433476394851,0.288412017167382
6100,0.745,5.19125,0.062077253218884125,0.32274678111587984
6101,0.85,5.19375,0.07086695278969958,0.36852646638054365
6102,0.7275,5.21,0.07233190271816882,0.37539341917024327
6103,0.8325,5.1875,0.07086695278969958,0.36852646638054365
6104,0.85,5.1925,0.07086695278969958,0.36852646638054365
6105,0.8925,5.18,0.06290128755364807,0.32732474964234626
6106,0.895,5.18,0.059971387696709594,0.3113018597997139
6107,0.8175,5.19125,0.06812017167381974,0.35250357653791137
6108,0.7475,5.19625,0.07269814020028613,0.3776824034334764
6109,0.8775,5.17875,0.06125321888412018,0.3181688125894135
6110,0.6975,5.18,0.05814020028612304,0.29985693848354794
6111,0.715,5.21125,0.06647210300429185,0.34563662374821175
6112,0.7025,5.21125,0.07416309012875537,0.3868383404864092
6113,0.875,5.21,0.07288125894134478,0.3776824034334764
6114,0.95,5.18625,0.05731616595135909,0.2952789699570816
6115,0.8075,5.1925,0.05621745350500716,0.2929899856938484
6116,0.685,5.18125,0.05704148783977111,0.2952789699570816
6117,0.7525,5.20375,0.06271816881258942,0.32732474964234626
6118,0.755,5.2025,0.05914735336194564,0.30672389127324756
6119,0.935,5.2,0.0779170243204578,0.40515021459227474
6120,0.8525,5.1925,0.07105007153075824,0.36852646638054365
6121,0.7125,5.20625,0.07544492131616595,0.3937052932761088
6122,0.8,5.185,0.0666552217453505,0.34563662374821175
6123,0.7125,5.185,0.059330472103004295,0.30672389127324756
6124,0.7725,5.1925,0.07086695278969958,0.36852646638054365
6125,0.775,5.19,0.06454935622317597,0.3341917024320458
6126,0.8625,5.21,0.07187410586552218,0.37539341917024327
6127,0.71,5.1975,0.0683032904148784,0.3570815450643777
6128,0.7425,5.2075,0.06189413447782547,0.32274678111587984
6129,0.6725,5.185,0.05603433476394851,0.288412017167382
6130,0.715,5.21125,0.06454935622317597,0.33648068669527903
6131,0.68,5.1925,0.0566752503576538,0.2929899856938484
6132,0.8125,5.195,0.06775393419170243,0.35250357653791137
6133,0.7775,5.1925,0.06519027181688127,0.33648068669527903
6134,0.9,5.1775,0.07498712446351932,0.3891273247496424
6135,0.725,5.17875,0.06042918454935623,0.3113018597997139
6136,0.7725,5.1925,0.07086695278969958,0.36852646638054365
6137,0.745,5.17875,0.062077253218884125,0.32274678111587984
6138,0.73,5.1775,0.06079542203147354,0.3158798283261803
6139,0.74,5.1975,0.07397997138769671,0.3868383404864092
6140,0.72,5.19875,0.06912732474964235,0.35937052932761093
6141,0.8425,5.2025,0.07022603719599428,0.3639484978540773
6142,0.86,5.18125,0.056858369098712454,0.2952789699570816
6143,0.8525,5.18125,0.05914735336194564,0.30672389127324756
6144,0.82,5.1875,0.0683032904148784,0.35250357653791137
6145,0.8675,5.18125,0.05704148783977111,0.2952789699570816
6146,0.855,5.1825,0.058964234620886985,0.30443490701001436
6147,0.845,5.20125,0.07040915593705294,0.36852646638054365
6148,0.8575,5.1825,0.0566752503576538,0.2929899856938484
6149,0.9775,5.17125,0.06940200286123034,0.35937052932761093
6150,0.73,5.19375,0.06079542203147354,0.3158798283261803
6151,0.735,5.1975,0.06125321888412018,0.38226037195994284
6152,0.805,5.18875,0.06775393419170243,0.35250357653791137
6153,0.76,5.1825,0.06335908440629472,0.32961373390557946
6154,0.77,5.20625,0.06418311874105866,0.3341917024320458
6155,0.9025,5.18,0.05731616595135909,0.2952789699570816
6156,0.7325,5.185,0.06107010014306152,0.3158798283261803
6157,0.7225,5.1825,0.060246065808297576,0.3113018597997139
6158,0.7875,5.195,0.0566752503576538,0.2952789699570816
6159,0.685,5.17875,0.05704148783977111,0.2952789699570816
6160,0.75,5.1875,0.06253505007153076,0.32732474964234626
6161,0.7925,5.1925,0.0566752503576538,0.2929899856938484
6162,0.6925,5.18,0.0576824034334764,0.29985693848354794
6163,0.8325,5.2,0.06940200286123034,0.35937052932761093
6164,0.9625,5.17125,0.06564806866952791,0.3410586552217454
6165,0.8075,5.2075,0.0672961373390558,0.34792560801144495
6166,0.91,5.20375,0.07581115879828328,0.3937052932761088
6167,0.7575,5.20625,0.06647210300429185,0.34563662374821175
6168,0.895,5.2,0.07462088698140201,0.3868383404864092
6169,0.775,5.18125,0.06454935622317597,0.3341917024320458
6170,0.6775,5.20875,0.07187410586552218,0.37539341917024327
6171,0.8575,5.20375,0.07141630901287555,0.37081545064377686
6172,0.845,5.21375,0.07040915593705294,0.36852646638054365
6173,0.71,5.1975,0.0672961373390558,0.34792560801144495
6174,0.6925,5.21375,0.06857796852646639,0.3570815450643777
6175,0.7025,5.2,0.05850643776824035,0.30443490701001436
6176,0.6875,5.20125,0.07205722460658083,0.37539341917024327
6177,0.7075,5.21,0.06500715307582261,0.33648068669527903
6178,0.8,5.21,0.0666552217453505,0.34792560801144495
6179,0.9,5.17875,0.08066380543633764,0.41659513590844066
6180,0.865,5.18875,0.059605150214592284,0.30672389127324756
6181,0.855,5.20875,0.07123319027181689,0.37081545064377686
6182,0.9475,5.17375,0.06308440629470673,0.32732474964234626
6183,0.73,5.2025,0.07498712446351932,0.3891273247496424
6184,0.7875,5.18375,0.06564806866952791,0.3410586552217454
6185,0.6875,5.20375,0.07169098712446352,0.37081545064377686
6186,0.705,5.19875,0.069585121602289,0.35937052932761093
6187,0.805,5.19625,0.06711301859799715,0.34792560801144495
6188,0.87,5.17625,0.07251502145922747,0.3776824034334764
6189,0.8475,5.18375,0.056492131616595144,0.2929899856938484
6190,0.685,5.17875,0.05704148783977111,0.2952789699570816
6191,0.8425,5.19625,0.07022603719599428,0.3639484978540773
6192,0.8425,5.185,0.056492131616595144,0.2929899856938484
6193,0.6775,5.185,0.056492131616595144,0.2929899856938484
6194,0.855,5.18625,0.07123319027181689,0.37081545064377686
6195,0.94,5.17,0.06747925608011446,0.34792560801144495
6196,0.7475,5.17875,0.06226037195994278,0.32274678111587984
6197,0.715,5.18125,0.059605150214592284,0.30672389127324756
6198,0.7275,5.2,0.07416309012875537,0.3868383404864092
6199,0.785,5.1825,0.06537339055793992,0.33648068669527903
6200,0.7025,5.18125,0.05850643776824035,0.30443490701001436
6201,0.73,5.20625,0.06125321888412018,0.3181688125894135
6202,0.675,5.185,0.05621745350500716,0.2929899856938484
6203,0.75,5.1875,0.06253505007153076,0.32732474964234626
6204,0.8575,5.18125,0.05878111587982833,0.30443490701001436
6205,0.7875,5.19,0.06564806866952791,0.3410586552217454
6206,0.8625,5.20625,0.07187410586552218,0.37539341917024327
6207,0.8425,5.19,0.05603433476394851,0.2929899856938484
6208,0.6925,5.1975,0.0576824034334764,0.29985693848354794
6209,0.9125,5.1875,0.07608583690987125,0.3937052932761088
6210,0.8075,5.1875,0.06812017167381974,0.35250357653791137
6211,0.875,5.1775,0.06189413447782547,0.3181688125894135
6212,0.715,5.18375,0.059605150214592284,0.30672389127324756
6213,0.8675,5.1825,0.06454935622317597,0.3341917024320458
6214,0.87,5.185,0.058964234620886985,0.30672389127324756
6215,0.7975,5.19625,0.06647210300429185,0.34563662374821175
6216,0.68,5.21,0.07187410586552218,0.37539341917024327
6217,0.6675,5.20875,0.07205722460658083,0.37539341917024327
6218,0.82,5.21375,0.0683032904148784,0.3570815450643777
6219,0.8275,5.185,0.06143633762517883,0.3181688125894135
6220,0.68,5.20375,0.07123319027181689,0.37081545064377686
6221,0.86,5.21,0.07169098712446352,0.37539341917024327
6222,0.845,5.1825,0.07040915593705294,0.36852646638054365
6223,0.72,5.1975,0.06812017167381974,0.35250357653791137
6224,0.975,5.20125,0.0812131616595136,0.4234620886981402
6225,0.7725,5.20375,0.06436623748211731,0.3341917024320458
6226,0.7325,5.21125,0.07187410586552218,0.37539341917024327
6227,0.9,5.205,0.07498712446351932,0.3891273247496424
6228,0.875,5.195,0.07288125894134478,0.3776824034334764
6229,0.775,5.2025,0.06454935622317597,0.33648068669527903
6230,0.765,5.2075,0.06372532188841203,0.32961373390557946
6231,0.7025,5.17875,0.05850643776824035,0.30443490701001436
6232,0.87,5.18125,0.05704148783977111,0.2952789699570816
6233,0.7625,5.21,0.06354220314735337,0.32961373390557946
6234,0.685,5.18,0.05704148783977111,0.2952789699570816
6235,0.715,5.20875,0.06372532188841203,0.3341917024320458
6236,0.7425,5.2075,0.06189413447782547,0.32274678111587984
6237,0.685,5.1975,0.05704148783977111,0.2952789699570816
6238,0.81,5.1875,0.06290128755364807,0.32732474964234626
6239,0.8925,5.1875,0.07434620886981402,0.3868383404864092
6240,0.72,5.19375,0.059971387696709594,0.3113018597997139
6241,0.84,5.185,0.06747925608011446,0.34792560801144495
6242,0.7675,5.18,0.064,0.32961373390557946
6243,0.7425,5.19375,0.06189413447782547,0.32274678111587984
6244,0.8725,5.18,0.060246065808297576,0.3113018597997139
6245,0.7425,5.20375,0.05914735336194564,0.30672389127324756
6246,0.7125,5.2025,0.059330472103004295,0.30672389127324756
6247,0.735,5.19375,0.0689442060085837,0.3570815450643777
6248,0.75,5.205,0.06079542203147354,0.3158798283261803
6249,0.6725,5.1925,0.05603433476394851,0.2929899856938484
6250,0.7325,5.205,0.06079542203147354,0.3158798283261803
6251,0.7825,5.1975,0.0576824034334764,0.29985693848354794
6252,0.6925,5.17875,0.0576824034334764,0.29985693848354794
6253,1.16,5.17875,0.10227181688125896,0.528755364806867
6254,0.7975,5.19875,0.06226037195994278,0.32274678111587984
6255,0.7175,5.1775,0.05978826895565094,0.3113018597997139
6256,0.87,5.1825,0.06418311874105866,0.3341917024320458
6257,0.8025,5.19625,0.06143633762517883,0.3181688125894135
6258,0.8275,5.21,0.0689442060085837,0.35937052932761093
6259,0.9025,5.2025,0.07517024320457798,0.3891273247496424
6260,0.8675,5.18125,0.05704148783977111,0.2952789699570816
6261,0.72,5.18375,0.059971387696709594,0.3113018597997139
6262,0.8175,5.19625,0.06812017167381974,0.35250357653791137
6263,0.8,5.19375,0.0566752503576538,0.2929899856938484
6264,0.68,5.18125,0.0566752503576538,0.2929899856938484
6265,0.7,5.18,0.05832331902718169,0.30443490701001436
6266,0.835,5.1875,0.05795708154506438,0.29985693848354794
6267,0.7025,5.18125,0.05850643776824035,0.30443490701001436
6268,0.75,5.18375,0.06253505007153076,0.32274678111587984
6269,0.8725,5.185,0.05814020028612304,0.29985693848354794
6270,0.8075,5.2075,0.0672961373390558,0.34792560801144495
6271,0.885,5.20875,0.07370529327610874,0.38226037195994284
6272,0.7975,5.2,0.06271816881258942,0.32732474964234626
6273,0.9025,5.20625,0.07517024320457798,0.3891273247496424
6274,0.91,5.20625,0.07581115879828328,0.3937052932761088
6275,0.84,5.18875,0.056492131616595144,0.2929899856938484
6276,0.78,5.17625,0.06500715307582261,0.33648068669527903
6277,0.7925,5.19375,0.06601430615164522,0.3410586552217454
6278,0.865,5.17625,0.05832331902718169,0.29985693848354794
6279,0.7775,5.19,0.07040915593705294,0.3639484978540773
6280,0.8325,5.21375,0.06940200286123034,0.35937052932761093
6281,0.785,5.18625,0.06290128755364807,0.32732474964234626
6282,0.6725,5.20875,0.07105007153075824,0.37081545064377686
6283,0.7725,5.19125,0.06436623748211731,0.3341917024320458
6284,0.885,5.18,0.06107010014306152,0.3158798283261803
6285,0.73,5.2,0.07462088698140201,0.3868383404864092
6286,0.7825,5.1775,0.06519027181688127,0.33648068669527903
6287,0.725,5.21,0.07251502145922747,0.3776824034334764
6288,0.8475,5.18375,0.07105007153075824,0.36852646638054365
6289,0.755,5.18,0.06290128755364807,0.32732474964234626
6290,0.675,5.21125,0.07141630901287555,0.37081545064377686
6291,0.815,5.1925,0.0566752503576538,0.2929899856938484
6292,0.6925,5.18,0.0576824034334764,0.29985693848354794
6293,0.785,5.195,0.06537339055793992,0.3410586552217454
6294,0.7925,5.195,0.0566752503576538,0.2952789699570816
6295,0.6825,5.18,0.056858369098712454,0.2952789699570816
6296,0.71,5.18125,0.05914735336194564,0.30672389127324756
6297,0.8225,5.19375,0.056492131616595144,0.2929899856938484
6298,0.7425,5.18625,0.06189413447782547,0.32274678111587984
6299,0.7575,5.1825,0.06308440629470673,0.32732474964234626
6300,0.72,5.20125,0.07462088698140201,0.3868383404864092
6301,0.7625,5.18125,0.06354220314735337,0.32961373390557946
6302,0.7175,5.1925,0.05978826895565094,0.3113018597997139
6303,0.885,5.18,0.06354220314735337,0.32961373390557946
6304,0.715,5.19125,0.059605150214592284,0.3113018597997139
6305,0.685,5.1975,0.05704148783977111,0.2952789699570816
6306,0.69,5.2075,0.07333905579399143,0.38226037195994284
6307,0.8675,5.21125,0.07233190271816882,0.3776824034334764
6308,0.9525,5.21,0.07938197424892705,0.4120171673819743
6309,0.685,5.20125,0.07004291845493563,0.3639484978540773
6310,0.835,5.21125,0.069585121602289,0.3639484978540773
6311,0.84,5.2125,0.07004291845493563,0.3639484978540773
6312,0.77,5.19,0.064,0.3341917024320458
6313,0.79,5.1925,0.06583118741058656,0.3410586552217454
6314,0.7775,5.20625,0.06482403433476396,0.33648068669527903
6315,0.87,5.18625,0.05978826895565094,0.3113018597997139
6316,0.75,5.20625,0.06647210300429185,0.34563662374821175
6317,0.9025,5.205,0.07517024320457798,0.3891273247496424
6318,0.795,5.2,0.06290128755364807,0.32732474964234626
6319,0.7175,5.21,0.07370529327610874,0.38226037195994284
6320,0.86,5.21125,0.07169098712446352,0.37539341917024327
6321,0.8125,5.18875,0.06290128755364807,0.32732474964234626
6322,0.69,5.2125,0.06857796852646639,0.3570815450643777
6323,0.7025,5.2025,0.05850643776824035,0.30443490701001436
6324,0.68,5.21125,0.07123319027181689,0.37081545064377686
6325,0.7625,5.2025,0.05914735336194564,0.30672389127324756
6326,0.67,5.18875,0.055851216022889845,0.288412017167382
6327,0.6725,5.2075,0.05603433476394851,0.37539341917024327
6328,0.7,5.2125,0.06711301859799715,0.34792560801144495
6329,0.7625,5.20625,0.06354220314735337,0.32961373390557946
6330,0.8425,5.19,0.07022603719599428,0.3639484978540773
6331,0.7225,5.21,0.07370529327610874,0.38226037195994284
6332,0.8875,5.2,0.07397997138769671,0.3868383404864092
6333,0.8975,5.20125,0.07480400572246067,0.3891273247496424
6334,0.725,5.21,0.07169098712446352,0.37539341917024327
6335,0.855,5.21125,0.07123319027181689,0.37081545064377686
6336,0.75,5.2075,0.06253505007153076,0.32732474964234626
6337,0.7325,5.19625,0.06747925608011446,0.34792560801144495
6338,0.8325,5.21125,0.06940200286123034,0.35937052932761093
6339,0.825,5.2125,0.06876108726752504,0.35937052932761093
6340,0.7675,5.19,0.06436623748211731,0.3341917024320458
6341,0.8775,5.205,0.07315593705293277,0.38226037195994284
6342,0.78,5.21125,0.06500715307582261,0.33648068669527903
6343,0.755,5.18875,0.06583118741058656,0.3410586552217454
6344,0.8525,5.2025,0.07105007153075824,0.37081545064377686
6345,0.725,5.18,0.06042918454935623,0.3113018597997139
6346,0.7125,5.20625,0.07581115879828328,0.3937052932761088
6347,0.765,5.17875,0.06372532188841203,0.32961373390557946
6348,0.815,5.2075,0.06793705293276109,0.35250357653791137
6349,0.89,5.17875,0.06125321888412018,0.3181688125894135
6350,0.715,5.21125,0.06482403433476396,0.33648068669527903
6351,0.7025,5.20125,0.05850643776824035,0.30443490701001436
6352,0.685,5.2125,0.07059227467811159,0.36852646638054365
6353,0.7625,5.2025,0.05795708154506438,0.29985693848354794
6354,0.6875,5.17875,0.05731616595135909,0.2952789699570816
6355,0.76,5.1975,0.07315593705293277,0.3776824034334764
6356,0.885,5.18,0.059330472103004295,0.30672389127324756
6357,0.85,5.20375,0.07086695278969958,0.36852646638054365
6358,0.875,5.18,0.06418311874105866,0.3341917024320458
6359,0.73,5.21125,0.07251502145922747,0.3776824034334764
6360,0.815,5.185,0.06793705293276109,0.35250357653791137
6361,0.7125,5.2075,0.07544492131616595,0.3937052932761088
6362,0.7675,5.19375,0.07205722460658083,0.37539341917024327
6363,0.745,5.1775,0.062077253218884125,0.32274678111587984
6364,0.72,5.17875,0.059971387696709594,0.3113018597997139
6365,0.695,5.2125,0.06876108726752504,0.35937052932761093
6366,0.68,5.195,0.0566752503576538,0.2952789699570816
6367,0.795,5.18375,0.0662889842632332,0.34563662374821175
6368,0.6725,5.20625,0.07205722460658083,0.37539341917024327
6369,0.7425,5.21,0.06189413447782547,0.32274678111587984
6370,0.7325,5.2075,0.06107010014306152,0.3181688125894135
6371,0.6825,5.2125,0.07086695278969958,0.36852646638054365
6372,0.77,5.21,0.06418311874105866,0.3341917024320458
6373,0.6725,5.18875,0.05603433476394851,0.2929899856938484
6374,0.7275,5.2075,0.06253505007153076,0.32732474964234626
6375,0.8775,5.1875,0.07315593705293277,0.3776824034334764
6376,0.7375,5.17625,0.06143633762517883,0.3181688125894135
6377,0.72,5.21,0.07269814020028613,0.3776824034334764
6378,0.7925,5.18375,0.06601430615164522,0.3410586552217454
6379,0.7475,5.17875,0.06226037195994278,0.32274678111587984
6380,0.6725,5.20875,0.07141630901287555,0.37081545064377686
6381,0.815,5.2125,0.06793705293276109,0.35250357653791137
6382,0.7325,5.205,0.06107010014306152,0.3181688125894135
6383,0.85,5.1825,0.059605150214592284,0.30672389127324756
6384,0.81,5.18625,0.062077253218884125,0.32274678111587984
6385,0.8525,5.20875,0.07105007153075824,0.37081545064377686
6386,0.7675,5.18875,0.06372532188841203,0.32961373390557946
6387,0.6775,5.205,0.07123319027181689,0.37081545064377686
6388,0.82,5.21375,0.0683032904148784,0.3570815450643777
6389,0.865,5.18125,0.05795708154506438,0.29985693848354794
6390,0.7425,5.19875,0.07370529327610874,0.38226037195994284
6391,0.745,5.17875,0.062077253218884125,0.32274678111587984
6392,0.7175,5.21125,0.07434620886981402,0.3868383404864092
6393,0.735,5.19875,0.07269814020028613,0.3776824034334764
6394,0.7325,5.17875,0.06107010014306152,0.3158798283261803
6395,0.69,5.2125,0.06812017167381974,0.3570815450643777
6396,0.835,5.185,0.05603433476394851,0.288412017167382
6397,0.735,5.18625,0.06125321888412018,0.3181688125894135
6398,0.875,5.17875,0.07288125894134478,0.29985693848354794
6399,0.815,5.185,0.06107010014306152,0.3158798283261803
6400,0.8275,5.21125,0.0689442060085837,0.35937052932761093
6401,0.735,5.205,0.06125321888412018,0.3181688125894135
6402,0.72,5.19625,0.06747925608011446,0.34792560801144495
6403,0.835,5.2,0.069585121602289,0.35937052932761093
6404,0.8575,5.20625,0.07141630901287555,0.37081545064377686
6405,0.7525,5.2075,0.06647210300429185,0.34563662374821175
6406,0.9225,5.20625,0.0769098712446352,0.4005722460658083
6407,0.92,5.20125,0.07663519313304722,0.3982832618025752
6408,0.8325,5.1925,0.060612303290414886,0.3158798283261803
6409,0.87,5.205,0.07251502145922747,0.3776824034334764
6410,0.83,5.2125,0.06912732474964235,0.35937052932761093
6411,0.83,5.1825,0.05914735336194564,0.30672389127324756
6412,0.835,5.20375,0.069585121602289,0.3639484978540773
6413,0.7425,5.2075,0.06189413447782547,0.32274678111587984
6414,0.68,5.205,0.07187410586552218,0.37539341917024327
6415,0.755,5.21,0.06290128755364807,0.32732474964234626
6416,0.745,5.19625,0.062077253218884125,0.32274678111587984
6417,0.6875,5.2125,0.06912732474964235,0.35937052932761093
6418,0.6725,5.19,0.05603433476394851,0.2929899856938484
6419,0.7625,5.1875,0.06354220314735337,0.32961373390557946
6420,0.725,5.20125,0.07434620886981402,0.3868383404864092
6421,0.845,5.1875,0.06747925608011446,0.34792560801144495
6422,0.74,5.1775,0.061711015736766815,0.3181688125894135
6423,0.7125,5.20625,0.07544492131616595,0.3937052932761088
6424,0.75,5.19625,0.07251502145922747,0.37539341917024327
6425,0.8475,5.20875,0.07059227467811159,0.36852646638054365
6426,0.8525,5.18125,0.05850643776824035,0.30443490701001436
6427,0.71,5.1975,0.0683032904148784,0.3570815450643777
6428,0.7075,5.20125,0.058964234620886985,0.30672389127324756
6429,0.6875,5.20375,0.07086695278969958,0.36852646638054365
6430,0.675,5.20625,0.07141630901287555,0.37081545064377686
6431,0.735,5.205,0.06125321888412018,0.3181688125894135
6432,0.6775,5.21,0.056492131616595144,0.37081545064377686
6433,0.845,5.1825,0.056492131616595144,0.2929899856938484
6434,0.7125,5.1825,0.059330472103004295,0.30672389127324756
6435,0.7125,5.18375,0.059330472103004295,0.30672389127324756
6436,0.75,5.195,0.07233190271816882,0.37539341917024327
6437,0.825,5.18875,0.06876108726752504,0.3570815450643777
6438,0.82,5.2025,0.0683032904148784,0.3570815450643777
6439,0.9,5.18,0.059971387696709594,0.3113018597997139
6440,0.69,5.195,0.057499284692417746,0.29985693848354794
6441,2.3,5.1,0.19163376251788272,0.9796852646638056
6442,0.6825,5.205,0.07169098712446352,0.37081545064377686
6443,0.86,5.20625,0.07169098712446352,0.37539341917024327
6444,0.855,5.21,0.07123319027181689,0.37081545064377686
6445,0.7,5.2,0.06940200286123034,0.35937052932761093
6446,0.9125,5.21125,0.07608583690987125,0.3982832618025752
6447,0.7875,5.21125,0.06564806866952791,0.3410586552217454
6448,0.86,5.1725,0.06812017167381974,0.35250357653791137
6449,0.8575,5.2125,0.07141630901287555,0.37081545064377686
6450,0.7675,5.18,0.064,0.32961373390557946
6451,0.71,5.20375,0.07498712446351932,0.3891273247496424
6452,0.875,5.1975,0.07288125894134478,0.3776824034334764
6453,0.7075,5.19125,0.058964234620886985,0.30672389127324756
6454,0.93,5.17625,0.06564806866952791,0.3410586552217454
6455,0.8375,5.19,0.05603433476394851,0.2929899856938484
6456,0.6875,5.18,0.05731616595135909,0.2952789699570816
6457,0.745,5.205,0.059971387696709594,0.3113018597997139
6458,0.88,5.1925,0.05621745350500716,0.2929899856938484
6459,0.685,5.20125,0.05704148783977111,0.2952789699570816
6460,0.7375,5.21125,0.07141630901287555,0.37081545064377686
6461,0.7475,5.205,0.05978826895565094,0.3113018597997139
6462,0.675,5.18625,0.05621745350500716,0.2929899856938484
6463,0.7675,5.19875,0.057499284692417746,0.29985693848354794
6464,0.84,5.18125,0.05832331902718169,0.30443490701001436
6465,0.7525,5.19875,0.06271816881258942,0.32732474964234626
6466,0.77,5.2025,0.06601430615164522,0.34563662374821175
6467,0.7725,5.205,0.06482403433476396,0.33648068669527903
6468,0.88,5.20875,0.07333905579399143,0.38226037195994284
6469,0.905,5.17875,0.07544492131616595,0.3937052932761088
6470,0.8225,5.1875,0.05603433476394851,0.2929899856938484
6471,0.805,5.1975,0.06711301859799715,0.34792560801144495
6472,0.875,5.21125,0.07288125894134478,0.3776824034334764
6473,0.85,5.18125,0.059605150214592284,0.30672389127324756
6474,0.8575,5.20375,0.07141630901287555,0.37081545064377686
6475,0.845,5.21375,0.07040915593705294,0.36852646638054365
6476,0.7675,5.19125,0.06500715307582261,0.33648068669527903
6477,0.8575,5.21,0.07141630901287555,0.37081545064377686
6478,0.7475,5.2075,0.06226037195994278,0.32274678111587984
6479,0.69,5.2,0.07205722460658083,0.37539341917024327
6480,0.875,5.19625,0.07288125894134478,0.3776824034334764
6481,0.795,5.185,0.0662889842632332,0.34563662374821175
6482,0.715,5.20875,0.07480400572246067,0.3891273247496424
6483,0.8175,5.19875,0.06812017167381974,0.35250357653791137
6484,0.82,5.2075,0.0683032904148784,0.3570815450643777
6485,0.8775,5.175,0.057499284692417746,0.2952789699570816
6486,0.785,5.19125,0.06537339055793992,0.33648068669527903
6487,0.8625,5.21,0.07187410586552218,0.37539341917024327
6488,0.8725,5.18125,0.05850643776824035,0.30443490701001436
6489,0.7475,5.19875,0.06226037195994278,0.32274678111587984
6490,0.695,5.19875,0.05795708154506438,0.29985693848354794
6491,0.6775,5.2125,0.07040915593705294,0.36852646638054365
6492,0.8275,5.18875,0.05621745350500716,0.2929899856938484
6493,0.735,5.185,0.06125321888412018,0.3181688125894135
6494,0.825,5.19,0.05603433476394851,0.2929899856938484
6495,0.72,5.21,0.07315593705293277,0.38226037195994284
6496,0.87,5.1975,0.07251502145922747,0.37539341917024327
6497,0.76,5.20625,0.06583118741058656,0.3410586552217454
6498,0.7425,5.20875,0.06812017167381974,0.3570815450643777
6499,0.9175,5.21125,0.07645207439198856,0.3982832618025752
6500,0.7575,5.19125,0.06537339055793992,0.33648068669527903
6501,0.6975,5.20375,0.07169098712446352,0.37081545064377686
6502,0.8075,5.21125,0.0672961373390558,0.35250357653791137
6503,0.7075,5.1975,0.058964234620886985,0.35250357653791137
6504,0.6775,5.205,0.07123319027181689,0.37081545064377686
6505,0.8175,5.21375,0.06812017167381974,0.3570815450643777
6506,0.705,5.2025,0.05878111587982833,0.30672389127324756
6507,0.73,5.19625,0.06711301859799715,0.34792560801144495
6508,0.78,5.21125,0.06500715307582261,0.33648068669527903
6509,0.785,5.20875,0.06537339055793992,0.3410586552217454
6510,0.75,5.2075,0.06747925608011446,0.35250357653791137
6511,0.9025,5.205,0.07517024320457798,0.3891273247496424
6512,0.865,5.19625,0.07205722460658083,0.37539341917024327
6513,0.725,5.2075,0.07205722460658083,0.37539341917024327
6514,0.8325,5.19,0.06940200286123034,0.35937052932761093
6515,0.785,5.1925,0.06537339055793992,0.3410586552217454
6516,0.8275,5.1825,0.05914735336194564,0.30672389127324756
6517,0.885,5.1975,0.07370529327610874,0.38226037195994284
6518,0.8575,5.2125,0.07141630901287555,0.37081545064377686
6519,0.7875,5.18625,0.06519027181688127,0.33648068669527903
6520,0.8125,5.195,0.06775393419170243,0.35250357653791137
6521,0.86,5.205,0.07169098712446352,0.37081545064377686
6522,0.8675,5.18125,0.05795708154506438,0.29985693848354794
6523,0.85,5.2025,0.07086695278969958,0.36852646638054365
6524,0.8375,5.2125,0.06976824034334765,0.3639484978540773
6525,0.7925,5.2,0.06253505007153076,0.32732474964234626
6526,0.7375,5.20875,0.069585121602289,0.3639484978540773
6527,0.8875,5.2075,0.07397997138769671,0.3868383404864092
6528,0.825,5.195,0.06079542203147354,0.3158798283261803
6529,0.745,5.19625,0.0812131616595136,0.4234620886981402
6530,0.6975,5.18125,0.05814020028612304,0.29985693848354794
6531,0.8175,5.19125,0.05603433476394851,0.2929899856938484
6532,0.8675,5.195,0.056858369098712454,0.2952789699570816
6533,0.945,5.20875,0.07874105865522175,0.4097281831187411
6534,0.82,5.185,0.06107010014306152,0.3158798283261803
6535,0.6725,5.2075,0.07141630901287555,0.37081545064377686
6536,0.8325,5.2125,0.06940200286123034,0.35937052932761093
6537,0.7075,5.2,0.06876108726752504,0.3570815450643777
6538,0.685,5.21375,0.069585121602289,0.3639484978540773
6539,0.825,5.21,0.06876108726752504,0.35937052932761093
6540,0.73,5.21,0.06079542203147354,0.3158798283261803
6541,0.8375,5.185,0.06683834048640916,0.34563662374821175
6542,0.7225,5.17875,0.060246065808297576,0.3113018597997139
6543,0.755,5.17875,0.06290128755364807,0.32732474964234626
6544,0.7225,5.21,0.07251502145922747,0.3776824034334764
6545,0.9575,5.20625,0.07974821173104436,0.41659513590844066
6546,0.84,5.2,0.07004291845493563,0.3639484978540773
6547,0.855,5.18,0.05731616595135909,0.2952789699570816
6548,0.7175,5.18125,0.05978826895565094,0.3113018597997139
6549,0.7575,5.18375,0.06308440629470673,0.32732474964234626
6550,0.805,5.19375,0.05704148783977111,0.2952789699570816
6551,0.68,5.18125,0.0566752503576538,0.2929899856938484
6552,0.755,5.18875,0.06290128755364807,0.32732474964234626
6553,0.8425,5.1875,0.05621745350500716,0.2929899856938484
6554,0.7175,5.1825,0.05978826895565094,0.3113018597997139
6555,0.8425,5.21,0.07022603719599428,0.36852646638054365
6556,0.8,5.2,0.06189413447782547,0.32274678111587984
6557,0.895,5.205,0.07462088698140201,0.3891273247496424
6558,0.78,5.1825,0.06500715307582261,0.33648068669527903
6559,0.72,5.21,0.07397997138769671,0.3868383404864092
6560,0.8475,5.20125,0.07059227467811159,0.36852646638054365
6561,0.7625,5.21,0.06354220314735337,0.32961373390557946
6562,0.805,5.18625,0.06143633762517883,0.3181688125894135
6563,0.8025,5.1875,0.06290128755364807,0.32732474964234626
6564,0.855,5.20625,0.07123319027181689,0.37081545064377686
6565,0.7825,5.1875,0.06335908440629472,0.32961373390557946
6566,0.7675,5.1925,0.06482403433476396,0.33648068669527903
6567,0.9,5.21125,0.07498712446351932,0.3891273247496424
6568,0.865,5.17625,0.0576824034334764,0.29985693848354794
6569,0.86,5.18,0.05878111587982833,0.30443490701001436
6570,0.95,5.2025,0.07919885550786838,0.4120171673819743
6571,0.7425,5.2075,0.06876108726752504,0.3570815450643777
6572,0.75,5.19875,0.07370529327610874,0.38226037195994284
6573,0.805,5.1775,0.06711301859799715,0.34792560801144495
6574,0.7125,5.21,0.059330472103004295,0.3868383404864092
6575,0.6825,5.21125,0.07022603719599428,0.36852646638054365
6576,0.8275,5.2125,0.0689442060085837,0.35937052932761093
6577,0.6825,5.1875,0.056858369098712454,0.2952789699570816
6578,0.72,5.21,0.062077253218884125,0.32274678111587984
6579,0.695,5.1975,0.05795708154506438,0.29985693848354794
6580,0.715,5.205,0.059605150214592284,0.3113018597997139
6581,0.695,5.21375,0.06775393419170243,0.35250357653791137
6582,0.735,5.185,0.06125321888412018,0.3181688125894135
6583,1.26,5.18125,0.10501859799713878,0.5447782546494994
6584,0.71,5.1975,0.06876108726752504,0.3570815450643777
6585,0.7425,5.17875,0.06189413447782547,0.3181688125894135
6586,0.7175,5.18875,0.05978826895565094,0.3113018597997139
6587,0.8875,5.17875,0.061711015736766815,0.3181688125894135
6588,0.72,5.1775,0.059971387696709594,0.3113018597997139
6589,0.8725,5.21,0.07269814020028613,0.3776824034334764
6590,0.7325,5.2075,0.06354220314735337,0.32961373390557946
6591,0.7,5.195,0.05832331902718169,0.30443490701001436
6592,0.6875,5.19,0.05731616595135909,0.2952789699570816
6593,0.685,5.20875,0.07251502145922747,0.3776824034334764
6594,0.8525,5.2125,0.07105007153075824,0.37081545064377686
6595,0.7925,5.20875,0.06601430615164522,0.34563662374821175
6596,0.8075,5.185,0.06125321888412018,0.3181688125894135
6597,0.72,5.19625,0.07269814020028613,0.3776824034334764
6598,0.8275,5.1975,0.0689442060085837,0.35937052932761093
6599,0.8025,5.18375,0.06335908440629472,0.32961373390557946
6600,0.8825,5.18125,0.05978826895565094,0.3113018597997139
6601,0.7825,5.20625,0.06519027181688127,0.33648068669527903
6602,0.905,5.1775,0.060612303290414886,0.3158798283261803
6603,0.7625,5.2075,0.06500715307582261,0.33648068669527903
6604,0.89,5.20875,0.07416309012875537,0.3868383404864092
6605,0.855,5.185,0.05704148783977111,0.2952789699570816
6606,0.855,5.18125,0.05914735336194564,0.30672389127324756
6607,0.7125,5.18125,0.059330472103004295,0.30672389127324756
6608,0.7675,5.2,0.05850643776824035,0.30443490701001436
6609,0.845,5.18375,0.056492131616595144,0.2929899856938484
6610,0.79,5.19,0.06583118741058656,0.3410586552217454
6611,0.68,5.1825,0.0566752503576538,0.2929899856938484
6612,0.695,5.2125,0.06647210300429185,0.34563662374821175
6613,0.675,5.1875,0.05621745350500716,0.2929899856938484
6614,0.75,5.18375,0.06253505007153076,0.32274678111587984
6615,0.74,5.1975,0.07251502145922747,0.37539341917024327
6616,0.735,5.1775,0.06125321888412018,0.3181688125894135
6617,0.74,5.2,0.061711015736766815,0.32274678111587984
6618,0.89,5.18125,0.05978826895565094,0.3113018597997139
6619,0.735,5.1975,0.06125321888412018,0.3181688125894135
6620,0.92,5.21125,0.07663519313304722,0.3982832618025752
6621,0.68,5.2125,0.07086695278969958,0.36852646638054365
6622,0.73,5.20625,0.06079542203147354,0.3158798283261803
6623,0.7575,5.21,0.06308440629470673,0.32961373390557946
6624,0.68,5.21125,0.07205722460658083,0.37539341917024327
6625,0.855,5.20875,0.07123319027181689,0.37081545064377686
6626,0.7975,5.2125,0.06647210300429185,0.34563662374821175
6627,0.675,5.20625,0.07233190271816882,0.37539341917024327
6628,0.905,5.21,0.07544492131616595,0.3937052932761088
6629,0.8275,5.2125,0.0689442060085837,0.35937052932761093
6630,0.8175,5.205,0.06500715307582261,0.33648068669527903
6631,0.78,5.1925,0.07169098712446352,0.37081545064377686
6632,0.765,5.18,0.06372532188841203,0.32961373390557946
6633,0.945,5.175,0.07169098712446352,0.37081545064377686
6634,0.8875,5.18125,0.059605150214592284,0.30672389127324756
6635,0.68,5.19,0.0566752503576538,0.2929899856938484
6636,0.6775,5.21125,0.07086695278969958,0.36852646638054365
6637,0.79,5.1875,0.06290128755364807,0.32732474964234626
6638,0.885,5.2,0.07370529327610874,0.38226037195994284
6639,0.8525,5.185,0.056492131616595144,0.2929899856938484
6640,0.765,5.2,0.05832331902718169,0.30443490701001436
6641,0.785,5.21125,0.06537339055793992,0.3410586552217454
6642,0.715,5.19875,0.06940200286123034,0.35937052932761093
6643,0.6825,5.2125,0.069585121602289,0.3639484978540773
6644,0.89,5.2125,0.07416309012875537,0.3868383404864092
6645,0.8425,5.19125,0.07022603719599428,0.3639484978540773
6646,0.74,5.21,0.0689442060085837,0.35937052932761093
6647,0.9,5.21,0.07498712446351932,0.3891273247496424
6648,0.795,5.185,0.0662889842632332,0.34563662374821175
6649,0.7225,5.20375,0.07480400572246067,0.3891273247496424
6650,0.8375,5.18875,0.06976824034334765,0.3639484978540773
6651,0.7975,5.1925,0.06647210300429185,0.34563662374821175
6652,0.8375,5.1875,0.05621745350500716,0.2929899856938484
6653,0.6725,5.19125,0.05603433476394851,0.2929899856938484
6654,0.6725,5.19375,0.05603433476394851,0.2929899856938484
6655,0.7375,5.20625,0.06079542203147354,0.3158798283261803
6656,0.69,5.18125,0.057499284692417746,0.2952789699570816
6657,0.7275,5.18375,0.060612303290414886,0.3158798283261803
6658,0.7625,5.2,0.06042918454935623,0.3158798283261803
6659,0.7025,5.2,0.05850643776824035,0.30443490701001436
6660,0.905,5.20375,0.07544492131616595,0.3937052932761088
6661,0.81,5.19625,0.06107010014306152,0.3181688125894135
6662,0.82,5.21,0.0683032904148784,0.3570815450643777
6663,0.875,5.1975,0.07288125894134478,0.3776824034334764
6664,0.79,5.20125,0.06253505007153076,0.32732474964234626
6665,0.75,5.2025,0.06253505007153076,0.32732474964234626
6666,0.67,5.1875,0.055851216022889845,0.288412017167382
6667,0.68,5.205,0.07123319027181689,0.37081545064377686
6668,0.68,5.2125,0.07004291845493563,0.3639484978540773
6669,0.86,5.21375,0.07169098712446352,0.37539341917024327
6670,0.85,5.1825,0.06271816881258942,0.32732474964234626
6671,0.77,5.19625,0.0769098712446352,0.4005722460658083
6672,0.715,5.18125,0.059605150214592284,0.30672389127324756
6673,0.7125,5.205,0.07581115879828328,0.3937052932761088
6674,0.7475,5.19625,0.07169098712446352,0.37081545064377686
6675,0.7925,5.1775,0.06601430615164522,0.3410586552217454
6676,0.7875,5.1925,0.07059227467811159,0.36852646638054365
6677,0.86,5.1825,0.07022603719599428,0.3639484978540773
6678,0.7225,5.1775,0.060246065808297576,0.3113018597997139
6679,0.81,5.1875,0.06747925608011446,0.35250357653791137
6680,0.8075,5.19125,0.05603433476394851,0.2929899856938484
6681,0.6725,5.18625,0.05603433476394851,0.288412017167382
6682,0.715,5.18125,0.059605150214592284,0.30672389127324756
6683,0.715,5.20875,0.06876108726752504,0.35937052932761093
6684,0.8375,5.20125,0.06976824034334765,0.3639484978540773
6685,0.795,5.21125,0.0662889842632332,0.34563662374821175
6686,0.735,5.19375,0.0662889842632332,0.34563662374821175
6687,0.855,5.20625,0.07123319027181689,0.37081545064377686
6688,0.855,5.2075,0.07123319027181689,0.37081545064377686
6689,0.815,5.185,0.06079542203147354,0.3158798283261803
6690,0.8225,5.2025,0.06857796852646639,0.3570815450643777
6691,0.8425,5.21,0.07022603719599428,0.36852646638054365
6692,0.9125,5.1775,0.060612303290414886,0.3158798283261803
6693,0.7475,5.2,0.06226037195994278,0.32274678111587984
6694,0.865,5.20875,0.07205722460658083,0.37539341917024327
6695,0.8475,5.185,0.05621745350500716,0.2929899856938484
6696,0.715,5.1825,0.059605150214592284,0.30672389127324756
6697,0.765,5.18875,0.06372532188841203,0.32961373390557946
6698,0.8475,5.185,0.05603433476394851,0.288412017167382
6699,0.6825,5.19375,0.056858369098712454,0.2952789699570816
6700,0.7375,5.18125,0.06143633762517883,0.3181688125894135
6701,0.73,5.1925,0.07123319027181689,0.37081545064377686
6702,0.6975,5.2,0.07022603719599428,0.3639484978540773
6703,0.825,5.19625,0.06876108726752504,0.3570815450643777
6704,0.8625,5.18125,0.0566752503576538,0.2929899856938484
6705,0.72,5.2125,0.07416309012875537,0.3868383404864092
6706,0.7975,5.185,0.06647210300429185,0.34563662374821175
6707,0.715,5.21,0.07462088698140201,0.3891273247496424
6708,0.7825,5.1925,0.07086695278969958,0.36852646638054365
6709,0.8275,5.18125,0.0689442060085837,0.3570815450643777
6710,0.72,5.19375,0.06747925608011446,0.34792560801144495
6711,0.7,5.19875,0.08002288984263234,0.41659513590844066
6712,0.8125,5.1975,0.06775393419170243,0.35250357653791137
6713,0.86,5.18125,0.05814020028612304,0.29985693848354794
6714,0.7675,5.19,0.06308440629470673,0.32732474964234626
6715,0.86,5.20875,0.07169098712446352,0.37539341917024327
6716,0.805,5.18625,0.06711301859799715,0.34792560801144495
6717,0.745,5.195,0.07169098712446352,0.37081545064377686
6718,0.85,5.2025,0.07086695278969958,0.36852646638054365
6719,0.86,5.2075,0.07169098712446352,0.37539341917024327
6720,0.8025,5.19625,0.06647210300429185,0.34563662374821175
6721,0.895,5.205,0.07462088698140201,0.3891273247496424
6722,0.735,5.1775,0.06125321888412018,0.3181688125894135
6723,0.715,5.20875,0.07581115879828328,0.3937052932761088
6724,0.7875,5.18375,0.06564806866952791,0.3410586552217454
6725,0.6725,5.185,0.05603433476394851,0.288412017167382
6726,0.7475,5.20375,0.06107010014306152,0.3181688125894135
6727,0.685,5.20125,0.05704148783977111,0.2952789699570816
6728,0.6675,5.1925,0.05566809728183119,0.288412017167382
6729,0.6675,5.2075,0.07123319027181689,0.37081545064377686
6730,0.8275,5.20875,0.0689442060085837,0.35937052932761093
6731,0.73,5.1975,0.06079542203147354,0.3158798283261803
6732,0.8325,5.18625,0.05603433476394851,0.288412017167382
6733,0.755,5.19,0.06290128755364807,0.32732474964234626
6734,0.7675,5.19125,0.064,0.3341917024320458
6735,0.78,5.2025,0.06335908440629472,0.32961373390557946
6736,0.875,5.1975,0.07288125894134478,0.3776824034334764
6737,0.7525,5.17875,0.06271816881258942,0.32732474964234626
6738,0.715,5.2025,0.07498712446351932,0.3891273247496424
6739,0.8975,5.1775,0.06143633762517883,0.3181688125894135
6740,0.755,5.20875,0.06290128755364807,0.32732474964234626
6741,0.81,5.1825,0.06372532188841203,0.32961373390557946
6742,0.825,5.18375,0.060612303290414886,0.3158798283261803
6743,0.79,5.195,0.06583118741058656,0.3410586552217454
6744,0.8425,5.185,0.055851216022889845,0.288412017167382
6745,0.86,5.18,0.0576824034334764,0.29985693848354794
6746,0.7725,5.18125,0.06436623748211731,0.3341917024320458
6747,0.8175,5.1925,0.055851216022889845,0.288412017167382
6748,0.85,5.18125,0.0566752503576538,0.2929899856938484
6749,0.72,5.18375,0.059971387696709594,0.3113018597997139
6750,0.715,5.21,0.059605150214592284,0.3868383404864092
6751,0.7125,5.205,0.07498712446351932,0.3891273247496424
6752,0.8775,5.21,0.07315593705293277,0.38226037195994284
6753,0.835,5.19,0.069585121602289,0.35937052932761093
6754,0.7875,5.20125,0.06290128755364807,0.32732474964234626
6755,0.765,5.21125,0.06372532188841203,0.3341917024320458
6756,0.6725,5.18625,0.05603433476394851,0.288412017167382
6757,0.6725,5.2075,0.07169098712446352,0.37539341917024327
6758,0.77,5.21,0.06418311874105866,0.3341917024320458
6759,0.69,5.2,0.057499284692417746,0.29985693848354794
6760,0.72,5.1975,0.0683032904148784,0.3570815450643777
6761,0.9125,5.2075,0.07608583690987125,0.3982832618025752
6762,0.85,5.21375,0.07086695278969958,0.37081545064377686
6763,0.765,5.1925,0.06537339055793992,0.3410586552217454
6764,0.8525,5.21,0.07105007153075824,0.37081545064377686
6765,0.7925,5.18625,0.06601430615164522,0.3410586552217454
6766,0.72,5.21,0.07352217453505008,0.38226037195994284
6767,0.855,5.1925,0.07123319027181689,0.37081545064377686
6768,0.85,5.19125,0.07086695278969958,0.36852646638054365
6769,0.73,5.21,0.07059227467811159,0.36852646638054365
6770,0.8175,5.21375,0.06812017167381974,0.3570815450643777
6771,0.8475,5.2125,0.07059227467811159,0.36852646638054365
6772,0.7925,5.19,0.06372532188841203,0.32961373390557946
6773,0.6775,5.2075,0.07544492131616595,0.3937052932761088
6774,0.84,5.21125,0.07004291845493563,0.3639484978540773
6775,0.845,5.18125,0.05878111587982833,0.30443490701001436
6776,0.8475,5.1775,0.06271816881258942,0.32732474964234626
6777,0.8225,5.2,0.06857796852646639,0.3570815450643777
6778,0.855,5.18,0.05704148783977111,0.2952789699570816
6779,0.8625,5.1825,0.056858369098712454,0.2952789699570816
6780,0.7825,5.205,0.06519027181688127,0.33648068669527903
6781,0.8675,5.18375,0.059330472103004295,0.30672389127324756
6782,0.8125,5.1925,0.06290128755364807,0.32732474964234626
6783,0.8275,5.21,0.0689442060085837,0.35937052932761093
6784,0.7775,5.2025,0.06308440629470673,0.32961373390557946
6785,0.7,5.2125,0.06537339055793992,0.3410586552217454
6786,0.675,5.18625,0.05621745350500716,0.2929899856938484
6787,0.6825,5.1825,0.056858369098712454,0.2952789699570816
6788,0.7325,5.205,0.05914735336194564,0.30672389127324756
6789,0.6975,5.20125,0.05814020028612304,0.30443490701001436
6790,0.8275,5.2125,0.0689442060085837,0.35937052932761093
6791,0.8475,5.18,0.062077253218884125,0.32274678111587984
6792,0.82,5.1775,0.0683032904148784,0.35250357653791137
6793,0.71,5.1825,0.05914735336194564,0.30672389127324756
6794,0.8475,5.18625,0.05621745350500716,0.2929899856938484
6795,0.8525,5.21,0.07105007153075824,0.37081545064377686
6796,0.875,5.19625,0.07288125894134478,0.3776824034334764
6797,0.7375,5.21,0.06912732474964235,0.35937052932761093
6798,0.8775,5.20375,0.07315593705293277,0.38226037195994284
6799,0.7525,5.18,0.06271816881258942,0.32732474964234626
6800,0.6725,5.2075,0.07205722460658083,0.37539341917024327
6801,0.885,5.2125,0.07370529327610874,0.38226037195994284
6802,0.7775,5.20625,0.06482403433476396,0.33648068669527903
6803,0.71,5.21125,0.06564806866952791,0.3410586552217454
6804,0.7375,5.20625,0.06143633762517883,0.3181688125894135
6805,0.695,5.18375,0.05795708154506438,0.29985693848354794
6806,0.735,5.2075,0.059971387696709594,0.3113018597997139
6807,0.74,5.20375,0.059330472103004295,0.30672389127324756
6808,0.7075,5.20125,0.058964234620886985,0.30672389127324756
6809,0.6875,5.2025,0.07040915593705294,0.36852646638054365
6810,0.9125,5.1775,0.06143633762517883,0.3181688125894135
6811,0.7325,5.2025,0.06107010014306152,0.3181688125894135
6812,0.92,5.17375,0.060246065808297576,0.3113018597997139
6813,0.71,5.20625,0.07517024320457798,0.3891273247496424
6814,0.8625,5.195,0.07187410586552218,0.37539341917024327
6815,0.6925,5.21125,0.06711301859799715,0.34792560801144495
6816,0.7125,5.20875,0.06253505007153076,0.32732474964234626
6817,0.7625,5.21,0.06354220314735337,0.32961373390557946
6818,0.725,5.19625,0.06747925608011446,0.34792560801144495
6819,0.7125,5.2075,0.069585121602289,0.3639484978540773
6820,0.6925,5.2,0.0576824034334764,0.29985693848354794
6821,0.7275,5.21,0.060612303290414886,0.3158798283261803
6822,0.805,5.19375,0.055851216022889845,0.288412017167382
6823,0.725,5.2075,0.06042918454935623,0.3158798283261803
6824,0.67,5.1875,0.055851216022889845,0.288412017167382
6825,0.86,5.1825,0.06454935622317597,0.3341917024320458
6826,0.7275,5.19625,0.060612303290414886,0.3158798283261803
6827,0.87,5.21125,0.07251502145922747,0.3776824034334764
6828,0.7975,5.2,0.06125321888412018,0.3181688125894135
6829,0.835,5.21,0.069585121602289,0.3639484978540773
6830,0.8075,5.2125,0.0672961373390558,0.35250357653791137
6831,0.815,5.18625,0.06125321888412018,0.3181688125894135
6832,0.7475,5.1875,0.06226037195994278,0.32274678111587984
6833,0.845,5.2025,0.07040915593705294,0.36852646638054365
6834,0.8325,5.18875,0.05914735336194564,0.30672389127324756
6835,0.705,5.18125,0.05878111587982833,0.30443490701001436
6836,0.735,5.185,0.06125321888412018,0.3181688125894135
6837,0.725,5.20875,0.062077253218884125,0.32274678111587984
6838,0.76,5.21125,0.06335908440629472,0.32961373390557946
6839,0.745,5.2075,0.062077253218884125,0.32274678111587984
6840,0.8725,5.185,0.059330472103004295,0.30672389127324756
6841,0.8525,5.2075,0.07105007153075824,0.37081545064377686
6842,0.78,5.1825,0.06500715307582261,0.33648068669527903
6843,0.835,5.1925,0.05878111587982833,0.30443490701001436
6844,0.7375,5.20875,0.07397997138769671,0.3868383404864092
6845,0.7625,5.18875,0.06354220314735337,0.32961373390557946
6846,0.7925,5.19625,0.05704148783977111,0.2952789699570816
6847,0.8625,5.18,0.057499284692417746,0.2952789699570816
6848,0.73,5.185,0.06079542203147354,0.3158798283261803
6849,0.8175,5.19,0.0566752503576538,0.2929899856938484
6850,0.815,5.19,0.055851216022889845,0.288412017167382
6851,0.675,5.19,0.05621745350500716,0.2929899856938484
6852,0.67,5.2075,0.07169098712446352,0.37539341917024327
6853,0.795,5.19625,0.05704148783977111,0.2952789699570816
6854,0.6775,5.18625,0.056492131616595144,0.2929899856938484
6855,0.7375,5.21,0.06683834048640916,0.34792560801144495
6856,0.715,5.21,0.07462088698140201,0.3891273247496424
6857,0.85,5.1925,0.07086695278969958,0.36852646638054365
6858,0.7225,5.17875,0.060246065808297576,0.3113018597997139
6859,0.8025,5.19,0.06775393419170243,0.35250357653791137
6860,0.675,5.18625,0.05621745350500716,0.2929899856938484
6861,0.785,5.1925,0.06537339055793992,0.3410586552217454
6862,0.785,5.1975,0.05731616595135909,0.2952789699570816
6863,0.755,5.1875,0.06290128755364807,0.32732474964234626
6864,0.715,5.18,0.059605150214592284,0.30672389127324756
6865,0.7425,5.205,0.059971387696709594,0.3113018597997139
6866,0.7525,5.20875,0.06271816881258942,0.32732474964234626
6867,0.6775,5.195,0.056492131616595144,0.2929899856938484
6868,0.67,5.2075,0.07205722460658083,0.37539341917024327
6869,0.7875,5.21,0.06564806866952791,0.3410586552217454
6870,0.89,5.2,0.07416309012875537,0.3868383404864092
6871,0.8325,5.19375,0.06042918454935623,0.3158798283261803
6872,0.87,5.21,0.07251502145922747,0.3776824034334764
6873,0.7775,5.17875,0.06482403433476396,0.33648068669527903
6874,0.815,5.18625,0.06747925608011446,0.34792560801144495
6875,0.775,5.17,0.06454935622317597,0.3341917024320458
6876,2.375,5.09625,0.1979513590844063,1.009442060085837
6877,2.3875,5.0925,0.19959942775393422,1.0163090128755365
6878,2.3325,5.095,0.1929155937052933,0.9819742489270388
6879,2.3875,5.09375,0.19895851216022892,1.0117310443490701
6880,2.375,5.09125,0.19895851216022892,1.0117310443490701
6881,2.3775,5.0925,0.19767668097281832,1.0048640915593705
6882,2.38,5.09125,0.19831759656652362,1.009442060085837
6883,2.3875,5.0925,0.20060658082975683,1.020886981402003
6884,2.4075,5.08625,0.19996566523605153,1.0163090128755365
6885,2.3775,5.09,0.19813447782546498,1.009442060085837
6886,2.3725,5.0925,0.19959942775393422,1.0163090128755365
6887,2.385,5.09,0.19749356223175968,1.0048640915593705
6888,2.3425,5.0925,0.1952045779685265,0.9934191702432047
6889,2.3725,5.0925,0.19895851216022892,1.0117310443490701
6890,2.385,5.09125,0.19813447782546498,1.009442060085837
6891,2.3825,5.09125,0.1985007153075823,1.009442060085837
6892,2.375,5.09125,0.1979513590844063,1.009442060085837
6893,2.3975,5.0875,0.19767668097281832,1.0048640915593705
6894,2.375,5.09375,0.1979513590844063,1.009442060085837
6895,2.37,5.09375,0.19749356223175968,1.0048640915593705
6896,2.385,5.0925,0.19895851216022892,1.0117310443490701
6897,2.3975,5.0925,0.19978254649499286,1.0163090128755365
6898,2.3825,5.09375,0.1985007153075823,1.0117310443490701
6899,2.38,5.0925,0.19978254649499286,1.0163090128755365
6900,2.3825,5.09,0.1985007153075823,1.009442060085837
6901,2.355,5.0925,0.19621173104434908,0.997997138769671
6902,2.3825,5.0925,0.1985007153075823,1.0117310443490701
6903,2.4775,5.0925,0.20646638054363378,1.0506437768240344
6904,2.38,5.09,0.19831759656652362,1.009442060085837
6905,2.3675,5.09125,0.19895851216022892,1.0117310443490701
6906,2.3925,5.09,0.19941630901287555,1.0163090128755365
6907,2.3775,5.0925,0.19813447782546498,1.009442060085837
6908,2.3825,5.09,0.20143061516452077,1.0231759656652362
6909,2.395,5.09125,0.19959942775393422,1.0163090128755365
6910,2.4025,5.0925,0.20024034334763952,1.020886981402003
6911,2.3775,5.09,0.19978254649499286,1.0163090128755365
6912,2.405,5.0925,0.20042346208869816,1.020886981402003
6913,2.9275,5.08375,0.24391416309012878,1.2406294706723893
6914,2.365,5.09,0.19996566523605153,1.0163090128755365
6915,2.3775,5.09125,0.20143061516452077,1.0231759656652362
6916,2.4125,5.09,0.20106437768240346,1.0231759656652362
6917,2.405,5.09,0.19978254649499286,1.0163090128755365
6918,2.3725,5.09125,0.19978254649499286,1.0163090128755365
6919,2.41,5.09,0.20078969957081547,1.0231759656652362
6920,2.3975,5.09,0.19895851216022892,1.0117310443490701
6921,2.365,5.09125,0.19648640915593707,1.0002861230329043
6922,2.42,5.09125,0.20170529327610875,1.0277539341917024
6923,2.445,5.09,0.19685264663805438,1.0002861230329043
6924,2.405,5.09125,0.19941630901287555,1.0163090128755365
6925,2.375,5.09,0.1979513590844063,1.009442060085837
6926,2.37,5.09375,0.19749356223175968,0.997997138769671
6927,2.42,5.09375,0.1985007153075823,1.0117310443490701
6928,2.355,5.0925,0.19621173104434908,0.997997138769671
6929,2.37,5.08875,0.19749356223175968,1.0048640915593705
6930,2.39,5.09375,0.19584549356223177,0.997997138769671
6931,2.3625,5.09125,0.19685264663805438,1.0002861230329043
6932,2.3625,5.09125,0.19685264663805438,1.0002861230329043
6933,2.3975,5.09,0.19749356223175968,1.0048640915593705
6934,2.37,5.09125,0.19749356223175968,1.0048640915593705
6935,2.39,5.09,0.1991416309012876,1.0117310443490701
6936,2.38,5.0925,0.19895851216022892,1.0117310443490701
6937,2.3825,5.09125,0.1985007153075823,1.009442060085837
6938,2.355,5.0925,0.19621173104434908,0.997997138769671
6939,2.4,5.0925,0.19895851216022892,1.0117310443490701
6940,2.3725,5.09125,0.19767668097281832,1.0048640915593705
6941,2.355,5.09375,0.19621173104434908,1.0002861230329043
6942,2.38,5.09125,0.19941630901287555,1.0163090128755365
6943,2.3925,5.0925,0.19941630901287555,1.0163090128755365
6944,2.39,5.0925,0.1991416309012876,1.0117310443490701
6945,2.3975,5.09125,0.19978254649499286,1.0163090128755365
6946,2.3775,5.09125,0.19813447782546498,1.009442060085837
6947,2.375,5.0925,0.1979513590844063,1.009442060085837
6948,2.3775,5.09,0.1979513590844063,1.009442060085837
6949,2.385,5.0925,0.19712732474964237,1.0048640915593705
6950,2.3775,5.0925,0.19813447782546498,1.009442060085837
6951,2.39,5.09125,0.197310443490701,1.0048640915593705
6952,2.365,5.0925,0.19978254649499286,1.0163090128755365
6953,2.3975,5.0925,0.19978254649499286,1.0163090128755365
6954,2.37,5.09375,0.1985007153075823,1.0117310443490701
6955,2.3875,5.09125,0.19895851216022892,1.0117310443490701
6956,2.38,5.09125,0.19831759656652362,1.009442060085837
6957,2.375,5.0925,0.19941630901287555,1.0163090128755365
6958,2.375,5.0925,0.19877539341917028,1.0117310443490701
6959,2.375,5.0925,0.1979513590844063,1.009442060085837
6960,2.3875,5.0925,0.1985007153075823,1.0117310443490701
6961,2.3775,5.0925,0.19767668097281832,1.0048640915593705
6962,2.3925,5.0925,0.19941630901287555,1.0163090128755365
6963,2.375,5.0925,0.1979513590844063,1.009442060085837
6964,2.385,5.0925,0.19877539341917028,1.0117310443490701
6965,2.4025,5.09125,0.20024034334763952,1.020886981402003
6966,2.37,5.0925,0.19749356223175968,1.0048640915593705
6967,2.38,5.09375,0.19895851216022892,1.0117310443490701
6968,2.355,5.09125,0.19621173104434908,0.997997138769671
6969,2.395,5.0925,0.19959942775393422,1.0163090128755365
6970,2.375,5.09375,0.19502145922746783,0.9934191702432047
6971,2.365,5.09375,0.19712732474964237,1.0048640915593705
6972,2.3925,5.09125,0.19941630901287555,1.0163090128755365
6973,2.3975,5.0925,0.1985007153075823,1.0117310443490701
6974,2.375,5.09125,0.1979513590844063,1.009442060085837
6975,2.3275,5.09625,0.1939227467811159,0.9911301859799715
6976,2.4,5.08875,0.1991416309012876,1.0117310443490701
6977,2.385,5.09375,0.19877539341917028,1.0117310443490701
6978,2.38,5.0925,0.19831759656652362,1.009442060085837
6979,2.385,5.0925,0.19877539341917028,1.0117310443490701
6980,2.37,5.09375,0.19749356223175968,1.0048640915593705
6981,2.4025,5.09125,0.20024034334763952,1.020886981402003
6982,2.395,5.0925,0.19941630901287555,1.0163090128755365
6983,2.3775,5.09375,0.19813447782546498,1.009442060085837
6984,2.3875,5.09,0.19895851216022892,1.0117310443490701
6985,2.385,5.0925,0.19895851216022892,1.0117310443490701
6986,2.4125,5.09,0.19712732474964237,1.0048640915593705
6987,2.36,5.09,0.19666952789699574,1.0002861230329043
6988,2.3775,5.09125,0.1985007153075823,1.009442060085837
6989,2.375,5.0925,0.19712732474964237,1.0048640915593705
6990,2.355,5.095,0.19621173104434908,1.0002861230329043
6991,2.3475,5.0925,0.19538769670958514,0.9934191702432047
6992,2.3775,5.0925,0.19895851216022892,1.0117310443490701
6993,2.3875,5.09125,0.19895851216022892,1.0117310443490701
6994,2.38,5.0925,0.1985007153075823,1.0117310443490701
6995,2.375,5.09375,0.197310443490701,1.0048640915593705
6996,2.3775,5.09125,0.19813447782546498,1.009442060085837
6997,2.3825,5.09125,0.1985007153075823,1.009442060085837
6998,2.3725,5.0925,0.197310443490701,1.0048640915593705
6999,2.3825,5.09375,0.1985007153075823,1.0117310443490701
7000,2.3725,5.09125,0.19767668097281832,1.0048640915593705
7001,2.33,5.09375,0.19309871244635196,0.9819742489270388
7002,2.39,5.09,0.1991416309012876,1.0117310443490701
7003,2.39,5.09375,0.1991416309012876,1.0117310443490701
7004,2.3725,5.0925,0.197310443490701,1.0048640915593705
7005,2.405,5.09125,0.20042346208869816,1.020886981402003
7006,2.3825,5.09125,0.1985007153075823,1.009442060085837
7007,2.3825,5.09375,0.19959942775393422,1.0163090128755365
7008,2.405,5.0925,0.20042346208869816,1.020886981402003
7009,2.395,5.09125,0.19959942775393422,1.0163090128755365
7010,2.38,5.09125,0.19895851216022892,1.0117310443490701
7011,2.38,5.09375,0.19831759656652362,1.009442060085837
7012,2.3925,5.09125,0.19941630901287555,1.0163090128755365
7013,2.3975,5.09125,0.19877539341917028,1.0117310443490701
7014,2.395,5.09125,0.19959942775393422,1.0163090128755365
7015,2.395,5.0925,0.19959942775393422,1.0163090128755365
7016,2.3725,5.09375,0.1991416309012876,1.0117310443490701
7017,2.415,5.0875,0.2012474964234621,1.0231759656652362
7018,2.4025,5.09125,0.20024034334763952,1.020886981402003
7019,2.37,5.0925,0.19978254649499286,1.0163090128755365
7020,2.405,5.09,0.19941630901287555,1.0163090128755365
7021,2.33,5.0975,0.1941974248927039,0.9911301859799715
7022,2.3675,5.0925,0.19474678111587984,0.9911301859799715
7023,2.3825,5.09125,0.19749356223175968,1.0048640915593705
7024,2.385,5.09125,0.19877539341917028,1.0117310443490701
7025,2.39,5.09,0.19813447782546498,1.009442060085837
7026,2.405,5.09125,0.20024034334763952,1.020886981402003
7027,2.4,5.09125,0.19996566523605153,1.0163090128755365
7028,2.41,5.08875,0.20024034334763952,1.020886981402003
7029,2.405,5.09,0.20078969957081547,1.0231759656652362
7030,2.4,5.09,0.19996566523605153,1.0163090128755365
7031,2.41,5.09,0.1991416309012876,1.0117310443490701
7032,2.36,5.0925,0.19685264663805438,1.0002861230329043
7033,2.3875,5.0925,0.19895851216022892,1.0117310443490701
7034,2.3875,5.0925,0.19895851216022892,1.0117310443490701
7035,2.3975,5.09,0.20078969957081547,1.0231759656652362
7036,1.45,5.165,0.12085836909871246,0.6226037195994278
7037,0.845,5.18625,0.07040915593705294,0.3639484978540773
7038,0.8025,5.19,0.07169098712446352,0.37081545064377686
7039,0.725,5.1925,0.06042918454935623,0.3158798283261803
7040,0.8325,5.20625,0.06940200286123034,0.35937052932761093
7041,0.8075,5.19125,0.061711015736766815,0.3181688125894135
7042,0.8325,5.1825,0.06940200286123034,0.35937052932761093
7043,0.68,5.185,0.0566752503576538,0.2929899856938484
7044,0.715,5.20875,0.064,0.3341917024320458
7045,0.8,5.2125,0.0666552217453505,0.34792560801144495
7046,1.9,5.10375,0.15830615164520745,0.8057224606580831
7047,2.075,5.11125,0.17414592274678115,0.888125894134478
7048,1.17,5.16,0.09751072961373392,0.5035765379113019
7049,0.8425,5.21,0.07022603719599428,0.36852646638054365
7050,0.935,5.18,0.06253505007153076,0.32274678111587984
7051,0.925,5.2075,0.07709298998569386,0.4005722460658083
7052,0.7825,5.1775,0.06519027181688127,0.33648068669527903
7053,0.775,5.19125,0.06940200286123034,0.35937052932761093
7054,0.8775,5.1825,0.059605150214592284,0.30672389127324756
7055,0.835,5.21375,0.069585121602289,0.3639484978540773
7056,0.7725,5.19125,0.06583118741058656,0.3410586552217454
7057,0.675,5.20625,0.07581115879828328,0.3937052932761088
7058,0.7775,5.21125,0.06482403433476396,0.33648068669527903
7059,0.8625,5.17875,0.06042918454935623,0.3113018597997139
7060,0.755,5.19125,0.06482403433476396,0.33648068669527903
7061,0.78,5.19,0.06500715307582261,0.33648068669527903
7062,0.7575,5.205,0.05878111587982833,0.30672389127324756
7063,0.705,5.21125,0.06647210300429185,0.34563662374821175
7064,0.71,5.2025,0.05914735336194564,0.30672389127324756
7065,0.8925,5.1775,0.061711015736766815,0.3181688125894135
7066,0.7925,5.20125,0.06226037195994278,0.32274678111587984
7067,0.88,5.20875,0.07333905579399143,0.38226037195994284
7068,0.7675,5.205,0.064,0.32961373390557946
7069,0.7175,5.2075,0.07581115879828328,0.3937052932761088
7070,0.8275,5.19875,0.0689442060085837,0.35937052932761093
7071,0.87,5.19875,0.07251502145922747,0.3776824034334764
7072,0.8,5.1925,0.05704148783977111,0.2952789699570816
7073,0.685,5.18,0.05704148783977111,0.2952789699570816
7074,0.7425,5.2075,0.06189413447782547,0.32274678111587984
7075,0.6925,5.2125,0.07022603719599428,0.36852646638054365
7076,0.75,5.20875,0.06253505007153076,0.32732474964234626
7077,0.6975,5.19875,0.05814020028612304,0.30443490701001436
7078,0.6775,5.2075,0.07141630901287555,0.37081545064377686
7079,0.84,5.2125,0.07004291845493563,0.3639484978540773
7080,0.75,5.1775,0.06253505007153076,0.32274678111587984
7081,0.725,5.2025,0.07544492131616595,0.3937052932761088
7082,0.75,5.1775,0.06253505007153076,0.32274678111587984
7083,0.72,5.19,0.059971387696709594,0.3113018597997139
7084,0.9425,5.16875,0.06079542203147354,0.3158798283261803
7085,0.6825,5.195,0.056858369098712454,0.2952789699570816
7086,0.735,5.2,0.06125321888412018,0.3181688125894135
7087,0.6775,5.21125,0.07059227467811159,0.36852646638054365
7088,0.7725,5.21125,0.06436623748211731,0.3341917024320458
7089,0.76,5.20875,0.06335908440629472,0.32961373390557946
7090,0.6775,5.21125,0.07123319027181689,0.37081545064377686
7091,0.69,5.2125,0.0683032904148784,0.3570815450643777
7092,0.75,5.21,0.06253505007153076,0.32732474964234626
7093,0.6875,5.2125,0.07040915593705294,0.36852646638054365
7094,0.7975,5.19375,0.062077253218884125,0.32274678111587984
7095,0.9025,5.2075,0.07517024320457798,0.3891273247496424
7096,0.8375,5.19375,0.05978826895565094,0.3113018597997139
7097,0.75,5.2075,0.06812017167381974,0.3570815450643777
7098,0.9025,5.2025,0.07517024320457798,0.3891273247496424
7099,0.765,5.205,0.06335908440629472,0.32961373390557946
7100,0.73,5.19625,0.07370529327610874,0.38226037195994284
7101,0.875,5.205,0.07288125894134478,0.3776824034334764
7102,0.865,5.18125,0.05731616595135909,0.2952789699570816
7103,0.8625,5.17875,0.0576824034334764,0.29985693848354794
7104,0.8375,5.17875,0.06976824034334765,0.35937052932761093
7105,0.78,5.1925,0.06500715307582261,0.33648068669527903
7106,0.8075,5.2075,0.06079542203147354,0.3158798283261803
7107,0.68,5.19625,0.0566752503576538,0.2952789699570816
7108,0.6975,5.18125,0.05814020028612304,0.29985693848354794
7109,0.7675,5.20125,0.05850643776824035,0.30443490701001436
7110,0.7775,5.20625,0.06482403433476396,0.33648068669527903
7111,0.8975,5.2075,0.07480400572246067,0.3891273247496424
7112,0.755,5.2075,0.06564806866952791,0.3410586552217454
7113,0.8975,5.2,0.07480400572246067,0.3891273247496424
7114,0.74,5.175,0.061711015736766815,0.3181688125894135
7115,0.76,5.195,0.0769098712446352,0.4005722460658083
7116,0.94,5.2025,0.07837482117310444,0.4097281831187411
7117,0.875,5.20625,0.07288125894134478,0.3776824034334764
7118,0.8175,5.185,0.06189413447782547,0.32274678111587984
7119,0.8425,5.2125,0.07022603719599428,0.36852646638054365
7120,0.7225,5.205,0.060246065808297576,0.3158798283261803
7121,0.675,5.21,0.07141630901287555,0.37081545064377686
7122,0.8025,5.21375,0.06683834048640916,0.34792560801144495
7123,0.735,5.20625,0.06125321888412018,0.3181688125894135
7124,0.6725,5.20625,0.07205722460658083,0.37539341917024327
7125,0.935,5.17625,0.06290128755364807,0.32732474964234626
7126,0.7675,5.20125,0.064,0.3341917024320458
7127,0.8875,5.1775,0.06226037195994278,0.32274678111587984
7128,0.8375,5.1925,0.060612303290414886,0.3158798283261803
7129,0.8075,5.20625,0.0672961373390558,0.34792560801144495
7130,0.9675,5.17625,0.061711015736766815,0.3181688125894135
7131,0.8575,5.18,0.05814020028612304,0.29985693848354794
7132,0.7875,5.19375,0.06564806866952791,0.3410586552217454
7133,0.83,5.19125,0.055851216022889845,0.288412017167382
7134,0.8275,5.19,0.06079542203147354,0.3158798283261803
7135,0.7925,5.21,0.06601430615164522,0.34563662374821175
7136,0.805,5.1875,0.06226037195994278,0.32274678111587984
7137,0.7975,5.18625,0.06290128755364807,0.32732474964234626
7138,0.8675,5.20625,0.07233190271816882,0.37539341917024327
7139,0.8625,5.17875,0.07187410586552218,0.29985693848354794
7140,0.7875,5.205,0.07562804005722461,0.3937052932761088
7141,0.74,5.17625,0.061711015736766815,0.3181688125894135
7142,0.8425,5.20875,0.07022603719599428,0.36852646638054365
7143,0.92,5.17375,0.06354220314735337,0.32961373390557946
7144,0.7575,5.18625,0.06308440629470673,0.32732474964234626
7145,0.86,5.20875,0.07169098712446352,0.37539341917024327
7146,0.6675,5.2075,0.07086695278969958,0.36852646638054365
7147,0.905,5.2125,0.07544492131616595,0.3937052932761088
7148,0.7275,5.205,0.060612303290414886,0.3158798283261803
7149,0.6925,5.2025,0.07059227467811159,0.36852646638054365
7150,0.86,5.21,0.07169098712446352,0.37539341917024327
7151,0.7825,5.2125,0.06519027181688127,0.3410586552217454
7152,0.82,5.185,0.06079542203147354,0.3158798283261803
7153,0.855,5.2,0.07123319027181689,0.37081545064377686
7154,0.7925,5.21,0.06601430615164522,0.34563662374821175
7155,0.8675,5.1875,0.06042918454935623,0.3158798283261803
7156,0.755,5.2,0.06290128755364807,0.32732474964234626
7157,0.8675,5.21,0.07233190271816882,0.37539341917024327
7158,0.9075,5.18,0.060246065808297576,0.3113018597997139
7159,0.9125,5.20875,0.07608583690987125,0.3982832618025752
7160,0.8325,5.19,0.06940200286123034,0.35937052932761093
7161,1.1375,5.18,0.10895565092989987,0.5630901287553648
7162,0.68,5.2125,0.07205722460658083,0.37539341917024327
7163,0.685,5.195,0.05704148783977111,0.2952789699570816
7164,0.6725,5.20625,0.07288125894134478,0.3776824034334764
7165,0.84,5.18125,0.05878111587982833,0.30443490701001436
7166,0.855,5.20375,0.07123319027181689,0.37081545064377686
7167,0.8675,5.1825,0.05731616595135909,0.2952789699570816
7168,0.86,5.18,0.05850643776824035,0.30443490701001436
7169,0.85,5.20125,0.07086695278969958,0.36852646638054365
7170,0.765,5.20625,0.0672961373390558,0.34792560801144495
7171,0.7175,5.20375,0.07434620886981402,0.3868383404864092
7172,0.86,5.195,0.07169098712446352,0.37081545064377686
7173,0.7125,5.205,0.059330472103004295,0.3937052932761088
7174,0.7875,5.19125,0.07480400572246067,0.3891273247496424
7175,0.77,5.18125,0.06418311874105866,0.3341917024320458
7176,0.6775,5.18625,0.056492131616595144,0.2929899856938484
7177,0.745,5.205,0.06436623748211731,0.3341917024320458
7178,0.785,5.2125,0.06537339055793992,0.3410586552217454
7179,0.735,5.2075,0.06125321888412018,0.3181688125894135
7180,0.6725,5.21,0.07251502145922747,0.3776824034334764
7181,0.855,5.2125,0.07123319027181689,0.37081545064377686
7182,0.7225,5.205,0.060246065808297576,0.3158798283261803
7183,0.785,5.19125,0.06418311874105866,0.3341917024320458
7184,0.75,5.175,0.06253505007153076,0.32274678111587984
7185,0.8125,5.2,0.06775393419170243,0.35250357653791137
7186,0.905,5.18,0.06042918454935623,0.3113018597997139
7187,0.78,5.19375,0.06500715307582261,0.33648068669527903
7188,0.8625,5.20875,0.07187410586552218,0.37539341917024327
7189,0.8725,5.185,0.059605150214592284,0.30672389127324756
7190,0.73,5.1975,0.06079542203147354,0.3158798283261803
7191,0.7625,5.20875,0.06354220314735337,0.32961373390557946
7192,0.7975,5.1875,0.06308440629470673,0.32732474964234626
7193,0.82,5.19875,0.0683032904148784,0.3570815450643777
7194,0.865,5.2075,0.07205722460658083,0.37539341917024327
7195,0.9375,5.175,0.05795708154506438,0.29985693848354794
7196,0.87,5.18,0.05731616595135909,0.2952789699570816
7197,0.8475,5.20125,0.07059227467811159,0.36852646638054365
7198,0.865,5.17875,0.05731616595135909,0.2952789699570816
7199,0.8075,5.18625,0.06253505007153076,0.32274678111587984
7200,0.7125,5.1925,0.059330472103004295,0.30672389127324756
7201,0.7675,5.1925,0.07086695278969958,0.36852646638054365
7202,0.895,5.18,0.059605150214592284,0.30672389127324756
7203,0.81,5.2025,0.06747925608011446,0.35250357653791137
7204,0.895,5.1775,0.06125321888412018,0.3181688125894135
7205,0.765,5.20625,0.06436623748211731,0.3341917024320458
7206,0.87,5.20875,0.07251502145922747,0.3776824034334764
7207,0.8525,5.17875,0.05814020028612304,0.29985693848354794
7208,0.84,5.18375,0.06042918454935623,0.3158798283261803
7209,0.695,5.18,0.05795708154506438,0.29985693848354794
7210,0.7925,5.1975,0.06601430615164522,0.3410586552217454
7211,0.8125,5.19,0.05621745350500716,0.2929899856938484
7212,0.73,5.18875,0.06079542203147354,0.3158798283261803
7213,0.755,5.18875,0.06290128755364807,0.32732474964234626
7214,0.8125,5.1925,0.05621745350500716,0.2929899856938484
7215,0.8025,5.20375,0.06683834048640916,0.34792560801144495
7216,0.8525,5.19125,0.07105007153075824,0.36852646638054365
7217,0.72,5.20375,0.07709298998569386,0.4005722460658083
7218,0.73,5.17625,0.06079542203147354,0.3158798283261803
7219,0.74,5.195,0.061711015736766815,0.3181688125894135
7220,0.815,5.18625,0.0672961373390558,0.34792560801144495
7221,0.7575,5.18875,0.06308440629470673,0.32732474964234626
7222,0.875,5.20375,0.07288125894134478,0.3776824034334764
7223,0.8475,5.185,0.056492131616595144,0.2929899856938484
7224,0.7375,5.185,0.06143633762517883,0.3181688125894135
7225,0.8625,5.21,0.07187410586552218,0.37539341917024327
7226,0.85,5.18,0.05704148783977111,0.2952789699570816
7227,0.745,5.18625,0.062077253218884125,0.32274678111587984
7228,0.8425,5.20125,0.07022603719599428,0.3639484978540773
7229,0.8625,5.18125,0.05731616595135909,0.2952789699570816
7230,0.7475,5.185,0.06226037195994278,0.32274678111587984
7231,0.82,5.20875,0.0683032904148784,0.3570815450643777
7232,0.9375,5.17125,0.06042918454935623,0.3113018597997139
7233,0.8925,5.18,0.059971387696709594,0.3113018597997139
7234,1.07,5.1775,0.0891788268955651,0.46237482117310447
7235,0.7425,5.20875,0.06912732474964235,0.35937052932761093
7236,0.69,5.2125,0.06812017167381974,0.3570815450643777
7237,0.685,5.19625,0.05704148783977111,0.2952789699570816
7238,0.69,5.2125,0.06876108726752504,0.35937052932761093
7239,0.7575,5.2025,0.05832331902718169,0.30443490701001436
7240,0.6825,5.18,0.056858369098712454,0.2952789699570816
7241,0.8875,5.1875,0.08267811158798284,0.4280400572246066
7242,0.75,5.20375,0.07562804005722461,0.3937052932761088
7243,0.905,5.20125,0.07544492131616595,0.3937052932761088
7244,0.75,5.21,0.06253505007153076,0.34792560801144495
7245,0.75,5.2025,0.07810014306151646,0.40515021459227474
7246,0.72,5.1925,0.059971387696709594,0.3113018597997139
7247,0.8225,5.20875,0.06857796852646639,0.3570815450643777
7248,0.885,5.18,0.060246065808297576,0.3113018597997139
7249,0.755,5.2,0.06290128755364807,0.32732474964234626
7250,0.905,5.1975,0.07544492131616595,0.3937052932761088
7251,0.8325,5.18125,0.064,0.32961373390557946
7252,0.895,5.2,0.07462088698140201,0.3868383404864092
7253,0.7375,5.185,0.06143633762517883,0.3181688125894135
7254,0.76,5.20125,0.05832331902718169,0.30443490701001436
7255,0.6775,5.1825,0.056492131616595144,0.2929899856938484
7256,0.675,5.185,0.05621745350500716,0.2929899856938484
7257,0.6725,5.2075,0.07233190271816882,0.37539341917024327
7258,0.75,5.21,0.06253505007153076,0.32732474964234626
7259,0.76,5.21125,0.06335908440629472,0.32961373390557946
7260,1.005,5.17375,0.07205722460658083,0.37081545064377686
7261,0.7225,5.18,0.060246065808297576,0.3113018597997139
7262,0.785,5.2025,0.06537339055793992,0.3410586552217454
7263,0.8575,5.18125,0.06418311874105866,0.3341917024320458
7264,0.7225,5.19125,0.060246065808297576,0.3113018597997139
7265,0.88,5.20875,0.07333905579399143,0.38226037195994284
7266,0.8075,5.1825,0.06226037195994278,0.32274678111587984
7267,0.685,5.2025,0.07040915593705294,0.36852646638054365
7268,0.855,5.21,0.07123319027181689,0.37081545064377686
7269,0.8375,5.185,0.06143633762517883,0.3181688125894135
7270,0.85,5.18,0.05850643776824035,0.30443490701001436
7271,0.6875,5.18125,0.05731616595135909,0.2952789699570816
7272,0.705,5.2125,0.06537339055793992,0.3410586552217454
7273,0.69,5.2125,0.06793705293276109,0.35250357653791137
7274,0.6775,5.195,0.056492131616595144,0.2929899856938484
7275,0.7575,5.19875,0.09274964234620887,0.4829756795422032
7276,0.9425,5.1675,0.06812017167381974,0.35250357653791137
7277,0.7125,5.185,0.059330472103004295,0.30672389127324756
7278,0.91,5.18,0.05978826895565094,0.3113018597997139
7279,0.7675,5.205,0.06436623748211731,0.3341917024320458
7280,0.875,5.21,0.07288125894134478,0.3776824034334764
7281,0.85,5.205,0.07086695278969958,0.36852646638054365
7282,0.85,5.18125,0.05914735336194564,0.30672389127324756
7283,0.875,5.19625,0.07288125894134478,0.3776824034334764
7284,0.9675,5.19375,0.08066380543633764,0.421173104434907
7285,0.6875,5.2125,0.06940200286123034,0.35937052932761093
7286,0.7175,5.20125,0.05978826895565094,0.3113018597997139
7287,0.8325,5.2125,0.06940200286123034,0.35937052932761093
7288,0.7125,5.19875,0.06857796852646639,0.3570815450643777
7289,0.8625,5.205,0.07187410586552218,0.37539341917024327
7290,1.1175,5.16625,0.09311587982832618,0.48068669527897
7291,0.7175,5.20125,0.07498712446351932,0.3891273247496424
7292,0.8375,5.1825,0.06976824034334765,0.35937052932761093
7293,0.75,5.17875,0.06253505007153076,0.32274678111587984
7294,0.7675,5.19375,0.07123319027181689,0.37081545064377686
7295,0.805,5.18375,0.06711301859799715,0.34792560801144495
7296,0.68,5.1925,0.0566752503576538,0.2929899856938484
7297,0.7675,5.19875,0.05978826895565094,0.3113018597997139
7298,0.685,5.18125,0.05704148783977111,0.2952789699570816
7299,0.695,5.18125,0.05795708154506438,0.29985693848354794
7300,0.86,5.18,0.056858369098712454,0.2952789699570816
7301,0.725,5.1825,0.06042918454935623,0.3158798283261803
7302,0.79,5.19375,0.06583118741058656,0.3410586552217454
7303,0.8575,5.18125,0.05704148783977111,0.2952789699570816
7304,0.8075,5.1925,0.05603433476394851,0.2929899856938484
7305,1.12,5.175,0.09329899856938484,0.4829756795422032
7306,0.82,5.1875,0.06793705293276109,0.35250357653791137
7307,0.885,5.17875,0.06189413447782547,0.3181688125894135
7308,0.75,5.2,0.06253505007153076,0.32732474964234626
7309,0.8775,5.1825,0.059330472103004295,0.30672389127324756
7310,0.74,5.20875,0.0683032904148784,0.3570815450643777
7311,0.81,5.2125,0.06747925608011446,0.35250357653791137
7312,0.715,5.1975,0.06775393419170243,0.35250357653791137
7313,0.6725,5.20625,0.07581115879828328,0.3937052932761088
7314,0.8525,5.21125,0.07105007153075824,0.37081545064377686
7315,0.8375,5.18375,0.06976824034334765,0.3158798283261803
7316,0.8425,5.1825,0.05978826895565094,0.3113018597997139
7317,0.6925,5.17875,0.0576824034334764,0.29985693848354794
7318,0.77,5.19,0.06418311874105866,0.3341917024320458
7319,0.8325,5.18875,0.055851216022889845,0.288412017167382
7320,0.8825,5.18625,0.07352217453505008,0.38226037195994284
7321,0.91,5.2075,0.07581115879828328,0.3937052932761088
7322,0.81,5.1975,0.06125321888412018,0.3181688125894135
7323,0.9,5.20375,0.07498712446351932,0.3891273247496424
7324,0.72,5.18125,0.059971387696709594,0.3113018597997139
7325,0.7625,5.19375,0.07105007153075824,0.36852646638054365
7326,0.775,5.19125,0.06454935622317597,0.3341917024320458
7327,0.85,5.2125,0.07086695278969958,0.36852646638054365
7328,0.735,5.19375,0.0662889842632332,0.34563662374821175
7329,0.865,5.205,0.07205722460658083,0.37539341917024327
7330,0.8675,5.21125,0.07233190271816882,0.3776824034334764
7331,0.8725,5.17625,0.058964234620886985,0.30443490701001436
7332,0.8225,5.19875,0.06857796852646639,0.3570815450643777
7333,0.8625,5.20875,0.07187410586552218,0.37539341917024327
7334,0.905,5.17875,0.05814020028612304,0.29985693848354794
7335,0.93,5.18375,0.07745922746781117,0.4005722460658083
7336,0.7125,5.185,0.059330472103004295,0.30672389127324756
7337,0.885,5.17875,0.06271816881258942,0.32732474964234626
7338,0.7925,5.2,0.06290128755364807,0.32732474964234626
7339,0.88,5.19875,0.07333905579399143,0.38226037195994284
7340,0.7275,5.2,0.07397997138769671,0.3868383404864092
7341,0.7425,5.19375,0.06564806866952791,0.3410586552217454
7342,0.8225,5.20875,0.06857796852646639,0.3570815450643777
7343,0.8575,5.18125,0.057499284692417746,0.2952789699570816
7344,0.7775,5.18875,0.06500715307582261,0.33648068669527903
7345,0.7125,5.18125,0.059330472103004295,0.30672389127324756
7346,0.72,5.2125,0.06354220314735337,0.32961373390557946
7347,0.845,5.1875,0.059330472103004295,0.30672389127324756
7348,0.725,5.19125,0.06042918454935623,0.3158798283261803
7349,0.68,5.21,0.07187410586552218,0.37539341917024327
7350,0.9075,5.17625,0.07810014306151646,0.40515021459227474
7351,0.7525,5.20125,0.06271816881258942,0.32732474964234626
7352,0.885,5.21,0.07370529327610874,0.38226037195994284
7353,0.8125,5.2,0.06226037195994278,0.32274678111587984
7354,0.8975,5.20875,0.07480400572246067,0.3891273247496424
7355,0.7725,5.18,0.06436623748211731,0.3341917024320458
7356,0.7625,5.20375,0.07251502145922747,0.3776824034334764
7357,0.9475,5.19875,0.07892417739628041,0.4097281831187411
7358,0.805,5.19375,0.06711301859799715,0.34792560801144495
7359,0.8275,5.19,0.05621745350500716,0.2929899856938484
7360,0.68,5.18875,0.0566752503576538,0.2929899856938484
7361,0.705,5.20125,0.05878111587982833,0.30672389127324756
7362,0.695,5.21375,0.06876108726752504,0.35937052932761093
7363,0.7025,5.20375,0.05850643776824035,0.30443490701001436
7364,0.7125,5.205,0.059330472103004295,0.30672389127324756
7365,0.865,5.1825,0.07709298998569386,0.4005722460658083
7366,0.725,5.195,0.06042918454935623,0.3158798283261803
7367,0.9125,5.20375,0.07608583690987125,0.3982832618025752
7368,0.715,5.205,0.07462088698140201,0.3891273247496424
7369,0.7375,5.1775,0.06143633762517883,0.3181688125894135
7370,0.72,5.185,0.059971387696709594,0.3113018597997139
7371,0.8325,5.1825,0.060612303290414886,0.3158798283261803
7372,0.7775,5.20125,0.05795708154506438,0.29985693848354794
7373,0.695,5.2,0.05795708154506438,0.29985693848354794
7374,0.7225,5.195,0.06775393419170243,0.35250357653791137
7375,0.69,5.2025,0.07105007153075824,0.37081545064377686
7376,0.835,5.2125,0.069585121602289,0.3639484978540773
7377,0.8225,5.1825,0.06042918454935623,0.3158798283261803
7378,0.84,5.18125,0.060246065808297576,0.3113018597997139
7379,0.8175,5.1875,0.06812017167381974,0.35250357653791137
7380,0.8675,5.19625,0.07397997138769671,0.3868383404864092
7381,0.8425,5.18125,0.06519027181688127,0.33648068669527903
7382,0.7225,5.19375,0.060246065808297576,0.3113018597997139
7383,0.8475,5.1825,0.06583118741058656,0.3410586552217454
7384,0.845,5.19,0.059971387696709594,0.3113018597997139
7385,0.795,5.18375,0.0662889842632332,0.34563662374821175
7386,0.6925,5.21,0.0576824034334764,0.29985693848354794
7387,0.72,5.195,0.06793705293276109,0.35250357653791137
7388,0.795,5.1925,0.0662889842632332,0.34563662374821175
7389,0.795,5.19125,0.0662889842632332,0.34563662374821175
7390,0.745,5.20625,0.060612303290414886,0.3158798283261803
7391,0.735,5.20875,0.06125321888412018,0.3181688125894135
7392,0.7175,5.20625,0.05978826895565094,0.3113018597997139
7393,0.7725,5.19,0.06436623748211731,0.3341917024320458
7394,0.84,5.20125,0.07004291845493563,0.3639484978540773
7395,0.865,5.17125,0.07205722460658083,0.37081545064377686
7396,0.8375,5.19375,0.06079542203147354,0.3158798283261803
7397,0.8125,5.21,0.06775393419170243,0.35250357653791137
7398,0.8825,5.1975,0.07352217453505008,0.38226037195994284
7399,0.72,5.20875,0.07397997138769671,0.3868383404864092
7400,0.8275,5.1875,0.0689442060085837,0.3570815450643777
7401,0.6975,5.18125,0.05814020028612304,0.29985693848354794
7402,0.735,5.20875,0.06125321888412018,0.3181688125894135
7403,0.7525,5.21,0.06271816881258942,0.32732474964234626
7404,0.7025,5.20375,0.05850643776824035,0.30443490701001436
7405,0.72,5.195,0.06793705293276109,0.35250357653791137
7406,0.785,5.19125,0.06537339055793992,0.33648068669527903
7407,0.855,5.20625,0.07123319027181689,0.37081545064377686
7408,0.85,5.18375,0.05704148783977111,0.2952789699570816
7409,0.845,5.1875,0.056492131616595144,0.2929899856938484
7410,0.86,5.1875,0.07169098712446352,0.37081545064377686
7411,0.8275,5.18,0.06683834048640916,0.34563662374821175
7412,0.8875,5.17625,0.06253505007153076,0.32274678111587984
7413,0.845,5.2075,0.07040915593705294,0.36852646638054365
7414,0.9025,5.1775,0.06107010014306152,0.3158798283261803
7415,0.755,5.2075,0.0666552217453505,0.34792560801144495
7416,0.8475,5.20375,0.07059227467811159,0.36852646638054365
7417,0.86,5.18125,0.05704148783977111,0.2952789699570816
7418,0.87,5.18125,0.05731616595135909,0.2952789699570816
7419,0.69,5.18125,0.057499284692417746,0.2952789699570816
7420,0.6775,5.20875,0.056492131616595144,0.37539341917024327
7421,0.685,5.2125,0.07040915593705294,0.36852646638054365
7422,0.8325,5.2125,0.06940200286123034,0.35937052932761093
7423,0.7575,5.21125,0.06308440629470673,0.32961373390557946
7424,0.7975,5.185,0.06271816881258942,0.32732474964234626
7425,0.9725,5.16875,0.08103004291845495,0.421173104434907
7426,0.8825,5.19875,0.07352217453505008,0.38226037195994284
7427,0.74,5.20875,0.07004291845493563,0.3639484978540773
7428,0.775,5.17875,0.06454935622317597,0.3341917024320458
7429,0.7225,5.18625,0.060246065808297576,0.3113018597997139
7430,0.8825,5.17875,0.06189413447782547,0.3181688125894135
7431,0.735,5.18375,0.06125321888412018,0.3181688125894135
7432,0.78,5.19,0.06500715307582261,0.33648068669527903
7433,0.7575,5.20125,0.06189413447782547,0.32274678111587984
7434,0.7725,5.21125,0.06436623748211731,0.3341917024320458
7435,0.7125,5.18125,0.059330472103004295,0.30672389127324756
7436,0.6925,5.21375,0.0683032904148784,0.3570815450643777
7437,0.8125,5.2125,0.06775393419170243,0.35250357653791137
7438,0.84,5.2125,0.07004291845493563,0.3639484978540773
7439,0.8475,5.18,0.059605150214592284,0.30672389127324756
7440,0.825,5.18,0.06876108726752504,0.3570815450643777
7441,0.73,5.18125,0.06079542203147354,0.3158798283261803
7442,0.86,5.1825,0.06500715307582261,0.33648068669527903
7443,0.8025,5.2,0.06747925608011446,0.35250357653791137
7444,0.8675,5.21,0.07233190271816882,0.37539341917024327
7445,0.8475,5.19125,0.059971387696709594,0.3113018597997139
7446,0.7525,5.205,0.059971387696709594,0.3113018597997139
7447,0.6775,5.19125,0.056492131616595144,0.2929899856938484
7448,0.7725,5.20625,0.07251502145922747,0.3776824034334764
7449,0.68,5.2075,0.07123319027181689,0.37081545064377686
7450,0.8375,5.21375,0.06976824034334765,0.3639484978540773
7451,0.855,5.18125,0.05914735336194564,0.30672389127324756
7452,0.85,5.18375,0.06079542203147354,0.3158798283261803
7453,0.7375,5.185,0.06143633762517883,0.3181688125894135
7454,0.695,5.2125,0.06912732474964235,0.35937052932761093
7455,0.75,5.2075,0.06793705293276109,0.35250357653791137
7456,0.74,5.1775,0.061711015736766815,0.3181688125894135
7457,0.7675,5.20375,0.064,0.3341917024320458
7458,0.8925,5.17875,0.06107010014306152,0.3158798283261803
7459,0.8975,5.20375,0.07480400572246067,0.3891273247496424
7460,0.745,5.1775,0.062077253218884125,0.32274678111587984
7461,0.68,5.20625,0.07498712446351932,0.3891273247496424
7462,0.86,5.2075,0.07169098712446352,0.37539341917024327
7463,0.8625,5.21125,0.07187410586552218,0.37539341917024327
7464,0.8575,5.1825,0.0576824034334764,0.29985693848354794
7465,0.7075,5.18,0.058964234620886985,0.30443490701001436
7466,0.6875,5.18125,0.05731616595135909,0.2952789699570816
7467,0.705,5.21125,0.06601430615164522,0.34563662374821175
7468,0.825,5.21125,0.06876108726752504,0.35937052932761093
7469,0.8325,5.2125,0.06940200286123034,0.35937052932761093
7470,0.7525,5.195,0.07004291845493563,0.3639484978540773
7471,0.72,5.19125,0.059971387696709594,0.3113018597997139
7472,0.835,5.21,0.069585121602289,0.3639484978540773
7473,0.8825,5.18125,0.059971387696709594,0.3113018597997139
7474,0.8375,5.20875,0.06976824034334765,0.3639484978540773
7475,0.7625,5.18,0.06354220314735337,0.32961373390557946
7476,0.6875,5.2125,0.07004291845493563,0.3639484978540773
7477,0.6825,5.19375,0.056858369098712454,0.2952789699570816
7478,0.765,5.2125,0.06372532188841203,0.3341917024320458
7479,0.7025,5.2,0.069585121602289,0.35937052932761093
7480,0.695,5.2,0.06940200286123034,0.35937052932761093
7481,0.79,5.2125,0.06583118741058656,0.3410586552217454
7482,0.6975,5.2125,0.06775393419170243,0.35250357653791137
7483,0.745,5.2075,0.060612303290414886,0.3158798283261803
7484,0.745,5.20875,0.062077253218884125,0.32274678111587984
7485,0.8875,5.18,0.06042918454935623,0.3113018597997139
7486,0.745,5.1975,0.07352217453505008,0.38226037195994284
7487,0.7375,5.1775,0.06143633762517883,0.3181688125894135
7488,0.7225,5.2025,0.07480400572246067,0.3891273247496424
7489,0.7575,5.20625,0.07169098712446352,0.37539341917024327
7490,0.79,5.18125,0.06583118741058656,0.3410586552217454
7491,0.7875,5.1975,0.06564806866952791,0.2952789699570816
7492,0.8375,5.1875,0.05621745350500716,0.2929899856938484
7493,0.7,5.20375,0.05832331902718169,0.30443490701001436
7494,0.795,5.21125,0.0662889842632332,0.34563662374821175
7495,0.77,5.19,0.06436623748211731,0.3341917024320458
7496,0.77,5.18,0.06418311874105866,0.3341917024320458
7497,0.775,5.19,0.06454935622317597,0.3341917024320458
7498,0.8275,5.1875,0.05621745350500716,0.2929899856938484
7499,0.6875,5.1975,0.05731616595135909,0.2952789699570816
7500,0.7425,5.20125,0.06189413447782547,0.32274678111587984
7501,0.85,5.19,0.05978826895565094,0.3113018597997139
7502,0.7975,5.2075,0.06647210300429185,0.34563662374821175
7503,0.81,5.18625,0.06747925608011446,0.34792560801144495
7504,0.7125,5.2025,0.07480400572246067,0.3891273247496424
7505,0.7475,5.17875,0.06226037195994278,0.32274678111587984
7506,0.6925,5.1975,0.0576824034334764,0.29985693848354794
7507,0.6925,5.20875,0.07141630901287555,0.37081545064377686
7508,0.7775,5.21125,0.06482403433476396,0.33648068669527903
7509,0.725,5.20625,0.06042918454935623,0.3158798283261803
7510,0.685,5.2025,0.07059227467811159,0.36852646638054365
7511,0.745,5.20875,0.062077253218884125,0.32274678111587984
7512,0.8175,5.21125,0.06812017167381974,0.3570815450643777
7513,0.7975,5.185,0.06271816881258942,0.32732474964234626
7514,0.8625,5.18125,0.05795708154506438,0.29985693848354794
7515,0.7125,5.17625,0.059330472103004295,0.30672389127324756
7516,0.84,5.18125,0.06519027181688127,0.33648068669527903
7517,0.8925,5.18125,0.05978826895565094,0.3113018597997139
7518,0.8575,5.21,0.07141630901287555,0.37081545064377686
7519,0.7575,5.205,0.06793705293276109,0.35250357653791137
7520,0.745,5.19875,0.07269814020028613,0.3776824034334764
7521,0.79,5.1925,0.06583118741058656,0.3410586552217454
7522,0.8125,5.19375,0.0566752503576538,0.2929899856938484
7523,0.805,5.19625,0.05704148783977111,0.2952789699570816
7524,0.705,5.20125,0.05878111587982833,0.30672389127324756
7525,0.68,5.21125,0.06976824034334765,0.3639484978540773
7526,0.6875,5.21125,0.07040915593705294,0.36852646638054365
7527,0.8575,5.20625,0.07141630901287555,0.37081545064377686
7528,0.8525,5.20375,0.07105007153075824,0.37081545064377686
7529,0.8225,5.1925,0.06436623748211731,0.3341917024320458
7530,0.735,5.1875,0.06125321888412018,0.3181688125894135
7531,0.855,5.19375,0.07123319027181689,0.37081545064377686
7532,0.745,5.21125,0.06912732474964235,0.35937052932761093
7533,0.8375,5.19125,0.06976824034334765,0.3639484978540773
7534,0.745,5.17875,0.062077253218884125,0.32274678111587984
7535,0.805,5.2,0.06189413447782547,0.32274678111587984
7536,0.7425,5.20875,0.06189413447782547,0.32274678111587984
7537,0.8425,5.21125,0.07022603719599428,0.36852646638054365
7538,0.865,5.18125,0.05832331902718169,0.30443490701001436
7539,0.7775,5.18375,0.06482403433476396,0.33648068669527903
7540,0.8025,5.19375,0.06683834048640916,0.34792560801144495
7541,0.8525,5.1825,0.056858369098712454,0.2952789699570816
7542,0.705,5.18,0.05878111587982833,0.30443490701001436
7543,0.71,5.18,0.05914735336194564,0.30672389127324756
7544,0.8525,5.18375,0.0566752503576538,0.2929899856938484
7545,0.705,5.18125,0.05878111587982833,0.30443490701001436
7546,0.845,5.21,0.07040915593705294,0.36852646638054365
7547,0.8475,5.1925,0.059971387696709594,0.3113018597997139
7548,0.87,5.20875,0.07251502145922747,0.3776824034334764
7549,0.84,5.18875,0.07004291845493563,0.3639484978540773
7550,0.725,5.21,0.07288125894134478,0.3776824034334764
7551,0.68,5.20625,0.07123319027181689,0.37081545064377686
7552,0.82,5.21125,0.0683032904148784,0.3570815450643777
7553,0.8425,5.1825,0.059971387696709594,0.3113018597997139
7554,0.875,5.18,0.05795708154506438,0.29985693848354794
7555,0.895,5.205,0.07462088698140201,0.3891273247496424
7556,0.7825,5.2025,0.06335908440629472,0.32961373390557946
7557,0.715,5.2025,0.07397997138769671,0.3868383404864092
7558,0.79,5.1825,0.06583118741058656,0.3410586552217454
7559,0.7175,5.20375,0.07517024320457798,0.3891273247496424
7560,0.885,5.18375,0.060246065808297576,0.3113018597997139
7561,0.84,5.19125,0.07004291845493563,0.3639484978540773
7562,0.745,5.20625,0.062077253218884125,0.37539341917024327
7563,0.795,5.19,0.07004291845493563,0.3639484978540773
7564,0.72,5.18375,0.059971387696709594,0.3113018597997139
7565,0.8325,5.2075,0.06940200286123034,0.35937052932761093
7566,0.84,5.18125,0.0566752503576538,0.2929899856938484
7567,0.7075,5.18,0.058964234620886985,0.30443490701001436
7568,0.82,5.1975,0.0683032904148784,0.3570815450643777
7569,0.85,5.1825,0.05914735336194564,0.30672389127324756
7570,0.7375,5.2075,0.06143633762517883,0.3181688125894135
7571,0.685,5.18625,0.05704148783977111,0.2952789699570816
7572,0.6875,5.21125,0.069585121602289,0.3639484978540773
7573,0.8375,5.21125,0.06976824034334765,0.3639484978540773
7574,0.8325,5.21125,0.06940200286123034,0.35937052932761093
7575,0.82,5.18125,0.06042918454935623,0.3113018597997139
7576,0.8175,5.20875,0.06812017167381974,0.3570815450643777
7577,0.8825,5.20375,0.07352217453505008,0.38226037195994284
7578,0.735,5.20875,0.07141630901287555,0.37081545064377686
7579,0.835,5.18875,0.069585121602289,0.35937052932761093
7580,0.78,5.20625,0.06500715307582261,0.33648068669527903
7581,0.86,5.18,0.05850643776824035,0.30443490701001436
7582,0.7175,5.18,0.05978826895565094,0.3113018597997139
7583,0.7525,5.18375,0.06271816881258942,0.32732474964234626
7584,0.715,5.21125,0.06601430615164522,0.34563662374821175
7585,0.735,5.19375,0.07086695278969958,0.36852646638054365
7586,0.86,5.205,0.07169098712446352,0.37081545064377686
7587,0.8575,5.18375,0.05704148783977111,0.2952789699570816
7588,0.8525,5.18125,0.056858369098712454,0.2952789699570816
7589,0.6775,5.185,0.056492131616595144,0.2929899856938484
7590,0.765,5.19,0.06436623748211731,0.3341917024320458
7591,0.8775,5.18125,0.060246065808297576,0.3113018597997139
7592,0.9075,5.20375,0.07562804005722461,0.3937052932761088
7593,0.78,5.20625,0.064,0.3341917024320458
7594,0.735,5.1975,0.07727610872675252,0.4005722460658083
7595,0.7225,5.1825,0.060246065808297576,0.3113018597997139
7596,0.72,5.1975,0.0683032904148784,0.3570815450643777
7597,0.7975,5.18625,0.062077253218884125,0.32274678111587984
7598,0.8375,5.21,0.06976824034334765,0.3639484978540773
7599,0.8425,5.20875,0.07022603719599428,0.36852646638054365
7600,0.87,5.17875,0.060246065808297576,0.3113018597997139
7601,0.735,5.1825,0.06125321888412018,0.3181688125894135
7602,0.785,5.19125,0.06537339055793992,0.33648068669527903
7603,0.7475,5.20375,0.05978826895565094,0.3113018597997139
7604,0.69,5.1975,0.057499284692417746,0.29985693848354794
7605,0.69,5.18125,0.057499284692417746,0.2952789699570816
7606,0.8375,5.185,0.069585121602289,0.35937052932761093
7607,0.795,5.20625,0.0662889842632332,0.34563662374821175
7608,0.86,5.1975,0.07169098712446352,0.37081545064377686
7609,0.72,5.2075,0.07416309012875537,0.3868383404864092
7610,0.8075,5.175,0.0672961373390558,0.34792560801144495
7611,0.73,5.2075,0.06079542203147354,0.3158798283261803
7612,0.75,5.1925,0.06683834048640916,0.34792560801144495
7613,0.825,5.2,0.06876108726752504,0.3570815450643777
7614,0.8825,5.21,0.07352217453505008,0.38226037195994284
7615,0.855,5.18125,0.057499284692417746,0.2952789699570816
7616,0.68,5.185,0.0566752503576538,0.2929899856938484
7617,0.7025,5.18,0.05850643776824035,0.30443490701001436
7618,0.7,5.21375,0.0672961373390558,0.35250357653791137
7619,0.68,5.1825,0.0566752503576538,0.2929899856938484
7620,0.695,5.185,0.05795708154506438,0.29985693848354794
7621,0.89,5.18125,0.06042918454935623,0.3113018597997139
7622,0.725,5.21,0.07233190271816882,0.37539341917024327
7623,0.7725,5.18,0.06436623748211731,0.3341917024320458
7624,0.7725,5.19,0.07233190271816882,0.37539341917024327
7625,0.9,5.18125,0.060246065808297576,0.3113018597997139
7626,0.7625,5.20625,0.06354220314735337,0.32961373390557946
7627,0.6825,5.21125,0.06976824034334765,0.3639484978540773
7628,0.7,5.2125,0.0666552217453505,0.34792560801144495
7629,0.7525,5.21,0.06271816881258942,0.32732474964234626
7630,0.705,5.1975,0.0689442060085837,0.35937052932761093
7631,0.72,5.20875,0.06308440629470673,0.32961373390557946
7632,0.6975,5.2,0.05814020028612304,0.30443490701001436
7633,0.685,5.2125,0.05704148783977111,0.36852646638054365
7634,0.75,5.20375,0.06335908440629472,0.32961373390557946
7635,0.89,5.21,0.07416309012875537,0.3868383404864092
7636,0.7675,5.17875,0.064,0.32961373390557946
7637,0.725,5.20125,0.07416309012875537,0.3868383404864092
7638,0.8,5.18375,0.0666552217453505,0.34563662374821175
7639,0.7175,5.185,0.05978826895565094,0.3113018597997139
7640,0.7825,5.19,0.07022603719599428,0.3639484978540773
7641,0.6925,5.17875,0.0576824034334764,0.29985693848354794
7642,0.6975,5.18,0.05814020028612304,0.29985693848354794
7643,0.7675,5.20125,0.05814020028612304,0.30443490701001436
7644,0.7675,5.2025,0.064,0.3341917024320458
7645,0.685,5.195,0.05704148783977111,0.2952789699570816
7646,0.81,5.19375,0.0566752503576538,0.2929899856938484
7647,0.725,5.18125,0.06042918454935623,0.3113018597997139
7648,0.8375,5.20625,0.06976824034334765,0.3639484978540773
7649,0.855,5.18,0.05814020028612304,0.29985693848354794
7650,0.8075,5.19375,0.0672961373390558,0.34792560801144495
7651,0.745,5.1775,0.062077253218884125,0.32274678111587984
7652,0.8675,5.1775,0.06271816881258942,0.32732474964234626
7653,0.725,5.19375,0.06042918454935623,0.3158798283261803
7654,0.91,5.20875,0.07581115879828328,0.3937052932761088
7655,0.895,5.17625,0.06079542203147354,0.3158798283261803
7656,0.78,5.2,0.05704148783977111,0.2952789699570816
7657,0.6825,5.1975,0.056858369098712454,0.2952789699570816
7658,0.73,5.19875,0.07141630901287555,0.37081545064377686
7659,0.725,5.19625,0.06812017167381974,0.35250357653791137
7660,0.8575,5.20625,0.07141630901287555,0.37081545064377686
7661,0.8425,5.18875,0.05603433476394851,0.2929899856938484
7662,0.84,5.18125,0.05795708154506438,0.29985693848354794
7663,0.71,5.18,0.05914735336194564,0.30672389127324756
7664,0.69,5.2125,0.06940200286123034,0.35937052932761093
7665,0.7,5.2125,0.06583118741058656,0.3410586552217454
7666,0.77,5.18,0.06418311874105866,0.3341917024320458
7667,0.78,5.19,0.07022603719599428,0.3639484978540773
7668,0.9025,5.1775,0.061711015736766815,0.3181688125894135
7669,0.8525,5.21,0.07105007153075824,0.37081545064377686
7670,0.88,5.2,0.07333905579399143,0.38226037195994284
7671,0.8225,5.19,0.056492131616595144,0.2929899856938484
7672,0.72,5.20625,0.059971387696709594,0.3113018597997139
7673,0.8025,5.2125,0.06683834048640916,0.34792560801144495
7674,0.715,5.1975,0.0689442060085837,0.35937052932761093
7675,0.86,5.205,0.07169098712446352,0.37081545064377686
7676,0.7975,5.21125,0.06647210300429185,0.34563662374821175
7677,0.6975,5.1975,0.06876108726752504,0.3570815450643777
7678,0.85,5.205,0.07086695278969958,0.36852646638054365
7679,0.8575,5.2075,0.07141630901287555,0.37081545064377686
7680,0.8175,5.18375,0.06143633762517883,0.3181688125894135
7681,0.7375,5.2,0.06143633762517883,0.3181688125894135
7682,0.89,5.20875,0.07416309012875537,0.3868383404864092
7683,0.795,5.2025,0.06253505007153076,0.32732474964234626
7684,0.8925,5.20875,0.07434620886981402,0.3868383404864092
7685,2.2775,5.10375,0.18980257510729615,0.9682403433476396
7686,1.34,5.16,0.08808011444921317,0.4532188841201717
7687,1.765,5.11625,0.14704434907010017,0.7530758226037197
7688,0.84,5.18,0.07004291845493563,0.3639484978540773
7689,0.92,5.17625,0.06042918454935623,0.3113018597997139
7690,0.72,5.20125,0.07517024320457798,0.3891273247496424
7691,0.7525,5.19375,0.06271816881258942,0.32732474964234626
7692,0.9275,5.17375,0.061711015736766815,0.3181688125894135
7693,0.7475,5.20625,0.06042918454935623,0.3158798283261803
7694,0.685,5.19625,0.05704148783977111,0.2952789699570816
7695,0.695,5.20125,0.07169098712446352,0.37081545064377686
7696,0.87,5.185,0.059605150214592284,0.30672389127324756
7697,0.8625,5.21125,0.07187410586552218,0.37539341917024327
7698,0.775,5.205,0.06354220314735337,0.32961373390557946
7699,0.7325,5.2075,0.07581115879828328,0.3937052932761088
7700,0.72,5.185,0.059971387696709594,0.3113018597997139
7701,0.87,5.175,0.06079542203147354,0.3158798283261803
7702,0.7725,5.19,0.06683834048640916,0.34563662374821175
7703,0.8625,5.2025,0.07187410586552218,0.37539341917024327
7704,0.8475,5.18125,0.07059227467811159,0.36852646638054365
7705,0.8575,5.18125,0.056858369098712454,0.2952789699570816
7706,0.6825,5.1825,0.056858369098712454,0.2952789699570816
7707,0.7,5.1925,0.05832331902718169,0.30443490701001436
7708,0.6975,5.19875,0.07205722460658083,0.37539341917024327
7709,0.85,5.2125,0.07086695278969958,0.36852646638054365
7710,0.7975,5.2125,0.06647210300429185,0.34563662374821175
7711,0.795,5.1975,0.07727610872675252,0.4005722460658083
7712,0.72,5.1825,0.059971387696709594,0.3113018597997139
7713,0.825,5.20875,0.06876108726752504,0.35937052932761093
7714,0.855,5.1875,0.06042918454935623,0.3158798283261803
7715,0.85,5.20875,0.07086695278969958,0.36852646638054365
7716,0.715,5.18125,0.059605150214592284,0.30672389127324756
7717,0.695,5.21125,0.0672961373390558,0.35250357653791137
7718,0.7775,5.21125,0.06482403433476396,0.33648068669527903
7719,0.7625,5.21,0.06354220314735337,0.32961373390557946
7720,0.8025,5.19125,0.06482403433476396,0.33648068669527903
7721,0.8475,5.2025,0.07059227467811159,0.36852646638054365
7722,0.7775,5.19,0.06482403433476396,0.33648068669527903
7723,0.8275,5.19,0.056492131616595144,0.2929899856938484
7724,0.7,5.185,0.05832331902718169,0.30443490701001436
7725,0.74,5.19,0.061711015736766815,0.3181688125894135
7726,0.8525,5.195,0.064,0.3341917024320458
7727,0.7175,5.205,0.07480400572246067,0.3891273247496424
7728,0.75,5.17875,0.06253505007153076,0.32274678111587984
7729,0.73,5.20125,0.07462088698140201,0.3868383404864092
7730,0.8875,5.1775,0.06335908440629472,0.32732474964234626
7731,0.75,5.2,0.06253505007153076,0.32732474964234626
7732,0.775,5.18875,0.06372532188841203,0.32961373390557946
7733,0.68,5.20125,0.07059227467811159,0.36852646638054365
7734,0.85,5.20875,0.07086695278969958,0.36852646638054365
7735,1.3025,5.15625,0.10584263233190273,0.5470672389127326
7736,0.755,5.1925,0.07269814020028613,0.3776824034334764
7737,0.8275,5.1975,0.0689442060085837,0.35937052932761093
7738,0.74,5.19125,0.061711015736766815,0.3410586552217454
7739,0.87,5.18125,0.060612303290414886,0.3158798283261803
7740,0.76,5.17625,0.06335908440629472,0.32732474964234626
7741,0.9025,5.21,0.07517024320457798,0.3891273247496424
7742,0.7475,5.21,0.07169098712446352,0.37539341917024327
7743,0.865,5.19375,0.07205722460658083,0.37539341917024327
7744,0.7475,5.20125,0.06226037195994278,0.32274678111587984
7745,0.825,5.19625,0.06271816881258942,0.32732474964234626
7746,0.7125,5.2,0.059330472103004295,0.30672389127324756
7747,0.8325,5.2,0.06940200286123034,0.35937052932761093
7748,0.79,5.1975,0.05731616595135909,0.2952789699570816
7749,0.72,5.2,0.059971387696709594,0.3113018597997139
7750,0.7175,5.19875,0.05978826895565094,0.3113018597997139
7751,0.755,5.19375,0.0666552217453505,0.34563662374821175
7752,0.765,5.18875,0.06372532188841203,0.32961373390557946
7753,0.805,5.19625,0.06711301859799715,0.34792560801144495
7754,0.705,5.21375,0.06601430615164522,0.34563662374821175
7755,0.905,5.20625,0.07544492131616595,0.3937052932761088
7756,0.8375,5.17875,0.06976824034334765,0.35937052932761093
7757,0.735,5.1975,0.07315593705293277,0.3776824034334764
7758,0.725,5.18125,0.06042918454935623,0.3113018597997139
7759,0.8,5.2075,0.0666552217453505,0.34792560801144495
7760,0.7875,5.20125,0.06354220314735337,0.32961373390557946
7761,0.7225,5.195,0.07004291845493563,0.3639484978540773
7762,0.775,5.18375,0.06454935622317597,0.3341917024320458
7763,0.7825,5.2,0.05814020028612304,0.30443490701001436
7764,0.82,5.19,0.05603433476394851,0.2929899856938484
7765,0.7225,5.205,0.060246065808297576,0.3158798283261803
7766,0.705,5.19875,0.07004291845493563,0.3639484978540773
7767,0.6825,5.2025,0.07416309012875537,0.3868383404864092
7768,0.9225,5.20625,0.0769098712446352,0.4005722460658083
7769,0.8275,5.18375,0.06290128755364807,0.32732474964234626
7770,0.79,5.18625,0.0672961373390558,0.34792560801144495
7771,0.9075,5.2075,0.07562804005722461,0.3937052932761088
7772,0.8925,5.18,0.060612303290414886,0.3158798283261803
7773,0.745,5.2075,0.07040915593705294,0.36852646638054365
7774,0.91,5.20125,0.07581115879828328,0.3937052932761088
7775,0.7425,5.2075,0.06189413447782547,0.35250357653791137
7776,0.8375,5.18375,0.06079542203147354,0.3158798283261803
7777,0.715,5.1825,0.059605150214592284,0.30672389127324756
7778,0.675,5.1875,0.05621745350500716,0.2929899856938484
7779,0.7575,5.2025,0.06042918454935623,0.3158798283261803
7780,0.7325,5.185,0.06107010014306152,0.3158798283261803
7781,0.7175,5.20375,0.05978826895565094,0.3113018597997139
7782,0.8575,5.17875,0.06226037195994278,0.32274678111587984
7783,0.735,5.1925,0.06125321888412018,0.3181688125894135
7784,0.695,5.19625,0.05795708154506438,0.29985693848354794
7785,0.94,5.1675,0.07397997138769671,0.38226037195994284
7786,0.955,5.20625,0.07956509298998571,0.4120171673819743
7787,0.7375,5.17375,0.06143633762517883,0.3181688125894135
7788,0.8,5.18875,0.06912732474964235,0.35937052932761093
7789,1.5125,5.1075,0.12607725321888413,0.6454935622317597
7790,1.49,5.1325,0.12415450643776825,0.6386266094420602
7791,1.69,5.15125,0.08002288984263234,0.4120171673819743
7792,0.935,5.205,0.0779170243204578,0.40515021459227474
7793,0.905,5.20625,0.07544492131616595,0.3937052932761088
7794,0.7525,5.21,0.06711301859799715,0.34792560801144495
7795,0.8925,5.20875,0.07434620886981402,0.3868383404864092
7796,0.835,5.19,0.069585121602289,0.35937052932761093
7797,0.8275,5.18875,0.0566752503576538,0.2929899856938484
7798,0.8175,5.19125,0.0566752503576538,0.2929899856938484
7799,0.6775,5.18625,0.056492131616595144,0.2929899856938484
7800,0.6775,5.205,0.07370529327610874,0.38226037195994284
7801,0.85,5.19125,0.060246065808297576,0.3113018597997139
7802,0.9925,5.20375,0.08267811158798284,0.43032904148783985
7803,0.77,5.20625,0.06583118741058656,0.3410586552217454
7804,0.7125,5.20625,0.0762689556509299,0.3982832618025752
7805,0.72,5.18125,0.059971387696709594,0.3113018597997139
7806,0.725,5.19375,0.06747925608011446,0.34792560801144495
7807,0.75,5.20875,0.062077253218884125,0.32274678111587984
7808,0.75,5.2075,0.06253505007153076,0.32732474964234626
7809,0.7375,5.1925,0.06647210300429185,0.34563662374821175
7810,0.68,5.20375,0.07288125894134478,0.3776824034334764
7811,0.885,5.20625,0.07370529327610874,0.38226037195994284
7812,0.8875,5.19125,0.07397997138769671,0.38226037195994284
7813,0.77,5.19375,0.07251502145922747,0.37539341917024327
7814,0.725,5.19375,0.06042918454935623,0.3158798283261803
7815,0.875,5.21,0.07288125894134478,0.3776824034334764
7816,0.75,5.2025,0.07727610872675252,0.4005722460658083
7817,0.7575,5.17875,0.06308440629470673,0.32732474964234626
7818,0.715,5.18625,0.059605150214592284,0.30672389127324756
7819,0.8725,5.18,0.06335908440629472,0.32961373390557946
7820,0.7175,5.19,0.05978826895565094,0.3113018597997139
7821,0.75,5.18125,0.06253505007153076,0.32274678111587984
7822,0.8125,5.1925,0.056492131616595144,0.2929899856938484
7823,0.6975,5.2025,0.05814020028612304,0.30443490701001436
7824,0.6775,5.1825,0.056492131616595144,0.2929899856938484
7825,0.7,5.20875,0.06857796852646639,0.3570815450643777
7826,0.8375,5.2025,0.06976824034334765,0.3639484978540773
7827,0.8325,5.21,0.06940200286123034,0.35937052932761093
7828,0.8475,5.18125,0.05850643776824035,0.30443490701001436
7829,0.745,5.18,0.062077253218884125,0.32274678111587984
7830,0.705,5.17875,0.05878111587982833,0.30443490701001436
7831,0.9125,5.17625,0.06189413447782547,0.3181688125894135
7832,0.75,5.2075,0.06912732474964235,0.35937052932761093
7833,0.8775,5.2,0.07315593705293277,0.3776824034334764
7834,0.78,5.2025,0.0662889842632332,0.34563662374821175
7835,0.9475,5.17375,0.069585121602289,0.35937052932761093
7836,0.755,5.21125,0.06290128755364807,0.32732474964234626
7837,0.7675,5.19125,0.06537339055793992,0.33648068669527903
7838,0.7675,5.19125,0.06354220314735337,0.32961373390557946
7839,0.825,5.21125,0.06876108726752504,0.35937052932761093
7840,0.8625,5.18125,0.05731616595135909,0.2952789699570816
7841,0.8275,5.18375,0.06042918454935623,0.3158798283261803
7842,0.8375,5.2025,0.06976824034334765,0.3639484978540773
7843,0.87,5.1775,0.05704148783977111,0.2952789699570816
7844,0.8425,5.18,0.058964234620886985,0.30443490701001436
7845,0.8325,5.18875,0.06940200286123034,0.35937052932761093
7846,1.165,5.1775,0.09705293276108727,0.576824034334764
7847,0.775,5.20375,0.06308440629470673,0.32961373390557946
7848,0.88,5.205,0.07333905579399143,0.38226037195994284
7849,0.89,5.2,0.07416309012875537,0.3868383404864092
7850,0.7225,5.21,0.07370529327610874,0.38226037195994284
7851,0.755,5.18625,0.06290128755364807,0.32732474964234626
7852,0.8,5.19625,0.0666552217453505,0.34563662374821175
7853,0.8575,5.18375,0.057499284692417746,0.2952789699570816
7854,0.685,5.1975,0.05704148783977111,0.2952789699570816
7855,0.735,5.20625,0.06125321888412018,0.3181688125894135
7856,0.715,5.19625,0.06857796852646639,0.3570815450643777
7857,0.8175,5.19875,0.06812017167381974,0.35250357653791137
7858,0.87,5.205,0.07251502145922747,0.3776824034334764
7859,0.855,5.18,0.05814020028612304,0.29985693848354794
7860,0.835,5.1975,0.069585121602289,0.35937052932761093
7861,0.78,5.18125,0.06500715307582261,0.33648068669527903
7862,0.7225,5.20125,0.07581115879828328,0.3937052932761088
7863,0.73,5.17875,0.06079542203147354,0.3158798283261803
7864,0.8375,5.21,0.06976824034334765,0.3639484978540773
7865,0.9125,5.1825,0.059971387696709594,0.3113018597997139
7866,0.7375,5.2,0.06143633762517883,0.3181688125894135
7867,0.755,5.21,0.06290128755364807,0.32732474964234626
7868,0.7375,5.195,0.06711301859799715,0.34792560801144495
7869,0.6925,5.2125,0.06940200286123034,0.35937052932761093
7870,0.73,5.20625,0.06079542203147354,0.3158798283261803
7871,0.68,5.2075,0.07086695278969958,0.36852646638054365
7872,0.6875,5.2075,0.07663519313304722,0.3982832618025752
7873,0.845,5.19375,0.07040915593705294,0.36852646638054365
7874,0.69,5.21125,0.0683032904148784,0.3570815450643777
7875,0.7,5.2125,0.0672961373390558,0.35250357653791137
7876,0.8825,5.19875,0.07352217453505008,0.38226037195994284
7877,0.7375,5.21,0.06876108726752504,0.35937052932761093
7878,0.715,5.205,0.07205722460658083,0.37539341917024327
7879,0.7375,5.17875,0.06143633762517883,0.3181688125894135
7880,0.73,5.2,0.07315593705293277,0.3776824034334764
7881,0.855,5.18375,0.05704148783977111,0.2952789699570816
7882,0.6725,5.19375,0.05603433476394851,0.2929899856938484
7883,0.75,5.19625,0.06253505007153076,0.32732474964234626
7884,0.7125,5.19625,0.06775393419170243,0.35250357653791137
7885,0.8525,5.2125,0.07105007153075824,0.37081545064377686
7886,0.7725,5.1825,0.06436623748211731,0.3341917024320458
7887,0.785,5.195,0.05814020028612304,0.30443490701001436
7888,0.6725,5.19125,0.05603433476394851,0.2929899856938484
7889,0.6875,5.195,0.05731616595135909,0.2952789699570816
7890,0.675,5.21,0.07233190271816882,0.37539341917024327
7891,0.84,5.18875,0.07004291845493563,0.3639484978540773
7892,0.7225,5.18,0.060246065808297576,0.3113018597997139
7893,0.8475,5.19,0.07004291845493563,0.3639484978540773
7894,0.735,5.17875,0.06125321888412018,0.3181688125894135
7895,0.7325,5.20125,0.06107010014306152,0.3181688125894135
7896,0.8425,5.18125,0.05878111587982833,0.30443490701001436
7897,0.69,5.18125,0.057499284692417746,0.2952789699570816
7898,0.7625,5.1875,0.06354220314735337,0.32961373390557946
7899,0.68,5.20875,0.06940200286123034,0.35937052932761093
7900,0.8225,5.21125,0.06857796852646639,0.3570815450643777
7901,0.9325,5.21125,0.07773390557939915,0.40515021459227474
7902,0.72,5.19625,0.0683032904148784,0.3570815450643777
7903,0.815,5.18375,0.06143633762517883,0.3181688125894135
7904,0.8675,5.20125,0.07233190271816882,0.37539341917024327
7905,0.8525,5.18,0.057499284692417746,0.2952789699570816
7906,0.745,5.19625,0.07251502145922747,0.37539341917024327
7907,0.715,5.19125,0.059605150214592284,0.3113018597997139
7908,0.86,5.18125,0.06454935622317597,0.3341917024320458
7909,0.8825,5.18125,0.059605150214592284,0.30672389127324756
7910,0.7775,5.20625,0.06482403433476396,0.33648068669527903
7911,0.84,5.18125,0.05978826895565094,0.3113018597997139
7912,0.74,5.19375,0.06647210300429185,0.34563662374821175
7913,0.8175,5.20625,0.06812017167381974,0.3570815450643777
7914,0.86,5.18125,0.05731616595135909,0.2952789699570816
7915,0.8475,5.17875,0.06226037195994278,0.32274678111587984
7916,0.7075,5.1825,0.058964234620886985,0.30443490701001436
7917,0.7325,5.21,0.06107010014306152,0.3181688125894135
7918,0.7925,5.19625,0.056858369098712454,0.2952789699570816
7919,0.675,5.19125,0.05621745350500716,0.2929899856938484
7920,0.75,5.18625,0.06253505007153076,0.32274678111587984
7921,0.885,5.18125,0.069585121602289,0.35937052932761093
7922,0.7325,5.19625,0.06107010014306152,0.3181688125894135
7923,0.905,5.205,0.07544492131616595,0.3937052932761088
7924,0.755,5.20625,0.06647210300429185,0.34563662374821175
7925,0.875,5.20625,0.07288125894134478,0.3776824034334764
7926,0.7225,5.1825,0.060246065808297576,0.3113018597997139
7927,0.705,5.21125,0.064,0.3341917024320458
7928,0.69,5.19875,0.057499284692417746,0.29985693848354794
7929,0.6925,5.19375,0.0576824034334764,0.29985693848354794
7930,0.6875,5.20875,0.07205722460658083,0.37539341917024327
7931,0.8275,5.19875,0.0689442060085837,0.35937052932761093
7932,0.875,5.21125,0.07288125894134478,0.3776824034334764
7933,0.76,5.19125,0.06418311874105866,0.3341917024320458
7934,0.71,5.18,0.05914735336194564,0.30672389127324756
7935,0.7125,5.18125,0.059330472103004295,0.30672389127324756
7936,0.78,5.205,0.06436623748211731,0.3341917024320458
7937,0.9,5.2,0.07498712446351932,0.3891273247496424
7938,0.7525,5.18,0.06271816881258942,0.32732474964234626
7939,0.7875,5.1875,0.07187410586552218,0.37081545064377686
7940,0.89,5.1825,0.05978826895565094,0.3113018597997139
7941,0.7675,5.21,0.064,0.3341917024320458
7942,0.71,5.1975,0.0683032904148784,0.3570815450643777
7943,0.6825,5.20625,0.07397997138769671,0.3868383404864092
7944,0.8575,5.20625,0.07141630901287555,0.37081545064377686
7945,0.845,5.17625,0.05914735336194564,0.30672389127324756
7946,0.87,5.17875,0.06042918454935623,0.3113018597997139
7947,0.6775,5.185,0.056492131616595144,0.2929899856938484
7948,0.715,5.21125,0.06354220314735337,0.32961373390557946
7949,0.73,5.20875,0.06354220314735337,0.32961373390557946
7950,0.75,5.20625,0.06253505007153076,0.32732474964234626
7951,0.905,5.17875,0.059971387696709594,0.3113018597997139
7952,0.8825,5.18375,0.05914735336194564,0.30672389127324756
7953,0.7475,5.20125,0.06226037195994278,0.32274678111587984
7954,0.84,5.21125,0.07004291845493563,0.3639484978540773
7955,0.8825,5.1825,0.059605150214592284,0.30672389127324756
7956,0.7475,5.21125,0.06226037195994278,0.32732474964234626
7957,0.8075,5.2125,0.0672961373390558,0.35250357653791137
7958,0.855,5.18,0.05832331902718169,0.30443490701001436
7959,0.835,5.19,0.069585121602289,0.35937052932761093
7960,0.7775,5.195,0.06482403433476396,0.33648068669527903
7961,0.7825,5.19875,0.05914735336194564,0.30672389127324756
7962,0.6775,5.19,0.056492131616595144,0.2929899856938484
7963,0.7325,5.1825,0.06107010014306152,0.3158798283261803
7964,0.7225,5.195,0.07040915593705294,0.36852646638054365
7965,0.855,5.21,0.07123319027181689,0.37081545064377686
7966,1.38,5.1675,0.11499856938483549,0.5928469241773964
7967,0.72,5.20875,0.07517024320457798,0.3891273247496424
7968,0.89,5.2075,0.07416309012875537,0.3868383404864092
7969,0.865,5.185,0.07205722460658083,0.37539341917024327
7970,0.7125,5.205,0.07544492131616595,0.3937052932761088
7971,0.78,5.18125,0.06500715307582261,0.33648068669527903
7972,0.6875,5.1825,0.05731616595135909,0.2952789699570816
7973,0.715,5.2075,0.06812017167381974,0.3570815450643777
7974,0.905,5.18,0.07544492131616595,0.3891273247496424
7975,0.7,5.18125,0.05832331902718169,0.30443490701001436
7976,0.6775,5.21,0.07123319027181689,0.37081545064377686
7977,0.685,5.21125,0.06912732474964235,0.35937052932761093
7978,0.82,5.19375,0.0683032904148784,0.3570815450643777
7979,0.8075,5.1925,0.05603433476394851,0.2929899856938484
7980,0.8075,5.195,0.0566752503576538,0.2952789699570816
7981,0.815,5.20875,0.06793705293276109,0.35250357653791137
7982,0.8575,5.1875,0.05914735336194564,0.30672389127324756
7983,0.735,5.21,0.07004291845493563,0.3639484978540773
7984,0.9325,5.20375,0.07773390557939915,0.40515021459227474
7985,0.72,5.20375,0.07480400572246067,0.3891273247496424
7986,0.915,5.1975,0.06647210300429185,0.34563662374821175
7987,0.715,5.20625,0.059605150214592284,0.3113018597997139
7988,0.695,5.2025,0.05795708154506438,0.37539341917024327
7989,0.6825,5.21,0.07288125894134478,0.3776824034334764
7990,0.8425,5.2075,0.07022603719599428,0.36852646638054365
7991,0.855,5.20375,0.07123319027181689,0.37081545064377686
7992,0.85,5.1825,0.056858369098712454,0.2952789699570816
7993,0.72,5.18125,0.059971387696709594,0.3113018597997139
7994,0.68,5.1875,0.0566752503576538,0.2929899856938484
7995,0.7075,5.21125,0.06647210300429185,0.34563662374821175
7996,0.94,5.19375,0.07837482117310444,0.4097281831187411
7997,0.7225,5.17875,0.060246065808297576,0.3113018597997139
7998,0.8575,5.18125,0.06519027181688127,0.33648068669527903
7999,0.725,5.19625,0.06042918454935623,0.3158798283261803
8000,0.8025,5.20875,0.06683834048640916,0.34792560801144495
8001,0.9375,5.1725,0.06271816881258942,0.32732474964234626
8002,0.685,5.18375,0.05704148783977111,0.2952789699570816
8003,0.7125,5.1825,0.059330472103004295,0.30672389127324756
8004,0.7,5.21375,0.06793705293276109,0.35250357653791137
8005,0.735,5.20625,0.06125321888412018,0.3181688125894135
8006,0.6825,5.1975,0.056858369098712454,0.2952789699570816
8007,0.695,5.2025,0.07004291845493563,0.3639484978540773
8008,0.8575,5.20625,0.07141630901287555,0.37081545064377686
8009,0.845,5.2025,0.07040915593705294,0.36852646638054365
8010,0.76,5.2025,0.05878111587982833,0.30672389127324756
8011,0.775,5.205,0.06482403433476396,0.33648068669527903
8012,0.89,5.21,0.07416309012875537,0.3868383404864092
8013,0.7725,5.20375,0.06454935622317597,0.33648068669527903
8014,0.73,5.2,0.07288125894134478,0.3776824034334764
8015,0.765,5.18,0.06372532188841203,0.32961373390557946
8016,0.73,5.19875,0.07086695278969958,0.36852646638054365
8017,0.6775,5.205,0.07105007153075824,0.37081545064377686
8018,0.8775,5.21,0.07315593705293277,0.38226037195994284
8019,0.8275,5.19,0.05621745350500716,0.2929899856938484
8020,0.82,5.19,0.05621745350500716,0.2929899856938484
8021,0.6775,5.19125,0.056492131616595144,0.2929899856938484
8022,0.78,5.2,0.05832331902718169,0.30443490701001436
8023,0.8575,5.18125,0.05704148783977111,0.2952789699570816
8024,0.7525,5.1875,0.06271816881258942,0.32732474964234626
8025,0.815,5.19625,0.06793705293276109,0.35250357653791137
8026,0.7375,5.21,0.07370529327610874,0.38226037195994284
8027,0.9,5.2025,0.07498712446351932,0.3891273247496424
8028,0.7525,5.17875,0.06271816881258942,0.32732474964234626
8029,0.715,5.205,0.07544492131616595,0.3937052932761088
8030,0.7225,5.18,0.060246065808297576,0.3113018597997139
8031,0.8125,5.20875,0.06775393419170243,0.35250357653791137
8032,0.8,5.18375,0.06583118741058656,0.3410586552217454
8033,0.8825,5.2125,0.07352217453505008,0.38226037195994284
8034,0.69,5.1975,0.057499284692417746,0.29985693848354794
8035,0.75,5.19125,0.06647210300429185,0.34563662374821175
8036,0.7325,5.1975,0.06107010014306152,0.3181688125894135
8037,0.675,5.1925,0.05621745350500716,0.2929899856938484
8038,0.6775,5.205,0.07141630901287555,0.37081545064377686
8039,0.785,5.2125,0.06537339055793992,0.3410586552217454
8040,0.7375,5.2075,0.06143633762517883,0.3181688125894135
8041,0.845,5.1925,0.05978826895565094,0.3113018597997139
8042,0.945,5.2075,0.07874105865522175,0.4097281831187411
8043,0.7725,5.17875,0.06436623748211731,0.3341917024320458
8044,0.745,5.19875,0.07333905579399143,0.38226037195994284
8045,0.89,5.18,0.07416309012875537,0.38226037195994284
8046,0.8375,5.20875,0.06976824034334765,0.3639484978540773
8047,0.6775,5.20625,0.07169098712446352,0.37539341917024327
8048,1.115,5.16625,0.0835021459227468,0.43032904148783985
8049,2.425,5.09125,0.20207153075822606,1.0277539341917024
8050,2.4025,5.09,0.20207153075822606,1.0277539341917024
8051,2.3775,5.0925,0.20106437768240346,1.0231759656652362
8052,2.3975,5.09125,0.19978254649499286,1.0163090128755365
8053,2.405,5.09,0.20060658082975683,1.020886981402003
8054,2.3975,5.09,0.19959942775393422,1.0163090128755365
8055,2.4175,5.09125,0.20143061516452077,1.0231759656652362
8056,2.3425,5.095,0.19584549356223177,0.997997138769671
8057,2.4025,5.09,0.20170529327610875,1.0277539341917024
8058,2.395,5.09375,0.19959942775393422,1.0163090128755365
8059,2.395,5.09,0.19959942775393422,1.020886981402003
8060,2.39,5.09125,0.19978254649499286,1.0163090128755365
8061,2.385,5.0925,0.19877539341917028,1.0117310443490701
8062,2.3925,5.0925,0.19941630901287555,1.0163090128755365
8063,2.3875,5.09125,0.19959942775393422,1.0163090128755365
8064,2.3825,5.09125,0.1985007153075823,1.009442060085837
8065,2.37,5.0925,0.19749356223175968,1.0048640915593705
8066,2.3575,5.09375,0.19749356223175968,1.0048640915593705
8067,2.3975,5.09125,0.19978254649499286,1.0163090128755365
8068,2.365,5.09125,0.19712732474964237,1.0048640915593705
8069,2.3925,5.09125,0.19877539341917028,1.0117310443490701
8070,2.3775,5.09125,0.19813447782546498,1.009442060085837
8071,2.395,5.09,0.19959942775393422,1.0163090128755365
8072,2.395,5.09125,0.19978254649499286,1.0163090128755365
8073,2.39,5.0925,0.1991416309012876,1.0117310443490701
8074,2.385,5.09375,0.19877539341917028,1.0117310443490701
8075,2.39,5.09,0.19941630901287555,1.0163090128755365
8076,2.37,5.09375,0.19749356223175968,1.0048640915593705
8077,2.38,5.09375,0.19831759656652362,1.009442060085837
8078,2.4,5.09125,0.19941630901287555,1.0163090128755365
8079,2.4025,5.09125,0.20024034334763952,1.020886981402003
8080,2.4025,5.09125,0.20024034334763952,1.020886981402003
8081,2.4075,5.08875,0.19685264663805438,1.0002861230329043
8082,2.3725,5.0925,0.19831759656652362,1.009442060085837
8083,2.3875,5.09,0.19895851216022892,1.0117310443490701
8084,2.3875,5.0925,0.1991416309012876,1.0117310443490701
8085,2.385,5.09125,0.19767668097281832,1.0048640915593705
8086,2.395,5.09,0.19959942775393422,1.0163090128755365
8087,2.3925,5.09,0.19996566523605153,1.0163090128755365
8088,2.3825,5.0925,0.19959942775393422,1.0163090128755365
8089,2.39,5.09125,0.1991416309012876,1.0117310443490701
8090,2.385,5.09125,0.19895851216022892,1.0117310443490701
8091,2.38,5.09,0.20042346208869816,1.020886981402003
8092,2.3825,5.09125,0.1985007153075823,1.009442060085837
8093,2.3775,5.09375,0.19996566523605153,1.020886981402003
8094,2.395,5.09,0.19978254649499286,1.0163090128755365
8095,2.3925,5.09125,0.19941630901287555,1.0163090128755365
8096,2.375,5.09375,0.1979513590844063,1.009442060085837
8097,2.3825,5.09375,0.1979513590844063,1.009442060085837
8098,2.405,5.095,0.20042346208869816,1.020886981402003
8099,2.425,5.08875,0.20207153075822606,1.0277539341917024
8100,2.3675,5.09125,0.19895851216022892,1.0117310443490701
8101,2.38,5.09125,0.19831759656652362,1.009442060085837
8102,2.365,5.0925,0.19712732474964237,1.0048640915593705
8103,2.3925,5.09125,0.19749356223175968,1.0048640915593705
8104,2.3975,5.09125,0.19978254649499286,1.0163090128755365
8105,2.405,5.09125,0.20042346208869816,1.020886981402003
8106,2.405,5.09,0.2081144492131617,1.057510729613734
8107,2.39,5.09125,0.1991416309012876,1.0117310443490701
8108,2.3875,5.09125,0.19895851216022892,1.0117310443490701
8109,2.3675,5.0925,0.19941630901287555,1.0163090128755365
8110,2.385,5.09125,0.19877539341917028,1.0117310443490701
8111,2.39,5.09125,0.1991416309012876,1.0117310443490701
8112,2.38,5.0925,0.19941630901287555,1.0163090128755365
8113,2.38,5.09125,0.19831759656652362,1.009442060085837
8114,2.39,5.09125,0.1991416309012876,1.0117310443490701
8115,2.375,5.09,0.1952045779685265,0.9934191702432047
8116,2.415,5.085,0.20399427753934193,1.0391988555078686
8117,2.37,5.09375,0.19749356223175968,1.0048640915593705
8118,2.3875,5.09125,0.19978254649499286,1.0163090128755365
8119,2.365,5.0925,0.19767668097281832,1.0048640915593705
8120,2.4025,5.09125,0.20024034334763952,1.020886981402003
8121,2.41,5.08875,0.19712732474964237,1.0002861230329043
8122,2.3125,5.09625,0.19685264663805438,1.0048640915593705
8123,2.385,5.0925,0.19877539341917028,1.0117310443490701
8124,2.3825,5.09125,0.19996566523605153,1.0163090128755365
8125,2.35,5.0925,0.20060658082975683,1.020886981402003
8126,2.3875,5.08375,0.19895851216022892,1.0117310443490701
8127,2.3625,5.0925,0.19877539341917028,1.0117310443490701
8128,2.38,5.09125,0.19813447782546498,1.009442060085837
8129,2.395,5.09125,0.19959942775393422,1.0163090128755365
8130,2.3925,5.09,0.19941630901287555,1.0163090128755365
8131,2.4275,5.0825,0.20710729613733908,1.0529327610872676
8132,2.3725,5.0925,0.19767668097281832,1.0048640915593705
8133,2.415,5.09125,0.2012474964234621,1.0231759656652362
8134,2.4275,5.08875,0.20078969957081547,1.020886981402003
8135,2.3925,5.09125,0.19941630901287555,1.0163090128755365
8136,2.3925,5.08875,0.19941630901287555,1.0163090128755365
8137,2.375,5.09125,0.20078969957081547,1.0231759656652362
8138,2.4025,5.09,0.20024034334763952,1.020886981402003
8139,2.4375,5.09,0.203170243204578,1.034620886981402
8140,2.435,5.08875,0.2012474964234621,1.0231759656652362
8141,2.4125,5.09,0.20106437768240346,1.0231759656652362
8142,2.3725,5.09125,0.19767668097281832,1.0048640915593705
8143,2.4175,5.09125,0.20106437768240346,1.0231759656652362
8144,2.3975,5.09,0.19978254649499286,1.0163090128755365
8145,2.515,5.08875,0.20957939914163093,1.0643776824034337
8146,2.42,5.08875,0.19996566523605153,1.0163090128755365
8147,2.415,5.08875,0.2012474964234621,1.0231759656652362
8148,2.4225,5.09,0.2018884120171674,1.0277539341917024
8149,2.4225,5.09,0.20143061516452077,1.0231759656652362
8150,2.4125,5.09125,0.20106437768240346,1.0231759656652362
8151,2.4225,5.08875,0.2018884120171674,1.0277539341917024
8152,2.4225,5.08875,0.20170529327610875,1.0277539341917024
8153,2.3875,5.09125,0.1985007153075823,1.009442060085837
8154,2.3775,5.09125,0.19813447782546498,1.009442060085837
8155,2.6525,5.06875,0.19813447782546498,1.0048640915593705
8156,2.405,5.09,0.20335336194563663,1.034620886981402
8157,2.4175,5.09,0.20143061516452077,1.0231759656652362
8158,2.4075,5.09,0.2012474964234621,1.0231759656652362
8159,2.4225,5.08875,0.20106437768240346,1.0231759656652362
8160,2.385,5.09,0.19877539341917028,1.0117310443490701
8161,2.4175,5.08875,0.20042346208869816,1.020886981402003
8162,2.4025,5.09,0.20024034334763952,1.020886981402003
8163,2.415,5.09125,0.2012474964234621,1.0231759656652362
8164,2.4,5.09,0.19996566523605153,1.020886981402003
8165,2.4475,5.09125,0.19813447782546498,1.009442060085837
8166,2.4275,5.09,0.2022546494992847,1.0323319027181688
8167,2.41,5.09125,0.20078969957081547,1.0231759656652362
8168,2.4225,5.09,0.20042346208869816,1.020886981402003
8169,2.4,5.08875,0.19996566523605153,1.0163090128755365
8170,2.4125,5.09,0.20106437768240346,1.0231759656652362
8171,2.4225,5.09125,0.20042346208869816,1.020886981402003
8172,2.3975,5.09125,0.19978254649499286,1.0163090128755365
8173,2.405,5.09,0.20042346208869816,1.020886981402003
8174,2.4275,5.0875,0.20271244635193136,1.0323319027181688
8175,2.4075,5.09125,0.20060658082975683,1.020886981402003
8176,2.3925,5.09,0.19941630901287555,1.0163090128755365
8177,2.42,5.08875,0.20078969957081547,1.020886981402003
8178,2.41,5.09,0.20078969957081547,1.0231759656652362
8179,2.5325,5.09,0.21104434907010017,1.0735336194563663
8180,2.3725,5.0925,0.1985007153075823,1.0117310443490701
8181,2.395,5.09125,0.19959942775393422,1.0163090128755365
8182,2.3675,5.09125,0.197310443490701,1.0048640915593705
8183,2.385,5.09,0.19895851216022892,1.0117310443490701
8184,2.3975,5.09,0.19978254649499286,1.0163090128755365
8185,2.4175,5.09125,0.20143061516452077,1.0231759656652362
8186,2.4125,5.09,0.20024034334763952,1.020886981402003
8187,2.4125,5.09,0.20106437768240346,1.0231759656652362
8188,2.415,5.09,0.2012474964234621,1.0231759656652362
8189,2.425,5.08875,0.2025293276108727,1.0323319027181688
8190,2.4125,5.09,0.20078969957081547,1.0231759656652362
8191,2.405,5.09125,0.20042346208869816,1.020886981402003
8192,2.425,5.09,0.2012474964234621,1.0231759656652362
8193,2.4075,5.09125,0.2018884120171674,1.0277539341917024
8194,2.4275,5.09125,0.2022546494992847,1.0323319027181688
8195,2.425,5.09,0.20106437768240346,1.0231759656652362
8196,2.4125,5.09,0.2022546494992847,1.0323319027181688
8197,2.415,5.09,0.2012474964234621,1.0231759656652362
8198,2.3775,5.09,0.2012474964234621,1.0231759656652362
8199,2.435,5.08875,0.20207153075822606,1.0277539341917024
8200,2.43,5.09,0.2025293276108727,1.0323319027181688
8201,2.4375,5.09,0.203170243204578,1.020886981402003
8202,2.4125,5.09,0.20207153075822606,1.0277539341917024
8203,2.4025,5.09,0.20024034334763952,1.020886981402003
8204,2.415,5.08875,0.2012474964234621,1.0231759656652362
8205,2.3775,5.09125,0.20024034334763952,1.020886981402003
8206,2.405,5.09125,0.20042346208869816,1.020886981402003
8207,2.4225,5.09,0.2018884120171674,1.0277539341917024
8208,2.425,5.09125,0.20207153075822606,1.0277539341917024
8209,1.2525,5.14875,0.10437768240343348,0.5356223175965666
8210,1.37,5.1725,0.11417453505007154,0.58826895565093
8211,0.7625,5.2075,0.0666552217453505,0.34792560801144495
8212,0.7225,5.1875,0.060246065808297576,0.3113018597997139
8213,0.9025,5.2075,0.07517024320457798,0.3891273247496424
8214,0.7825,5.1975,0.05704148783977111,0.2952789699570816
8215,0.735,5.18125,0.06125321888412018,0.3181688125894135
8216,0.755,5.18875,0.06290128755364807,0.32732474964234626
8217,0.755,5.20375,0.059605150214592284,0.3113018597997139
8218,0.6775,5.185,0.056492131616595144,0.2929899856938484
8219,1.645,5.14375,0.13706437768240345,0.7050071530758227
8220,2.12,5.1075,0.1806466380543634,0.9224606580829757
8221,1.375,5.16,0.11454077253218885,0.5928469241773964
8222,0.8425,5.19,0.07022603719599428,0.3639484978540773
8223,0.7175,5.205,0.07562804005722461,0.3937052932761088
8224,0.845,5.185,0.06793705293276109,0.35250357653791137
8225,0.74,5.1975,0.061711015736766815,0.32274678111587984
8226,0.8175,5.1925,0.056492131616595144,0.2929899856938484
8227,0.7675,5.20125,0.05878111587982833,0.30672389127324756
8228,0.74,5.2075,0.061711015736766815,0.32274678111587984
8229,0.73,5.2075,0.06711301859799715,0.34792560801144495
8230,0.73,5.2075,0.06189413447782547,0.32274678111587984
8231,0.825,5.21125,0.06876108726752504,0.35937052932761093
8232,0.7875,5.19,0.06418311874105866,0.3341917024320458
8233,0.735,5.19375,0.07251502145922747,0.37539341917024327
8234,0.73,5.18375,0.06079542203147354,0.3158798283261803
8235,0.835,5.18625,0.05603433476394851,0.288412017167382
8236,0.84,5.1825,0.07773390557939915,0.4005722460658083
8237,0.73,5.1775,0.06079542203147354,0.3158798283261803
8238,0.73,5.19875,0.06079542203147354,0.3158798283261803
8239,0.75,5.19625,0.07370529327610874,0.38226037195994284
8240,0.7725,5.1875,0.06436623748211731,0.3341917024320458
8241,0.85,5.20875,0.07086695278969958,0.36852646638054365
8242,0.85,5.18125,0.05850643776824035,0.30443490701001436
8243,0.7575,5.1875,0.06308440629470673,0.32732474964234626
8244,0.7425,5.185,0.06189413447782547,0.32274678111587984
8245,0.865,5.1825,0.056858369098712454,0.2952789699570816
8246,0.68,5.195,0.0566752503576538,0.2952789699570816
8247,0.6775,5.1925,0.056492131616595144,0.2929899856938484
8248,0.68,5.20625,0.07123319027181689,0.37081545064377686
8249,0.8525,5.20875,0.07105007153075824,0.37081545064377686
8250,0.7675,5.21125,0.064,0.3341917024320458
8251,1.37,5.145,0.10355364806866954,0.5333333333333334
8252,0.89,5.2075,0.07416309012875537,0.3868383404864092
8253,0.815,5.18125,0.06793705293276109,0.35250357653791137
8254,0.725,5.21,0.07333905579399143,0.38226037195994284
8255,0.8225,5.18625,0.06857796852646639,0.3570815450643777
8256,0.8325,5.20875,0.06940200286123034,0.35937052932761093
8257,0.7575,5.18875,0.0662889842632332,0.34563662374821175
8258,0.675,5.20625,0.07251502145922747,0.3776824034334764
8259,0.825,5.21375,0.06876108726752504,0.35937052932761093
8260,0.685,5.2025,0.07187410586552218,0.37539341917024327
8261,0.695,5.21375,0.06775393419170243,0.35250357653791137
8262,0.8475,5.2125,0.07059227467811159,0.36852646638054365
8263,0.7675,5.19,0.064,0.3341917024320458
8264,0.6825,5.2025,0.07169098712446352,0.37081545064377686
8265,0.865,5.20875,0.07205722460658083,0.37539341917024327
8266,0.765,5.2,0.080206008583691,0.41659513590844066
8267,0.9075,5.17875,0.060612303290414886,0.3158798283261803
8268,0.78,5.205,0.06500715307582261,0.33648068669527903
8269,0.9075,5.17625,0.059971387696709594,0.3113018597997139
8270,0.7875,5.2025,0.06308440629470673,0.32961373390557946
8271,0.9125,5.2075,0.07608583690987125,0.3982832618025752
8272,1.3275,5.14875,0.11060371959942776,0.5745350500715308
8273,0.7375,5.20625,0.061711015736766815,0.32274678111587984
8274,0.795,5.19375,0.0662889842632332,0.34563662374821175
8275,0.675,5.18625,0.05621745350500716,0.2929899856938484
8276,0.7125,5.19875,0.07810014306151646,0.40515021459227474
8277,0.7875,5.2125,0.06564806866952791,0.3410586552217454
8278,0.75,5.20875,0.06253505007153076,0.32732474964234626
8279,0.6725,5.2075,0.07233190271816882,0.37539341917024327
8280,0.8375,5.2125,0.06976824034334765,0.3639484978540773
8281,0.9175,5.1925,0.07645207439198856,0.3982832618025752
8282,0.725,5.20125,0.07517024320457798,0.3891273247496424
8283,0.7975,5.17625,0.06647210300429185,0.34563662374821175
8284,0.7225,5.19375,0.060246065808297576,0.3113018597997139
8285,0.835,5.185,0.06793705293276109,0.35250357653791137
8286,1.355,5.18625,0.11289270386266095,0.5859799713876968
8287,0.7675,5.21,0.064,0.3341917024320458
8288,0.73,5.195,0.0672961373390558,0.34792560801144495
8289,0.8575,5.21,0.07141630901287555,0.37081545064377686
8290,0.8575,5.21125,0.07141630901287555,0.37081545064377686
8291,0.8425,5.18125,0.059605150214592284,0.30672389127324756
8292,0.77,5.19125,0.06418311874105866,0.3341917024320458
8293,0.8675,5.21,0.07233190271816882,0.37539341917024327
8294,0.84,5.18625,0.056492131616595144,0.2929899856938484
8295,0.82,5.18875,0.05603433476394851,0.2929899856938484
8296,1.135,5.185,0.09458082975679544,0.492131616595136
8297,0.9,5.1775,0.06125321888412018,0.3181688125894135
8298,0.89,5.1825,0.059330472103004295,0.30672389127324756
8299,0.8375,5.2075,0.06976824034334765,0.3639484978540773
8300,0.83,5.195,0.06079542203147354,0.3158798283261803
8301,0.725,5.2075,0.07333905579399143,0.38226037195994284
8302,0.8325,5.2125,0.06940200286123034,0.35937052932761093
8303,0.6725,5.2075,0.07233190271816882,0.37539341917024327
8304,0.6875,5.2125,0.06940200286123034,0.35937052932761093
8305,0.7125,5.2025,0.059330472103004295,0.30672389127324756
8306,0.7075,5.1975,0.058964234620886985,0.36852646638054365
8307,0.7,5.21125,0.0666552217453505,0.34792560801144495
8308,0.76,5.20875,0.06335908440629472,0.32961373390557946
8309,0.85,5.2125,0.07086695278969958,0.36852646638054365
8310,0.735,5.19375,0.06747925608011446,0.34792560801144495
8311,0.88,5.17625,0.07333905579399143,0.3776824034334764
8312,0.8775,5.21,0.07315593705293277,0.38226037195994284
8313,0.85,5.19,0.059605150214592284,0.30672389127324756
8314,0.8625,5.21,0.07187410586552218,0.37539341917024327
8315,0.8625,5.19375,0.07187410586552218,0.37539341917024327
8316,0.73,5.2,0.07480400572246067,0.3891273247496424
8317,0.68,5.18125,0.0566752503576538,0.2929899856938484
8318,0.705,5.18125,0.05878111587982833,0.30443490701001436
8319,0.795,5.195,0.05731616595135909,0.2952789699570816
8320,0.6825,5.18375,0.056858369098712454,0.2952789699570816
8321,0.6975,5.1975,0.05814020028612304,0.30443490701001436
8322,0.695,5.2125,0.06775393419170243,0.35250357653791137
8323,0.7675,5.21,0.064,0.3341917024320458
8324,0.87,5.21,0.07251502145922747,0.3776824034334764
8325,0.85,5.18,0.059330472103004295,0.30672389127324756
8326,1.0225,5.15625,0.08524177396280401,0.4394849785407726
8327,0.9125,5.20625,0.07608583690987125,0.3982832618025752
8328,0.74,5.21,0.07059227467811159,0.36852646638054365
8329,0.725,5.20375,0.07480400572246067,0.3891273247496424
8330,0.805,5.17875,0.06711301859799715,0.34792560801144495
8331,0.7175,5.205,0.07498712446351932,0.3891273247496424
8332,0.6775,5.20625,0.07187410586552218,0.37539341917024327
8333,0.8075,5.2125,0.0672961373390558,0.35250357653791137
8334,0.8175,5.18625,0.06290128755364807,0.32732474964234626
8335,0.715,5.1975,0.06857796852646639,0.3570815450643777
8336,1.0225,5.19375,0.08524177396280401,0.44177396280400577
8337,0.7125,5.2075,0.06857796852646639,0.3570815450643777
8338,0.705,5.21125,0.07059227467811159,0.36852646638054365
8339,0.7275,5.205,0.060612303290414886,0.3158798283261803
8340,0.695,5.20125,0.07086695278969958,0.36852646638054365
8341,0.8675,5.185,0.07892417739628041,0.4097281831187411
8342,0.725,5.19375,0.06042918454935623,0.3158798283261803
8343,0.775,5.19375,0.06454935622317597,0.33648068669527903
8344,0.8725,5.1825,0.05978826895565094,0.3113018597997139
8345,0.7925,5.2075,0.06601430615164522,0.34563662374821175
8346,0.895,5.2075,0.07462088698140201,0.3891273247496424
8347,0.88,5.18125,0.059605150214592284,0.30672389127324756
8348,0.6875,5.18125,0.05731616595135909,0.2952789699570816
8349,0.785,5.19125,0.06537339055793992,0.33648068669527903
8350,0.7875,5.2,0.057499284692417746,0.29985693848354794
8351,0.6775,5.18875,0.056492131616595144,0.2929899856938484
8352,0.6875,5.18,0.05731616595135909,0.2952789699570816
8353,0.73,5.20625,0.06079542203147354,0.3158798283261803
8354,0.6725,5.19125,0.05603433476394851,0.2929899856938484
8355,0.6775,5.1875,0.056492131616595144,0.2929899856938484
8356,1.05,5.1775,0.080206008583691,0.41659513590844066
8357,0.7875,5.19375,0.06564806866952791,0.3410586552217454
8358,0.825,5.20875,0.06876108726752504,0.35937052932761093
8359,0.885,5.1775,0.061711015736766815,0.3181688125894135
8360,0.7275,5.1925,0.060612303290414886,0.3158798283261803
8361,0.865,5.20875,0.07205722460658083,0.37539341917024327
8362,0.8875,5.18,0.05795708154506438,0.29985693848354794
8363,0.8375,5.2,0.06976824034334765,0.3639484978540773
8364,0.855,5.21,0.07123319027181689,0.37081545064377686
8365,0.8625,5.18125,0.059605150214592284,0.30672389127324756
8366,0.8275,5.1825,0.060612303290414886,0.3158798283261803
8367,0.775,5.18125,0.06454935622317597,0.3341917024320458
8368,0.6975,5.2125,0.06793705293276109,0.35250357653791137
8369,0.765,5.205,0.05878111587982833,0.30672389127324756
8370,0.71,5.18375,0.05914735336194564,0.30672389127324756
8371,0.935,5.1825,0.07581115879828328,0.3937052932761088
8372,0.805,5.1975,0.061711015736766815,0.32274678111587984
8373,0.855,5.21125,0.07123319027181689,0.37081545064377686
8374,0.8375,5.19375,0.06042918454935623,0.3158798283261803
8375,0.7225,5.21,0.07315593705293277,0.38226037195994284
8376,0.8725,5.19625,0.07269814020028613,0.3776824034334764
8377,0.805,5.20875,0.06711301859799715,0.3570815450643777
8378,0.7575,5.205,0.05978826895565094,0.3113018597997139
8379,0.7175,5.18,0.05978826895565094,0.3113018597997139
8380,0.8,5.195,0.0666552217453505,0.34563662374821175
8381,0.8275,5.185,0.06125321888412018,0.3181688125894135
8382,1.2775,5.16875,0.10648354792560802,0.5516452074391989
8383,0.7525,5.17875,0.06271816881258942,0.32732474964234626
8384,0.7225,5.21,0.07333905579399143,0.38226037195994284
8385,0.88,5.19875,0.07333905579399143,0.38226037195994284
8386,0.7975,5.18125,0.06647210300429185,0.34563662374821175
8387,0.86,5.18625,0.06354220314735337,0.32961373390557946
8388,0.925,5.19125,0.07709298998569386,0.4005722460658083
8389,0.7775,5.18125,0.06482403433476396,0.33648068669527903
8390,0.755,5.19625,0.07187410586552218,0.37539341917024327
8391,0.745,5.1775,0.062077253218884125,0.32274678111587984
8392,0.7025,5.18,0.05850643776824035,0.30443490701001436
8393,0.82,5.19125,0.05621745350500716,0.2929899856938484
8394,0.69,5.18125,0.057499284692417746,0.2952789699570816
8395,0.7125,5.18,0.059330472103004295,0.30672389127324756
8396,0.84,5.185,0.057499284692417746,0.2952789699570816
8397,0.7525,5.17875,0.06271816881258942,0.32732474964234626
8398,0.745,5.185,0.062077253218884125,0.32274678111587984
8399,0.79,5.1975,0.05731616595135909,0.2952789699570816
8400,0.8475,5.18,0.05814020028612304,0.29985693848354794
8401,0.885,5.175,0.07370529327610874,0.38226037195994284
8402,0.905,5.18,0.059971387696709594,0.3113018597997139
8403,0.7375,5.21,0.07022603719599428,0.36852646638054365
8404,0.8775,5.1975,0.07315593705293277,0.3776824034334764
8405,0.7525,5.2075,0.06711301859799715,0.34792560801144495
8406,0.745,5.19375,0.07205722460658083,0.37539341917024327
8407,0.7825,5.19125,0.06519027181688127,0.33648068669527903
8408,0.8075,5.1925,0.056492131616595144,0.2929899856938484
8409,0.8725,5.18125,0.06079542203147354,0.3158798283261803
8410,0.68,5.18375,0.0566752503576538,0.2929899856938484
8411,0.69,5.21375,0.06857796852646639,0.3570815450643777
8412,0.69,5.2125,0.0683032904148784,0.3570815450643777
8413,0.79,5.2125,0.06583118741058656,0.3410586552217454
8414,0.7075,5.19875,0.058964234620886985,0.30672389127324756
8415,0.6875,5.21375,0.07105007153075824,0.37081545064377686
8416,1.0025,5.20375,0.0835021459227468,0.4349070100143062
8417,0.8375,5.19,0.06976824034334765,0.3639484978540773
8418,0.7175,5.20375,0.07498712446351932,0.3891273247496424
8419,0.745,5.1775,0.062077253218884125,0.32274678111587984
8420,0.745,5.20125,0.062077253218884125,0.32274678111587984
8421,0.87,5.17625,0.061711015736766815,0.3181688125894135
8422,0.8025,5.195,0.06683834048640916,0.34792560801144495
8423,0.815,5.19625,0.06793705293276109,0.35250357653791137
8424,0.7975,5.19375,0.056858369098712454,0.2952789699570816
8425,0.68,5.18125,0.0566752503576538,0.2929899856938484
8426,0.685,5.18125,0.05704148783977111,0.2952789699570816
8427,0.705,5.21125,0.06519027181688127,0.3410586552217454
8428,0.7425,5.2075,0.06189413447782547,0.32274678111587984
8429,0.8,5.2125,0.0666552217453505,0.34792560801144495
8430,0.7225,5.1975,0.0683032904148784,0.3570815450643777
8431,1.0625,5.18875,0.08853791130185981,0.4577968526466381
8432,0.755,5.19875,0.06290128755364807,0.32732474964234626
8433,0.8575,5.1825,0.06454935622317597,0.3341917024320458
8434,0.73,5.17875,0.06079542203147354,0.3158798283261803
8435,0.73,5.19375,0.06079542203147354,0.3158798283261803
8436,0.875,5.18,0.06372532188841203,0.32961373390557946
8437,0.725,5.2075,0.06226037195994278,0.32274678111587984
8438,0.7325,5.20625,0.06107010014306152,0.3181688125894135
8439,0.6825,5.21375,0.069585121602289,0.3639484978540773
8440,0.6975,5.21125,0.06683834048640916,0.34792560801144495
8441,0.8275,5.21125,0.0689442060085837,0.35937052932761093
8442,0.78,5.19125,0.06418311874105866,0.3341917024320458
8443,0.7025,5.19875,0.06912732474964235,0.35937052932761093
8444,0.85,5.21,0.07086695278969958,0.36852646638054365
8445,0.7875,5.18625,0.06253505007153076,0.32274678111587984
8446,0.835,5.1875,0.0898197424892704,0.4646638054363377
8447,0.725,5.17875,0.06042918454935623,0.3113018597997139
8448,0.81,5.1825,0.06747925608011446,0.35937052932761093
8449,0.8975,5.17625,0.06079542203147354,0.3158798283261803
8450,0.72,5.19125,0.059971387696709594,0.3113018597997139
8451,0.8275,5.20875,0.0689442060085837,0.35937052932761093
8452,0.855,5.1825,0.059971387696709594,0.3113018597997139
8453,0.6825,5.1825,0.056858369098712454,0.2952789699570816
8454,0.69,5.18125,0.057499284692417746,0.2952789699570816
8455,0.705,5.21375,0.06583118741058656,0.34563662374821175
8456,0.7775,5.21125,0.06482403433476396,0.33648068669527903
8457,0.7725,5.20875,0.06436623748211731,0.3341917024320458
8458,0.8275,5.18,0.06976824034334765,0.35937052932761093
8459,0.87,5.21125,0.07251502145922747,0.3776824034334764
8460,0.785,5.21125,0.06537339055793992,0.3410586552217454
8461,1.045,5.175,0.07086695278969958,0.36852646638054365
8462,0.9,5.2025,0.07498712446351932,0.3891273247496424
8463,0.835,5.1875,0.069585121602289,0.35937052932761093
8464,0.7225,5.21125,0.07233190271816882,0.3776824034334764
8465,0.925,5.19625,0.07709298998569386,0.4005722460658083
8466,0.7625,5.17875,0.06354220314735337,0.32961373390557946
8467,0.705,5.21125,0.06500715307582261,0.33648068669527903
8468,0.725,5.20125,0.06042918454935623,0.3158798283261803
8469,0.815,5.21125,0.06793705293276109,0.35250357653791137
8470,0.7,5.2,0.07004291845493563,0.3639484978540773
8471,0.6825,5.21125,0.07086695278969958,0.36852646638054365
8472,0.8575,5.21125,0.07141630901287555,0.37081545064377686
8473,0.845,5.18,0.06079542203147354,0.3158798283261803
8474,0.85,5.1825,0.05704148783977111,0.2952789699570816
8475,0.6725,5.1875,0.05603433476394851,0.2929899856938484
8476,0.78,5.2,0.07544492131616595,0.3937052932761088
8477,0.855,5.18375,0.0662889842632332,0.34563662374821175
8478,0.7825,5.20625,0.06519027181688127,0.33648068669527903
8479,0.8525,5.1825,0.06583118741058656,0.3410586552217454
8480,0.895,5.17875,0.06042918454935623,0.3113018597997139
8481,0.8075,5.2075,0.0672961373390558,0.34792560801144495
8482,0.85,5.18125,0.059330472103004295,0.30672389127324756
8483,0.74,5.195,0.06711301859799715,0.34792560801144495
8484,0.8575,5.2075,0.07141630901287555,0.37081545064377686
8485,0.86,5.205,0.07169098712446352,0.37081545064377686
8486,0.8725,5.18125,0.05704148783977111,0.2952789699570816
8487,0.805,5.2125,0.06711301859799715,0.34792560801144495
8488,0.795,5.21125,0.0662889842632332,0.34563662374821175
8489,0.85,5.1825,0.056492131616595144,0.2929899856938484
8490,0.74,5.185,0.061711015736766815,0.3181688125894135
8491,0.9375,5.18375,0.07810014306151646,0.40515021459227474
8492,0.7675,5.1925,0.07086695278969958,0.36852646638054365
8493,0.725,5.18,0.06042918454935623,0.3113018597997139
8494,0.82,5.21,0.0683032904148784,0.3570815450643777
8495,0.89,5.18125,0.05978826895565094,0.3113018597997139
8496,0.82,5.2075,0.0683032904148784,0.3570815450643777
8497,0.7775,5.2125,0.06482403433476396,0.33648068669527903
8498,0.73,5.19625,0.06747925608011446,0.34792560801144495
8499,0.7475,5.20875,0.06226037195994278,0.32274678111587984
8500,0.725,5.2025,0.06042918454935623,0.3158798283261803
8501,0.705,5.21125,0.06482403433476396,0.33648068669527903
8502,0.83,5.2125,0.06912732474964235,0.35937052932761093
8503,0.785,5.21125,0.06537339055793992,0.3410586552217454
8504,0.7825,5.18875,0.06372532188841203,0.32961373390557946
8505,0.69,5.2125,0.07040915593705294,0.36852646638054365
8506,0.8725,5.2,0.07269814020028613,0.3776824034334764
8507,0.81,5.19875,0.06079542203147354,0.3158798283261803
8508,0.73,5.19875,0.07434620886981402,0.3868383404864092
8509,0.8225,5.1875,0.06857796852646639,0.3570815450643777
8510,0.715,5.2025,0.07480400572246067,0.3891273247496424
8511,0.89,5.17875,0.06253505007153076,0.32274678111587984
8512,0.745,5.185,0.062077253218884125,0.32274678111587984
8513,0.795,5.19625,0.05704148783977111,0.2952789699570816
8514,0.7425,5.20625,0.060612303290414886,0.3158798283261803
8515,0.715,5.20375,0.059605150214592284,0.3113018597997139
8516,0.6875,5.20125,0.07004291845493563,0.3639484978540773
8517,0.69,5.2125,0.06812017167381974,0.3570815450643777
8518,0.685,5.195,0.05704148783977111,0.2952789699570816
8519,0.7425,5.195,0.06189413447782547,0.32274678111587984
8520,0.6875,5.2125,0.06812017167381974,0.3570815450643777
8521,0.7275,5.19625,0.060612303290414886,0.3158798283261803
8522,0.83,5.18875,0.06912732474964235,0.35937052932761093
8523,0.715,5.205,0.07462088698140201,0.3891273247496424
8524,0.8,5.185,0.0666552217453505,0.34563662374821175
8525,0.7225,5.17875,0.060246065808297576,0.3113018597997139
8526,0.7975,5.19,0.06876108726752504,0.3570815450643777
8527,0.79,5.1925,0.06583118741058656,0.3410586552217454
8528,0.85,5.20125,0.07086695278969958,0.36852646638054365
8529,0.8075,5.19375,0.059605150214592284,0.3113018597997139
8530,0.6725,5.19,0.05603433476394851,0.2929899856938484
8531,0.68,5.18375,0.0566752503576538,0.2929899856938484
8532,0.675,5.2075,0.07251502145922747,0.3776824034334764
8533,0.8625,5.2075,0.07187410586552218,0.37539341917024327
8534,0.795,5.19375,0.0662889842632332,0.34563662374821175
8535,0.795,5.195,0.05704148783977111,0.2952789699570816
8536,0.73,5.1775,0.06079542203147354,0.3158798283261803
8537,0.7875,5.1825,0.06564806866952791,0.3410586552217454
8538,0.7875,5.18875,0.069585121602289,0.35937052932761093
8539,0.8375,5.17375,0.06976824034334765,0.35937052932761093
8540,0.715,5.185,0.059605150214592284,0.30672389127324756
8541,0.9025,5.17375,0.06308440629470673,0.32732474964234626
8542,0.8575,5.18125,0.057499284692417746,0.2952789699570816
8543,0.7225,5.18375,0.060246065808297576,0.3113018597997139
8544,0.7875,5.1975,0.05731616595135909,0.2952789699570816
8545,0.74,5.205,0.06253505007153076,0.32732474964234626
8546,0.8075,5.21375,0.0672961373390558,0.35250357653791137
8547,0.8325,5.18375,0.06079542203147354,0.3158798283261803
8548,0.8575,5.1775,0.060246065808297576,0.3113018597997139
8549,0.7575,5.1825,0.06308440629470673,0.32732474964234626
8550,0.8,5.19375,0.05603433476394851,0.2929899856938484
8551,0.8425,5.19,0.06143633762517883,0.3181688125894135
8552,0.905,5.20375,0.07544492131616595,0.3937052932761088
8553,0.755,5.2075,0.06290128755364807,0.34563662374821175
8554,0.745,5.1975,0.07370529327610874,0.38226037195994284
8555,0.7275,5.17875,0.060612303290414886,0.3158798283261803
8556,0.7525,5.20125,0.06271816881258942,0.32732474964234626
8557,0.855,5.1825,0.0566752503576538,0.2929899856938484
8558,0.72,5.18125,0.059971387696709594,0.3113018597997139
8559,0.705,5.18125,0.05878111587982833,0.30443490701001436
8560,0.77,5.2,0.05832331902718169,0.30443490701001436
8561,0.6925,5.19875,0.0576824034334764,0.29985693848354794
8562,0.695,5.17875,0.05795708154506438,0.29985693848354794
8563,0.8275,5.19,0.05603433476394851,0.2929899856938484
8564,0.6975,5.18125,0.05814020028612304,0.29985693848354794
8565,0.6975,5.18125,0.05814020028612304,0.29985693848354794
8566,0.735,5.21125,0.06775393419170243,0.35250357653791137
8567,0.8025,5.185,0.06683834048640916,0.34563662374821175
8568,0.7525,5.1775,0.06271816881258942,0.32732474964234626
8569,0.81,5.18875,0.06940200286123034,0.35937052932761093
8570,0.7675,5.18125,0.064,0.32961373390557946
8571,0.7175,5.18125,0.05978826895565094,0.3113018597997139
8572,0.6825,5.2125,0.07141630901287555,0.37081545064377686
8573,0.915,5.20875,0.0762689556509299,0.3982832618025752
8574,0.8075,5.2125,0.0672961373390558,0.35250357653791137
8575,0.71,5.19875,0.0689442060085837,0.35937052932761093
8576,0.855,5.18,0.05878111587982833,0.30443490701001436
8577,0.7575,5.185,0.06308440629470673,0.32732474964234626
8578,0.7225,5.205,0.06271816881258942,0.32732474964234626
8579,0.7125,5.21,0.06354220314735337,0.32961373390557946
8580,0.8125,5.2125,0.06775393419170243,0.35250357653791137
8581,0.77,5.1875,0.06290128755364807,0.32732474964234626
8582,0.7575,5.2075,0.069585121602289,0.3639484978540773
8583,0.795,5.18125,0.0662889842632332,0.34563662374821175
8584,0.8375,5.18625,0.06857796852646639,0.3570815450643777
8585,0.8975,5.1825,0.059605150214592284,0.30672389127324756
8586,0.79,5.20625,0.06583118741058656,0.3410586552217454
8587,0.87,5.17875,0.05704148783977111,0.2952789699570816
8588,0.85,5.18,0.061711015736766815,0.3181688125894135
8589,0.8625,5.205,0.07187410586552218,0.37539341917024327
8590,0.85,5.18125,0.07086695278969958,0.36852646638054365
8591,0.745,5.19625,0.06775393419170243,0.35250357653791137
8592,0.86,5.205,0.07169098712446352,0.37081545064377686
8593,0.865,5.21125,0.07205722460658083,0.37539341917024327
8594,0.8325,5.1825,0.059330472103004295,0.30672389127324756
8595,0.705,5.18125,0.05878111587982833,0.30443490701001436
8596,0.725,5.1825,0.06042918454935623,0.3158798283261803
8597,0.88,5.18125,0.06482403433476396,0.33648068669527903
8598,0.7175,5.1775,0.05978826895565094,0.3113018597997139
8599,0.77,5.205,0.06418311874105866,0.3341917024320458
8600,0.8875,5.17875,0.06079542203147354,0.3158798283261803
8601,0.7125,5.18625,0.059330472103004295,0.30672389127324756
8602,0.705,5.2,0.05878111587982833,0.30672389127324756
8603,0.7025,5.2,0.07022603719599428,0.3639484978540773
8604,0.8575,5.2075,0.07141630901287555,0.37081545064377686
8605,0.88,5.20875,0.07333905579399143,0.38226037195994284
8606,0.8525,5.18,0.060612303290414886,0.3158798283261803
8607,0.8275,5.19875,0.0689442060085837,0.35937052932761093
8608,0.8625,5.2075,0.07187410586552218,0.37539341917024327
8609,0.8675,5.1825,0.05878111587982833,0.30443490701001436
8610,0.6825,5.18,0.056858369098712454,0.2952789699570816
8611,0.6775,5.19125,0.056492131616595144,0.2929899856938484
8612,0.89,5.17875,0.06143633762517883,0.3181688125894135
8613,0.87,5.18375,0.059330472103004295,0.30672389127324756
8614,0.8925,5.20875,0.07434620886981402,0.3868383404864092
8615,0.7575,5.20625,0.06564806866952791,0.3410586552217454
8616,0.745,5.19625,0.07288125894134478,0.3776824034334764
8617,0.815,5.19875,0.06793705293276109,0.35250357653791137
8618,0.815,5.1925,0.0566752503576538,0.2929899856938484
8619,0.7025,5.2125,0.0662889842632332,0.34563662374821175
8620,0.78,5.19625,0.06500715307582261,0.33648068669527903
8621,0.6775,5.21125,0.07086695278969958,0.36852646638054365
8622,0.7425,5.205,0.060612303290414886,0.3158798283261803
8623,0.775,5.2125,0.06454935622317597,0.33648068669527903
8624,0.6775,5.20625,0.056492131616595144,0.37081545064377686
8625,0.775,5.19,0.06436623748211731,0.3341917024320458
8626,0.8325,5.19875,0.06940200286123034,0.35937052932761093
8627,0.76,5.2025,0.06335908440629472,0.32961373390557946
8628,0.8925,5.1775,0.06271816881258942,0.32732474964234626
8629,0.735,5.19625,0.06125321888412018,0.3181688125894135
8630,0.965,5.205,0.08038912732474965,0.421173104434907
8631,0.8625,5.18625,0.059330472103004295,0.30672389127324756
8632,0.6775,5.19125,0.056492131616595144,0.2929899856938484
8633,0.68,5.1825,0.0566752503576538,0.2929899856938484
8634,0.6975,5.2125,0.0683032904148784,0.3570815450643777
8635,0.6875,5.19625,0.05731616595135909,0.2952789699570816
8636,0.71,5.20125,0.05914735336194564,0.30672389127324756
8637,0.8725,5.17625,0.06042918454935623,0.3113018597997139
8638,0.73,5.18375,0.06079542203147354,0.3158798283261803
8639,0.7875,5.19375,0.06564806866952791,0.3410586552217454
8640,0.835,5.1825,0.059971387696709594,0.3113018597997139
8641,0.745,5.185,0.062077253218884125,0.32274678111587984
8642,0.7225,5.1925,0.060246065808297576,0.3113018597997139
8643,0.87,5.18125,0.06454935622317597,0.3341917024320458
8644,0.735,5.19875,0.06125321888412018,0.3181688125894135
8645,0.915,5.20625,0.0762689556509299,0.3982832618025752
8646,0.76,5.20625,0.06537339055793992,0.3410586552217454
8647,0.705,5.2125,0.06812017167381974,0.3570815450643777
8648,0.7975,5.21,0.06647210300429185,0.34563662374821175
8649,0.8325,5.18375,0.060246065808297576,0.3113018597997139
8650,0.705,5.2,0.06976824034334765,0.3639484978540773
8651,0.86,5.21125,0.07169098712446352,0.37539341917024327
8652,0.845,5.18125,0.05914735336194564,0.30672389127324756
8653,0.815,5.185,0.06125321888412018,0.3181688125894135
8654,0.6875,5.18,0.05731616595135909,0.2952789699570816
8655,0.69,5.2125,0.0666552217453505,0.34792560801144495
8656,0.72,5.20875,0.06308440629470673,0.32961373390557946
8657,0.78,5.1825,0.06500715307582261,0.33648068669527903
8658,0.7375,5.21125,0.07040915593705294,0.36852646638054365
8659,0.7575,5.195,0.07333905579399143,0.38226037195994284
8660,0.745,5.1775,0.062077253218884125,0.32274678111587984
8661,0.77,5.1925,0.06418311874105866,0.3341917024320458
8662,0.855,5.1825,0.06042918454935623,0.3158798283261803
8663,0.705,5.17875,0.05878111587982833,0.30443490701001436
8664,0.6825,5.18375,0.056858369098712454,0.2952789699570816
8665,0.79,5.19625,0.0566752503576538,0.2952789699570816
8666,0.705,5.20125,0.05878111587982833,0.30672389127324756
8667,0.685,5.195,0.05704148783977111,0.2952789699570816
8668,0.6775,5.21125,0.07187410586552218,0.37539341917024327
8669,0.795,5.2125,0.0662889842632332,0.34563662374821175
8670,0.705,5.20125,0.05878111587982833,0.30672389127324756
8671,0.6775,5.2125,0.07233190271816882,0.3776824034334764
8672,0.7475,5.17875,0.06226037195994278,0.32274678111587984
8673,0.7975,5.2075,0.06647210300429185,0.34563662374821175
8674,0.89,5.18125,0.060246065808297576,0.3113018597997139
8675,0.8525,5.21,0.07105007153075824,0.37081545064377686
8676,0.885,5.19625,0.07370529327610874,0.38226037195994284
8677,0.795,5.19625,0.05731616595135909,0.2952789699570816
8678,0.69,5.19625,0.057499284692417746,0.29985693848354794
8679,0.6675,5.1875,0.05566809728183119,0.288412017167382
8680,0.7925,5.1975,0.05731616595135909,0.2952789699570816
8681,0.7175,5.20375,0.05978826895565094,0.3113018597997139
8682,0.68,5.19375,0.0566752503576538,0.2929899856938484
8683,0.675,5.21,0.07059227467811159,0.36852646638054365
8684,0.725,5.20875,0.06189413447782547,0.32274678111587984
8685,0.675,5.18875,0.05621745350500716,0.2929899856938484
8686,0.68,5.205,0.07233190271816882,0.37539341917024327
8687,0.8175,5.19625,0.06601430615164522,0.3410586552217454
8688,0.8525,5.20875,0.07105007153075824,0.37081545064377686
8689,0.85,5.19,0.059971387696709594,0.3113018597997139
8690,0.745,5.20875,0.06912732474964235,0.35937052932761093
8691,0.895,5.20875,0.07462088698140201,0.3891273247496424
8692,0.74,5.20625,0.060246065808297576,0.3158798283261803
8693,0.7975,5.19625,0.05814020028612304,0.30443490701001436
8694,0.71,5.19875,0.05914735336194564,0.30672389127324756
8695,0.695,5.2,0.05795708154506438,0.35937052932761093
8696,0.6675,5.2075,0.07141630901287555,0.37081545064377686
8697,0.855,5.205,0.07123319027181689,0.37081545064377686
8698,0.8375,5.2,0.06976824034334765,0.3639484978540773
8699,0.77,5.2,0.05832331902718169,0.30443490701001436
8700,0.6875,5.195,0.05731616595135909,0.2952789699570816
8701,0.7325,5.20625,0.06107010014306152,0.3181688125894135
8702,0.885,5.1825,0.059605150214592284,0.30672389127324756
8703,0.8325,5.20875,0.06940200286123034,0.35937052932761093
8704,0.7725,5.18125,0.06436623748211731,0.3341917024320458
8705,0.725,5.2,0.07416309012875537,0.3868383404864092
8706,0.77,5.18,0.06418311874105866,0.3341917024320458
8707,0.67,5.1925,0.055851216022889845,0.288412017167382
8708,0.6825,5.2075,0.07370529327610874,0.38226037195994284
8709,0.7775,5.2125,0.06482403433476396,0.33648068669527903
8710,0.785,5.21125,0.06537339055793992,0.3410586552217454
8711,0.8125,5.18125,0.07086695278969958,0.36852646638054365
8712,0.865,5.205,0.07205722460658083,0.37539341917024327
8713,0.85,5.2125,0.07086695278969958,0.36852646638054365
8714,0.8375,5.18125,0.05914735336194564,0.30672389127324756
8715,0.865,5.205,0.07205722460658083,0.37539341917024327
8716,0.8,5.21125,0.0666552217453505,0.34792560801144495
8717,0.74,5.20875,0.06940200286123034,0.35937052932761093
8718,0.715,5.2025,0.07517024320457798,0.3891273247496424
8719,0.73,5.1775,0.06079542203147354,0.3158798283261803
8720,0.7925,5.19,0.069585121602289,0.35937052932761093
8721,0.91,5.17875,0.059605150214592284,0.30672389127324756
8722,0.68,5.185,0.0566752503576538,0.2929899856938484
8723,0.68,5.2125,0.07040915593705294,0.36852646638054365
8724,0.715,5.2125,0.06747925608011446,0.35250357653791137
8725,0.83,5.21375,0.06912732474964235,0.35937052932761093
8726,0.82,5.185,0.06143633762517883,0.3181688125894135
8727,0.78,5.19,0.06454935622317597,0.3341917024320458
8728,0.8375,5.2,0.06976824034334765,0.3639484978540773
8729,0.855,5.18125,0.05850643776824035,0.30443490701001436
8730,0.725,5.195,0.06812017167381974,0.35250357653791137
8731,0.75,5.18625,0.06253505007153076,0.32274678111587984
8732,0.9,5.17875,0.07498712446351932,0.3891273247496424
8733,0.8775,5.18375,0.059971387696709594,0.3113018597997139
8734,0.895,5.2075,0.07462088698140201,0.3891273247496424
8735,0.87,5.19375,0.07251502145922747,0.37539341917024327
8736,0.74,5.20875,0.06876108726752504,0.35937052932761093
8737,0.7475,5.18125,0.06226037195994278,0.32274678111587984
8738,0.725,5.1825,0.06042918454935623,0.3158798283261803
8739,0.835,5.19,0.05978826895565094,0.3113018597997139
8740,0.74,5.19625,0.061711015736766815,0.32274678111587984
8741,0.6775,5.18875,0.056492131616595144,0.2929899856938484
8742,0.7575,5.2025,0.05878111587982833,0.30672389127324756
8743,0.6875,5.19625,0.05731616595135909,0.2952789699570816
8744,0.74,5.2075,0.061711015736766815,0.32274678111587984
8745,0.7125,5.205,0.07251502145922747,0.3776824034334764
8746,0.81,5.19375,0.06747925608011446,0.34792560801144495
8747,0.7425,5.17875,0.06189413447782547,0.3181688125894135
8748,0.7075,5.205,0.07480400572246067,0.3891273247496424
8749,0.7825,5.1775,0.06519027181688127,0.33648068669527903
8750,0.795,5.20625,0.0662889842632332,0.34563662374821175
8751,0.89,5.18,0.06335908440629472,0.32961373390557946
8752,0.675,5.195,0.05621745350500716,0.2929899856938484
8753,0.675,5.19,0.05621745350500716,0.2929899856938484
8754,0.6775,5.21,0.07123319027181689,0.37081545064377686
8755,1.16,5.17875,0.11170243204577969,0.576824034334764
8756,0.885,5.2025,0.07370529327610874,0.38226037195994284
8757,0.7525,5.2075,0.06747925608011446,0.35250357653791137
8758,0.8325,5.185,0.06683834048640916,0.34563662374821175
8759,0.765,5.17625,0.06372532188841203,0.32961373390557946
8760,0.8,5.1875,0.06253505007153076,0.32732474964234626
8761,0.8325,5.1825,0.062077253218884125,0.32274678111587984
8762,0.87,5.21125,0.07251502145922747,0.3776824034334764
8763,0.8325,5.19125,0.059971387696709594,0.3113018597997139
8764,0.74,5.2075,0.06857796852646639,0.3570815450643777
8765,0.87,5.195,0.07251502145922747,0.37539341917024327
8766,0.73,5.21,0.06079542203147354,0.36852646638054365
8767,0.7175,5.21,0.06601430615164522,0.34563662374821175
8768,0.7575,5.21,0.06308440629470673,0.32961373390557946
8769,0.8725,5.21125,0.07269814020028613,0.3776824034334764
8770,0.8475,5.185,0.05603433476394851,0.288412017167382
8771,0.6825,5.185,0.056858369098712454,0.2952789699570816
8772,0.8175,5.2125,0.06812017167381974,0.3570815450643777
8773,0.7375,5.19375,0.06647210300429185,0.34563662374821175
8774,0.82,5.21125,0.0683032904148784,0.3570815450643777
8775,0.72,5.20625,0.059971387696709594,0.3113018597997139
8776,0.6775,5.20625,0.07123319027181689,0.37081545064377686
8777,0.825,5.1875,0.06876108726752504,0.3570815450643777
8778,0.7125,5.185,0.059330472103004295,0.30672389127324756
8779,0.8075,5.1875,0.07233190271816882,0.37539341917024327
8780,0.71,5.18375,0.05914735336194564,0.30672389127324756
8781,0.8125,5.20875,0.06775393419170243,0.35250357653791137
8782,0.855,5.17875,0.05914735336194564,0.30672389127324756
8783,0.715,5.1825,0.059605150214592284,0.30672389127324756
8784,0.695,5.17875,0.05795708154506438,0.29985693848354794
8785,0.8175,5.19,0.055851216022889845,0.288412017167382
8786,0.6775,5.185,0.056492131616595144,0.2929899856938484
8787,1.3075,5.18125,0.10895565092989987,0.5653791130185981
8788,0.7425,5.195,0.06601430615164522,0.3410586552217454
8789,0.9375,5.2075,0.07810014306151646,0.40515021459227474
8790,0.8325,5.2125,0.06940200286123034,0.35937052932761093
8791,0.825,5.1825,0.06079542203147354,0.3158798283261803
8792,0.93,5.1725,0.06876108726752504,0.3570815450643777
8793,0.72,5.1925,0.059971387696709594,0.3113018597997139
8794,0.775,5.19375,0.07169098712446352,0.37081545064377686
8795,0.9225,5.1775,0.061711015736766815,0.3181688125894135
8796,0.7225,5.1925,0.060246065808297576,0.3113018597997139
8797,0.8175,5.18375,0.060612303290414886,0.3158798283261803
8798,0.8,5.185,0.06189413447782547,0.32274678111587984
8799,0.9025,5.2,0.07517024320457798,0.3891273247496424
8800,0.805,5.1925,0.0566752503576538,0.2929899856938484
8801,0.8675,5.18,0.0576824034334764,0.29985693848354794
8802,0.745,5.1825,0.062077253218884125,0.32274678111587984
8803,0.68,5.21,0.0566752503576538,0.37081545064377686
8804,0.6925,5.20125,0.07608583690987125,0.3982832618025752
8805,0.8575,5.20625,0.07141630901287555,0.37081545064377686
8806,0.7775,5.21,0.06482403433476396,0.33648068669527903
8807,0.7575,5.20625,0.06564806866952791,0.3410586552217454
8808,0.885,5.20875,0.07370529327610874,0.38226037195994284
8809,0.8525,5.19125,0.07105007153075824,0.36852646638054365
8810,0.7125,5.2025,0.07416309012875537,0.3868383404864092
8811,0.8,5.18625,0.0666552217453505,0.34563662374821175
8812,0.7375,5.185,0.06143633762517883,0.3181688125894135
8813,0.7025,5.2125,0.06601430615164522,0.34563662374821175
8814,0.6775,5.1975,0.056492131616595144,0.2929899856938484
8815,0.6725,5.18625,0.05603433476394851,0.288412017167382
8816,0.6775,5.21125,0.07251502145922747,0.3776824034334764
8817,0.7125,5.20375,0.059330472103004295,0.30672389127324756
8818,0.7175,5.20625,0.05978826895565094,0.3113018597997139
8819,0.68,5.2125,0.07105007153075824,0.37081545064377686
8820,0.8275,5.20125,0.0689442060085837,0.35937052932761093
8821,0.8675,5.215,0.07233190271816882,0.3776824034334764
8822,0.745,5.20875,0.06876108726752504,0.35937052932761093
8823,0.845,5.19125,0.07040915593705294,0.3639484978540773
8824,0.715,5.18,0.059605150214592284,0.30672389127324756
8825,0.715,5.2075,0.07416309012875537,0.3868383404864092
8826,0.865,5.18375,0.06583118741058656,0.3410586552217454
8827,0.735,5.185,0.06125321888412018,0.3181688125894135
8828,0.8475,5.18375,0.05603433476394851,0.288412017167382
8829,0.83,5.18875,0.05603433476394851,0.2929899856938484
8830,0.86,5.2075,0.07169098712446352,0.37539341917024327
8831,0.865,5.18125,0.058964234620886985,0.30443490701001436
8832,0.8525,5.18,0.059330472103004295,0.30672389127324756
8833,0.7125,5.185,0.059330472103004295,0.30672389127324756
8834,0.6925,5.2125,0.06857796852646639,0.3570815450643777
8835,0.6875,5.2025,0.07517024320457798,0.3891273247496424
8836,0.9025,5.21,0.07517024320457798,0.3891273247496424
8837,0.9875,5.1875,0.08231187410586553,0.421173104434907
8838,0.87,5.1875,0.059605150214592284,0.30672389127324756
8839,0.8675,5.21,0.07233190271816882,0.37539341917024327
8840,0.755,5.17875,0.06290128755364807,0.32732474964234626
8841,0.705,5.20375,0.07498712446351932,0.3891273247496424
8842,0.6925,5.17875,0.0576824034334764,0.29985693848354794
8843,0.8475,5.20125,0.07059227467811159,0.36852646638054365
8844,0.8675,5.17875,0.05878111587982833,0.30443490701001436
8845,0.6825,5.185,0.056858369098712454,0.2952789699570816
8846,0.6875,5.18125,0.05731616595135909,0.2952789699570816
8847,0.685,5.21125,0.06876108726752504,0.35937052932761093
8848,0.8,5.2125,0.0666552217453505,0.34792560801144495
8849,0.7375,5.2075,0.06143633762517883,0.3181688125894135
8850,0.685,5.205,0.07562804005722461,0.3937052932761088
8851,0.825,5.21125,0.06876108726752504,0.35937052932761093
8852,0.775,5.18125,0.06454935622317597,0.3341917024320458
8853,0.785,5.20125,0.06308440629470673,0.32732474964234626
8854,0.895,5.19875,0.07462088698140201,0.3868383404864092
8855,0.8125,5.18625,0.06775393419170243,0.35250357653791137
8856,0.8575,5.18625,0.058964234620886985,0.30672389127324756
8857,0.8475,5.2125,0.07059227467811159,0.36852646638054365
8858,0.815,5.21125,0.06793705293276109,0.35250357653791137
8859,0.8,5.1875,0.06290128755364807,0.32732474964234626
8860,0.685,5.21125,0.07004291845493563,0.3639484978540773
8861,0.8675,5.21,0.07233190271816882,0.37539341917024327
8862,0.79,5.18625,0.06271816881258942,0.32732474964234626
8863,0.835,5.18,0.06189413447782547,0.3181688125894135
8864,0.6925,5.1825,0.0576824034334764,0.29985693848354794
8865,0.715,5.21125,0.064,0.3341917024320458
8866,0.725,5.2075,0.06482403433476396,0.33648068669527903
8867,0.74,5.1775,0.061711015736766815,0.3181688125894135
8868,0.7225,5.20125,0.07517024320457798,0.3891273247496424
8869,0.8775,5.1775,0.06125321888412018,0.3181688125894135
8870,0.8875,5.21,0.07397997138769671,0.3868383404864092
8871,0.895,5.1825,0.05978826895565094,0.3113018597997139
8872,0.7875,5.19625,0.05731616595135909,0.2952789699570816
8873,0.765,5.19125,0.06372532188841203,0.32961373390557946
8874,0.6775,5.205,0.056492131616595144,0.2929899856938484
8875,0.7275,5.19625,0.0683032904148784,0.3570815450643777
8876,0.825,5.1975,0.06876108726752504,0.3570815450643777
8877,0.855,5.20375,0.07123319027181689,0.37081545064377686
8878,0.825,5.19125,0.056492131616595144,0.2929899856938484
8879,0.7375,5.185,0.06143633762517883,0.3181688125894135
8880,0.82,5.195,0.0683032904148784,0.3570815450643777
8881,0.805,5.1925,0.06519027181688127,0.33648068669527903
8882,0.8525,5.1975,0.07105007153075824,0.36852646638054365
8883,0.84,5.18,0.07004291845493563,0.3639484978540773
8884,0.7925,5.18875,0.06711301859799715,0.34792560801144495
8885,0.72,5.1925,0.059971387696709594,0.3113018597997139
8886,0.885,5.20875,0.07370529327610874,0.38226037195994284
8887,0.82,5.19,0.05795708154506438,0.29985693848354794
8888,0.825,5.2,0.06876108726752504,0.3570815450643777
8889,0.87,5.21,0.07251502145922747,0.3776824034334764
8890,0.855,5.1825,0.05621745350500716,0.2929899856938484
8891,0.67,5.18875,0.055851216022889845,0.288412017167382
8892,0.68,5.1825,0.0566752503576538,0.2929899856938484
8893,0.74,5.2075,0.07022603719599428,0.36852646638054365
8894,0.8225,5.21125,0.06857796852646639,0.3570815450643777
8895,0.8725,5.2125,0.07269814020028613,0.3776824034334764
8896,0.815,5.1825,0.059971387696709594,0.3113018597997139
8897,0.765,5.205,0.06519027181688127,0.33648068669527903
8898,0.8775,5.21,0.07315593705293277,0.38226037195994284
8899,0.8325,5.19375,0.060246065808297576,0.3113018597997139
8900,0.73,5.21,0.07333905579399143,0.38226037195994284
8901,0.8525,5.19375,0.07105007153075824,0.36852646638054365
8902,0.7625,5.2025,0.05850643776824035,0.30443490701001436
8903,0.8225,5.19,0.056492131616595144,0.2929899856938484
8904,0.7425,5.2075,0.06189413447782547,0.32274678111587984
8905,0.825,5.18625,0.06226037195994278,0.32274678111587984
8906,0.8425,5.18125,0.058964234620886985,0.30443490701001436
8907,0.8275,5.19,0.0689442060085837,0.3570815450643777
8908,0.815,5.1875,0.06793705293276109,0.2929899856938484
8909,0.8475,5.17875,0.06271816881258942,0.32732474964234626
8910,0.78,5.1925,0.06500715307582261,0.33648068669527903
8911,0.845,5.2025,0.07040915593705294,0.36852646638054365
8912,0.7575,5.20625,0.06564806866952791,0.3410586552217454
8913,0.895,5.2025,0.07462088698140201,0.3891273247496424
8914,0.745,5.17875,0.062077253218884125,0.32274678111587984
8915,0.8425,5.18625,0.06683834048640916,0.34563662374821175
8916,0.7175,5.19,0.05978826895565094,0.3113018597997139
8917,0.835,5.2125,0.069585121602289,0.3639484978540773
8918,0.8675,5.18375,0.0566752503576538,0.2929899856938484
8919,0.6875,5.18,0.05731616595135909,0.2952789699570816
8920,0.6875,5.17875,0.05731616595135909,0.2952789699570816
8921,0.695,5.21,0.069585121602289,0.3639484978540773
8922,0.785,5.2125,0.06537339055793992,0.3410586552217454
8923,0.69,5.19875,0.057499284692417746,0.29985693848354794
8924,0.73,5.20875,0.06683834048640916,0.34792560801144495
8925,0.6775,5.19,0.056492131616595144,0.2929899856938484
8926,0.6775,5.19375,0.056492131616595144,0.2929899856938484
8927,0.8825,5.1775,0.06042918454935623,0.3113018597997139
8928,0.845,5.21125,0.07040915593705294,0.36852646638054365
8929,0.9225,5.20375,0.0769098712446352,0.4005722460658083
8930,0.8025,5.1975,0.06226037195994278,0.32274678111587984
8931,0.7575,5.2075,0.06711301859799715,0.34792560801144495
8932,0.88,5.20875,0.07333905579399143,0.38226037195994284
8933,0.8025,5.1825,0.060246065808297576,0.3113018597997139
8934,0.84,5.185,0.0566752503576538,0.2929899856938484
8935,0.73,5.18375,0.06079542203147354,0.3158798283261803
8936,0.8025,5.19,0.05621745350500716,0.2929899856938484
8937,0.915,5.18,0.060246065808297576,0.3113018597997139
8938,0.7925,5.21125,0.06601430615164522,0.34563662374821175
8939,0.8475,5.175,0.060246065808297576,0.3113018597997139
8940,0.845,5.18,0.05795708154506438,0.29985693848354794
8941,1.2925,5.13625,0.10767381974248928,0.5516452074391989
8942,0.8425,5.18875,0.07022603719599428,0.3639484978540773
8943,0.87,5.18875,0.059605150214592284,0.30672389127324756
8944,0.77,5.205,0.06418311874105866,0.3341917024320458
8945,0.895,5.17875,0.07462088698140201,0.3891273247496424
8946,0.79,5.19875,0.06189413447782547,0.32274678111587984
8947,0.8025,5.21,0.06683834048640916,0.34792560801144495
8948,0.745,5.21125,0.062077253218884125,0.32274678111587984
8949,0.72,5.19625,0.0672961373390558,0.34792560801144495
8950,0.845,5.2025,0.07040915593705294,0.36852646638054365
8951,0.815,5.2125,0.06793705293276109,0.35250357653791137
8952,0.7975,5.18375,0.06125321888412018,0.3181688125894135
8953,0.93,5.205,0.07745922746781117,0.40515021459227474
8954,0.725,5.18625,0.06042918454935623,0.3158798283261803
8955,0.875,5.18125,0.06418311874105866,0.3341917024320458
8956,0.7675,5.18875,0.064,0.3341917024320458
8957,0.91,5.1925,0.07581115879828328,0.3937052932761088
8958,0.7175,5.21,0.07517024320457798,0.3891273247496424
8959,0.8825,5.1975,0.07352217453505008,0.38226037195994284
8960,0.73,5.18875,0.06079542203147354,0.3158798283261803
8961,0.88,5.18125,0.05978826895565094,0.3113018597997139
8962,0.72,5.2075,0.059971387696709594,0.3113018597997139
8963,0.72,5.205,0.059971387696709594,0.3113018597997139
8964,0.7925,5.18125,0.0666552217453505,0.34563662374821175
8965,0.8575,5.21125,0.07141630901287555,0.37081545064377686
8966,0.75,5.2075,0.06253505007153076,0.32732474964234626
8967,0.6975,5.2125,0.06940200286123034,0.35937052932761093
8968,0.7675,5.2,0.05832331902718169,0.30443490701001436
8969,0.69,5.19375,0.057499284692417746,0.29985693848354794
8970,0.7375,5.2025,0.06143633762517883,0.3181688125894135
8971,0.735,5.2075,0.06601430615164522,0.34563662374821175
8972,0.9025,5.19875,0.07517024320457798,0.3891273247496424
8973,0.7725,5.20375,0.06482403433476396,0.33648068669527903
8974,0.7825,5.19875,0.07745922746781117,0.4005722460658083
8975,0.72,5.18125,0.059971387696709594,0.3113018597997139
8976,0.8,5.19125,0.06940200286123034,0.35937052932761093
8977,0.865,5.18125,0.057499284692417746,0.2952789699570816
8978,0.74,5.18625,0.061711015736766815,0.3181688125894135
8979,0.9125,5.175,0.07608583690987125,0.32732474964234626
8980,0.845,5.1825,0.064,0.32961373390557946
8981,0.805,5.17875,0.06711301859799715,0.34792560801144495
8982,0.7275,5.18375,0.060612303290414886,0.3158798283261803
8983,0.735,5.20625,0.0662889842632332,0.34563662374821175
8984,0.7225,5.20375,0.060246065808297576,0.3158798283261803
8985,0.6775,5.18375,0.056492131616595144,0.2929899856938484
8986,0.6875,5.215,0.07022603719599428,0.36852646638054365
8987,1.315,5.17875,0.10959656652360517,0.5653791130185981
8988,0.8625,5.21,0.07187410586552218,0.37539341917024327
8989,0.7975,5.20125,0.061711015736766815,0.32274678111587984
8990,0.945,5.2025,0.07874105865522175,0.4097281831187411
8991,0.715,5.18125,0.059605150214592284,0.30672389127324756
8992,0.85,5.17875,0.05814020028612304,0.29985693848354794
8993,0.735,5.185,0.06125321888412018,0.3181688125894135
8994,0.7975,5.1925,0.06647210300429185,0.34563662374821175
8995,0.7925,5.19625,0.057499284692417746,0.29985693848354794
8996,0.7175,5.20625,0.05978826895565094,0.3113018597997139
8997,0.6725,5.18875,0.05603433476394851,0.2929899856938484
8998,0.755,5.2025,0.061711015736766815,0.32274678111587984
8999,0.695,5.20125,0.05795708154506438,0.29985693848354794
9000,0.7375,5.1925,0.06143633762517883,0.3181688125894135
9001,0.715,5.2125,0.06271816881258942,0.32732474964234626
9002,0.7125,5.2075,0.07581115879828328,0.3937052932761088
9003,0.78,5.18375,0.06500715307582261,0.33648068669527903
9004,0.7075,5.2075,0.07352217453505008,0.38226037195994284
9005,0.71,5.2025,0.07544492131616595,0.3937052932761088
9006,0.7825,5.1825,0.06519027181688127,0.33648068669527903
9007,0.705,5.2125,0.06564806866952791,0.3410586552217454
9008,0.815,5.19125,0.056492131616595144,0.2929899856938484
9009,0.7075,5.18125,0.058964234620886985,0.30443490701001436
9010,0.805,5.1925,0.05704148783977111,0.2952789699570816
9011,0.715,5.21125,0.064,0.3341917024320458
9012,0.7225,5.195,0.060246065808297576,0.3113018597997139
9013,0.6825,5.21125,0.06940200286123034,0.35937052932761093
9014,0.7075,5.21125,0.06500715307582261,0.33648068669527903
9015,0.8275,5.21125,0.0689442060085837,0.35937052932761093
9016,0.76,5.19125,0.06335908440629472,0.32961373390557946
9017,0.8725,5.185,0.059605150214592284,0.30672389127324756
9018,0.895,5.21,0.07462088698140201,0.3891273247496424
9019,0.855,5.195,0.07123319027181689,0.37081545064377686
9020,0.785,5.2025,0.06354220314735337,0.32961373390557946
9021,0.905,5.20625,0.07544492131616595,0.3937052932761088
9022,0.7875,5.19125,0.06564806866952791,0.3410586552217454
9023,0.7675,5.20375,0.059605150214592284,0.3113018597997139
9024,0.7025,5.20125,0.05850643776824035,0.30443490701001436
9025,0.7175,5.2025,0.05978826895565094,0.3113018597997139
9026,0.705,5.19875,0.06812017167381974,0.35250357653791137
9027,0.8175,5.21125,0.06812017167381974,0.3570815450643777
9028,0.6925,5.1975,0.0576824034334764,0.29985693848354794
9029,0.8275,5.1825,0.06079542203147354,0.3158798283261803
9030,0.79,5.19,0.06583118741058656,0.3410586552217454
9031,0.8125,5.195,0.06775393419170243,0.35250357653791137
9032,0.7275,5.21,0.07288125894134478,0.3776824034334764
9033,0.89,5.20375,0.07416309012875537,0.3868383404864092
9034,0.82,5.18625,0.0683032904148784,0.35250357653791137
9035,0.715,5.20375,0.07517024320457798,0.3891273247496424
9036,0.765,5.18125,0.06372532188841203,0.32961373390557946
9037,0.72,5.20375,0.059971387696709594,0.3113018597997139
9038,0.855,5.18375,0.056492131616595144,0.2929899856938484
9039,0.85,5.1825,0.05603433476394851,0.288412017167382
9040,0.685,5.1825,0.05704148783977111,0.2952789699570816
9041,0.7775,5.2,0.05832331902718169,0.30443490701001436
9042,0.7575,5.2025,0.064,0.3341917024320458
9043,0.705,5.18125,0.05878111587982833,0.30443490701001436
9044,0.805,5.19125,0.056492131616595144,0.2929899856938484
9045,0.8525,5.1825,0.060246065808297576,0.3113018597997139
9046,0.6825,5.1825,0.056858369098712454,0.2952789699570816
9047,0.8925,5.18,0.062077253218884125,0.32274678111587984
9048,0.82,5.19625,0.06079542203147354,0.3158798283261803
9049,0.8875,5.2025,0.07397997138769671,0.3868383404864092
9050,0.7825,5.20125,0.06519027181688127,0.32732474964234626
9051,0.715,5.20375,0.07544492131616595,0.3937052932761088
9052,0.73,5.18375,0.06079542203147354,0.3158798283261803
9053,0.7175,5.1825,0.05978826895565094,0.3113018597997139
9054,0.695,5.2125,0.0689442060085837,0.35937052932761093
9055,0.845,5.20375,0.07040915593705294,0.36852646638054365
9056,0.6975,5.1825,0.05814020028612304,0.29985693848354794
9057,0.7,5.21375,0.06564806866952791,0.3410586552217454
9058,0.81,5.2125,0.06747925608011446,0.35250357653791137
9059,0.7525,5.21,0.06271816881258942,0.32732474964234626
9060,0.715,5.1975,0.0683032904148784,0.3570815450643777
9061,0.8525,5.2075,0.07105007153075824,0.37081545064377686
9062,0.77,5.18125,0.06418311874105866,0.3341917024320458
9063,0.7725,5.205,0.06418311874105866,0.3341917024320458
9064,0.8825,5.20875,0.07352217453505008,0.38226037195994284
9065,0.835,5.175,0.069585121602289,0.35937052932761093
9066,0.71,5.205,0.07608583690987125,0.3982832618025752
9067,0.77,5.18875,0.06418311874105866,0.3341917024320458
9068,0.82,5.1975,0.0683032904148784,0.3570815450643777
9069,0.8425,5.1875,0.05621745350500716,0.2929899856938484
9070,0.7275,5.18125,0.060612303290414886,0.3158798283261803
9071,0.7075,5.18,0.058964234620886985,0.30443490701001436
9072,0.7925,5.195,0.05621745350500716,0.2929899856938484
9073,0.865,5.18125,0.056492131616595144,0.2929899856938484
9074,0.7575,5.185,0.06308440629470673,0.32732474964234626
9075,0.7625,5.20125,0.05878111587982833,0.30672389127324756
9076,0.6775,5.2125,0.07004291845493563,0.3639484978540773
9077,1.2675,5.17625,0.10565951359084408,0.5470672389127326
9078,0.7075,5.20625,0.0769098712446352,0.4005722460658083
9079,0.75,5.1975,0.07288125894134478,0.3776824034334764
9080,0.715,5.1925,0.059605150214592284,0.3113018597997139
9081,0.91,5.18125,0.059605150214592284,0.30672389127324756
9082,0.8525,5.1975,0.064,0.3341917024320458
9083,0.675,5.18375,0.05621745350500716,0.2929899856938484
9084,0.7125,5.21,0.06482403433476396,0.33648068669527903
9085,0.72,5.21,0.07169098712446352,0.37539341917024327
9086,0.7775,5.21125,0.06482403433476396,0.33648068669527903
9087,0.8225,5.21125,0.06857796852646639,0.3570815450643777
9088,0.7375,5.20625,0.060612303290414886,0.3158798283261803
9089,0.735,5.2075,0.06125321888412018,0.3181688125894135
9090,0.6725,5.18875,0.05603433476394851,0.2929899856938484
9091,0.685,5.21125,0.07022603719599428,0.36852646638054365
9092,0.8775,5.1975,0.07315593705293277,0.3776824034334764
9093,0.765,5.18125,0.06372532188841203,0.32961373390557946
9094,0.7175,5.20375,0.07562804005722461,0.3937052932761088
9095,0.72,5.17875,0.059971387696709594,0.3113018597997139
9096,0.8975,5.2025,0.07480400572246067,0.3891273247496424
9097,0.7225,5.21,0.06500715307582261,0.33648068669527903
9098,0.845,5.2125,0.07040915593705294,0.36852646638054365
9099,0.85,5.21125,0.07086695278969958,0.36852646638054365
9100,0.86,5.17875,0.06290128755364807,0.32732474964234626
9101,0.695,5.18125,0.05795708154506438,0.29985693848354794
9102,0.7,5.19625,0.05832331902718169,0.30443490701001436
9103,0.7,5.2,0.07205722460658083,0.37539341917024327
9104,0.805,5.1925,0.06711301859799715,0.34792560801144495
9105,0.8325,5.1975,0.06940200286123034,0.35937052932761093
9106,0.8725,5.17625,0.05850643776824035,0.30443490701001436
9107,0.7225,5.19375,0.060246065808297576,0.3113018597997139
9108,0.8,5.20875,0.0666552217453505,0.34792560801144495
9109,0.8925,5.1775,0.06226037195994278,0.32274678111587984
9110,0.9025,5.17875,0.06042918454935623,0.3113018597997139
9111,0.8325,5.21,0.06940200286123034,0.35937052932761093
9112,0.8725,5.18125,0.05731616595135909,0.2952789699570816
9113,0.87,5.17875,0.05814020028612304,0.29985693848354794
9114,0.6975,5.17875,0.05814020028612304,0.29985693848354794
9115,0.7075,5.20625,0.0689442060085837,0.35937052932761093
9116,0.815,5.1925,0.05621745350500716,0.2929899856938484
9117,0.685,5.18625,0.05704148783977111,0.2952789699570816
9118,0.68,5.205,0.07105007153075824,0.37081545064377686
9119,0.6975,5.21375,0.06793705293276109,0.35250357653791137
9120,0.745,5.21,0.062077253218884125,0.32274678111587984
9121,0.7825,5.1875,0.06519027181688127,0.3341917024320458
9122,0.7725,5.20625,0.06519027181688127,0.33648068669527903
9123,0.795,5.1825,0.0662889842632332,0.34563662374821175
9124,0.775,5.205,0.06454935622317597,0.33648068669527903
9125,0.8825,5.1775,0.06290128755364807,0.32732474964234626
9126,0.7825,5.2,0.06519027181688127,0.33648068669527903
9127,0.85,5.205,0.07086695278969958,0.36852646638054365
9128,0.8375,5.18,0.058964234620886985,0.30443490701001436
9129,0.7625,5.1775,0.06354220314735337,0.32961373390557946
9130,0.7275,5.1825,0.060612303290414886,0.3158798283261803
9131,0.695,5.2125,0.06812017167381974,0.3570815450643777
9132,0.845,5.205,0.07040915593705294,0.36852646638054365
9133,0.85,5.20875,0.07086695278969958,0.36852646638054365
9134,0.8575,5.17875,0.05795708154506438,0.29985693848354794
9135,0.6825,5.18375,0.056858369098712454,0.2952789699570816
9136,0.74,5.1925,0.061711015736766815,0.3181688125894135
9137,0.82,5.1825,0.0666552217453505,0.34563662374821175
9138,0.89,5.2075,0.07416309012875537,0.3868383404864092
9139,0.8025,5.18375,0.06683834048640916,0.34563662374821175
9140,0.7275,5.21,0.07269814020028613,0.3776824034334764
9141,0.8,5.1775,0.0666552217453505,0.34563662374821175
9142,0.79,5.21375,0.06583118741058656,0.34563662374821175
9143,0.8125,5.18125,0.06519027181688127,0.33648068669527903
9144,0.705,5.1975,0.06912732474964235,0.35937052932761093
9145,0.8125,5.195,0.06775393419170243,0.35250357653791137
9146,0.865,5.17875,0.06042918454935623,0.3113018597997139
9147,0.825,5.1925,0.0566752503576538,0.2929899856938484
9148,0.6825,5.18875,0.056858369098712454,0.2952789699570816
9149,0.6925,5.21125,0.06912732474964235,0.35937052932761093
9150,0.71,5.2125,0.06482403433476396,0.33648068669527903
9151,0.715,5.20625,0.059605150214592284,0.3113018597997139
9152,0.875,5.17875,0.06253505007153076,0.32274678111587984
9153,0.84,5.19375,0.06042918454935623,0.3158798283261803
9154,0.8775,5.20875,0.07315593705293277,0.38226037195994284
9155,0.84,5.19375,0.06042918454935623,0.3158798283261803
9156,0.72,5.2025,0.07434620886981402,0.3868383404864092
9157,0.72,5.18125,0.059971387696709594,0.3113018597997139
9158,0.705,5.17875,0.05878111587982833,0.30443490701001436
9159,0.715,5.21125,0.07022603719599428,0.36852646638054365
9160,0.8275,5.21125,0.0689442060085837,0.35937052932761093
9161,0.7425,5.2075,0.06189413447782547,0.32274678111587984
9162,0.695,5.19875,0.0689442060085837,0.35937052932761093
9163,0.84,5.21,0.07004291845493563,0.3639484978540773
9164,0.7625,5.21125,0.06354220314735337,0.32961373390557946
9165,0.7375,5.19375,0.06683834048640916,0.34792560801144495
9166,0.72,5.1775,0.059971387696709594,0.3113018597997139
9167,0.7625,5.1775,0.06354220314735337,0.32961373390557946
9168,0.7375,5.195,0.07288125894134478,0.3776824034334764
9169,0.72,5.1875,0.059971387696709594,0.3113018597997139
9170,0.885,5.20125,0.07370529327610874,0.38226037195994284
9171,0.74,5.205,0.07581115879828328,0.3937052932761088
9172,0.705,5.18,0.05878111587982833,0.30443490701001436
9173,0.69,5.18,0.057499284692417746,0.2952789699570816
9174,0.8025,5.195,0.060246065808297576,0.3113018597997139
9175,0.75,5.21125,0.06253505007153076,0.32732474964234626
9176,0.7625,5.21,0.06354220314735337,0.32961373390557946
9177,0.8575,5.18375,0.05704148783977111,0.2952789699570816
9178,0.8125,5.1825,0.06107010014306152,0.3158798283261803
9179,0.685,5.18375,0.05704148783977111,0.2952789699570816
9180,0.68,5.20625,0.07141630901287555,0.37081545064377686
9181,0.7225,5.19625,0.07397997138769671,0.3868383404864092
9182,0.73,5.1875,0.06079542203147354,0.3158798283261803
9183,0.8875,5.17875,0.06226037195994278,0.32274678111587984
9184,0.7625,5.21,0.0666552217453505,0.34792560801144495
9185,0.84,5.19,0.07004291845493563,0.3639484978540773
9186,0.7175,5.20625,0.07480400572246067,0.3891273247496424
9187,0.7725,5.20125,0.05914735336194564,0.30672389127324756
9188,0.885,5.20375,0.07370529327610874,0.38226037195994284
9189,0.7875,5.2,0.057499284692417746,0.29985693848354794
9190,0.795,5.195,0.056858369098712454,0.2952789699570816
9191,0.7475,5.19875,0.06226037195994278,0.32274678111587984
9192,0.71,5.21375,0.05914735336194564,0.30672389127324756
9193,0.69,5.21125,0.06940200286123034,0.35937052932761093
9194,0.845,5.205,0.07040915593705294,0.36852646638054365
9195,0.835,5.1975,0.069585121602289,0.35937052932761093
9196,0.79,5.1975,0.057499284692417746,0.29985693848354794
9197,0.795,5.1825,0.0662889842632332,0.34563662374821175
9198,0.72,5.18625,0.059971387696709594,0.3113018597997139
9199,0.8725,5.1775,0.06290128755364807,0.32732474964234626
9200,0.7525,5.2025,0.06271816881258942,0.32732474964234626
9201,0.9525,5.2025,0.07938197424892705,0.4120171673819743
9202,0.8775,5.195,0.06912732474964235,0.35937052932761093
9203,0.7625,5.20875,0.06354220314735337,0.32961373390557946
9204,0.875,5.20875,0.07288125894134478,0.3776824034334764
9205,0.86,5.18,0.0576824034334764,0.29985693848354794
9206,0.7525,5.17875,0.06271816881258942,0.32732474964234626
9207,0.68,5.19375,0.0566752503576538,0.2929899856938484
9208,0.685,5.2125,0.07040915593705294,0.36852646638054365
9209,0.8575,5.2075,0.07141630901287555,0.37081545064377686
9210,0.835,5.2,0.069585121602289,0.35937052932761093
9211,0.8575,5.18375,0.05731616595135909,0.2952789699570816
9212,0.845,5.21,0.07040915593705294,0.36852646638054365
9213,0.83,5.19,0.06912732474964235,0.35937052932761093
9214,0.72,5.205,0.07434620886981402,0.3868383404864092
9215,0.8675,5.17875,0.06976824034334765,0.35937052932761093
9216,0.7575,5.2,0.06308440629470673,0.32732474964234626
9217,0.905,5.16875,0.06564806866952791,0.33648068669527903
9218,0.8275,5.18125,0.059971387696709594,0.3113018597997139
9219,0.9325,5.18875,0.07773390557939915,0.40515021459227474
9220,0.735,5.20875,0.062077253218884125,0.32274678111587984
9221,0.765,5.2025,0.05878111587982833,0.30672389127324756
9222,1.865,5.10875,0.15537625178826897,0.7942775393419171
9223,2.44,5.0875,0.2018884120171674,1.0277539341917024
9224,2.4125,5.0875,0.20170529327610875,1.0277539341917024
9225,2.415,5.09125,0.2012474964234621,1.0231759656652362
9226,2.4025,5.09,0.20024034334763952,1.0231759656652362
9227,2.375,5.0925,0.19941630901287555,1.0163090128755365
9228,2.4825,5.08625,0.2068326180257511,1.0529327610872676
9229,2.4775,5.0875,0.20646638054363378,1.0506437768240344
9230,2.4025,5.09125,0.19978254649499286,1.0163090128755365
9231,2.395,5.09125,0.19959942775393422,1.0163090128755365
9232,2.385,5.09,0.19877539341917028,1.0117310443490701
9233,2.4,5.08875,0.20042346208869816,1.020886981402003
9234,2.385,5.09,0.19877539341917028,1.0117310443490701
9235,2.3925,5.09125,0.19941630901287555,1.0163090128755365
9236,2.4,5.09,0.19877539341917028,1.0117310443490701
9237,2.3575,5.0925,0.19648640915593707,1.0002861230329043
9238,2.4,5.09125,0.19996566523605153,1.0163090128755365
9239,2.3925,5.09,0.20024034334763952,1.020886981402003
9240,2.3975,5.09125,0.19978254649499286,1.0163090128755365
9241,2.3875,5.09,0.19895851216022892,1.0117310443490701
9242,2.43,5.09,0.20106437768240346,1.0231759656652362
9243,2.4,5.09,0.19996566523605153,1.0163090128755365
9244,2.4,5.09125,0.19996566523605153,1.0163090128755365
9245,2.3875,5.08875,0.1991416309012876,1.0117310443490701
9246,2.395,5.09125,0.19959942775393422,1.0163090128755365
9247,2.38,5.09625,0.19831759656652362,1.009442060085837
9248,2.385,5.09,0.19996566523605153,1.0163090128755365
9249,2.4,5.09,0.20024034334763952,1.020886981402003
9250,2.3875,5.09,0.19895851216022892,1.0117310443490701
9251,2.3925,5.09125,0.1991416309012876,1.0117310443490701
9252,2.4,5.0875,0.19813447782546498,1.009442060085837
9253,2.385,5.0925,0.19877539341917028,1.0117310443490701
9254,2.3875,5.08875,0.20042346208869816,1.020886981402003
9255,2.375,5.09375,0.1985007153075823,1.0117310443490701
9256,2.385,5.09,0.19877539341917028,1.0117310443490701
9257,2.4625,5.0775,0.20335336194563663,1.0323319027181688
9258,2.39,5.09125,0.1985007153075823,1.009442060085837
9259,2.3875,5.09125,0.19895851216022892,1.0117310443490701
9260,2.405,5.08875,0.19895851216022892,1.0117310443490701
9261,2.39,5.09,0.19813447782546498,1.009442060085837
9262,2.3875,5.09,0.19895851216022892,1.0117310443490701
9263,2.4075,5.08875,0.20060658082975683,1.0048640915593705
9264,2.4125,5.09,0.19831759656652362,1.009442060085837
9265,2.3775,5.09,0.19813447782546498,1.009442060085837
9266,2.3925,5.09,0.19941630901287555,1.0163090128755365
9267,2.395,5.09,0.21397424892703865,1.0872675250357655
9268,2.4125,5.09125,0.20106437768240346,1.0231759656652362
9269,2.3925,5.09,0.19941630901287555,1.0163090128755365
9270,2.4,5.08875,0.1991416309012876,1.0117310443490701
9271,2.4,5.09125,0.19996566523605153,1.0163090128755365
9272,2.3925,5.09,0.19941630901287555,1.0163090128755365
9273,2.4025,5.08875,0.1985007153075823,1.009442060085837
9274,2.4275,5.08875,0.2022546494992847,1.0277539341917024
9275,2.3975,5.08875,0.19978254649499286,1.0163090128755365
9276,2.405,5.09,0.20042346208869816,1.020886981402003
9277,2.5975,5.0625,0.2164463519313305,1.0941344778254651
9278,2.4125,5.09125,0.20106437768240346,1.0231759656652362
9279,2.4,5.09,0.1991416309012876,1.0117310443490701
9280,2.38,5.09,0.19831759656652362,1.009442060085837
9281,2.4975,5.09,0.2081144492131617,1.057510729613734
9282,2.3925,5.09,0.19877539341917028,1.0117310443490701
9283,2.4375,5.08875,0.203170243204578,1.034620886981402
9284,2.4,5.09,0.19996566523605153,1.0163090128755365
9285,2.405,5.09125,0.20024034334763952,1.020886981402003
9286,2.395,5.09,0.19895851216022892,1.0117310443490701
9287,2.3725,5.08625,0.19767668097281832,1.0048640915593705
9288,2.4125,5.09125,0.1991416309012876,1.0117310443490701
9289,2.425,5.08875,0.20060658082975683,1.020886981402003
9290,2.385,5.0925,0.19877539341917028,1.0117310443490701
9291,2.4075,5.0875,0.20078969957081547,1.020886981402003
9292,2.425,5.08875,0.20170529327610875,1.0277539341917024
9293,2.4275,5.0875,0.2022546494992847,1.0277539341917024
9294,2.4,5.085,0.19996566523605153,1.0163090128755365
9295,2.4025,5.08875,0.2018884120171674,1.0277539341917024
9296,2.42,5.09125,0.20170529327610875,1.0277539341917024
9297,2.41,5.0875,0.20078969957081547,1.0231759656652362
9298,2.405,5.08875,0.203170243204578,1.034620886981402
9299,2.4175,5.08875,0.20143061516452077,1.0231759656652362
9300,2.415,5.0875,0.2012474964234621,1.0231759656652362
9301,2.4075,5.0875,0.20060658082975683,1.020886981402003
9302,2.42,5.08875,0.20170529327610875,1.0277539341917024
9303,2.42,5.09,0.20170529327610875,1.0277539341917024
9304,2.425,5.09,0.2018884120171674,1.0277539341917024
9305,2.3925,5.09125,0.19941630901287555,1.0163090128755365
9306,2.4175,5.08875,0.20143061516452077,1.0231759656652362
9307,2.4225,5.09,0.20106437768240346,1.0231759656652362
9308,2.41,5.09,0.20078969957081547,1.0231759656652362
9309,2.425,5.08875,0.20207153075822606,1.0277539341917024
9310,2.42,5.08875,0.20170529327610875,1.0277539341917024
9311,2.395,5.09,0.19959942775393422,1.0163090128755365
9312,2.4175,5.0875,0.20143061516452077,1.0231759656652362
9313,2.43,5.0875,0.2025293276108727,1.0323319027181688
9314,2.425,5.08875,0.20207153075822606,1.0277539341917024
9315,2.42,5.09125,0.20170529327610875,1.0277539341917024
9316,2.4275,5.09,0.2025293276108727,1.0323319027181688
9317,2.415,5.08875,0.2012474964234621,1.0231759656652362
9318,2.4125,5.08875,0.20106437768240346,1.0231759656652362
9319,2.4275,5.0875,0.20207153075822606,1.0277539341917024
9320,2.4225,5.09,0.19996566523605153,1.0163090128755365
9321,2.4075,5.09,0.20060658082975683,1.020886981402003
9322,2.41,5.09,0.2012474964234621,1.0231759656652362
9323,2.4175,5.08875,0.20335336194563663,1.034620886981402
9324,2.4375,5.08875,0.203170243204578,1.034620886981402
9325,2.43,5.08875,0.20170529327610875,1.0277539341917024
9326,2.425,5.0875,0.2022546494992847,1.0277539341917024
9327,2.4125,5.08875,0.20106437768240346,1.0231759656652362
9328,2.4175,5.09,0.2018884120171674,1.0277539341917024
9329,2.4225,5.08875,0.20106437768240346,1.0231759656652362
9330,2.4225,5.09,0.2018884120171674,1.0277539341917024
9331,2.415,5.09,0.20106437768240346,1.0231759656652362
9332,2.4275,5.08875,0.2022546494992847,1.0277539341917024
9333,2.415,5.0875,0.2012474964234621,1.0231759656652362
9334,2.415,5.08875,0.2012474964234621,1.0231759656652362
9335,2.42,5.09,0.2012474964234621,1.0231759656652362
9336,2.42,5.0875,0.20170529327610875,1.0277539341917024
9337,2.4375,5.08875,0.203170243204578,1.034620886981402
9338,2.425,5.08875,0.19996566523605153,1.0163090128755365
9339,2.4125,5.08875,0.20106437768240346,1.0231759656652362
9340,2.415,5.08875,0.2012474964234621,1.0231759656652362
9341,2.425,5.085,0.20170529327610875,1.0231759656652362
9342,2.425,5.09,0.20207153075822606,1.0277539341917024
9343,2.42,5.09,0.20170529327610875,1.0277539341917024
9344,2.425,5.0875,0.2012474964234621,1.0231759656652362
9345,2.415,5.09,0.2012474964234621,1.0231759656652362
9346,2.4125,5.08875,0.20106437768240346,1.0231759656652362
9347,2.43,5.09,0.20170529327610875,1.0277539341917024
9348,2.4125,5.0875,0.20106437768240346,1.0231759656652362
9349,2.42,5.08875,0.20170529327610875,1.0277539341917024
9350,2.425,5.08875,0.20170529327610875,1.0277539341917024
9351,2.4225,5.09,0.2018884120171674,1.0277539341917024
9352,2.42,5.0875,0.20170529327610875,1.0277539341917024
9353,2.4175,5.08875,0.20335336194563663,1.034620886981402
9354,2.4125,5.08875,0.20106437768240346,1.0231759656652362
9355,2.4325,5.08875,0.20271244635193136,1.0323319027181688
9356,2.4325,5.08875,0.20106437768240346,1.0231759656652362
9357,2.3775,5.09125,0.19978254649499286,1.0163090128755365
9358,2.42,5.09,0.20170529327610875,1.0277539341917024
9359,2.42,5.08875,0.20271244635193136,1.0323319027181688
9360,2.3975,5.09,0.20143061516452077,1.0231759656652362
9361,2.405,5.08875,0.20042346208869816,1.020886981402003
9362,2.4175,5.08875,0.2018884120171674,1.0277539341917024
9363,2.4225,5.08875,0.20271244635193136,1.0323319027181688
9364,2.4125,5.08875,0.20106437768240346,1.0231759656652362
9365,2.4175,5.08875,0.20060658082975683,1.020886981402003
9366,2.4275,5.0875,0.2018884120171674,1.0277539341917024
9367,2.3925,5.08875,0.19941630901287555,1.0163090128755365
9368,2.435,5.08875,0.20289556509299,1.0277539341917024
9369,2.415,5.08875,0.20170529327610875,1.0277539341917024
9370,2.4225,5.08875,0.2018884120171674,1.0277539341917024
9371,2.425,5.08875,0.20207153075822606,1.0277539341917024
9372,2.425,5.0875,0.2025293276108727,1.0323319027181688
9373,2.415,5.08875,0.2012474964234621,1.0231759656652362
9374,2.4325,5.08875,0.20271244635193136,1.0323319027181688
9375,2.4175,5.08875,0.2018884120171674,1.0277539341917024
9376,2.4325,5.08875,0.20271244635193136,1.0323319027181688
9377,2.4275,5.0875,0.2022546494992847,1.0277539341917024
9378,2.41,5.08875,0.2025293276108727,1.0323319027181688
9379,2.425,5.08875,0.20207153075822606,1.0277539341917024
9380,2.425,5.0875,0.20207153075822606,1.0277539341917024
9381,2.41,5.0875,0.20042346208869816,1.020886981402003
9382,2.435,5.0875,0.20289556509299,1.0323319027181688
9383,0.815,5.19375,0.06793705293276109,0.35250357653791137
9384,0.89,5.18125,0.060246065808297576,0.3113018597997139
9385,1.3575,5.165,0.11316738197424894,0.5859799713876968
9386,1.2475,5.1475,0.10391988555078685,0.5356223175965666
9387,0.9175,5.17625,0.06354220314735337,0.32961373390557946
9388,0.7775,5.17625,0.06482403433476396,0.3341917024320458
9389,0.705,5.2025,0.05878111587982833,0.30672389127324756
9390,0.69,5.2025,0.07123319027181689,0.37081545064377686
9391,0.755,5.18875,0.07352217453505008,0.38226037195994284
9392,0.79,5.2075,0.06583118741058656,0.3410586552217454
9393,2.19,5.10375,0.18247782546494995,0.9293276108726753
9394,1.81,5.1275,0.15125608011444922,0.7759656652360516
9395,0.74,5.19375,0.061711015736766815,0.3181688125894135
9396,0.8175,5.1975,0.06143633762517883,0.3181688125894135
9397,0.73,5.20125,0.07498712446351932,0.3891273247496424
9398,0.8575,5.1925,0.07141630901287555,0.37081545064377686
9399,0.7575,5.20375,0.058964234620886985,0.30672389127324756
9400,0.86,5.18125,0.0576824034334764,0.29985693848354794
9401,0.7,5.18,0.05832331902718169,0.30443490701001436
9402,0.8625,5.18125,0.05621745350500716,0.2929899856938484
9403,0.84,5.18,0.05978826895565094,0.3113018597997139
9404,0.7625,5.1875,0.06354220314735337,0.32961373390557946
9405,0.8525,5.18375,0.07105007153075824,0.37081545064377686
9406,0.8475,5.18375,0.056858369098712454,0.2952789699570816
9407,0.7625,5.2,0.06354220314735337,0.32961373390557946
9408,0.9,5.2,0.07498712446351932,0.3891273247496424
9409,0.8375,5.1925,0.060246065808297576,0.3113018597997139
9410,0.885,5.19875,0.07370529327610874,0.38226037195994284
9411,0.94,5.19625,0.07837482117310444,0.4097281831187411
9412,0.705,5.2125,0.06564806866952791,0.3410586552217454
9413,0.855,5.2125,0.07123319027181689,0.37081545064377686
9414,0.85,5.21125,0.07086695278969958,0.36852646638054365
9415,0.7225,5.19625,0.0683032904148784,0.3570815450643777
9416,0.8575,5.21,0.07141630901287555,0.37081545064377686
9417,0.8575,5.21125,0.07141630901287555,0.37081545064377686
9418,0.8625,5.18,0.0576824034334764,0.29985693848354794
9419,0.78,5.18875,0.06500715307582261,0.33648068669527903
9420,0.84,5.20125,0.07004291845493563,0.3639484978540773
9421,0.8225,5.19,0.056492131616595144,0.2929899856938484
9422,0.82,5.2025,0.0683032904148784,0.3570815450643777
9423,0.855,5.1925,0.07123319027181689,0.37081545064377686
9424,0.7425,5.20875,0.06857796852646639,0.3570815450643777
9425,0.9,5.2075,0.07498712446351932,0.3891273247496424
9426,0.8125,5.18125,0.06775393419170243,0.35250357653791137
9427,0.75,5.19875,0.07892417739628041,0.4097281831187411
9428,0.8425,5.18125,0.06500715307582261,0.33648068669527903
9429,0.8525,5.2025,0.07105007153075824,0.37081545064377686
9430,0.8675,5.17625,0.059605150214592284,0.30672389127324756
9431,0.7,5.2,0.07004291845493563,0.3639484978540773
9432,0.835,5.2125,0.069585121602289,0.3639484978540773
9433,0.7925,5.1875,0.06436623748211731,0.3341917024320458
9434,0.76,5.1925,0.06564806866952791,0.3410586552217454
9435,0.85,5.2025,0.07086695278969958,0.36852646638054365
9436,0.855,5.1825,0.05731616595135909,0.2952789699570816
9437,0.81,5.19875,0.06372532188841203,0.32961373390557946
9438,1.59,5.175,0.13248640915593707,0.6866952789699571
9439,0.77,5.19,0.07123319027181689,0.37081545064377686
9440,0.9025,5.1775,0.06079542203147354,0.3158798283261803
9441,0.8025,5.20625,0.06683834048640916,0.34792560801144495
9442,0.95,5.17125,0.07919885550786838,0.4120171673819743
9443,0.7875,5.1875,0.06290128755364807,0.32732474964234626
9444,0.78,5.19125,0.06500715307582261,0.33648068669527903
9445,0.8175,5.19625,0.06812017167381974,0.35250357653791137
9446,0.8625,5.17875,0.05795708154506438,0.29985693848354794
9447,0.7125,5.18125,0.059330472103004295,0.30672389127324756
9448,0.8675,5.18625,0.07233190271816882,0.37539341917024327
9449,0.7425,5.20625,0.06042918454935623,0.3158798283261803
9450,0.7825,5.21125,0.06519027181688127,0.3410586552217454
9451,0.7175,5.20375,0.05978826895565094,0.3113018597997139
9452,0.91,5.17375,0.0683032904148784,0.35250357653791137
9453,0.72,5.1925,0.059971387696709594,0.3113018597997139
9454,0.8825,5.20875,0.07352217453505008,0.38226037195994284
9455,0.845,5.19,0.059971387696709594,0.3113018597997139
9456,0.875,5.20875,0.07288125894134478,0.3776824034334764
9457,0.8175,5.18125,0.06812017167381974,0.35250357653791137
9458,0.8525,5.1825,0.0566752503576538,0.2929899856938484
9459,0.73,5.20625,0.06079542203147354,0.3158798283261803
9460,0.8375,5.2125,0.06976824034334765,0.3639484978540773
9461,0.8225,5.18375,0.060246065808297576,0.3113018597997139
9462,0.745,5.18,0.062077253218884125,0.32274678111587984
9463,0.6925,5.18,0.0576824034334764,0.29985693848354794
9464,0.7075,5.21125,0.06747925608011446,0.35250357653791137
9465,0.7525,5.2025,0.05914735336194564,0.30672389127324756
9466,0.6875,5.19625,0.05731616595135909,0.2952789699570816
9467,0.8775,5.1775,0.0666552217453505,0.34563662374821175
9468,0.865,5.1875,0.059605150214592284,0.30672389127324756
9469,0.9125,5.19375,0.07608583690987125,0.3937052932761088
9470,0.715,5.2075,0.07581115879828328,0.3937052932761088
9471,0.9,5.1775,0.06143633762517883,0.3181688125894135
9472,0.855,5.21,0.07123319027181689,0.37081545064377686
9473,0.71,5.19625,0.07105007153075824,0.36852646638054365
9474,0.685,5.21125,0.0689442060085837,0.35937052932761093
9475,0.865,5.20875,0.07205722460658083,0.37539341917024327
9476,0.7225,5.19625,0.060246065808297576,0.35937052932761093
9477,0.685,5.2025,0.06976824034334765,0.3639484978540773
9478,0.8325,5.19875,0.06940200286123034,0.35937052932761093
9479,0.8525,5.2025,0.07105007153075824,0.37081545064377686
9480,0.8275,5.1825,0.06042918454935623,0.3158798283261803
9481,0.76,5.1825,0.06335908440629472,0.32961373390557946
9482,0.7775,5.19625,0.06482403433476396,0.33648068669527903
9483,0.8475,5.1825,0.06564806866952791,0.3410586552217454
9484,0.7675,5.195,0.064,0.3341917024320458
9485,0.89,5.2075,0.07416309012875537,0.3868383404864092
9486,0.8475,5.1925,0.060612303290414886,0.3158798283261803
9487,0.775,5.20375,0.06454935622317597,0.33648068669527903
9488,0.9425,5.20875,0.0785579399141631,0.4097281831187411
9489,0.86,5.18,0.05731616595135909,0.2952789699570816
9490,0.775,5.18875,0.06454935622317597,0.3341917024320458
9491,0.865,5.20875,0.07205722460658083,0.37539341917024327
9492,0.8675,5.1775,0.05978826895565094,0.3113018597997139
9493,0.7675,5.18625,0.064,0.3341917024320458
9494,0.8225,5.195,0.06857796852646639,0.3570815450643777
9495,0.81,5.19375,0.056492131616595144,0.2929899856938484
9496,0.7125,5.20375,0.059330472103004295,0.30672389127324756
9497,1.3525,5.15875,0.1127095851216023,0.5814020028612304
9498,0.7875,5.19,0.07333905579399143,0.3776824034334764
9499,0.81,5.19875,0.06143633762517883,0.3181688125894135
9500,0.845,5.21,0.07040915593705294,0.36852646638054365
9501,0.86,5.19,0.05914735336194564,0.30672389127324756
9502,0.72,5.20625,0.07709298998569386,0.4005722460658083
9503,0.85,5.20875,0.07086695278969958,0.36852646638054365
9504,0.8625,5.18,0.05832331902718169,0.30443490701001436
9505,0.855,5.18125,0.0576824034334764,0.29985693848354794
9506,0.6875,5.18125,0.05731616595135909,0.2952789699570816
9507,0.7625,5.2025,0.060246065808297576,0.3158798283261803
9508,0.805,5.19375,0.0566752503576538,0.2929899856938484
9509,0.7475,5.205,0.06226037195994278,0.32274678111587984
9510,0.6775,5.2075,0.07205722460658083,0.37539341917024327
9511,0.71,5.21125,0.06500715307582261,0.33648068669527903
9512,0.98,5.205,0.08167095851216023,0.4234620886981402
9513,0.75,5.19625,0.06253505007153076,0.32732474964234626
9514,0.8175,5.1875,0.06912732474964235,0.35937052932761093
9515,0.7325,5.1775,0.06107010014306152,0.3158798283261803
9516,0.7825,5.20625,0.06519027181688127,0.33648068669527903
9517,0.885,5.17875,0.06271816881258942,0.32732474964234626
9518,0.685,5.19625,0.05704148783977111,0.2952789699570816
9519,0.7275,5.195,0.060612303290414886,0.3158798283261803
9520,0.695,5.2125,0.069585121602289,0.3639484978540773
9521,0.84,5.2075,0.07004291845493563,0.3639484978540773
9522,0.86,5.21125,0.07169098712446352,0.37539341917024327
9523,0.8425,5.1825,0.06876108726752504,0.3570815450643777
9524,1.2725,5.14625,0.10602575107296139,0.5447782546494994
9525,0.85,5.21125,0.07086695278969958,0.36852646638054365
9526,0.83,5.19375,0.06042918454935623,0.3158798283261803
9527,0.9225,5.1975,0.0769098712446352,0.4005722460658083
9528,0.725,5.19375,0.06042918454935623,0.3158798283261803
9529,0.91,5.175,0.06564806866952791,0.3410586552217454
9530,0.7225,5.1775,0.060246065808297576,0.3113018597997139
9531,0.7725,5.2,0.06436623748211731,0.3341917024320458
9532,0.885,5.18125,0.05795708154506438,0.29985693848354794
9533,0.74,5.18125,0.061711015736766815,0.3181688125894135
9534,0.7025,5.18,0.05850643776824035,0.30443490701001436
9535,0.7075,5.21,0.06290128755364807,0.32732474964234626
9536,0.76,5.2025,0.05914735336194564,0.30672389127324756
9537,0.695,5.1925,0.05795708154506438,0.29985693848354794
9538,0.7325,5.2125,0.07123319027181689,0.37081545064377686
9539,0.74,5.20375,0.07269814020028613,0.3776824034334764
9540,0.8475,5.20875,0.07059227467811159,0.36852646638054365
9541,0.8225,5.18375,0.06042918454935623,0.3158798283261803
9542,0.9375,5.1725,0.07938197424892705,0.4097281831187411
9543,0.7575,5.1925,0.06308440629470673,0.32732474964234626
9544,0.85,5.1825,0.06601430615164522,0.3410586552217454
9545,0.865,5.1875,0.05978826895565094,0.3113018597997139
9546,0.9025,5.21,0.07517024320457798,0.3891273247496424
9547,0.8925,5.17625,0.061711015736766815,0.3181688125894135
9548,0.7675,5.19,0.06418311874105866,0.3341917024320458
9549,0.86,5.205,0.07169098712446352,0.37081545064377686
9550,0.84,5.2025,0.07004291845493563,0.3639484978540773
9551,0.8325,5.18125,0.05978826895565094,0.3113018597997139
9552,0.8475,5.19875,0.07059227467811159,0.36852646638054365
9553,0.7775,5.19125,0.06482403433476396,0.33648068669527903
9554,0.7875,5.1975,0.05795708154506438,0.29985693848354794
9555,0.6825,5.18125,0.056858369098712454,0.2952789699570816
9556,0.71,5.18,0.05914735336194564,0.30672389127324756
9557,1.075,5.1875,0.08295278969957083,0.43032904148783985
9558,0.8475,5.18875,0.07059227467811159,0.36852646638054365
9559,0.7175,5.18125,0.05978826895565094,0.3113018597997139
9560,0.74,5.1975,0.07745922746781117,0.4005722460658083
9561,0.7975,5.18375,0.06647210300429185,0.34563662374821175
9562,0.715,5.18625,0.059605150214592284,0.30672389127324756
9563,0.715,5.21125,0.06271816881258942,0.32732474964234626
9564,0.715,5.205,0.059605150214592284,0.3113018597997139
9565,0.685,5.185,0.05704148783977111,0.2952789699570816
9566,0.6775,5.21,0.07022603719599428,0.36852646638054365
9567,0.815,5.2125,0.06793705293276109,0.35250357653791137
9568,0.8925,5.21,0.07434620886981402,0.3868383404864092
9569,0.86,5.17875,0.05795708154506438,0.29985693848354794
9570,0.77,5.2,0.05850643776824035,0.30443490701001436
9571,0.68,5.18375,0.0566752503576538,0.2929899856938484
9572,1.015,5.16625,0.11435765379113019,0.5928469241773964
9573,0.8875,5.1875,0.06454935622317597,0.3341917024320458
9574,0.9,5.20625,0.07498712446351932,0.3891273247496424
9575,0.85,5.19125,0.060246065808297576,0.3113018597997139
9576,0.73,5.21,0.07233190271816882,0.37539341917024327
9577,0.915,5.19375,0.0762689556509299,0.3982832618025752
9578,0.76,5.20375,0.05878111587982833,0.30672389127324756
9579,0.795,5.1975,0.05731616595135909,0.2952789699570816
9580,0.735,5.20625,0.06125321888412018,0.3181688125894135
9581,0.785,5.1875,0.06308440629470673,0.32732474964234626
9582,0.7,5.2,0.06912732474964235,0.35937052932761093
9583,0.885,5.20875,0.07370529327610874,0.38226037195994284
9584,0.8225,5.1825,0.06857796852646639,0.3570815450643777
9585,0.6975,5.2,0.069585121602289,0.35937052932761093
9586,0.79,5.19375,0.06583118741058656,0.3410586552217454
9587,0.9525,5.1775,0.07938197424892705,0.4120171673819743
9588,0.735,5.20875,0.06876108726752504,0.35937052932761093
9589,0.72,5.1925,0.059971387696709594,0.3113018597997139
9590,0.9075,5.20875,0.07562804005722461,0.3937052932761088
9591,0.8775,5.185,0.059605150214592284,0.30672389127324756
9592,0.9425,5.20625,0.0785579399141631,0.4097281831187411
9593,0.8475,5.2025,0.07059227467811159,0.36852646638054365
9594,0.7975,5.1875,0.06253505007153076,0.32732474964234626
9595,0.7675,5.1875,0.064,0.3341917024320458
9596,0.85,5.20125,0.07086695278969958,0.36852646638054365
9597,0.86,5.18125,0.05704148783977111,0.2952789699570816
9598,0.78,5.1925,0.06500715307582261,0.33648068669527903
9599,0.855,5.2025,0.07123319027181689,0.37081545064377686
9600,0.865,5.17625,0.06042918454935623,0.3113018597997139
9601,0.8175,5.185,0.06812017167381974,0.35250357653791137
9602,1.04,5.1575,0.08670672389127326,0.44635193133047213
9603,0.8625,5.1875,0.059330472103004295,0.30672389127324756
9604,0.8125,5.2075,0.06775393419170243,0.35250357653791137
9605,0.7925,5.1825,0.06601430615164522,0.3410586552217454
9606,0.725,5.2,0.07416309012875537,0.3868383404864092
9607,0.8975,5.18,0.059971387696709594,0.3113018597997139
9608,0.6875,5.1975,0.05731616595135909,0.2952789699570816
9609,0.6825,5.21125,0.07123319027181689,0.37081545064377686
9610,0.7,5.20125,0.07892417739628041,0.4097281831187411
9611,0.845,5.2025,0.07040915593705294,0.36852646638054365
9612,0.8575,5.18,0.05878111587982833,0.30443490701001436
9613,0.8125,5.185,0.06253505007153076,0.32274678111587984
9614,0.7775,5.19125,0.06482403433476396,0.33648068669527903
9615,0.85,5.18125,0.057499284692417746,0.2952789699570816
9616,0.86,5.18,0.05795708154506438,0.29985693848354794
9617,0.8575,5.19375,0.07141630901287555,0.37081545064377686
9618,0.885,5.18375,0.07370529327610874,0.3158798283261803
9619,0.75,5.21,0.06876108726752504,0.35937052932761093
9620,0.9075,5.19125,0.07562804005722461,0.3937052932761088
9621,0.7575,5.2025,0.06308440629470673,0.32961373390557946
9622,0.89,5.18,0.06107010014306152,0.3158798283261803
9623,0.7025,5.18125,0.05850643776824035,0.30443490701001436
9624,0.7475,5.18375,0.06226037195994278,0.32274678111587984
9625,0.795,5.1975,0.05795708154506438,0.29985693848354794
9626,0.685,5.18375,0.05704148783977111,0.2952789699570816
9627,0.7025,5.2025,0.05850643776824035,0.30443490701001436
9628,0.68,5.20875,0.07123319027181689,0.37081545064377686
9629,0.825,5.21125,0.06876108726752504,0.35937052932761093
9630,0.74,5.20875,0.061711015736766815,0.32274678111587984
9631,0.74,5.20875,0.06601430615164522,0.34563662374821175
9632,0.9,5.20125,0.07498712446351932,0.3891273247496424
9633,0.855,5.19125,0.07123319027181689,0.37081545064377686
9634,0.7175,5.2025,0.07562804005722461,0.3937052932761088
9635,0.76,5.1775,0.06335908440629472,0.32732474964234626
9636,0.72,5.19125,0.059971387696709594,0.3113018597997139
9637,0.8475,5.1825,0.06583118741058656,0.3410586552217454
9638,0.725,5.1825,0.06042918454935623,0.3158798283261803
9639,0.7425,5.20875,0.06189413447782547,0.32274678111587984
9640,0.7825,5.1875,0.064,0.3341917024320458
9641,0.9,5.20875,0.07498712446351932,0.3891273247496424
9642,0.8475,5.2075,0.07059227467811159,0.36852646638054365
9643,0.8525,5.18125,0.05731616595135909,0.2952789699570816
9644,0.7575,5.205,0.059605150214592284,0.3113018597997139
9645,0.685,5.1825,0.05704148783977111,0.2952789699570816
9646,0.68,5.2075,0.069585121602289,0.3639484978540773
9647,0.8425,5.1875,0.08872103004291847,0.46237482117310447
9648,0.7175,5.18875,0.05978826895565094,0.3113018597997139
9649,0.8675,5.18,0.06418311874105866,0.3341917024320458
9650,0.8025,5.2,0.06226037195994278,0.32274678111587984
9651,0.9,5.20375,0.07498712446351932,0.3891273247496424
9652,0.75,5.21125,0.0672961373390558,0.35250357653791137
9653,0.79,5.2075,0.06042918454935623,0.3158798283261803
9654,0.7125,5.18,0.059330472103004295,0.30672389127324756
9655,0.7525,5.20375,0.06271816881258942,0.3158798283261803
9656,0.82,5.19125,0.056492131616595144,0.2929899856938484
9657,0.7125,5.18,0.059330472103004295,0.30672389127324756
9658,0.69,5.18375,0.057499284692417746,0.2952789699570816
9659,0.6975,5.21375,0.0683032904148784,0.3570815450643777
9660,0.72,5.20625,0.059971387696709594,0.3113018597997139
9661,0.835,5.2125,0.069585121602289,0.3639484978540773
9662,1.0025,5.17375,0.08835479256080116,0.4577968526466381
9663,0.8825,5.20875,0.07352217453505008,0.38226037195994284
9664,0.8275,5.1875,0.0689442060085837,0.3570815450643777
9665,0.735,5.19875,0.07333905579399143,0.38226037195994284
9666,0.7225,5.18375,0.060246065808297576,0.3113018597997139
9667,0.88,5.21,0.07333905579399143,0.38226037195994284
9668,0.8575,5.18125,0.0576824034334764,0.29985693848354794
9669,0.78,5.175,0.06500715307582261,0.33648068669527903
9670,0.705,5.18,0.05878111587982833,0.30443490701001436
9671,0.845,5.1875,0.0566752503576538,0.2929899856938484
9672,0.7025,5.18,0.05850643776824035,0.30443490701001436
9673,0.6875,5.195,0.05731616595135909,0.2952789699570816
9674,0.6775,5.20875,0.07105007153075824,0.37081545064377686
9675,0.8325,5.21375,0.06940200286123034,0.35937052932761093
9676,0.7225,5.20625,0.060246065808297576,0.3158798283261803
9677,0.8675,5.1825,0.0689442060085837,0.3570815450643777
9678,0.875,5.185,0.05978826895565094,0.3113018597997139
9679,0.89,5.2,0.07416309012875537,0.3868383404864092
9680,0.7475,5.21,0.06976824034334765,0.3639484978540773
9681,0.905,5.175,0.06683834048640916,0.34563662374821175
9682,0.795,5.2075,0.0662889842632332,0.34563662374821175
9683,0.8125,5.18375,0.06290128755364807,0.32732474964234626
9684,0.845,5.185,0.05704148783977111,0.2952789699570816
9685,0.6975,5.18,0.05814020028612304,0.29985693848354794
9686,0.705,5.21125,0.0672961373390558,0.35250357653791137
9687,0.715,5.21,0.06308440629470673,0.32961373390557946
9688,0.8325,5.2125,0.06940200286123034,0.35937052932761093
9689,0.69,5.2125,0.069585121602289,0.3639484978540773
9690,0.6825,5.20625,0.07105007153075824,0.37081545064377686
9691,0.81,5.21,0.06747925608011446,0.35250357653791137
9692,0.815,5.2,0.06793705293276109,0.35250357653791137
9693,0.7275,5.205,0.07745922746781117,0.40515021459227474
9694,0.7475,5.17875,0.06226037195994278,0.32274678111587984
9695,0.7525,5.19875,0.06271816881258942,0.32732474964234626
9696,0.885,5.1775,0.06271816881258942,0.32732474964234626
9697,0.765,5.20375,0.06372532188841203,0.32961373390557946
9698,0.6825,5.19625,0.056858369098712454,0.2952789699570816
9699,0.8025,5.185,0.06253505007153076,0.32274678111587984
9700,0.72,5.18,0.059971387696709594,0.3113018597997139
9701,0.7775,5.17625,0.06482403433476396,0.3341917024320458
9702,0.695,5.21375,0.0689442060085837,0.35937052932761093
9703,0.88,5.21125,0.07333905579399143,0.38226037195994284
9704,0.7575,5.20875,0.06308440629470673,0.32961373390557946
9705,0.7325,5.19375,0.0666552217453505,0.34563662374821175
9706,0.86,5.20625,0.07169098712446352,0.37539341917024327
9707,0.8975,5.20125,0.07480400572246067,0.3891273247496424
9708,0.725,5.2,0.07434620886981402,0.3868383404864092
9709,0.825,5.1875,0.06876108726752504,0.3570815450643777
9710,0.7375,5.17875,0.06143633762517883,0.3181688125894135
9711,0.7975,5.19,0.07004291845493563,0.3639484978540773
9712,0.815,5.18625,0.06793705293276109,0.35250357653791137
9713,0.765,5.18375,0.06372532188841203,0.32961373390557946
9714,0.7075,5.2125,0.0666552217453505,0.34792560801144495
9715,0.775,5.2,0.05850643776824035,0.30443490701001436
9716,0.685,5.18375,0.05704148783977111,0.2952789699570816
9717,0.7075,5.19875,0.06912732474964235,0.35937052932761093
9718,0.795,5.1875,0.06308440629470673,0.32732474964234626
9719,0.8275,5.1975,0.0689442060085837,0.35937052932761093
9720,0.845,5.185,0.056858369098712454,0.2952789699570816
9721,0.7675,5.2025,0.059330472103004295,0.30672389127324756
9722,0.845,5.2125,0.07040915593705294,0.36852646638054365
9723,0.7825,5.2025,0.0662889842632332,0.34563662374821175
9724,0.895,5.1775,0.062077253218884125,0.32274678111587984
9725,0.795,5.20875,0.0662889842632332,0.34563662374821175
9726,0.895,5.18125,0.059971387696709594,0.3113018597997139
9727,0.735,5.21125,0.07205722460658083,0.37539341917024327
9728,0.8575,5.2025,0.07141630901287555,0.37081545064377686
9729,0.8425,5.1975,0.07022603719599428,0.3639484978540773
9730,0.8325,5.18375,0.05704148783977111,0.2952789699570816
9731,0.68,5.1925,0.0566752503576538,0.2929899856938484
9732,0.6825,5.18375,0.056858369098712454,0.2952789699570816
9733,0.6975,5.20875,0.07608583690987125,0.3982832618025752
9734,0.865,5.21125,0.07205722460658083,0.37539341917024327
9735,0.815,5.2125,0.06793705293276109,0.35250357653791137
9736,0.765,5.18875,0.06372532188841203,0.32961373390557946
9737,0.85,5.18625,0.07086695278969958,0.36852646638054365
9738,0.795,5.2075,0.0662889842632332,0.34563662374821175
9739,0.775,5.1925,0.07141630901287555,0.37081545064377686
9740,0.735,5.17875,0.06125321888412018,0.3181688125894135
9741,0.795,5.2075,0.0662889842632332,0.34563662374821175
9742,0.815,5.1975,0.06143633762517883,0.3181688125894135
9743,0.85,5.20875,0.07086695278969958,0.36852646638054365
9744,0.855,5.20375,0.07123319027181689,0.37081545064377686
9745,0.79,5.19875,0.057499284692417746,0.29985693848354794
9746,0.725,5.20625,0.06042918454935623,0.3158798283261803
9747,0.695,5.19625,0.05795708154506438,0.29985693848354794
9748,0.68,5.2075,0.07123319027181689,0.37081545064377686
9749,0.6825,5.20625,0.07169098712446352,0.37539341917024327
9750,0.855,5.20875,0.07123319027181689,0.37081545064377686
9751,0.81,5.185,0.062077253218884125,0.32274678111587984
9752,0.865,5.17625,0.05795708154506438,0.29985693848354794
9753,0.805,5.2075,0.06711301859799715,0.34792560801144495
9754,0.87,5.17875,0.06354220314735337,0.32961373390557946
9755,0.8175,5.1975,0.06143633762517883,0.3181688125894135
9756,0.8925,5.2075,0.07434620886981402,0.3868383404864092
9757,0.7825,5.205,0.06372532188841203,0.32961373390557946
9758,0.68,5.20375,0.07169098712446352,0.37081545064377686
9759,0.8525,5.205,0.07105007153075824,0.37081545064377686
9760,0.86,5.18125,0.0576824034334764,0.29985693848354794
9761,0.8,5.195,0.0566752503576538,0.2952789699570816
9762,0.7675,5.20625,0.064,0.3341917024320458
9763,0.745,5.19375,0.062077253218884125,0.32274678111587984
9764,0.69,5.21125,0.069585121602289,0.3639484978540773
9765,0.84,5.21,0.07004291845493563,0.3639484978540773
9766,0.84,5.21,0.07004291845493563,0.3639484978540773
9767,0.8175,5.18125,0.060246065808297576,0.3113018597997139
9768,0.7375,5.1775,0.06143633762517883,0.3181688125894135
9769,0.895,5.205,0.07462088698140201,0.3891273247496424
9770,0.76,5.2075,0.06683834048640916,0.34792560801144495
9771,0.7725,5.18125,0.06436623748211731,0.3341917024320458
9772,0.81,5.20125,0.06747925608011446,0.35250357653791137
9773,0.7475,5.19125,0.06537339055793992,0.33648068669527903
9774,0.835,5.19875,0.069585121602289,0.35937052932761093
9775,0.8375,5.20125,0.06976824034334765,0.3639484978540773
9776,0.8025,5.195,0.056858369098712454,0.2952789699570816
9777,0.7425,5.21,0.06189413447782547,0.32274678111587984
9778,0.7425,5.21,0.06189413447782547,0.32274678111587984
9779,0.8175,5.18375,0.061711015736766815,0.3181688125894135
9780,0.765,5.19,0.06372532188841203,0.32961373390557946
9781,0.845,5.20125,0.07040915593705294,0.36852646638054365
9782,0.775,5.1975,0.06564806866952791,0.3410586552217454
9783,0.845,5.1925,0.07040915593705294,0.3639484978540773
9784,0.7175,5.19125,0.05978826895565094,0.3113018597997139
9785,0.88,5.1775,0.06226037195994278,0.32274678111587984
9786,0.8475,5.19125,0.059605150214592284,0.3113018597997139
9787,0.8725,5.21,0.07269814020028613,0.3776824034334764
9788,0.85,5.18125,0.05795708154506438,0.29985693848354794
9789,0.7325,5.20875,0.06107010014306152,0.3181688125894135
9790,0.835,5.2125,0.069585121602289,0.3639484978540773
9791,0.76,5.18875,0.06436623748211731,0.3341917024320458
9792,0.7425,5.2075,0.07105007153075824,0.37081545064377686
9793,0.7575,5.18875,0.06308440629470673,0.32732474964234626
9794,0.835,5.1825,0.056858369098712454,0.2952789699570816
9795,0.7775,5.20125,0.05832331902718169,0.30443490701001436
9796,0.7025,5.20375,0.05850643776824035,0.30443490701001436
9797,0.68,5.21125,0.07040915593705294,0.36852646638054365
9798,0.925,5.175,0.06647210300429185,0.34563662374821175
9799,0.88,5.20875,0.07333905579399143,0.38226037195994284
9800,0.7875,5.18,0.06564806866952791,0.3410586552217454
9801,0.7875,5.19125,0.07059227467811159,0.36852646638054365
9802,0.73,5.1975,0.06079542203147354,0.3158798283261803
9803,0.74,5.18375,0.061711015736766815,0.3181688125894135
9804,0.79,5.19875,0.05795708154506438,0.29985693848354794
9805,0.745,5.20875,0.062077253218884125,0.32274678111587984
9806,0.73,5.20625,0.06079542203147354,0.3158798283261803
9807,0.6875,5.2,0.06976824034334765,0.3639484978540773
9808,0.8125,5.2125,0.06775393419170243,0.35250357653791137
9809,0.77,5.21125,0.06418311874105866,0.3341917024320458
9810,0.74,5.195,0.06747925608011446,0.34792560801144495
9811,0.765,5.18625,0.06372532188841203,0.32961373390557946
9812,0.7925,5.1925,0.06601430615164522,0.3410586552217454
9813,0.9075,5.175,0.064,0.32961373390557946
9814,0.8875,5.20375,0.07397997138769671,0.3868383404864092
9815,0.7875,5.18125,0.06564806866952791,0.3410586552217454
9816,0.72,5.20625,0.07352217453505008,0.38226037195994284
9817,0.7925,5.1825,0.06601430615164522,0.3410586552217454
9818,0.745,5.185,0.062077253218884125,0.32274678111587984
9819,0.7925,5.19625,0.057499284692417746,0.29985693848354794
9820,0.835,5.1875,0.0566752503576538,0.2929899856938484
9821,0.7,5.1975,0.05832331902718169,0.30443490701001436
9822,0.7975,5.1875,0.06436623748211731,0.3341917024320458
9823,0.7525,5.19125,0.06583118741058656,0.3410586552217454
9824,0.6925,5.18125,0.0576824034334764,0.29985693848354794
9825,0.705,5.21375,0.0672961373390558,0.35250357653791137
9826,0.7,5.2125,0.06775393419170243,0.35250357653791137
9827,0.68,5.19375,0.0566752503576538,0.2929899856938484
9828,0.9175,5.1775,0.06601430615164522,0.3410586552217454
9829,0.75,5.21,0.06747925608011446,0.35250357653791137
9830,0.86,5.1875,0.07169098712446352,0.37081545064377686
9831,0.72,5.20625,0.07462088698140201,0.3891273247496424
9832,0.875,5.1775,0.06290128755364807,0.32732474964234626
9833,0.7175,5.20875,0.05978826895565094,0.3113018597997139
9834,0.835,5.18125,0.069585121602289,0.3639484978540773
9835,0.8575,5.18125,0.05731616595135909,0.2952789699570816
9836,0.675,5.19,0.05621745350500716,0.2929899856938484
9837,0.7625,5.1875,0.06354220314735337,0.32961373390557946
9838,0.755,5.20375,0.059605150214592284,0.3113018597997139
9839,1.04,5.18375,0.08670672389127326,0.45092989985693854
9840,0.8225,5.2075,0.06857796852646639,0.3570815450643777
9841,0.7825,5.20375,0.06418311874105866,0.3341917024320458
9842,0.88,5.20875,0.07333905579399143,0.38226037195994284
9843,0.7275,5.195,0.060612303290414886,0.3158798283261803
9844,0.8775,5.1775,0.06253505007153076,0.32274678111587984
9845,0.8175,5.20875,0.06812017167381974,0.3570815450643777
9846,0.8975,5.20625,0.07480400572246067,0.3891273247496424
9847,0.8375,5.1925,0.06042918454935623,0.3158798283261803
9848,0.8525,5.20875,0.07105007153075824,0.37081545064377686
9849,0.865,5.2075,0.07205722460658083,0.37539341917024327
9850,0.8,5.19625,0.056858369098712454,0.2952789699570816
9851,0.7575,5.21,0.06308440629470673,0.32961373390557946
9852,0.81,5.2125,0.06747925608011446,0.35250357653791137
9853,0.8625,5.18,0.058964234620886985,0.30443490701001436
9854,0.685,5.18,0.05704148783977111,0.2952789699570816
9855,0.68,5.19125,0.0566752503576538,0.2929899856938484
9856,0.6875,5.2125,0.07086695278969958,0.36852646638054365
9857,0.685,5.205,0.07022603719599428,0.3639484978540773
9858,0.73,5.1825,0.06079542203147354,0.3158798283261803
9859,0.72,5.20875,0.07352217453505008,0.38226037195994284
9860,0.8,5.1875,0.069585121602289,0.35937052932761093
9861,0.72,5.18125,0.059971387696709594,0.3113018597997139
9862,0.805,5.18875,0.07004291845493563,0.3639484978540773
9863,0.8525,5.18125,0.06079542203147354,0.3158798283261803
9864,0.7,5.17875,0.05832331902718169,0.30443490701001436
9865,0.82,5.18875,0.056492131616595144,0.2929899856938484
9866,0.76,5.205,0.06482403433476396,0.33648068669527903
9867,0.7375,5.20625,0.06143633762517883,0.3181688125894135
9868,0.68,5.205,0.07004291845493563,0.3639484978540773
9869,0.6875,5.20125,0.07059227467811159,0.36852646638054365
9870,0.855,5.2075,0.07123319027181689,0.37081545064377686
9871,0.8225,5.19125,0.06857796852646639,0.3570815450643777
9872,0.87,5.18,0.057499284692417746,0.2952789699570816
9873,1.0175,5.1925,0.08478397711015738,0.4394849785407726
9874,0.7625,5.205,0.06354220314735337,0.32961373390557946
9875,0.875,5.1825,0.060246065808297576,0.3113018597997139
9876,0.8725,5.2075,0.07269814020028613,0.3776824034334764
9877,0.755,5.1775,0.06290128755364807,0.32732474964234626
9878,0.6825,5.21,0.06940200286123034,0.35937052932761093
9879,0.765,5.21,0.06372532188841203,0.3341917024320458
9880,0.84,5.2125,0.07004291845493563,0.3639484978540773
9881,0.855,5.18125,0.05814020028612304,0.29985693848354794
9882,0.675,5.1875,0.05621745350500716,0.2929899856938484
9883,0.765,5.17875,0.06372532188841203,0.32961373390557946
9884,0.6825,5.21,0.07233190271816882,0.37539341917024327
9885,0.825,5.20875,0.06876108726752504,0.35937052932761093
9886,0.815,5.2125,0.06793705293276109,0.35250357653791137
9887,0.76,5.19,0.06500715307582261,0.33648068669527903
9888,0.7175,5.19,0.05978826895565094,0.3113018597997139
9889,0.955,5.19875,0.07956509298998571,0.4120171673819743
9890,0.725,5.20875,0.07370529327610874,0.38226037195994284
9891,0.855,5.1925,0.07123319027181689,0.37081545064377686
9892,0.735,5.1775,0.06125321888412018,0.3181688125894135
9893,0.6875,5.20125,0.07059227467811159,0.36852646638054365
9894,0.7325,5.19375,0.06647210300429185,0.34563662374821175
9895,0.845,5.19875,0.07040915593705294,0.36852646638054365
9896,0.84,5.18625,0.056492131616595144,0.2929899856938484
9897,0.8475,5.17875,0.058964234620886985,0.30443490701001436
9898,0.855,5.20625,0.07123319027181689,0.37081545064377686
9899,0.8425,5.18,0.05978826895565094,0.3113018597997139
9900,0.8,5.185,0.06253505007153076,0.32274678111587984
9901,0.805,5.1875,0.06711301859799715,0.34792560801144495
9902,0.8075,5.19625,0.05704148783977111,0.2952789699570816
9903,0.7825,5.1925,0.07086695278969958,0.36852646638054365
9904,0.85,5.18625,0.07086695278969958,0.36852646638054365
9905,0.7175,5.20375,0.05978826895565094,0.38226037195994284
9906,0.8775,5.17875,0.06335908440629472,0.32732474964234626
9907,0.715,5.18375,0.059605150214592284,0.30672389127324756
9908,0.8025,5.2125,0.06683834048640916,0.34792560801144495
9909,0.845,5.18,0.05850643776824035,0.30443490701001436
9910,0.715,5.18125,0.059605150214592284,0.30672389127324756
9911,0.8125,5.19375,0.06775393419170243,0.35250357653791137
9912,0.765,5.20125,0.05914735336194564,0.30672389127324756
9913,0.735,5.2075,0.06125321888412018,0.3181688125894135
9914,0.8325,5.21375,0.06940200286123034,0.35937052932761093
9915,0.8025,5.18625,0.06271816881258942,0.32732474964234626
9916,0.72,5.18125,0.059971387696709594,0.3113018597997139
9917,0.705,5.18,0.05878111587982833,0.30443490701001436
9918,0.8825,5.17875,0.06226037195994278,0.32274678111587984
9919,0.72,5.18875,0.059971387696709594,0.3113018597997139
9920,0.75,5.20125,0.06253505007153076,0.32732474964234626
9921,0.89,5.17625,0.064,0.32961373390557946
9922,0.7625,5.2025,0.06354220314735337,0.32961373390557946
9923,0.8375,5.20125,0.06976824034334765,0.3639484978540773
9924,0.81,5.1925,0.05914735336194564,0.30672389127324756
9925,0.6925,5.1825,0.0576824034334764,0.29985693848354794
9926,0.76,5.18625,0.06335908440629472,0.32961373390557946
9927,0.7775,5.2,0.057499284692417746,0.29985693848354794
9928,0.82,5.1925,0.05603433476394851,0.2929899856938484
9929,0.7025,5.1975,0.05850643776824035,0.30443490701001436
9930,0.7075,5.19875,0.06976824034334765,0.3639484978540773
9931,0.7725,5.1875,0.06372532188841203,0.32961373390557946
9932,0.77,5.18875,0.06418311874105866,0.3341917024320458
9933,0.7975,5.19125,0.07709298998569386,0.4005722460658083
9934,0.8375,5.19375,0.06583118741058656,0.3410586552217454
9935,0.7725,5.2075,0.06436623748211731,0.3341917024320458
9936,0.88,5.18375,0.05978826895565094,0.3113018597997139
9937,0.73,5.20875,0.07205722460658083,0.37539341917024327
9938,0.8475,5.2025,0.07059227467811159,0.36852646638054365
9939,1.09,5.17375,0.06354220314735337,0.32961373390557946
9940,0.71,5.2125,0.06436623748211731,0.3341917024320458
9941,0.725,5.20625,0.06042918454935623,0.3158798283261803
9942,0.7575,5.1925,0.06308440629470673,0.32961373390557946
9943,0.835,5.18125,0.06079542203147354,0.3158798283261803
9944,0.7475,5.1875,0.06226037195994278,0.32274678111587984
9945,0.7075,5.18,0.058964234620886985,0.30443490701001436
9946,0.8525,5.18375,0.056492131616595144,0.2929899856938484
9947,0.68,5.18875,0.0566752503576538,0.2929899856938484
9948,0.775,5.17625,0.06454935622317597,0.3341917024320458
9949,0.7575,5.19375,0.07141630901287555,0.37081545064377686
9950,0.7275,5.17875,0.060612303290414886,0.3158798283261803
9951,0.8625,5.21125,0.07187410586552218,0.37539341917024327
9952,0.7625,5.20625,0.06519027181688127,0.33648068669527903
9953,0.845,5.2,0.07040915593705294,0.36852646638054365
9954,0.8325,5.18375,0.06940200286123034,0.35937052932761093
9955,0.7425,5.19625,0.07288125894134478,0.3776824034334764
9956,0.755,5.1775,0.06290128755364807,0.32732474964234626
9957,0.735,5.19625,0.06125321888412018,0.3181688125894135
9958,0.885,5.18125,0.060246065808297576,0.3113018597997139
9959,0.8375,5.21,0.06976824034334765,0.3639484978540773
9960,0.8575,5.20625,0.07141630901287555,0.37081545064377686
9961,0.8725,5.1775,0.059330472103004295,0.30672389127324756
9962,0.7525,5.18375,0.06271816881258942,0.32732474964234626
9963,0.8525,5.205,0.07105007153075824,0.37081545064377686
9964,0.8525,5.1925,0.06290128755364807,0.32732474964234626
9965,0.8575,5.17875,0.07040915593705294,0.3639484978540773
9966,0.7825,5.205,0.06519027181688127,0.33648068669527903
9967,0.8875,5.1775,0.06253505007153076,0.32274678111587984
9968,0.7325,5.21,0.06354220314735337,0.32961373390557946
9969,0.82,5.2125,0.0683032904148784,0.3570815450643777
9970,0.8375,5.18,0.05914735336194564,0.30672389127324756
9971,0.8625,5.18125,0.05731616595135909,0.2952789699570816
9972,0.73,5.1825,0.06079542203147354,0.3158798283261803
9973,0.7125,5.21,0.06418311874105866,0.3341917024320458
9974,0.73,5.21,0.062077253218884125,0.32274678111587984
9975,0.845,5.21125,0.07040915593705294,0.36852646638054365
9976,0.8475,5.18125,0.057499284692417746,0.2952789699570816
9977,0.8475,5.18375,0.060246065808297576,0.3113018597997139
9978,0.885,5.20875,0.07370529327610874,0.38226037195994284
9979,0.7925,5.185,0.06601430615164522,0.3410586552217454
9980,0.72,5.2075,0.07434620886981402,0.3868383404864092
9981,0.74,5.1775,0.061711015736766815,0.3181688125894135
9982,0.795,5.20875,0.0662889842632332,0.34563662374821175
9983,0.8175,5.19125,0.056492131616595144,0.2929899856938484
9984,0.7875,5.2125,0.06564806866952791,0.3410586552217454
9985,0.7775,5.18875,0.06482403433476396,0.33648068669527903
9986,0.75,5.20375,0.059605150214592284,0.3113018597997139
9987,0.715,5.205,0.059605150214592284,0.3113018597997139
9988,0.6925,5.2,0.0576824034334764,0.29985693848354794
9989,0.815,5.18625,0.07416309012875537,0.3868383404864092
9990,0.695,5.1975,0.05795708154506438,0.29985693848354794
9991,0.68,5.1925,0.0566752503576538,0.2929899856938484
9992,0.705,5.205,0.07416309012875537,0.3868383404864092
9993,0.8375,5.18125,0.06976824034334765,0.35937052932761093
9994,0.9225,5.20875,0.0769098712446352,0.4005722460658083
9995,0.7575,5.2075,0.07022603719599428,0.36852646638054365
9996,0.895,5.205,0.07462088698140201,0.3891273247496424
9997,0.8,5.18375,0.0666552217453505,0.34563662374821175
9998,0.69,5.20625,0.07370529327610874,0.38226037195994284
9999,0.8125,5.2125,0.06775393419170243,0.35250357653791137
