Sample,EVM1 VSHUNT Results (mV),EVM1 VBUS Results (V),EVM1 CURRENT Results (A),EVM1 POWER Results (W)
0,0.8075,5.1925,0.06857796852646639,0.3570815450643777
1,0.7925,5.2075,0.06601430615164522,0.34563662374821175
2,1.565,5.1625,0.13038054363376253,0.6706723891273249
3,1.6075,5.1375,0.11628040057224608,0.5974248927038627
4,0.9625,5.18125,0.07416309012875537,0.38226037195994284
5,0.71,5.1925,0.05914735336194564,0.30672389127324756
6,0.8375,5.18875,0.06564806866952791,0.3410586552217454
7,0.9025,5.18125,0.059605150214592284,0.30672389127324756
8,0.7075,5.18375,0.058964234620886985,0.30672389127324756
9,0.675,5.2075,0.07123319027181689,0.37081545064377686
10,0.665,5.21,0.07352217453505008,0.38226037195994284
11,0.9375,5.18,0.07810014306151646,0.40515021459227474
12,0.855,5.18875,0.06683834048640916,0.34563662374821175
13,0.945,5.17125,0.06519027181688127,0.33648068669527903
14,0.995,5.1975,0.08295278969957083,0.43032904148783985
15,0.8975,5.18375,0.06271816881258942,0.32732474964234626
16,0.9125,5.18125,0.059605150214592284,0.30672389127324756
17,0.7075,5.185,0.058964234620886985,0.30672389127324756
18,0.7175,5.21,0.05978826895565094,0.3113018597997139
19,0.7075,5.21125,0.06335908440629472,0.32961373390557946
20,0.795,5.215,0.0662889842632332,0.34563662374821175
21,0.8425,5.21625,0.07022603719599428,0.36852646638054365
22,0.6675,5.21,0.07169098712446352,0.37539341917024327
23,0.8725,5.2125,0.07269814020028613,0.3776824034334764
24,0.8725,5.21625,0.07269814020028613,0.3776824034334764
25,0.85,5.1875,0.06436623748211731,0.3341917024320458
26,0.885,5.17875,0.07370529327610874,0.38226037195994284
27,0.715,5.19375,0.059605150214592284,0.3113018597997139
28,0.91,5.18,0.060246065808297576,0.3113018597997139
29,0.715,5.19625,0.059605150214592284,0.3113018597997139
30,0.7825,5.20625,0.06519027181688127,0.33648068669527903
31,0.9725,5.17125,0.05914735336194564,0.30672389127324756
32,0.7925,5.2125,0.06601430615164522,0.34563662374821175
33,0.7575,5.185,0.06308440629470673,0.32732474964234626
34,0.9025,5.1775,0.05878111587982833,0.30443490701001436
35,0.6925,5.18375,0.0576824034334764,0.29985693848354794
36,0.74,5.19125,0.061711015736766815,0.3181688125894135
37,0.81,5.195,0.05603433476394851,0.2929899856938484
38,0.695,5.2025,0.05795708154506438,0.29985693848354794
39,0.6975,5.2025,0.05814020028612304,0.30443490701001436
40,0.6925,5.20375,0.06876108726752504,0.3570815450643777
41,0.845,5.1925,0.08267811158798284,0.4280400572246066
42,0.71,5.18375,0.05914735336194564,0.30672389127324756
43,0.7525,5.20125,0.07517024320457798,0.3891273247496424
44,0.89,5.18,0.06125321888412018,0.3181688125894135
45,0.7,5.18625,0.05832331902718169,0.30443490701001436
46,0.7675,5.19875,0.07233190271816882,0.37539341917024327
47,0.67,5.21,0.07251502145922747,0.3776824034334764
48,0.755,5.21375,0.06290128755364807,0.32732474964234626
49,0.78,5.19125,0.06601430615164522,0.3410586552217454
50,0.72,5.20125,0.069585121602289,0.3639484978540773
51,0.84,5.2025,0.07004291845493563,0.3639484978540773
52,0.875,5.185,0.05704148783977111,0.2952789699570816
53,0.81,5.19625,0.05603433476394851,0.2929899856938484
54,0.69,5.2025,0.057499284692417746,0.29985693848354794
55,0.6825,5.20625,0.056858369098712454,0.2952789699570816
56,0.88,5.18875,0.08038912732474965,0.41659513590844066
57,0.71,5.1825,0.05914735336194564,0.30672389127324756
58,0.7175,5.195,0.05978826895565094,0.3113018597997139
59,0.74,5.20125,0.07333905579399143,0.38226037195994284
60,0.715,5.18,0.059605150214592284,0.30672389127324756
61,0.745,5.2025,0.062077253218884125,0.32274678111587984
62,0.7175,5.20375,0.06876108726752504,0.3570815450643777
63,0.85,5.1975,0.07086695278969958,0.36852646638054365
64,0.7625,5.2125,0.06354220314735337,0.32961373390557946
65,0.72,5.20125,0.06775393419170243,0.35250357653791137
66,2.22,5.1125,0.18504148783977112,0.9453505007153076
67,1.235,5.16125,0.10291273247496424,0.5333333333333334
68,0.755,5.2025,0.05914735336194564,0.30672389127324756
69,0.6825,5.2,0.056858369098712454,0.2952789699570816
70,0.725,5.20625,0.06042918454935623,0.3158798283261803
71,0.9075,5.18375,0.08643204577968527,0.44635193133047213
72,0.715,5.18,0.059605150214592284,0.30672389127324756
73,0.7275,5.17625,0.060612303290414886,0.3158798283261803
74,0.8525,5.18625,0.06519027181688127,0.33648068669527903
75,0.7125,5.18375,0.059330472103004295,0.30672389127324756
76,0.8825,5.21375,0.07352217453505008,0.38226037195994284
77,0.84,5.185,0.05566809728183119,0.288412017167382
78,0.8225,5.19,0.05566809728183119,0.288412017167382
79,0.675,5.18125,0.05621745350500716,0.2929899856938484
80,0.685,5.21625,0.0683032904148784,0.3570815450643777
81,0.8275,5.1925,0.0550271816881259,0.2861230329041488
82,0.6825,5.18375,0.056858369098712454,0.2952789699570816
83,0.8525,5.2,0.05704148783977111,0.2952789699570816
84,0.7575,5.2,0.06253505007153076,0.32732474964234626
85,0.7475,5.21,0.06226037195994278,0.32274678111587984
86,0.9225,5.18375,0.07645207439198856,0.3982832618025752
87,0.7175,5.2075,0.07416309012875537,0.3868383404864092
88,0.715,5.18125,0.059605150214592284,0.30672389127324756
89,0.815,5.1925,0.06711301859799715,0.34792560801144495
90,0.91,5.18,0.06107010014306152,0.3158798283261803
91,0.7025,5.19,0.05850643776824035,0.30443490701001436
92,0.7525,5.21,0.06271816881258942,0.32732474964234626
93,0.67,5.21375,0.07397997138769671,0.3868383404864092
94,0.95,5.2125,0.07919885550786838,0.4120171673819743
95,0.85,5.21625,0.07086695278969958,0.37081545064377686
96,0.7375,5.19875,0.06647210300429185,0.34563662374821175
97,0.8575,5.21625,0.07141630901287555,0.37081545064377686
98,0.785,5.215,0.06537339055793992,0.3410586552217454
99,0.68,5.2075,0.07233190271816882,0.37539341917024327
100,0.775,5.2125,0.06454935622317597,0.33648068669527903
101,0.8225,5.185,0.06857796852646639,0.3570815450643777
102,0.9275,5.18125,0.059330472103004295,0.30672389127324756
103,0.8025,5.20875,0.06683834048640916,0.34792560801144495
104,0.85,5.19,0.07086695278969958,0.36852646638054365
105,0.7075,5.21375,0.07480400572246067,0.3891273247496424
106,0.935,5.1975,0.0779170243204578,0.40515021459227474
107,0.69,5.1825,0.057499284692417746,0.2952789699570816
108,0.6975,5.21375,0.06912732474964235,0.35937052932761093
109,0.6825,5.19875,0.056858369098712454,0.2952789699570816
110,0.67,5.195,0.055851216022889845,0.288412017167382
111,0.6725,5.215,0.07123319027181689,0.37081545064377686
112,0.68,5.195,0.0566752503576538,0.2952789699570816
113,0.735,5.18625,0.06125321888412018,0.3181688125894135
114,0.6725,5.21125,0.07663519313304722,0.3982832618025752
115,0.7825,5.1975,0.05704148783977111,0.2952789699570816
116,0.785,5.18875,0.06537339055793992,0.33648068669527903
117,0.7425,5.21125,0.0779170243204578,0.40515021459227474
118,0.7425,5.20125,0.07251502145922747,0.3776824034334764
119,0.7025,5.18875,0.05850643776824035,0.30443490701001436
120,0.8225,5.19,0.0662889842632332,0.34563662374821175
121,0.9125,5.18,0.060246065808297576,0.3113018597997139
122,0.7275,5.18375,0.060612303290414886,0.3158798283261803
123,0.75,5.215,0.06747925608011446,0.35250357653791137
124,0.78,5.2025,0.06271816881258942,0.32732474964234626
125,0.71,5.20625,0.05914735336194564,0.30672389127324756
126,0.755,5.19625,0.06290128755364807,0.34563662374821175
127,0.6825,5.2075,0.07040915593705294,0.36852646638054365
128,0.8325,5.20625,0.06940200286123034,0.35937052932761093
129,0.8525,5.215,0.07105007153075824,0.37081545064377686
130,0.7775,5.19,0.06335908440629472,0.32961373390557946
131,0.88,5.19625,0.07333905579399143,0.38226037195994284
132,0.705,5.18375,0.05878111587982833,0.30443490701001436
133,0.88,5.18375,0.06354220314735337,0.32961373390557946
134,1.4725,5.16875,0.12268955650929901,0.6340486409155938
135,0.9075,5.2075,0.07562804005722461,0.3937052932761088
136,0.725,5.21375,0.06976824034334765,0.3639484978540773
137,0.85,5.20625,0.07086695278969958,0.36852646638054365
138,0.76,5.2075,0.06335908440629472,0.32961373390557946
139,0.665,5.2125,0.07141630901287555,0.37081545064377686
140,0.8425,5.21625,0.07022603719599428,0.36852646638054365
141,0.7075,5.20625,0.058964234620886985,0.30672389127324756
142,0.6825,5.21625,0.07205722460658083,0.37539341917024327
143,0.72,5.18875,0.059971387696709594,0.3113018597997139
144,0.725,5.1875,0.06042918454935623,0.3158798283261803
145,0.8525,5.18625,0.05566809728183119,0.288412017167382
146,0.705,5.17375,0.05878111587982833,0.30443490701001436
147,0.7725,5.20625,0.06436623748211731,0.3341917024320458
148,0.87,5.1875,0.06519027181688127,0.33648068669527903
149,0.78,5.20375,0.06271816881258942,0.32732474964234626
150,0.9125,5.21125,0.07608583690987125,0.3982832618025752
151,0.7575,5.2075,0.06519027181688127,0.3410586552217454
152,0.6775,5.21625,0.07123319027181689,0.37081545064377686
153,0.73,5.20375,0.06079542203147354,0.3158798283261803
154,0.665,5.21375,0.07333905579399143,0.38226037195994284
155,0.7675,5.20125,0.05731616595135909,0.2952789699570816
156,0.6675,5.19375,0.05566809728183119,0.288412017167382
157,0.665,5.21,0.07233190271816882,0.37539341917024327
158,0.6775,5.215,0.069585121602289,0.3639484978540773
159,0.6625,5.1925,0.05521030042918455,0.2861230329041488
160,0.67,5.21,0.07251502145922747,0.3776824034334764
161,0.6975,5.21,0.07498712446351932,0.3891273247496424
162,0.8825,5.21375,0.07352217453505008,0.38226037195994284
163,0.925,5.19,0.07709298998569386,0.30443490701001436
164,0.7325,5.20375,0.07462088698140201,0.3891273247496424
165,0.72,5.1975,0.059971387696709594,0.3113018597997139
166,0.9325,5.215,0.07773390557939915,0.40515021459227474
167,0.8825,5.185,0.05603433476394851,0.288412017167382
168,0.68,5.19875,0.0566752503576538,0.2952789699570816
169,0.6625,5.19,0.05521030042918455,0.2861230329041488
170,0.665,5.215,0.07269814020028613,0.3776824034334764
171,0.77,5.2125,0.06418311874105866,0.3341917024320458
172,0.7775,5.21375,0.06482403433476396,0.33648068669527903
173,0.8325,5.185,0.05850643776824035,0.30443490701001436
174,0.7575,5.19375,0.06308440629470673,0.32732474964234626
175,0.72,5.1875,0.059971387696709594,0.3113018597997139
176,0.7775,5.2025,0.064,0.3341917024320458
177,0.8375,5.19625,0.06976824034334765,0.3639484978540773
178,0.7375,5.1825,0.06143633762517883,0.3181688125894135
179,0.7575,5.2,0.07233190271816882,0.37539341917024327
180,0.7975,5.19125,0.06647210300429185,0.34563662374821175
181,0.7,5.185,0.05832331902718169,0.30443490701001436
182,0.665,5.21375,0.07169098712446352,0.37539341917024327
183,0.8725,5.21375,0.07269814020028613,0.3776824034334764
184,0.79,5.2125,0.06583118741058656,0.3410586552217454
185,0.8075,5.1925,0.05731616595135909,0.2952789699570816
186,0.6875,5.2,0.05731616595135909,0.2952789699570816
187,0.6975,5.18375,0.05814020028612304,0.29985693848354794
188,0.7625,5.2,0.057499284692417746,0.29985693848354794
189,0.8075,5.1925,0.05539341917024321,0.288412017167382
190,1.63,5.16,0.13587410586552218,0.7004291845493563
191,1.3175,5.17375,0.11646351931330473,0.6042918454935623
192,0.88,5.185,0.06372532188841203,0.32961373390557946
193,0.74,5.1775,0.061711015736766815,0.3181688125894135
194,0.715,5.20625,0.07608583690987125,0.3982832618025752
195,0.84,5.1925,0.07288125894134478,0.3776824034334764
196,0.735,5.1825,0.06125321888412018,0.3181688125894135
197,0.69,5.21375,0.06976824034334765,0.3639484978540773
198,0.6975,5.215,0.06647210300429185,0.34563662374821175
199,0.7675,5.2125,0.064,0.3341917024320458
200,0.7875,5.19375,0.06564806866952791,0.32961373390557946
201,0.855,5.185,0.058964234620886985,0.30672389127324756
202,0.6725,5.1925,0.05603433476394851,0.2929899856938484
203,0.73,5.18875,0.06079542203147354,0.3158798283261803
204,0.6675,5.21625,0.07333905579399143,0.38226037195994284
205,0.7575,5.2125,0.06308440629470673,0.32961373390557946
206,0.8725,5.21375,0.07269814020028613,0.3776824034334764
207,0.755,5.20375,0.07205722460658083,0.37539341917024327
208,0.8275,5.195,0.0689442060085837,0.35937052932761093
209,0.71,5.18375,0.05914735336194564,0.30672389127324756
210,0.9125,5.18125,0.06125321888412018,0.3181688125894135
211,0.705,5.18875,0.05878111587982833,0.30443490701001436
212,0.685,5.1975,0.05704148783977111,0.2952789699570816
213,0.67,5.215,0.07233190271816882,0.3776824034334764
214,0.8725,5.21375,0.07269814020028613,0.3776824034334764
215,0.7725,5.2125,0.06436623748211731,0.3341917024320458
216,0.8525,5.185,0.058964234620886985,0.30672389127324756
217,0.865,5.21,0.07205722460658083,0.37539341917024327
218,0.83,5.2175,0.06912732474964235,0.35937052932761093
219,0.865,5.1825,0.057499284692417746,0.2952789699570816
220,0.7075,5.18625,0.058964234620886985,0.30672389127324756
221,0.805,5.1975,0.06711301859799715,0.34792560801144495
222,0.74,5.20125,0.07315593705293277,0.3776824034334764
223,0.8125,5.19375,0.06857796852646639,0.3570815450643777
224,0.75,5.20125,0.06253505007153076,0.32732474964234626
225,0.85,5.18875,0.06647210300429185,0.34563662374821175
226,0.755,5.2075,0.06564806866952791,0.3410586552217454
227,0.86,5.21375,0.07169098712446352,0.37539341917024327
228,0.87,5.18375,0.05731616595135909,0.2952789699570816
229,0.875,5.18375,0.057499284692417746,0.2952789699570816
230,0.82,5.2025,0.0683032904148784,0.3570815450643777
231,0.86,5.185,0.05603433476394851,0.288412017167382
232,0.8025,5.19125,0.062077253218884125,0.32274678111587984
233,0.8075,5.19125,0.0672961373390558,0.34792560801144495
234,0.885,5.18375,0.05914735336194564,0.30672389127324756
235,0.66,5.21375,0.07233190271816882,0.3776824034334764
236,0.7225,5.20875,0.060246065808297576,0.3158798283261803
237,0.8225,5.1975,0.06857796852646639,0.3158798283261803
238,0.7075,5.2125,0.07517024320457798,0.3891273247496424
239,0.8125,5.1825,0.06775393419170243,0.35250357653791137
240,0.705,5.1875,0.05878111587982833,0.30443490701001436
241,0.7025,5.21,0.07581115879828328,0.3937052932761088
242,0.8725,5.215,0.07269814020028613,0.3776824034334764
243,0.8675,5.215,0.07233190271816882,0.3776824034334764
244,0.8425,5.18625,0.059971387696709594,0.3113018597997139
245,0.73,5.18125,0.06079542203147354,0.3158798283261803
246,0.875,5.2125,0.07288125894134478,0.3776824034334764
247,0.895,5.17875,0.0566752503576538,0.2929899856938484
248,0.7825,5.1975,0.06519027181688127,0.33648068669527903
249,0.8125,5.20125,0.06775393419170243,0.35250357653791137
250,0.8775,5.17875,0.05704148783977111,0.2952789699570816
251,0.8425,5.205,0.07022603719599428,0.3639484978540773
252,0.725,5.1825,0.06042918454935623,0.3158798283261803
253,0.71,5.2075,0.07416309012875537,0.3868383404864092
254,0.735,5.18125,0.06125321888412018,0.3181688125894135
255,0.7775,5.20625,0.06482403433476396,0.33648068669527903
256,0.8925,5.18125,0.061711015736766815,0.3181688125894135
257,0.6675,5.1875,0.05566809728183119,0.288412017167382
258,0.675,5.1825,0.05621745350500716,0.2929899856938484
259,0.665,5.21,0.07288125894134478,0.3776824034334764
260,0.705,5.2125,0.06290128755364807,0.32732474964234626
261,0.735,5.20875,0.06125321888412018,0.3181688125894135
262,0.75,5.19625,0.06564806866952791,0.3410586552217454
263,0.7175,5.20125,0.06976824034334765,0.3639484978540773
264,0.7,5.18375,0.05832331902718169,0.30443490701001436
265,0.7475,5.205,0.05978826895565094,0.3113018597997139
266,0.7325,5.205,0.06354220314735337,0.32961373390557946
267,0.75,5.1825,0.06253505007153076,0.32274678111587984
268,0.705,5.2125,0.07416309012875537,0.3868383404864092
269,0.7075,5.2075,0.07581115879828328,0.3937052932761088
270,0.765,5.185,0.06372532188841203,0.32961373390557946
271,0.7225,5.2125,0.07187410586552218,0.37539341917024327
272,0.6625,5.2125,0.07288125894134478,0.3776824034334764
273,0.84,5.21125,0.07004291845493563,0.3639484978540773
274,0.765,5.19625,0.06372532188841203,0.3341917024320458
275,0.8825,5.1825,0.0576824034334764,0.29985693848354794
276,0.76,5.18,0.06335908440629472,0.32961373390557946
277,0.6875,5.18125,0.05731616595135909,0.2952789699570816
278,0.7125,5.2075,0.06601430615164522,0.34563662374821175
279,0.815,5.215,0.06793705293276109,0.35250357653791137
280,0.8575,5.21625,0.07141630901287555,0.37081545064377686
281,0.8325,5.1875,0.061711015736766815,0.3181688125894135
282,0.74,5.2025,0.061711015736766815,0.32274678111587984
283,0.9525,5.21375,0.07938197424892705,0.4120171673819743
284,0.9175,5.18,0.059605150214592284,0.30672389127324756
285,0.885,5.20375,0.07370529327610874,0.38226037195994284
286,0.825,5.18875,0.06876108726752504,0.3570815450643777
287,0.675,5.215,0.07123319027181689,0.37081545064377686
288,0.85,5.21625,0.07086695278969958,0.37081545064377686
289,0.71,5.205,0.05914735336194564,0.30672389127324756
290,0.68,5.2075,0.07059227467811159,0.36852646638054365
291,0.865,5.215,0.07205722460658083,0.37539341917024327
292,0.6675,5.1925,0.05566809728183119,0.288412017167382
293,0.6975,5.2125,0.06537339055793992,0.3410586552217454
294,0.67,5.19625,0.055851216022889845,0.288412017167382
295,0.67,5.18375,0.055851216022889845,0.288412017167382
296,0.6675,5.21625,0.07233190271816882,0.3776824034334764
297,0.935,5.18125,0.059605150214592284,0.30672389127324756
298,0.705,5.19,0.05878111587982833,0.30443490701001436
299,0.7175,5.20625,0.07544492131616595,0.3937052932761088
300,0.8525,5.18625,0.06454935622317597,0.3341917024320458
301,0.7225,5.19875,0.060246065808297576,0.3158798283261803
302,0.785,5.195,0.064,0.3341917024320458
303,0.685,5.2075,0.07086695278969958,0.36852646638054365
304,0.8425,5.215,0.07022603719599428,0.36852646638054365
305,0.755,5.1925,0.06601430615164522,0.3410586552217454
306,0.6675,5.21375,0.07251502145922747,0.3776824034334764
307,0.7775,5.2125,0.06482403433476396,0.33648068669527903
308,0.6925,5.205,0.06976824034334765,0.3639484978540773
309,0.6675,5.2125,0.07288125894134478,0.3776824034334764
310,0.895,5.21625,0.07462088698140201,0.3891273247496424
311,0.705,5.20375,0.05878111587982833,0.30672389127324756
312,0.9075,5.18,0.06290128755364807,0.32732474964234626
313,0.9,5.21,0.07498712446351932,0.3891273247496424
314,0.9,5.205,0.07498712446351932,0.3891273247496424
315,0.71,5.20875,0.07416309012875537,0.3868383404864092
316,0.7075,5.18375,0.058964234620886985,0.30672389127324756
317,0.8575,5.21625,0.07141630901287555,0.37081545064377686
318,0.7625,5.195,0.06500715307582261,0.33648068669527903
319,0.8675,5.19875,0.07233190271816882,0.37539341917024327
320,0.87,5.215,0.07251502145922747,0.3776824034334764
321,0.8225,5.18625,0.058964234620886985,0.30672389127324756
322,0.8625,5.20875,0.07187410586552218,0.37539341917024327
323,0.84,5.21625,0.07004291845493563,0.3639484978540773
324,0.67,5.21375,0.07416309012875537,0.3868383404864092
325,0.86,5.21375,0.07169098712446352,0.37539341917024327
326,0.71,5.2075,0.05914735336194564,0.30672389127324756
327,0.8625,5.1875,0.05832331902718169,0.30443490701001436
328,0.8675,5.21375,0.07233190271816882,0.3776824034334764
329,0.8275,5.18375,0.0689442060085837,0.3570815450643777
330,0.7075,5.2125,0.07333905579399143,0.38226037195994284
331,0.8175,5.19375,0.06812017167381974,0.35250357653791137
332,0.6725,5.18375,0.05603433476394851,0.288412017167382
333,0.755,5.20375,0.059330472103004295,0.30672389127324756
334,0.83,5.19125,0.05566809728183119,0.288412017167382
335,0.935,5.215,0.0779170243204578,0.40515021459227474
336,0.7925,5.1925,0.062077253218884125,0.32274678111587984
337,0.8575,5.185,0.05878111587982833,0.30443490701001436
338,0.85,5.20625,0.07086695278969958,0.36852646638054365
339,0.8725,5.185,0.05566809728183119,0.288412017167382
340,0.89,5.18375,0.0566752503576538,0.2929899856938484
341,0.6875,5.18125,0.05731616595135909,0.2952789699570816
342,0.7275,5.205,0.07517024320457798,0.3891273247496424
343,0.9175,5.18125,0.06107010014306152,0.3158798283261803
344,0.7575,5.20125,0.06308440629470673,0.32732474964234626
345,0.8725,5.19,0.07269814020028613,0.3410586552217454
346,0.915,5.18125,0.059330472103004295,0.30672389127324756
347,0.675,5.1925,0.05621745350500716,0.2929899856938484
348,0.6675,5.19,0.05566809728183119,0.288412017167382
349,0.685,5.2175,0.06940200286123034,0.3639484978540773
350,0.6875,5.2,0.05731616595135909,0.2952789699570816
351,0.67,5.18625,0.055851216022889845,0.288412017167382
352,0.705,5.2125,0.06253505007153076,0.32732474964234626
353,0.7,5.20125,0.05832331902718169,0.30443490701001436
354,0.665,5.19,0.05539341917024321,0.288412017167382
355,0.6875,5.21375,0.06647210300429185,0.34563662374821175
356,0.7625,5.2125,0.06354220314735337,0.32961373390557946
357,0.9625,5.2125,0.080206008583691,0.41659513590844066
358,0.85,5.18875,0.059330472103004295,0.30672389127324756
359,0.9025,5.21625,0.07517024320457798,0.3937052932761088
360,0.8275,5.19375,0.0689442060085837,0.3570815450643777
361,0.755,5.2075,0.064,0.3341917024320458
362,0.7675,5.21375,0.064,0.3341917024320458
363,0.67,5.1875,0.055851216022889845,0.288412017167382
364,0.71,5.21,0.06290128755364807,0.32732474964234626
365,0.685,5.2,0.05704148783977111,0.2952789699570816
366,0.665,5.1925,0.05539341917024321,0.288412017167382
367,0.715,5.20125,0.07187410586552218,0.37539341917024327
368,0.8,5.215,0.0666552217453505,0.34792560801144495
369,0.835,5.21625,0.069585121602289,0.3639484978540773
370,0.8625,5.18375,0.0566752503576538,0.2929899856938484
371,0.8625,5.18375,0.05832331902718169,0.30443490701001436
372,0.745,5.20125,0.062077253218884125,0.32274678111587984
373,0.91,5.18125,0.06042918454935623,0.3113018597997139
374,0.7875,5.20375,0.06290128755364807,0.32732474964234626
375,0.905,5.205,0.07544492131616595,0.3937052932761088
376,0.775,5.20375,0.06226037195994278,0.32274678111587984
377,0.755,5.20875,0.06876108726752504,0.35937052932761093
378,0.8225,5.21625,0.06857796852646639,0.3570815450643777
379,0.7575,5.1975,0.0666552217453505,0.34563662374821175
380,0.6625,5.2125,0.07288125894134478,0.3776824034334764
381,0.795,5.215,0.0662889842632332,0.34563662374821175
382,0.67,5.21,0.055851216022889845,0.38226037195994284
383,0.695,5.20625,0.07059227467811159,0.36852646638054365
384,0.8425,5.21625,0.07022603719599428,0.36852646638054365
385,0.825,5.21625,0.06876108726752504,0.35937052932761093
386,0.685,5.2025,0.07205722460658083,0.37539341917024327
387,0.885,5.20375,0.07370529327610874,0.38226037195994284
388,0.7825,5.18375,0.06519027181688127,0.33648068669527903
389,0.71,5.205,0.07562804005722461,0.3937052932761088
390,0.7675,5.17875,0.064,0.32961373390557946
391,0.7525,5.2025,0.06271816881258942,0.32732474964234626
392,0.8425,5.1875,0.05978826895565094,0.3113018597997139
393,0.7675,5.18375,0.064,0.32961373390557946
394,0.8525,5.20125,0.07105007153075824,0.37081545064377686
395,0.8325,5.19,0.060246065808297576,0.3113018597997139
396,0.8225,5.20125,0.06857796852646639,0.3570815450643777
397,0.8675,5.21625,0.07233190271816882,0.3776824034334764
398,0.86,5.1825,0.056858369098712454,0.2952789699570816
399,0.7325,5.18125,0.06107010014306152,0.3158798283261803
400,0.8225,5.2025,0.06857796852646639,0.3570815450643777
401,0.82,5.1925,0.05566809728183119,0.288412017167382
402,0.8725,5.21375,0.07269814020028613,0.3776824034334764
403,0.9125,5.195,0.07608583690987125,0.3937052932761088
404,0.715,5.21375,0.07315593705293277,0.38226037195994284
405,0.88,5.20125,0.07333905579399143,0.38226037195994284
406,0.82,5.19375,0.0683032904148784,0.3570815450643777
407,0.735,5.20625,0.05914735336194564,0.30672389127324756
408,0.7825,5.1975,0.05621745350500716,0.2929899856938484
409,0.77,5.21125,0.06418311874105866,0.3341917024320458
410,0.6725,5.21625,0.07187410586552218,0.37539341917024327
411,0.675,5.21625,0.07059227467811159,0.36852646638054365
412,0.7675,5.21125,0.064,0.3341917024320458
413,0.67,5.21125,0.07233190271816882,0.3776824034334764
414,0.67,5.2125,0.07370529327610874,0.38226037195994284
415,0.8625,5.20625,0.07187410586552218,0.37539341917024327
416,0.865,5.18375,0.056492131616595144,0.2929899856938484
417,0.8075,5.2,0.06125321888412018,0.3181688125894135
418,0.8025,5.2075,0.06683834048640916,0.34792560801144495
419,0.9075,5.18125,0.07562804005722461,0.3158798283261803
420,0.88,5.18625,0.05878111587982833,0.30443490701001436
421,0.7625,5.205,0.06354220314735337,0.32961373390557946
422,0.86,5.21375,0.07169098712446352,0.37539341917024327
423,0.8425,5.1875,0.05878111587982833,0.30443490701001436
424,0.81,5.1975,0.06747925608011446,0.35250357653791137
425,0.7625,5.195,0.06354220314735337,0.32961373390557946
426,0.8575,5.185,0.05539341917024321,0.288412017167382
427,0.67,5.18125,0.055851216022889845,0.288412017167382
428,0.6675,5.19125,0.05566809728183119,0.288412017167382
429,0.7025,5.20875,0.06500715307582261,0.33648068669527903
430,0.6675,5.18625,0.05566809728183119,0.288412017167382
431,0.6725,5.18375,0.05603433476394851,0.288412017167382
432,0.9125,5.18125,0.059605150214592284,0.30672389127324756
433,0.85,5.20375,0.07086695278969958,0.36852646638054365
434,0.905,5.21,0.07544492131616595,0.3937052932761088
435,0.815,5.19125,0.06976824034334765,0.3639484978540773
436,0.7,5.1875,0.05832331902718169,0.30443490701001436
437,0.81,5.21625,0.06747925608011446,0.35250357653791137
438,0.8225,5.18875,0.060612303290414886,0.3158798283261803
439,0.84,5.20375,0.07004291845493563,0.3639484978540773
440,0.8475,5.2175,0.07059227467811159,0.36852646638054365
441,0.67,5.2075,0.07205722460658083,0.37539341917024327
442,0.68,5.21625,0.06940200286123034,0.3639484978540773
443,0.7325,5.20125,0.06107010014306152,0.3181688125894135
444,0.7625,5.195,0.06537339055793992,0.3410586552217454
445,0.67,5.215,0.07123319027181689,0.37081545064377686
446,0.7225,5.20625,0.060246065808297576,0.3158798283261803
447,0.8375,5.195,0.059330472103004295,0.30672389127324756
448,0.7425,5.20875,0.06647210300429185,0.34563662374821175
449,0.865,5.2125,0.07205722460658083,0.37539341917024327
450,0.84,5.19375,0.059605150214592284,0.3113018597997139
451,0.71,5.21375,0.07544492131616595,0.3937052932761088
452,0.8675,5.2125,0.07233190271816882,0.3776824034334764
453,0.8675,5.18375,0.059330472103004295,0.30672389127324756
454,0.675,5.2075,0.07105007153075824,0.37081545064377686
455,0.8125,5.2,0.06775393419170243,0.35250357653791137
456,0.8725,5.18375,0.07269814020028613,0.288412017167382
457,0.685,5.205,0.07022603719599428,0.3639484978540773
458,0.8575,5.215,0.07141630901287555,0.37081545064377686
459,0.8425,5.21625,0.07022603719599428,0.36852646638054365
460,0.7325,5.2,0.06647210300429185,0.34563662374821175
461,0.8425,5.195,0.07022603719599428,0.3639484978540773
462,0.72,5.18125,0.059971387696709594,0.3113018597997139
463,0.7775,5.19625,0.07169098712446352,0.37081545064377686
464,0.73,5.1975,0.06079542203147354,0.3158798283261803
465,0.8825,5.21375,0.07352217453505008,0.38226037195994284
466,0.8225,5.195,0.05978826895565094,0.3113018597997139
467,0.755,5.21,0.06290128755364807,0.32732474964234626
468,0.7575,5.2025,0.06308440629470673,0.32961373390557946
469,0.71,5.20375,0.0689442060085837,0.35937052932761093
470,0.845,5.20625,0.07040915593705294,0.36852646638054365
471,0.8025,5.215,0.06683834048640916,0.34792560801144495
472,0.7225,5.2,0.0666552217453505,0.34563662374821175
473,0.8675,5.20875,0.07233190271816882,0.37539341917024327
474,0.8525,5.2175,0.07105007153075824,0.37081545064377686
475,0.785,5.1925,0.06290128755364807,0.32732474964234626
476,0.86,5.1975,0.07169098712446352,0.37081545064377686
477,0.7275,5.1825,0.060612303290414886,0.3158798283261803
478,0.8,5.195,0.080206008583691,0.41659513590844066
479,0.8825,5.185,0.06372532188841203,0.32961373390557946
480,0.8225,5.21125,0.06857796852646639,0.3570815450643777
481,0.9,5.18125,0.06125321888412018,0.3181688125894135
482,0.7425,5.205,0.059330472103004295,0.30672389127324756
483,0.69,5.1875,0.057499284692417746,0.29985693848354794
484,0.6675,5.21375,0.07251502145922747,0.3776824034334764
485,0.905,5.17,0.10877253218884121,0.5630901287553648
486,0.6875,5.18375,0.05731616595135909,0.2952789699570816
487,0.725,5.20875,0.06107010014306152,0.3181688125894135
488,0.875,5.19125,0.05539341917024321,0.288412017167382
489,0.7025,5.2025,0.05850643776824035,0.30443490701001436
490,0.71,5.21125,0.061711015736766815,0.32274678111587984
491,0.785,5.19625,0.05850643776824035,0.30443490701001436
492,0.905,5.2075,0.07544492131616595,0.3937052932761088
493,0.8725,5.18875,0.07269814020028613,0.3776824034334764
494,0.72,5.20625,0.07544492131616595,0.3937052932761088
495,0.72,5.18,0.059971387696709594,0.3113018597997139
496,0.855,5.21375,0.07123319027181689,0.37081545064377686
497,0.86,5.18375,0.05603433476394851,0.288412017167382
498,0.6675,5.18875,0.05566809728183119,0.288412017167382
499,0.69,5.20375,0.057499284692417746,0.29985693848354794
500,0.685,5.20875,0.07086695278969958,0.36852646638054365
501,0.8675,5.215,0.07233190271816882,0.3776824034334764
502,0.8575,5.215,0.07141630901287555,0.37081545064377686
503,0.785,5.1925,0.06189413447782547,0.32274678111587984
504,0.8025,5.2,0.06683834048640916,0.34792560801144495
505,0.8475,5.19875,0.07059227467811159,0.36852646638054365
506,0.8675,5.18,0.05566809728183119,0.288412017167382
507,0.825,5.2125,0.06876108726752504,0.35937052932761093
508,0.85,5.1975,0.07086695278969958,0.36852646638054365
509,0.73,5.2125,0.06976824034334765,0.3639484978540773
510,0.91,5.2075,0.07581115879828328,0.3937052932761088
511,0.735,5.1825,0.06125321888412018,0.3181688125894135
512,0.8075,5.19,0.06107010014306152,0.3181688125894135
513,0.7925,5.19125,0.06601430615164522,0.3410586552217454
514,0.865,5.21625,0.07205722460658083,0.37539341917024327
515,0.68,5.20875,0.07105007153075824,0.37081545064377686
516,0.67,5.21375,0.07251502145922747,0.3776824034334764
517,0.855,5.21125,0.07123319027181689,0.37081545064377686
518,0.8675,5.18375,0.05731616595135909,0.2952789699570816
519,0.875,5.18375,0.0566752503576538,0.2929899856938484
520,0.84,5.2075,0.07004291845493563,0.3639484978540773
521,0.89,5.18,0.0566752503576538,0.2929899856938484
522,0.755,5.2075,0.06500715307582261,0.33648068669527903
523,0.9125,5.21,0.07608583690987125,0.3982832618025752
524,0.9225,5.1825,0.06107010014306152,0.3158798283261803
525,0.845,5.1875,0.06143633762517883,0.3181688125894135
526,0.785,5.19625,0.06537339055793992,0.3410586552217454
527,0.67,5.21,0.07251502145922747,0.3776824034334764
528,0.685,5.21625,0.0689442060085837,0.35937052932761093
529,0.68,5.19625,0.0566752503576538,0.2952789699570816
530,0.7025,5.205,0.05850643776824035,0.30443490701001436
531,0.685,5.2075,0.07269814020028613,0.3776824034334764
532,0.82,5.21625,0.0683032904148784,0.3570815450643777
533,0.69,5.2,0.057499284692417746,0.29985693848354794
534,0.6725,5.21125,0.07169098712446352,0.37539341917024327
535,1.5225,5.14625,0.12690128755364807,0.6523605150214593
536,0.805,5.18625,0.06711301859799715,0.34792560801144495
537,0.7025,5.20875,0.07663519313304722,0.3982832618025752
538,0.725,5.1825,0.06042918454935623,0.3158798283261803
539,0.8325,5.21125,0.06940200286123034,0.35937052932761093
540,0.92,5.18375,0.05832331902718169,0.30443490701001436
541,0.7725,5.205,0.06436623748211731,0.3341917024320458
542,0.77,5.21625,0.06418311874105866,0.3341917024320458
543,0.8025,5.19125,0.06125321888412018,0.3181688125894135
544,0.7275,5.19,0.060612303290414886,0.3158798283261803
545,0.785,5.19625,0.06537339055793992,0.3410586552217454
546,0.91,5.1825,0.06271816881258942,0.32732474964234626
547,0.765,5.19625,0.06372532188841203,0.32961373390557946
548,0.875,5.2075,0.07288125894134478,0.3776824034334764
549,0.83,5.185,0.05978826895565094,0.3113018597997139
550,0.7925,5.1975,0.06601430615164522,0.3410586552217454
551,0.7775,5.1975,0.06482403433476396,0.33648068669527903
552,0.7425,5.20125,0.07086695278969958,0.36852646638054365
553,0.9375,5.17125,0.06042918454935623,0.3113018597997139
554,0.7075,5.185,0.058964234620886985,0.30672389127324756
555,0.9,5.1825,0.061711015736766815,0.3181688125894135
556,0.8775,5.1875,0.05850643776824035,0.30443490701001436
557,0.86,5.20875,0.07169098712446352,0.37539341917024327
558,0.665,5.2125,0.07123319027181689,0.37081545064377686
559,0.81,5.18875,0.064,0.3341917024320458
560,0.705,5.18625,0.05878111587982833,0.30443490701001436
561,0.825,5.1925,0.05566809728183119,0.288412017167382
562,0.8325,5.19,0.05539341917024321,0.288412017167382
563,0.8475,5.195,0.07059227467811159,0.36852646638054365
564,0.7225,5.20875,0.06107010014306152,0.3181688125894135
565,0.845,5.18625,0.056492131616595144,0.2929899856938484
566,0.6825,5.18375,0.056858369098712454,0.2952789699570816
567,0.7725,5.1975,0.06436623748211731,0.3341917024320458
568,0.8775,5.18375,0.06335908440629472,0.32961373390557946
569,0.8025,5.19875,0.06683834048640916,0.34792560801144495
570,0.8825,5.215,0.07352217453505008,0.38226037195994284
571,0.79,5.2025,0.061711015736766815,0.32274678111587984
572,0.7925,5.215,0.06601430615164522,0.34563662374821175
573,0.7825,5.2125,0.06519027181688127,0.3410586552217454
574,0.795,5.1925,0.062077253218884125,0.32274678111587984
575,0.8325,5.20375,0.06940200286123034,0.35937052932761093
576,0.77,5.19625,0.06418311874105866,0.3341917024320458
577,0.86,5.185,0.05566809728183119,0.288412017167382
578,0.71,5.185,0.05914735336194564,0.30672389127324756
579,0.845,5.18375,0.07040915593705294,0.3639484978540773
580,0.78,5.2,0.05603433476394851,0.2929899856938484
581,0.72,5.2075,0.059971387696709594,0.3113018597997139
582,0.895,5.205,0.07462088698140201,0.3891273247496424
583,0.7925,5.2025,0.06308440629470673,0.32961373390557946
584,0.84,5.2125,0.07004291845493563,0.3639484978540773
585,0.9475,5.1925,0.07892417739628041,0.4097281831187411
586,0.7125,5.21375,0.07480400572246067,0.3891273247496424
587,0.8625,5.2075,0.07187410586552218,0.37539341917024327
588,0.865,5.21125,0.07205722460658083,0.37539341917024327
589,0.875,5.18,0.056858369098712454,0.2952789699570816
590,0.7775,5.195,0.06372532188841203,0.32961373390557946
591,0.8075,5.20125,0.0672961373390558,0.34792560801144495
592,0.85,5.18625,0.05832331902718169,0.30443490701001436
593,0.8175,5.18875,0.0666552217453505,0.34563662374821175
594,0.84,5.20375,0.07004291845493563,0.3639484978540773
595,0.8,5.195,0.055851216022889845,0.288412017167382
596,0.8275,5.19125,0.05521030042918455,0.2861230329041488
597,0.89,5.215,0.07416309012875537,0.3868383404864092
598,0.9025,5.18,0.05978826895565094,0.3113018597997139
599,0.865,5.18875,0.05850643776824035,0.30443490701001436
600,0.8325,5.195,0.06940200286123034,0.35937052932761093
601,0.71,5.2075,0.07517024320457798,0.3891273247496424
602,1.2675,5.16875,0.11518168812589415,0.5974248927038627
603,0.8725,5.21125,0.07269814020028613,0.3776824034334764
604,0.9075,5.21375,0.07562804005722461,0.3937052932761088
605,0.8225,5.19375,0.059330472103004295,0.30672389127324756
606,0.865,5.2125,0.07205722460658083,0.37539341917024327
607,0.8075,5.1925,0.0672961373390558,0.34792560801144495
608,0.75,5.20375,0.05814020028612304,0.30443490701001436
609,0.69,5.2025,0.057499284692417746,0.29985693848354794
610,0.895,5.21625,0.07462088698140201,0.3891273247496424
611,0.775,5.19625,0.06519027181688127,0.33648068669527903
612,0.7475,5.20125,0.06226037195994278,0.32274678111587984
613,0.8825,5.21375,0.07352217453505008,0.38226037195994284
614,0.89,5.1875,0.059971387696709594,0.3113018597997139
615,0.9025,5.21,0.07517024320457798,0.3891273247496424
616,0.8225,5.195,0.06857796852646639,0.3570815450643777
617,0.7575,5.20375,0.05878111587982833,0.30672389127324756
618,0.69,5.18125,0.057499284692417746,0.2952789699570816
619,0.6925,5.18375,0.0576824034334764,0.29985693848354794
620,0.7,5.21375,0.06418311874105866,0.3341917024320458
621,0.745,5.2,0.062077253218884125,0.32274678111587984
622,0.7875,5.20875,0.06564806866952791,0.3410586552217454
623,0.66,5.2125,0.07288125894134478,0.3776824034334764
624,0.735,5.20875,0.06125321888412018,0.3181688125894135
625,0.79,5.19875,0.06583118741058656,0.3410586552217454
626,1.4175,5.16375,0.13120457796852647,0.6798283261802576
627,1.16,5.1825,0.1133505007153076,0.58826895565093
628,0.915,5.20625,0.0762689556509299,0.3982832618025752
629,0.84,5.19375,0.05914735336194564,0.30672389127324756
630,0.89,5.18625,0.05850643776824035,0.30443490701001436
631,0.79,5.2075,0.06583118741058656,0.3410586552217454
632,0.78,5.2,0.05704148783977111,0.2952789699570816
633,0.86,5.18375,0.05566809728183119,0.288412017167382
634,0.6875,5.18375,0.05731616595135909,0.2952789699570816
635,0.9175,5.18375,0.05521030042918455,0.2861230329041488
636,0.675,5.215,0.07022603719599428,0.36852646638054365
637,0.6775,5.1975,0.056492131616595144,0.2929899856938484
638,0.685,5.205,0.05704148783977111,0.3639484978540773
639,0.68,5.2075,0.07141630901287555,0.37081545064377686
640,0.8725,5.21375,0.07269814020028613,0.3776824034334764
641,0.6775,5.19625,0.056492131616595144,0.2929899856938484
642,0.8575,5.18375,0.07123319027181689,0.36852646638054365
643,0.7,5.175,0.05832331902718169,0.29985693848354794
644,0.875,5.21375,0.07288125894134478,0.3776824034334764
645,0.8975,5.18125,0.05914735336194564,0.30672389127324756
646,0.8125,5.21,0.06775393419170243,0.35250357653791137
647,0.8725,5.2125,0.07269814020028613,0.3776824034334764
648,0.77,5.19625,0.06418311874105866,0.3341917024320458
649,0.8775,5.2125,0.07315593705293277,0.38226037195994284
650,0.795,5.21,0.0662889842632332,0.34563662374821175
651,0.685,5.205,0.07004291845493563,0.3639484978540773
652,0.915,5.2125,0.0762689556509299,0.3982832618025752
653,0.7675,5.205,0.064,0.3341917024320458
654,0.6775,5.20875,0.07251502145922747,0.3776824034334764
655,0.8275,5.215,0.0689442060085837,0.35937052932761093
656,0.7075,5.20125,0.058964234620886985,0.30672389127324756
657,0.9075,5.1825,0.059330472103004295,0.30672389127324756
658,0.8175,5.2125,0.06812017167381974,0.3570815450643777
659,0.915,5.215,0.0762689556509299,0.3982832618025752
660,0.805,5.195,0.06143633762517883,0.3181688125894135
661,0.785,5.2075,0.06537339055793992,0.3410586552217454
662,0.805,5.215,0.06711301859799715,0.34792560801144495
663,0.6675,5.215,0.07251502145922747,0.3776824034334764
664,0.6675,5.21375,0.07169098712446352,0.37539341917024327
665,0.665,5.19,0.05539341917024321,0.288412017167382
666,0.7025,5.21125,0.06683834048640916,0.34792560801144495
667,0.825,5.1925,0.05539341917024321,0.288412017167382
668,0.6825,5.18375,0.056858369098712454,0.2952789699570816
669,0.6775,5.21625,0.06912732474964235,0.35937052932761093
670,0.815,5.19,0.06454935622317597,0.3341917024320458
671,0.755,5.19125,0.06290128755364807,0.32732474964234626
672,0.71,5.2125,0.07370529327610874,0.38226037195994284
673,0.8375,5.19375,0.06940200286123034,0.35937052932761093
674,0.7475,5.1825,0.06226037195994278,0.32274678111587984
675,0.7325,5.2125,0.06107010014306152,0.3570815450643777
676,0.7375,5.21,0.06583118741058656,0.3410586552217454
677,0.865,5.21375,0.07205722460658083,0.37539341917024327
678,0.7775,5.2125,0.06482403433476396,0.33648068669527903
679,0.6625,5.21,0.07233190271816882,0.37539341917024327
680,0.7425,5.19875,0.06189413447782547,0.32274678111587984
681,0.705,5.18375,0.05878111587982833,0.30443490701001436
682,0.6825,5.21625,0.06683834048640916,0.34792560801144495
683,0.7475,5.2,0.06226037195994278,0.32274678111587984
684,0.695,5.20125,0.05795708154506438,0.29985693848354794
685,0.68,5.205,0.07205722460658083,0.37539341917024327
686,0.76,5.2125,0.06335908440629472,0.32961373390557946
687,0.8725,5.21375,0.07269814020028613,0.3776824034334764
688,0.8475,5.18875,0.05832331902718169,0.30443490701001436
689,0.84,5.21125,0.07004291845493563,0.3639484978540773
690,0.9075,5.2075,0.07562804005722461,0.3937052932761088
691,0.7325,5.21,0.06647210300429185,0.34563662374821175
692,0.9475,5.205,0.07892417739628041,0.4120171673819743
693,0.77,5.21125,0.06418311874105866,0.3341917024320458
694,0.7125,5.20125,0.06711301859799715,0.34792560801144495
695,0.7525,5.21,0.06271816881258942,0.32732474964234626
696,0.83,5.21125,0.06912732474964235,0.35937052932761093
697,0.745,5.1975,0.06482403433476396,0.33648068669527903
698,0.6625,5.2125,0.07169098712446352,0.37539341917024327
699,0.86,5.215,0.07169098712446352,0.37539341917024327
700,0.8475,5.18625,0.05878111587982833,0.30443490701001436
701,0.665,5.2125,0.07269814020028613,0.3776824034334764
702,0.91,5.21,0.07581115879828328,0.3937052932761088
703,0.905,5.18125,0.05832331902718169,0.30443490701001436
704,0.795,5.19875,0.06482403433476396,0.33648068669527903
705,0.8925,5.215,0.07434620886981402,0.3868383404864092
706,0.885,5.1825,0.05850643776824035,0.30443490701001436
707,0.7875,5.19875,0.07727610872675252,0.4005722460658083
708,0.86,5.2075,0.07169098712446352,0.37539341917024327
709,0.865,5.1825,0.0576824034334764,0.29985693848354794
710,0.685,5.2075,0.07352217453505008,0.38226037195994284
711,0.74,5.21,0.061711015736766815,0.32274678111587984
712,0.675,5.215,0.05621745350500716,0.35937052932761093
713,0.675,5.21125,0.07086695278969958,0.36852646638054365
714,0.9025,5.215,0.07517024320457798,0.3937052932761088
715,0.82,5.2175,0.0683032904148784,0.3570815450643777
716,0.6975,5.2025,0.0683032904148784,0.3570815450643777
717,0.755,5.19,0.06290128755364807,0.32732474964234626
718,0.9,5.2125,0.07498712446351932,0.3891273247496424
719,0.795,5.2,0.062077253218884125,0.32274678111587984
720,0.9325,5.2125,0.07773390557939915,0.40515021459227474
721,0.9025,5.21375,0.07517024320457798,0.3937052932761088
722,0.8025,5.19875,0.06226037195994278,0.32274678111587984
723,0.745,5.2,0.062077253218884125,0.32274678111587984
724,0.73,5.195,0.06079542203147354,0.3158798283261803
725,0.6775,5.2175,0.07086695278969958,0.37081545064377686
726,0.8525,5.21625,0.07105007153075824,0.37081545064377686
727,0.755,5.205,0.06290128755364807,0.32732474964234626
728,0.6675,5.215,0.07169098712446352,0.37539341917024327
729,0.845,5.2175,0.07040915593705294,0.36852646638054365
730,0.6625,5.1875,0.05521030042918455,0.2861230329041488
731,0.7725,5.20125,0.05704148783977111,0.2952789699570816
732,0.8625,5.2125,0.07187410586552218,0.37539341917024327
733,0.89,5.205,0.07416309012875537,0.3868383404864092
734,0.71,5.2125,0.07370529327610874,0.38226037195994284
735,0.72,5.21375,0.07233190271816882,0.3776824034334764
736,0.8675,5.2,0.07233190271816882,0.37539341917024327
737,0.6975,5.21,0.0662889842632332,0.34563662374821175
738,0.6775,5.215,0.0689442060085837,0.35937052932761093
739,0.7275,5.20625,0.060612303290414886,0.3158798283261803
740,0.6825,5.21125,0.07251502145922747,0.3776824034334764
741,0.71,5.20875,0.06647210300429185,0.34563662374821175
742,0.6625,5.18875,0.05521030042918455,0.2861230329041488
743,0.6675,5.21125,0.07233190271816882,0.3776824034334764
744,0.67,5.21625,0.07233190271816882,0.3776824034334764
745,0.8325,5.21125,0.06940200286123034,0.35937052932761093
746,0.67,5.2075,0.07059227467811159,0.36852646638054365
747,0.9325,5.1775,0.06079542203147354,0.3158798283261803
748,0.7325,5.2,0.06107010014306152,0.3181688125894135
749,0.75,5.2,0.06253505007153076,0.37539341917024327
750,0.895,5.1825,0.06125321888412018,0.3181688125894135
751,0.7575,5.18375,0.06308440629470673,0.32732474964234626
752,0.6625,5.2,0.05521030042918455,0.288412017167382
753,0.7775,5.1975,0.05914735336194564,0.30672389127324756
754,0.7275,5.2075,0.060612303290414886,0.3158798283261803
755,0.665,5.19625,0.05539341917024321,0.288412017167382
756,0.685,5.21375,0.07269814020028613,0.3776824034334764
757,0.7325,5.20375,0.06107010014306152,0.3181688125894135
758,0.6775,5.18375,0.056492131616595144,0.2929899856938484
759,0.7175,5.21,0.06107010014306152,0.3181688125894135
760,0.6775,5.19875,0.056492131616595144,0.2929899856938484
761,1.1775,5.19,0.09815164520743921,0.5104434907010015
762,0.9725,5.17375,0.06143633762517883,0.3181688125894135
763,0.88,5.21,0.07333905579399143,0.38226037195994284
764,0.82,5.1975,0.0683032904148784,0.3570815450643777
765,0.7025,5.21125,0.07517024320457798,0.3891273247496424
766,0.795,5.19125,0.0662889842632332,0.34563662374821175
767,0.7075,5.1825,0.058964234620886985,0.30443490701001436
768,0.815,5.195,0.055851216022889845,0.288412017167382
769,0.69,5.2025,0.057499284692417746,0.29985693848354794
770,0.67,5.185,0.055851216022889845,0.288412017167382
771,0.7675,5.2075,0.06876108726752504,0.3570815450643777
772,0.715,5.21,0.06189413447782547,0.32274678111587984
773,0.7725,5.215,0.06436623748211731,0.33648068669527903
774,0.805,5.19,0.06079542203147354,0.3158798283261803
775,0.675,5.2075,0.07233190271816882,0.37539341917024327
776,0.8375,5.205,0.06976824034334765,0.3639484978540773
777,0.7775,5.20875,0.07352217453505008,0.38226037195994284
778,0.705,5.20875,0.07581115879828328,0.3937052932761088
779,0.7625,5.185,0.06354220314735337,0.32961373390557946
780,0.73,5.2025,0.07269814020028613,0.3776824034334764
781,0.84,5.19,0.06601430615164522,0.3410586552217454
782,0.685,5.19625,0.05704148783977111,0.2952789699570816
783,0.6975,5.20875,0.07269814020028613,0.3776824034334764
784,0.6825,5.21625,0.06876108726752504,0.35937052932761093
785,0.6675,5.1925,0.05566809728183119,0.288412017167382
786,0.8125,5.19,0.06775393419170243,0.3158798283261803
787,0.7775,5.19375,0.06143633762517883,0.3181688125894135
788,0.8775,5.21,0.07315593705293277,0.38226037195994284
789,0.85,5.215,0.07086695278969958,0.37081545064377686
790,0.7125,5.2025,0.06775393419170243,0.35250357653791137
791,0.86,5.20875,0.07169098712446352,0.37539341917024327
792,0.73,5.18125,0.06079542203147354,0.3158798283261803
793,0.9025,5.18125,0.06271816881258942,0.32732474964234626
794,0.7,5.185,0.05832331902718169,0.30443490701001436
795,0.7025,5.18875,0.05850643776824035,0.30443490701001436
796,0.7825,5.195,0.0683032904148784,0.3570815450643777
797,0.77,5.17625,0.06418311874105866,0.3341917024320458
798,0.8525,5.20875,0.07105007153075824,0.37081545064377686
799,0.87,5.18375,0.05704148783977111,0.2952789699570816
800,0.685,5.18125,0.05704148783977111,0.2952789699570816
801,0.7,5.18375,0.05832331902718169,0.30443490701001436
802,0.8625,5.1875,0.05539341917024321,0.288412017167382
803,0.67,5.1825,0.055851216022889845,0.288412017167382
804,0.7275,5.19,0.060612303290414886,0.3158798283261803
805,0.8575,5.18625,0.05566809728183119,0.288412017167382
806,0.6625,5.18875,0.05521030042918455,0.2861230329041488
807,0.76,5.2075,0.06335908440629472,0.32961373390557946
808,0.8775,5.1825,0.060612303290414886,0.3158798283261803
809,0.7675,5.1875,0.064,0.3341917024320458
810,0.7975,5.2075,0.06647210300429185,0.34563662374821175
811,0.915,5.18,0.05978826895565094,0.3113018597997139
812,0.815,5.1925,0.06812017167381974,0.35250357653791137
813,0.695,5.20375,0.05795708154506438,0.29985693848354794
814,0.685,5.21375,0.07059227467811159,0.36852646638054365
815,0.68,5.21625,0.06976824034334765,0.3639484978540773
816,0.66,5.185,0.0550271816881259,0.2861230329041488
817,0.7325,5.205,0.05914735336194564,0.30672389127324756
818,0.7625,5.2025,0.05795708154506438,0.29985693848354794
819,0.695,5.185,0.05795708154506438,0.29985693848354794
820,0.7375,5.20375,0.057499284692417746,0.29985693848354794
821,0.81,5.1925,0.0550271816881259,0.2861230329041488
822,0.9175,5.2075,0.07645207439198856,0.3982832618025752
823,0.78,5.205,0.06500715307582261,0.32732474964234626
824,0.81,5.1925,0.06747925608011446,0.34792560801144495
825,0.755,5.185,0.06290128755364807,0.32732474964234626
826,0.7125,5.19625,0.059330472103004295,0.30672389127324756
827,0.91,5.18125,0.07004291845493563,0.3639484978540773
828,0.88,5.2,0.07333905579399143,0.38226037195994284
829,0.8225,5.20125,0.06857796852646639,0.3570815450643777
830,0.87,5.185,0.05850643776824035,0.30443490701001436
831,0.7125,5.185,0.059330472103004295,0.30672389127324756
832,0.705,5.18625,0.05878111587982833,0.30443490701001436
833,0.905,5.17875,0.05603433476394851,0.288412017167382
834,0.725,5.18875,0.06042918454935623,0.3158798283261803
835,0.7875,5.19875,0.06564806866952791,0.3410586552217454
836,0.825,5.19,0.05539341917024321,0.288412017167382
837,0.71,5.19625,0.05914735336194564,0.30672389127324756
838,0.9025,5.2075,0.07517024320457798,0.3891273247496424
839,0.725,5.21,0.06912732474964235,0.35937052932761093
840,0.825,5.195,0.06876108726752504,0.3570815450643777
841,0.9275,5.17875,0.07727610872675252,0.4005722460658083
842,0.9,5.18125,0.06436623748211731,0.3341917024320458
843,0.7625,5.19,0.06354220314735337,0.32961373390557946
844,0.755,5.19375,0.06290128755364807,0.32732474964234626
845,0.865,5.18125,0.05704148783977111,0.2952789699570816
846,0.6925,5.185,0.0576824034334764,0.29985693848354794
847,0.715,5.18875,0.059605150214592284,0.30672389127324756
848,0.87,5.18375,0.05603433476394851,0.288412017167382
849,0.8725,5.1825,0.05704148783977111,0.2952789699570816
850,0.7625,5.19375,0.06354220314735337,0.32961373390557946
851,0.8225,5.19125,0.05521030042918455,0.2861230329041488
852,0.8475,5.1925,0.06711301859799715,0.34792560801144495
853,0.8275,5.2125,0.0689442060085837,0.35937052932761093
854,0.855,5.19,0.059330472103004295,0.30672389127324756
855,0.75,5.2075,0.0689442060085837,0.35937052932761093
856,0.88,5.20375,0.07333905579399143,0.38226037195994284
857,0.7575,5.2075,0.06418311874105866,0.3341917024320458
858,0.8,5.195,0.05566809728183119,0.288412017167382
859,0.6675,5.1925,0.05566809728183119,0.288412017167382
860,0.745,5.205,0.062077253218884125,0.30672389127324756
861,0.79,5.1975,0.05603433476394851,0.2929899856938484
862,0.83,5.20375,0.06912732474964235,0.35937052932761093
863,0.7,5.18375,0.05832331902718169,0.30443490701001436
864,0.7475,5.20375,0.05850643776824035,0.30443490701001436
865,0.73,5.2075,0.06079542203147354,0.3158798283261803
866,0.665,5.19125,0.05539341917024321,0.288412017167382
867,0.8325,5.19125,0.0662889842632332,0.34563662374821175
868,0.72,5.195,0.059971387696709594,0.3113018597997139
869,0.8925,5.21375,0.07434620886981402,0.3868383404864092
870,0.9175,5.17625,0.06042918454935623,0.3113018597997139
871,0.7,5.1875,0.05832331902718169,0.30443490701001436
872,0.775,5.19625,0.06454935622317597,0.3341917024320458
873,0.705,5.21,0.069585121602289,0.3639484978540773
874,0.7025,5.20625,0.05850643776824035,0.30443490701001436
875,0.665,5.18625,0.05539341917024321,0.288412017167382
876,0.6725,5.2175,0.07059227467811159,0.36852646638054365
877,0.7625,5.21375,0.06354220314735337,0.32961373390557946
878,0.68,5.2025,0.0566752503576538,0.2952789699570816
879,0.68,5.215,0.06857796852646639,0.3570815450643777
880,0.6725,5.185,0.05603433476394851,0.288412017167382
881,0.685,5.18375,0.05704148783977111,0.2952789699570816
882,0.7075,5.2125,0.07434620886981402,0.3868383404864092
883,0.8925,5.19875,0.07434620886981402,0.3868383404864092
884,0.7025,5.18375,0.05850643776824035,0.30443490701001436
885,0.705,5.21375,0.07517024320457798,0.3937052932761088
886,0.94,5.17,0.06354220314735337,0.32961373390557946
887,0.7575,5.20375,0.06308440629470673,0.32961373390557946
888,0.7925,5.19125,0.06189413447782547,0.32274678111587984
889,0.845,5.18875,0.06143633762517883,0.3181688125894135
890,0.7825,5.1975,0.06519027181688127,0.33648068669527903
891,0.855,5.185,0.05832331902718169,0.30443490701001436
892,0.71,5.2025,0.06812017167381974,0.35250357653791137
893,0.805,5.215,0.06711301859799715,0.34792560801144495
894,0.735,5.2,0.06812017167381974,0.35250357653791137
895,0.6675,5.2125,0.07370529327610874,0.38226037195994284
896,0.8125,5.215,0.06775393419170243,0.35250357653791137
897,0.8225,5.19,0.06857796852646639,0.35250357653791137
898,0.935,5.17,0.06079542203147354,0.3158798283261803
899,0.87,5.195,0.07251502145922747,0.37539341917024327
900,0.915,5.21125,0.0762689556509299,0.3982832618025752
901,0.8475,5.19125,0.05850643776824035,0.30443490701001436
902,0.855,5.21375,0.07123319027181689,0.37081545064377686
903,0.8025,5.21375,0.06683834048640916,0.34792560801144495
904,0.76,5.195,0.06482403433476396,0.33648068669527903
905,0.8675,5.215,0.07233190271816882,0.3776824034334764
906,0.9125,5.215,0.07608583690987125,0.3982832618025752
907,0.875,5.18375,0.05814020028612304,0.29985693848354794
908,0.67,5.18375,0.055851216022889845,0.288412017167382
909,0.6825,5.185,0.056858369098712454,0.2952789699570816
910,0.6925,5.215,0.06418311874105866,0.3341917024320458
911,0.8275,5.21625,0.0689442060085837,0.35937052932761093
912,0.915,5.21125,0.0762689556509299,0.3982832618025752
913,0.9275,5.18625,0.05878111587982833,0.30443490701001436
914,0.905,5.21,0.07544492131616595,0.3937052932761088
915,0.8925,5.20375,0.07434620886981402,0.3868383404864092
916,0.73,5.2125,0.07022603719599428,0.36852646638054365
917,0.91,5.21125,0.07581115879828328,0.3937052932761088
918,0.83,5.20375,0.06912732474964235,0.35937052932761093
919,0.89,5.18,0.056492131616595144,0.2929899856938484
920,0.6825,5.1825,0.056858369098712454,0.2952789699570816
921,0.8325,5.205,0.06940200286123034,0.35937052932761093
922,0.83,5.18875,0.05566809728183119,0.288412017167382
923,0.87,5.17875,0.056858369098712454,0.2952789699570816
924,0.715,5.18875,0.059605150214592284,0.30672389127324756
925,0.6825,5.215,0.07141630901287555,0.37081545064377686
926,0.7,5.21125,0.06290128755364807,0.32732474964234626
927,0.9875,5.20625,0.08231187410586553,0.4280400572246066
928,0.7575,5.19625,0.069585121602289,0.35937052932761093
929,0.8275,5.18375,0.07187410586552218,0.37081545064377686
930,0.7475,5.18375,0.06226037195994278,0.32274678111587984
931,0.725,5.21375,0.0689442060085837,0.35937052932761093
932,0.7875,5.195,0.0689442060085837,0.35937052932761093
933,0.725,5.1825,0.06042918454935623,0.3158798283261803
934,0.6975,5.2125,0.06500715307582261,0.33648068669527903
935,0.78,5.19875,0.0566752503576538,0.2952789699570816
936,0.7675,5.19125,0.064,0.3341917024320458
937,0.87,5.2125,0.07251502145922747,0.3776824034334764
938,0.865,5.18375,0.056492131616595144,0.2929899856938484
939,0.7925,5.19875,0.06601430615164522,0.34563662374821175
940,0.82,5.20125,0.0683032904148784,0.3570815450643777
941,0.815,5.1925,0.05521030042918455,0.2861230329041488
942,0.7825,5.2,0.06519027181688127,0.33648068669527903
943,0.8625,5.20375,0.07187410586552218,0.37539341917024327
944,0.905,5.17875,0.06226037195994278,0.32274678111587984
945,0.705,5.185,0.05878111587982833,0.30443490701001436
946,0.7075,5.1925,0.058964234620886985,0.30672389127324756
947,0.9325,5.18,0.06372532188841203,0.32961373390557946
948,0.75,5.18375,0.06253505007153076,0.32274678111587984
949,0.83,5.205,0.06912732474964235,0.35937052932761093
950,0.8625,5.18375,0.05795708154506438,0.29985693848354794
951,0.75,5.185,0.06253505007153076,0.32274678111587984
952,0.7275,5.19,0.060612303290414886,0.3158798283261803
953,0.8425,5.18875,0.059330472103004295,0.30672389127324756
954,0.7,5.185,0.05832331902718169,0.30443490701001436
955,0.6725,5.1825,0.05603433476394851,0.288412017167382
956,0.71,5.21,0.06226037195994278,0.32274678111587984
957,0.9725,5.19875,0.08103004291845495,0.421173104434907
958,0.995,5.20875,0.08295278969957083,0.43032904148783985
959,0.8975,5.1825,0.05914735336194564,0.30672389127324756
960,0.7125,5.21375,0.07397997138769671,0.3868383404864092
961,1.52,5.1275,0.1266266094420601,0.6477825464949929
962,1.7,5.1525,0.11582260371959945,0.5974248927038627
963,2.5075,5.10375,0.19749356223175968,1.009442060085837
964,3.73,5.0525,0.3108440629470673,1.5725321888412018
965,2.6375,5.08125,0.22102432045779688,1.1216022889842632
966,2.6425,5.0825,0.22102432045779688,1.1261802575107296
967,2.685,5.08125,0.22377110157367672,1.1353361945636626
968,2.655,5.08,0.22102432045779688,1.1216022889842632
969,2.64,5.0825,0.2221230329041488,1.128469241773963
970,2.6475,5.0825,0.22065808297567957,1.1216022889842632
971,2.65,5.0825,0.22001716738197427,1.117024320457797
972,2.675,5.07875,0.22065808297567957,1.1216022889842632
973,2.6475,5.0825,0.22065808297567957,1.1216022889842632
974,2.72,5.07875,0.2267010014306152,1.1513590844062949
975,2.68,5.08,0.22313018597997142,1.1330472103004294
976,2.6875,5.0825,0.22395422031473536,1.1399141630901288
977,2.66,5.08,0.22166523605150218,1.1261802575107296
978,2.655,5.08,0.2214821173104435,1.1261802575107296
979,2.995,5.05875,0.2495908440629471,1.2635193133047211
980,3.0175,5.06,0.25142203147353365,1.2703862660944207
981,2.9925,5.06,0.24876680972818313,1.261230329041488
982,2.9625,5.06,0.24684406294706726,1.249785407725322
983,2.98,5.06,0.2483090128755365,1.2566523605150215
984,2.9875,5.06125,0.2489499284692418,1.261230329041488
985,2.9675,5.0625,0.2473018597997139,1.2520743919885553
986,2.99,5.06,0.24913304721030047,1.261230329041488
987,2.9675,5.0625,0.2489499284692418,1.261230329041488
988,2.965,5.06125,0.24711874105865525,1.2520743919885553
989,2.9875,5.0625,0.2489499284692418,1.261230329041488
990,2.98,5.05875,0.2502317596566524,1.2680972818311875
991,2.9825,5.0625,0.2485836909871245,1.261230329041488
992,2.9725,5.0625,0.2476680972818312,1.2520743919885553
993,2.9925,5.06,0.24940772532188843,1.2635193133047211
994,3.01,5.0625,0.25087267525035767,1.2703862660944207
995,2.99,5.06125,0.24913304721030047,1.261230329041488
996,2.9925,5.06,0.24913304721030047,1.261230329041488
997,3.0025,5.06,0.24913304721030047,1.261230329041488
998,3.13,5.05875,0.2608526466380544,1.320743919885551
999,2.96,5.0625,0.24876680972818313,1.261230329041488
1000,2.995,5.06,0.2499570815450644,1.2635193133047211
1001,2.945,5.0625,0.24537911301859802,1.2406294706723893
1002,2.975,5.06375,0.2479427753934192,1.2566523605150215
1003,2.9975,5.06125,0.2485836909871245,1.2566523605150215
1004,2.98,5.06125,0.2483090128755365,1.2566523605150215
1005,2.9925,5.06125,0.2489499284692418,1.261230329041488
1006,3.0025,5.06,0.2502317596566524,1.2680972818311875
1007,2.975,5.06,0.2479427753934192,1.2566523605150215
1008,2.97,5.06125,0.24684406294706726,1.249785407725322
1009,3.0125,5.0625,0.24876680972818313,1.261230329041488
1010,2.9575,5.06125,0.24647782546494995,1.249785407725322
1011,2.9875,5.0625,0.2489499284692418,1.261230329041488
1012,2.955,5.0625,0.2505979971387697,1.2680972818311875
1013,3.015,5.06,0.251238912732475,1.2703862660944207
1014,2.9975,5.06,0.24977396280400574,1.2635193133047211
1015,2.975,5.06375,0.2476680972818312,1.2520743919885553
1016,2.9825,5.06125,0.2485836909871245,1.2566523605150215
1017,2.9925,5.0575,0.24940772532188843,1.261230329041488
1018,2.9575,5.06125,0.24647782546494995,1.249785407725322
1019,2.98,5.06125,0.2483090128755365,1.2566523605150215
1020,2.9675,5.06,0.2473018597997139,1.2520743919885553
1021,2.9925,5.06,0.2510557939914163,1.2703862660944207
1022,2.9675,5.05875,0.2473018597997139,1.2520743919885553
1023,2.97,5.0625,0.24748497854077256,1.2520743919885553
1024,3.0075,5.06125,0.2502317596566524,1.2680972818311875
1025,2.9675,5.0625,0.2473018597997139,1.2520743919885553
1026,3.015,5.06125,0.251238912732475,1.2703862660944207
1027,3.0125,5.06375,0.24940772532188843,1.2635193133047211
1028,2.9475,5.0625,0.245653791130186,1.2452074391988557
1029,2.9925,5.06,0.24940772532188843,1.2635193133047211
1030,2.955,5.06125,0.2510557939914163,1.2703862660944207
1031,2.985,5.05875,0.24876680972818313,1.261230329041488
1032,2.975,5.0625,0.2479427753934192,1.2566523605150215
1033,3,5.05875,0.2483090128755365,1.2566523605150215
1034,2.9625,5.06,0.2450128755364807,1.2406294706723893
1035,2.965,5.06125,0.24711874105865525,1.2520743919885553
1036,2.9825,5.05875,0.24455507868383408,1.238340486409156
1037,2.99,5.06,0.2479427753934192,1.2566523605150215
1038,2.9375,5.06375,0.24482975679542204,1.2406294706723893
1039,2.99,5.0625,0.2495908440629471,1.2635193133047211
1040,2.9875,5.06,0.25480972818311876,1.2909871244635194
1041,2.9475,5.06125,0.245653791130186,1.2452074391988557
1042,2.9825,5.06,0.2502317596566524,1.2680972818311875
1043,2.9875,5.06125,0.2483090128755365,1.2566523605150215
1044,2.985,5.06125,0.24876680972818313,1.261230329041488
1045,2.99,5.06,0.2525207439198856,1.2795422031473536
1046,2.97,5.06125,0.24666094420600862,1.249785407725322
1047,2.955,5.0625,0.2462947067238913,1.2452074391988557
1048,2.9525,5.0625,0.24602002861230332,1.2452074391988557
1049,2.9875,5.05875,0.2499570815450644,1.2635193133047211
1050,2.9875,5.06125,0.2489499284692418,1.261230329041488
1051,2.98,5.06,0.2483090128755365,1.2566523605150215
1052,2.99,5.06125,0.2485836909871245,1.2566523605150215
1053,2.9725,5.06125,0.2476680972818312,1.2520743919885553
1054,2.9775,5.06,0.24812589413447786,1.2566523605150215
1055,2.9875,5.06,0.2502317596566524,1.2680972818311875
1056,2.995,5.06,0.2495908440629471,1.2635193133047211
1057,2.96,5.06125,0.24666094420600862,1.249785407725322
1058,2.9875,5.06125,0.2554506437768241,1.2932761087267526
1059,2.9825,5.05875,0.2485836909871245,1.2566523605150215
1060,2.985,5.06125,0.24876680972818313,1.261230329041488
1061,2.9925,5.06125,0.2495908440629471,1.2635193133047211
1062,2.9825,5.0625,0.2485836909871245,1.261230329041488
1063,2.9525,5.06375,0.24602002861230332,1.2452074391988557
1064,2.96,5.0625,0.24602002861230332,1.2452074391988557
1065,2.9775,5.06125,0.24812589413447786,1.2566523605150215
1066,2.9375,5.0625,0.24482975679542204,1.238340486409156
1067,2.985,5.06,0.25041487839771104,1.2680972818311875
1068,3.0075,5.05625,0.2505979971387697,1.2680972818311875
1069,2.99,5.06,0.24913304721030047,1.261230329041488
1070,3.01,5.06,0.24940772532188843,1.2635193133047211
1071,2.9975,5.06,0.24812589413447786,1.2566523605150215
1072,2.99,5.06,0.24913304721030047,1.261230329041488
1073,3.0125,5.06125,0.2483090128755365,1.2566523605150215
1074,2.99,5.05875,0.2485836909871245,1.2566523605150215
1075,2.985,5.06,0.24876680972818313,1.261230329041488
1076,2.975,5.06,0.2495908440629471,1.2635193133047211
1077,2.9775,5.06125,0.2476680972818312,1.2520743919885553
1078,2.975,5.05875,0.2479427753934192,1.2520743919885553
1079,2.98,5.06,0.24940772532188843,1.2635193133047211
1080,2.99,5.06125,0.2483090128755365,1.2566523605150215
1081,3.0025,5.06,0.2502317596566524,1.2680972818311875
1082,2.9925,5.06125,0.24940772532188843,1.2635193133047211
1083,2.9575,5.06,0.24583690987124465,1.2452074391988557
1084,2.955,5.06125,0.2462947067238913,1.2452074391988557
1085,3,5.06,0.2499570815450644,1.2635193133047211
1086,2.9475,5.06125,0.2483090128755365,1.2566523605150215
1087,3,5.06125,0.2499570815450644,1.2635193133047211
1088,2.9875,5.06125,0.2489499284692418,1.261230329041488
1089,2.995,5.0625,0.24812589413447786,1.2566523605150215
1090,3,5.06,0.2499570815450644,1.2635193133047211
1091,2.9825,5.06,0.2485836909871245,1.2566523605150215
1092,2.98,5.05875,0.2489499284692418,1.261230329041488
1093,2.965,5.05875,0.24711874105865525,1.249785407725322
1094,2.9875,5.05875,0.2489499284692418,1.261230329041488
1095,3.0075,5.06,0.2495908440629471,1.2635193133047211
1096,2.985,5.06,0.24876680972818313,1.261230329041488
1097,2.985,5.06,0.24876680972818313,1.261230329041488
1098,2.9925,5.06,0.2505979971387697,1.2680972818311875
1099,2.9925,5.06,0.24940772532188843,1.2635193133047211
1100,3.0025,5.05875,0.2502317596566524,1.2680972818311875
1101,2.9725,5.06,0.2502317596566524,1.2680972818311875
1102,3,5.06,0.2499570815450644,1.2635193133047211
1103,2.9775,5.06125,0.24812589413447786,1.2566523605150215
1104,2.99,5.06125,0.24913304721030047,1.261230329041488
1105,2.945,5.06125,0.24537911301859802,1.2406294706723893
1106,2.9275,5.0625,0.24391416309012878,1.2337625178826896
1107,3.0375,5.05375,0.2450128755364807,1.238340486409156
1108,2.945,5.06125,0.24583690987124465,1.2452074391988557
1109,2.97,5.0625,0.24748497854077256,1.2520743919885553
1110,2.965,5.06,0.24913304721030047,1.261230329041488
1111,2.995,5.06,0.24748497854077256,1.2520743919885553
1112,2.9825,5.06,0.2485836909871245,1.2566523605150215
1113,2.9925,5.0625,0.25087267525035767,1.2703862660944207
1114,2.97,5.06,0.24977396280400574,1.2635193133047211
1115,2.9675,5.06,0.2473018597997139,1.2520743919885553
1116,2.99,5.0575,0.2518798283261803,1.2749642346208871
1117,2.955,5.06125,0.24977396280400574,1.2635193133047211
1118,2.985,5.06,0.24876680972818313,1.261230329041488
1119,2.9675,5.06125,0.24812589413447786,1.2566523605150215
1120,2.9425,5.0625,0.24537911301859802,1.2406294706723893
1121,2.985,5.06,0.24876680972818313,1.261230329041488
1122,3.01,5.06,0.25087267525035767,1.2680972818311875
1123,3.005,5.0575,0.25142203147353365,1.2703862660944207
1124,2.9825,5.06,0.2485836909871245,1.2566523605150215
1125,2.9475,5.0625,0.245653791130186,1.2452074391988557
1126,3.0025,5.06,0.24977396280400574,1.2635193133047211
1127,1.3,5.14625,0.10831473533619458,0.5585121602288985
1128,1.2775,5.15625,0.10648354792560802,0.5470672389127326
1129,1.3625,5.15625,0.10794849785407726,0.5539341917024321
1130,1.4525,5.17625,0.12104148783977112,0.6271816881258943
1131,1.2625,5.1775,0.10520171673819743,0.5447782546494994
1132,1.1625,5.18,0.10163090128755366,0.5241773962804006
1133,1.2125,5.1575,0.10108154506437769,0.5218884120171675
1134,1.2875,5.18375,0.10730758226037197,0.5539341917024321
1135,1.2025,5.17625,0.09751072961373392,0.5058655221745351
1136,1.47,5.1525,0.12250643776824036,0.6294706723891274
1137,1.9775,5.12125,0.1648068669527897,0.8446351931330472
1138,2.1325,5.1125,0.1783576537911302,0.9110157367668098
1139,2.15,5.1125,0.17918168812589416,0.9155937052932762
1140,1.3,5.16625,0.10831473533619458,0.5585121602288985
1141,1.32,5.16125,0.10684978540772533,0.5516452074391989
1142,1.2875,5.1675,0.10730758226037197,0.5539341917024321
1143,1.2825,5.1675,0.10684978540772533,0.5516452074391989
1144,0.785,5.1925,0.06912732474964235,0.35937052932761093
1145,0.675,5.215,0.07123319027181689,0.37081545064377686
1146,0.7275,5.2075,0.060612303290414886,0.3158798283261803
1147,0.73,5.2,0.06564806866952791,0.3410586552217454
1148,0.6675,5.2125,0.07288125894134478,0.3776824034334764
1149,0.7875,5.21375,0.06564806866952791,0.3410586552217454
1150,0.8,5.19125,0.061711015736766815,0.3181688125894135
1151,0.69,5.205,0.07434620886981402,0.3868383404864092
1152,1.0425,5.20125,0.08688984263233192,0.4532188841201717
1153,0.76,5.205,0.07416309012875537,0.3868383404864092
1154,0.9275,5.17625,0.06189413447782547,0.3181688125894135
1155,0.7075,5.19125,0.058964234620886985,0.30672389127324756
1156,0.8975,5.1825,0.062077253218884125,0.32274678111587984
1157,0.8975,5.18375,0.05914735336194564,0.30672389127324756
1158,0.695,5.18375,0.05795708154506438,0.29985693848354794
1159,0.7325,5.18875,0.06107010014306152,0.3158798283261803
1160,0.7225,5.21,0.06354220314735337,0.32961373390557946
1161,0.7625,5.21,0.06354220314735337,0.32961373390557946
1162,0.765,5.205,0.06372532188841203,0.32961373390557946
1163,0.695,5.20625,0.07315593705293277,0.38226037195994284
1164,0.91,5.215,0.07581115879828328,0.3937052932761088
1165,0.845,5.215,0.07040915593705294,0.36852646638054365
1166,0.7325,5.2,0.0672961373390558,0.34792560801144495
1167,0.925,5.18125,0.07709298998569386,0.4005722460658083
1168,0.7925,5.2075,0.06601430615164522,0.34563662374821175
1169,0.8925,5.18375,0.059330472103004295,0.30672389127324756
1170,0.705,5.19,0.05878111587982833,0.30443490701001436
1171,0.87,5.21375,0.07251502145922747,0.3776824034334764
1172,0.8425,5.19375,0.059330472103004295,0.30672389127324756
1173,0.6725,5.185,0.05603433476394851,0.288412017167382
1174,0.81,5.185,0.06747925608011446,0.34792560801144495
1175,0.7225,5.21,0.062077253218884125,0.32274678111587984
1176,0.7,5.20375,0.05832331902718169,0.30443490701001436
1177,0.6675,5.1875,0.05566809728183119,0.288412017167382
1178,0.83,5.1875,0.05539341917024321,0.288412017167382
1179,0.715,5.205,0.059605150214592284,0.3113018597997139
1180,0.695,5.185,0.05795708154506438,0.29985693848354794
1181,0.8,5.19625,0.0566752503576538,0.2952789699570816
1182,0.9825,5.1775,0.07004291845493563,0.3639484978540773
1183,0.87,5.2125,0.07251502145922747,0.3776824034334764
1184,0.99,5.18125,0.059605150214592284,0.30672389127324756
1185,0.73,5.2025,0.07370529327610874,0.38226037195994284
1186,0.8375,5.1875,0.06976824034334765,0.3639484978540773
1187,0.7125,5.21375,0.07288125894134478,0.3776824034334764
1188,0.715,5.21,0.061711015736766815,0.32274678111587984
1189,0.8275,5.215,0.0689442060085837,0.35937052932761093
1190,0.8475,5.18875,0.059605150214592284,0.30672389127324756
1191,0.7125,5.20125,0.0683032904148784,0.3570815450643777
1192,0.8075,5.2,0.0672961373390558,0.34792560801144495
1193,0.9225,5.1825,0.056858369098712454,0.2952789699570816
1194,0.885,5.1825,0.05603433476394851,0.288412017167382
1195,0.7,5.20125,0.05832331902718169,0.30443490701001436
1196,0.705,5.205,0.05878111587982833,0.30672389127324756
1197,0.875,5.18375,0.08624892703862662,0.44635193133047213
1198,0.835,5.21375,0.069585121602289,0.3639484978540773
1199,0.89,5.205,0.07416309012875537,0.3868383404864092
1200,0.705,5.21125,0.07645207439198856,0.3982832618025752
1201,0.7675,5.185,0.064,0.32961373390557946
1202,0.9275,5.21125,0.07727610872675252,0.4005722460658083
1203,0.81,5.19875,0.06143633762517883,0.3181688125894135
1204,0.8525,5.21375,0.07105007153075824,0.37081545064377686
1205,0.8925,5.205,0.07434620886981402,0.3868383404864092
1206,0.7475,5.2075,0.06537339055793992,0.3410586552217454
1207,0.775,5.2125,0.06454935622317597,0.33648068669527903
1208,0.6725,5.19125,0.05603433476394851,0.2929899856938484
1209,0.71,5.21125,0.062077253218884125,0.32274678111587984
1210,0.665,5.19125,0.05539341917024321,0.288412017167382
1211,0.7025,5.185,0.05850643776824035,0.30443490701001436
1212,0.8975,5.20625,0.07123319027181689,0.37081545064377686
1213,0.78,5.1875,0.06500715307582261,0.33648068669527903
1214,0.71,5.18875,0.05914735336194564,0.30672389127324756
1215,0.8675,5.1875,0.05850643776824035,0.30443490701001436
1216,0.9225,5.21375,0.0769098712446352,0.4005722460658083
1217,0.895,5.1925,0.07462088698140201,0.3868383404864092
1218,0.81,5.19375,0.05603433476394851,0.2929899856938484
1219,0.8425,5.18875,0.05539341917024321,0.288412017167382
1220,0.8325,5.2025,0.06940200286123034,0.35937052932761093
1221,0.86,5.185,0.05603433476394851,0.288412017167382
1222,0.8125,5.19,0.06079542203147354,0.3158798283261803
1223,0.8475,5.205,0.07059227467811159,0.36852646638054365
1224,0.845,5.18625,0.0576824034334764,0.29985693848354794
1225,0.805,5.19375,0.05621745350500716,0.2929899856938484
1226,0.6825,5.19875,0.056858369098712454,0.2952789699570816
1227,0.7875,5.20875,0.07480400572246067,0.3891273247496424
1228,0.7725,5.19625,0.06812017167381974,0.35250357653791137
1229,0.715,5.19375,0.059605150214592284,0.3113018597997139
1230,0.8425,5.18875,0.06519027181688127,0.33648068669527903
1231,0.86,5.1875,0.06519027181688127,0.33648068669527903
1232,0.705,5.19125,0.05878111587982833,0.30443490701001436
1233,0.73,5.2025,0.06079542203147354,0.3158798283261803
1234,0.6675,5.215,0.07315593705293277,0.38226037195994284
1235,0.71,5.205,0.05914735336194564,0.30672389127324756
1236,0.665,5.19125,0.05539341917024321,0.288412017167382
1237,0.8175,5.19,0.060246065808297576,0.3113018597997139
1238,0.8775,5.2125,0.07315593705293277,0.38226037195994284
1239,0.71,5.205,0.05914735336194564,0.30672389127324756
1240,0.6675,5.21125,0.07205722460658083,0.37539341917024327
1241,0.77,5.21125,0.06418311874105866,0.3341917024320458
1242,0.8075,5.19,0.0672961373390558,0.34792560801144495
1243,1,5.1725,0.059330472103004295,0.30672389127324756
1244,0.7175,5.19375,0.05978826895565094,0.3113018597997139
1245,0.8825,5.21125,0.07352217453505008,0.38226037195994284
1246,0.895,5.18375,0.062077253218884125,0.32274678111587984
1247,0.7075,5.1825,0.058964234620886985,0.30443490701001436
1248,0.71,5.20375,0.05914735336194564,0.30672389127324756
1249,0.665,5.2125,0.07233190271816882,0.3776824034334764
1250,0.7225,5.205,0.060246065808297576,0.3158798283261803
1251,0.6775,5.19875,0.056492131616595144,0.2929899856938484
1252,0.675,5.21625,0.07123319027181689,0.37081545064377686
1253,0.6675,5.19,0.05566809728183119,0.288412017167382
1254,0.7075,5.1875,0.058964234620886985,0.30672389127324756
1255,0.86,5.185,0.05566809728183119,0.288412017167382
1256,0.8675,5.1825,0.05603433476394851,0.288412017167382
1257,1,5.20625,0.08331902718168814,0.4349070100143062
1258,0.805,5.205,0.07141630901287555,0.37081545064377686
1259,0.8875,5.18375,0.06290128755364807,0.32732474964234626
1260,0.7025,5.18625,0.05850643776824035,0.30443490701001436
1261,0.805,5.1925,0.06747925608011446,0.34792560801144495
1262,0.9075,5.18125,0.059605150214592284,0.30672389127324756
1263,0.685,5.19875,0.05704148783977111,0.2952789699570816
1264,0.665,5.21375,0.07333905579399143,0.38226037195994284
1265,0.735,5.20625,0.06308440629470673,0.32961373390557946
1266,0.8075,5.21625,0.0672961373390558,0.35250357653791137
1267,0.78,5.19375,0.064,0.3341917024320458
1268,0.665,5.2125,0.07251502145922747,0.3776824034334764
1269,0.7075,5.20375,0.058964234620886985,0.30672389127324756
1270,0.6775,5.1975,0.056492131616595144,0.2929899856938484
1271,0.67,5.21375,0.07288125894134478,0.3776824034334764
1272,0.8275,5.21125,0.0689442060085837,0.35937052932761093
1273,0.785,5.18125,0.06537339055793992,0.33648068669527903
1274,0.71,5.20625,0.07517024320457798,0.3891273247496424
1275,0.72,5.18125,0.059971387696709594,0.3113018597997139
1276,0.7075,5.18,0.058964234620886985,0.30443490701001436
1277,0.82,5.19125,0.06793705293276109,0.35250357653791137
1278,0.84,5.2025,0.07004291845493563,0.3639484978540773
1279,0.815,5.215,0.06793705293276109,0.35250357653791137
1280,0.6975,5.20375,0.07004291845493563,0.3639484978540773
1281,0.855,5.21625,0.07123319027181689,0.37081545064377686
1282,0.67,5.19375,0.055851216022889845,0.288412017167382
1283,0.7,5.21,0.07233190271816882,0.37539341917024327
1284,0.7675,5.21125,0.064,0.3341917024320458
1285,0.6875,5.2,0.05731616595135909,0.2952789699570816
1286,0.7025,5.21,0.06354220314735337,0.32961373390557946
1287,0.8175,5.21,0.06812017167381974,0.3570815450643777
1288,0.775,5.18625,0.06454935622317597,0.3341917024320458
1289,0.7525,5.19875,0.07086695278969958,0.36852646638054365
1290,0.855,5.17875,0.07123319027181689,0.36852646638054365
1291,0.74,5.18625,0.061711015736766815,0.3181688125894135
1292,0.88,5.185,0.06335908440629472,0.32961373390557946
1293,0.8625,5.18375,0.055851216022889845,0.288412017167382
1294,0.7,5.185,0.05832331902718169,0.30443490701001436
1295,0.7975,5.195,0.055851216022889845,0.288412017167382
1296,0.7825,5.1975,0.05566809728183119,0.288412017167382
1297,0.725,5.18875,0.06042918454935623,0.3158798283261803
1298,0.7325,5.2075,0.06107010014306152,0.3181688125894135
1299,0.8275,5.18875,0.05832331902718169,0.30443490701001436
1300,0.6625,5.1875,0.05521030042918455,0.2861230329041488
1301,0.7575,5.20375,0.05850643776824035,0.30443490701001436
1302,0.91,5.1775,0.056492131616595144,0.2929899856938484
1303,0.75,5.195,0.06253505007153076,0.32732474964234626
1304,0.89,5.18375,0.06372532188841203,0.32961373390557946
1305,0.8075,5.2,0.061711015736766815,0.32274678111587984
1306,0.8975,5.21375,0.07480400572246067,0.3891273247496424
1307,0.885,5.185,0.07370529327610874,0.38226037195994284
1308,0.8625,5.185,0.05566809728183119,0.288412017167382
1309,0.73,5.18375,0.06079542203147354,0.3158798283261803
1310,0.725,5.18875,0.06042918454935623,0.3158798283261803
1311,0.84,5.1875,0.05539341917024321,0.288412017167382
1312,0.6875,5.19875,0.05731616595135909,0.2952789699570816
1313,0.81,5.2075,0.06747925608011446,0.35250357653791137
1314,0.715,5.2025,0.06857796852646639,0.3570815450643777
1315,0.9075,5.21625,0.07562804005722461,0.3937052932761088
1316,0.75,5.21125,0.06253505007153076,0.32732474964234626
1317,0.8425,5.1925,0.06253505007153076,0.32732474964234626
1318,0.8575,5.2125,0.07141630901287555,0.37081545064377686
1319,1.0275,5.21125,0.08560801144492132,0.44635193133047213
1320,0.775,5.20375,0.06290128755364807,0.32732474964234626
1321,0.86,5.21375,0.07169098712446352,0.37539341917024327
1322,0.96,5.195,0.08002288984263234,0.41659513590844066
1323,0.9025,5.1925,0.0566752503576538,0.2929899856938484
1324,0.695,5.20125,0.05795708154506438,0.29985693848354794
1325,0.67,5.185,0.055851216022889845,0.288412017167382
1326,0.6925,5.21375,0.0662889842632332,0.34563662374821175
1327,0.695,5.2025,0.05795708154506438,0.29985693848354794
1328,0.665,5.1875,0.05539341917024321,0.288412017167382
1329,0.6775,5.20875,0.07059227467811159,0.36852646638054365
1330,0.685,5.215,0.06876108726752504,0.35937052932761093
1331,1.5175,5.16625,0.12644349070100144,0.6523605150214593
1332,0.895,5.1825,0.061711015736766815,0.3181688125894135
1333,0.875,5.18625,0.05878111587982833,0.30443490701001436
1334,0.775,5.1925,0.06454935622317597,0.3341917024320458
1335,0.91,5.18125,0.06107010014306152,0.3158798283261803
1336,0.7475,5.2,0.07105007153075824,0.37081545064377686
1337,0.92,5.21,0.07663519313304722,0.3982832618025752
1338,1.3375,5.155,0.09622889842632333,0.49442060085836914
1339,0.8375,5.1875,0.05832331902718169,0.30443490701001436
1340,0.6625,5.19125,0.05521030042918455,0.2861230329041488
1341,0.6825,5.21375,0.06683834048640916,0.34792560801144495
1342,0.75,5.2025,0.05914735336194564,0.30672389127324756
1343,0.675,5.19625,0.05621745350500716,0.2929899856938484
1344,0.6975,5.21375,0.05814020028612304,0.29985693848354794
1345,0.7625,5.20125,0.0576824034334764,0.29985693848354794
1346,0.755,5.1925,0.06290128755364807,0.32732474964234626
1347,0.76,5.195,0.06335908440629472,0.32961373390557946
1348,0.7325,5.2025,0.07352217453505008,0.38226037195994284
1349,0.9,5.21,0.07498712446351932,0.3891273247496424
1350,0.785,5.18875,0.06537339055793992,0.33648068669527903
1351,0.715,5.20625,0.07581115879828328,0.3937052932761088
1352,0.785,5.1875,0.06537339055793992,0.33648068669527903
1353,0.8,5.19875,0.0666552217453505,0.34563662374821175
1354,0.705,5.21,0.06418311874105866,0.3341917024320458
1355,0.6675,5.1875,0.05566809728183119,0.288412017167382
1356,0.8625,5.21,0.07187410586552218,0.37539341917024327
1357,0.795,5.1975,0.056858369098712454,0.2952789699570816
1358,0.6825,5.19875,0.056858369098712454,0.2952789699570816
1359,0.6975,5.185,0.05814020028612304,0.29985693848354794
1360,0.78,5.19875,0.0566752503576538,0.2952789699570816
1361,0.68,5.1825,0.0566752503576538,0.2929899856938484
1362,0.84,5.205,0.07004291845493563,0.3639484978540773
1363,0.85,5.2125,0.07462088698140201,0.3891273247496424
1364,0.8725,5.19875,0.07269814020028613,0.3776824034334764
1365,0.8125,5.18375,0.06775393419170243,0.35250357653791137
1366,0.725,5.205,0.07462088698140201,0.3891273247496424
1367,0.7175,5.20625,0.07480400572246067,0.3891273247496424
1368,0.945,5.19875,0.07874105865522175,0.4097281831187411
1369,0.7625,5.20625,0.06454935622317597,0.33648068669527903
1370,0.805,5.1925,0.07498712446351932,0.3891273247496424
1371,0.87,5.21125,0.07251502145922747,0.3776824034334764
1372,0.8725,5.18375,0.05603433476394851,0.288412017167382
1373,0.845,5.18625,0.059330472103004295,0.30672389127324756
1374,0.68,5.18375,0.0566752503576538,0.2929899856938484
1375,0.7575,5.2025,0.0576824034334764,0.29985693848354794
1376,0.8375,5.1875,0.05539341917024321,0.288412017167382
1377,0.8025,5.215,0.06683834048640916,0.34792560801144495
1378,0.8725,5.1875,0.05814020028612304,0.29985693848354794
1379,0.7425,5.21,0.06683834048640916,0.34792560801144495
1380,0.835,5.19625,0.069585121602289,0.35937052932761093
1381,0.74,5.20875,0.061711015736766815,0.3181688125894135
1382,0.7125,5.20875,0.07608583690987125,0.3982832618025752
1383,0.8425,5.205,0.07022603719599428,0.3639484978540773
1384,0.8575,5.21625,0.07141630901287555,0.37081545064377686
1385,0.7575,5.19625,0.06436623748211731,0.3341917024320458
1386,0.8725,5.21375,0.07269814020028613,0.3776824034334764
1387,0.795,5.215,0.0662889842632332,0.34563662374821175
1388,0.67,5.2075,0.07187410586552218,0.37539341917024327
1389,0.7875,5.21375,0.06564806866952791,0.3410586552217454
1390,0.82,5.215,0.0683032904148784,0.3570815450643777
1391,0.695,5.20375,0.0683032904148784,0.3570815450643777
1392,0.7925,5.215,0.06601430615164522,0.34563662374821175
1393,0.8375,5.175,0.06976824034334765,0.35937052932761093
1394,0.7075,5.20875,0.07581115879828328,0.3937052932761088
1395,0.8825,5.2025,0.07352217453505008,0.38226037195994284
1396,0.7375,5.1825,0.06143633762517883,0.3181688125894135
1397,0.715,5.2125,0.07315593705293277,0.38226037195994284
1398,0.85,5.205,0.07086695278969958,0.36852646638054365
1399,0.8775,5.20875,0.07315593705293277,0.38226037195994284
1400,0.86,5.185,0.057499284692417746,0.2952789699570816
1401,0.7575,5.195,0.06308440629470673,0.32732474964234626
1402,0.95,5.215,0.07919885550786838,0.4120171673819743
1403,0.7925,5.19375,0.06601430615164522,0.3410586552217454
1404,0.6675,5.21375,0.07251502145922747,0.3776824034334764
1405,0.77,5.2125,0.06418311874105866,0.3341917024320458
1406,0.685,5.2075,0.07105007153075824,0.37081545064377686
1407,0.86,5.1825,0.061711015736766815,0.3181688125894135
1408,0.735,5.2,0.06125321888412018,0.3181688125894135
1409,0.86,5.1875,0.06436623748211731,0.3341917024320458
1410,0.815,5.19625,0.06454935622317597,0.3341917024320458
1411,0.87,5.2125,0.07251502145922747,0.3776824034334764
1412,0.875,5.185,0.05878111587982833,0.30443490701001436
1413,0.82,5.19375,0.055851216022889845,0.288412017167382
1414,0.67,5.18875,0.055851216022889845,0.288412017167382
1415,0.6825,5.215,0.06857796852646639,0.3570815450643777
1416,0.76,5.19875,0.05832331902718169,0.30443490701001436
1417,0.73,5.1925,0.06079542203147354,0.3158798283261803
1418,0.6875,5.21375,0.05731616595135909,0.2952789699570816
1419,0.7675,5.2025,0.0576824034334764,0.29985693848354794
1420,0.72,5.20625,0.059971387696709594,0.3113018597997139
1421,0.6725,5.185,0.05603433476394851,0.288412017167382
1422,0.685,5.21625,0.0666552217453505,0.34792560801144495
1423,0.9175,5.21,0.07645207439198856,0.3982832618025752
1424,0.885,5.205,0.07370529327610874,0.38226037195994284
1425,0.7175,5.2125,0.07562804005722461,0.3937052932761088
1426,0.845,5.2,0.07040915593705294,0.36852646638054365
1427,0.7975,5.185,0.06647210300429185,0.34563662374821175
1428,0.6825,5.20875,0.07059227467811159,0.36852646638054365
1429,0.865,5.21625,0.07205722460658083,0.37539341917024327
1430,0.82,5.2175,0.0683032904148784,0.3570815450643777
1431,0.6675,5.21,0.07288125894134478,0.3776824034334764
1432,0.71,5.205,0.05914735336194564,0.30672389127324756
1433,0.7075,5.18625,0.058964234620886985,0.30672389127324756
1434,0.7,5.21,0.06647210300429185,0.34563662374821175
1435,0.6675,5.195,0.05566809728183119,0.288412017167382
1436,0.7025,5.185,0.05850643776824035,0.30443490701001436
1437,0.845,5.19125,0.06812017167381974,0.35250357653791137
1438,0.7275,5.18125,0.060612303290414886,0.3158798283261803
1439,0.72,5.19625,0.059971387696709594,0.3113018597997139
1440,0.8575,5.19,0.05832331902718169,0.30443490701001436
1441,0.7575,5.205,0.06436623748211731,0.3341917024320458
1442,0.89,5.215,0.07416309012875537,0.3868383404864092
1443,0.9175,5.18,0.05603433476394851,0.288412017167382
1444,0.83,5.185,0.05832331902718169,0.30443490701001436
1445,0.845,5.2075,0.07040915593705294,0.36852646638054365
1446,0.865,5.1825,0.05704148783977111,0.2952789699570816
1447,0.665,5.2125,0.07141630901287555,0.37081545064377686
1448,0.8675,5.21625,0.07233190271816882,0.3776824034334764
1449,0.6825,5.2025,0.07004291845493563,0.3639484978540773
1450,0.72,5.20625,0.060612303290414886,0.3158798283261803
1451,0.665,5.1975,0.05539341917024321,0.288412017167382
1452,0.6775,5.21,0.07269814020028613,0.3776824034334764
1453,0.7975,5.19375,0.0683032904148784,0.3570815450643777
1454,0.73,5.18125,0.06079542203147354,0.3158798283261803
1455,0.855,5.185,0.07123319027181689,0.37081545064377686
1456,0.865,5.18875,0.058964234620886985,0.30672389127324756
1457,0.8425,5.2125,0.07022603719599428,0.36852646638054365
1458,0.84,5.215,0.07004291845493563,0.3639484978540773
1459,0.82,5.18875,0.05978826895565094,0.3113018597997139
1460,0.74,5.19125,0.061711015736766815,0.3181688125894135
1461,0.83,5.2175,0.06912732474964235,0.35937052932761093
1462,0.7625,5.1975,0.0666552217453505,0.34563662374821175
1463,0.84,5.215,0.07004291845493563,0.3639484978540773
1464,0.7925,5.21375,0.06601430615164522,0.34563662374821175
1465,0.85,5.18625,0.05914735336194564,0.30672389127324756
1466,0.8775,5.2,0.07315593705293277,0.3776824034334764
1467,0.885,5.2125,0.07370529327610874,0.38226037195994284
1468,0.775,5.205,0.06308440629470673,0.32961373390557946
1469,0.8775,5.21375,0.07315593705293277,0.38226037195994284
1470,0.835,5.19625,0.069585121602289,0.35937052932761093
1471,0.755,5.2075,0.064,0.3341917024320458
1472,0.925,5.21125,0.07709298998569386,0.4005722460658083
1473,0.92,5.20875,0.07663519313304722,0.3982832618025752
1474,0.8125,5.18875,0.060246065808297576,0.3113018597997139
1475,0.86,5.2175,0.07169098712446352,0.37539341917024327
1476,0.835,5.21625,0.069585121602289,0.3639484978540773
1477,0.7575,5.19625,0.06436623748211731,0.3341917024320458
1478,0.6625,5.2125,0.07233190271816882,0.3776824034334764
1479,0.8375,5.215,0.06976824034334765,0.3639484978540773
1480,0.85,5.18625,0.058964234620886985,0.30672389127324756
1481,0.755,5.19625,0.06537339055793992,0.3410586552217454
1482,0.865,5.2175,0.07205722460658083,0.37539341917024327
1483,0.745,5.2075,0.07022603719599428,0.36852646638054365
1484,0.795,5.19375,0.06912732474964235,0.35937052932761093
1485,0.7175,5.18125,0.05978826895565094,0.3113018597997139
1486,0.7625,5.19875,0.07086695278969958,0.36852646638054365
1487,0.915,5.17375,0.061711015736766815,0.3181688125894135
1488,0.755,5.21,0.06290128755364807,0.32732474964234626
1489,0.6975,5.20375,0.0689442060085837,0.35937052932761093
1490,0.7825,5.19375,0.06372532188841203,0.32961373390557946
1491,0.8425,5.20625,0.07022603719599428,0.3639484978540773
1492,0.8725,5.1825,0.07269814020028613,0.2952789699570816
1493,0.78,5.195,0.064,0.3341917024320458
1494,0.865,5.21125,0.07205722460658083,0.37539341917024327
1495,0.82,5.21625,0.0683032904148784,0.3570815450643777
1496,0.71,5.2025,0.06912732474964235,0.35937052932761093
1497,0.8725,5.21375,0.07269814020028613,0.3776824034334764
1498,0.91,5.21,0.07581115879828328,0.3937052932761088
1499,0.8125,5.19625,0.059971387696709594,0.3113018597997139
1500,0.9025,5.20625,0.07517024320457798,0.3891273247496424
1501,0.815,5.19375,0.06793705293276109,0.35250357653791137
1502,0.7275,5.21125,0.07141630901287555,0.37081545064377686
1503,0.7275,5.2075,0.060612303290414886,0.3158798283261803
1504,0.7,5.2025,0.05832331902718169,0.30443490701001436
1505,0.7125,5.1975,0.06857796852646639,0.3570815450643777
1506,0.865,5.215,0.07205722460658083,0.37539341917024327
1507,0.8325,5.2175,0.06940200286123034,0.3639484978540773
1508,0.7475,5.195,0.06482403433476396,0.33648068669527903
1509,0.87,5.21375,0.07251502145922747,0.3776824034334764
1510,0.89,5.21625,0.07416309012875537,0.3868383404864092
1511,0.7275,5.2,0.06647210300429185,0.34563662374821175
1512,0.855,5.21625,0.07123319027181689,0.37081545064377686
1513,0.975,5.19375,0.0812131616595136,0.421173104434907
1514,0.7225,5.21125,0.07022603719599428,0.36852646638054365
1515,0.7125,5.2075,0.07498712446351932,0.3891273247496424
1516,0.71,5.1825,0.05914735336194564,0.30672389127324756
1517,0.715,5.205,0.07517024320457798,0.3891273247496424
1518,0.885,5.1775,0.06079542203147354,0.3158798283261803
1519,0.705,5.18625,0.05878111587982833,0.30443490701001436
1520,0.705,5.21,0.06372532188841203,0.3341917024320458
1521,0.7575,5.2025,0.05850643776824035,0.30443490701001436
1522,0.6675,5.18875,0.05566809728183119,0.288412017167382
1523,0.71,5.2075,0.07169098712446352,0.37539341917024327
1524,0.72,5.20875,0.06107010014306152,0.3181688125894135
1525,0.79,5.2125,0.06583118741058656,0.3410586552217454
1526,0.7075,5.205,0.06976824034334765,0.3639484978540773
1527,0.6725,5.215,0.06940200286123034,0.3639484978540773
1528,1.355,5.1775,0.11289270386266095,0.5859799713876968
1529,0.7075,5.21375,0.058964234620886985,0.30672389127324756
1530,0.8275,5.1875,0.06775393419170243,0.35250357653791137
1531,0.72,5.19375,0.059971387696709594,0.3113018597997139
1532,0.8675,5.21125,0.07233190271816882,0.3776824034334764
1533,0.8625,5.18625,0.05539341917024321,0.288412017167382
1534,0.695,5.18375,0.05795708154506438,0.29985693848354794
1535,0.8325,5.205,0.06940200286123034,0.35937052932761093
1536,0.8875,5.1775,0.056492131616595144,0.2929899856938484
1537,0.725,5.1825,0.06042918454935623,0.3158798283261803
1538,0.775,5.1875,0.06454935622317597,0.3341917024320458
1539,0.7125,5.21,0.06226037195994278,0.32274678111587984
1540,0.8425,5.2075,0.07022603719599428,0.36852646638054365
1541,0.705,5.18375,0.05878111587982833,0.30443490701001436
1542,0.84,5.18875,0.05539341917024321,0.288412017167382
1543,0.9025,5.21375,0.07517024320457798,0.3937052932761088
1544,0.7925,5.18875,0.06601430615164522,0.3410586552217454
1545,0.73,5.21125,0.0689442060085837,0.35937052932761093
1546,0.92,5.21125,0.07663519313304722,0.3982832618025752
1547,0.7825,5.1875,0.06519027181688127,0.33648068669527903
1548,0.7525,5.20375,0.059330472103004295,0.30672389127324756
1549,0.7875,5.215,0.06564806866952791,0.3410586552217454
1550,0.7375,5.20375,0.06143633762517883,0.3181688125894135
1551,0.675,5.21625,0.07040915593705294,0.36852646638054365
1552,0.78,5.2,0.056492131616595144,0.2929899856938484
1553,0.69,5.1875,0.057499284692417746,0.29985693848354794
1554,0.7075,5.21,0.06308440629470673,0.32961373390557946
1555,0.85,5.18625,0.05566809728183119,0.288412017167382
1556,0.6675,5.18625,0.05566809728183119,0.288412017167382
1557,0.82,5.1925,0.056492131616595144,0.2929899856938484
1558,0.7175,5.21375,0.07004291845493563,0.3639484978540773
1559,0.91,5.2075,0.07581115879828328,0.3937052932761088
1560,0.855,5.19,0.058964234620886985,0.30672389127324756
1561,0.745,5.20875,0.06683834048640916,0.34792560801144495
1562,0.87,5.21375,0.07251502145922747,0.3776824034334764
1563,0.9125,5.18,0.056492131616595144,0.2929899856938484
1564,0.8225,5.18625,0.058964234620886985,0.30672389127324756
1565,0.6725,5.18625,0.05603433476394851,0.288412017167382
1566,0.69,5.21625,0.057499284692417746,0.34792560801144495
1567,0.8775,5.1825,0.05603433476394851,0.288412017167382
1568,0.75,5.1925,0.06253505007153076,0.32732474964234626
1569,0.85,5.21625,0.07086695278969958,0.37081545064377686
1570,0.755,5.1975,0.06601430615164522,0.3410586552217454
1571,0.8425,5.2175,0.07022603719599428,0.36852646638054365
1572,0.7275,5.2025,0.060612303290414886,0.3158798283261803
1573,0.9,5.185,0.05832331902718169,0.30443490701001436
1574,0.715,5.195,0.059605150214592284,0.3113018597997139
1575,0.875,5.21375,0.07288125894134478,0.3776824034334764
1576,0.915,5.17625,0.05914735336194564,0.30672389127324756
1577,0.805,5.21,0.06711301859799715,0.34792560801144495
1578,0.7575,5.2125,0.06308440629470673,0.32961373390557946
1579,0.84,5.18625,0.059330472103004295,0.30672389127324756
1580,0.7675,5.195,0.064,0.3341917024320458
1581,0.76,5.19375,0.06335908440629472,0.32961373390557946
1582,0.8075,5.19375,0.05539341917024321,0.288412017167382
1583,0.6725,5.185,0.05603433476394851,0.288412017167382
1584,0.675,5.1975,0.05621745350500716,0.2929899856938484
1585,0.695,5.21375,0.06683834048640916,0.34792560801144495
1586,0.715,5.19,0.059605150214592284,0.30672389127324756
1587,1.27,5.16625,0.10584263233190273,0.5470672389127326
1588,0.895,5.185,0.05914735336194564,0.30672389127324756
1589,0.885,5.18625,0.058964234620886985,0.30672389127324756
1590,0.8075,5.20875,0.0672961373390558,0.34792560801144495
1591,0.88,5.185,0.058964234620886985,0.30672389127324756
1592,0.7725,5.20375,0.064,0.3341917024320458
1593,0.7975,5.2075,0.06647210300429185,0.34563662374821175
1594,0.68,5.2075,0.07480400572246067,0.3891273247496424
1595,0.6775,5.2075,0.07059227467811159,0.36852646638054365
1596,0.8575,5.20875,0.07141630901287555,0.37081545064377686
1597,0.8525,5.18625,0.05832331902718169,0.30443490701001436
1598,0.865,5.185,0.0576824034334764,0.29985693848354794
1599,0.735,5.18375,0.06125321888412018,0.3181688125894135
1600,0.7975,5.195,0.055851216022889845,0.288412017167382
1601,0.8525,5.18625,0.05704148783977111,0.2952789699570816
1602,0.68,5.1825,0.0566752503576538,0.2929899856938484
1603,0.82,5.20875,0.0683032904148784,0.3937052932761088
1604,0.71,5.20625,0.07581115879828328,0.3937052932761088
1605,0.8125,5.1925,0.06775393419170243,0.35250357653791137
1606,0.765,5.18625,0.06372532188841203,0.32961373390557946
1607,0.7625,5.2,0.07123319027181689,0.37081545064377686
1608,0.7125,5.1875,0.059330472103004295,0.30672389127324756
1609,0.89,5.21375,0.07416309012875537,0.3868383404864092
1610,0.77,5.195,0.064,0.3341917024320458
1611,0.87,5.21125,0.07251502145922747,0.3776824034334764
1612,0.85,5.21625,0.07086695278969958,0.37081545064377686
1613,0.805,5.19125,0.06143633762517883,0.3181688125894135
1614,0.735,5.18875,0.06125321888412018,0.3181688125894135
1615,0.9,5.21,0.07498712446351932,0.3891273247496424
1616,0.855,5.185,0.05539341917024321,0.288412017167382
1617,0.735,5.19125,0.06125321888412018,0.3181688125894135
1618,0.8225,5.18625,0.06857796852646639,0.3570815450643777
1619,0.8975,5.1775,0.061711015736766815,0.3181688125894135
1620,0.75,5.18375,0.06253505007153076,0.32274678111587984
1621,0.735,5.1825,0.06125321888412018,0.3181688125894135
1622,0.7,5.21,0.07544492131616595,0.3937052932761088
1623,0.6925,5.185,0.0576824034334764,0.29985693848354794
1624,0.75,5.18625,0.06253505007153076,0.32274678111587984
1625,0.685,5.215,0.07123319027181689,0.37081545064377686
1626,0.7175,5.21,0.06189413447782547,0.32274678111587984
1627,0.665,5.18625,0.05539341917024321,0.288412017167382
1628,0.695,5.215,0.06454935622317597,0.33648068669527903
1629,0.8075,5.1975,0.06226037195994278,0.32274678111587984
1630,0.8125,5.2175,0.06775393419170243,0.35250357653791137
1631,0.865,5.1825,0.0566752503576538,0.2929899856938484
1632,0.87,5.18375,0.05704148783977111,0.2952789699570816
1633,0.915,5.20875,0.0762689556509299,0.3982832618025752
1634,0.9075,5.18125,0.06125321888412018,0.3181688125894135
1635,0.8,5.2,0.06107010014306152,0.3181688125894135
1636,0.9075,5.21125,0.07562804005722461,0.3937052932761088
1637,0.9325,5.1925,0.06079542203147354,0.3158798283261803
1638,0.78,5.19375,0.06372532188841203,0.32961373390557946
1639,0.725,5.19,0.06042918454935623,0.3158798283261803
1640,0.67,5.1825,0.055851216022889845,0.288412017167382
1641,0.7,5.2125,0.064,0.3341917024320458
1642,0.6725,5.19625,0.05603433476394851,0.2929899856938484
1643,0.74,5.18375,0.061711015736766815,0.3181688125894135
1644,0.7475,5.205,0.058964234620886985,0.30672389127324756
1645,0.7225,5.18875,0.060246065808297576,0.3113018597997139
1646,0.815,5.2025,0.06793705293276109,0.35250357653791137
1647,0.85,5.18375,0.05603433476394851,0.288412017167382
1648,0.845,5.2125,0.07040915593705294,0.36852646638054365
1649,0.825,5.19625,0.06876108726752504,0.3570815450643777
1650,0.7175,5.21375,0.07187410586552218,0.37539341917024327
1651,0.8575,5.21125,0.07141630901287555,0.37081545064377686
1652,0.9075,5.20875,0.07562804005722461,0.3937052932761088
1653,0.765,5.20125,0.09668669527896996,0.5035765379113019
1654,0.6625,5.18625,0.05521030042918455,0.2861230329041488
1655,0.675,5.18375,0.05621745350500716,0.2929899856938484
1656,0.6825,5.2125,0.07086695278969958,0.36852646638054365
1657,0.67,5.19625,0.055851216022889845,0.288412017167382
1658,0.6825,5.18375,0.056858369098712454,0.2952789699570816
1659,0.7225,5.2075,0.06253505007153076,0.32732474964234626
1660,0.7,5.20375,0.05832331902718169,0.30443490701001436
1661,0.675,5.1825,0.05621745350500716,0.2929899856938484
1662,0.745,5.205,0.059330472103004295,0.30672389127324756
1663,0.705,5.2125,0.07581115879828328,0.3937052932761088
1664,0.835,5.21125,0.069585121602289,0.3639484978540773
1665,0.905,5.18125,0.059605150214592284,0.30672389127324756
1666,0.785,5.2025,0.06683834048640916,0.34792560801144495
1667,0.815,5.2075,0.06793705293276109,0.35250357653791137
1668,0.8575,5.1875,0.058964234620886985,0.30672389127324756
1669,0.7175,5.2,0.0662889842632332,0.34563662374821175
1670,0.8425,5.2175,0.07022603719599428,0.36852646638054365
1671,0.86,5.185,0.057499284692417746,0.2952789699570816
1672,0.6625,5.21375,0.07205722460658083,0.37539341917024327
1673,0.7875,5.205,0.06564806866952791,0.3410586552217454
1674,0.6875,5.205,0.07269814020028613,0.3776824034334764
1675,0.6775,5.21625,0.07022603719599428,0.36852646638054365
1676,0.67,5.2,0.055851216022889845,0.288412017167382
1677,0.665,5.18875,0.05539341917024321,0.288412017167382
1678,0.8575,5.1875,0.06482403433476396,0.33648068669527903
1679,0.705,5.18875,0.05878111587982833,0.30443490701001436
1680,0.915,5.21125,0.0762689556509299,0.3982832618025752
1681,0.885,5.185,0.05832331902718169,0.30443490701001436
1682,0.755,5.2025,0.06290128755364807,0.32732474964234626
1683,0.8275,5.21,0.0689442060085837,0.35937052932761093
1684,0.665,5.2125,0.07233190271816882,0.3776824034334764
1685,0.74,5.21,0.061711015736766815,0.32274678111587984
1686,0.6675,5.18625,0.05566809728183119,0.288412017167382
1687,0.705,5.2125,0.07480400572246067,0.3891273247496424
1688,0.93,5.20875,0.07745922746781117,0.40515021459227474
1689,0.82,5.21625,0.0683032904148784,0.3570815450643777
1690,0.8575,5.18625,0.05832331902718169,0.30443490701001436
1691,0.685,5.18375,0.05704148783977111,0.2952789699570816
1692,0.7225,5.19,0.060246065808297576,0.3113018597997139
1693,0.7225,5.21375,0.07205722460658083,0.37539341917024327
1694,0.725,5.18125,0.06042918454935623,0.3113018597997139
1695,0.82,5.21375,0.0683032904148784,0.3570815450643777
1696,0.9025,5.18125,0.059971387696709594,0.3113018597997139
1697,0.705,5.18875,0.05878111587982833,0.30443490701001436
1698,0.7475,5.21125,0.06226037195994278,0.32732474964234626
1699,0.8125,5.18875,0.06079542203147354,0.3158798283261803
1700,0.8725,5.1825,0.06125321888412018,0.3181688125894135
1701,0.935,5.2125,0.0779170243204578,0.40515021459227474
1702,0.755,5.19625,0.064,0.3341917024320458
1703,0.8625,5.185,0.061711015736766815,0.3181688125894135
1704,0.82,5.2025,0.0683032904148784,0.3570815450643777
1705,0.865,5.1825,0.05621745350500716,0.2929899856938484
1706,0.775,5.19625,0.06482403433476396,0.33648068669527903
1707,0.85,5.2075,0.07086695278969958,0.36852646638054365
1708,0.79,5.2,0.062077253218884125,0.32274678111587984
1709,0.715,5.2125,0.07141630901287555,0.37081545064377686
1710,0.82,5.1825,0.0683032904148784,0.35250357653791137
1711,0.7975,5.19625,0.07169098712446352,0.37081545064377686
1712,0.935,5.18375,0.059330472103004295,0.30672389127324756
1713,0.7925,5.21,0.06601430615164522,0.34563662374821175
1714,0.7125,5.205,0.059330472103004295,0.30672389127324756
1715,0.715,5.20375,0.06912732474964235,0.35937052932761093
1716,0.84,5.20625,0.07004291845493563,0.3639484978540773
1717,0.86,5.20875,0.07169098712446352,0.37539341917024327
1718,0.8325,5.18625,0.05539341917024321,0.288412017167382
1719,0.7125,5.185,0.059330472103004295,0.30672389127324756
1720,0.8075,5.185,0.0672961373390558,0.34792560801144495
1721,0.775,5.19625,0.057499284692417746,0.29985693848354794
1722,0.69,5.2,0.057499284692417746,0.29985693848354794
1723,1.0725,5.21,0.08936194563662375,0.4646638054363377
1724,0.9175,5.18,0.05978826895565094,0.3113018597997139
1725,0.72,5.1925,0.059971387696709594,0.3113018597997139
1726,0.77,5.20625,0.06418311874105866,0.3341917024320458
1727,0.8775,5.18625,0.06354220314735337,0.32961373390557946
1728,0.6675,5.19125,0.05566809728183119,0.288412017167382
1729,0.6775,5.185,0.056492131616595144,0.2929899856938484
1730,0.8375,5.19,0.05539341917024321,0.288412017167382
1731,0.72,5.1875,0.059971387696709594,0.3113018597997139
1732,0.935,5.2075,0.0779170243204578,0.40515021459227474
1733,0.755,5.19625,0.06519027181688127,0.33648068669527903
1734,0.7925,5.19875,0.06601430615164522,0.34563662374821175
1735,0.85,5.21625,0.07086695278969958,0.37081545064377686
1736,0.855,5.18375,0.05795708154506438,0.29985693848354794
1737,0.8125,5.19,0.06042918454935623,0.3158798283261803
1738,0.8775,5.2125,0.07315593705293277,0.38226037195994284
1739,0.9075,5.18,0.06107010014306152,0.3158798283261803
1740,0.7975,5.2,0.060612303290414886,0.3158798283261803
1741,0.92,5.19875,0.07663519313304722,0.3982832618025752
1742,0.7075,5.21375,0.07544492131616595,0.3937052932761088
1743,0.745,5.19625,0.06418311874105866,0.3341917024320458
1744,0.8125,5.215,0.06775393419170243,0.35250357653791137
1745,0.735,5.1975,0.06519027181688127,0.33648068669527903
1746,0.665,5.21375,0.07086695278969958,0.37081545064377686
1747,0.6775,5.2,0.056492131616595144,0.2929899856938484
1748,0.6875,5.21125,0.05731616595135909,0.38226037195994284
1749,0.68,5.21625,0.0662889842632332,0.34563662374821175
1750,0.7725,5.215,0.06436623748211731,0.33648068669527903
1751,0.84,5.215,0.07004291845493563,0.3639484978540773
1752,0.685,5.215,0.06793705293276109,0.35250357653791137
1753,0.8875,5.1925,0.07397997138769671,0.38226037195994284
1754,0.715,5.1825,0.059605150214592284,0.30672389127324756
1755,0.7175,5.21125,0.0769098712446352,0.4005722460658083
1756,0.7775,5.18625,0.06482403433476396,0.33648068669527903
1757,0.7075,5.1825,0.058964234620886985,0.30443490701001436
1758,0.755,5.1975,0.0662889842632332,0.34563662374821175
1759,0.8625,5.2075,0.07187410586552218,0.37539341917024327
1760,0.895,5.20625,0.07462088698140201,0.3891273247496424
1761,0.8875,5.18,0.059971387696709594,0.3113018597997139
1762,0.8525,5.19875,0.07105007153075824,0.36852646638054365
1763,0.9225,5.215,0.0769098712446352,0.4005722460658083
1764,0.72,5.2,0.0689442060085837,0.35937052932761093
1765,0.8225,5.215,0.06857796852646639,0.3570815450643777
1766,0.8325,5.21375,0.06940200286123034,0.35937052932761093
1767,0.7975,5.1925,0.06226037195994278,0.32274678111587984
1768,0.705,5.1925,0.05878111587982833,0.30443490701001436
1769,0.905,5.2125,0.07544492131616595,0.3937052932761088
1770,0.825,5.19625,0.059971387696709594,0.3113018597997139
1771,0.7575,5.2075,0.06482403433476396,0.33648068669527903
1772,0.905,5.21125,0.07544492131616595,0.3937052932761088
1773,0.8875,5.17875,0.06583118741058656,0.3410586552217454
1774,0.8525,5.18625,0.05914735336194564,0.30672389127324756
1775,0.8325,5.2175,0.06940200286123034,0.3639484978540773
1776,0.715,5.20125,0.06683834048640916,0.34792560801144495
1777,0.6925,5.21375,0.07105007153075824,0.37081545064377686
1778,0.735,5.20875,0.06125321888412018,0.3181688125894135
1779,0.665,5.21125,0.07269814020028613,0.3776824034334764
1780,0.6725,5.215,0.07141630901287555,0.37081545064377686
1781,0.7475,5.21125,0.06226037195994278,0.32732474964234626
1782,0.6675,5.21625,0.07169098712446352,0.37539341917024327
1783,0.9025,5.18125,0.060246065808297576,0.3113018597997139
1784,0.855,5.2125,0.07123319027181689,0.37081545064377686
1785,0.895,5.1825,0.07462088698140201,0.3181688125894135
1786,0.7875,5.2025,0.061711015736766815,0.32274678111587984
1787,0.865,5.2125,0.07205722460658083,0.37539341917024327
1788,0.785,5.185,0.06537339055793992,0.33648068669527903
1789,0.715,5.21,0.06143633762517883,0.3181688125894135
1790,0.7275,5.20625,0.060612303290414886,0.3158798283261803
1791,0.74,5.19875,0.061711015736766815,0.32274678111587984
1792,0.69,5.215,0.0666552217453505,0.34792560801144495
1793,0.725,5.195,0.06042918454935623,0.3158798283261803
1794,0.855,5.2075,0.07123319027181689,0.37081545064377686
1795,0.775,5.19375,0.06308440629470673,0.32732474964234626
1796,0.845,5.2175,0.07040915593705294,0.36852646638054365
1797,0.7875,5.21375,0.06564806866952791,0.3410586552217454
1798,0.8675,5.1875,0.05850643776824035,0.30443490701001436
1799,0.765,5.20375,0.06372532188841203,0.32961373390557946
1800,0.885,5.2125,0.07370529327610874,0.38226037195994284
1801,0.9075,5.18125,0.060246065808297576,0.3113018597997139
1802,0.7975,5.2025,0.06647210300429185,0.34563662374821175
1803,0.9775,5.21125,0.08148783977110158,0.4234620886981402
1804,0.885,5.185,0.05914735336194564,0.30672389127324756
1805,0.795,5.21,0.0662889842632332,0.34563662374821175
1806,0.9075,5.2125,0.07562804005722461,0.3937052932761088
1807,0.8475,5.18625,0.05521030042918455,0.2861230329041488
1808,0.84,5.1875,0.059971387696709594,0.3113018597997139
1809,0.7025,5.18625,0.05850643776824035,0.30443490701001436
1810,0.715,5.21125,0.061711015736766815,0.32274678111587984
1811,0.825,5.18625,0.064,0.3341917024320458
1812,0.7775,5.19625,0.06482403433476396,0.33648068669527903
1813,1.29,5.16625,0.1104206008583691,0.5699570815450644
1814,0.905,5.18125,0.06079542203147354,0.3158798283261803
1815,0.8075,5.21125,0.0672961373390558,0.35250357653791137
1816,0.9125,5.18375,0.05878111587982833,0.30443490701001436
1817,0.815,5.19625,0.059971387696709594,0.3113018597997139
1818,0.975,5.2025,0.0812131616595136,0.4234620886981402
1819,0.785,5.19625,0.0566752503576538,0.2952789699570816
1820,0.82,5.19,0.057499284692417746,0.29985693848354794
1821,0.815,5.18125,0.06793705293276109,0.35250357653791137
1822,0.8775,5.1825,0.07315593705293277,0.288412017167382
1823,0.8525,5.18375,0.06107010014306152,0.3158798283261803
1824,0.7575,5.19375,0.06308440629470673,0.32732474964234626
1825,0.7475,5.21,0.06226037195994278,0.32274678111587984
1826,0.67,5.21375,0.07288125894134478,0.3776824034334764
1827,0.735,5.20625,0.06125321888412018,0.3181688125894135
1828,0.8425,5.2125,0.07022603719599428,0.36852646638054365
1829,0.91,5.18,0.059971387696709594,0.3113018597997139
1830,0.705,5.18,0.05878111587982833,0.30443490701001436
1831,0.7725,5.20125,0.06436623748211731,0.3341917024320458
1832,0.9125,5.18125,0.060246065808297576,0.3113018597997139
1833,0.7075,5.18875,0.058964234620886985,0.30672389127324756
1834,0.67,5.1825,0.055851216022889845,0.288412017167382
1835,0.755,5.20125,0.06189413447782547,0.32274678111587984
1836,0.6875,5.1825,0.05731616595135909,0.2952789699570816
1837,0.7025,5.18625,0.05850643776824035,0.30443490701001436
1838,0.6725,5.21625,0.07004291845493563,0.3639484978540773
1839,0.795,5.21375,0.0662889842632332,0.34563662374821175
1840,0.6625,5.19,0.05521030042918455,0.2861230329041488
1841,0.6625,5.2125,0.07333905579399143,0.38226037195994284
1842,0.7375,5.20875,0.06143633762517883,0.3181688125894135
1843,0.9425,5.20125,0.0785579399141631,0.4097281831187411
1844,0.765,5.205,0.06436623748211731,0.3341917024320458
1845,0.705,5.21125,0.07562804005722461,0.3937052932761088
1846,0.8975,5.205,0.07480400572246067,0.3891273247496424
1847,0.82,5.19625,0.06042918454935623,0.3158798283261803
1848,0.71,5.21375,0.07288125894134478,0.3776824034334764
1849,0.7825,5.20625,0.06519027181688127,0.33648068669527903
1850,0.6825,5.21375,0.07205722460658083,0.37539341917024327
1851,0.6825,5.21375,0.07288125894134478,0.3776824034334764
1852,0.7625,5.2125,0.06354220314735337,0.32961373390557946
1853,0.6825,5.20625,0.07022603719599428,0.3639484978540773
1854,0.6775,5.21625,0.06912732474964235,0.35937052932761093
1855,0.845,5.21375,0.07040915593705294,0.36852646638054365
1856,0.6725,5.21625,0.069585121602289,0.3639484978540773
1857,0.67,5.215,0.07086695278969958,0.37081545064377686
1858,0.86,5.2,0.07169098712446352,0.37081545064377686
1859,0.7525,5.2075,0.06271816881258942,0.3410586552217454
1860,0.7125,5.2125,0.07434620886981402,0.3868383404864092
1861,0.895,5.2125,0.07462088698140201,0.3891273247496424
1862,0.8975,5.20625,0.07480400572246067,0.3891273247496424
1863,1.14,5.18125,0.11087839771101575,0.5745350500715308
1864,0.69,5.20125,0.057499284692417746,0.29985693848354794
1865,0.755,5.18625,0.06290128755364807,0.32732474964234626
1866,0.8,5.19125,0.05539341917024321,0.288412017167382
1867,0.6675,5.18375,0.05566809728183119,0.288412017167382
1868,0.68,5.1825,0.0566752503576538,0.2929899856938484
1869,0.82,5.19125,0.05521030042918455,0.2861230329041488
1870,0.7025,5.185,0.05850643776824035,0.30443490701001436
1871,0.8675,5.21375,0.07233190271816882,0.3776824034334764
1872,0.8525,5.1825,0.05704148783977111,0.2952789699570816
1873,0.705,5.1775,0.05878111587982833,0.30443490701001436
1874,0.7875,5.20625,0.06564806866952791,0.3410586552217454
1875,0.89,5.1825,0.06107010014306152,0.3158798283261803
1876,0.705,5.18375,0.05878111587982833,0.30443490701001436
1877,0.7475,5.2025,0.06226037195994278,0.32274678111587984
1878,0.7775,5.1925,0.06290128755364807,0.32732474964234626
1879,0.925,5.21125,0.07709298998569386,0.4005722460658083
1880,0.85,5.21625,0.07086695278969958,0.37081545064377686
1881,0.665,5.215,0.07169098712446352,0.37539341917024327
1882,0.71,5.21,0.06354220314735337,0.32961373390557946
1883,0.72,5.18375,0.059971387696709594,0.3113018597997139
1884,0.7275,5.2075,0.061711015736766815,0.32274678111587984
1885,0.84,5.1875,0.05521030042918455,0.2861230329041488
1886,0.675,5.185,0.05621745350500716,0.2929899856938484
1887,0.8,5.19375,0.056858369098712454,0.2952789699570816
1888,0.755,5.2025,0.07333905579399143,0.38226037195994284
1889,0.7375,5.1825,0.06143633762517883,0.3181688125894135
1890,0.715,5.21375,0.07187410586552218,0.37539341917024327
1891,0.8225,5.19125,0.0672961373390558,0.34792560801144495
1892,0.7625,5.1875,0.06354220314735337,0.32961373390557946
1893,0.795,5.1925,0.062077253218884125,0.32274678111587984
1894,0.685,5.20625,0.07370529327610874,0.38226037195994284
1895,0.8025,5.2125,0.06683834048640916,0.34792560801144495
1896,0.67,5.21625,0.055851216022889845,0.37539341917024327
1897,0.71,5.21125,0.062077253218884125,0.32274678111587984
1898,0.8,5.215,0.0666552217453505,0.34792560801144495
1899,0.6625,5.19,0.05521030042918455,0.2861230329041488
1900,0.7225,5.20875,0.060612303290414886,0.3158798283261803
1901,0.665,5.19,0.05539341917024321,0.288412017167382
1902,1.5475,5.20125,0.1289155937052933,0.6706723891273249
1903,0.8775,5.1875,0.06107010014306152,0.3158798283261803
1904,0.85,5.2125,0.07086695278969958,0.36852646638054365
1905,0.8725,5.20125,0.07269814020028613,0.3776824034334764
1906,0.725,5.2125,0.07040915593705294,0.36852646638054365
1907,0.8825,5.20375,0.07352217453505008,0.38226037195994284
1908,0.8175,5.2025,0.06812017167381974,0.35250357653791137
1909,0.8925,5.1825,0.056492131616595144,0.2929899856938484
1910,0.6875,5.18375,0.05731616595135909,0.2952789699570816
1911,0.88,5.20375,0.07333905579399143,0.38226037195994284
1912,0.9125,5.17375,0.06290128755364807,0.32732474964234626
1913,0.88,5.21125,0.07333905579399143,0.38226037195994284
1914,0.84,5.215,0.07004291845493563,0.3639484978540773
1915,0.755,5.19625,0.06454935622317597,0.3341917024320458
1916,0.855,5.21625,0.07123319027181689,0.37081545064377686
1917,0.8375,5.215,0.06976824034334765,0.3639484978540773
1918,0.8825,5.1825,0.059330472103004295,0.30672389127324756
1919,0.7725,5.20375,0.064,0.3341917024320458
1920,0.84,5.2125,0.07004291845493563,0.3639484978540773
1921,0.87,5.185,0.064,0.32961373390557946
1922,0.925,5.18375,0.06226037195994278,0.32274678111587984
1923,0.785,5.18625,0.06537339055793992,0.33648068669527903
1924,0.6925,5.20375,0.07251502145922747,0.3776824034334764
1925,0.8225,5.2025,0.08377682403433477,0.4349070100143062
1926,1.4825,5.20375,0.12351359084406296,0.6409155937052933
1927,0.6875,5.205,0.07004291845493563,0.3639484978540773
1928,0.6825,5.21375,0.06647210300429185,0.34563662374821175
1929,0.675,5.1975,0.05621745350500716,0.2929899856938484
1930,0.675,5.2125,0.07205722460658083,0.37539341917024327
1931,0.875,5.18375,0.05539341917024321,0.288412017167382
1932,0.7925,5.18875,0.06601430615164522,0.3410586552217454
1933,0.7175,5.2075,0.05978826895565094,0.3982832618025752
1934,0.82,5.19375,0.059971387696709594,0.3113018597997139
1935,0.85,5.19875,0.07086695278969958,0.36852646638054365
1936,0.7025,5.1825,0.05850643776824035,0.30443490701001436
1937,0.715,5.2075,0.07462088698140201,0.3891273247496424
1938,0.78,5.1825,0.06500715307582261,0.33648068669527903
1939,0.6675,5.185,0.05566809728183119,0.288412017167382
1940,0.7075,5.21,0.06308440629470673,0.32961373390557946
1941,0.69,5.20125,0.057499284692417746,0.29985693848354794
1942,0.6875,5.19375,0.05731616595135909,0.2952789699570816
1943,0.68,5.21625,0.07123319027181689,0.37081545064377686
1944,0.67,5.195,0.055851216022889845,0.288412017167382
1945,0.68,5.18375,0.0566752503576538,0.2929899856938484
1946,0.8675,5.18375,0.055851216022889845,0.288412017167382
1947,0.6625,5.18625,0.05521030042918455,0.2861230329041488
1948,0.7075,5.1875,0.058964234620886985,0.30672389127324756
1949,0.8075,5.1925,0.06940200286123034,0.35937052932761093
1950,0.7075,5.18375,0.058964234620886985,0.30672389127324756
1951,0.8075,5.20875,0.0672961373390558,0.34792560801144495
1952,0.93,5.17625,0.060246065808297576,0.3113018597997139
1953,0.755,5.195,0.06290128755364807,0.32732474964234626
1954,0.6775,5.19875,0.056492131616595144,0.2929899856938484
1955,0.675,5.21625,0.07086695278969958,0.37081545064377686
1956,0.8,5.195,0.055851216022889845,0.288412017167382
1957,0.67,5.18375,0.055851216022889845,0.288412017167382
1958,0.705,5.20875,0.064,0.3341917024320458
1959,0.69,5.21625,0.06647210300429185,0.34563662374821175
1960,0.6625,5.19125,0.05521030042918455,0.2861230329041488
1961,0.745,5.205,0.05850643776824035,0.30443490701001436
1962,0.855,5.1825,0.059330472103004295,0.30672389127324756
1963,0.8625,5.20125,0.07187410586552218,0.37539341917024327
1964,0.8175,5.1925,0.0672961373390558,0.34792560801144495
1965,0.9025,5.1825,0.060246065808297576,0.3113018597997139
1966,0.7025,5.1875,0.05850643776824035,0.30443490701001436
1967,0.7175,5.21,0.07480400572246067,0.3891273247496424
1968,0.8,5.195,0.06857796852646639,0.3570815450643777
1969,0.8025,5.19875,0.06683834048640916,0.34792560801144495
1970,0.8525,5.185,0.07105007153075824,0.288412017167382
1971,0.7925,5.1925,0.06189413447782547,0.32274678111587984
1972,0.8725,5.21125,0.07269814020028613,0.3776824034334764
1973,0.8125,5.20125,0.06775393419170243,0.35250357653791137
1974,0.835,5.19,0.05566809728183119,0.288412017167382
1975,0.6725,5.1825,0.05603433476394851,0.288412017167382
1976,0.7775,5.19625,0.06482403433476396,0.33648068669527903
1977,0.7875,5.1975,0.055851216022889845,0.288412017167382
1978,0.8625,5.19125,0.07187410586552218,0.37081545064377686
1979,0.86,5.21375,0.07169098712446352,0.37539341917024327
1980,0.8925,5.1825,0.05850643776824035,0.30443490701001436
1981,0.8,5.20125,0.0666552217453505,0.34563662374821175
1982,0.7475,5.20125,0.06226037195994278,0.32274678111587984
1983,0.85,5.185,0.06519027181688127,0.33648068669527903
1984,0.8325,5.20375,0.06940200286123034,0.35937052932761093
1985,0.7675,5.2125,0.064,0.3341917024320458
1986,0.6625,5.2125,0.07251502145922747,0.3776824034334764
1987,0.845,5.21625,0.07040915593705294,0.36852646638054365
1988,0.865,5.19125,0.07205722460658083,0.37539341917024327
1989,0.7625,5.2025,0.05731616595135909,0.29985693848354794
1990,0.7225,5.18375,0.060246065808297576,0.3113018597997139
1991,0.695,5.185,0.05795708154506438,0.29985693848354794
1992,0.8075,5.19125,0.05521030042918455,0.2861230329041488
1993,0.8,5.1925,0.080206008583691,0.41659513590844066
1994,0.7075,5.185,0.058964234620886985,0.30672389127324756
1995,0.81,5.195,0.0683032904148784,0.3570815450643777
1996,0.9025,5.1825,0.0662889842632332,0.34563662374821175
1997,0.705,5.18625,0.05878111587982833,0.30443490701001436
1998,0.8975,5.18125,0.06107010014306152,0.3158798283261803
1999,0.7775,5.19375,0.06308440629470673,0.32732474964234626
2000,0.865,5.21,0.07205722460658083,0.37539341917024327
2001,0.8725,5.185,0.05566809728183119,0.288412017167382
2002,0.865,5.185,0.05814020028612304,0.29985693848354794
2003,0.9675,5.1975,0.08066380543633764,0.421173104434907
2004,0.7925,5.19625,0.057499284692417746,0.29985693848354794
2005,0.8425,5.19,0.05539341917024321,0.288412017167382
2006,0.6675,5.18625,0.05566809728183119,0.288412017167382
2007,0.6775,5.215,0.056492131616595144,0.2929899856938484
2008,0.825,5.20375,0.06940200286123034,0.35937052932761093
2009,0.9025,5.2125,0.07517024320457798,0.3891273247496424
2010,0.8675,5.20125,0.07233190271816882,0.37539341917024327
2011,0.7675,5.205,0.06519027181688127,0.33648068669527903
2012,0.9075,5.2125,0.07562804005722461,0.3937052932761088
2013,0.7475,5.185,0.06226037195994278,0.32274678111587984
2014,0.6825,5.21375,0.06812017167381974,0.3570815450643777
2015,0.7,5.205,0.05832331902718169,0.30443490701001436
2016,0.6625,5.19125,0.05521030042918455,0.2861230329041488
2017,0.6725,5.21125,0.07187410586552218,0.37539341917024327
2018,0.875,5.2125,0.07288125894134478,0.3776824034334764
2019,0.865,5.21375,0.07205722460658083,0.37539341917024327
2020,0.75,5.19625,0.06564806866952791,0.3410586552217454
2021,0.8275,5.2025,0.0689442060085837,0.35937052932761093
2022,0.885,5.2175,0.07370529327610874,0.3868383404864092
2023,0.955,5.17375,0.06500715307582261,0.33648068669527903
2024,0.705,5.1825,0.05878111587982833,0.30443490701001436
2025,0.8225,5.21,0.06857796852646639,0.3570815450643777
2026,0.9075,5.18125,0.06335908440629472,0.32961373390557946
2027,0.7175,5.18,0.05978826895565094,0.3113018597997139
2028,0.745,5.18625,0.062077253218884125,0.32274678111587984
2029,0.7875,5.1975,0.056492131616595144,0.2929899856938484
2030,0.7975,5.1925,0.05566809728183119,0.288412017167382
2031,0.725,5.18375,0.06042918454935623,0.3158798283261803
2032,0.71,5.20875,0.06372532188841203,0.3341917024320458
2033,0.7875,5.1975,0.057499284692417746,0.29985693848354794
2034,0.745,5.2125,0.062077253218884125,0.32274678111587984
2035,0.6925,5.205,0.06940200286123034,0.35937052932761093
2036,0.7025,5.21125,0.06335908440629472,0.32961373390557946
2037,0.7325,5.21,0.06107010014306152,0.3181688125894135
2038,1,5.17625,0.06482403433476396,0.3341917024320458
2039,0.9075,5.18125,0.058964234620886985,0.30443490701001436
2040,0.7275,5.20125,0.060612303290414886,0.3158798283261803
2041,0.8975,5.18125,0.06226037195994278,0.32274678111587984
2042,0.88,5.185,0.06079542203147354,0.3158798283261803
2043,0.9075,5.19625,0.07562804005722461,0.3937052932761088
2044,0.8575,5.18375,0.07141630901287555,0.2929899856938484
2045,0.865,5.18375,0.0576824034334764,0.29985693848354794
2046,0.865,5.2075,0.07205722460658083,0.37539341917024327
2047,0.7825,5.21625,0.06519027181688127,0.3410586552217454
2048,0.665,5.215,0.07123319027181689,0.37081545064377686
2049,0.7675,5.2125,0.064,0.3341917024320458
2050,0.6875,5.2,0.05731616595135909,0.2952789699570816
2051,0.6625,5.21375,0.07251502145922747,0.3776824034334764
2052,0.665,5.195,0.05539341917024321,0.288412017167382
2053,0.86,5.20625,0.07169098712446352,0.37539341917024327
2054,0.91,5.18,0.060612303290414886,0.3158798283261803
2055,0.7725,5.19125,0.06436623748211731,0.3341917024320458
2056,0.895,5.2125,0.07462088698140201,0.3891273247496424
2057,0.83,5.19,0.05850643776824035,0.30443490701001436
2058,0.895,5.20875,0.07462088698140201,0.3891273247496424
2059,0.86,5.215,0.07169098712446352,0.37539341917024327
2060,0.725,5.19875,0.06793705293276109,0.35250357653791137
2061,0.8475,5.195,0.07059227467811159,0.36852646638054365
2062,0.8775,5.215,0.07315593705293277,0.38226037195994284
2063,0.79,5.1925,0.06271816881258942,0.32732474964234626
2064,0.68,5.1825,0.0566752503576538,0.2929899856938484
2065,0.75,5.19375,0.06253505007153076,0.32732474964234626
2066,0.8825,5.18375,0.05731616595135909,0.2952789699570816
2067,0.69,5.205,0.07086695278969958,0.36852646638054365
2068,0.9675,5.20875,0.08066380543633764,0.421173104434907
2069,0.8325,5.19375,0.059330472103004295,0.30672389127324756
2070,0.795,5.2,0.0666552217453505,0.34563662374821175
2071,0.7725,5.20875,0.06436623748211731,0.3341917024320458
2072,0.8325,5.18875,0.0662889842632332,0.34563662374821175
2073,0.9075,5.17875,0.05878111587982833,0.30443490701001436
2074,0.775,5.18375,0.06454935622317597,0.3341917024320458
2075,0.6925,5.21375,0.06537339055793992,0.3410586552217454
2076,0.7975,5.1925,0.055851216022889845,0.288412017167382
2077,0.7975,5.2,0.06647210300429185,0.34563662374821175
2078,0.775,5.19375,0.06335908440629472,0.32961373390557946
2079,0.6625,5.2125,0.07333905579399143,0.38226037195994284
2080,0.7675,5.2125,0.064,0.3341917024320458
2081,0.745,5.1975,0.062077253218884125,0.33648068669527903
2082,0.6625,5.2125,0.07288125894134478,0.3776824034334764
2083,1.05,5.1975,0.0875307582260372,0.4532188841201717
2084,0.7625,5.19375,0.06354220314735337,0.32961373390557946
2085,0.7075,5.21,0.07462088698140201,0.3891273247496424
2086,0.75,5.185,0.06253505007153076,0.32274678111587984
2087,0.74,5.18375,0.061711015736766815,0.3181688125894135
2088,1.085,5.14875,0.09915879828326181,0.5104434907010015
2089,0.7925,5.1975,0.06601430615164522,0.3410586552217454
2090,0.855,5.215,0.07123319027181689,0.37081545064377686
2091,0.77,5.195,0.064,0.3341917024320458
2092,0.755,5.21125,0.06290128755364807,0.32732474964234626
2093,0.7,5.2,0.05832331902718169,0.30443490701001436
2094,0.8525,5.19375,0.05832331902718169,0.30443490701001436
2095,0.7775,5.215,0.06482403433476396,0.33648068669527903
2096,0.6625,5.19625,0.05521030042918455,0.2861230329041488
2097,0.665,5.215,0.07169098712446352,0.37539341917024327
2098,1.135,5.19375,0.09458082975679544,0.492131616595136
2099,0.8675,5.1925,0.07233190271816882,0.37539341917024327
2100,0.7325,5.21125,0.06793705293276109,0.35250357653791137
2101,0.7775,5.19,0.06482403433476396,0.33648068669527903
2102,0.7025,5.185,0.05850643776824035,0.30443490701001436
2103,0.7825,5.19125,0.06940200286123034,0.35937052932761093
2104,0.6775,5.2075,0.07105007153075824,0.37081545064377686
2105,0.8275,5.215,0.0689442060085837,0.35937052932761093
2106,0.795,5.19125,0.06107010014306152,0.3181688125894135
2107,0.675,5.20625,0.07105007153075824,0.37081545064377686
2108,0.86,5.21375,0.07169098712446352,0.37539341917024327
2109,0.7475,5.195,0.06308440629470673,0.32732474964234626
2110,0.7075,5.20375,0.07022603719599428,0.3639484978540773
2111,0.845,5.21375,0.07040915593705294,0.36852646638054365
2112,0.7675,5.19375,0.06290128755364807,0.32732474964234626
2113,1.1575,5.15875,0.08835479256080116,0.4577968526466381
2114,0.7375,5.1825,0.06143633762517883,0.3181688125894135
2115,0.7625,5.2025,0.06308440629470673,0.32961373390557946
2116,0.705,5.21125,0.07397997138769671,0.3868383404864092
2117,0.73,5.1825,0.06079542203147354,0.3158798283261803
2118,0.7075,5.2125,0.058964234620886985,0.30672389127324756
2119,0.695,5.215,0.06500715307582261,0.33648068669527903
2120,0.725,5.195,0.06042918454935623,0.3158798283261803
2121,0.71,5.1875,0.05914735336194564,0.30672389127324756
2122,0.855,5.185,0.056492131616595144,0.2929899856938484
2123,0.7725,5.185,0.06436623748211731,0.3341917024320458
2124,0.84,5.20625,0.07004291845493563,0.3639484978540773
2125,0.75,5.2025,0.060246065808297576,0.3158798283261803
2126,0.665,5.185,0.05539341917024321,0.288412017167382
2127,0.72,5.18875,0.059971387696709594,0.3113018597997139
2128,1.1325,5.145,0.10419456366237483,0.5356223175965666
2129,0.735,5.20125,0.06125321888412018,0.3181688125894135
2130,0.895,5.21375,0.07462088698140201,0.3891273247496424
2131,0.8225,5.19625,0.060612303290414886,0.3158798283261803
2132,0.91,5.21125,0.07581115879828328,0.3937052932761088
2133,0.9575,5.21125,0.07974821173104436,0.41659513590844066
2134,0.8125,5.18875,0.06125321888412018,0.3181688125894135
2135,0.695,5.185,0.05795708154506438,0.29985693848354794
2136,0.825,5.2025,0.06876108726752504,0.3570815450643777
2137,0.88,5.1825,0.056492131616595144,0.2929899856938484
2138,0.7975,5.175,0.06647210300429185,0.34563662374821175
2139,0.8075,5.2025,0.0672961373390558,0.34792560801144495
2140,0.8775,5.1825,0.05566809728183119,0.288412017167382
2141,2.515,5.09,0.2115021459227468,1.0758226037195995
2142,2.6525,5.08125,0.22102432045779688,1.1216022889842632
2143,2.67,5.0825,0.21690414878397712,1.1032904148783977
2144,2.675,5.07875,0.2214821173104435,1.1261802575107296
2145,2.6925,5.08,0.224412017167382,1.1399141630901288
2146,2.69,5.07875,0.22184835479256082,1.1261802575107296
2147,2.97,5.0625,0.2462947067238913,1.2452074391988557
2148,2.9675,5.06,0.2473018597997139,1.2520743919885553
2149,2.975,5.06125,0.24812589413447786,1.2566523605150215
2150,2.98,5.06,0.2489499284692418,1.261230329041488
2151,2.9525,5.06125,0.24602002861230332,1.2452074391988557
2152,2.97,5.0625,0.2483090128755365,1.2566523605150215
2153,2.9925,5.06125,0.24482975679542204,1.238340486409156
2154,2.9525,5.0625,0.24602002861230332,1.2452074391988557
2155,2.935,5.06375,0.24455507868383408,1.238340486409156
2156,2.945,5.06375,0.24666094420600862,1.249785407725322
2157,2.9475,5.06375,0.245653791130186,1.2452074391988557
2158,2.95,5.06375,0.24583690987124465,1.2452074391988557
2159,2.95,5.065,0.24684406294706726,1.249785407725322
2160,2.9525,5.06125,0.24602002861230332,1.2452074391988557
2161,2.94,5.06375,0.2450128755364807,1.2406294706723893
2162,2.9525,5.0625,0.2462947067238913,1.2452074391988557
2163,2.9675,5.06375,0.2473018597997139,1.2520743919885553
2164,2.665,5.08375,0.2221230329041488,1.128469241773963
2165,2.6575,5.08,0.22248927038626612,1.128469241773963
2166,2.645,5.0825,0.22038340486409158,1.1216022889842632
2167,2.6775,5.08,0.22313018597997142,1.1330472103004294
2168,2.64,5.08375,0.22001716738197427,1.117024320457797
2169,2.665,5.08125,0.2221230329041488,1.128469241773963
2170,2.655,5.08,0.22120743919885552,1.1261802575107296
2171,2.6625,5.0825,0.22230615164520745,1.128469241773963
2172,2.6525,5.08125,0.22102432045779688,1.1216022889842632
2173,2.645,5.0825,0.22038340486409158,1.1216022889842632
2174,2.67,5.08,0.22349642346208873,1.1353361945636626
2175,2.625,5.08125,0.21873533619456367,1.1101573676680974
2176,2.625,5.08,0.21873533619456367,1.1101573676680974
2177,3.0375,5.06,0.24876680972818313,1.261230329041488
2178,3.0025,5.05875,0.24812589413447786,1.2566523605150215
2179,2.965,5.06125,0.24711874105865525,1.2520743919885553
2180,2.965,5.0625,0.2502317596566524,1.2680972818311875
2181,2.9925,5.06125,0.2476680972818312,1.2520743919885553
2182,2.9825,5.05875,0.2485836909871245,1.2566523605150215
2183,2.9725,5.06375,0.24748497854077256,1.2520743919885553
2184,2.98,5.06125,0.2483090128755365,1.2566523605150215
2185,2.9525,5.0625,0.24602002861230332,1.2452074391988557
2186,2.955,5.06125,0.24748497854077256,1.2520743919885553
2187,2.965,5.0625,0.24602002861230332,1.2452074391988557
2188,2.92,5.065,0.2433648068669528,1.2337625178826896
2189,2.95,5.0625,0.2462947067238913,1.2452074391988557
2190,2.9625,5.0625,0.24583690987124465,1.2452074391988557
2191,2.9375,5.0625,0.24482975679542204,1.238340486409156
2192,2.975,5.05875,0.2479427753934192,1.2520743919885553
2193,2.95,5.0625,0.2462947067238913,1.2452074391988557
2194,2.965,5.06125,0.24711874105865525,1.2520743919885553
2195,2.9625,5.06125,0.24684406294706726,1.249785407725322
2196,2.965,5.0625,0.2462947067238913,1.2452074391988557
2197,2.955,5.0625,0.2462947067238913,1.2452074391988557
2198,2.9575,5.0625,0.24647782546494995,1.249785407725322
2199,3.0175,5.05125,0.24748497854077256,1.249785407725322
2200,2.975,5.0625,0.2479427753934192,1.2566523605150215
2201,2.945,5.06,0.24537911301859802,1.2406294706723893
2202,2.95,5.0625,0.24373104434907011,1.2337625178826896
2203,2.935,5.06375,0.24455507868383408,1.238340486409156
2204,2.955,5.06375,0.2462947067238913,1.249785407725322
2205,2.9725,5.0625,0.24666094420600862,1.249785407725322
2206,2.9525,5.0625,0.24602002861230332,1.2452074391988557
2207,2.97,5.06125,0.24748497854077256,1.2520743919885553
2208,2.9525,5.0625,0.24748497854077256,1.2520743919885553
2209,2.9625,5.0625,0.24684406294706726,1.249785407725322
2210,2.9725,5.06125,0.2476680972818312,1.2520743919885553
2211,2.9825,5.06125,0.2479427753934192,1.2566523605150215
2212,2.96,5.06375,0.24666094420600862,1.249785407725322
2213,2.9575,5.0625,0.24647782546494995,1.249785407725322
2214,2.9625,5.06375,0.2476680972818312,1.2520743919885553
2215,2.985,5.06125,0.2443719599427754,1.238340486409156
2216,2.96,5.06125,0.24666094420600862,1.249785407725322
2217,2.96,5.06125,0.24748497854077256,1.2520743919885553
2218,2.9175,5.06375,0.24208297567954223,1.2268955650929902
2219,2.96,5.0625,0.24666094420600862,1.249785407725322
2220,2.96,5.0625,0.24812589413447786,1.2566523605150215
2221,2.9625,5.06125,0.24711874105865525,1.2520743919885553
2222,2.99,5.06125,0.24913304721030047,1.261230329041488
2223,2.96,5.06125,0.2473018597997139,1.2520743919885553
2224,2.9675,5.06,0.2485836909871245,1.2566523605150215
2225,2.9575,5.06125,0.24647782546494995,1.249785407725322
2226,2.9775,5.0625,0.2473018597997139,1.2520743919885553
2227,2.9675,5.06375,0.24684406294706726,1.249785407725322
2228,2.945,5.0625,0.24537911301859802,1.2406294706723893
2229,2.9375,5.06,0.24482975679542204,1.238340486409156
2230,2.9525,5.0625,0.2473018597997139,1.2520743919885553
2231,2.9625,5.06375,0.24684406294706726,1.249785407725322
2232,2.965,5.0625,0.24711874105865525,1.2520743919885553
2233,3.0075,5.0625,0.24519599427753935,1.2406294706723893
2234,2.9625,5.06125,0.24684406294706726,1.249785407725322
2235,2.9425,5.0625,0.24519599427753935,1.2406294706723893
2236,2.9525,5.0625,0.24666094420600862,1.249785407725322
2237,2.985,5.0575,0.24876680972818313,1.2566523605150215
2238,3.365,5.0625,0.2804463519313305,1.4214592274678113
2239,2.9675,5.0625,0.24711874105865525,1.2520743919885553
2240,2.975,5.06,0.2479427753934192,1.2566523605150215
2241,2.9575,5.0625,0.24647782546494995,1.249785407725322
2242,2.97,5.0625,0.2473018597997139,1.2520743919885553
2243,2.98,5.06375,0.2483090128755365,1.2566523605150215
2244,2.93,5.06,0.24418884120171677,1.2337625178826896
2245,2.94,5.06,0.2485836909871245,1.2566523605150215
2246,2.955,5.0625,0.2462947067238913,1.2452074391988557
2247,2.9625,5.06125,0.24684406294706726,1.249785407725322
2248,2.925,5.0625,0.24684406294706726,1.249785407725322
2249,2.975,5.0625,0.2479427753934192,1.2566523605150215
2250,2.96,5.06125,0.24666094420600862,1.249785407725322
2251,2.9525,5.0625,0.2483090128755365,1.2566523605150215
2252,2.96,5.06,0.24913304721030047,1.261230329041488
2253,2.93,5.0625,0.24418884120171677,1.238340486409156
2254,2.9575,5.0625,0.2483090128755365,1.2566523605150215
2255,2.9775,5.06125,0.24602002861230332,1.2452074391988557
2256,2.92,5.065,0.2433648068669528,1.2337625178826896
2257,2.9625,5.0625,0.2483090128755365,1.2566523605150215
2258,2.9725,5.06125,0.24748497854077256,1.2520743919885553
2259,2.9775,5.06125,0.24812589413447786,1.2566523605150215
2260,2.9675,5.0625,0.2473018597997139,1.2520743919885553
2261,2.9125,5.06625,0.24418884120171677,1.238340486409156
2262,2.9325,5.0625,0.2443719599427754,1.238340486409156
2263,2.9575,5.0625,0.24647782546494995,1.238340486409156
2264,2.9625,5.0625,0.24647782546494995,1.249785407725322
2265,2.9425,5.06375,0.24519599427753935,1.2406294706723893
2266,2.95,5.06,0.24583690987124465,1.2452074391988557
2267,2.9725,5.0625,0.24519599427753935,1.2406294706723893
2268,2.955,5.0625,0.2462947067238913,1.2452074391988557
2269,2.9525,5.05875,0.24602002861230332,1.2452074391988557
2270,2.9775,5.0625,0.2476680972818312,1.2520743919885553
2271,2.9525,5.06,0.24602002861230332,1.2452074391988557
2272,2.975,5.0625,0.2479427753934192,1.2566523605150215
2273,2.96,5.0625,0.2476680972818312,1.2520743919885553
2274,2.96,5.06125,0.24666094420600862,1.249785407725322
2275,2.96,5.06375,0.24666094420600862,1.249785407725322
2276,2.9775,5.06375,0.2450128755364807,1.2406294706723893
2277,2.9475,5.0625,0.245653791130186,1.2452074391988557
2278,2.9175,5.06375,0.24309012875536484,1.2291845493562235
2279,2.9825,5.06125,0.2476680972818312,1.2520743919885553
2280,2.9425,5.06125,0.24519599427753935,1.2406294706723893
2281,2.955,5.06125,0.2462947067238913,1.2452074391988557
2282,2.96,5.0625,0.24711874105865525,1.2520743919885553
2283,2.9475,5.06125,0.245653791130186,1.2452074391988557
2284,2.9675,5.0625,0.2473018597997139,1.2520743919885553
2285,2.96,5.06125,0.2450128755364807,1.2406294706723893
2286,2.95,5.06125,0.24583690987124465,1.2452074391988557
2287,2.9725,5.06125,0.2476680972818312,1.2520743919885553
2288,2.96,5.06375,0.24876680972818313,1.261230329041488
2289,2.9775,5.06125,0.24482975679542204,1.238340486409156
2290,2.95,5.06125,0.24583690987124465,1.2452074391988557
2291,2.9575,5.0625,0.2485836909871245,1.261230329041488
2292,2.9675,5.0625,0.245653791130186,1.2452074391988557
2293,3.165,5.0575,0.2637825464949929,1.33447782546495
2294,2.9425,5.06375,0.2476680972818312,1.2520743919885553
2295,2.935,5.06375,0.24602002861230332,1.2452074391988557
2296,2.9575,5.0625,0.24647782546494995,1.249785407725322
2297,2.96,5.06375,0.24812589413447786,1.2566523605150215
2298,2.98,5.06,0.2462947067238913,1.2452074391988557
2299,2.97,5.06,0.24748497854077256,1.2520743919885553
2300,2.94,5.0625,0.2450128755364807,1.249785407725322
2301,2.9625,5.0625,0.24391416309012878,1.2337625178826896
2302,2.955,5.0625,0.2462947067238913,1.2452074391988557
2303,2.9575,5.06,0.24647782546494995,1.249785407725322
2304,2.945,5.06375,0.24455507868383408,1.238340486409156
2305,2.93,5.06375,0.24418884120171677,1.238340486409156
2306,1.38,5.15375,0.11499856938483549,0.5928469241773964
2307,1.42,5.14875,0.10538483547925609,0.5447782546494994
2308,1.5175,5.16625,0.12644349070100144,0.6523605150214593
2309,1.4125,5.17375,0.11774535050071532,0.6065808297567954
2310,1.26,5.16875,0.11399141630901288,0.58826895565093
2311,1.29,5.1775,0.10749070100143063,0.5539341917024321
2312,1.225,5.1525,0.1020886981402003,0.5241773962804006
2313,1.395,5.145,0.10163090128755366,0.5218884120171675
2314,1.325,5.18375,0.1104206008583691,0.5745350500715308
2315,1.3275,5.155,0.11060371959942776,0.5699570815450644
2316,2.1275,5.115,0.17707582260371962,0.9064377682403434
2317,2.0925,5.11625,0.1744206008583691,0.8927038626609443
2318,1.3025,5.1675,0.10849785407725324,0.5585121602288985
2319,1.29,5.16625,0.10730758226037197,0.5539341917024321
2320,1.27,5.1675,0.10584263233190273,0.5470672389127326
2321,1.2725,5.17,0.10602575107296139,0.5470672389127326
2322,0.915,5.18,0.060246065808297576,0.3113018597997139
2323,0.9525,5.175,0.0785579399141631,0.40515021459227474
2324,0.9175,5.2075,0.07645207439198856,0.3982832618025752
2325,0.8675,5.19625,0.062077253218884125,0.32274678111587984
2326,0.715,5.2125,0.07397997138769671,0.3868383404864092
2327,0.865,5.1975,0.07205722460658083,0.37539341917024327
2328,0.725,5.2125,0.07022603719599428,0.36852646638054365
2329,0.685,5.215,0.06940200286123034,0.3639484978540773
2330,0.755,5.2125,0.06290128755364807,0.32732474964234626
2331,0.675,5.215,0.07086695278969958,0.37081545064377686
2332,0.695,5.2125,0.06454935622317597,0.33648068669527903
2333,0.665,5.19,0.05539341917024321,0.288412017167382
2334,0.81,5.1925,0.0566752503576538,0.2929899856938484
2335,0.7975,5.195,0.055851216022889845,0.288412017167382
2336,0.8275,5.215,0.0689442060085837,0.35937052932761093
2337,0.685,5.20625,0.05704148783977111,0.36852646638054365
2338,0.9225,5.1875,0.08725608011444923,0.4532188841201717
2339,0.9,5.2125,0.07498712446351932,0.3891273247496424
2340,0.905,5.2075,0.07544492131616595,0.3937052932761088
2341,0.87,5.1875,0.058964234620886985,0.30672389127324756
2342,0.81,5.21125,0.06747925608011446,0.35250357653791137
2343,0.91,5.21125,0.07581115879828328,0.3937052932761088
2344,1.145,5.17125,0.07562804005722461,0.3891273247496424
2345,0.8525,5.21625,0.07105007153075824,0.37081545064377686
2346,0.8725,5.215,0.07269814020028613,0.3776824034334764
2347,0.7,5.2,0.07040915593705294,0.36852646638054365
2348,0.8625,5.21625,0.07187410586552218,0.37539341917024327
2349,0.7675,5.2125,0.064,0.3341917024320458
2350,0.745,5.19875,0.06647210300429185,0.34563662374821175
2351,0.8075,5.2,0.0672961373390558,0.34792560801144495
2352,0.82,5.215,0.0683032904148784,0.3570815450643777
2353,0.845,5.20125,0.07645207439198856,0.3982832618025752
2354,0.7925,5.1875,0.06601430615164522,0.3410586552217454
2355,0.775,5.205,0.06454935622317597,0.33648068669527903
2356,0.8075,5.1975,0.060246065808297576,0.3113018597997139
2357,0.8575,5.2125,0.07141630901287555,0.37081545064377686
2358,0.905,5.20625,0.07544492131616595,0.3937052932761088
2359,0.84,5.18875,0.055851216022889845,0.288412017167382
2360,0.8775,5.18375,0.0566752503576538,0.2929899856938484
2361,0.68,5.18375,0.0566752503576538,0.2929899856938484
2362,0.7125,5.21125,0.06271816881258942,0.32732474964234626
2363,0.7975,5.19875,0.05832331902718169,0.30443490701001436
2364,0.7,5.20625,0.05832331902718169,0.30443490701001436
2365,0.7025,5.2125,0.06418311874105866,0.3341917024320458
2366,0.85,5.185,0.055851216022889845,0.288412017167382
2367,0.75,5.19125,0.06253505007153076,0.32732474964234626
2368,1.03,5.18125,0.05914735336194564,0.30672389127324756
2369,0.71,5.20875,0.07544492131616595,0.3937052932761088
2370,0.7525,5.18375,0.06271816881258942,0.32732474964234626
2371,0.7025,5.21,0.07581115879828328,0.3937052932761088
2372,0.77,5.19875,0.07205722460658083,0.37539341917024327
2373,0.8375,5.195,0.06976824034334765,0.3639484978540773
2374,0.8675,5.18125,0.07233190271816882,0.3776824034334764
2375,0.735,5.20125,0.0683032904148784,0.3570815450643777
2376,0.8725,5.215,0.07269814020028613,0.3776824034334764
2377,0.8325,5.21625,0.06940200286123034,0.3639484978540773
2378,0.8575,5.18375,0.057499284692417746,0.2952789699570816
2379,0.915,5.20625,0.0762689556509299,0.3982832618025752
2380,0.8825,5.21625,0.07352217453505008,0.38226037195994284
2381,0.6875,5.20625,0.07022603719599428,0.3639484978540773
2382,0.725,5.20625,0.06042918454935623,0.3158798283261803
2383,0.7625,5.20125,0.06354220314735337,0.32961373390557946
2384,0.81,5.19625,0.059971387696709594,0.3113018597997139
2385,0.7975,5.2075,0.06647210300429185,0.34563662374821175
2386,0.935,5.2125,0.0779170243204578,0.40515021459227474
2387,0.875,5.1875,0.058964234620886985,0.30672389127324756
2388,0.7075,5.19125,0.058964234620886985,0.30672389127324756
2389,0.8725,5.21625,0.07269814020028613,0.3776824034334764
2390,0.6975,5.20375,0.06876108726752504,0.3570815450643777
2391,0.8475,5.21625,0.07059227467811159,0.36852646638054365
2392,0.7575,5.205,0.06308440629470673,0.32961373390557946
2393,0.705,5.20625,0.07251502145922747,0.3776824034334764
2394,0.7175,5.20625,0.05978826895565094,0.3113018597997139
2395,0.6675,5.19125,0.05566809728183119,0.288412017167382
2396,0.7125,5.2025,0.07269814020028613,0.3776824034334764
2397,0.69,5.20625,0.07059227467811159,0.36852646638054365
2398,0.8925,5.21375,0.07434620886981402,0.3868383404864092
2399,0.725,5.2125,0.06976824034334765,0.3639484978540773
2400,0.74,5.20125,0.07397997138769671,0.3868383404864092
2401,0.8175,5.1825,0.06812017167381974,0.35250357653791137
2402,0.85,5.18875,0.069585121602289,0.35937052932761093
2403,0.8575,5.19,0.05914735336194564,0.30672389127324756
2404,0.8725,5.2125,0.07269814020028613,0.3776824034334764
2405,0.8825,5.185,0.05850643776824035,0.30443490701001436
2406,0.85,5.1925,0.06226037195994278,0.32274678111587984
2407,0.6875,5.1825,0.05731616595135909,0.2952789699570816
2408,0.695,5.21125,0.0689442060085837,0.35937052932761093
2409,0.73,5.2075,0.060246065808297576,0.3158798283261803
2410,0.6625,5.1875,0.05521030042918455,0.2861230329041488
2411,0.71,5.2125,0.05914735336194564,0.30672389127324756
2412,0.675,5.2175,0.07022603719599428,0.36852646638054365
2413,0.75,5.205,0.06253505007153076,0.32732474964234626
2414,0.715,5.18125,0.059605150214592284,0.30672389127324756
2415,0.74,5.20125,0.07315593705293277,0.3776824034334764
2416,0.84,5.19625,0.07004291845493563,0.3639484978540773
2417,0.8075,5.19125,0.0672961373390558,0.34792560801144495
2418,0.7575,5.205,0.06793705293276109,0.35250357653791137
2419,0.85,5.21625,0.07086695278969958,0.37081545064377686
2420,0.75,5.21125,0.06253505007153076,0.32732474964234626
2421,0.74,5.1975,0.06647210300429185,0.34563662374821175
2422,0.825,5.215,0.06876108726752504,0.35937052932761093
2423,0.685,5.20125,0.05704148783977111,0.2952789699570816
2424,0.7475,5.1975,0.06537339055793992,0.3410586552217454
2425,0.815,5.20125,0.06793705293276109,0.35250357653791137
2426,0.755,5.21125,0.06290128755364807,0.32732474964234626
2427,0.795,5.19375,0.06290128755364807,0.32732474964234626
2428,0.92,5.20625,0.07663519313304722,0.3982832618025752
2429,0.7725,5.18625,0.06436623748211731,0.3341917024320458
2430,0.705,5.2125,0.07645207439198856,0.3982832618025752
2431,0.915,5.21,0.0762689556509299,0.3982832618025752
2432,0.9,5.2025,0.07498712446351932,0.3891273247496424
2433,0.7275,5.21125,0.07205722460658083,0.37539341917024327
2434,0.8675,5.18375,0.061711015736766815,0.3181688125894135
2435,0.8625,5.2075,0.07187410586552218,0.37539341917024327
2436,0.8775,5.18125,0.05704148783977111,0.2952789699570816
2437,0.7525,5.20125,0.0576824034334764,0.29985693848354794
2438,0.705,5.18625,0.05878111587982833,0.30443490701001436
2439,0.8225,5.19125,0.05566809728183119,0.288412017167382
2440,0.8675,5.185,0.055851216022889845,0.288412017167382
2441,0.695,5.18375,0.05795708154506438,0.29985693848354794
2442,0.89,5.18,0.05603433476394851,0.288412017167382
2443,0.8975,5.17875,0.05731616595135909,0.2952789699570816
2444,0.815,5.2025,0.06793705293276109,0.35250357653791137
2445,0.8375,5.18875,0.0662889842632332,0.34563662374821175
2446,0.8925,5.18125,0.06107010014306152,0.3158798283261803
2447,0.745,5.20125,0.062077253218884125,0.32274678111587984
2448,0.905,5.18,0.07544492131616595,0.3937052932761088
2449,0.88,5.185,0.056858369098712454,0.2952789699570816
2450,0.7975,5.19625,0.06647210300429185,0.34563662374821175
2451,0.835,5.2075,0.069585121602289,0.3639484978540773
2452,0.86,5.18375,0.05704148783977111,0.2952789699570816
2453,0.7675,5.19625,0.064,0.3341917024320458
2454,0.8,5.215,0.0666552217453505,0.34792560801144495
2455,0.875,5.185,0.05832331902718169,0.30443490701001436
2456,0.8075,5.19875,0.0672961373390558,0.34792560801144495
2457,0.8375,5.215,0.06976824034334765,0.3639484978540773
2458,0.84,5.1875,0.059971387696709594,0.3113018597997139
2459,0.9825,5.21,0.08185407725321889,0.4280400572246066
2460,0.7875,5.1875,0.06564806866952791,0.3410586552217454
2461,0.7075,5.2125,0.07397997138769671,0.3868383404864092
2462,0.9125,5.2075,0.07608583690987125,0.3982832618025752
2463,0.7525,5.18375,0.06271816881258942,0.32732474964234626
2464,0.795,5.19125,0.05704148783977111,0.2952789699570816
2465,0.67,5.18125,0.055851216022889845,0.288412017167382
2466,0.88,5.21125,0.07333905579399143,0.38226037195994284
2467,0.8225,5.1875,0.06335908440629472,0.32961373390557946
2468,0.815,5.2,0.06793705293276109,0.35250357653791137
2469,0.845,5.20625,0.07040915593705294,0.36852646638054365
2470,0.84,5.18625,0.055851216022889845,0.288412017167382
2471,0.7075,5.2025,0.06912732474964235,0.35937052932761093
2472,0.8675,5.21,0.07233190271816882,0.37539341917024327
2473,0.89,5.1875,0.07187410586552218,0.37081545064377686
2474,0.7775,5.2025,0.0666552217453505,0.34563662374821175
2475,0.76,5.205,0.06335908440629472,0.32961373390557946
2476,0.9125,5.1825,0.06079542203147354,0.3158798283261803
2477,0.9375,5.17625,0.06335908440629472,0.32732474964234626
2478,0.705,5.1825,0.05878111587982833,0.30443490701001436
2479,0.675,5.21625,0.07022603719599428,0.36852646638054365
2480,0.715,5.21125,0.06271816881258942,0.32732474964234626
2481,0.7125,5.20625,0.059330472103004295,0.30672389127324756
2482,0.6825,5.2075,0.07187410586552218,0.37539341917024327
2483,0.6775,5.2125,0.07040915593705294,0.36852646638054365
2484,0.94,5.215,0.07837482117310444,0.4097281831187411
2485,0.775,5.2125,0.06454935622317597,0.33648068669527903
2486,0.6725,5.21,0.07187410586552218,0.37539341917024327
2487,0.93,5.21125,0.07745922746781117,0.40515021459227474
2488,0.8575,5.2075,0.07141630901287555,0.37081545064377686
2489,0.9225,5.18,0.059330472103004295,0.30672389127324756
2490,0.7975,5.20875,0.06647210300429185,0.34563662374821175
2491,0.9275,5.21,0.07727610872675252,0.4005722460658083
2492,0.84,5.19125,0.05832331902718169,0.30443490701001436
2493,0.8,5.21125,0.0666552217453505,0.34792560801144495
2494,0.785,5.21,0.06537339055793992,0.3410586552217454
2495,0.6725,5.215,0.07169098712446352,0.37539341917024327
2496,0.73,5.2075,0.06079542203147354,0.3158798283261803
2497,0.6675,5.19,0.05566809728183119,0.288412017167382
2498,0.7025,5.21125,0.06335908440629472,0.32961373390557946
2499,0.6775,5.18375,0.056492131616595144,0.2929899856938484
2500,0.6825,5.18125,0.056858369098712454,0.2952789699570816
2501,0.81,5.195,0.055851216022889845,0.288412017167382
2502,0.6875,5.18375,0.05731616595135909,0.2952789699570816
2503,0.8575,5.205,0.07141630901287555,0.37081545064377686
2504,0.7625,5.20125,0.07956509298998571,0.4120171673819743
2505,0.7775,5.18625,0.06482403433476396,0.33648068669527903
2506,0.765,5.18375,0.06372532188841203,0.32961373390557946
2507,0.7425,5.21,0.06812017167381974,0.3570815450643777
2508,0.77,5.20375,0.06308440629470673,0.32961373390557946
2509,0.86,5.21625,0.07169098712446352,0.37539341917024327
2510,0.7625,5.1925,0.06308440629470673,0.32732474964234626
2511,0.665,5.2125,0.07169098712446352,0.37539341917024327
2512,0.8425,5.21625,0.07022603719599428,0.36852646638054365
2513,0.7375,5.20625,0.07123319027181689,0.37081545064377686
2514,0.8325,5.19,0.05566809728183119,0.288412017167382
2515,0.81,5.2025,0.06747925608011446,0.35250357653791137
2516,0.855,5.185,0.05832331902718169,0.30443490701001436
2517,0.87,5.185,0.05731616595135909,0.2952789699570816
2518,0.85,5.2075,0.07086695278969958,0.36852646638054365
2519,0.7075,5.2125,0.07352217453505008,0.38226037195994284
2520,0.7025,5.2125,0.07480400572246067,0.3891273247496424
2521,0.8275,5.195,0.0689442060085837,0.35937052932761093
2522,0.725,5.18,0.06042918454935623,0.3113018597997139
2523,0.72,5.2075,0.07498712446351932,0.3891273247496424
2524,0.6775,5.19875,0.056492131616595144,0.2929899856938484
2525,0.6725,5.1825,0.05603433476394851,0.288412017167382
2526,0.7475,5.205,0.059971387696709594,0.3113018597997139
2527,0.68,5.195,0.0566752503576538,0.2952789699570816
2528,0.74,5.21,0.061711015736766815,0.32274678111587984
2529,0.67,5.21625,0.07086695278969958,0.37081545064377686
2530,0.725,5.21,0.06042918454935623,0.3158798283261803
2531,0.75,5.2125,0.06253505007153076,0.32732474964234626
2532,0.6775,5.2075,0.07141630901287555,0.37081545064377686
2533,0.735,5.20875,0.06125321888412018,0.3181688125894135
2534,0.7225,5.18125,0.060246065808297576,0.3113018597997139
2535,0.705,5.21125,0.07581115879828328,0.3937052932761088
2536,0.8,5.18875,0.0666552217453505,0.34563662374821175
2537,0.7025,5.19,0.05850643776824035,0.30443490701001436
2538,0.8825,5.1825,0.06143633762517883,0.3181688125894135
2539,0.73,5.20875,0.06079542203147354,0.3158798283261803
2540,0.6725,5.1825,0.05603433476394851,0.288412017167382
2541,0.725,5.20625,0.059971387696709594,0.3113018597997139
2542,0.6675,5.18375,0.05566809728183119,0.288412017167382
2543,0.7625,5.19375,0.06354220314735337,0.32961373390557946
2544,0.855,5.185,0.055851216022889845,0.288412017167382
2545,0.855,5.185,0.05814020028612304,0.29985693848354794
2546,0.88,5.21125,0.07333905579399143,0.38226037195994284
2547,0.875,5.18375,0.05832331902718169,0.30443490701001436
2548,0.8225,5.1925,0.056492131616595144,0.2929899856938484
2549,0.91,5.2075,0.07581115879828328,0.3937052932761088
2550,0.8025,5.1975,0.06079542203147354,0.3158798283261803
2551,0.7225,5.2125,0.07123319027181689,0.37081545064377686
2552,0.91,5.21125,0.07581115879828328,0.3937052932761088
2553,0.98,5.17875,0.059971387696709594,0.3113018597997139
2554,0.865,5.18375,0.05814020028612304,0.29985693848354794
2555,0.88,5.2,0.07333905579399143,0.38226037195994284
2556,0.8625,5.18375,0.07187410586552218,0.288412017167382
2557,0.73,5.19875,0.06601430615164522,0.34563662374821175
2558,0.855,5.1875,0.07123319027181689,0.37081545064377686
2559,0.815,5.2025,0.06793705293276109,0.35250357653791137
2560,0.7975,5.19375,0.06290128755364807,0.32732474964234626
2561,0.7825,5.19625,0.06519027181688127,0.33648068669527903
2562,0.87,5.215,0.07251502145922747,0.3776824034334764
2563,0.8075,5.19,0.06290128755364807,0.32732474964234626
2564,0.7025,5.19,0.05850643776824035,0.30443490701001436
2565,0.8975,5.20375,0.07480400572246067,0.3891273247496424
2566,0.71,5.2125,0.07397997138769671,0.3868383404864092
2567,0.9075,5.21,0.07562804005722461,0.3937052932761088
2568,0.8425,5.18375,0.07022603719599428,0.3639484978540773
2569,0.68,5.215,0.07123319027181689,0.37081545064377686
2570,0.8175,5.21625,0.06812017167381974,0.3570815450643777
2571,0.7,5.20125,0.05832331902718169,0.30443490701001436
2572,0.6775,5.21375,0.07233190271816882,0.3776824034334764
2573,0.8625,5.215,0.07187410586552218,0.37539341917024327
2574,0.715,5.20375,0.059605150214592284,0.3113018597997139
2575,0.69,5.2075,0.07205722460658083,0.37539341917024327
2576,0.8675,5.20875,0.07233190271816882,0.37539341917024327
2577,0.89,5.215,0.07416309012875537,0.3868383404864092
2578,0.875,5.1875,0.06125321888412018,0.3181688125894135
2579,0.71,5.195,0.05914735336194564,0.30672389127324756
2580,0.91,5.2125,0.07581115879828328,0.3937052932761088
2581,0.7875,5.2025,0.06143633762517883,0.3181688125894135
2582,0.705,5.21,0.07581115879828328,0.3937052932761088
2583,0.9175,5.21,0.07645207439198856,0.3982832618025752
2584,0.7425,5.205,0.06042918454935623,0.3158798283261803
2585,0.8625,5.1875,0.05539341917024321,0.288412017167382
2586,0.6675,5.19375,0.05566809728183119,0.288412017167382
2587,0.685,5.2125,0.06940200286123034,0.35937052932761093
2588,0.7275,5.2075,0.061711015736766815,0.32274678111587984
2589,0.735,5.19,0.06125321888412018,0.3181688125894135
2590,0.8575,5.1825,0.05731616595135909,0.2952789699570816
2591,0.8425,5.1875,0.06519027181688127,0.33648068669527903
2592,0.91,5.215,0.07581115879828328,0.3937052932761088
2593,0.755,5.2,0.06857796852646639,0.3570815450643777
2594,0.9275,5.1775,0.062077253218884125,0.32274678111587984
2595,0.78,5.20625,0.06500715307582261,0.33648068669527903
2596,0.9125,5.2075,0.07608583690987125,0.3982832618025752
2597,0.735,5.20875,0.07123319027181689,0.37081545064377686
2598,0.905,5.2125,0.07544492131616595,0.3937052932761088
2599,0.87,5.20875,0.07251502145922747,0.3776824034334764
2600,0.8525,5.185,0.05814020028612304,0.29985693848354794
2601,0.9425,5.21125,0.0785579399141631,0.4097281831187411
2602,0.8675,5.215,0.07233190271816882,0.3776824034334764
2603,0.8875,5.18125,0.0576824034334764,0.29985693848354794
2604,0.69,5.18375,0.057499284692417746,0.2952789699570816
2605,0.8575,5.20875,0.07141630901287555,0.37081545064377686
2606,0.7675,5.19125,0.06372532188841203,0.32961373390557946
2607,0.8275,5.2025,0.0689442060085837,0.35937052932761093
2608,0.795,5.1975,0.0662889842632332,0.34563662374821175
2609,0.7975,5.20125,0.06125321888412018,0.3181688125894135
2610,0.8275,5.2125,0.0689442060085837,0.35937052932761093
2611,0.9125,5.2075,0.07608583690987125,0.3982832618025752
2612,0.78,5.20125,0.062077253218884125,0.32274678111587984
2613,0.7875,5.2075,0.06564806866952791,0.3410586552217454
2614,0.7475,5.20875,0.06226037195994278,0.32274678111587984
2615,0.7975,5.19125,0.06271816881258942,0.32732474964234626
2616,0.87,5.21125,0.07251502145922747,0.3776824034334764
2617,0.865,5.21625,0.07205722460658083,0.37539341917024327
2618,0.745,5.19625,0.06482403433476396,0.33648068669527903
2619,0.665,5.2125,0.07205722460658083,0.37539341917024327
2620,0.855,5.2175,0.07123319027181689,0.37081545064377686
2621,0.7625,5.19125,0.06482403433476396,0.33648068669527903
2622,0.6725,5.21625,0.07233190271816882,0.3776824034334764
2623,0.665,5.1875,0.05539341917024321,0.288412017167382
2624,0.8675,5.185,0.06271816881258942,0.32732474964234626
2625,0.8425,5.1925,0.05978826895565094,0.3113018597997139
2626,0.9725,5.21375,0.08103004291845495,0.4234620886981402
2627,0.895,5.18625,0.05878111587982833,0.30443490701001436
2628,0.7525,5.2075,0.06519027181688127,0.3410586552217454
2629,0.7225,5.20625,0.060246065808297576,0.3158798283261803
2630,0.665,5.21125,0.05539341917024321,0.3776824034334764
2631,0.7575,5.20375,0.05878111587982833,0.30672389127324756
2632,0.665,5.1875,0.05539341917024321,0.288412017167382
2633,0.695,5.18625,0.05795708154506438,0.29985693848354794
2634,0.7,5.2125,0.06354220314735337,0.32961373390557946
2635,0.7075,5.20375,0.058964234620886985,0.30672389127324756
2636,0.7,5.185,0.05832331902718169,0.30443490701001436
2637,0.8925,5.18375,0.056492131616595144,0.2929899856938484
2638,0.6725,5.185,0.05603433476394851,0.288412017167382
2639,0.91,5.21375,0.07581115879828328,0.3937052932761088
2640,0.8875,5.18375,0.05878111587982833,0.30443490701001436
2641,0.76,5.205,0.06335908440629472,0.32961373390557946
2642,0.8925,5.2125,0.07434620886981402,0.3868383404864092
2643,0.8225,5.195,0.060246065808297576,0.3113018597997139
2644,0.8725,5.21375,0.07269814020028613,0.3776824034334764
2645,0.84,5.21625,0.07004291845493563,0.3639484978540773
2646,0.835,5.18875,0.05978826895565094,0.3113018597997139
2647,0.835,5.20375,0.069585121602289,0.3639484978540773
2648,0.835,5.2175,0.069585121602289,0.3639484978540773
2649,0.775,5.19,0.06290128755364807,0.32732474964234626
2650,0.86,5.215,0.07169098712446352,0.37539341917024327
2651,0.69,5.19875,0.057499284692417746,0.29985693848354794
2652,0.6725,5.2175,0.07123319027181689,0.37081545064377686
2653,0.8275,5.21125,0.0689442060085837,0.35937052932761093
2654,0.8125,5.1925,0.06775393419170243,0.35250357653791137
2655,0.82,5.19625,0.060246065808297576,0.3113018597997139
2656,0.725,5.2125,0.07123319027181689,0.37081545064377686
2657,0.89,5.20625,0.07416309012875537,0.3868383404864092
2658,0.89,5.185,0.05878111587982833,0.30443490701001436
2659,0.6875,5.20875,0.07709298998569386,0.4005722460658083
2660,0.8775,5.215,0.07315593705293277,0.38226037195994284
2661,0.8425,5.185,0.055851216022889845,0.288412017167382
2662,0.7475,5.1975,0.06601430615164522,0.3410586552217454
2663,0.8075,5.2175,0.0672961373390558,0.35250357653791137
2664,0.7675,5.19625,0.06537339055793992,0.3410586552217454
2665,0.79,5.1925,0.06290128755364807,0.32732474964234626
2666,0.87,5.20875,0.07251502145922747,0.3776824034334764
2667,0.79,5.195,0.06583118741058656,0.2929899856938484
2668,0.82,5.195,0.05566809728183119,0.288412017167382
2669,0.9075,5.2075,0.07562804005722461,0.3937052932761088
2670,0.7275,5.18125,0.060612303290414886,0.3158798283261803
2671,0.74,5.2025,0.07397997138769671,0.3868383404864092
2672,0.85,5.19875,0.07086695278969958,0.36852646638054365
2673,0.775,5.17875,0.06454935622317597,0.3341917024320458
2674,0.6675,5.215,0.07333905579399143,0.38226037195994284
2675,0.835,5.215,0.069585121602289,0.3639484978540773
2676,0.66,5.1875,0.0550271816881259,0.2861230329041488
2677,0.6925,5.21375,0.06436623748211731,0.3341917024320458
2678,0.72,5.205,0.059971387696709594,0.3113018597997139
2679,0.67,5.1975,0.055851216022889845,0.288412017167382
2680,0.8175,5.1875,0.055851216022889845,0.288412017167382
2681,0.6725,5.185,0.05603433476394851,0.288412017167382
2682,0.665,5.185,0.05539341917024321,0.288412017167382
2683,0.715,5.215,0.06793705293276109,0.35250357653791137
2684,0.9,5.21125,0.07498712446351932,0.3891273247496424
2685,0.905,5.2025,0.07544492131616595,0.3937052932761088
2686,0.79,5.21125,0.06711301859799715,0.34792560801144495
2687,0.905,5.2125,0.07544492131616595,0.3937052932761088
2688,0.855,5.1975,0.07123319027181689,0.37081545064377686
2689,0.7625,5.20125,0.0769098712446352,0.4005722460658083
2690,0.69,5.2125,0.07315593705293277,0.38226037195994284
2691,0.67,5.18375,0.055851216022889845,0.288412017167382
2692,0.7925,5.1925,0.05521030042918455,0.2861230329041488
2693,0.8525,5.18625,0.055851216022889845,0.288412017167382
2694,1.3875,5.17875,0.11563948497854079,0.5997138769670959
2695,0.9275,5.1775,0.05603433476394851,0.288412017167382
2696,0.6925,5.20625,0.07040915593705294,0.36852646638054365
2697,0.8825,5.2125,0.07352217453505008,0.38226037195994284
2698,0.92,5.1775,0.0566752503576538,0.2929899856938484
2699,0.735,5.21125,0.06775393419170243,0.35250357653791137
2700,0.84,5.21125,0.07004291845493563,0.3639484978540773
2701,0.91,5.18,0.059605150214592284,0.30672389127324756
2702,0.8525,5.19,0.05832331902718169,0.30443490701001436
2703,0.9125,5.21375,0.07608583690987125,0.3982832618025752
2704,0.865,5.18375,0.07205722460658083,0.30443490701001436
2705,0.85,5.1825,0.06107010014306152,0.3158798283261803
2706,0.83,5.215,0.06912732474964235,0.35937052932761093
2707,0.7375,5.20875,0.06143633762517883,0.3181688125894135
2708,0.6625,5.21375,0.07315593705293277,0.38226037195994284
2709,0.8375,5.20375,0.06976824034334765,0.3639484978540773
2710,0.8725,5.2175,0.07269814020028613,0.3776824034334764
2711,0.855,5.18625,0.05850643776824035,0.30443490701001436
2712,0.7525,5.19375,0.06271816881258942,0.32732474964234626
2713,0.925,5.2125,0.07709298998569386,0.4005722460658083
2714,0.73,5.20375,0.07498712446351932,0.3891273247496424
2715,0.8275,5.185,0.0689442060085837,0.3570815450643777
2716,0.705,5.18375,0.05878111587982833,0.30443490701001436
2717,0.8075,5.19375,0.0689442060085837,0.3570815450643777
2718,0.715,5.18,0.059605150214592284,0.30672389127324756
2719,0.6675,5.185,0.05566809728183119,0.288412017167382
2720,0.6675,5.215,0.07288125894134478,0.3776824034334764
2721,0.6625,5.19625,0.05521030042918455,0.2861230329041488
2722,0.6625,5.19125,0.05521030042918455,0.2861230329041488
2723,0.69,5.2125,0.07205722460658083,0.37539341917024327
2724,0.8325,5.205,0.06940200286123034,0.35937052932761093
2725,0.84,5.21625,0.07004291845493563,0.3639484978540773
2726,0.6975,5.205,0.07022603719599428,0.3639484978540773
2727,0.735,5.21375,0.0662889842632332,0.34563662374821175
2728,0.8975,5.21375,0.07480400572246067,0.3891273247496424
2729,0.78,5.20375,0.06143633762517883,0.3181688125894135
2730,1.725,5.1325,0.14145922746781117,0.7278969957081546
2731,0.875,5.21375,0.07288125894134478,0.3776824034334764
2732,0.9075,5.18,0.059971387696709594,0.3113018597997139
2733,0.7425,5.20875,0.06747925608011446,0.35250357653791137
2734,0.79,5.2125,0.06583118741058656,0.3410586552217454
2735,0.81,5.1925,0.06290128755364807,0.32732474964234626
2736,0.7125,5.2,0.0662889842632332,0.34563662374821175
2737,0.8775,5.21,0.07315593705293277,0.38226037195994284
2738,0.8425,5.18625,0.059605150214592284,0.30672389127324756
2739,0.8275,5.18625,0.0672961373390558,0.34792560801144495
2740,0.875,5.18625,0.07288125894134478,0.3776824034334764
2741,0.7875,5.1975,0.06564806866952791,0.2929899856938484
2742,0.8525,5.185,0.05814020028612304,0.29985693848354794
2743,0.8025,5.18875,0.06683834048640916,0.34563662374821175
2744,0.765,5.205,0.06372532188841203,0.32961373390557946
2745,0.895,5.1825,0.06143633762517883,0.3181688125894135
2746,0.7675,5.20625,0.064,0.3341917024320458
2747,0.905,5.21125,0.07544492131616595,0.3937052932761088
2748,0.85,5.19,0.058964234620886985,0.30672389127324756
2749,0.665,5.19,0.05539341917024321,0.288412017167382
2750,0.8225,5.19625,0.06857796852646639,0.3570815450643777
2751,0.79,5.1975,0.0566752503576538,0.2952789699570816
2752,0.6675,5.1925,0.05566809728183119,0.288412017167382
2753,0.7825,5.19,0.06519027181688127,0.33648068669527903
2754,0.8675,5.18375,0.05704148783977111,0.2952789699570816
2755,0.69,5.18375,0.057499284692417746,0.2952789699570816
2756,0.74,5.1925,0.061711015736766815,0.3181688125894135
2757,0.815,5.1925,0.056492131616595144,0.2929899856938484
2758,0.67,5.185,0.055851216022889845,0.288412017167382
2759,0.84,5.1975,0.07004291845493563,0.3639484978540773
2760,0.73,5.21125,0.06940200286123034,0.35937052932761093
2761,0.92,5.21125,0.07663519313304722,0.3982832618025752
2762,0.875,5.20125,0.07288125894134478,0.3776824034334764
2763,0.88,5.18875,0.05832331902718169,0.30443490701001436
2764,0.8375,5.18875,0.0550271816881259,0.2861230329041488
2765,0.6725,5.18375,0.05603433476394851,0.288412017167382
2766,0.835,5.18875,0.05521030042918455,0.2861230329041488
2767,0.87,5.185,0.05704148783977111,0.2952789699570816
2768,0.865,5.2125,0.07205722460658083,0.37539341917024327
2769,0.76,5.19625,0.06564806866952791,0.3410586552217454
2770,0.665,5.21125,0.07397997138769671,0.3868383404864092
2771,0.8425,5.21625,0.07022603719599428,0.36852646638054365
2772,0.7925,5.19125,0.06253505007153076,0.32732474964234626
2773,0.6725,5.21,0.07544492131616595,0.3937052932761088
2774,0.98,5.21125,0.08167095851216023,0.4234620886981402
2775,0.82,5.19625,0.059971387696709594,0.3113018597997139
2776,0.7375,5.21,0.06683834048640916,0.34792560801144495
2777,0.905,5.2075,0.07544492131616595,0.3937052932761088
2778,0.855,5.18875,0.07123319027181689,0.30443490701001436
2779,0.715,5.20875,0.061711015736766815,0.32274678111587984
2780,0.73,5.195,0.06079542203147354,0.3158798283261803
2781,0.8675,5.2125,0.07233190271816882,0.3776824034334764
2782,0.8325,5.1875,0.06042918454935623,0.3158798283261803
2783,0.8375,5.205,0.06976824034334765,0.3639484978540773
2784,0.7975,5.215,0.06647210300429185,0.34563662374821175
2785,0.68,5.20625,0.07040915593705294,0.36852646638054365
2786,0.8125,5.215,0.06775393419170243,0.35250357653791137
2787,0.7425,5.20125,0.06189413447782547,0.32274678111587984
2788,0.7425,5.205,0.059330472103004295,0.30672389127324756
2789,1.865,5.14375,0.15537625178826897,0.7988555078683836
2790,2.03,5.14375,0.16920171673819745,0.8698140200286124
2791,1.5225,5.15,0.1435650929899857,0.7393419170243205
2792,1.6225,5.145,0.1352331902718169,0.6981402002861231
2793,1.6525,5.1475,0.13770529327610875,0.709585121602289
2794,2.375,5.09125,0.22953934191702435,1.1696709585121603
2795,2.2,5.12125,0.1833018597997139,0.9384835479256081
2796,1.3475,5.13125,0.11225178826895567,0.576824034334764
2797,0.9475,5.1875,0.11087839771101575,0.5745350500715308
2798,1.005,5.19125,0.08377682403433477,0.4349070100143062
2799,0.88,5.17875,0.07333905579399143,0.3776824034334764
2800,0.9325,5.175,0.06290128755364807,0.32732474964234626
2801,0.8325,5.19375,0.05978826895565094,0.3113018597997139
2802,0.8275,5.21375,0.0689442060085837,0.35937052932761093
2803,0.7325,5.19875,0.0672961373390558,0.34792560801144495
2804,0.8975,5.1825,0.059330472103004295,0.30672389127324756
2805,0.8425,5.2075,0.07022603719599428,0.36852646638054365
2806,0.9075,5.1825,0.058964234620886985,0.30443490701001436
2807,0.72,5.21125,0.07123319027181689,0.37081545064377686
2808,0.875,5.20125,0.07288125894134478,0.3776824034334764
2809,0.7525,5.205,0.06042918454935623,0.3158798283261803
2810,0.8025,5.195,0.05978826895565094,0.3113018597997139
2811,0.6725,5.1825,0.05603433476394851,0.288412017167382
2812,0.675,5.20875,0.07288125894134478,0.3776824034334764
2813,0.6675,5.215,0.07205722460658083,0.37539341917024327
2814,0.855,5.20875,0.07123319027181689,0.37081545064377686
2815,0.83,5.19,0.06912732474964235,0.35937052932761093
2816,0.8775,5.18625,0.064,0.3341917024320458
2817,0.795,5.19875,0.0662889842632332,0.34563662374821175
2818,0.8325,5.20375,0.06940200286123034,0.35937052932761093
2819,0.7775,5.19625,0.06976824034334765,0.3639484978540773
2820,0.84,5.1925,0.07004291845493563,0.3639484978540773
2821,0.825,5.205,0.06876108726752504,0.3570815450643777
2822,0.93,5.18125,0.061711015736766815,0.3181688125894135
2823,0.7175,5.19625,0.05978826895565094,0.3113018597997139
2824,0.7925,5.215,0.06601430615164522,0.34563662374821175
2825,0.7475,5.1975,0.07269814020028613,0.3776824034334764
2826,0.89,5.20875,0.07416309012875537,0.3868383404864092
2827,0.8125,5.21375,0.06775393419170243,0.35250357653791137
2828,0.8,5.1925,0.061711015736766815,0.3181688125894135
2829,0.8625,5.20875,0.07187410586552218,0.37539341917024327
2830,0.86,5.215,0.07169098712446352,0.37539341917024327
2831,0.8825,5.185,0.06143633762517883,0.3181688125894135
2832,0.8775,5.2075,0.07315593705293277,0.38226037195994284
2833,0.9225,5.21125,0.0769098712446352,0.4005722460658083
2834,0.7175,5.21375,0.07205722460658083,0.37539341917024327
2835,0.7975,5.18875,0.06647210300429185,0.34563662374821175
2836,0.735,5.19625,0.06125321888412018,0.3181688125894135
2837,0.92,5.17625,0.060612303290414886,0.3158798283261803
2838,0.73,5.2125,0.06912732474964235,0.35937052932761093
2839,0.875,5.205,0.07288125894134478,0.3776824034334764
2840,0.735,5.205,0.059330472103004295,0.30672389127324756
2841,0.75,5.1975,0.0683032904148784,0.3570815450643777
2842,0.7525,5.20625,0.06271816881258942,0.32732474964234626
2843,0.75,5.20875,0.07269814020028613,0.3776824034334764
2844,0.8325,5.1875,0.06308440629470673,0.32732474964234626
2845,0.75,5.2,0.06253505007153076,0.32732474964234626
2846,0.71,5.2025,0.07086695278969958,0.36852646638054365
2847,0.6925,5.205,0.07333905579399143,0.38226037195994284
2848,0.8925,5.215,0.07434620886981402,0.3868383404864092
2849,0.9675,5.18,0.059330472103004295,0.30672389127324756
2850,0.725,5.21125,0.06976824034334765,0.3639484978540773
2851,0.7225,5.17875,0.060246065808297576,0.3113018597997139
2852,0.74,5.21,0.061711015736766815,0.3181688125894135
2853,0.7325,5.21,0.07022603719599428,0.36852646638054365
2854,0.905,5.21375,0.07544492131616595,0.3937052932761088
2855,0.79,5.20875,0.06583118741058656,0.3410586552217454
2856,0.81,5.18875,0.06079542203147354,0.3158798283261803
2857,0.855,5.2075,0.07123319027181689,0.37081545064377686
2858,0.855,5.21625,0.07123319027181689,0.37081545064377686
2859,0.865,5.1825,0.057499284692417746,0.2952789699570816
2860,0.8375,5.1975,0.06976824034334765,0.3639484978540773
2861,0.905,5.21375,0.07544492131616595,0.3937052932761088
2862,0.7775,5.2,0.0566752503576538,0.2952789699570816
2863,0.675,5.1825,0.05621745350500716,0.2929899856938484
2864,0.7075,5.18,0.058964234620886985,0.30443490701001436
2865,0.8525,5.18625,0.06793705293276109,0.35250357653791137
2866,0.75,5.17875,0.06253505007153076,0.32274678111587984
2867,0.86,5.21375,0.07169098712446352,0.37539341917024327
2868,0.855,5.19,0.05832331902718169,0.30443490701001436
2869,0.7075,5.205,0.058964234620886985,0.30672389127324756
2870,0.69,5.19625,0.057499284692417746,0.29985693848354794
2871,0.69,5.21375,0.07397997138769671,0.3868383404864092
2872,0.745,5.2,0.062077253218884125,0.32274678111587984
2873,0.7275,5.18625,0.060612303290414886,0.3158798283261803
2874,0.685,5.21375,0.06793705293276109,0.35250357653791137
2875,0.69,5.215,0.0662889842632332,0.34563662374821175
2876,0.745,5.1975,0.062077253218884125,0.32274678111587984
2877,0.81,5.19,0.06519027181688127,0.33648068669527903
2878,0.7425,5.2,0.07269814020028613,0.3776824034334764
2879,0.705,5.1825,0.05878111587982833,0.30443490701001436
2880,0.795,5.19375,0.06976824034334765,0.3639484978540773
2881,0.905,5.1825,0.06042918454935623,0.3158798283261803
2882,0.9075,5.20875,0.07562804005722461,0.3937052932761088
2883,0.93,5.18375,0.060246065808297576,0.3113018597997139
2884,0.86,5.18625,0.059605150214592284,0.30672389127324756
2885,0.74,5.19125,0.061711015736766815,0.3181688125894135
2886,0.865,5.18375,0.05539341917024321,0.288412017167382
2887,0.8725,5.1825,0.0566752503576538,0.2929899856938484
2888,0.705,5.18375,0.05878111587982833,0.30443490701001436
2889,0.755,5.205,0.06290128755364807,0.32732474964234626
2890,0.7925,5.20125,0.06271816881258942,0.32732474964234626
2891,0.68,5.18375,0.0566752503576538,0.2929899856938484
2892,0.7175,5.2075,0.05978826895565094,0.3113018597997139
2893,0.775,5.195,0.06519027181688127,0.33648068669527903
2894,0.72,5.1975,0.059971387696709594,0.3113018597997139
2895,0.865,5.21,0.07205722460658083,0.37539341917024327
2896,0.895,5.18,0.059330472103004295,0.30672389127324756
2897,0.7075,5.18125,0.058964234620886985,0.30443490701001436
2898,0.8,5.20875,0.0666552217453505,0.34792560801144495
2899,0.87,5.18375,0.05603433476394851,0.288412017167382
2900,0.8325,5.20125,0.06940200286123034,0.35937052932761093
2901,0.9175,5.2125,0.07645207439198856,0.3982832618025752
2902,2.2725,5.1225,0.17854077253218886,0.9155937052932762
2903,2.14,5.1225,0.1783576537911302,0.9155937052932762
2904,0.9625,5.1725,0.080206008583691,0.41659513590844066
2905,1.25,5.175,0.11829470672389128,0.6111587982832619
2906,0.7725,5.17875,0.06436623748211731,0.3341917024320458
2907,0.865,5.21375,0.07205722460658083,0.37539341917024327
2908,0.865,5.18625,0.06372532188841203,0.32961373390557946
2909,0.8775,5.20125,0.07315593705293277,0.3776824034334764
2910,0.8925,5.2025,0.07434620886981402,0.3868383404864092
2911,0.7275,5.21125,0.06940200286123034,0.35937052932761093
2912,0.8725,5.18625,0.06876108726752504,0.3570815450643777
2913,0.785,5.19625,0.06537339055793992,0.3410586552217454
2914,0.815,5.18875,0.06079542203147354,0.3158798283261803
2915,0.69,5.20625,0.07059227467811159,0.36852646638054365
2916,0.89,5.215,0.07416309012875537,0.3868383404864092
2917,0.7375,5.19875,0.0672961373390558,0.34792560801144495
2918,0.69,5.205,0.07434620886981402,0.3868383404864092
2919,0.8675,5.2175,0.07233190271816882,0.3776824034334764
2920,0.7025,5.20375,0.07004291845493563,0.3639484978540773
2921,0.71,5.2125,0.06308440629470673,0.32961373390557946
2922,0.8075,5.185,0.0672961373390558,0.34792560801144495
2923,0.875,5.18875,0.05521030042918455,0.2861230329041488
2924,0.845,5.19625,0.06354220314735337,0.32961373390557946
2925,0.8775,5.21625,0.07315593705293277,0.38226037195994284
2926,0.9575,5.2075,0.07974821173104436,0.41659513590844066
2927,0.74,5.21,0.06647210300429185,0.34563662374821175
2928,0.9025,5.20875,0.07517024320457798,0.3891273247496424
2929,0.7775,5.1975,0.06482403433476396,0.33648068669527903
2930,0.86,5.185,0.05850643776824035,0.30443490701001436
2931,0.865,5.21,0.07205722460658083,0.37539341917024327
2932,0.885,5.19875,0.07370529327610874,0.38226037195994284
2933,0.67,5.215,0.07187410586552218,0.37539341917024327
2934,0.68,5.1975,0.0566752503576538,0.2952789699570816
2935,0.7375,5.19,0.06143633762517883,0.3181688125894135
2936,0.74,5.20625,0.05914735336194564,0.30672389127324756
2937,0.7525,5.21125,0.06271816881258942,0.32732474964234626
2938,0.6625,5.19125,0.05521030042918455,0.2861230329041488
2939,0.715,5.2075,0.07480400572246067,0.3891273247496424
2940,0.89,5.2125,0.07416309012875537,0.3868383404864092
2941,0.8975,5.205,0.07480400572246067,0.3891273247496424
2942,0.9,5.1825,0.05914735336194564,0.30672389127324756
2943,0.895,5.205,0.07462088698140201,0.3891273247496424
2944,0.855,5.18875,0.07123319027181689,0.37081545064377686
2945,0.8025,5.195,0.05539341917024321,0.288412017167382
2946,0.73,5.18125,0.06079542203147354,0.3158798283261803
2947,0.695,5.18375,0.05795708154506438,0.29985693848354794
2948,0.87,5.18125,0.05566809728183119,0.288412017167382
2949,0.8375,5.1875,0.05521030042918455,0.2861230329041488
2950,0.675,5.1825,0.05621745350500716,0.2929899856938484
2951,0.8375,5.19,0.05539341917024321,0.288412017167382
2952,0.85,5.18625,0.05566809728183119,0.288412017167382
2953,0.7,5.17875,0.05832331902718169,0.30443490701001436
2954,0.7375,5.205,0.069585121602289,0.3639484978540773
2955,0.77,5.1975,0.07040915593705294,0.36852646638054365
2956,0.8125,5.1925,0.06775393419170243,0.35250357653791137
2957,0.7175,5.21125,0.07141630901287555,0.37081545064377686
2958,0.7675,5.1975,0.07086695278969958,0.36852646638054365
2959,0.6675,5.18375,0.05566809728183119,0.288412017167382
2960,0.7,5.2125,0.06335908440629472,0.32961373390557946
2961,0.68,5.215,0.06812017167381974,0.3570815450643777
2962,0.7975,5.2075,0.06647210300429185,0.34563662374821175
2963,0.7075,5.18375,0.058964234620886985,0.30672389127324756
2964,0.715,5.20875,0.06143633762517883,0.3181688125894135
2965,0.775,5.2125,0.06454935622317597,0.33648068669527903
2966,0.665,5.18625,0.05539341917024321,0.288412017167382
2967,0.71,5.21,0.06125321888412018,0.3181688125894135
2968,0.675,5.1975,0.05621745350500716,0.2929899856938484
2969,0.8975,5.2125,0.07480400572246067,0.3891273247496424
2970,0.865,5.18875,0.05832331902718169,0.30443490701001436
2971,0.8225,5.21125,0.06857796852646639,0.3570815450643777
2972,0.86,5.21375,0.07169098712446352,0.37539341917024327
2973,0.815,5.1975,0.059605150214592284,0.3113018597997139
2974,0.8075,5.2,0.0672961373390558,0.34792560801144495
2975,0.8225,5.21625,0.06857796852646639,0.3570815450643777
2976,0.665,5.215,0.07187410586552218,0.37539341917024327
2977,0.905,5.215,0.07544492131616595,0.3937052932761088
2978,0.7375,5.21,0.06143633762517883,0.3181688125894135
2979,0.6825,5.20625,0.07123319027181689,0.37081545064377686
2980,0.8725,5.21375,0.07269814020028613,0.3776824034334764
2981,0.7475,5.21125,0.06226037195994278,0.32732474964234626
2982,0.6725,5.21625,0.07141630901287555,0.37081545064377686
2983,0.665,5.1875,0.05539341917024321,0.288412017167382
2984,0.8075,5.21125,0.0672961373390558,0.35250357653791137
2985,0.8575,5.1875,0.06500715307582261,0.33648068669527903
2986,0.885,5.18375,0.05878111587982833,0.30443490701001436
2987,0.8875,5.2125,0.07397997138769671,0.3868383404864092
2988,0.91,5.1825,0.058964234620886985,0.30443490701001436
2989,0.7925,5.1975,0.05731616595135909,0.2952789699570816
2990,0.675,5.19875,0.05621745350500716,0.2929899856938484
2991,0.7,5.21125,0.06335908440629472,0.32961373390557946
2992,0.875,5.1825,0.05978826895565094,0.3113018597997139
2993,0.71,5.1875,0.05914735336194564,0.30672389127324756
2994,0.69,5.21375,0.06564806866952791,0.3410586552217454
2995,0.6875,5.2125,0.064,0.3341917024320458
2996,0.6675,5.19625,0.05566809728183119,0.288412017167382
2997,0.7025,5.2125,0.06354220314735337,0.32961373390557946
2998,0.8425,5.1875,0.05914735336194564,0.30672389127324756
2999,0.7075,5.18125,0.058964234620886985,0.30443490701001436
3000,0.795,5.21,0.0662889842632332,0.34563662374821175
3001,0.82,5.19,0.06683834048640916,0.34563662374821175
3002,0.7775,5.2,0.06482403433476396,0.33648068669527903
3003,0.9,5.2125,0.07498712446351932,0.3891273247496424
3004,0.895,5.1825,0.06125321888412018,0.3181688125894135
3005,0.745,5.2025,0.062077253218884125,0.32274678111587984
3006,0.9,5.21375,0.07498712446351932,0.3891273247496424
3007,0.8725,5.185,0.05566809728183119,0.288412017167382
3008,0.6775,5.18375,0.056492131616595144,0.2929899856938484
3009,0.7375,5.1925,0.06143633762517883,0.3181688125894135
3010,0.8525,5.185,0.057499284692417746,0.2952789699570816
3011,0.7675,5.1875,0.064,0.3341917024320458
3012,0.8325,5.2,0.06940200286123034,0.35937052932761093
3013,0.87,5.18,0.06500715307582261,0.33648068669527903
3014,0.7425,5.20125,0.06189413447782547,0.32274678111587984
3015,0.9,5.20375,0.07498712446351932,0.3891273247496424
3016,0.8725,5.1875,0.05850643776824035,0.30443490701001436
3017,0.9125,5.21375,0.07608583690987125,0.3982832618025752
3018,0.74,5.1825,0.061711015736766815,0.3181688125894135
3019,0.7625,5.2025,0.07837482117310444,0.4097281831187411
3020,0.8425,5.20625,0.07022603719599428,0.3639484978540773
3021,0.91,5.21,0.07581115879828328,0.3937052932761088
3022,0.8425,5.18625,0.058964234620886985,0.30672389127324756
3023,0.7925,5.19625,0.06711301859799715,0.34792560801144495
3024,0.8575,5.21625,0.07141630901287555,0.37081545064377686
3025,0.68,5.205,0.07169098712446352,0.37081545064377686
3026,0.685,5.20625,0.07059227467811159,0.36852646638054365
3027,0.855,5.21375,0.07123319027181689,0.37081545064377686
3028,0.715,5.2,0.06793705293276109,0.35250357653791137
3029,0.8975,5.18125,0.061711015736766815,0.3181688125894135
3030,0.7675,5.20375,0.064,0.3341917024320458
3031,0.8975,5.1825,0.05914735336194564,0.30672389127324756
3032,0.8325,5.19125,0.05850643776824035,0.30443490701001436
3033,0.9225,5.2125,0.0769098712446352,0.4005722460658083
3034,0.8625,5.19,0.07187410586552218,0.3113018597997139
3035,0.7375,5.20625,0.059605150214592284,0.3113018597997139
3036,0.73,5.18375,0.06079542203147354,0.3158798283261803
3037,0.6825,5.1825,0.056858369098712454,0.2952789699570816
3038,0.7725,5.2,0.05704148783977111,0.2952789699570816
3039,0.67,5.18375,0.055851216022889845,0.288412017167382
3040,0.8675,5.2125,0.07233190271816882,0.3776824034334764
3041,0.8575,5.185,0.057499284692417746,0.2952789699570816
3042,0.695,5.18375,0.05795708154506438,0.29985693848354794
3043,1.2925,5.1375,0.10767381974248928,0.5539341917024321
3044,0.8675,5.19875,0.06793705293276109,0.35250357653791137
3045,0.8825,5.21375,0.07352217453505008,0.38226037195994284
3046,0.845,5.1975,0.07040915593705294,0.36852646638054365
3047,0.875,5.19,0.05878111587982833,0.30443490701001436
3048,0.77,5.20625,0.06418311874105866,0.3341917024320458
3049,0.84,5.2175,0.07004291845493563,0.3639484978540773
3050,0.7925,5.19375,0.06647210300429185,0.34563662374821175
3051,0.7075,5.185,0.058964234620886985,0.30672389127324756
3052,0.8,5.19875,0.0666552217453505,0.34563662374821175
3053,0.86,5.18375,0.05914735336194564,0.30672389127324756
3054,0.6725,5.1975,0.05603433476394851,0.2929899856938484
3055,0.6875,5.18125,0.05731616595135909,0.2952789699570816
3056,0.77,5.19875,0.0566752503576538,0.2952789699570816
3057,0.72,5.18375,0.059971387696709594,0.3113018597997139
3058,0.77,5.195,0.06418311874105866,0.3341917024320458
3059,0.715,5.2125,0.07205722460658083,0.37539341917024327
3060,0.71,5.21375,0.07397997138769671,0.3868383404864092
3061,0.9125,5.2125,0.07608583690987125,0.3982832618025752
3062,0.91,5.18125,0.059330472103004295,0.30672389127324756
3063,0.725,5.21125,0.06976824034334765,0.3639484978540773
3064,0.8025,5.21,0.06683834048640916,0.34792560801144495
3065,0.7025,5.205,0.07205722460658083,0.37539341917024327
3066,0.7,5.21,0.07022603719599428,0.36852646638054365
3067,0.6775,5.195,0.056492131616595144,0.2929899856938484
3068,0.71,5.21,0.061711015736766815,0.32274678111587984
3069,0.78,5.19875,0.056858369098712454,0.2952789699570816
3070,0.665,5.1875,0.05539341917024321,0.288412017167382
3071,0.75,5.2025,0.06253505007153076,0.30672389127324756
3072,0.8475,5.18625,0.05539341917024321,0.288412017167382
3073,0.84,5.19,0.07004291845493563,0.3639484978540773
3074,0.73,5.1975,0.06079542203147354,0.3158798283261803
3075,0.895,5.18125,0.06042918454935623,0.3113018597997139
3076,0.705,5.1875,0.05878111587982833,0.30443490701001436
3077,0.835,5.21,0.069585121602289,0.3639484978540773
3078,0.8975,5.18,0.059971387696709594,0.3113018597997139
3079,0.665,5.185,0.05539341917024321,0.288412017167382
3080,0.705,5.18125,0.05878111587982833,0.30443490701001436
3081,0.68,5.21625,0.07205722460658083,0.37539341917024327
3082,0.7775,5.2125,0.06482403433476396,0.33648068669527903
3083,0.7625,5.205,0.06354220314735337,0.32961373390557946
3084,0.7975,5.19,0.06253505007153076,0.32732474964234626
3085,0.8475,5.21,0.07059227467811159,0.36852646638054365
3086,0.86,5.21125,0.07169098712446352,0.37539341917024327
3087,0.8225,5.1825,0.05978826895565094,0.3113018597997139
3088,0.87,5.2125,0.07251502145922747,0.3776824034334764
3089,0.915,5.21125,0.0762689556509299,0.3982832618025752
3090,0.8,5.19125,0.06912732474964235,0.35937052932761093
3091,0.7125,5.18125,0.059330472103004295,0.30672389127324756
3092,0.705,5.18625,0.05878111587982833,0.30443490701001436
3093,0.8225,5.19,0.06711301859799715,0.34792560801144495
3094,0.8925,5.175,0.06125321888412018,0.3181688125894135
3095,0.7875,5.19875,0.06564806866952791,0.3410586552217454
3096,0.8225,5.1875,0.05914735336194564,0.30672389127324756
3097,0.7175,5.2,0.07333905579399143,0.38226037195994284
3098,0.8575,5.21125,0.07141630901287555,0.37081545064377686
3099,0.7975,5.19125,0.06226037195994278,0.32274678111587984
3100,0.765,5.195,0.06372532188841203,0.32961373390557946
3101,0.87,5.2175,0.07251502145922747,0.3776824034334764
3102,0.72,5.2,0.06601430615164522,0.34563662374821175
3103,0.715,5.21,0.06125321888412018,0.3181688125894135
3104,0.9575,5.20625,0.07974821173104436,0.41659513590844066
3105,0.91,5.18,0.058964234620886985,0.30443490701001436
3106,0.885,5.18375,0.058964234620886985,0.30672389127324756
3107,0.8275,5.2,0.0689442060085837,0.35937052932761093
3108,0.8075,5.19,0.0672961373390558,0.34792560801144495
3109,0.8675,5.18125,0.06107010014306152,0.3158798283261803
3110,0.815,5.2025,0.06793705293276109,0.35250357653791137
3111,0.86,5.215,0.07169098712446352,0.37539341917024327
3112,0.68,5.20625,0.07059227467811159,0.36852646638054365
3113,0.92,5.2125,0.07663519313304722,0.4005722460658083
3114,0.8325,5.21625,0.06940200286123034,0.3639484978540773
3115,0.725,5.19875,0.0666552217453505,0.34563662374821175
3116,0.805,5.215,0.06711301859799715,0.34792560801144495
3117,0.7425,5.2075,0.06189413447782547,0.32274678111587984
3118,0.6775,5.20875,0.07169098712446352,0.37539341917024327
3119,0.77,5.185,0.06418311874105866,0.3341917024320458
3120,0.71,5.18125,0.05914735336194564,0.30672389127324756
3121,0.79,5.19625,0.06857796852646639,0.3570815450643777
3122,0.7775,5.18,0.06482403433476396,0.33648068669527903
3123,0.7575,5.1875,0.06308440629470673,0.32732474964234626
3124,0.9175,5.1925,0.07709298998569386,0.4005722460658083
3125,0.7825,5.21625,0.06519027181688127,0.3410586552217454
3126,0.6625,5.1875,0.05521030042918455,0.2861230329041488
3127,0.7225,5.2075,0.06290128755364807,0.32732474964234626
3128,0.75,5.21,0.06253505007153076,0.32732474964234626
3129,0.6675,5.185,0.05566809728183119,0.288412017167382
3130,0.8275,5.1875,0.05566809728183119,0.288412017167382
3131,0.8175,5.19,0.0550271816881259,0.2861230329041488
3132,0.695,5.185,0.05795708154506438,0.29985693848354794
3133,0.8275,5.18875,0.055851216022889845,0.288412017167382
3134,0.865,5.1875,0.06253505007153076,0.32732474964234626
3135,0.8575,5.21375,0.07141630901287555,0.37081545064377686
3136,0.8825,5.18375,0.05850643776824035,0.30443490701001436
3137,0.8225,5.205,0.06454935622317597,0.33648068669527903
3138,0.9675,5.21125,0.08066380543633764,0.421173104434907
3139,0.9675,5.18125,0.059605150214592284,0.30672389127324756
3140,0.6675,5.21125,0.07645207439198856,0.3982832618025752
3141,0.7575,5.21375,0.06308440629470673,0.32961373390557946
3142,0.665,5.215,0.07288125894134478,0.3776824034334764
3143,0.795,5.1975,0.05603433476394851,0.2929899856938484
3144,0.6875,5.18375,0.05731616595135909,0.2952789699570816
3145,0.8725,5.18375,0.07269814020028613,0.2929899856938484
3146,0.6825,5.205,0.07040915593705294,0.36852646638054365
3147,0.855,5.2125,0.07123319027181689,0.37081545064377686
3148,0.865,5.21375,0.07205722460658083,0.37539341917024327
3149,0.8725,5.19,0.058964234620886985,0.30672389127324756
3150,0.715,5.19625,0.059605150214592284,0.3113018597997139
3151,0.79,5.20875,0.06583118741058656,0.3410586552217454
3152,0.92,5.18,0.060246065808297576,0.3113018597997139
3153,0.77,5.1875,0.06418311874105866,0.3341917024320458
3154,0.8075,5.205,0.0672961373390558,0.34792560801144495
3155,0.845,5.185,0.05814020028612304,0.29985693848354794
3156,0.8425,5.2175,0.07022603719599428,0.36852646638054365
3157,0.715,5.2075,0.059605150214592284,0.3113018597997139
3158,0.6775,5.215,0.07205722460658083,0.37539341917024327
3159,0.7975,5.2125,0.06647210300429185,0.34563662374821175
3160,0.695,5.2,0.05795708154506438,0.29985693848354794
3161,0.685,5.215,0.06683834048640916,0.34792560801144495
3162,0.8725,5.21375,0.07269814020028613,0.3776824034334764
3163,0.8575,5.2125,0.07141630901287555,0.37081545064377686
3164,0.9325,5.17375,0.0666552217453505,0.34563662374821175
3165,0.7075,5.1825,0.058964234620886985,0.30443490701001436
3166,0.8125,5.20875,0.06775393419170243,0.35250357653791137
3167,0.925,5.1775,0.05914735336194564,0.30672389127324756
3168,0.73,5.21,0.06812017167381974,0.3570815450643777
3169,0.9075,5.215,0.07562804005722461,0.3937052932761088
3170,0.8475,5.185,0.058964234620886985,0.30672389127324756
3171,0.705,5.20375,0.0689442060085837,0.35937052932761093
3172,0.91,5.2175,0.07581115879828328,0.3937052932761088
3173,0.805,5.19125,0.06189413447782547,0.32274678111587984
3174,0.6775,5.20875,0.07105007153075824,0.37081545064377686
3175,0.8725,5.215,0.07269814020028613,0.3776824034334764
3176,0.8425,5.185,0.05795708154506438,0.29985693848354794
3177,0.84,5.18875,0.060246065808297576,0.3113018597997139
3178,0.875,5.21125,0.07288125894134478,0.3776824034334764
3179,0.8175,5.1975,0.060246065808297576,0.3113018597997139
3180,0.7075,5.20625,0.07544492131616595,0.3937052932761088
3181,0.785,5.1875,0.06537339055793992,0.33648068669527903
3182,0.7125,5.20875,0.059330472103004295,0.3891273247496424
3183,0.8825,5.1825,0.06226037195994278,0.32274678111587984
3184,0.7125,5.17875,0.059330472103004295,0.30672389127324756
3185,0.7825,5.1875,0.06519027181688127,0.33648068669527903
3186,0.835,5.1875,0.05521030042918455,0.2861230329041488
3187,0.6925,5.185,0.0576824034334764,0.29985693848354794
3188,0.87,5.21625,0.07251502145922747,0.3776824034334764
3189,0.7775,5.195,0.06335908440629472,0.32961373390557946
3190,0.755,5.1825,0.06290128755364807,0.32732474964234626
3191,0.7825,5.19625,0.06519027181688127,0.33648068669527903
3192,0.8725,5.18375,0.05621745350500716,0.2929899856938484
3193,0.67,5.1925,0.055851216022889845,0.288412017167382
3194,0.9625,5.21125,0.080206008583691,0.41659513590844066
3195,0.9525,5.17875,0.06042918454935623,0.3113018597997139
3196,0.7675,5.195,0.064,0.3341917024320458
3197,0.89,5.21125,0.07416309012875537,0.3868383404864092
3198,0.815,5.19625,0.060246065808297576,0.3113018597997139
3199,0.865,5.21125,0.07205722460658083,0.37539341917024327
3200,0.86,5.21375,0.07169098712446352,0.37539341917024327
3201,0.8475,5.18375,0.05850643776824035,0.30443490701001436
3202,0.7925,5.18125,0.06601430615164522,0.3410586552217454
3203,0.755,5.17625,0.06290128755364807,0.32732474964234626
3204,0.675,5.21375,0.07086695278969958,0.37081545064377686
3205,0.6875,5.215,0.06912732474964235,0.35937052932761093
3206,0.835,5.2025,0.069585121602289,0.3639484978540773
3207,0.8525,5.1825,0.05731616595135909,0.2952789699570816
3208,0.825,5.1825,0.059330472103004295,0.30672389127324756
3209,1.3625,5.19875,0.11353361945636625,0.58826895565093
3210,0.835,5.19125,0.059971387696709594,0.3113018597997139
3211,0.7275,5.21,0.07608583690987125,0.3982832618025752
3212,0.7825,5.18375,0.06519027181688127,0.33648068669527903
3213,0.7625,5.19625,0.07123319027181689,0.37081545064377686
3214,0.8825,5.18625,0.060612303290414886,0.3158798283261803
3215,0.6775,5.18375,0.056492131616595144,0.2929899856938484
3216,0.685,5.2075,0.07205722460658083,0.37539341917024327
3217,0.695,5.1975,0.06793705293276109,0.35250357653791137
3218,0.87,5.21,0.07251502145922747,0.3776824034334764
3219,0.7925,5.1975,0.06601430615164522,0.2952789699570816
3220,0.705,5.21,0.06812017167381974,0.3570815450643777
3221,0.8325,5.21375,0.06940200286123034,0.35937052932761093
3222,0.8225,5.215,0.06857796852646639,0.3570815450643777
3223,0.7975,5.195,0.056492131616595144,0.2929899856938484
3224,0.99,5.20875,0.08249499284692419,0.43032904148783985
3225,0.91,5.16875,0.07581115879828328,0.3891273247496424
3226,0.8475,5.185,0.06537339055793992,0.33648068669527903
3227,0.7325,5.1975,0.06107010014306152,0.3181688125894135
3228,0.88,5.2,0.07333905579399143,0.38226037195994284
3229,0.74,5.21,0.06812017167381974,0.3570815450643777
3230,0.84,5.21375,0.07004291845493563,0.3639484978540773
3231,0.855,5.2075,0.07123319027181689,0.37081545064377686
3232,0.83,5.18625,0.05603433476394851,0.288412017167382
3233,0.6925,5.17875,0.0576824034334764,0.29985693848354794
3234,0.665,5.19375,0.05539341917024321,0.288412017167382
3235,0.685,5.205,0.07022603719599428,0.3639484978540773
3236,0.8225,5.215,0.06857796852646639,0.3570815450643777
3237,0.8,5.215,0.0666552217453505,0.34792560801144495
3238,0.8575,5.1825,0.0566752503576538,0.2929899856938484
3239,1.22,5.1675,0.10163090128755366,0.5241773962804006
3240,1.3975,5.16125,0.11646351931330473,0.5997138769670959
3241,0.81,5.18875,0.07004291845493563,0.3639484978540773
3242,0.8975,5.18125,0.059971387696709594,0.3113018597997139
3243,0.8075,5.2,0.0672961373390558,0.34792560801144495
3244,0.895,5.18,0.06189413447782547,0.3181688125894135
3245,0.7275,5.2075,0.059971387696709594,0.3113018597997139
3246,0.73,5.21,0.06079542203147354,0.3158798283261803
3247,0.7225,5.19875,0.06876108726752504,0.3570815450643777
3248,0.6925,5.2025,0.07022603719599428,0.3639484978540773
3249,0.7075,5.18375,0.058964234620886985,0.30672389127324756
3250,0.6975,5.2125,0.0662889842632332,0.34563662374821175
3251,0.695,5.21375,0.06647210300429185,0.34563662374821175
3252,0.7725,5.20375,0.06436623748211731,0.3341917024320458
3253,0.7675,5.19375,0.06519027181688127,0.33648068669527903
3254,1.2625,5.1675,0.08670672389127326,0.44635193133047213
3255,0.9325,5.21,0.07773390557939915,0.40515021459227474
3256,0.7075,5.20375,0.058964234620886985,0.3891273247496424
3257,0.87,5.1825,0.064,0.32961373390557946
3258,0.71,5.18875,0.05914735336194564,0.30672389127324756
3259,0.88,5.21,0.07333905579399143,0.38226037195994284
3260,0.85,5.1825,0.056492131616595144,0.2929899856938484
3261,0.675,5.1875,0.05621745350500716,0.2929899856938484
3262,0.6925,5.1825,0.0576824034334764,0.29985693848354794
3263,0.8025,5.1925,0.05603433476394851,0.2929899856938484
3264,0.69,5.2,0.057499284692417746,0.29985693848354794
3265,0.7525,5.2125,0.06271816881258942,0.32732474964234626
3266,0.81,5.18375,0.06290128755364807,0.32732474964234626
3267,0.7475,5.18875,0.06226037195994278,0.32274678111587984
3268,0.86,5.21,0.07169098712446352,0.37539341917024327
3269,1.02,5.18125,0.0875307582260372,0.4532188841201717
3270,0.865,5.1975,0.07205722460658083,0.37539341917024327
3271,0.715,5.1825,0.059605150214592284,0.30672389127324756
3272,0.8,5.1925,0.06940200286123034,0.35937052932761093
3273,0.735,5.18375,0.06125321888412018,0.3181688125894135
3274,0.8425,5.21125,0.07022603719599428,0.36852646638054365
3275,0.84,5.1875,0.055851216022889845,0.288412017167382
3276,0.7675,5.19375,0.064,0.3341917024320458
3277,0.67,5.1925,0.055851216022889845,0.288412017167382
3278,0.71,5.2,0.06775393419170243,0.35250357653791137
3279,0.68,5.20375,0.07040915593705294,0.36852646638054365
3280,0.8625,5.2125,0.07187410586552218,0.37539341917024327
3281,0.8575,5.185,0.05621745350500716,0.2929899856938484
3282,0.8,5.1975,0.056492131616595144,0.2929899856938484
3283,0.715,5.19,0.059605150214592284,0.30672389127324756
3284,1.12,5.17,0.08395994277539343,0.4349070100143062
3285,0.86,5.18625,0.059330472103004295,0.30672389127324756
3286,0.8975,5.21,0.07480400572246067,0.3891273247496424
3287,0.75,5.21,0.06647210300429185,0.34563662374821175
3288,0.775,5.1925,0.069585121602289,0.35937052932761093
3289,0.7175,5.1825,0.05978826895565094,0.3113018597997139
3290,0.7975,5.2075,0.07333905579399143,0.38226037195994284
3291,0.6675,5.2125,0.07105007153075824,0.37081545064377686
3292,0.8275,5.2,0.0689442060085837,0.35937052932761093
3293,0.84,5.18625,0.07004291845493563,0.2929899856938484
3294,0.7825,5.19875,0.0566752503576538,0.2952789699570816
3295,0.67,5.19,0.055851216022889845,0.288412017167382
3296,0.6775,5.18375,0.056492131616595144,0.2929899856938484
3297,0.6975,5.215,0.06583118741058656,0.34563662374821175
3298,0.9125,5.21,0.07608583690987125,0.3982832618025752
3299,1.4575,5.17125,0.12149928469241775,0.6294706723891274
3300,0.885,5.18125,0.06308440629470673,0.32732474964234626
3301,0.84,5.21,0.07004291845493563,0.3639484978540773
3302,0.76,5.1825,0.06335908440629472,0.32961373390557946
3303,0.8475,5.185,0.06537339055793992,0.33648068669527903
3304,0.7625,5.205,0.06354220314735337,0.32961373390557946
3305,0.7425,5.21,0.06189413447782547,0.32274678111587984
3306,0.6975,5.2,0.0689442060085837,0.35937052932761093
3307,0.8625,5.21,0.07187410586552218,0.37539341917024327
3308,0.83,5.215,0.06912732474964235,0.35937052932761093
3309,0.855,5.18125,0.05795708154506438,0.29985693848354794
3310,0.7675,5.19,0.064,0.3341917024320458
3311,0.75,5.18875,0.06253505007153076,0.32732474964234626
3312,0.8375,5.18875,0.05566809728183119,0.288412017167382
3313,0.735,5.2,0.06125321888412018,0.3181688125894135
3314,1.05,5.1725,0.0875307582260372,0.4532188841201717
3315,0.7275,5.21125,0.07141630901287555,0.37081545064377686
3316,0.8725,5.1825,0.0689442060085837,0.3570815450643777
3317,0.82,5.21,0.0683032904148784,0.3570815450643777
3318,0.9225,5.175,0.06042918454935623,0.3113018597997139
3319,2.5075,5.0875,0.2118683834048641,1.0758226037195995
3320,2.5025,5.0875,0.20857224606580832,1.0620886981402005
3321,3.775,5.00375,0.31148497854077256,1.5610872675250358
3322,2.6275,5.0775,0.22020028612303294,1.117024320457797
3323,2.65,5.07625,0.2208412017167382,1.1216022889842632
3324,2.655,5.07875,0.21754506437768242,1.105579399141631
3325,2.6575,5.075,0.22102432045779688,1.1216022889842632
3326,2.6125,5.0775,0.2177281831187411,1.105579399141631
3327,2.635,5.0775,0.22038340486409158,1.117024320457797
3328,2.62,5.0775,0.22020028612303294,1.117024320457797
3329,2.5975,5.0775,0.2164463519313305,1.0987124463519313
3330,2.6275,5.08,0.21891845493562234,1.117024320457797
3331,2.6275,5.0775,0.21836909871244636,1.1101573676680974
3332,2.61,5.08,0.21754506437768242,1.105579399141631
3333,2.6075,5.0775,0.21727038626609443,1.1032904148783977
3334,2.6375,5.075,0.22001716738197427,1.117024320457797
3335,2.6575,5.0775,0.2214821173104435,1.1261802575107296
3336,2.975,5.05625,0.2479427753934192,1.2520743919885553
3337,2.9925,5.055,0.2502317596566524,1.2635193133047211
3338,2.9475,5.05625,0.245653791130186,1.2406294706723893
3339,2.9875,5.055,0.2489499284692418,1.261230329041488
3340,2.93,5.0575,0.2656137339055794,1.343633762517883
3341,2.9975,5.05375,0.24977396280400574,1.2635193133047211
3342,2.9725,5.055,0.2476680972818312,1.2520743919885553
3343,2.98,5.05625,0.24647782546494995,1.2452074391988557
3344,2.95,5.05875,0.24583690987124465,1.2452074391988557
3345,2.9625,5.05625,0.24684406294706726,1.249785407725322
3346,2.9675,5.0575,0.24711874105865525,1.249785407725322
3347,2.955,5.05625,0.2462947067238913,1.2452074391988557
3348,2.93,5.06,0.24418884120171677,1.2337625178826896
3349,2.93,5.05875,0.24418884120171677,1.2337625178826896
3350,2.97,5.055,0.24748497854077256,1.2520743919885553
3351,2.9625,5.05875,0.24684406294706726,1.249785407725322
3352,2.96,5.06,0.24711874105865525,1.249785407725322
3353,2.9625,5.05375,0.2462947067238913,1.2452074391988557
3354,2.9675,5.05625,0.2473018597997139,1.249785407725322
3355,2.945,5.05875,0.24583690987124465,1.2452074391988557
3356,2.9775,5.0575,0.2473018597997139,1.2520743919885553
3357,2.94,5.05625,0.2450128755364807,1.238340486409156
3358,2.9625,5.05875,0.245653791130186,1.2406294706723893
3359,2.935,5.05875,0.24391416309012878,1.2337625178826896
3360,2.9575,5.05625,0.24647782546494995,1.2452074391988557
3361,2.9675,5.05625,0.24812589413447786,1.2566523605150215
3362,2.965,5.0575,0.2450128755364807,1.238340486409156
3363,2.9825,5.05125,0.2485836909871245,1.2566523605150215
3364,2.9725,5.055,0.24684406294706726,1.249785407725322
3365,2.9575,5.0575,0.24666094420600862,1.249785407725322
3366,2.9625,5.05625,0.24684406294706726,1.249785407725322
3367,2.965,5.0575,0.24711874105865525,1.2520743919885553
3368,2.96,5.0575,0.2495908440629471,1.2635193133047211
3369,3.0075,5.055,0.2505979971387697,1.2680972818311875
3370,2.9425,5.055,0.24519599427753935,1.2406294706723893
3371,2.985,5.05625,0.2483090128755365,1.2566523605150215
3372,2.955,5.05625,0.2462947067238913,1.2452074391988557
3373,2.9425,5.05625,0.24519599427753935,1.2406294706723893
3374,2.9375,5.0575,0.24537911301859802,1.2406294706723893
3375,2.9575,5.055,0.24647782546494995,1.2452074391988557
3376,2.9725,5.055,0.2476680972818312,1.2520743919885553
3377,2.9725,5.05625,0.24666094420600862,1.249785407725322
3378,3.175,5.0525,0.2646065808297568,1.33447782546495
3379,2.96,5.055,0.24666094420600862,1.2452074391988557
3380,2.9775,5.05625,0.2473018597997139,1.249785407725322
3381,2.9975,5.055,0.24977396280400574,1.2635193133047211
3382,2.9975,5.055,0.24977396280400574,1.2635193133047211
3383,2.9925,5.0575,0.2505979971387697,1.2680972818311875
3384,2.965,5.05875,0.24711874105865525,1.249785407725322
3385,2.9775,5.055,0.24812589413447786,1.2520743919885553
3386,2.9975,5.0525,0.24418884120171677,1.2337625178826896
3387,3.06,5.04625,0.2549928469241774,1.286409155937053
3388,3.0225,5.05375,0.2518798283261803,1.2703862660944207
3389,2.95,5.05625,0.24519599427753935,1.2406294706723893
3390,3.215,5.05,0.24977396280400574,1.261230329041488
3391,2.9775,5.05625,0.24812589413447786,1.2566523605150215
3392,2.9725,5.055,0.2485836909871245,1.2566523605150215
3393,2.97,5.05375,0.24666094420600862,1.2452074391988557
3394,2.955,5.05625,0.2462947067238913,1.2452074391988557
3395,2.9775,5.0575,0.2485836909871245,1.2566523605150215
3396,2.9875,5.055,0.2489499284692418,1.261230329041488
3397,2.94,5.055,0.2450128755364807,1.238340486409156
3398,2.97,5.05625,0.2495908440629471,1.2635193133047211
3399,2.9775,5.055,0.24977396280400574,1.2635193133047211
3400,2.9925,5.05625,0.24940772532188843,1.261230329041488
3401,2.965,5.05625,0.24913304721030047,1.261230329041488
3402,2.9675,5.05875,0.24812589413447786,1.2566523605150215
3403,3,5.05625,0.2499570815450644,1.2635193133047211
3404,2.955,5.0575,0.2462947067238913,1.2452074391988557
3405,2.9775,5.05875,0.24812589413447786,1.2566523605150215
3406,2.9475,5.05625,0.245653791130186,1.2406294706723893
3407,2.9925,5.05625,0.24940772532188843,1.261230329041488
3408,2.975,5.05625,0.2485836909871245,1.2566523605150215
3409,2.975,5.05375,0.2479427753934192,1.2520743919885553
3410,2.98,5.055,0.2483090128755365,1.2566523605150215
3411,2.975,5.05625,0.2495908440629471,1.2635193133047211
3412,3.0275,5.05,0.2522460658082976,1.2749642346208871
3413,2.9675,5.055,0.2473018597997139,1.249785407725322
3414,2.97,5.055,0.2476680972818312,1.2520743919885553
3415,2.9825,5.05625,0.2485836909871245,1.2566523605150215
3416,2.9975,5.05625,0.24977396280400574,1.2635193133047211
3417,2.9725,5.055,0.24940772532188843,1.261230329041488
3418,2.99,5.05625,0.24913304721030047,1.261230329041488
3419,3.085,5.0525,0.25709871244635196,1.297854077253219
3420,2.955,5.0575,0.2499570815450644,1.2635193133047211
3421,2.9875,5.05625,0.2489499284692418,1.261230329041488
3422,2.9875,5.05625,0.2489499284692418,1.261230329041488
3423,2.985,5.0575,0.24977396280400574,1.2635193133047211
3424,2.995,5.055,0.2495908440629471,1.261230329041488
3425,2.965,5.055,0.24711874105865525,1.249785407725322
3426,2.99,5.0575,0.25041487839771104,1.2680972818311875
3427,2.995,5.055,0.24977396280400574,1.2635193133047211
3428,2.9875,5.05625,0.2489499284692418,1.261230329041488
3429,2.985,5.05375,0.24876680972818313,1.2566523605150215
3430,3.01,5.055,0.24913304721030047,1.261230329041488
3431,2.9975,5.05625,0.24977396280400574,1.2635193133047211
3432,2.9975,5.05625,0.2489499284692418,1.261230329041488
3433,3.035,5.0525,0.2522460658082976,1.2749642346208871
3434,3.025,5.05125,0.2520629470672389,1.2749642346208871
3435,3.0025,5.055,0.2479427753934192,1.2520743919885553
3436,2.96,5.055,0.2476680972818312,1.2520743919885553
3437,2.965,5.05375,0.24711874105865525,1.249785407725322
3438,2.965,5.0575,0.2485836909871245,1.2566523605150215
3439,3.065,5.0425,0.2533447782546495,1.2795422031473536
3440,2.98,5.0525,0.2483090128755365,1.2566523605150215
3441,2.98,5.055,0.2483090128755365,1.2566523605150215
3442,2.9675,5.05625,0.24977396280400574,1.2635193133047211
3443,2.995,5.055,0.2495908440629471,1.261230329041488
3444,2.99,5.0525,0.24913304721030047,1.261230329041488
3445,2.9975,5.05625,0.2499570815450644,1.2635193133047211
3446,2.9925,5.055,0.24940772532188843,1.261230329041488
3447,2.985,5.0525,0.24876680972818313,1.2566523605150215
3448,2.9275,5.05625,0.2485836909871245,1.2566523605150215
3449,2.985,5.0575,0.24876680972818313,1.2566523605150215
3450,2.9875,5.05375,0.2489499284692418,1.2566523605150215
3451,2.9975,5.055,0.2495908440629471,1.261230329041488
3452,2.98,5.0525,0.2483090128755365,1.2566523605150215
3453,2.93,5.0575,0.24418884120171677,1.2337625178826896
3454,3,5.05625,0.24876680972818313,1.2566523605150215
3455,2.9825,5.0525,0.2485836909871245,1.2566523605150215
3456,2.9725,5.055,0.2476680972818312,1.2520743919885553
3457,2.9775,5.05625,0.25041487839771104,1.2680972818311875
3458,3.09,5.0475,0.25746494992846924,1.3024320457796854
3459,2.9975,5.0525,0.24977396280400574,1.2635193133047211
3460,3,5.05625,0.24940772532188843,1.261230329041488
3461,2.97,5.05625,0.24748497854077256,1.2520743919885553
3462,2.91,5.055,0.24254077253218886,1.2268955650929902
3463,2.96,5.05625,0.2485836909871245,1.2566523605150215
3464,2.9725,5.06,0.24684406294706726,1.249785407725322
3465,2.9425,5.055,0.24519599427753935,1.2406294706723893
3466,3.025,5.0525,0.24913304721030047,1.261230329041488
3467,2.995,5.055,0.24647782546494995,1.2452074391988557
3468,2.9675,5.05625,0.2473018597997139,1.249785407725322
3469,2.9525,5.05625,0.24812589413447786,1.2566523605150215
3470,2.965,5.055,0.2483090128755365,1.2566523605150215
3471,3.015,5.05625,0.251238912732475,1.2703862660944207
3472,2.9875,5.0525,0.24940772532188843,1.261230329041488
3473,2.99,5.05375,0.2485836909871245,1.2566523605150215
3474,3.005,5.055,0.25041487839771104,1.2680972818311875
3475,2.9975,5.055,0.24940772532188843,1.261230329041488
3476,2.9975,5.05625,0.24812589413447786,1.2566523605150215
3477,2.965,5.05625,0.24711874105865525,1.249785407725322
3478,2.9925,5.055,0.24940772532188843,1.261230329041488
3479,2.9825,5.055,0.24537911301859802,1.2406294706723893
3480,3.0275,5.055,0.2522460658082976,1.2749642346208871
3481,2.99,5.05375,0.24913304721030047,1.261230329041488
3482,2.995,5.055,0.24977396280400574,1.2635193133047211
3483,2.97,5.05625,0.24748497854077256,1.2520743919885553
3484,1.3975,5.15375,0.11646351931330473,0.5997138769670959
3485,1.38,5.14875,0.10245493562231761,0.528755364806867
3486,1.42,5.18,0.11829470672389128,0.6111587982832619
3487,1.25,5.17125,0.10419456366237483,0.540200286123033
3488,1.1825,5.18,0.10941344778254651,0.5653791130185981
3489,1.155,5.17,0.09622889842632333,0.4989985693848355
3490,1.2525,5.155,0.10437768240343348,0.5356223175965666
3491,1.215,5.16875,0.1104206008583691,0.5699570815450644
3492,1.14,5.17125,0.09503862660944207,0.492131616595136
3493,1.31,5.16875,0.10913876967095852,0.5630901287553648
3494,2.1275,5.11125,0.17771673819742492,0.9064377682403434
3495,2.125,5.1125,0.17707582260371962,0.9041487839771103
3496,1.325,5.16125,0.1104206008583691,0.5699570815450644
3497,1.31,5.15625,0.10849785407725324,0.5585121602288985
3498,1.2825,5.165,0.10684978540772533,0.5516452074391989
3499,1.2725,5.16375,0.10602575107296139,0.5470672389127326
3500,0.9475,5.18125,0.07544492131616595,0.3891273247496424
3501,0.7425,5.20625,0.061711015736766815,0.32274678111587984
3502,0.8725,5.21125,0.07269814020028613,0.3776824034334764
3503,0.86,5.185,0.056858369098712454,0.2952789699570816
3504,0.82,5.19125,0.05704148783977111,0.2952789699570816
3505,0.7225,5.205,0.060246065808297576,0.3158798283261803
3506,0.6725,5.21125,0.07370529327610874,0.38226037195994284
3507,0.71,5.21125,0.06912732474964235,0.35937052932761093
3508,0.925,5.21,0.07709298998569386,0.4005722460658083
3509,0.915,5.195,0.06042918454935623,0.3158798283261803
3510,0.845,5.185,0.06601430615164522,0.3410586552217454
3511,0.71,5.18375,0.05914735336194564,0.30672389127324756
3512,0.9025,5.18125,0.05978826895565094,0.3113018597997139
3513,0.735,5.2075,0.07288125894134478,0.3776824034334764
3514,0.8925,5.1875,0.07434620886981402,0.3868383404864092
3515,0.695,5.215,0.05795708154506438,0.29985693848354794
3516,0.68,5.21375,0.06976824034334765,0.3639484978540773
3517,0.7,5.20125,0.05832331902718169,0.30443490701001436
3518,0.825,5.21375,0.06876108726752504,0.35937052932761093
3519,0.855,5.1825,0.05914735336194564,0.30672389127324756
3520,0.6825,5.18125,0.056858369098712454,0.2952789699570816
3521,0.67,5.18875,0.055851216022889845,0.288412017167382
3522,0.68,5.215,0.07141630901287555,0.37081545064377686
3523,0.7925,5.205,0.06601430615164522,0.34563662374821175
3524,0.965,5.2075,0.08038912732474965,0.421173104434907
3525,0.7275,5.2125,0.07205722460658083,0.37539341917024327
3526,0.8925,5.2025,0.07434620886981402,0.3868383404864092
3527,0.7725,5.18375,0.06436623748211731,0.3341917024320458
3528,0.71,5.21,0.07517024320457798,0.3891273247496424
3529,0.8175,5.1925,0.06812017167381974,0.35250357653791137
3530,0.6775,5.18375,0.056492131616595144,0.2929899856938484
3531,0.805,5.195,0.05621745350500716,0.2929899856938484
3532,0.785,5.2125,0.06537339055793992,0.3410586552217454
3533,0.85,5.215,0.07086695278969958,0.37081545064377686
3534,0.79,5.19,0.06290128755364807,0.32732474964234626
3535,0.86,5.20625,0.07169098712446352,0.37539341917024327
3536,0.8525,5.20375,0.07105007153075824,0.37081545064377686
3537,0.8375,5.1875,0.055851216022889845,0.288412017167382
3538,0.725,5.2075,0.06125321888412018,0.3181688125894135
3539,0.915,5.21125,0.0762689556509299,0.3982832618025752
3540,0.78,5.19625,0.07562804005722461,0.3937052932761088
3541,0.71,5.21,0.07581115879828328,0.3937052932761088
3542,0.795,5.18875,0.0662889842632332,0.34563662374821175
3543,0.7125,5.21,0.07480400572246067,0.3891273247496424
3544,0.915,5.17875,0.059605150214592284,0.30672389127324756
3545,0.6825,5.19625,0.056858369098712454,0.2952789699570816
3546,0.675,5.21375,0.07169098712446352,0.37539341917024327
3547,0.69,5.215,0.06711301859799715,0.34792560801144495
3548,0.73,5.2075,0.06079542203147354,0.3158798283261803
3549,0.865,5.1825,0.056858369098712454,0.2952789699570816
3550,0.87,5.18,0.0566752503576538,0.2929899856938484
3551,0.705,5.185,0.05878111587982833,0.30443490701001436
3552,0.745,5.20625,0.062077253218884125,0.32274678111587984
3553,0.7875,5.2,0.058964234620886985,0.30672389127324756
3554,0.8725,5.19625,0.07269814020028613,0.3776824034334764
3555,0.745,5.20125,0.062077253218884125,0.32274678111587984
3556,0.9125,5.18,0.060612303290414886,0.3158798283261803
3557,0.7925,5.2075,0.06601430615164522,0.34563662374821175
3558,0.9075,5.20625,0.07562804005722461,0.3937052932761088
3559,0.735,5.21,0.06940200286123034,0.35937052932761093
3560,0.8675,5.21375,0.07233190271816882,0.3776824034334764
3561,0.845,5.21375,0.07040915593705294,0.36852646638054365
3562,0.735,5.1975,0.0666552217453505,0.34563662374821175
3563,0.805,5.1925,0.06711301859799715,0.34792560801144495
3564,0.835,5.21375,0.069585121602289,0.3639484978540773
3565,0.7225,5.2,0.06812017167381974,0.35250357653791137
3566,0.8025,5.1975,0.06683834048640916,0.34792560801144495
3567,0.8625,5.21375,0.07187410586552218,0.37539341917024327
3568,0.8275,5.18625,0.060246065808297576,0.3113018597997139
3569,0.7,5.18125,0.05832331902718169,0.30443490701001436
3570,0.86,5.2125,0.07169098712446352,0.37539341917024327
3571,0.81,5.19875,0.06079542203147354,0.3158798283261803
3572,0.845,5.21125,0.07040915593705294,0.36852646638054365
3573,0.905,5.20625,0.07544492131616595,0.3937052932761088
3574,0.8425,5.19125,0.059605150214592284,0.3113018597997139
3575,0.7725,5.2,0.0576824034334764,0.29985693848354794
3576,0.6975,5.18375,0.05814020028612304,0.29985693848354794
3577,0.715,5.21125,0.06271816881258942,0.32732474964234626
3578,0.845,5.1825,0.061711015736766815,0.3181688125894135
3579,0.835,5.21125,0.069585121602289,0.3639484978540773
3580,0.7875,5.19125,0.06308440629470673,0.32732474964234626
3581,0.745,5.195,0.06601430615164522,0.3410586552217454
3582,0.805,5.21375,0.06711301859799715,0.34792560801144495
3583,0.6875,5.20625,0.07169098712446352,0.37539341917024327
3584,0.7725,5.195,0.06519027181688127,0.33648068669527903
3585,0.725,5.18,0.06042918454935623,0.3113018597997139
3586,0.79,5.1925,0.06976824034334765,0.3639484978540773
3587,0.89,5.17875,0.059605150214592284,0.30672389127324756
3588,0.7975,5.185,0.06647210300429185,0.34563662374821175
3589,0.7125,5.21125,0.059330472103004295,0.30672389127324756
3590,0.7425,5.195,0.06601430615164522,0.3410586552217454
3591,0.69,5.1975,0.057499284692417746,0.29985693848354794
3592,0.6925,5.1975,0.0576824034334764,0.29985693848354794
3593,0.7525,5.195,0.06711301859799715,0.34792560801144495
3594,0.79,5.19625,0.06583118741058656,0.3410586552217454
3595,0.84,5.20375,0.07004291845493563,0.3639484978540773
3596,0.8325,5.18875,0.055851216022889845,0.288412017167382
3597,0.69,5.1825,0.057499284692417746,0.2952789699570816
3598,0.7375,5.1875,0.06143633762517883,0.3181688125894135
3599,0.805,5.195,0.05621745350500716,0.2929899856938484
3600,0.855,5.1875,0.07123319027181689,0.37081545064377686
3601,0.7075,5.1875,0.058964234620886985,0.30672389127324756
3602,0.94,5.18,0.06253505007153076,0.32274678111587984
3603,0.805,5.2,0.06711301859799715,0.34792560801144495
3604,0.8025,5.1875,0.06683834048640916,0.34563662374821175
3605,0.7125,5.21125,0.07480400572246067,0.3891273247496424
3606,0.865,5.1975,0.07205722460658083,0.37539341917024327
3607,0.7,5.18375,0.05832331902718169,0.30443490701001436
3608,0.675,5.215,0.07169098712446352,0.37539341917024327
3609,0.7275,5.205,0.060612303290414886,0.3158798283261803
3610,0.6675,5.19,0.05566809728183119,0.288412017167382
3611,0.68,5.20625,0.07141630901287555,0.37081545064377686
3612,0.7025,5.2025,0.06976824034334765,0.3639484978540773
3613,0.9325,5.205,0.07773390557939915,0.40515021459227474
3614,0.9075,5.18,0.0683032904148784,0.35250357653791137
3615,0.71,5.21125,0.07517024320457798,0.3891273247496424
3616,0.7575,5.1825,0.06308440629470673,0.32732474964234626
3617,0.7725,5.19625,0.07169098712446352,0.37081545064377686
3618,0.905,5.17875,0.06107010014306152,0.3158798283261803
3619,0.84,5.21,0.07004291845493563,0.3639484978540773
3620,0.8325,5.18875,0.0566752503576538,0.2929899856938484
3621,0.8025,5.195,0.057499284692417746,0.29985693848354794
3622,0.8425,5.2125,0.07022603719599428,0.36852646638054365
3623,0.86,5.18375,0.05704148783977111,0.2952789699570816
3624,0.8225,5.1925,0.056492131616595144,0.2929899856938484
3625,0.675,5.18875,0.05621745350500716,0.2929899856938484
3626,0.67,5.2125,0.055851216022889845,0.288412017167382
3627,0.675,5.2125,0.07251502145922747,0.3776824034334764
3628,0.8275,5.215,0.0689442060085837,0.35937052932761093
3629,0.83,5.215,0.06912732474964235,0.35937052932761093
3630,0.7925,5.19875,0.06812017167381974,0.35250357653791137
3631,0.825,5.19125,0.06876108726752504,0.3570815450643777
3632,0.755,5.18125,0.06290128755364807,0.32732474964234626
3633,0.7325,5.2,0.07416309012875537,0.3868383404864092
3634,0.7725,5.17875,0.06436623748211731,0.3341917024320458
3635,0.7775,5.21125,0.06482403433476396,0.33648068669527903
3636,0.765,5.2,0.06793705293276109,0.35250357653791137
3637,0.8,5.21375,0.0666552217453505,0.34792560801144495
3638,0.745,5.20875,0.062077253218884125,0.32274678111587984
3639,0.865,5.1775,0.05795708154506438,0.29985693848354794
3640,0.745,5.19,0.062077253218884125,0.32274678111587984
3641,0.685,5.19875,0.05704148783977111,0.2952789699570816
3642,0.73,5.1975,0.0666552217453505,0.34563662374821175
3643,0.8125,5.19,0.06775393419170243,0.35250357653791137
3644,0.7975,5.1975,0.06647210300429185,0.34563662374821175
3645,0.71,5.20875,0.07517024320457798,0.3891273247496424
3646,0.785,5.185,0.06537339055793992,0.33648068669527903
3647,0.7075,5.19,0.058964234620886985,0.30672389127324756
3648,0.875,5.1875,0.058964234620886985,0.30672389127324756
3649,0.7175,5.205,0.07874105865522175,0.4097281831187411
3650,0.6725,5.18625,0.05603433476394851,0.288412017167382
3651,0.74,5.205,0.059971387696709594,0.3113018597997139
3652,0.8275,5.19125,0.05566809728183119,0.288412017167382
3653,0.6775,5.1825,0.056492131616595144,0.2929899856938484
3654,0.675,5.21125,0.07123319027181689,0.37081545064377686
3655,0.705,5.2125,0.06647210300429185,0.34563662374821175
3656,0.685,5.20125,0.05704148783977111,0.2952789699570816
3657,0.68,5.205,0.07105007153075824,0.37081545064377686
3658,0.68,5.20625,0.07086695278969958,0.36852646638054365
3659,0.915,5.21375,0.0762689556509299,0.3982832618025752
3660,0.785,5.2025,0.06290128755364807,0.32732474964234626
3661,0.735,5.20125,0.07874105865522175,0.4097281831187411
3662,0.76,5.1825,0.06335908440629472,0.32961373390557946
3663,0.71,5.20375,0.05914735336194564,0.30672389127324756
3664,0.8775,5.1825,0.06271816881258942,0.32732474964234626
3665,0.6725,5.18125,0.05603433476394851,0.288412017167382
3666,0.865,5.21,0.07205722460658083,0.37539341917024327
3667,0.8525,5.1825,0.05850643776824035,0.30443490701001436
3668,0.8125,5.2,0.06775393419170243,0.35250357653791137
3669,0.7625,5.18375,0.06354220314735337,0.32961373390557946
3670,0.6975,5.21,0.06647210300429185,0.34563662374821175
3671,0.805,5.21375,0.06711301859799715,0.34792560801144495
3672,0.6875,5.19875,0.05731616595135909,0.2952789699570816
3673,0.7525,5.19375,0.0672961373390558,0.34792560801144495
3674,0.8325,5.2,0.06940200286123034,0.35937052932761093
3675,0.74,5.20125,0.061711015736766815,0.32274678111587984
3676,0.8425,5.19,0.059330472103004295,0.30672389127324756
3677,0.83,5.21125,0.06912732474964235,0.35937052932761093
3678,0.8975,5.20125,0.07480400572246067,0.3891273247496424
3679,0.7925,5.20625,0.07004291845493563,0.3639484978540773
3680,0.8425,5.215,0.07022603719599428,0.36852646638054365
3681,0.735,5.2075,0.06125321888412018,0.3181688125894135
3682,0.6875,5.21375,0.0683032904148784,0.3570815450643777
3683,0.7675,5.2025,0.064,0.3341917024320458
3684,0.7475,5.20875,0.06226037195994278,0.32274678111587984
3685,0.675,5.2075,0.07141630901287555,0.37081545064377686
3686,0.7375,5.1975,0.0672961373390558,0.34792560801144495
3687,0.8725,5.2075,0.07269814020028613,0.3776824034334764
3688,0.8475,5.18375,0.05603433476394851,0.288412017167382
3689,0.8275,5.18875,0.059971387696709594,0.3113018597997139
3690,0.88,5.2125,0.07333905579399143,0.38226037195994284
3691,0.73,5.20125,0.07333905579399143,0.38226037195994284
3692,0.895,5.18,0.06125321888412018,0.3181688125894135
3693,0.85,5.21125,0.07086695278969958,0.36852646638054365
3694,0.8325,5.195,0.06107010014306152,0.3181688125894135
3695,0.6975,5.21125,0.06601430615164522,0.34563662374821175
3696,0.7675,5.2125,0.064,0.3341917024320458
3697,0.795,5.18875,0.061711015736766815,0.3181688125894135
3698,0.8275,5.18625,0.05978826895565094,0.3113018597997139
3699,0.685,5.1825,0.05704148783977111,0.2952789699570816
3700,0.78,5.19625,0.06500715307582261,0.29985693848354794
3701,0.78,5.19625,0.05704148783977111,0.2952789699570816
3702,0.71,5.20625,0.05914735336194564,0.30672389127324756
3703,0.665,5.19,0.05539341917024321,0.288412017167382
3704,0.695,5.20375,0.07397997138769671,0.3868383404864092
3705,0.78,5.185,0.06500715307582261,0.33648068669527903
3706,0.7075,5.18375,0.058964234620886985,0.30672389127324756
3707,0.8375,5.18625,0.06564806866952791,0.3410586552217454
3708,0.755,5.2025,0.06290128755364807,0.32732474964234626
3709,0.8875,5.205,0.07397997138769671,0.3868383404864092
3710,0.7625,5.2025,0.05850643776824035,0.30443490701001436
3711,0.67,5.1925,0.055851216022889845,0.288412017167382
3712,0.71,5.20125,0.05914735336194564,0.30672389127324756
3713,0.73,5.195,0.06793705293276109,0.35250357653791137
3714,0.9325,5.21,0.07773390557939915,0.40515021459227474
3715,0.835,5.2125,0.069585121602289,0.3639484978540773
3716,0.7825,5.19,0.06290128755364807,0.32732474964234626
3717,0.7075,5.18375,0.058964234620886985,0.30672389127324756
3718,0.7225,5.185,0.060246065808297576,0.3113018597997139
3719,0.7775,5.19875,0.05850643776824035,0.30443490701001436
3720,0.895,5.205,0.07462088698140201,0.3891273247496424
3721,0.7125,5.19,0.059330472103004295,0.30672389127324756
3722,0.8525,5.18125,0.0662889842632332,0.34563662374821175
3723,0.9075,5.18,0.05914735336194564,0.30672389127324756
3724,0.86,5.21,0.07169098712446352,0.37539341917024327
3725,0.87,5.18375,0.059605150214592284,0.30672389127324756
3726,0.8725,5.18125,0.058964234620886985,0.30443490701001436
3727,0.7175,5.1825,0.05978826895565094,0.3113018597997139
3728,0.6825,5.2125,0.07288125894134478,0.3776824034334764
3729,0.695,5.21375,0.069585121602289,0.3639484978540773
3730,0.725,5.20625,0.06042918454935623,0.3158798283261803
3731,0.8025,5.19,0.06290128755364807,0.32732474964234626
3732,0.74,5.19625,0.07086695278969958,0.36852646638054365
3733,0.8275,5.2025,0.0689442060085837,0.35937052932761093
3734,0.8625,5.1825,0.056492131616595144,0.2929899856938484
3735,0.71,5.20625,0.07544492131616595,0.3937052932761088
3736,0.8125,5.19125,0.06775393419170243,0.35250357653791137
3737,0.7125,5.205,0.059330472103004295,0.30672389127324756
3738,0.89,5.18125,0.06226037195994278,0.32274678111587984
3739,0.785,5.2075,0.06537339055793992,0.3410586552217454
3740,0.8325,5.21375,0.06940200286123034,0.35937052932761093
3741,0.835,5.1875,0.0576824034334764,0.29985693848354794
3742,0.6775,5.18375,0.056492131616595144,0.2929899856938484
3743,0.67,5.1875,0.055851216022889845,0.288412017167382
3744,0.675,5.21375,0.07169098712446352,0.37539341917024327
3745,0.865,5.21,0.07205722460658083,0.37539341917024327
3746,0.8325,5.21375,0.06940200286123034,0.35937052932761093
3747,0.8475,5.18375,0.05878111587982833,0.30443490701001436
3748,0.8225,5.19,0.06857796852646639,0.3570815450643777
3749,0.755,5.19,0.06290128755364807,0.32732474964234626
3750,0.795,5.19,0.07169098712446352,0.37081545064377686
3751,0.7375,5.18,0.06143633762517883,0.3181688125894135
3752,0.7875,5.20875,0.06564806866952791,0.3410586552217454
3753,0.925,5.1825,0.058964234620886985,0.30443490701001436
3754,0.875,5.21125,0.07288125894134478,0.3776824034334764
3755,0.75,5.1875,0.06253505007153076,0.32732474964234626
3756,0.6775,5.21375,0.06876108726752504,0.35937052932761093
3757,0.835,5.21375,0.069585121602289,0.3639484978540773
3758,0.8575,5.2125,0.07141630901287555,0.37081545064377686
3759,0.845,5.185,0.059605150214592284,0.30672389127324756
3760,0.8375,5.1825,0.06454935622317597,0.3341917024320458
3761,0.765,5.1925,0.06372532188841203,0.32961373390557946
3762,0.7975,5.195,0.056858369098712454,0.2952789699570816
3763,0.8525,5.18625,0.05978826895565094,0.3113018597997139
3764,0.745,5.2,0.062077253218884125,0.32274678111587984
3765,0.8925,5.18125,0.061711015736766815,0.3181688125894135
3766,0.7225,5.21125,0.07187410586552218,0.37539341917024327
3767,0.8625,5.1975,0.07187410586552218,0.37539341917024327
3768,0.71,5.2075,0.07480400572246067,0.3891273247496424
3769,0.8825,5.18125,0.06290128755364807,0.32732474964234626
3770,0.84,5.19625,0.07004291845493563,0.3639484978540773
3771,0.8575,5.18375,0.055851216022889845,0.288412017167382
3772,0.8625,5.185,0.05603433476394851,0.288412017167382
3773,0.7525,5.1975,0.06271816881258942,0.32732474964234626
3774,0.75,5.20375,0.06253505007153076,0.32732474964234626
3775,0.77,5.20125,0.057499284692417746,0.29985693848354794
3776,0.7175,5.205,0.05978826895565094,0.3113018597997139
3777,0.67,5.1925,0.055851216022889845,0.288412017167382
3778,0.7075,5.2,0.07233190271816882,0.37539341917024327
3779,0.82,5.2,0.0683032904148784,0.3570815450643777
3780,0.7075,5.19125,0.058964234620886985,0.30672389127324756
3781,0.7125,5.21125,0.07480400572246067,0.3891273247496424
3782,0.815,5.19,0.06793705293276109,0.35250357653791137
3783,0.7075,5.1825,0.058964234620886985,0.30443490701001436
3784,0.8875,5.17625,0.06335908440629472,0.32732474964234626
3785,0.685,5.19875,0.05704148783977111,0.2952789699570816
3786,0.68,5.195,0.0566752503576538,0.2952789699570816
3787,0.6725,5.20625,0.07205722460658083,0.37539341917024327
3788,0.745,5.21125,0.062077253218884125,0.32274678111587984
3789,0.75,5.21,0.06253505007153076,0.32732474964234626
3790,0.7275,5.20875,0.06125321888412018,0.3181688125894135
3791,0.8075,5.18,0.0672961373390558,0.34792560801144495
3792,0.8025,5.1975,0.06683834048640916,0.34792560801144495
3793,0.86,5.185,0.05521030042918455,0.2861230329041488
3794,0.8025,5.1975,0.06683834048640916,0.34792560801144495
3795,0.7125,5.1825,0.059330472103004295,0.30672389127324756
3796,0.7375,5.2,0.07352217453505008,0.38226037195994284
3797,0.9175,5.18,0.05978826895565094,0.3113018597997139
3798,0.785,5.20625,0.06537339055793992,0.3410586552217454
3799,0.885,5.185,0.05914735336194564,0.30672389127324756
3800,0.745,5.205,0.060246065808297576,0.3158798283261803
3801,0.795,5.2125,0.0662889842632332,0.34563662374821175
3802,0.7175,5.2,0.06747925608011446,0.35250357653791137
3803,0.69,5.20875,0.07105007153075824,0.37081545064377686
3804,0.7025,5.2025,0.05850643776824035,0.30443490701001436
3805,0.725,5.1975,0.06683834048640916,0.34792560801144495
3806,0.7575,5.19125,0.06976824034334765,0.3639484978540773
3807,0.9175,5.20375,0.07645207439198856,0.3982832618025752
3808,0.8425,5.185,0.05914735336194564,0.30672389127324756
3809,0.8625,5.1825,0.05850643776824035,0.30443490701001436
3810,0.7075,5.18375,0.058964234620886985,0.30672389127324756
3811,0.8275,5.1925,0.0689442060085837,0.3570815450643777
3812,0.7075,5.20875,0.07544492131616595,0.3937052932761088
3813,0.805,5.1875,0.06711301859799715,0.34792560801144495
3814,0.7225,5.1775,0.060246065808297576,0.3113018597997139
3815,0.745,5.195,0.06519027181688127,0.33648068669527903
3816,0.87,5.205,0.07251502145922747,0.3776824034334764
3817,0.8,5.2125,0.0666552217453505,0.34792560801144495
3818,0.685,5.205,0.07086695278969958,0.36852646638054365
3819,0.865,5.21,0.07205722460658083,0.37539341917024327
3820,0.845,5.21375,0.07040915593705294,0.36852646638054365
3821,0.7775,5.19,0.06647210300429185,0.34563662374821175
3822,0.86,5.2075,0.07169098712446352,0.37539341917024327
3823,0.8675,5.21125,0.07233190271816882,0.3776824034334764
3824,0.7925,5.19,0.064,0.3341917024320458
3825,0.73,5.17875,0.06079542203147354,0.3158798283261803
3826,0.77,5.205,0.06418311874105866,0.3341917024320458
3827,0.91,5.18,0.059605150214592284,0.30672389127324756
3828,0.93,5.21125,0.07745922746781117,0.40515021459227474
3829,0.815,5.19125,0.06793705293276109,0.35250357653791137
3830,0.7075,5.19875,0.07040915593705294,0.36852646638054365
3831,0.8625,5.21,0.07187410586552218,0.37539341917024327
3832,0.8175,5.215,0.06812017167381974,0.3570815450643777
3833,0.765,5.1925,0.06647210300429185,0.34563662374821175
3834,0.72,5.19875,0.06711301859799715,0.34792560801144495
3835,0.8625,5.20875,0.07187410586552218,0.37539341917024327
3836,0.87,5.1775,0.057499284692417746,0.2952789699570816
3837,0.845,5.18375,0.05704148783977111,0.2952789699570816
3838,0.735,5.1875,0.06125321888412018,0.3181688125894135
3839,0.7,5.21375,0.06436623748211731,0.3341917024320458
3840,0.94,5.1725,0.06775393419170243,0.34792560801144495
3841,0.895,5.17625,0.07462088698140201,0.3868383404864092
3842,0.705,5.20625,0.07562804005722461,0.3937052932761088
3843,0.89,5.1825,0.05914735336194564,0.30672389127324756
3844,0.865,5.21125,0.07205722460658083,0.37539341917024327
3845,0.755,5.2025,0.06537339055793992,0.3410586552217454
3846,0.8525,5.185,0.05603433476394851,0.288412017167382
3847,0.675,5.185,0.05621745350500716,0.2929899856938484
3848,0.6875,5.21375,0.05731616595135909,0.2952789699570816
3849,0.6875,5.215,0.06857796852646639,0.3570815450643777
3850,0.855,5.21,0.07123319027181689,0.37081545064377686
3851,0.775,5.2075,0.06454935622317597,0.33648068669527903
3852,0.675,5.21625,0.07105007153075824,0.37081545064377686
3853,0.7575,5.20875,0.06308440629470673,0.32961373390557946
3854,0.7175,5.205,0.05978826895565094,0.3113018597997139
3855,0.8425,5.19375,0.05914735336194564,0.30672389127324756
3856,0.9075,5.20875,0.07562804005722461,0.3937052932761088
3857,0.765,5.1825,0.06372532188841203,0.32961373390557946
3858,0.7375,5.21,0.06857796852646639,0.3570815450643777
3859,0.8825,5.19875,0.07352217453505008,0.38226037195994284
3860,0.765,5.18375,0.06372532188841203,0.32961373390557946
3861,0.7375,5.19375,0.07086695278969958,0.36852646638054365
3862,0.855,5.205,0.07123319027181689,0.37081545064377686
3863,0.8525,5.20875,0.07105007153075824,0.37081545064377686
3864,0.88,5.18125,0.0566752503576538,0.2929899856938484
3865,0.765,5.1825,0.06372532188841203,0.32961373390557946
3866,0.6975,5.18125,0.05814020028612304,0.29985693848354794
3867,0.6975,5.21375,0.06583118741058656,0.34563662374821175
3868,0.7575,5.21,0.06308440629470673,0.32961373390557946
3869,0.78,5.21375,0.06500715307582261,0.33648068669527903
3870,0.935,5.1775,0.058964234620886985,0.30443490701001436
3871,0.7325,5.205,0.07919885550786838,0.4120171673819743
3872,0.7575,5.1825,0.06308440629470673,0.32732474964234626
3873,0.75,5.19625,0.07397997138769671,0.3868383404864092
3874,0.9,5.17875,0.060612303290414886,0.3158798283261803
3875,0.71,5.20375,0.05914735336194564,0.30672389127324756
3876,0.6725,5.2075,0.07205722460658083,0.37539341917024327
3877,0.67,5.2125,0.07251502145922747,0.3776824034334764
3878,0.8125,5.215,0.06775393419170243,0.35250357653791137
3879,0.815,5.1875,0.06079542203147354,0.3158798283261803
3880,0.735,5.19625,0.07004291845493563,0.3639484978540773
3881,0.8075,5.1975,0.0672961373390558,0.34792560801144495
3882,0.8575,5.18625,0.05603433476394851,0.288412017167382
3883,0.865,5.18125,0.06308440629470673,0.32732474964234626
3884,0.7575,5.1925,0.06308440629470673,0.32732474964234626
3885,0.72,5.2125,0.059971387696709594,0.37081545064377686
3886,0.71,5.205,0.07462088698140201,0.3891273247496424
3887,0.7275,5.18125,0.060612303290414886,0.3158798283261803
3888,0.8275,5.21125,0.0689442060085837,0.35937052932761093
3889,0.88,5.185,0.05914735336194564,0.30672389127324756
3890,0.7375,5.20625,0.06143633762517883,0.3181688125894135
3891,1.37,5.18375,0.11417453505007154,0.5928469241773964
3892,0.825,5.1925,0.05603433476394851,0.2929899856938484
3893,0.67,5.1875,0.055851216022889845,0.288412017167382
3894,0.69,5.18125,0.057499284692417746,0.2952789699570816
3895,0.8575,5.185,0.0566752503576538,0.2929899856938484
3896,0.6725,5.1875,0.05603433476394851,0.2929899856938484
3897,0.765,5.1925,0.06372532188841203,0.32961373390557946
3898,0.8225,5.19,0.055851216022889845,0.288412017167382
3899,0.715,5.20875,0.059605150214592284,0.3113018597997139
3900,0.8925,5.20125,0.07434620886981402,0.3868383404864092
3901,0.7225,5.2125,0.07233190271816882,0.3776824034334764
3902,0.905,5.20375,0.07544492131616595,0.3937052932761088
3903,0.7975,5.185,0.06647210300429185,0.34563662374821175
3904,0.755,5.19875,0.07288125894134478,0.3776824034334764
3905,0.6675,5.1925,0.05566809728183119,0.288412017167382
3906,0.6725,5.185,0.05603433476394851,0.288412017167382
3907,0.675,5.215,0.07105007153075824,0.37081545064377686
3908,0.725,5.20875,0.06143633762517883,0.3181688125894135
3909,0.7225,5.19625,0.060246065808297576,0.3113018597997139
3910,0.6925,5.20375,0.06940200286123034,0.35937052932761093
3911,0.6675,5.20875,0.07169098712446352,0.37539341917024327
3912,0.8325,5.21625,0.06940200286123034,0.3639484978540773
3913,0.765,5.2025,0.07040915593705294,0.36852646638054365
3914,0.71,5.2,0.069585121602289,0.35937052932761093
3915,0.76,5.18375,0.06335908440629472,0.32961373390557946
3916,0.765,5.195,0.07040915593705294,0.36852646638054365
3917,0.785,5.2025,0.06354220314735337,0.32961373390557946
3918,0.89,5.21,0.07416309012875537,0.3868383404864092
3919,0.885,5.18375,0.058964234620886985,0.30672389127324756
3920,0.705,5.21125,0.06436623748211731,0.3341917024320458
3921,0.8525,5.2125,0.07105007153075824,0.37081545064377686
3922,0.87,5.17875,0.07251502145922747,0.3776824034334764
3923,0.8175,5.18375,0.06107010014306152,0.3158798283261803
3924,0.845,5.19125,0.07040915593705294,0.3639484978540773
3925,0.73,5.1875,0.06079542203147354,0.3158798283261803
3926,0.845,5.18625,0.05603433476394851,0.288412017167382
3927,0.725,5.18625,0.06042918454935623,0.3158798283261803
3928,0.775,5.1925,0.06454935622317597,0.3341917024320458
3929,0.7875,5.195,0.056492131616595144,0.2929899856938484
3930,0.905,5.20875,0.07544492131616595,0.3937052932761088
3931,0.725,5.18,0.06042918454935623,0.3113018597997139
3932,0.88,5.1825,0.06308440629470673,0.32732474964234626
3933,0.7525,5.20375,0.06271816881258942,0.32732474964234626
3934,0.9125,5.2075,0.07608583690987125,0.3982832618025752
3935,0.8025,5.19625,0.056492131616595144,0.2929899856938484
3936,0.67,5.18875,0.055851216022889845,0.288412017167382
3937,0.68,5.1825,0.0566752503576538,0.2929899856938484
3938,0.7075,5.21,0.06354220314735337,0.32961373390557946
3939,0.83,5.21125,0.06912732474964235,0.35937052932761093
3940,0.6675,5.19125,0.05566809728183119,0.288412017167382
3941,0.755,5.1975,0.07205722460658083,0.37539341917024327
3942,0.7675,5.1825,0.064,0.32961373390557946
3943,0.6925,5.18125,0.0576824034334764,0.29985693848354794
3944,0.8275,5.1925,0.056492131616595144,0.2929899856938484
3945,0.71,5.21,0.07544492131616595,0.3937052932761088
3946,0.78,5.18625,0.06500715307582261,0.33648068669527903
3947,0.71,5.2075,0.0769098712446352,0.4005722460658083
3948,0.845,5.185,0.06537339055793992,0.33648068669527903
3949,0.71,5.18625,0.05914735336194564,0.30672389127324756
3950,0.84,5.1825,0.05704148783977111,0.2952789699570816
3951,0.8375,5.1875,0.05566809728183119,0.288412017167382
3952,0.8725,5.185,0.07269814020028613,0.3776824034334764
3953,0.7575,5.20875,0.06482403433476396,0.33648068669527903
3954,0.6775,5.20625,0.07645207439198856,0.3982832618025752
3955,0.835,5.20625,0.069585121602289,0.3639484978540773
3956,0.76,5.19875,0.056492131616595144,0.2929899856938484
3957,0.7225,5.20625,0.06042918454935623,0.3158798283261803
3958,0.6725,5.19,0.05603433476394851,0.2929899856938484
3959,0.6925,5.2025,0.0576824034334764,0.29985693848354794
3960,0.87,5.1825,0.06372532188841203,0.32961373390557946
3961,0.7275,5.20125,0.060612303290414886,0.3158798283261803
3962,1.0825,5.2,0.0901859799713877,0.46924177396280403
3963,0.7425,5.20625,0.07123319027181689,0.37081545064377686
3964,0.89,5.21,0.07416309012875537,0.3868383404864092
3965,0.675,5.18375,0.05621745350500716,0.2929899856938484
3966,0.705,5.21125,0.06253505007153076,0.32732474964234626
3967,0.8525,5.21375,0.07105007153075824,0.37081545064377686
3968,0.7325,5.2025,0.06107010014306152,0.3181688125894135
3969,0.6725,5.20625,0.07123319027181689,0.37081545064377686
3970,0.895,5.2,0.07462088698140201,0.3868383404864092
3971,0.845,5.2025,0.07040915593705294,0.36852646638054365
3972,0.7925,5.19375,0.056492131616595144,0.2929899856938484
3973,0.75,5.21,0.06253505007153076,0.32732474964234626
3974,0.75,5.21125,0.06253505007153076,0.32732474964234626
3975,0.845,5.19125,0.05914735336194564,0.30672389127324756
3976,0.8225,5.21,0.06857796852646639,0.3570815450643777
3977,0.91,5.205,0.07581115879828328,0.3937052932761088
3978,0.755,5.20125,0.07562804005722461,0.3937052932761088
3979,0.725,5.18,0.06042918454935623,0.3113018597997139
3980,0.7975,5.215,0.06647210300429185,0.34563662374821175
3981,0.8575,5.185,0.0566752503576538,0.2929899856938484
3982,0.8875,5.175,0.064,0.32961373390557946
3983,0.6875,5.1825,0.05731616595135909,0.2952789699570816
3984,0.695,5.2125,0.06683834048640916,0.34792560801144495
3985,0.6825,5.215,0.06940200286123034,0.3639484978540773
3986,0.905,5.2125,0.07544492131616595,0.3937052932761088
3987,0.7975,5.1875,0.06079542203147354,0.3158798283261803
3988,0.865,5.18125,0.056858369098712454,0.2952789699570816
3989,0.6725,5.18625,0.05603433476394851,0.288412017167382
3990,0.8875,5.18125,0.062077253218884125,0.32274678111587984
3991,0.73,5.21125,0.06976824034334765,0.3639484978540773
3992,0.7175,5.17875,0.05978826895565094,0.3113018597997139
3993,0.795,5.20875,0.06647210300429185,0.34563662374821175
3994,0.74,5.19875,0.07434620886981402,0.3868383404864092
3995,0.8,5.17625,0.0666552217453505,0.34563662374821175
3996,0.7225,5.185,0.060246065808297576,0.3113018597997139
3997,0.8225,5.19125,0.0576824034334764,0.29985693848354794
3998,0.6925,5.2025,0.0576824034334764,0.29985693848354794
3999,0.6775,5.18125,0.056492131616595144,0.2929899856938484
4000,0.6825,5.21375,0.07141630901287555,0.37081545064377686
4001,0.795,5.2125,0.0662889842632332,0.34563662374821175
4002,0.8575,5.2075,0.07141630901287555,0.37081545064377686
4003,0.7675,5.19875,0.05914735336194564,0.30672389127324756
4004,0.69,5.2,0.057499284692417746,0.29985693848354794
4005,0.8675,5.19875,0.07233190271816882,0.37539341917024327
4006,0.7825,5.2025,0.062077253218884125,0.32274678111587984
4007,0.8975,5.20875,0.07480400572246067,0.3891273247496424
4008,0.755,5.18125,0.06290128755364807,0.32732474964234626
4009,0.79,5.1925,0.06747925608011446,0.34792560801144495
4010,0.7975,5.1725,0.06647210300429185,0.34563662374821175
4011,0.725,5.19875,0.06042918454935623,0.3158798283261803
4012,0.7125,5.2,0.06857796852646639,0.3570815450643777
4013,0.835,5.215,0.069585121602289,0.3639484978540773
4014,0.76,5.21125,0.06335908440629472,0.32961373390557946
4015,0.69,5.2025,0.06940200286123034,0.35937052932761093
4016,0.8225,5.2,0.06857796852646639,0.3570815450643777
4017,0.8525,5.205,0.07105007153075824,0.37081545064377686
4018,0.7375,5.205,0.05978826895565094,0.3113018597997139
4019,0.7525,5.205,0.05914735336194564,0.30672389127324756
4020,0.885,5.21,0.07370529327610874,0.38226037195994284
4021,0.875,5.18625,0.05878111587982833,0.30443490701001436
4022,0.7425,5.21,0.06775393419170243,0.35250357653791137
4023,0.86,5.21125,0.07169098712446352,0.37539341917024327
4024,0.815,5.1975,0.060612303290414886,0.3158798283261803
4025,0.76,5.19625,0.0762689556509299,0.3982832618025752
4026,0.905,5.20625,0.07544492131616595,0.3937052932761088
4027,0.815,5.1925,0.05603433476394851,0.2929899856938484
4028,0.765,5.20125,0.0576824034334764,0.29985693848354794
4029,0.6875,5.19875,0.05731616595135909,0.2952789699570816
4030,0.6725,5.21125,0.05603433476394851,0.37081545064377686
4031,0.85,5.18375,0.05850643776824035,0.30443490701001436
4032,0.69,5.18125,0.057499284692417746,0.2952789699570816
4033,0.745,5.2025,0.062077253218884125,0.32274678111587984
4034,0.6825,5.21125,0.07251502145922747,0.3776824034334764
4035,0.8825,5.2025,0.07352217453505008,0.38226037195994284
4036,0.7175,5.18,0.05978826895565094,0.3113018597997139
4037,0.745,5.1975,0.07187410586552218,0.37539341917024327
4038,0.72,5.18125,0.059971387696709594,0.3113018597997139
4039,0.85,5.2125,0.07086695278969958,0.36852646638054365
4040,0.9,5.18,0.06079542203147354,0.3158798283261803
4041,0.67,5.19,0.055851216022889845,0.288412017167382
4042,0.8575,5.21375,0.07141630901287555,0.37081545064377686
4043,0.82,5.1775,0.06454935622317597,0.3341917024320458
4044,0.73,5.18625,0.06079542203147354,0.3158798283261803
4045,0.695,5.1825,0.05795708154506438,0.29985693848354794
4046,0.7475,5.20375,0.058964234620886985,0.30672389127324756
4047,0.6775,5.1975,0.056492131616595144,0.2929899856938484
4048,0.7175,5.205,0.05978826895565094,0.3113018597997139
4049,0.7075,5.2125,0.06436623748211731,0.3341917024320458
4050,0.805,5.21,0.06711301859799715,0.34792560801144495
4051,0.9175,5.2075,0.07645207439198856,0.3982832618025752
4052,0.9075,5.1775,0.05978826895565094,0.3113018597997139
4053,0.9725,5.2075,0.08103004291845495,0.4234620886981402
4054,0.7375,5.17875,0.06143633762517883,0.3181688125894135
4055,0.74,5.2075,0.07333905579399143,0.38226037195994284
4056,0.6675,5.21,0.07169098712446352,0.37539341917024327
4057,0.905,5.215,0.07544492131616595,0.3937052932761088
4058,0.7975,5.19,0.06308440629470673,0.32732474964234626
4059,0.8775,5.18,0.0576824034334764,0.29985693848354794
4060,0.685,5.18375,0.05704148783977111,0.2952789699570816
4061,0.68,5.20875,0.07269814020028613,0.3776824034334764
4062,0.68,5.21,0.07333905579399143,0.38226037195994284
4063,0.86,5.21125,0.07169098712446352,0.37539341917024327
4064,0.83,5.1875,0.056492131616595144,0.2929899856938484
4065,0.865,5.18625,0.05878111587982833,0.30443490701001436
4066,0.7975,5.2075,0.06647210300429185,0.34563662374821175
4067,0.89,5.18375,0.05978826895565094,0.3113018597997139
4068,0.765,5.20375,0.064,0.3341917024320458
4069,0.8925,5.2025,0.07434620886981402,0.3868383404864092
4070,0.6975,5.185,0.05814020028612304,0.29985693848354794
4071,0.6875,5.2025,0.07416309012875537,0.3868383404864092
4072,0.8225,5.20125,0.06857796852646639,0.3570815450643777
4073,0.88,5.215,0.07333905579399143,0.38226037195994284
4074,0.795,5.18625,0.06042918454935623,0.3158798283261803
4075,0.7925,5.19375,0.06601430615164522,0.3410586552217454
4076,0.6925,5.1825,0.0576824034334764,0.29985693848354794
4077,0.685,5.21375,0.06793705293276109,0.35250357653791137
4078,0.8175,5.215,0.06812017167381974,0.3570815450643777
4079,0.75,5.21,0.06253505007153076,0.32732474964234626
4080,0.87,5.18375,0.06372532188841203,0.32961373390557946
4081,0.8025,5.1775,0.06683834048640916,0.34563662374821175
4082,0.8525,5.21125,0.07105007153075824,0.37081545064377686
4083,0.8875,5.18125,0.058964234620886985,0.30443490701001436
4084,0.9075,5.21,0.07562804005722461,0.3937052932761088
4085,0.745,5.2025,0.062077253218884125,0.32274678111587984
4086,0.67,5.2125,0.07169098712446352,0.37539341917024327
4087,0.85,5.2025,0.07086695278969958,0.36852646638054365
4088,0.855,5.2075,0.07123319027181689,0.37081545064377686
4089,0.76,5.19,0.06519027181688127,0.33648068669527903
4090,0.865,5.2125,0.07205722460658083,0.37539341917024327
4091,0.86,5.215,0.07169098712446352,0.37539341917024327
4092,0.87,5.18125,0.0566752503576538,0.2929899856938484
4093,0.87,5.18375,0.0566752503576538,0.2929899856938484
4094,0.745,5.20875,0.062077253218884125,0.32274678111587984
4095,0.8975,5.18,0.06079542203147354,0.3158798283261803
4096,0.88,5.18375,0.058964234620886985,0.30672389127324756
4097,0.75,5.2025,0.06253505007153076,0.32732474964234626
4098,0.925,5.1775,0.06354220314735337,0.32961373390557946
4099,0.905,5.17875,0.06537339055793992,0.33648068669527903
4100,0.8525,5.2075,0.07105007153075824,0.37081545064377686
4101,0.885,5.1775,0.0566752503576538,0.2929899856938484
4102,0.82,5.19375,0.05539341917024321,0.288412017167382
4103,0.675,5.1925,0.05621745350500716,0.2929899856938484
4104,0.6825,5.2025,0.056858369098712454,0.3639484978540773
4105,0.675,5.215,0.07086695278969958,0.37081545064377686
4106,0.7275,5.20625,0.060612303290414886,0.3158798283261803
4107,0.6775,5.18375,0.056492131616595144,0.2929899856938484
4108,0.7,5.2125,0.06564806866952791,0.3410586552217454
4109,0.8325,5.215,0.06940200286123034,0.3639484978540773
4110,0.9075,5.21,0.07562804005722461,0.3937052932761088
4111,0.8675,5.185,0.06189413447782547,0.32274678111587984
4112,0.8925,5.20875,0.07434620886981402,0.3868383404864092
4113,0.805,5.17375,0.06711301859799715,0.34792560801144495
4114,0.93,5.175,0.06189413447782547,0.3181688125894135
4115,0.8125,5.19625,0.06775393419170243,0.35250357653791137
4116,0.6825,5.1975,0.056858369098712454,0.2952789699570816
4117,0.675,5.21375,0.07123319027181689,0.37081545064377686
4118,0.8475,5.2025,0.07059227467811159,0.36852646638054365
4119,0.845,5.20375,0.07040915593705294,0.36852646638054365
4120,0.8075,5.19375,0.05621745350500716,0.2929899856938484
4121,0.7075,5.19125,0.058964234620886985,0.30672389127324756
4122,0.6875,5.1825,0.05731616595135909,0.2952789699570816
4123,0.73,5.20625,0.06290128755364807,0.32732474964234626
4124,0.72,5.18625,0.059971387696709594,0.3113018597997139
4125,0.76,5.20375,0.06335908440629472,0.32961373390557946
4126,0.88,5.185,0.058964234620886985,0.30672389127324756
4127,0.82,5.21,0.0683032904148784,0.3570815450643777
4128,1.04,5.1975,0.08670672389127326,0.45092989985693854
4129,0.7175,5.21125,0.07269814020028613,0.3776824034334764
4130,0.945,5.1825,0.08212875536480688,0.4234620886981402
4131,0.7925,5.1925,0.06601430615164522,0.3410586552217454
4132,0.7425,5.205,0.05850643776824035,0.30443490701001436
4133,0.7775,5.19875,0.05704148783977111,0.2952789699570816
4134,0.7375,5.19625,0.06143633762517883,0.3181688125894135
4135,0.67,5.21125,0.07141630901287555,0.37081545064377686
4136,0.665,5.21,0.07141630901287555,0.37081545064377686
4137,0.8475,5.20875,0.07059227467811159,0.36852646638054365
4138,0.7775,5.19,0.06519027181688127,0.33648068669527903
4139,0.6775,5.20625,0.07059227467811159,0.36852646638054365
4140,0.8825,5.20125,0.07352217453505008,0.38226037195994284
4141,0.7325,5.21,0.06107010014306152,0.35937052932761093
4142,0.8675,5.18625,0.05878111587982833,0.30443490701001436
4143,0.8975,5.20875,0.07480400572246067,0.3891273247496424
4144,0.92,5.195,0.07663519313304722,0.3982832618025752
4145,0.705,5.20875,0.0762689556509299,0.3982832618025752
4146,0.8175,5.215,0.06812017167381974,0.3570815450643777
4147,0.735,5.20875,0.06125321888412018,0.3181688125894135
4148,0.67,5.2075,0.07233190271816882,0.37539341917024327
4149,0.8775,5.215,0.07315593705293277,0.38226037195994284
4150,0.765,5.21125,0.06372532188841203,0.3341917024320458
4151,0.6775,5.20625,0.07141630901287555,0.37081545064377686
4152,0.8525,5.2125,0.07105007153075824,0.37081545064377686
4153,0.8675,5.21375,0.07233190271816882,0.3776824034334764
4154,0.7525,5.2025,0.06940200286123034,0.35937052932761093
4155,0.92,5.20125,0.07663519313304722,0.3982832618025752
4156,0.71,5.18125,0.05914735336194564,0.30672389127324756
4157,0.9025,5.17375,0.06564806866952791,0.3410586552217454
4158,0.7075,5.19125,0.058964234620886985,0.30672389127324756
4159,0.8275,5.20875,0.0689442060085837,0.35937052932761093
4160,0.8975,5.1825,0.05914735336194564,0.30672389127324756
4161,0.6725,5.1875,0.05603433476394851,0.2929899856938484
4162,0.78,5.1825,0.06500715307582261,0.33648068669527903
4163,0.7,5.20875,0.07123319027181689,0.37081545064377686
4164,0.85,5.2125,0.07086695278969958,0.36852646638054365
4165,0.795,5.215,0.0662889842632332,0.34563662374821175
4166,0.685,5.2025,0.06976824034334765,0.3639484978540773
4167,0.6725,5.2125,0.07169098712446352,0.37539341917024327
4168,0.85,5.21375,0.07086695278969958,0.37081545064377686
4169,0.85,5.1825,0.05795708154506438,0.29985693848354794
4170,0.8925,5.18125,0.06482403433476396,0.33648068669527903
4171,0.755,5.205,0.06290128755364807,0.32732474964234626
4172,0.865,5.185,0.06454935622317597,0.3341917024320458
4173,0.82,5.19375,0.06418311874105866,0.3341917024320458
4174,0.905,5.21125,0.07544492131616595,0.3937052932761088
4175,0.7975,5.2,0.062077253218884125,0.32274678111587984
4176,0.705,5.21125,0.06308440629470673,0.32961373390557946
4177,0.81,5.2125,0.06747925608011446,0.35250357653791137
4178,0.8275,5.1875,0.0689442060085837,0.32274678111587984
4179,0.7025,5.2025,0.07059227467811159,0.36852646638054365
4180,0.8625,5.20625,0.07187410586552218,0.37539341917024327
4181,0.725,5.2075,0.06042918454935623,0.3158798283261803
4182,0.745,5.195,0.06647210300429185,0.34563662374821175
4183,0.8325,5.20375,0.06940200286123034,0.35937052932761093
4184,1.01,5.2025,0.08414306151645208,0.4394849785407726
4185,0.8925,5.18375,0.06354220314735337,0.32961373390557946
4186,0.8975,5.2075,0.07480400572246067,0.3891273247496424
4187,0.735,5.1775,0.06125321888412018,0.3181688125894135
4188,0.7075,5.20625,0.07581115879828328,0.3937052932761088
4189,0.905,5.20875,0.07544492131616595,0.3937052932761088
4190,0.8025,5.1925,0.06683834048640916,0.34792560801144495
4191,0.8375,5.18625,0.055851216022889845,0.288412017167382
4192,0.6825,5.2,0.056858369098712454,0.2952789699570816
4193,0.7075,5.1875,0.058964234620886985,0.30672389127324756
4194,0.7075,5.2075,0.06601430615164522,0.34563662374821175
4195,0.6775,5.19875,0.056492131616595144,0.2929899856938484
4196,0.6825,5.18,0.056858369098712454,0.2952789699570816
4197,0.68,5.21375,0.06940200286123034,0.35937052932761093
4198,0.8,5.1975,0.0666552217453505,0.34563662374821175
4199,0.805,5.19625,0.06711301859799715,0.34792560801144495
4200,0.7775,5.2075,0.07105007153075824,0.37081545064377686
4201,0.84,5.18625,0.06564806866952791,0.3410586552217454
4202,0.925,5.20625,0.07709298998569386,0.4005722460658083
4203,0.8125,5.19625,0.06143633762517883,0.3181688125894135
4204,0.72,5.21,0.07269814020028613,0.3776824034334764
4205,0.755,5.18125,0.06290128755364807,0.32732474964234626
4206,0.715,5.205,0.07480400572246067,0.3891273247496424
4207,0.845,5.1875,0.06042918454935623,0.3158798283261803
4208,0.7575,5.18875,0.06308440629470673,0.32732474964234626
4209,0.6875,5.21375,0.06683834048640916,0.34792560801144495
4210,0.73,5.20875,0.06042918454935623,0.3158798283261803
4211,0.7325,5.20875,0.06107010014306152,0.3181688125894135
4212,0.725,5.19875,0.06940200286123034,0.35937052932761093
4213,0.6725,5.21375,0.07022603719599428,0.36852646638054365
4214,0.8675,5.21125,0.07233190271816882,0.3776824034334764
4215,1.0925,5.17,0.09101001430615166,0.5745350500715308
4216,0.835,5.18375,0.06876108726752504,0.3570815450643777
4217,0.705,5.18625,0.05878111587982833,0.30443490701001436
4218,0.745,5.2,0.062077253218884125,0.32274678111587984
4219,0.8875,5.1825,0.05914735336194564,0.30672389127324756
4220,0.8425,5.21125,0.07022603719599428,0.36852646638054365
4221,0.85,5.205,0.07086695278969958,0.36852646638054365
4222,0.8675,5.18125,0.057499284692417746,0.2952789699570816
4223,0.695,5.1825,0.05795708154506438,0.29985693848354794
4224,0.675,5.1825,0.05621745350500716,0.2929899856938484
4225,0.715,5.205,0.07233190271816882,0.37539341917024327
4226,0.9225,5.20625,0.0769098712446352,0.4005722460658083
4227,0.855,5.2075,0.07123319027181689,0.37081545064377686
4228,0.8075,5.1925,0.05566809728183119,0.288412017167382
4229,0.67,5.1875,0.055851216022889845,0.288412017167382
4230,1.055,5.2,0.08789699570815451,0.4577968526466381
4231,0.97,5.16875,0.062077253218884125,0.32274678111587984
4232,0.72,5.19625,0.059971387696709594,0.3113018597997139
4233,0.855,5.2,0.07123319027181689,0.37081545064377686
4234,0.9075,5.175,0.06107010014306152,0.3158798283261803
4235,0.7375,5.1875,0.06143633762517883,0.3181688125894135
4236,0.6825,5.1825,0.056858369098712454,0.2952789699570816
4237,0.785,5.2,0.05731616595135909,0.2952789699570816
4238,0.7025,5.2025,0.05850643776824035,0.30443490701001436
4239,0.6725,5.195,0.05603433476394851,0.2929899856938484
4240,0.6875,5.21375,0.06775393419170243,0.35250357653791137
4241,0.6975,5.2125,0.06601430615164522,0.34563662374821175
4242,0.805,5.215,0.06711301859799715,0.34792560801144495
4243,0.745,5.205,0.07022603719599428,0.3639484978540773
4244,0.6725,5.20875,0.07141630901287555,0.37081545064377686
4245,1.2625,5.17625,0.10520171673819743,0.5447782546494994
4246,0.7125,5.21,0.07269814020028613,0.3776824034334764
4247,0.7775,5.195,0.07141630901287555,0.37081545064377686
4248,0.715,5.18125,0.059605150214592284,0.30672389127324756
4249,0.85,5.1825,0.06335908440629472,0.32961373390557946
4250,0.88,5.18375,0.06226037195994278,0.32274678111587984
4251,0.675,5.195,0.05621745350500716,0.2929899856938484
4252,0.745,5.19625,0.062077253218884125,0.3410586552217454
4253,0.6975,5.20125,0.07370529327610874,0.38226037195994284
4254,0.85,5.2125,0.07086695278969958,0.36852646638054365
4255,0.8525,5.21,0.07105007153075824,0.37081545064377686
4256,0.7175,5.20875,0.06290128755364807,0.32732474964234626
4257,0.79,5.2125,0.06583118741058656,0.3410586552217454
4258,0.76,5.21,0.06335908440629472,0.32961373390557946
4259,0.7475,5.195,0.06519027181688127,0.33648068669527903
4260,1.175,5.165,0.09787696709585123,0.5058655221745351
4261,0.77,5.20375,0.06418311874105866,0.3341917024320458
4262,0.9075,5.18,0.06042918454935623,0.3113018597997139
4263,0.745,5.20125,0.062077253218884125,0.32274678111587984
4264,0.8575,5.21125,0.07141630901287555,0.37081545064377686
4265,0.88,5.185,0.05878111587982833,0.30443490701001436
4266,0.6725,5.195,0.05603433476394851,0.2929899856938484
4267,0.67,5.18625,0.055851216022889845,0.288412017167382
4268,0.675,5.21375,0.07141630901287555,0.37081545064377686
4269,0.74,5.20875,0.061711015736766815,0.32274678111587984
4270,0.76,5.21125,0.06335908440629472,0.32961373390557946
4271,0.7025,5.20375,0.0689442060085837,0.35937052932761093
4272,0.8375,5.2,0.06976824034334765,0.3639484978540773
4273,0.905,5.2025,0.07544492131616595,0.3937052932761088
4274,0.84,5.185,0.057499284692417746,0.2952789699570816
4275,1.345,5.15625,0.07288125894134478,0.37539341917024327
4276,0.895,5.20375,0.07462088698140201,0.3891273247496424
4277,0.7375,5.21,0.06793705293276109,0.35250357653791137
4278,0.705,5.2075,0.07608583690987125,0.3982832618025752
4279,0.7625,5.18375,0.06354220314735337,0.32961373390557946
4280,0.7475,5.1975,0.07288125894134478,0.3776824034334764
4281,0.6875,5.20375,0.07004291845493563,0.3639484978540773
4282,0.7675,5.1925,0.064,0.3341917024320458
4283,0.9275,5.1825,0.05603433476394851,0.288412017167382
4284,0.865,5.18,0.05704148783977111,0.2952789699570816
4285,0.815,5.18875,0.06793705293276109,0.35250357653791137
4286,0.8725,5.1825,0.0566752503576538,0.2929899856938484
4287,0.8175,5.1875,0.060246065808297576,0.3113018597997139
4288,0.8375,5.20125,0.06976824034334765,0.3639484978540773
4289,0.8575,5.18375,0.07141630901287555,0.2929899856938484
4290,1.51,5.1475,0.0835021459227468,0.43032904148783985
4291,0.76,5.20375,0.06335908440629472,0.32961373390557946
4292,0.91,5.21125,0.07581115879828328,0.3937052932761088
4293,0.8975,5.17875,0.060246065808297576,0.3113018597997139
4294,0.835,5.21125,0.069585121602289,0.3639484978540773
4295,0.8725,5.2,0.07269814020028613,0.3776824034334764
4296,0.75,5.1975,0.06683834048640916,0.34792560801144495
4297,0.835,5.205,0.069585121602289,0.3639484978540773
4298,0.78,5.19375,0.06500715307582261,0.33648068669527903
4299,0.785,5.19375,0.05621745350500716,0.2929899856938484
4300,0.67,5.185,0.055851216022889845,0.288412017167382
4301,0.6775,5.18125,0.056492131616595144,0.2929899856938484
4302,0.695,5.21,0.0666552217453505,0.34792560801144495
4303,0.7625,5.21125,0.06354220314735337,0.32961373390557946
4304,0.715,5.205,0.059605150214592284,0.3113018597997139
4305,0.94,5.1775,0.07141630901287555,0.37081545064377686
4306,0.8225,5.2025,0.06857796852646639,0.3570815450643777
4307,0.91,5.205,0.07581115879828328,0.3937052932761088
4308,0.775,5.20375,0.06290128755364807,0.32732474964234626
4309,0.9125,5.20875,0.07608583690987125,0.3982832618025752
4310,0.75,5.1825,0.06253505007153076,0.32274678111587984
4311,0.74,5.20625,0.059330472103004295,0.30672389127324756
4312,0.82,5.18875,0.05878111587982833,0.30443490701001436
4313,0.7275,5.17875,0.060612303290414886,0.3158798283261803
4314,0.695,5.2125,0.06647210300429185,0.34563662374821175
4315,0.7925,5.19875,0.0566752503576538,0.2952789699570816
4316,0.7325,5.18375,0.06107010014306152,0.3158798283261803
4317,0.68,5.2075,0.07251502145922747,0.3776824034334764
4318,0.6775,5.215,0.07040915593705294,0.36852646638054365
4319,0.86,5.215,0.07169098712446352,0.37539341917024327
4320,0.9625,5.1775,0.07315593705293277,0.3776824034334764
4321,0.8525,5.19125,0.059330472103004295,0.30672389127324756
4322,0.8725,5.21,0.07269814020028613,0.3776824034334764
4323,0.925,5.18375,0.05878111587982833,0.30443490701001436
4324,0.73,5.21125,0.07169098712446352,0.37539341917024327
4325,0.875,5.20125,0.07288125894134478,0.3776824034334764
4326,0.7925,5.2,0.06601430615164522,0.30672389127324756
4327,0.6675,5.2125,0.07123319027181689,0.37081545064377686
4328,0.8075,5.215,0.0672961373390558,0.35250357653791137
4329,0.855,5.21125,0.07123319027181689,0.37081545064377686
4330,0.855,5.185,0.05603433476394851,0.288412017167382
4331,0.665,5.19,0.05539341917024321,0.288412017167382
4332,0.7025,5.1825,0.05850643776824035,0.30443490701001436
4333,0.6975,5.21375,0.06519027181688127,0.3410586552217454
4334,0.815,5.215,0.06793705293276109,0.35250357653791137
4335,1.0075,5.20625,0.08395994277539343,0.4394849785407726
4336,0.7275,5.21,0.07059227467811159,0.36852646638054365
4337,0.795,5.1875,0.0662889842632332,0.34563662374821175
4338,0.7175,5.18125,0.05978826895565094,0.3113018597997139
4339,0.8175,5.18875,0.06683834048640916,0.34563662374821175
4340,0.7075,5.1925,0.058964234620886985,0.30672389127324756
4341,0.7075,5.20375,0.058964234620886985,0.30672389127324756
4342,0.885,5.17125,0.056858369098712454,0.2929899856938484
4343,0.77,5.1925,0.06418311874105866,0.3341917024320458
4344,0.855,5.205,0.07123319027181689,0.37081545064377686
4345,0.825,5.19,0.05539341917024321,0.288412017167382
4346,0.6675,5.18875,0.05566809728183119,0.288412017167382
4347,0.8675,5.21375,0.07233190271816882,0.3776824034334764
4348,0.735,5.19625,0.0662889842632332,0.34563662374821175
4349,0.695,5.2025,0.07562804005722461,0.3937052932761088
4350,1.0425,5.2025,0.08688984263233192,0.4532188841201717
4351,0.7325,5.21125,0.07040915593705294,0.36852646638054365
4352,0.7425,5.19875,0.07397997138769671,0.3868383404864092
4353,0.8075,5.18,0.0672961373390558,0.34792560801144495
4354,0.7825,5.1925,0.069585121602289,0.35937052932761093
4355,0.8775,5.18125,0.06253505007153076,0.32274678111587984
4356,0.6775,5.18375,0.056492131616595144,0.2929899856938484
4357,0.6675,5.21375,0.07233190271816882,0.3776824034334764
4358,0.7975,5.195,0.056492131616595144,0.2929899856938484
4359,0.6725,5.1825,0.05603433476394851,0.288412017167382
4360,0.6975,5.2125,0.06335908440629472,0.32961373390557946
4361,0.69,5.21375,0.06683834048640916,0.34792560801144495
4362,0.82,5.2125,0.0683032904148784,0.3570815450643777
4363,0.9,5.17875,0.07498712446351932,0.30443490701001436
4364,0.8375,5.18375,0.058964234620886985,0.30672389127324756
4365,1.065,5.1975,0.08872103004291847,0.46237482117310447
4366,0.7225,5.19625,0.060246065808297576,0.3113018597997139
4367,0.8075,5.1975,0.06107010014306152,0.3181688125894135
4368,0.865,5.19625,0.07205722460658083,0.37539341917024327
4369,0.7325,5.18125,0.06107010014306152,0.3158798283261803
4370,0.8025,5.1925,0.069585121602289,0.35937052932761093
4371,0.86,5.21,0.07169098712446352,0.37539341917024327
4372,0.855,5.21125,0.07123319027181689,0.37081545064377686
4373,0.86,5.1825,0.05704148783977111,0.2952789699570816
4374,0.8725,5.2125,0.07269814020028613,0.3776824034334764
4375,0.7875,5.2125,0.06564806866952791,0.3410586552217454
4376,0.855,5.1825,0.0566752503576538,0.2929899856938484
4377,0.665,5.1925,0.05539341917024321,0.288412017167382
4378,0.6725,5.1925,0.05603433476394851,0.2929899856938484
4379,0.685,5.2025,0.07086695278969958,0.36852646638054365
4380,0.9625,5.19625,0.080206008583691,0.41659513590844066
4381,0.7175,5.17875,0.05978826895565094,0.3113018597997139
4382,0.75,5.19625,0.07141630901287555,0.37081545064377686
4383,0.735,5.18,0.06125321888412018,0.3181688125894135
4384,0.7075,5.19,0.058964234620886985,0.30672389127324756
4385,0.755,5.19625,0.07123319027181689,0.37081545064377686
4386,0.8575,5.18375,0.05978826895565094,0.3113018597997139
4387,0.6675,5.1925,0.05566809728183119,0.288412017167382
4388,0.685,5.205,0.07123319027181689,0.37081545064377686
4389,0.68,5.21375,0.06976824034334765,0.3639484978540773
4390,0.8325,5.215,0.06940200286123034,0.3639484978540773
4391,0.7975,5.18625,0.05978826895565094,0.3113018597997139
4392,1.3375,5.1475,0.10767381974248928,0.5539341917024321
4393,0.7825,5.18375,0.06519027181688127,0.33648068669527903
4394,0.68,5.21375,0.07022603719599428,0.36852646638054365
4395,0.86,5.19375,0.06290128755364807,0.32732474964234626
4396,0.795,5.18875,0.0662889842632332,0.34563662374821175
4397,0.745,5.19625,0.07608583690987125,0.3937052932761088
4398,0.885,5.18125,0.06253505007153076,0.32274678111587984
4399,0.72,5.18,0.059971387696709594,0.3113018597997139
4400,0.705,5.20375,0.05878111587982833,0.3868383404864092
4401,0.7475,5.195,0.06519027181688127,0.33648068669527903
4402,0.73,5.1875,0.06079542203147354,0.3158798283261803
4403,0.8,5.19125,0.0666552217453505,0.34563662374821175
4404,0.8575,5.1825,0.056492131616595144,0.2929899856938484
4405,0.6975,5.1825,0.05814020028612304,0.29985693848354794
4406,0.705,5.18375,0.05878111587982833,0.30443490701001436
4407,0.76,5.20625,0.0683032904148784,0.3570815450643777
4408,0.8,5.1975,0.0666552217453505,0.34563662374821175
4409,0.84,5.20375,0.07004291845493563,0.3639484978540773
4410,0.925,5.175,0.062077253218884125,0.32274678111587984
4411,0.78,5.2075,0.06500715307582261,0.33648068669527903
4412,0.8875,5.2125,0.07397997138769671,0.3868383404864092
4413,0.775,5.2025,0.06253505007153076,0.32732474964234626
4414,0.885,5.21,0.07370529327610874,0.38226037195994284
4415,0.875,5.2025,0.07288125894134478,0.3776824034334764
4416,0.7275,5.2075,0.06107010014306152,0.3181688125894135
4417,0.7575,5.21125,0.06308440629470673,0.32961373390557946
4418,0.8125,5.19875,0.06775393419170243,0.35250357653791137
4419,0.87,5.1825,0.0566752503576538,0.2929899856938484
4420,0.74,5.18875,0.061711015736766815,0.3181688125894135
4421,0.7975,5.19875,0.06647210300429185,0.34563662374821175
4422,0.855,5.1825,0.05795708154506438,0.29985693848354794
4423,0.6925,5.1825,0.0576824034334764,0.29985693848354794
4424,0.6675,5.18875,0.05566809728183119,0.288412017167382
4425,0.7225,5.21125,0.07498712446351932,0.3891273247496424
4426,0.875,5.1825,0.06354220314735337,0.32961373390557946
4427,0.7275,5.18,0.060612303290414886,0.3158798283261803
4428,0.7075,5.20875,0.07462088698140201,0.3891273247496424
4429,0.9,5.18,0.059605150214592284,0.30672389127324756
4430,0.7125,5.195,0.059330472103004295,0.30672389127324756
4431,0.8025,5.1875,0.06143633762517883,0.3181688125894135
4432,0.68,5.2075,0.07288125894134478,0.3776824034334764
4433,0.8825,5.21375,0.07352217453505008,0.38226037195994284
4434,0.6925,5.2025,0.06976824034334765,0.3639484978540773
4435,0.675,5.21375,0.07141630901287555,0.37081545064377686
4436,0.785,5.2125,0.06537339055793992,0.3410586552217454
4437,0.7325,5.19875,0.06107010014306152,0.35250357653791137
4438,0.6775,5.2125,0.07434620886981402,0.3868383404864092
4439,0.865,5.21,0.07205722460658083,0.37539341917024327
4440,0.8975,5.2075,0.07480400572246067,0.3891273247496424
4441,0.7175,5.20375,0.07498712446351932,0.3891273247496424
4442,0.78,5.1725,0.06500715307582261,0.33648068669527903
4443,0.8125,5.185,0.06775393419170243,0.35250357653791137
4444,0.735,5.20125,0.07333905579399143,0.38226037195994284
4445,0.775,5.18375,0.06454935622317597,0.3341917024320458
4446,0.67,5.18625,0.055851216022889845,0.288412017167382
4447,0.6725,5.2125,0.07169098712446352,0.37539341917024327
4448,0.72,5.20875,0.059971387696709594,0.3113018597997139
4449,0.73,5.2075,0.06079542203147354,0.3158798283261803
4450,0.6825,5.2025,0.06940200286123034,0.35937052932761093
4451,0.855,5.21125,0.07123319027181689,0.37081545064377686
4452,0.845,5.20375,0.07040915593705294,0.36852646638054365
4453,0.8175,5.19125,0.05566809728183119,0.288412017167382
4454,0.7125,5.20375,0.059330472103004295,0.30672389127324756
4455,0.7325,5.19875,0.06107010014306152,0.3181688125894135
4456,0.9075,5.18,0.05978826895565094,0.3113018597997139
4457,0.7875,5.2075,0.06564806866952791,0.3410586552217454
4458,0.8775,5.19875,0.07315593705293277,0.3776824034334764
4459,0.7175,5.2125,0.07205722460658083,0.37539341917024327
4460,0.8025,5.18875,0.06683834048640916,0.34563662374821175
4461,0.68,5.1825,0.0566752503576538,0.2929899856938484
4462,0.6675,5.20625,0.07169098712446352,0.37539341917024327
4463,0.67,5.21,0.07187410586552218,0.37539341917024327
4464,0.855,5.215,0.07123319027181689,0.37081545064377686
4465,0.8175,5.19,0.06335908440629472,0.32961373390557946
4466,0.7575,5.1925,0.06564806866952791,0.3410586552217454
4467,0.8175,5.1975,0.06812017167381974,0.35250357653791137
4468,0.865,5.1825,0.057499284692417746,0.2952789699570816
4469,0.8075,5.18625,0.060612303290414886,0.3158798283261803
4470,0.7075,5.17875,0.058964234620886985,0.30443490701001436
4471,0.8925,5.18,0.06143633762517883,0.3181688125894135
4472,0.8475,5.19,0.058964234620886985,0.30672389127324756
4473,0.9,5.20875,0.07498712446351932,0.3891273247496424
4474,0.875,5.18625,0.07288125894134478,0.30672389127324756
4475,0.82,5.19625,0.059971387696709594,0.3113018597997139
4476,0.81,5.21375,0.06747925608011446,0.35250357653791137
4477,0.855,5.20875,0.07123319027181689,0.37081545064377686
4478,0.89,5.17875,0.060246065808297576,0.3113018597997139
4479,0.8025,5.19875,0.06683834048640916,0.34792560801144495
4480,0.8425,5.205,0.07022603719599428,0.3639484978540773
4481,0.875,5.18125,0.056492131616595144,0.2929899856938484
4482,0.835,5.19125,0.069585121602289,0.35937052932761093
4483,0.905,5.21,0.07544492131616595,0.3937052932761088
4484,0.86,5.18125,0.0576824034334764,0.29985693848354794
4485,0.735,5.185,0.06125321888412018,0.3181688125894135
4486,0.875,5.21,0.07288125894134478,0.3776824034334764
4487,0.7875,5.2,0.061711015736766815,0.32274678111587984
4488,0.9,5.18125,0.07498712446351932,0.3891273247496424
4489,0.7175,5.18,0.05978826895565094,0.3113018597997139
4490,0.7525,5.19375,0.07205722460658083,0.37539341917024327
4491,1.3025,5.1825,0.10849785407725324,0.5630901287553648
4492,0.935,5.21,0.0779170243204578,0.40515021459227474
4493,0.8575,5.18375,0.056492131616595144,0.2929899856938484
4494,0.665,5.18375,0.05539341917024321,0.288412017167382
4495,0.725,5.18625,0.06042918454935623,0.3158798283261803
4496,0.7775,5.19875,0.056858369098712454,0.2952789699570816
4497,0.895,5.17125,0.07462088698140201,0.3868383404864092
4498,2.595,5.07875,0.21626323319027183,1.0987124463519313
4499,2.9975,5.05375,0.2485836909871245,1.2566523605150215
4500,2.965,5.05625,0.24748497854077256,1.2520743919885553
4501,2.9425,5.0575,0.24519599427753935,1.2406294706723893
4502,2.945,5.05875,0.24711874105865525,1.249785407725322
4503,2.9525,5.05875,0.24455507868383408,1.238340486409156
4504,2.94,5.0575,0.2450128755364807,1.238340486409156
4505,2.99,5.05625,0.2483090128755365,1.2566523605150215
4506,2.9725,5.055,0.24684406294706726,1.249785407725322
4507,3.1475,5.05125,0.26231759656652365,1.3230329041487843
4508,3.18,5.03375,0.2485836909871245,1.2520743919885553
4509,2.985,5.055,0.2479427753934192,1.2520743919885553
4510,2.9575,5.05375,0.24647782546494995,1.2452074391988557
4511,2.975,5.05625,0.2476680972818312,1.2520743919885553
4512,2.9825,5.055,0.2476680972818312,1.2520743919885553
4513,2.9875,5.055,0.2489499284692418,1.261230329041488
4514,2.9675,5.055,0.2473018597997139,1.249785407725322
4515,2.985,5.055,0.2473018597997139,1.249785407725322
4516,2.9725,5.055,0.2476680972818312,1.2520743919885553
4517,2.965,5.05625,0.24711874105865525,1.249785407725322
4518,3.075,5.05625,0.24711874105865525,1.249785407725322
4519,2.99,5.0575,0.24913304721030047,1.261230329041488
4520,2.9775,5.05375,0.24812589413447786,1.2520743919885553
4521,2.985,5.05625,0.24812589413447786,1.2566523605150215
4522,2.965,5.0575,0.24711874105865525,1.249785407725322
4523,3.015,5.0575,0.251238912732475,1.2703862660944207
4524,2.9775,5.0575,0.2479427753934192,1.2520743919885553
4525,4.3225,4.96125,0.36019456366237484,1.789985693848355
4526,2.9625,5.05375,0.24684406294706726,1.249785407725322
4527,2.97,5.05625,0.24666094420600862,1.249785407725322
4528,3.0375,5.0525,0.2531616595135909,1.2795422031473536
4529,3.0375,5.0525,0.2531616595135909,1.2795422031473536
4530,3.0225,5.05375,0.2528869814020029,1.2795422031473536
4531,3.02,5.0525,0.25169670958512164,1.2703862660944207
4532,3.0275,5.05125,0.2522460658082976,1.2749642346208871
4533,3.0475,5.05375,0.2531616595135909,1.2795422031473536
4534,3.045,5.05125,0.25371101573676685,1.2818311874105865
4535,3.025,5.05,0.2520629470672389,1.2703862660944207
4536,3.0375,5.0525,0.2533447782546495,1.2795422031473536
4537,3.0375,5.05125,0.2554506437768241,1.2909871244635194
4538,3.035,5.05375,0.2528869814020029,1.2795422031473536
4539,3.025,5.05375,0.2489499284692418,1.2566523605150215
4540,3.01,5.0525,0.2520629470672389,1.2749642346208871
4541,3.005,5.0525,0.25041487839771104,1.2635193133047211
4542,3.0325,5.05375,0.25398569384835484,1.2818311874105865
4543,3.0325,5.0525,0.25142203147353365,1.2703862660944207
4544,3.04,5.05125,0.2533447782546495,1.2795422031473536
4545,3.0325,5.05125,0.2531616595135909,1.2795422031473536
4546,3.0175,5.05375,0.2522460658082976,1.2749642346208871
4547,3.0225,5.05125,0.2518798283261803,1.2703862660944207
4548,3.045,5.0525,0.2531616595135909,1.2795422031473536
4549,3.0775,5.04875,0.2541688125894135,1.2818311874105865
4550,3.0675,5.0475,0.2556337625178827,1.2909871244635194
4551,3.03,5.05375,0.2525207439198856,1.2749642346208871
4552,3.055,5.0525,0.2554506437768241,1.2909871244635194
4553,3.035,5.05375,0.2528869814020029,1.2795422031473536
4554,3.0325,5.05125,0.25270386266094425,1.2749642346208871
4555,3.1075,5.05,0.25270386266094425,1.2749642346208871
4556,3.0325,5.0525,0.25270386266094425,1.2749642346208871
4557,3.0125,5.05125,0.2510557939914163,1.2680972818311875
4558,3.0275,5.0525,0.2528869814020029,1.2795422031473536
4559,3.0125,5.0525,0.2510557939914163,1.2680972818311875
4560,3.015,5.05375,0.251238912732475,1.2703862660944207
4561,3.075,5.055,0.25352789699570816,1.2818311874105865
4562,3.0175,5.05,0.25142203147353365,1.2703862660944207
4563,3.0575,5.05375,0.25480972818311876,1.286409155937053
4564,3.0325,5.0525,0.25270386266094425,1.2749642346208871
4565,3.05,5.04875,0.2541688125894135,1.2818311874105865
4566,3.0275,5.05,0.2522460658082976,1.2749642346208871
4567,3.015,5.0525,0.25270386266094425,1.2749642346208871
4568,3.0275,5.05375,0.2522460658082976,1.2749642346208871
4569,3.0225,5.05375,0.2518798283261803,1.2703862660944207
4570,3.0375,5.0525,0.25270386266094425,1.2749642346208871
4571,3.0325,5.0525,0.25270386266094425,1.2749642346208871
4572,2.9425,5.05625,0.24519599427753935,1.2406294706723893
4573,2.9175,5.05875,0.2443719599427754,1.238340486409156
4574,2.97,5.05625,0.24812589413447786,1.2566523605150215
4575,2.96,5.055,0.24666094420600862,1.2452074391988557
4576,2.9675,5.0575,0.24666094420600862,1.249785407725322
4577,2.9525,5.0575,0.2462947067238913,1.2452074391988557
4578,2.955,5.05625,0.2462947067238913,1.2452074391988557
4579,2.9625,5.05625,0.2450128755364807,1.238340486409156
4580,2.9425,5.0575,0.24537911301859802,1.2406294706723893
4581,2.97,5.05625,0.24748497854077256,1.2520743919885553
4582,2.9675,5.0575,0.24583690987124465,1.2452074391988557
4583,2.9475,5.0575,0.24684406294706726,1.249785407725322
4584,2.9575,5.05625,0.24647782546494995,1.2452074391988557
4585,2.9575,5.05625,0.24647782546494995,1.2452074391988557
4586,3.025,5.0525,0.2520629470672389,1.2749642346208871
4587,2.9425,5.055,0.24519599427753935,1.2406294706723893
4588,2.97,5.05875,0.24748497854077256,1.2520743919885553
4589,2.975,5.0575,0.24647782546494995,1.2452074391988557
4590,2.95,5.0575,0.24583690987124465,1.2452074391988557
4591,2.9725,5.05625,0.2476680972818312,1.2520743919885553
4592,2.9125,5.06,0.24208297567954223,1.2268955650929902
4593,2.94,5.0575,0.2450128755364807,1.238340486409156
4594,2.945,5.055,0.24537911301859802,1.2406294706723893
4595,2.96,5.05625,0.24583690987124465,1.2406294706723893
4596,2.955,5.05625,0.2462947067238913,1.2452074391988557
4597,2.94,5.05625,0.2450128755364807,1.238340486409156
4598,2.9625,5.05625,0.24482975679542204,1.238340486409156
4599,2.955,5.05625,0.2462947067238913,1.2452074391988557
4600,2.95,5.0575,0.24583690987124465,1.2452074391988557
4601,2.9375,5.0575,0.24537911301859802,1.2406294706723893
4602,2.9525,5.05625,0.24602002861230332,1.2452074391988557
4603,2.925,5.05875,0.24373104434907011,1.2337625178826896
4604,2.9925,5.05625,0.24666094420600862,1.249785407725322
4605,2.945,5.05875,0.24537911301859802,1.2406294706723893
4606,3.005,5.05625,0.25041487839771104,1.2680972818311875
4607,2.955,5.0575,0.2473018597997139,1.2520743919885553
4608,2.95,5.05875,0.24583690987124465,1.2452074391988557
4609,2.9375,5.05625,0.24482975679542204,1.238340486409156
4610,2.945,5.06,0.245653791130186,1.2406294706723893
4611,2.935,5.05875,0.2462947067238913,1.2452074391988557
4612,2.94,5.0575,0.2450128755364807,1.238340486409156
4613,2.9225,5.055,0.24391416309012878,1.2337625178826896
4614,2.965,5.055,0.24602002861230332,1.2452074391988557
4615,2.955,5.0575,0.2462947067238913,1.2452074391988557
4616,2.965,5.0575,0.24711874105865525,1.249785407725322
4617,2.97,5.05875,0.24482975679542204,1.238340486409156
4618,2.9475,5.05625,0.245653791130186,1.2406294706723893
4619,2.9475,5.05625,0.24666094420600862,1.249785407725322
4620,2.95,5.0575,0.2462947067238913,1.2452074391988557
4621,2.9725,5.0575,0.2476680972818312,1.2520743919885553
4622,2.95,5.05875,0.24666094420600862,1.249785407725322
4623,2.93,5.05875,0.24373104434907011,1.2337625178826896
4624,2.9625,5.055,0.24684406294706726,1.249785407725322
4625,2.945,5.05875,0.24537911301859802,1.2406294706723893
4626,2.925,5.05875,0.2443719599427754,1.238340486409156
4627,2.9475,5.0575,0.245653791130186,1.2406294706723893
4628,3.045,5.0575,0.25371101573676685,1.2818311874105865
4629,2.9575,5.0575,0.24537911301859802,1.2406294706723893
4630,2.95,5.0575,0.24583690987124465,1.2452074391988557
4631,2.9725,5.05375,0.2476680972818312,1.2520743919885553
4632,2.9725,5.055,0.24812589413447786,1.2520743919885553
4633,2.97,5.05875,0.24748497854077256,1.2520743919885553
4634,2.975,5.05625,0.2479427753934192,1.2520743919885553
4635,2.9725,5.055,0.2479427753934192,1.2520743919885553
4636,2.9725,5.055,0.2476680972818312,1.2520743919885553
4637,2.985,5.05625,0.24876680972818313,1.2566523605150215
4638,3.0075,5.055,0.2502317596566524,1.2635193133047211
4639,2.915,5.05875,0.24290701001430617,1.2291845493562235
4640,2.9575,5.05625,0.24647782546494995,1.2452074391988557
4641,2.9975,5.05625,0.24684406294706726,1.249785407725322
4642,2.7625,5.06375,0.23018025751072962,1.167381974248927
4643,2.98,5.05625,0.2483090128755365,1.2566523605150215
4644,2.975,5.0575,0.24812589413447786,1.2566523605150215
4645,3.0425,5.05,0.25352789699570816,1.2795422031473536
4646,2.9875,5.05375,0.2489499284692418,1.2566523605150215
4647,2.9875,5.05625,0.24876680972818313,1.2566523605150215
4648,2.9925,5.055,0.2489499284692418,1.261230329041488
4649,2.9825,5.05625,0.2485836909871245,1.2566523605150215
4650,2.9925,5.05625,0.24876680972818313,1.2566523605150215
4651,2.96,5.0575,0.24602002861230332,1.2452074391988557
4652,2.9675,5.05375,0.2473018597997139,1.249785407725322
4653,2.9625,5.0575,0.24711874105865525,1.249785407725322
4654,3.05,5.05125,0.25398569384835484,1.2818311874105865
4655,3.0225,5.05125,0.2518798283261803,1.2703862660944207
4656,2.95,5.0575,0.2489499284692418,1.261230329041488
4657,2.9925,5.055,0.2479427753934192,1.2520743919885553
4658,1.4525,5.175,0.12104148783977112,0.6271816881258943
4659,1.19,5.1775,0.11545636623748214,0.5974248927038627
4660,1.26,5.16875,0.10794849785407726,0.5585121602288985
4661,1.3925,5.15125,0.1160057224606581,0.5974248927038627
4662,1.375,5.15,0.11454077253218885,0.5928469241773964
4663,1.1675,5.1725,0.13083834048640916,0.6752503576537912
4664,1.1375,5.16875,0.09476394849785409,0.492131616595136
4665,1.325,5.17625,0.1104206008583691,0.5699570815450644
4666,1.2025,5.1725,0.11399141630901288,0.58826895565093
4667,1.215,5.17125,0.10126466380543635,0.5241773962804006
4668,1.655,5.12875,0.1378884120171674,0.709585121602289
4669,2.16,5.10625,0.17561087267525038,0.8972818311874107
4670,2.21,5.10125,0.18412589413447786,0.9384835479256081
4671,1.275,5.165,0.10620886981402004,0.5470672389127326
4672,1.2725,5.165,0.10648354792560802,0.5516452074391989
4673,1.335,5.155,0.11124463519313306,0.5745350500715308
4674,1.2625,5.16625,0.10520171673819743,0.5447782546494994
4675,0.7025,5.205,0.07397997138769671,0.3868383404864092
4676,0.775,5.19,0.06454935622317597,0.3341917024320458
4677,0.755,5.18875,0.06290128755364807,0.32732474964234626
4678,0.88,5.18375,0.05704148783977111,0.2952789699570816
4679,0.7025,5.19875,0.05850643776824035,0.30443490701001436
4680,0.72,5.1975,0.059971387696709594,0.3113018597997139
4681,0.8425,5.195,0.06372532188841203,0.32961373390557946
4682,0.825,5.21,0.06876108726752504,0.35937052932761093
4683,0.9525,5.20125,0.07938197424892705,0.4120171673819743
4684,0.715,5.21,0.07352217453505008,0.38226037195994284
4685,0.7225,5.2025,0.07480400572246067,0.3891273247496424
4686,0.705,5.18125,0.05878111587982833,0.30443490701001436
4687,0.745,5.2075,0.06418311874105866,0.3341917024320458
4688,0.7125,5.2125,0.069585121602289,0.3639484978540773
4689,0.86,5.2125,0.07169098712446352,0.37539341917024327
4690,0.82,5.185,0.06107010014306152,0.3158798283261803
4691,0.8425,5.18625,0.06143633762517883,0.3181688125894135
4692,0.73,5.18375,0.06079542203147354,0.3158798283261803
4693,0.845,5.18625,0.05603433476394851,0.288412017167382
4694,0.8675,5.18,0.0566752503576538,0.2929899856938484
4695,0.8075,5.19875,0.0672961373390558,0.34792560801144495
4696,0.7375,5.20875,0.06976824034334765,0.3639484978540773
4697,0.7075,5.205,0.07517024320457798,0.3891273247496424
4698,0.795,5.1875,0.0662889842632332,0.34563662374821175
4699,0.8725,5.1825,0.07269814020028613,0.3776824034334764
4700,0.9075,5.17875,0.06308440629470673,0.32732474964234626
4701,0.7125,5.205,0.059330472103004295,0.30672389127324756
4702,0.6725,5.1925,0.05603433476394851,0.2929899856938484
4703,0.7075,5.2,0.06747925608011446,0.35250357653791137
4704,0.74,5.2075,0.061711015736766815,0.32274678111587984
4705,0.6675,5.1875,0.05566809728183119,0.288412017167382
4706,0.725,5.2075,0.06189413447782547,0.32274678111587984
4707,0.74,5.20875,0.061711015736766815,0.32274678111587984
4708,0.735,5.2075,0.06125321888412018,0.3181688125894135
4709,0.78,5.19,0.0662889842632332,0.34563662374821175
4710,0.8575,5.20375,0.07141630901287555,0.37081545064377686
4711,0.7175,5.17875,0.05978826895565094,0.3113018597997139
4712,0.705,5.21,0.07581115879828328,0.3937052932761088
4713,0.825,5.18625,0.06876108726752504,0.3570815450643777
4714,0.715,5.19,0.059605150214592284,0.30672389127324756
4715,0.8075,5.19125,0.06857796852646639,0.3570815450643777
4716,0.69,5.1825,0.057499284692417746,0.2952789699570816
4717,0.8125,5.19875,0.06775393419170243,0.35250357653791137
4718,0.8725,5.18125,0.05731616595135909,0.2952789699570816
4719,0.7925,5.1775,0.06601430615164522,0.3410586552217454
4720,0.875,5.21125,0.07288125894134478,0.3776824034334764
4721,0.67,5.21,0.07269814020028613,0.3776824034334764
4722,0.7625,5.20125,0.05850643776824035,0.30443490701001436
4723,0.7125,5.18375,0.059330472103004295,0.30672389127324756
4724,0.7025,5.21,0.06564806866952791,0.3410586552217454
4725,0.78,5.1975,0.05704148783977111,0.2952789699570816
4726,0.8075,5.19,0.0672961373390558,0.34792560801144495
4727,0.715,5.21125,0.07416309012875537,0.3868383404864092
4728,0.9,5.18125,0.06290128755364807,0.32732474964234626
4729,0.7425,5.17875,0.06189413447782547,0.3181688125894135
4730,0.71,5.21,0.07562804005722461,0.3937052932761088
4731,0.73,5.19625,0.06601430615164522,0.3410586552217454
4732,0.86,5.20875,0.07169098712446352,0.37539341917024327
4733,0.8775,5.1825,0.05731616595135909,0.2952789699570816
4734,0.855,5.18125,0.057499284692417746,0.2952789699570816
4735,0.86,5.19625,0.07169098712446352,0.37081545064377686
4736,0.77,5.19625,0.06418311874105866,0.29985693848354794
4737,0.8125,5.19375,0.05603433476394851,0.2929899856938484
4738,0.73,5.1875,0.06079542203147354,0.3158798283261803
4739,0.685,5.18125,0.05704148783977111,0.2952789699570816
4740,0.725,5.20625,0.061711015736766815,0.32274678111587984
4741,0.875,5.2,0.07288125894134478,0.3776824034334764
4742,0.7325,5.18,0.06107010014306152,0.3158798283261803
4743,0.885,5.1825,0.06354220314735337,0.32961373390557946
4744,0.7025,5.18875,0.05850643776824035,0.30443490701001436
4745,0.885,5.21125,0.07370529327610874,0.38226037195994284
4746,0.8425,5.18375,0.057499284692417746,0.2952789699570816
4747,0.685,5.17875,0.05704148783977111,0.2952789699570816
4748,0.81,5.2,0.06747925608011446,0.35250357653791137
4749,0.895,5.18125,0.0566752503576538,0.2929899856938484
4750,0.6775,5.19625,0.056492131616595144,0.2929899856938484
4751,0.6675,5.19,0.05566809728183119,0.288412017167382
4752,0.7025,5.21125,0.064,0.3341917024320458
4753,0.7,5.1725,0.05832331902718169,0.29985693848354794
4754,0.715,5.18625,0.059605150214592284,0.30672389127324756
4755,1.4,5.15,0.10108154506437769,0.5218884120171675
4756,0.7325,5.17875,0.06107010014306152,0.3158798283261803
4757,0.7075,5.18375,0.058964234620886985,0.30672389127324756
4758,0.8275,5.19,0.06747925608011446,0.34792560801144495
4759,0.875,5.185,0.05878111587982833,0.30443490701001436
4760,0.9075,5.20375,0.07562804005722461,0.3937052932761088
4761,0.735,5.2075,0.060612303290414886,0.3158798283261803
4762,0.8,5.19375,0.056492131616595144,0.2929899856938484
4763,0.7275,5.19375,0.060612303290414886,0.3158798283261803
4764,0.6825,5.2075,0.07269814020028613,0.3776824034334764
4765,0.745,5.205,0.05978826895565094,0.3113018597997139
4766,0.665,5.18875,0.05539341917024321,0.288412017167382
4767,0.7725,5.2,0.0576824034334764,0.29985693848354794
4768,0.82,5.19125,0.05566809728183119,0.288412017167382
4769,0.6775,5.18125,0.056492131616595144,0.2929899856938484
4770,0.8425,5.185,0.055851216022889845,0.288412017167382
4771,0.725,5.20375,0.07837482117310444,0.4097281831187411
4772,0.8375,5.19375,0.06976824034334765,0.3639484978540773
4773,0.75,5.2075,0.06253505007153076,0.34792560801144495
4774,0.7325,5.21125,0.07004291845493563,0.3639484978540773
4775,0.8875,5.20375,0.07397997138769671,0.3868383404864092
4776,0.845,5.20375,0.07040915593705294,0.36852646638054365
4777,0.845,5.185,0.05539341917024321,0.288412017167382
4778,0.715,5.185,0.059605150214592284,0.30672389127324756
4779,0.815,5.2,0.06793705293276109,0.35250357653791137
4780,0.86,5.18125,0.0566752503576538,0.2929899856938484
4781,0.6725,5.18375,0.05603433476394851,0.288412017167382
4782,0.7025,5.1825,0.05850643776824035,0.30443490701001436
4783,0.7275,5.2075,0.06042918454935623,0.3158798283261803
4784,0.67,5.185,0.055851216022889845,0.288412017167382
4785,0.715,5.185,0.059605150214592284,0.30672389127324756
4786,0.8225,5.18875,0.06711301859799715,0.34792560801144495
4787,0.7175,5.18,0.05978826895565094,0.3113018597997139
4788,0.755,5.2025,0.06290128755364807,0.32732474964234626
4789,0.92,5.17875,0.06042918454935623,0.3113018597997139
4790,0.705,5.1875,0.05878111587982833,0.30443490701001436
4791,1.2875,5.18375,0.10730758226037197,0.5539341917024321
4792,0.8275,5.19,0.05704148783977111,0.2952789699570816
4793,0.7075,5.18625,0.058964234620886985,0.30672389127324756
4794,0.67,5.185,0.055851216022889845,0.288412017167382
4795,0.71,5.21125,0.06271816881258942,0.32732474964234626
4796,0.7375,5.2075,0.06143633762517883,0.3181688125894135
4797,0.7525,5.21,0.06271816881258942,0.32732474964234626
4798,0.6725,5.215,0.07187410586552218,0.37539341917024327
4799,0.745,5.205,0.059971387696709594,0.3113018597997139
4800,0.705,5.19,0.05878111587982833,0.30443490701001436
4801,0.82,5.18875,0.0672961373390558,0.34792560801144495
4802,0.805,5.2025,0.0662889842632332,0.34563662374821175
4803,0.935,5.19625,0.0779170243204578,0.40515021459227474
4804,0.7075,5.21125,0.0762689556509299,0.3982832618025752
4805,0.7175,5.20375,0.07562804005722461,0.3937052932761088
4806,0.9,5.20375,0.07498712446351932,0.3891273247496424
4807,0.87,5.1825,0.05621745350500716,0.2929899856938484
4808,0.705,5.2,0.06857796852646639,0.3570815450643777
4809,0.87,5.21,0.07251502145922747,0.3776824034334764
4810,0.84,5.185,0.06940200286123034,0.35937052932761093
4811,0.695,5.21125,0.07205722460658083,0.37539341917024327
4812,0.7525,5.21,0.06271816881258942,0.32732474964234626
4813,0.7925,5.2125,0.06601430615164522,0.34563662374821175
4814,0.6825,5.20625,0.07105007153075824,0.37081545064377686
4815,0.8475,5.215,0.07059227467811159,0.36852646638054365
4816,0.8025,5.18875,0.06683834048640916,0.34563662374821175
4817,0.7575,5.20125,0.07315593705293277,0.3776824034334764
4818,0.7075,5.185,0.058964234620886985,0.30672389127324756
4819,0.8225,5.21,0.06857796852646639,0.3570815450643777
4820,1.01,5.1875,0.05850643776824035,0.30443490701001436
4821,0.7225,5.18625,0.060246065808297576,0.3113018597997139
4822,0.71,5.185,0.05914735336194564,0.30672389127324756
4823,0.825,5.18875,0.05566809728183119,0.288412017167382
4824,0.675,5.1825,0.05621745350500716,0.2929899856938484
4825,0.7325,5.18625,0.06107010014306152,0.3158798283261803
4826,0.8375,5.18875,0.05539341917024321,0.288412017167382
4827,0.6925,5.18125,0.0576824034334764,0.29985693848354794
4828,0.8225,5.20125,0.06857796852646639,0.3570815450643777
4829,0.8625,5.18,0.056858369098712454,0.2952789699570816
4830,0.8125,5.1875,0.06775393419170243,0.35250357653791137
4831,0.7775,5.185,0.06482403433476396,0.33648068669527903
4832,0.75,5.20625,0.0662889842632332,0.34563662374821175
4833,0.9675,5.20875,0.08066380543633764,0.421173104434907
4834,0.8775,5.2,0.07315593705293277,0.3776824034334764
4835,0.8125,5.195,0.06189413447782547,0.32274678111587984
4836,0.685,5.21375,0.06876108726752504,0.35937052932761093
4837,0.77,5.21125,0.06418311874105866,0.3341917024320458
4838,0.6775,5.215,0.07022603719599428,0.36852646638054365
4839,0.7675,5.20125,0.05795708154506438,0.29985693848354794
4840,0.68,5.18,0.0566752503576538,0.2929899856938484
4841,0.77,5.2,0.0576824034334764,0.29985693848354794
4842,0.815,5.19,0.055851216022889845,0.288412017167382
4843,0.93,5.21125,0.07745922746781117,0.40515021459227474
4844,0.78,5.18875,0.06564806866952791,0.3410586552217454
4845,0.6775,5.215,0.06976824034334765,0.3639484978540773
4846,0.9075,5.2075,0.07562804005722461,0.3937052932761088
4847,0.7725,5.20375,0.06354220314735337,0.32961373390557946
4848,0.7225,5.21,0.07141630901287555,0.37081545064377686
4849,0.775,5.185,0.06454935622317597,0.3341917024320458
4850,0.775,5.2025,0.06454935622317597,0.33648068669527903
4851,0.8625,5.18375,0.05704148783977111,0.2952789699570816
4852,0.7075,5.18375,0.058964234620886985,0.30672389127324756
4853,0.7125,5.18375,0.059330472103004295,0.30672389127324756
4854,0.8025,5.195,0.05878111587982833,0.30443490701001436
4855,0.6975,5.18375,0.05814020028612304,0.29985693848354794
4856,0.835,5.20125,0.069585121602289,0.3639484978540773
4857,0.865,5.18125,0.05704148783977111,0.2952789699570816
4858,0.7275,5.18625,0.060612303290414886,0.3158798283261803
4859,0.8675,5.205,0.07233190271816882,0.37539341917024327
4860,0.81,5.19,0.06290128755364807,0.32732474964234626
4861,0.86,5.20875,0.07169098712446352,0.37539341917024327
4862,0.9175,5.2025,0.07645207439198856,0.3982832618025752
4863,0.7575,5.20625,0.0672961373390558,0.34792560801144495
4864,0.945,5.21,0.07874105865522175,0.4097281831187411
4865,0.82,5.19125,0.0683032904148784,0.3570815450643777
4866,0.7075,5.21125,0.06418311874105866,0.3341917024320458
4867,0.745,5.1975,0.062077253218884125,0.32274678111587984
4868,0.68,5.19625,0.0566752503576538,0.2952789699570816
4869,0.67,5.2125,0.07205722460658083,0.37539341917024327
4870,0.8125,5.21375,0.06775393419170243,0.35250357653791137
4871,0.6675,5.18875,0.05566809728183119,0.288412017167382
4872,0.695,5.2125,0.06647210300429185,0.34563662374821175
4873,0.8225,5.1925,0.0566752503576538,0.2929899856938484
4874,0.7175,5.2,0.05978826895565094,0.3113018597997139
4875,0.6825,5.2075,0.07205722460658083,0.37539341917024327
4876,0.8425,5.1875,0.06583118741058656,0.3410586552217454
4877,0.72,5.18,0.059971387696709594,0.3113018597997139
4878,0.73,5.2025,0.07416309012875537,0.3868383404864092
4879,0.735,5.19875,0.07251502145922747,0.3776824034334764
4880,0.835,5.19375,0.069585121602289,0.35937052932761093
4881,0.72,5.2075,0.06079542203147354,0.3158798283261803
4882,0.8325,5.19,0.05539341917024321,0.288412017167382
4883,0.7625,5.1825,0.06354220314735337,0.32961373390557946
4884,0.8125,5.195,0.058964234620886985,0.30672389127324756
4885,0.7975,5.19375,0.05621745350500716,0.2929899856938484
4886,0.6775,5.1825,0.056492131616595144,0.2929899856938484
4887,0.67,5.19125,0.055851216022889845,0.288412017167382
4888,0.715,5.20875,0.06271816881258942,0.32732474964234626
4889,0.73,5.18875,0.06079542203147354,0.3158798283261803
4890,0.7425,5.19,0.06189413447782547,0.32274678111587984
4891,0.8825,5.185,0.05878111587982833,0.30443490701001436
4892,0.7625,5.2025,0.06354220314735337,0.32961373390557946
4893,0.91,5.20125,0.07581115879828328,0.3937052932761088
4894,0.9,5.18,0.05878111587982833,0.30443490701001436
4895,0.7025,5.1875,0.05850643776824035,0.30443490701001436
4896,0.7425,5.21125,0.06189413447782547,0.32274678111587984
4897,0.7725,5.1925,0.064,0.3341917024320458
4898,0.825,5.2,0.06876108726752504,0.3570815450643777
4899,0.8925,5.215,0.07434620886981402,0.3868383404864092
4900,0.745,5.19625,0.06564806866952791,0.3410586552217454
4901,0.825,5.19,0.06876108726752504,0.3570815450643777
4902,0.8525,5.215,0.07105007153075824,0.37081545064377686
4903,0.84,5.185,0.05914735336194564,0.30672389127324756
4904,0.8025,5.185,0.06683834048640916,0.34563662374821175
4905,0.8425,5.2025,0.07022603719599428,0.3639484978540773
4906,0.715,5.21,0.07251502145922747,0.3776824034334764
4907,0.825,5.1925,0.06876108726752504,0.3570815450643777
4908,0.7425,5.18125,0.06189413447782547,0.32274678111587984
4909,0.71,5.20625,0.07581115879828328,0.3937052932761088
4910,0.7875,5.19375,0.06940200286123034,0.35937052932761093
4911,1.115,5.17375,0.09293276108726753,0.48068669527897
4912,0.705,5.2125,0.06372532188841203,0.3341917024320458
4913,0.7825,5.195,0.057499284692417746,0.29985693848354794
4914,0.6675,5.1875,0.05566809728183119,0.288412017167382
4915,0.7275,5.20625,0.06079542203147354,0.3158798283261803
4916,0.8675,5.1825,0.0566752503576538,0.2929899856938484
4917,0.8075,5.19875,0.0672961373390558,0.34792560801144495
4918,0.83,5.185,0.05978826895565094,0.3113018597997139
4919,0.8,5.19,0.06683834048640916,0.34563662374821175
4920,0.865,5.21,0.07205722460658083,0.37539341917024327
4921,0.82,5.20375,0.07919885550786838,0.4120171673819743
4922,0.75,5.1975,0.07233190271816882,0.37539341917024327
4923,0.8325,5.185,0.06940200286123034,0.35937052932761093
4924,0.725,5.17875,0.06042918454935623,0.3113018597997139
4925,0.755,5.19625,0.07251502145922747,0.37539341917024327
4926,0.7025,5.18375,0.05850643776824035,0.30443490701001436
4927,0.7375,5.19,0.06143633762517883,0.3181688125894135
4928,0.8,5.195,0.05621745350500716,0.2929899856938484
4929,0.73,5.20625,0.06079542203147354,0.3158798283261803
4930,0.695,5.1825,0.05795708154506438,0.29985693848354794
4931,0.7825,5.1975,0.05621745350500716,0.2929899856938484
4932,0.7575,5.21,0.06308440629470673,0.32961373390557946
4933,0.7,5.1975,0.05832331902718169,0.30443490701001436
4934,0.67,5.2125,0.07105007153075824,0.37081545064377686
4935,0.7925,5.21375,0.06601430615164522,0.34563662374821175
4936,0.895,5.2025,0.07462088698140201,0.3891273247496424
4937,0.825,5.19375,0.059971387696709594,0.3113018597997139
4938,0.9575,5.2125,0.07974821173104436,0.41659513590844066
4939,0.8675,5.1975,0.07233190271816882,0.37539341917024327
4940,0.745,5.2075,0.06812017167381974,0.3570815450643777
4941,0.75,5.195,0.06253505007153076,0.32732474964234626
4942,0.6675,5.19125,0.05566809728183119,0.288412017167382
4943,1.0875,5.1425,0.09558798283261803,0.492131616595136
4944,0.76,5.1925,0.06335908440629472,0.32961373390557946
4945,0.8675,5.21,0.07233190271816882,0.37539341917024327
4946,0.83,5.185,0.061711015736766815,0.3181688125894135
4947,0.7175,5.2,0.06876108726752504,0.3570815450643777
4948,0.8175,5.2,0.06812017167381974,0.35250357653791137
4949,0.875,5.18125,0.05603433476394851,0.288412017167382
4950,0.69,5.20125,0.06912732474964235,0.35937052932761093
4951,0.7875,5.205,0.06564806866952791,0.3410586552217454
4952,0.865,5.1875,0.058964234620886985,0.30672389127324756
4953,0.765,5.2025,0.0666552217453505,0.34563662374821175
4954,0.9025,5.21125,0.07517024320457798,0.3891273247496424
4955,0.8075,5.1975,0.06042918454935623,0.3158798283261803
4956,0.8075,5.19375,0.055851216022889845,0.288412017167382
4957,0.705,5.18375,0.05878111587982833,0.30443490701001436
4958,0.82,5.19,0.05521030042918455,0.2861230329041488
4959,0.8575,5.1825,0.05850643776824035,0.30443490701001436
4960,0.8325,5.2025,0.06940200286123034,0.35937052932761093
4961,0.86,5.1825,0.07169098712446352,0.37539341917024327
4962,0.87,5.1825,0.05621745350500716,0.2929899856938484
4963,0.815,5.1825,0.06793705293276109,0.35250357653791137
4964,0.8425,5.20375,0.07022603719599428,0.3639484978540773
4965,0.8275,5.18625,0.059330472103004295,0.30672389127324756
4966,0.7525,5.2,0.06271816881258942,0.32732474964234626
4967,0.8875,5.21125,0.07397997138769671,0.3868383404864092
4968,0.8775,5.18625,0.05878111587982833,0.30443490701001436
4969,0.7825,5.2075,0.06519027181688127,0.3410586552217454
4970,0.89,5.21,0.07416309012875537,0.3868383404864092
4971,0.845,5.18375,0.05878111587982833,0.30443490701001436
4972,0.6725,5.1825,0.05603433476394851,0.288412017167382
4973,0.6775,5.18375,0.056492131616595144,0.2929899856938484
4974,0.7,5.21125,0.0662889842632332,0.34563662374821175
4975,0.675,5.1925,0.05621745350500716,0.2929899856938484
4976,0.675,5.19,0.05621745350500716,0.2929899856938484
4977,0.7175,5.205,0.07123319027181689,0.37081545064377686
4978,0.7125,5.2,0.059330472103004295,0.30672389127324756
4979,0.6875,5.18125,0.05731616595135909,0.2952789699570816
4980,0.7175,5.21125,0.062077253218884125,0.32274678111587984
4981,0.9225,5.21,0.0769098712446352,0.4005722460658083
4982,0.7025,5.18375,0.05850643776824035,0.30443490701001436
4983,0.8725,5.185,0.06418311874105866,0.3341917024320458
4984,0.8975,5.18125,0.058964234620886985,0.30443490701001436
4985,0.8825,5.21125,0.07352217453505008,0.38226037195994284
4986,0.85,5.185,0.05566809728183119,0.288412017167382
4987,0.855,5.185,0.05603433476394851,0.288412017167382
4988,0.75,5.19,0.06253505007153076,0.32732474964234626
4989,0.7775,5.1975,0.055851216022889845,0.288412017167382
4990,0.855,5.185,0.05603433476394851,0.288412017167382
4991,0.68,5.18125,0.0566752503576538,0.2929899856938484
4992,0.7275,5.20375,0.0662889842632332,0.34563662374821175
4993,1.31,5.14875,0.11875250357653792,0.6111587982832619
4994,0.855,5.1975,0.07123319027181689,0.37081545064377686
4995,0.8375,5.1875,0.05539341917024321,0.288412017167382
4996,0.8275,5.19375,0.05914735336194564,0.30672389127324756
4997,0.89,5.2125,0.07416309012875537,0.3868383404864092
4998,0.865,5.1875,0.07205722460658083,0.30443490701001436
4999,0.75,5.2075,0.06683834048640916,0.34792560801144495
5000,0.8875,5.21125,0.07397997138769671,0.3868383404864092
5001,0.8625,5.20875,0.07187410586552218,0.37539341917024327
5002,0.9,5.17,0.06335908440629472,0.32732474964234626
5003,0.91,5.19875,0.07581115879828328,0.3937052932761088
5004,0.86,5.20625,0.07169098712446352,0.37539341917024327
5005,0.86,5.1825,0.056492131616595144,0.2929899856938484
5006,0.8875,5.19875,0.07397997138769671,0.3868383404864092
5007,0.7975,5.1975,0.06647210300429185,0.34563662374821175
5008,0.7775,5.2,0.05731616595135909,0.2952789699570816
5009,0.84,5.1925,0.07004291845493563,0.3639484978540773
5010,0.865,5.20875,0.07205722460658083,0.37539341917024327
5011,0.7225,5.21,0.07040915593705294,0.36852646638054365
5012,0.86,5.205,0.07169098712446352,0.37081545064377686
5013,0.7125,5.18,0.059330472103004295,0.30672389127324756
5014,0.7725,5.195,0.07086695278969958,0.36852646638054365
5015,0.715,5.18125,0.059605150214592284,0.30672389127324756
5016,0.7025,5.20375,0.05850643776824035,0.30443490701001436
5017,0.705,5.2,0.07059227467811159,0.36852646638054365
5018,0.8475,5.20875,0.07059227467811159,0.36852646638054365
5019,0.86,5.21375,0.07169098712446352,0.37539341917024327
5020,0.83,5.18625,0.05978826895565094,0.3113018597997139
5021,0.7475,5.195,0.07141630901287555,0.37081545064377686
5022,0.835,5.20375,0.069585121602289,0.3639484978540773
5023,0.82,5.19125,0.05521030042918455,0.2861230329041488
5024,0.82,5.19125,0.05603433476394851,0.2929899856938484
5025,0.8575,5.215,0.07141630901287555,0.37081545064377686
5026,0.7875,5.20125,0.06271816881258942,0.32732474964234626
5027,0.7375,5.21,0.0683032904148784,0.3570815450643777
5028,0.9,5.20625,0.07498712446351932,0.3891273247496424
5029,0.76,5.20625,0.06500715307582261,0.33648068669527903
5030,0.705,5.21,0.07416309012875537,0.3868383404864092
5031,0.7525,5.185,0.06271816881258942,0.32732474964234626
5032,0.8,5.19625,0.055851216022889845,0.288412017167382
5033,0.79,5.195,0.05832331902718169,0.30443490701001436
5034,0.695,5.2,0.05795708154506438,0.29985693848354794
5035,0.71,5.19875,0.05914735336194564,0.30672389127324756
5036,0.7225,5.2075,0.060612303290414886,0.3158798283261803
5037,0.735,5.17875,0.06125321888412018,0.3181688125894135
5038,0.725,5.18625,0.06042918454935623,0.3158798283261803
5039,0.7675,5.19875,0.05814020028612304,0.30443490701001436
5040,0.6775,5.1825,0.056492131616595144,0.2929899856938484
5041,0.915,5.21,0.0762689556509299,0.3982832618025752
5042,0.895,5.1825,0.058964234620886985,0.30443490701001436
5043,0.9425,5.2,0.0785579399141631,0.4097281831187411
5044,0.7175,5.19375,0.05978826895565094,0.3113018597997139
5045,0.7925,5.19,0.07141630901287555,0.37081545064377686
5046,1.1175,5.16125,0.09311587982832618,0.48068669527897
5047,0.71,5.205,0.05914735336194564,0.30672389127324756
5048,0.74,5.1975,0.06647210300429185,0.34563662374821175
5049,0.825,5.215,0.06876108726752504,0.35937052932761093
5050,0.6875,5.2,0.05731616595135909,0.2952789699570816
5051,0.7425,5.19125,0.069585121602289,0.35937052932761093
5052,0.8625,5.20875,0.07187410586552218,0.37539341917024327
5053,0.825,5.215,0.06876108726752504,0.35937052932761093
5054,0.7725,5.19375,0.064,0.3341917024320458
5055,0.88,5.21125,0.07333905579399143,0.38226037195994284
5056,0.895,5.20375,0.07462088698140201,0.3891273247496424
5057,0.715,5.21125,0.06976824034334765,0.3639484978540773
5058,0.905,5.18,0.060612303290414886,0.3158798283261803
5059,0.775,5.20375,0.06454935622317597,0.33648068669527903
5060,0.8775,5.18125,0.06290128755364807,0.32732474964234626
5061,0.8375,5.1875,0.05566809728183119,0.288412017167382
5062,0.6775,5.1825,0.056492131616595144,0.2929899856938484
5063,0.7275,5.19875,0.06775393419170243,0.35250357653791137
5064,0.6775,5.21375,0.06912732474964235,0.35937052932761093
5065,0.7425,5.19625,0.06189413447782547,0.32274678111587984
5066,0.6725,5.21375,0.07123319027181689,0.37081545064377686
5067,0.8525,5.1825,0.055851216022889845,0.288412017167382
5068,0.7625,5.19,0.06354220314735337,0.32961373390557946
5069,0.73,5.2075,0.06079542203147354,0.3158798283261803
5070,0.86,5.18125,0.05731616595135909,0.2952789699570816
5071,0.815,5.20875,0.06793705293276109,0.35250357653791137
5072,0.895,5.18,0.07462088698140201,0.3891273247496424
5073,0.855,5.1875,0.06372532188841203,0.32961373390557946
5074,0.7575,5.2025,0.06308440629470673,0.32961373390557946
5075,0.935,5.21,0.0779170243204578,0.40515021459227474
5076,1.0025,5.17375,0.06564806866952791,0.3410586552217454
5077,0.7425,5.18875,0.06189413447782547,0.32274678111587984
5078,0.685,5.1825,0.05704148783977111,0.2952789699570816
5079,0.715,5.21,0.059971387696709594,0.3113018597997139
5080,0.6725,5.18375,0.05603433476394851,0.288412017167382
5081,0.6975,5.19625,0.05814020028612304,0.30443490701001436
5082,0.6675,5.21125,0.07187410586552218,0.37539341917024327
5083,0.9675,5.205,0.08066380543633764,0.421173104434907
5084,0.8575,5.215,0.07141630901287555,0.37081545064377686
5085,0.6975,5.2025,0.07352217453505008,0.38226037195994284
5086,0.71,5.18,0.05914735336194564,0.30672389127324756
5087,0.7325,5.1925,0.06107010014306152,0.3181688125894135
5088,0.85,5.18625,0.06454935622317597,0.3341917024320458
5089,0.7275,5.17875,0.060612303290414886,0.3158798283261803
5090,0.7625,5.20375,0.06354220314735337,0.32961373390557946
5091,0.9525,5.17875,0.06354220314735337,0.32961373390557946
5092,0.715,5.185,0.059605150214592284,0.30672389127324756
5093,0.785,5.1775,0.06537339055793992,0.33648068669527903
5094,0.6725,5.21375,0.07233190271816882,0.3776824034334764
5095,0.695,5.21125,0.07169098712446352,0.37539341917024327
5096,0.735,5.21,0.06125321888412018,0.3181688125894135
5097,0.7625,5.1925,0.064,0.3341917024320458
5098,0.735,5.1975,0.06857796852646639,0.3570815450643777
5099,0.9025,5.21,0.07517024320457798,0.3891273247496424
5100,0.8425,5.185,0.059605150214592284,0.30672389127324756
5101,0.745,5.20875,0.06647210300429185,0.34563662374821175
5102,0.875,5.21125,0.07288125894134478,0.3776824034334764
5103,0.88,5.18125,0.05914735336194564,0.30672389127324756
5104,0.705,5.20625,0.07480400572246067,0.3891273247496424
5105,0.8775,5.1975,0.07315593705293277,0.3776824034334764
5106,0.6975,5.20125,0.07040915593705294,0.36852646638054365
5107,0.72,5.21,0.05832331902718169,0.30443490701001436
5108,0.6675,5.1925,0.05566809728183119,0.288412017167382
5109,0.68,5.215,0.0566752503576538,0.35937052932761093
5110,0.755,5.2025,0.06354220314735337,0.32961373390557946
5111,0.6675,5.185,0.05566809728183119,0.288412017167382
5112,0.845,5.20125,0.07040915593705294,0.36852646638054365
5113,0.8325,5.185,0.0566752503576538,0.2929899856938484
5114,0.79,5.2125,0.06583118741058656,0.3410586552217454
5115,0.6875,5.2,0.05731616595135909,0.2952789699570816
5116,0.86,5.18625,0.05914735336194564,0.30672389127324756
5117,0.9075,5.20875,0.07562804005722461,0.3937052932761088
5118,0.8625,5.20125,0.07187410586552218,0.37539341917024327
5119,0.76,5.205,0.06482403433476396,0.33648068669527903
5120,0.8275,5.21,0.0689442060085837,0.35937052932761093
5121,0.8325,5.20375,0.06940200286123034,0.35937052932761093
5122,0.825,5.18875,0.055851216022889845,0.288412017167382
5123,0.7275,5.19625,0.060612303290414886,0.3158798283261803
5124,0.7825,5.21125,0.06519027181688127,0.3410586552217454
5125,0.7875,5.18875,0.06775393419170243,0.35250357653791137
5126,0.8325,5.215,0.06940200286123034,0.3639484978540773
5127,0.85,5.21375,0.07086695278969958,0.37081545064377686
5128,0.74,5.195,0.06537339055793992,0.3410586552217454
5129,0.8475,5.2075,0.07059227467811159,0.36852646638054365
5130,0.8325,5.20625,0.06940200286123034,0.35937052932761093
5131,0.8375,5.19125,0.05878111587982833,0.30443490701001436
5132,0.8675,5.2125,0.07233190271816882,0.3776824034334764
5133,0.855,5.1975,0.07123319027181689,0.37081545064377686
5134,0.8625,5.185,0.059605150214592284,0.30672389127324756
5135,0.74,5.20875,0.06793705293276109,0.35250357653791137
5136,0.8975,5.215,0.07480400572246067,0.3891273247496424
5137,0.8425,5.185,0.05850643776824035,0.30443490701001436
5138,0.7075,5.2,0.069585121602289,0.35937052932761093
5139,0.875,5.215,0.07288125894134478,0.3776824034334764
5140,0.7325,5.1975,0.06537339055793992,0.3410586552217454
5141,0.7525,5.195,0.06564806866952791,0.3410586552217454
5142,0.8325,5.2025,0.06940200286123034,0.35937052932761093
5143,0.7325,5.20375,0.059330472103004295,0.30672389127324756
5144,0.8575,5.18125,0.0576824034334764,0.29985693848354794
5145,0.8425,5.205,0.07022603719599428,0.3639484978540773
5146,0.7125,5.205,0.059330472103004295,0.3937052932761088
5147,0.8525,5.18625,0.06583118741058656,0.3410586552217454
5148,0.7125,5.18125,0.059330472103004295,0.30672389127324756
5149,0.705,5.185,0.05878111587982833,0.30443490701001436
5150,0.8875,5.1825,0.06253505007153076,0.32274678111587984
5151,0.79,5.1875,0.06583118741058656,0.3410586552217454
5152,0.7025,5.185,0.05850643776824035,0.30443490701001436
5153,0.8575,5.18625,0.05539341917024321,0.288412017167382
5154,0.7525,5.18125,0.06271816881258942,0.32732474964234626
5155,0.715,5.185,0.059605150214592284,0.30672389127324756
5156,0.8325,5.18875,0.055851216022889845,0.288412017167382
5157,0.7125,5.185,0.059330472103004295,0.30672389127324756
5158,0.855,5.20125,0.07123319027181689,0.37081545064377686
5159,0.835,5.18375,0.05914735336194564,0.30672389127324756
5160,0.8575,5.21125,0.07141630901287555,0.37081545064377686
5161,0.8775,5.2025,0.07315593705293277,0.3776824034334764
5162,0.835,5.1925,0.058964234620886985,0.30672389127324756
5163,0.885,5.2025,0.07370529327610874,0.38226037195994284
5164,0.94,5.21375,0.07837482117310444,0.4097281831187411
5165,0.895,5.18125,0.058964234620886985,0.30443490701001436
5166,0.7125,5.2025,0.059330472103004295,0.30672389127324756
5167,0.675,5.18125,0.05621745350500716,0.2929899856938484
5168,0.8525,5.1875,0.057499284692417746,0.29985693848354794
5169,0.6725,5.18375,0.05603433476394851,0.288412017167382
5170,0.72,5.18625,0.059971387696709594,0.3113018597997139
5171,0.85,5.18625,0.05539341917024321,0.288412017167382
5172,0.8525,5.18375,0.05832331902718169,0.30443490701001436
5173,0.84,5.20125,0.07004291845493563,0.3639484978540773
5174,0.9725,5.17625,0.05832331902718169,0.29985693848354794
5175,0.755,5.19375,0.06454935622317597,0.3341917024320458
5176,0.7225,5.18,0.060246065808297576,0.3113018597997139
5177,0.7175,5.20375,0.07397997138769671,0.3868383404864092
5178,0.89,5.18,0.061711015736766815,0.3181688125894135
5179,0.7825,5.205,0.06519027181688127,0.33648068669527903
5180,0.9075,5.17875,0.05978826895565094,0.3113018597997139
5181,0.785,5.1975,0.06226037195994278,0.32274678111587984
5182,0.6775,5.1825,0.056492131616595144,0.2929899856938484
5183,0.745,5.20375,0.059971387696709594,0.3113018597997139
5184,0.7775,5.19875,0.06125321888412018,0.3181688125894135
5185,0.85,5.2125,0.07086695278969958,0.36852646638054365
5186,0.8625,5.2125,0.07187410586552218,0.37539341917024327
5187,0.7375,5.1975,0.06418311874105866,0.3341917024320458
5188,0.7625,5.21125,0.06354220314735337,0.32961373390557946
5189,0.76,5.21125,0.06335908440629472,0.32961373390557946
5190,0.6825,5.20375,0.069585121602289,0.3639484978540773
5191,0.865,5.2,0.07205722460658083,0.37539341917024327
5192,0.74,5.18125,0.061711015736766815,0.3181688125894135
5193,0.7575,5.2,0.07269814020028613,0.3776824034334764
5194,0.705,5.18625,0.05878111587982833,0.30443490701001436
5195,0.89,5.2025,0.07416309012875537,0.3868383404864092
5196,0.8775,5.185,0.06253505007153076,0.32274678111587984
5197,0.8175,5.19,0.06812017167381974,0.35250357653791137
5198,0.8325,5.20125,0.06940200286123034,0.35937052932761093
5199,0.8575,5.1825,0.0576824034334764,0.29985693848354794
5200,0.8175,5.20125,0.06812017167381974,0.35250357653791137
5201,0.8675,5.21,0.07233190271816882,0.37539341917024327
5202,0.7925,5.19,0.06079542203147354,0.3158798283261803
5203,0.8725,5.20875,0.07269814020028613,0.3776824034334764
5204,0.79,5.2125,0.06583118741058656,0.3410586552217454
5205,0.86,5.18375,0.05621745350500716,0.2929899856938484
5206,0.785,5.1975,0.06537339055793992,0.3410586552217454
5207,0.9,5.21,0.07498712446351932,0.3891273247496424
5208,0.8125,5.1975,0.06079542203147354,0.3158798283261803
5209,0.715,5.21125,0.07251502145922747,0.3776824034334764
5210,0.8125,5.19,0.06775393419170243,0.35250357653791137
5211,0.73,5.2075,0.0769098712446352,0.4005722460658083
5212,0.72,5.21,0.06940200286123034,0.35937052932761093
5213,0.78,5.2125,0.06500715307582261,0.33648068669527903
5214,0.6725,5.20625,0.07352217453505008,0.38226037195994284
5215,0.72,5.20875,0.06189413447782547,0.32274678111587984
5216,0.68,5.19875,0.0566752503576538,0.2952789699570816
5217,0.6675,5.21375,0.07040915593705294,0.36852646638054365
5218,0.7,5.2125,0.06454935622317597,0.33648068669527903
5219,0.72,5.205,0.059971387696709594,0.3113018597997139
5220,0.6625,5.21,0.07187410586552218,0.37539341917024327
5221,0.78,5.195,0.07059227467811159,0.36852646638054365
5222,0.775,5.18,0.06454935622317597,0.3341917024320458
5223,0.7825,5.20625,0.06519027181688127,0.33648068669527903
5224,0.88,5.18375,0.058964234620886985,0.30672389127324756
5225,0.7325,5.1975,0.06107010014306152,0.3181688125894135
5226,0.9125,5.21125,0.07608583690987125,0.3982832618025752
5227,0.88,5.17625,0.064,0.32961373390557946
5228,0.86,5.20625,0.07169098712446352,0.37539341917024327
5229,0.8725,5.2125,0.07269814020028613,0.3776824034334764
5230,0.8425,5.185,0.05914735336194564,0.30672389127324756
5231,0.73,5.18875,0.06079542203147354,0.3158798283261803
5232,0.745,5.1875,0.062077253218884125,0.32274678111587984
5233,0.855,5.18625,0.05539341917024321,0.288412017167382
5234,0.725,5.205,0.06042918454935623,0.3158798283261803
5235,0.7075,5.20375,0.058964234620886985,0.30672389127324756
5236,0.885,5.1825,0.05878111587982833,0.30443490701001436
5237,0.84,5.21125,0.07004291845493563,0.3639484978540773
5238,0.82,5.19125,0.0683032904148784,0.3570815450643777
5239,0.7225,5.20375,0.07315593705293277,0.38226037195994284
5240,0.765,5.18375,0.06372532188841203,0.32961373390557946
5241,0.75,5.20125,0.06253505007153076,0.32732474964234626
5242,0.7025,5.2,0.06857796852646639,0.3570815450643777
5243,0.87,5.21,0.07251502145922747,0.3776824034334764
5244,0.775,5.19375,0.06454935622317597,0.3341917024320458
5245,0.875,5.17625,0.0576824034334764,0.29985693848354794
5246,0.865,5.1825,0.057499284692417746,0.2952789699570816
5247,0.775,5.19375,0.06454935622317597,0.3341917024320458
5248,0.85,5.185,0.05539341917024321,0.288412017167382
5249,0.76,5.19375,0.06454935622317597,0.3341917024320458
5250,0.915,5.2125,0.0762689556509299,0.3982832618025752
5251,0.735,5.21,0.06747925608011446,0.35250357653791137
5252,0.8125,5.19,0.06747925608011446,0.34792560801144495
5253,0.7175,5.18,0.05978826895565094,0.3113018597997139
5254,0.8775,5.18,0.06647210300429185,0.34563662374821175
5255,0.825,5.19125,0.0683032904148784,0.3570815450643777
5256,0.8725,5.21,0.07269814020028613,0.3776824034334764
5257,0.835,5.18375,0.06079542203147354,0.3158798283261803
5258,0.69,5.2025,0.07462088698140201,0.3891273247496424
5259,0.845,5.21375,0.07040915593705294,0.36852646638054365
5260,0.7625,5.21125,0.06354220314735337,0.32961373390557946
5261,0.72,5.1975,0.06683834048640916,0.34792560801144495
5262,0.85,5.205,0.07086695278969958,0.36852646638054365
5263,0.8525,5.215,0.07105007153075824,0.37081545064377686
5264,0.7325,5.1975,0.0666552217453505,0.34563662374821175
5265,0.865,5.205,0.07205722460658083,0.37539341917024327
5266,0.755,5.1975,0.06290128755364807,0.32732474964234626
5267,0.92,5.17875,0.059971387696709594,0.3113018597997139
5268,0.8,5.20625,0.0666552217453505,0.34792560801144495
5269,0.925,5.20875,0.07709298998569386,0.4005722460658083
5270,0.7725,5.205,0.06372532188841203,0.32961373390557946
5271,0.9675,5.20875,0.08066380543633764,0.421173104434907
5272,0.725,5.205,0.06042918454935623,0.3158798283261803
5273,0.68,5.21,0.07205722460658083,0.37539341917024327
5274,0.8475,5.215,0.07059227467811159,0.36852646638054365
5275,0.7175,5.20625,0.05978826895565094,0.3113018597997139
5276,0.6825,5.20875,0.06940200286123034,0.35937052932761093
5277,0.8275,5.215,0.0689442060085837,0.35937052932761093
5278,0.8225,5.2125,0.06857796852646639,0.3570815450643777
5279,0.705,5.2,0.0689442060085837,0.35937052932761093
5280,0.8075,5.215,0.0672961373390558,0.35250357653791137
5281,0.8925,5.21125,0.07434620886981402,0.3868383404864092
5282,0.795,5.19875,0.06107010014306152,0.3181688125894135
5283,0.72,5.2025,0.07837482117310444,0.4097281831187411
5284,0.86,5.1975,0.07169098712446352,0.37081545064377686
5285,0.785,5.205,0.0672961373390558,0.34792560801144495
5286,0.7525,5.1975,0.07938197424892705,0.4120171673819743
5287,0.825,5.20125,0.06876108726752504,0.3570815450643777
5288,0.8025,5.19375,0.05603433476394851,0.2929899856938484
5289,0.8075,5.19125,0.05521030042918455,0.2861230329041488
5290,0.665,5.19,0.05539341917024321,0.288412017167382
5291,0.68,5.21375,0.06857796852646639,0.3570815450643777
5292,0.6675,5.21,0.07205722460658083,0.37539341917024327
5293,0.765,5.21125,0.06372532188841203,0.3341917024320458
5294,0.725,5.20625,0.06107010014306152,0.3181688125894135
5295,0.7175,5.21,0.062077253218884125,0.32274678111587984
5296,0.9475,5.21,0.07892417739628041,0.4120171673819743
5297,0.8025,5.19,0.06683834048640916,0.34563662374821175
5298,0.75,5.2075,0.06583118741058656,0.3410586552217454
5299,0.9125,5.21,0.07608583690987125,0.3982832618025752
5300,0.795,5.185,0.0662889842632332,0.34563662374821175
5301,0.7275,5.1975,0.080206008583691,0.41659513590844066
5302,0.8525,5.21375,0.07105007153075824,0.37081545064377686
5303,0.6975,5.20125,0.05814020028612304,0.30443490701001436
5304,0.6675,5.20875,0.07233190271816882,0.37539341917024327
5305,0.81,5.215,0.06747925608011446,0.35250357653791137
5306,0.8725,5.2125,0.07269814020028613,0.3776824034334764
5307,0.68,5.205,0.07123319027181689,0.37081545064377686
5308,0.685,5.2,0.05704148783977111,0.2952789699570816
5309,0.6875,5.1825,0.05731616595135909,0.2952789699570816
5310,0.6975,5.21,0.064,0.3341917024320458
5311,0.905,5.2075,0.07544492131616595,0.3937052932761088
5312,0.8325,5.1925,0.06940200286123034,0.35937052932761093
5313,0.725,5.2,0.07581115879828328,0.3937052932761088
5314,0.7275,5.17875,0.060612303290414886,0.3158798283261803
5315,0.73,5.19875,0.06079542203147354,0.3158798283261803
5316,0.9175,5.17625,0.06482403433476396,0.3341917024320458
5317,0.815,5.19875,0.06793705293276109,0.35250357653791137
5318,0.865,5.2025,0.07205722460658083,0.37539341917024327
5319,0.8525,5.1825,0.05850643776824035,0.30443490701001436
5320,0.6875,5.2025,0.0689442060085837,0.35937052932761093
5321,0.83,5.21375,0.06912732474964235,0.35937052932761093
5322,0.695,5.2025,0.07004291845493563,0.3639484978540773
5323,0.68,5.2125,0.07269814020028613,0.3776824034334764
5324,0.8575,5.2125,0.07141630901287555,0.37081545064377686
5325,0.9925,5.1725,0.07105007153075824,0.36852646638054365
5326,0.9475,5.17375,0.0666552217453505,0.34563662374821175
5327,0.78,5.20625,0.06500715307582261,0.33648068669527903
5328,0.88,5.1825,0.06308440629470673,0.32732474964234626
5329,0.9,5.17875,0.059605150214592284,0.30672389127324756
5330,0.745,5.2025,0.062077253218884125,0.32274678111587984
5331,0.7875,5.19125,0.06436623748211731,0.3341917024320458
5332,0.7125,5.21,0.07251502145922747,0.3776824034334764
5333,0.665,5.19125,0.05539341917024321,0.288412017167382
5334,0.67,5.2125,0.055851216022889845,0.288412017167382
5335,0.7175,5.20875,0.062077253218884125,0.32274678111587984
5336,0.73,5.1875,0.06079542203147354,0.3158798283261803
5337,0.76,5.19125,0.06335908440629472,0.32961373390557946
5338,0.85,5.185,0.05566809728183119,0.288412017167382
5339,0.685,5.1825,0.05704148783977111,0.2952789699570816
5340,0.7725,5.1925,0.06436623748211731,0.3341917024320458
5341,0.75,5.20875,0.06601430615164522,0.34563662374821175
5342,0.8875,5.21125,0.07397997138769671,0.3868383404864092
5343,0.8575,5.1975,0.07141630901287555,0.37081545064377686
5344,0.81,5.19,0.07251502145922747,0.37539341917024327
5345,0.7225,5.195,0.060246065808297576,0.3113018597997139
5346,1.0425,5.2025,0.08688984263233192,0.4532188841201717
5347,0.7125,5.2,0.06876108726752504,0.3570815450643777
5348,0.87,5.20875,0.07251502145922747,0.3776824034334764
5349,0.8675,5.21,0.07233190271816882,0.37539341917024327
5350,0.86,5.17875,0.05795708154506438,0.29985693848354794
5351,0.8475,5.205,0.07059227467811159,0.36852646638054365
5352,0.865,5.21375,0.07205722460658083,0.37539341917024327
5353,0.8925,5.18125,0.05814020028612304,0.29985693848354794
5354,0.75,5.19,0.06253505007153076,0.32732474964234626
5355,0.8425,5.20375,0.07022603719599428,0.3639484978540773
5356,0.87,5.18375,0.06335908440629472,0.32961373390557946
5357,0.7025,5.20625,0.07544492131616595,0.3937052932761088
5358,0.735,5.18125,0.06125321888412018,0.3181688125894135
5359,0.7975,5.19125,0.07059227467811159,0.36852646638054365
5360,0.9075,5.18125,0.05878111587982833,0.30443490701001436
5361,0.815,5.21,0.06793705293276109,0.35250357653791137
5362,0.715,5.2,0.06793705293276109,0.35250357653791137
5363,0.73,5.2025,0.07727610872675252,0.4005722460658083
5364,0.745,5.21,0.062077253218884125,0.32274678111587984
5365,0.6675,5.20875,0.07169098712446352,0.37539341917024327
5366,0.6725,5.21375,0.07123319027181689,0.37081545064377686
5367,0.7825,5.2125,0.06519027181688127,0.3410586552217454
5368,0.69,5.2025,0.06976824034334765,0.3639484978540773
5369,0.685,5.215,0.06711301859799715,0.34792560801144495
5370,0.67,5.19625,0.055851216022889845,0.288412017167382
5371,0.9475,5.1725,0.07892417739628041,0.4120171673819743
5372,0.805,5.20125,0.06454935622317597,0.33648068669527903
5373,0.8425,5.1925,0.07022603719599428,0.3639484978540773
5374,0.765,5.2025,0.06372532188841203,0.32961373390557946
5375,0.8425,5.18875,0.06683834048640916,0.34563662374821175
5376,0.74,5.2,0.061711015736766815,0.32274678111587984
5377,0.7975,5.2125,0.06647210300429185,0.34563662374821175
5378,0.69,5.20125,0.06876108726752504,0.3570815450643777
5379,0.865,5.2125,0.07205722460658083,0.37539341917024327
5380,0.7,5.20125,0.05832331902718169,0.30443490701001436
5381,0.8525,5.18375,0.05850643776824035,0.30443490701001436
5382,0.9075,5.20375,0.07562804005722461,0.3937052932761088
5383,0.73,5.2075,0.06079542203147354,0.3158798283261803
5384,0.6675,5.21125,0.07315593705293277,0.38226037195994284
5385,0.8375,5.215,0.06976824034334765,0.3639484978540773
5386,0.9675,5.20125,0.08066380543633764,0.421173104434907
5387,0.8225,5.195,0.06189413447782547,0.32274678111587984
5388,0.855,5.2125,0.07123319027181689,0.37081545064377686
5389,0.83,5.19125,0.06912732474964235,0.35937052932761093
5390,0.7125,5.21125,0.07352217453505008,0.38226037195994284
5391,0.8925,5.20375,0.07434620886981402,0.3868383404864092
5392,0.87,5.21,0.07251502145922747,0.3776824034334764
5393,0.885,5.17875,0.05621745350500716,0.2929899856938484
5394,0.73,5.20625,0.06601430615164522,0.34563662374821175
5395,0.675,5.1925,0.05621745350500716,0.2929899856938484
5396,0.6675,5.20875,0.07205722460658083,0.37539341917024327
5397,0.7575,5.2025,0.0576824034334764,0.29985693848354794
5398,0.665,5.19,0.05539341917024321,0.288412017167382
5399,0.6775,5.2075,0.07187410586552218,0.37539341917024327
5400,0.7675,5.20125,0.057499284692417746,0.29985693848354794
5401,0.8725,5.20125,0.07269814020028613,0.3776824034334764
5402,0.935,5.1775,0.06226037195994278,0.32274678111587984
5403,0.7975,5.1975,0.06335908440629472,0.32961373390557946
5404,0.8975,5.21125,0.07480400572246067,0.3891273247496424
5405,0.91,5.18125,0.059971387696709594,0.3113018597997139
5406,0.8325,5.19375,0.059605150214592284,0.3113018597997139
5407,0.6825,5.19875,0.056858369098712454,0.2952789699570816
5408,0.6775,5.2125,0.056492131616595144,0.2929899856938484
5409,0.705,5.21,0.06354220314735337,0.32961373390557946
5410,0.6725,5.19375,0.05603433476394851,0.2929899856938484
5411,0.69,5.1825,0.057499284692417746,0.2952789699570816
5412,0.8525,5.185,0.05878111587982833,0.30443490701001436
5413,0.7575,5.19125,0.06308440629470673,0.32732474964234626
5414,0.8025,5.19625,0.06683834048640916,0.34792560801144495
5415,0.865,5.1825,0.05731616595135909,0.2952789699570816
5416,0.97,5.15875,0.08084692417739629,0.41659513590844066
5417,0.9525,5.2125,0.07938197424892705,0.4120171673819743
5418,0.8875,5.18125,0.05914735336194564,0.30672389127324756
5419,0.7675,5.205,0.064,0.3341917024320458
5420,0.905,5.21125,0.07544492131616595,0.3937052932761088
5421,0.835,5.19125,0.05914735336194564,0.30672389127324756
5422,0.725,5.2075,0.06042918454935623,0.3158798283261803
5423,0.665,5.19,0.05539341917024321,0.288412017167382
5424,0.6825,5.21375,0.06683834048640916,0.34792560801144495
5425,0.8625,5.21,0.07187410586552218,0.37539341917024327
5426,0.865,5.21125,0.07205722460658083,0.37539341917024327
5427,0.895,5.17375,0.06189413447782547,0.3181688125894135
5428,0.8475,5.215,0.07059227467811159,0.36852646638054365
5429,0.8725,5.21,0.07269814020028613,0.3776824034334764
5430,0.865,5.1825,0.0576824034334764,0.29985693848354794
5431,1.1775,5.15875,0.08789699570815451,0.4532188841201717
5432,0.725,5.1975,0.06042918454935623,0.3158798283261803
5433,0.8075,5.19,0.07004291845493563,0.3639484978540773
5434,0.875,5.18125,0.06189413447782547,0.32274678111587984
5435,0.74,5.18,0.061711015736766815,0.3181688125894135
5436,0.7975,5.1925,0.0683032904148784,0.3570815450643777
5437,0.905,5.1825,0.05603433476394851,0.288412017167382
5438,0.83,5.2025,0.06912732474964235,0.35937052932761093
5439,0.8675,5.18125,0.05566809728183119,0.288412017167382
5440,0.87,5.1825,0.057499284692417746,0.2952789699570816
5441,0.69,5.18125,0.057499284692417746,0.2952789699570816
5442,0.7375,5.205,0.059330472103004295,0.30672389127324756
5443,0.865,5.1825,0.05832331902718169,0.30443490701001436
5444,0.7825,5.2,0.06519027181688127,0.33648068669527903
5445,0.67,5.21375,0.055851216022889845,0.37539341917024327
5446,1.07,5.1725,0.08835479256080116,0.4577968526466381
5447,0.74,5.17875,0.061711015736766815,0.3181688125894135
5448,0.79,5.18625,0.06583118741058656,0.3410586552217454
5449,0.715,5.2125,0.07269814020028613,0.3776824034334764
5450,0.8575,5.19625,0.07141630901287555,0.37081545064377686
5451,0.735,5.18,0.06125321888412018,0.3181688125894135
5452,0.72,5.20875,0.06519027181688127,0.3410586552217454
5453,0.675,5.195,0.05621745350500716,0.2929899856938484
5454,0.7675,5.1925,0.064,0.3341917024320458
5455,0.8525,5.1825,0.056858369098712454,0.2952789699570816
5456,0.8425,5.2025,0.07022603719599428,0.3639484978540773
5457,0.8525,5.21375,0.07105007153075824,0.37081545064377686
5458,0.82,5.18875,0.05566809728183119,0.288412017167382
5459,0.6775,5.18125,0.056492131616595144,0.2929899856938484
5460,0.8225,5.20125,0.06857796852646639,0.3570815450643777
5461,1.235,5.16,0.0672961373390558,0.34792560801144495
5462,0.7025,5.18125,0.05850643776824035,0.30443490701001436
5463,0.7525,5.20125,0.06271816881258942,0.32732474964234626
5464,0.895,5.1875,0.06683834048640916,0.34563662374821175
5465,0.715,5.18,0.059605150214592284,0.30672389127324756
5466,0.705,5.18375,0.05878111587982833,0.30443490701001436
5467,0.745,5.195,0.06500715307582261,0.33648068669527903
5468,0.665,5.21,0.07187410586552218,0.37539341917024327
5469,0.855,5.21375,0.07123319027181689,0.37081545064377686
5470,0.85,5.18375,0.05832331902718169,0.30443490701001436
5471,0.7925,5.18875,0.06143633762517883,0.3181688125894135
5472,0.84,5.215,0.07004291845493563,0.3639484978540773
5473,0.7175,5.19375,0.0683032904148784,0.3570815450643777
5474,0.7725,5.1925,0.06436623748211731,0.3341917024320458
5475,0.86,5.20875,0.07169098712446352,0.37539341917024327
5476,1.0425,5.17125,0.06482403433476396,0.3341917024320458
5477,0.79,5.2,0.06189413447782547,0.32274678111587984
5478,0.8075,5.2075,0.0672961373390558,0.34792560801144495
5479,0.8625,5.18625,0.05850643776824035,0.30443490701001436
5480,0.7125,5.2125,0.07333905579399143,0.38226037195994284
5481,0.89,5.2,0.07416309012875537,0.3868383404864092
5482,0.8625,5.18375,0.07187410586552218,0.2929899856938484
5483,0.88,5.17875,0.056492131616595144,0.2929899856938484
5484,0.6725,5.1875,0.05603433476394851,0.2929899856938484
5485,0.8425,5.20125,0.07022603719599428,0.3639484978540773
5486,0.855,5.18375,0.05621745350500716,0.2929899856938484
5487,0.7425,5.18125,0.06189413447782547,0.32274678111587984
5488,0.8575,5.21,0.07141630901287555,0.37081545064377686
5489,0.83,5.18625,0.060612303290414886,0.3158798283261803
5490,0.8575,5.20625,0.07141630901287555,0.37081545064377686
5491,0.9575,5.1975,0.07974821173104436,0.41659513590844066
5492,0.785,5.20125,0.062077253218884125,0.32274678111587984
5493,0.8075,5.2075,0.0672961373390558,0.34792560801144495
5494,1.5175,5.17625,0.12644349070100144,0.6569384835479257
5495,0.7825,5.19625,0.07105007153075824,0.36852646638054365
5496,0.72,5.18,0.059971387696709594,0.3113018597997139
5497,0.79,5.19375,0.06583118741058656,0.3410586552217454
5498,0.86,5.18375,0.05603433476394851,0.288412017167382
5499,0.685,5.18125,0.05704148783977111,0.2952789699570816
5500,0.84,5.205,0.07004291845493563,0.3639484978540773
5501,0.845,5.1875,0.05566809728183119,0.288412017167382
5502,0.6725,5.1825,0.05603433476394851,0.288412017167382
5503,0.795,5.195,0.0662889842632332,0.34563662374821175
5504,0.8725,5.18,0.05731616595135909,0.2952789699570816
5505,0.695,5.1825,0.05795708154506438,0.29985693848354794
5506,0.8525,5.17375,0.07105007153075824,0.36852646638054365
5507,0.7375,5.19625,0.07352217453505008,0.38226037195994284
5508,0.9075,5.17875,0.06537339055793992,0.33648068669527903
5509,0.7075,5.18375,0.058964234620886985,0.30672389127324756
5510,0.7025,5.2075,0.07517024320457798,0.3891273247496424
5511,0.735,5.2,0.07352217453505008,0.38226037195994284
5512,0.8525,5.215,0.07105007153075824,0.37081545064377686
5513,0.9225,5.1825,0.05603433476394851,0.288412017167382
5514,0.865,5.1825,0.060612303290414886,0.3158798283261803
5515,0.74,5.19,0.061711015736766815,0.3181688125894135
5516,0.86,5.1825,0.05832331902718169,0.30443490701001436
5517,0.8125,5.18625,0.06747925608011446,0.34792560801144495
5518,0.9475,5.19875,0.07892417739628041,0.4097281831187411
5519,0.85,5.1825,0.05795708154506438,0.29985693848354794
5520,0.7,5.20375,0.07022603719599428,0.3639484978540773
5521,1.0025,5.205,0.0835021459227468,0.4349070100143062
5522,0.715,5.18125,0.059605150214592284,0.30672389127324756
5523,0.8,5.19,0.069585121602289,0.35937052932761093
5524,0.715,5.17875,0.059605150214592284,0.30672389127324756
5525,0.855,5.21125,0.07123319027181689,0.37081545064377686
5526,0.9025,5.18,0.06079542203147354,0.3158798283261803
5527,0.72,5.19125,0.059971387696709594,0.3113018597997139
5528,0.7425,5.19125,0.06189413447782547,0.32274678111587984
5529,0.79,5.19625,0.056858369098712454,0.2952789699570816
5530,0.835,5.215,0.069585121602289,0.3639484978540773
5531,0.79,5.21375,0.06583118741058656,0.34563662374821175
5532,0.715,5.20125,0.06876108726752504,0.3570815450643777
5533,0.78,5.195,0.06500715307582261,0.33648068669527903
5534,0.855,5.20625,0.07123319027181689,0.37081545064377686
5535,0.8125,5.1875,0.06042918454935623,0.3158798283261803
5536,1.045,5.19375,0.08707296137339057,0.4532188841201717
5537,0.7075,5.19,0.058964234620886985,0.30672389127324756
5538,0.7025,5.21,0.07544492131616595,0.3937052932761088
5539,0.8875,5.20125,0.07397997138769671,0.3868383404864092
5540,0.7775,5.185,0.06482403433476396,0.33648068669527903
5541,0.705,5.21125,0.07416309012875537,0.3868383404864092
5542,0.8575,5.21125,0.07141630901287555,0.37081545064377686
5543,0.8275,5.215,0.0689442060085837,0.35937052932761093
5544,0.895,5.1775,0.06143633762517883,0.3181688125894135
5545,0.795,5.19125,0.06253505007153076,0.32732474964234626
5546,0.8675,5.2075,0.07233190271816882,0.37539341917024327
5547,0.8575,5.185,0.055851216022889845,0.288412017167382
5548,0.7125,5.20125,0.06793705293276109,0.35250357653791137
5549,0.8025,5.21,0.06683834048640916,0.34792560801144495
5550,0.6725,5.2075,0.07187410586552218,0.37539341917024327
5551,0.9075,5.185,0.07123319027181689,0.36852646638054365
5552,0.8925,5.20375,0.07434620886981402,0.3868383404864092
5553,0.78,5.20875,0.07416309012875537,0.3868383404864092
5554,0.8225,5.19,0.06812017167381974,0.35250357653791137
5555,0.7275,5.18,0.060612303290414886,0.3158798283261803
5556,0.71,5.20625,0.05914735336194564,0.3937052932761088
5557,0.665,5.2125,0.07269814020028613,0.3776824034334764
5558,0.845,5.205,0.07040915593705294,0.36852646638054365
5559,0.7825,5.2125,0.06519027181688127,0.3410586552217454
5560,0.695,5.2,0.06812017167381974,0.35250357653791137
5561,0.7575,5.21125,0.06308440629470673,0.32961373390557946
5562,0.6675,5.19125,0.05566809728183119,0.288412017167382
5563,0.685,5.21,0.06912732474964235,0.35937052932761093
5564,0.85,5.21375,0.07086695278969958,0.37081545064377686
5565,0.84,5.215,0.07004291845493563,0.3639484978540773
5566,1.05,5.1775,0.06793705293276109,0.35250357653791137
5567,0.705,5.18625,0.05878111587982833,0.30443490701001436
5568,0.9,5.21125,0.07498712446351932,0.3891273247496424
5569,0.88,5.1825,0.05832331902718169,0.30443490701001436
5570,0.7925,5.2075,0.06601430615164522,0.34563662374821175
5571,0.8925,5.21125,0.07434620886981402,0.3868383404864092
5572,0.825,5.19125,0.05539341917024321,0.288412017167382
5573,0.6775,5.18125,0.056492131616595144,0.2929899856938484
5574,0.695,5.1825,0.05795708154506438,0.29985693848354794
5575,0.8325,5.19,0.05521030042918455,0.2861230329041488
5576,0.67,5.185,0.055851216022889845,0.288412017167382
5577,0.79,5.195,0.06583118741058656,0.3410586552217454
5578,0.7775,5.1975,0.0566752503576538,0.2952789699570816
5579,0.7175,5.18375,0.05978826895565094,0.3113018597997139
5580,0.7125,5.1825,0.059330472103004295,0.30672389127324756
5581,0.9075,5.18625,0.05914735336194564,0.30672389127324756
5582,0.785,5.1925,0.06857796852646639,0.3570815450643777
5583,0.705,5.18375,0.05878111587982833,0.30443490701001436
5584,0.7375,5.1975,0.07251502145922747,0.37539341917024327
5585,0.8925,5.18,0.059971387696709594,0.3113018597997139
5586,0.755,5.2025,0.06290128755364807,0.32732474964234626
5587,0.695,5.2025,0.06976824034334765,0.3639484978540773
5588,0.715,5.21,0.06125321888412018,0.3181688125894135
5589,0.82,5.20125,0.0683032904148784,0.3570815450643777
5590,0.7275,5.20625,0.059971387696709594,0.3113018597997139
5591,0.865,5.18,0.05621745350500716,0.2929899856938484
5592,0.6675,5.18625,0.05566809728183119,0.288412017167382
5593,0.775,5.20375,0.06454935622317597,0.3181688125894135
5594,0.8925,5.1825,0.06107010014306152,0.3158798283261803
5595,0.865,5.21375,0.07205722460658083,0.37539341917024327
5596,0.9425,5.2075,0.0785579399141631,0.4097281831187411
5597,0.915,5.17875,0.059605150214592284,0.30672389127324756
5598,0.75,5.2025,0.06253505007153076,0.32732474964234626
5599,0.8225,5.2075,0.06857796852646639,0.3570815450643777
5600,0.77,5.19375,0.0689442060085837,0.3570815450643777
5601,0.76,5.18375,0.06335908440629472,0.32961373390557946
5602,0.68,5.185,0.0566752503576538,0.2929899856938484
5603,0.7375,5.2075,0.06418311874105866,0.3341917024320458
5604,0.815,5.2125,0.06793705293276109,0.35250357653791137
5605,0.805,5.21375,0.06711301859799715,0.34792560801144495
5606,0.86,5.18,0.059605150214592284,0.30672389127324756
5607,0.765,5.1925,0.06372532188841203,0.32961373390557946
5608,0.865,5.21,0.07205722460658083,0.37539341917024327
5609,0.845,5.1825,0.06079542203147354,0.3158798283261803
5610,0.8175,5.215,0.06812017167381974,0.3570815450643777
5611,0.725,5.19375,0.06042918454935623,0.3158798283261803
5612,0.865,5.18625,0.05832331902718169,0.30443490701001436
5613,0.8825,5.21125,0.07352217453505008,0.38226037195994284
5614,0.8975,5.20375,0.07480400572246067,0.3891273247496424
5615,0.775,5.2025,0.06271816881258942,0.32732474964234626
5616,0.7575,5.205,0.06454935622317597,0.33648068669527903
5617,0.855,5.2125,0.07123319027181689,0.37081545064377686
5618,0.8675,5.1825,0.05603433476394851,0.288412017167382
5619,0.855,5.18375,0.05795708154506438,0.29985693848354794
5620,0.85,5.205,0.07086695278969958,0.36852646638054365
5621,0.865,5.18125,0.05603433476394851,0.288412017167382
5622,0.74,5.19625,0.06564806866952791,0.3410586552217454
5623,0.8425,5.2025,0.07022603719599428,0.3639484978540773
5624,0.8675,5.1825,0.056858369098712454,0.2952789699570816
5625,0.7225,5.1975,0.0672961373390558,0.34792560801144495
5626,0.9,5.2075,0.07498712446351932,0.3891273247496424
5627,0.7125,5.21125,0.07370529327610874,0.38226037195994284
5628,0.725,5.20125,0.07333905579399143,0.38226037195994284
5629,0.7525,5.1825,0.06271816881258942,0.32732474964234626
5630,0.71,5.21125,0.05914735336194564,0.3891273247496424
5631,0.835,5.18875,0.0666552217453505,0.34563662374821175
5632,0.6725,5.18125,0.05603433476394851,0.288412017167382
5633,0.7575,5.18875,0.06308440629470673,0.32732474964234626
5634,0.7925,5.195,0.05621745350500716,0.2929899856938484
5635,0.6675,5.1925,0.05566809728183119,0.288412017167382
5636,0.6675,5.19375,0.05566809728183119,0.288412017167382
5637,0.6775,5.215,0.0683032904148784,0.3570815450643777
5638,0.8125,5.20875,0.06775393419170243,0.35250357653791137
5639,0.6725,5.185,0.05603433476394851,0.288412017167382
5640,0.795,5.195,0.05621745350500716,0.2929899856938484
5641,0.685,5.1825,0.05704148783977111,0.2952789699570816
5642,0.7025,5.19,0.05850643776824035,0.30443490701001436
5643,0.7975,5.1925,0.07059227467811159,0.36852646638054365
5644,0.71,5.18125,0.05914735336194564,0.30672389127324756
5645,0.75,5.1825,0.06253505007153076,0.32274678111587984
5646,0.705,5.21125,0.07434620886981402,0.3868383404864092
5647,0.85,5.21375,0.07086695278969958,0.37081545064377686
5648,0.795,5.2125,0.0662889842632332,0.34563662374821175
5649,0.665,5.20875,0.07205722460658083,0.37539341917024327
5650,0.865,5.21375,0.07205722460658083,0.37539341917024327
5651,0.67,5.19625,0.055851216022889845,0.288412017167382
5652,0.6975,5.2125,0.06482403433476396,0.33648068669527903
5653,0.7225,5.2075,0.06107010014306152,0.3181688125894135
5654,0.7025,5.20125,0.05850643776824035,0.30443490701001436
5655,0.675,5.21375,0.06940200286123034,0.35937052932761093
5656,0.7575,5.20375,0.06308440629470673,0.32961373390557946
5657,0.705,5.18375,0.05878111587982833,0.30443490701001436
5658,0.845,5.18625,0.06500715307582261,0.33648068669527903
5659,0.8625,5.185,0.064,0.32961373390557946
5660,0.845,5.21125,0.07040915593705294,0.36852646638054365
5661,0.7875,5.2025,0.06226037195994278,0.32274678111587984
5662,0.675,5.21375,0.07086695278969958,0.37081545064377686
5663,0.86,5.21,0.07169098712446352,0.37539341917024327
5664,0.845,5.18375,0.05814020028612304,0.29985693848354794
5665,0.8125,5.19,0.06107010014306152,0.3181688125894135
5666,0.7325,5.18875,0.06107010014306152,0.3158798283261803
5667,0.81,5.19125,0.06747925608011446,0.288412017167382
5668,0.8625,5.1825,0.05621745350500716,0.2929899856938484
5669,0.685,5.18125,0.05704148783977111,0.2952789699570816
5670,0.6825,5.195,0.056858369098712454,0.2952789699570816
5671,0.725,5.215,0.07040915593705294,0.36852646638054365
5672,2.5075,5.08625,0.20893848354792563,1.0620886981402005
5673,2.68,5.07375,0.22331330472103006,1.1330472103004294
5674,2.625,5.07625,0.22102432045779688,1.1216022889842632
5675,2.615,5.07875,0.21791130185979973,1.105579399141631
5676,2.615,5.07875,0.21791130185979973,1.105579399141631
5677,2.6175,5.08,0.2180944206008584,1.105579399141631
5678,2.68,5.07625,0.22331330472103006,1.1330472103004294
5679,2.6275,5.07875,0.21891845493562234,1.1101573676680974
5680,2.605,5.07875,0.21690414878397712,1.1032904148783977
5681,2.595,5.08,0.21626323319027183,1.0987124463519313
5682,2.605,5.07875,0.2170872675250358,1.1032904148783977
5683,2.6225,5.07875,0.21626323319027183,1.0987124463519313
5684,2.625,5.07875,0.21873533619456367,1.1101573676680974
5685,2.6325,5.0775,0.21937625178826897,1.1147353361945638
5686,2.61,5.0775,0.21791130185979973,1.105579399141631
5687,2.9625,5.05875,0.24684406294706726,1.249785407725322
5688,2.95,5.05625,0.24583690987124465,1.2406294706723893
5689,2.9525,5.06,0.2476680972818312,1.2520743919885553
5690,2.94,5.05875,0.2450128755364807,1.238340486409156
5691,2.9625,5.0575,0.24684406294706726,1.249785407725322
5692,2.9575,5.05625,0.24602002861230332,1.2452074391988557
5693,2.995,5.0475,0.25792274678111593,1.3024320457796854
5694,3.3,5.03375,0.27504434907010017,1.3848354792560802
5695,2.9625,5.0575,0.2476680972818312,1.2520743919885553
5696,2.98,5.055,0.2479427753934192,1.2520743919885553
5697,2.9325,5.05625,0.2443719599427754,1.2337625178826896
5698,2.96,5.055,0.24482975679542204,1.238340486409156
5699,3.0725,5.0525,0.2476680972818312,1.2520743919885553
5700,2.95,5.05625,0.24583690987124465,1.2406294706723893
5701,2.97,5.05875,0.2483090128755365,1.2566523605150215
5702,2.985,5.06,0.2450128755364807,1.2406294706723893
5703,2.965,5.0575,0.24711874105865525,1.249785407725322
5704,2.965,5.0575,0.24711874105865525,1.2520743919885553
5705,2.97,5.05625,0.2476680972818312,1.2520743919885553
5706,2.9875,5.05625,0.2489499284692418,1.261230329041488
5707,2.9525,5.0575,0.24602002861230332,1.2452074391988557
5708,2.945,5.05875,0.2462947067238913,1.2452074391988557
5709,2.9925,5.055,0.24940772532188843,1.261230329041488
5710,2.97,5.05625,0.24748497854077256,1.2520743919885553
5711,2.9675,5.05625,0.24666094420600862,1.249785407725322
5712,2.935,5.05625,0.24455507868383408,1.238340486409156
5713,2.96,5.05625,0.24666094420600862,1.249785407725322
5714,2.9775,5.0575,0.24748497854077256,1.2520743919885553
5715,2.9575,5.05625,0.24647782546494995,1.2452074391988557
5716,2.9775,5.055,0.24812589413447786,1.2520743919885553
5717,2.9725,5.05375,0.2485836909871245,1.2566523605150215
5718,2.9325,5.0575,0.2443719599427754,1.238340486409156
5719,2.97,5.055,0.24748497854077256,1.2520743919885553
5720,2.9525,5.05625,0.24812589413447786,1.2566523605150215
5721,3.015,5.05625,0.251238912732475,1.2703862660944207
5722,2.96,5.05625,0.24666094420600862,1.249785407725322
5723,2.935,5.06,0.24519599427753935,1.2406294706723893
5724,2.9925,5.055,0.24940772532188843,1.261230329041488
5725,2.9625,5.055,0.24684406294706726,1.249785407725322
5726,2.97,5.06,0.24812589413447786,1.2566523605150215
5727,2.9625,5.05625,0.24666094420600862,1.249785407725322
5728,2.955,5.0575,0.2462947067238913,1.2452074391988557
5729,2.96,5.055,0.24647782546494995,1.2452074391988557
5730,2.9475,5.0575,0.24812589413447786,1.2566523605150215
5731,2.96,5.05625,0.24666094420600862,1.249785407725322
5732,2.9625,5.05625,0.24748497854077256,1.2520743919885553
5733,2.94,5.05875,0.24711874105865525,1.249785407725322
5734,2.9625,5.0575,0.24684406294706726,1.249785407725322
5735,2.9625,5.05875,0.24711874105865525,1.249785407725322
5736,2.95,5.0575,0.24519599427753935,1.2406294706723893
5737,2.9725,5.0575,0.2476680972818312,1.2520743919885553
5738,2.9625,5.05875,0.24537911301859802,1.2406294706723893
5739,2.9725,5.05625,0.24684406294706726,1.249785407725322
5740,2.9375,5.05875,0.24482975679542204,1.238340486409156
5741,2.9725,5.055,0.2476680972818312,1.2566523605150215
5742,2.955,5.0575,0.24537911301859802,1.2406294706723893
5743,2.9475,5.0575,0.245653791130186,1.2406294706723893
5744,2.975,5.05625,0.2479427753934192,1.2520743919885553
5745,2.9625,5.05625,0.24647782546494995,1.2452074391988557
5746,2.95,5.0575,0.24583690987124465,1.2452074391988557
5747,2.9575,5.05625,0.24647782546494995,1.2452074391988557
5748,2.9575,5.05625,0.24583690987124465,1.2406294706723893
5749,2.95,5.05625,0.24583690987124465,1.2406294706723893
5750,2.945,5.0575,0.24537911301859802,1.2406294706723893
5751,2.9875,5.0525,0.24876680972818313,1.2566523605150215
5752,2.9675,5.05625,0.2473018597997139,1.249785407725322
5753,2.9375,5.0575,0.24482975679542204,1.238340486409156
5754,2.96,5.0575,0.24748497854077256,1.2520743919885553
5755,2.955,5.0575,0.2462947067238913,1.2452074391988557
5756,2.97,5.055,0.24748497854077256,1.2520743919885553
5757,2.9525,5.05875,0.2473018597997139,1.2520743919885553
5758,2.9475,5.0575,0.245653791130186,1.2406294706723893
5759,2.9625,5.05625,0.24684406294706726,1.249785407725322
5760,2.9575,5.0575,0.2687267525035766,1.357367668097282
5761,2.97,5.05875,0.24748497854077256,1.2520743919885553
5762,2.965,5.05625,0.24711874105865525,1.249785407725322
5763,3.015,5.05375,0.24666094420600862,1.2452074391988557
5764,2.97,5.05625,0.24748497854077256,1.2520743919885553
5765,2.955,5.05625,0.2462947067238913,1.2452074391988557
5766,2.98,5.05625,0.24684406294706726,1.249785407725322
5767,2.9725,5.055,0.24876680972818313,1.2566523605150215
5768,2.94,5.0575,0.2450128755364807,1.238340486409156
5769,2.965,5.05625,0.24812589413447786,1.2566523605150215
5770,3.085,5.03125,0.2495908440629471,1.2566523605150215
5771,2.9725,5.055,0.2476680972818312,1.2520743919885553
5772,2.97,5.05625,0.2483090128755365,1.2566523605150215
5773,2.9575,5.0575,0.24455507868383408,1.238340486409156
5774,2.9575,5.05875,0.24647782546494995,1.2452074391988557
5775,2.9675,5.0575,0.2483090128755365,1.2566523605150215
5776,2.965,5.05625,0.2479427753934192,1.2520743919885553
5777,2.9425,5.05625,0.24519599427753935,1.2406294706723893
5778,2.9625,5.055,0.24684406294706726,1.2566523605150215
5779,2.9675,5.05625,0.2479427753934192,1.2520743919885553
5780,2.95,5.05625,0.24583690987124465,1.2406294706723893
5781,2.97,5.055,0.24748497854077256,1.2520743919885553
5782,2.975,5.05625,0.24711874105865525,1.249785407725322
5783,2.96,5.05625,0.24666094420600862,1.249785407725322
5784,2.96,5.055,0.24666094420600862,1.2452074391988557
5785,2.9625,5.05625,0.24666094420600862,1.249785407725322
5786,2.96,5.0575,0.24666094420600862,1.249785407725322
5787,2.955,5.055,0.2462947067238913,1.2452074391988557
5788,2.945,5.0575,0.2443719599427754,1.238340486409156
5789,2.965,5.0575,0.24711874105865525,1.249785407725322
5790,2.95,5.0575,0.24583690987124465,1.2452074391988557
5791,2.965,5.05875,0.245653791130186,1.2406294706723893
5792,2.97,5.0575,0.24748497854077256,1.2520743919885553
5793,2.955,5.05625,0.2462947067238913,1.2452074391988557
5794,2.97,5.05625,0.24748497854077256,1.2520743919885553
5795,2.9475,5.055,0.245653791130186,1.2406294706723893
5796,3.3975,5.0275,0.283101573676681,1.4260371959942777
5797,2.93,5.0575,0.24107582260371963,1.2177396280400574
5798,2.9425,5.06125,0.24519599427753935,1.2406294706723893
5799,2.94,5.05625,0.2450128755364807,1.238340486409156
5800,2.945,5.05875,0.2462947067238913,1.2452074391988557
5801,2.97,5.05375,0.24748497854077256,1.2520743919885553
5802,2.945,5.05625,0.24537911301859802,1.2406294706723893
5803,2.955,5.05875,0.24666094420600862,1.249785407725322
5804,2.96,5.05625,0.2485836909871245,1.2566523605150215
5805,2.95,5.05625,0.24583690987124465,1.2406294706723893
5806,2.9375,5.06,0.2476680972818312,1.2520743919885553
5807,2.9825,5.0575,0.24711874105865525,1.249785407725322
5808,2.95,5.055,0.24583690987124465,1.2406294706723893
5809,2.95,5.055,0.2522460658082976,1.2749642346208871
5810,2.9275,5.05875,0.24711874105865525,1.249785407725322
5811,2.95,5.05875,0.24583690987124465,1.2452074391988557
5812,2.9475,5.0575,0.2473018597997139,1.2520743919885553
5813,2.915,5.06,0.24482975679542204,1.238340486409156
5814,2.98,5.05625,0.2483090128755365,1.2566523605150215
5815,2.93,5.055,0.24418884120171677,1.2520743919885553
5816,2.9925,5.05125,0.25041487839771104,1.2635193133047211
5817,2.9725,5.0575,0.2476680972818312,1.2520743919885553
5818,2.945,5.06,0.24537911301859802,1.2406294706723893
5819,2.955,5.05625,0.2476680972818312,1.2520743919885553
5820,2.975,5.055,0.2479427753934192,1.2520743919885553
5821,2.95,5.05875,0.24583690987124465,1.2452074391988557
5822,2.97,5.05375,0.24666094420600862,1.2452074391988557
5823,2.95,5.05375,0.24583690987124465,1.2406294706723893
5824,3.03,5.0575,0.2525207439198856,1.2795422031473536
5825,2.97,5.0575,0.2473018597997139,1.2520743919885553
5826,2.965,5.055,0.24711874105865525,1.249785407725322
5827,2.96,5.05625,0.24666094420600862,1.249785407725322
5828,2.94,5.0625,0.24373104434907011,1.2337625178826896
5829,2.965,5.05625,0.24711874105865525,1.249785407725322
5830,2.9425,5.0575,0.24519599427753935,1.2406294706723893
5831,3.065,5.05875,0.245653791130186,1.2406294706723893
5832,2.9525,5.05875,0.24602002861230332,1.2452074391988557
5833,2.9425,5.05625,0.24519599427753935,1.2406294706723893
5834,2.965,5.05875,0.24666094420600862,1.249785407725322
5835,2.935,5.05875,0.24455507868383408,1.238340486409156
5836,2.94,5.05375,0.2450128755364807,1.238340486409156
5837,1.2475,5.17375,0.11975965665236053,0.6180257510729614
5838,1.295,5.165,0.10501859799713878,0.5447782546494994
5839,1.1675,5.15625,0.09732761087267526,0.5035765379113019
5840,1.3375,5.1575,0.09751072961373392,0.5035765379113019
5841,1.355,5.15375,0.09787696709585123,0.5058655221745351
5842,1.3725,5.16875,0.11435765379113019,0.5928469241773964
5843,1.24,5.17125,0.11124463519313306,0.5745350500715308
5844,1.3225,5.1575,0.09311587982832618,0.48068669527897
5845,1.3725,5.17875,0.11435765379113019,0.5928469241773964
5846,1.1475,5.17375,0.10749070100143063,0.5539341917024321
5847,1.9975,5.1075,0.1558340486409156,0.7942775393419171
5848,2.1725,5.1125,0.1810128755364807,0.9270386266094421
5849,1.7975,5.13125,0.1571158798283262,0.8057224606580831
5850,1.165,5.17875,0.11289270386266095,0.5859799713876968
5851,1.2575,5.17625,0.10483547925608012,0.5447782546494994
5852,0.9025,5.18,0.07517024320457798,0.32961373390557946
5853,0.935,5.1775,0.06601430615164522,0.3410586552217454
5854,0.9075,5.21,0.07562804005722461,0.3937052932761088
5855,0.7525,5.18125,0.06271816881258942,0.32732474964234626
5856,0.74,5.2,0.07269814020028613,0.3776824034334764
5857,0.86,5.2,0.07169098712446352,0.37081545064377686
5858,0.9175,5.1975,0.07645207439198856,0.3982832618025752
5859,0.74,5.20875,0.06335908440629472,0.32961373390557946
5860,0.845,5.215,0.07040915593705294,0.36852646638054365
5861,0.88,5.2125,0.07333905579399143,0.38226037195994284
5862,0.8625,5.18125,0.056492131616595144,0.2929899856938484
5863,0.7275,5.1825,0.060612303290414886,0.3158798283261803
5864,0.69,5.185,0.057499284692417746,0.2952789699570816
5865,0.7225,5.21375,0.06912732474964235,0.35937052932761093
5866,0.7775,5.21125,0.06482403433476396,0.33648068669527903
5867,0.715,5.17875,0.059605150214592284,0.30672389127324756
5868,0.795,5.19125,0.07205722460658083,0.37539341917024327
5869,0.9075,5.19625,0.07562804005722461,0.3937052932761088
5870,0.765,5.18125,0.06372532188841203,0.32961373390557946
5871,0.9175,5.17875,0.06107010014306152,0.3158798283261803
5872,0.7575,5.21,0.06308440629470673,0.32961373390557946
5873,0.9025,5.2125,0.07517024320457798,0.3891273247496424
5874,0.89,5.18125,0.05814020028612304,0.29985693848354794
5875,0.895,5.1775,0.059330472103004295,0.30672389127324756
5876,0.8525,5.20625,0.07105007153075824,0.37081545064377686
5877,0.885,5.17625,0.05621745350500716,0.2929899856938484
5878,0.7175,5.19875,0.06793705293276109,0.35250357653791137
5879,0.8375,5.1975,0.06976824034334765,0.3639484978540773
5880,0.885,5.18125,0.055851216022889845,0.288412017167382
5881,0.8425,5.18875,0.05539341917024321,0.288412017167382
5882,0.815,5.20125,0.06793705293276109,0.35250357653791137
5883,0.8975,5.17875,0.06271816881258942,0.32732474964234626
5884,0.8025,5.1975,0.06372532188841203,0.32961373390557946
5885,0.9525,5.205,0.07938197424892705,0.4120171673819743
5886,0.815,5.1925,0.06125321888412018,0.3181688125894135
5887,0.6775,5.2125,0.07498712446351932,0.3891273247496424
5888,0.8025,5.215,0.06683834048640916,0.34792560801144495
5889,0.715,5.2025,0.059605150214592284,0.36852646638054365
5890,0.6775,5.205,0.07352217453505008,0.38226037195994284
5891,0.8925,5.20375,0.07434620886981402,0.3868383404864092
5892,0.8525,5.21375,0.07105007153075824,0.37081545064377686
5893,0.8625,5.18125,0.056492131616595144,0.2929899856938484
5894,0.6925,5.18125,0.0576824034334764,0.29985693848354794
5895,0.8175,5.21125,0.06812017167381974,0.3570815450643777
5896,0.875,5.185,0.07370529327610874,0.38226037195994284
5897,0.7075,5.185,0.058964234620886985,0.30672389127324756
5898,0.71,5.185,0.05914735336194564,0.30672389127324756
5899,0.7725,5.195,0.07086695278969958,0.36852646638054365
5900,0.725,5.18,0.06042918454935623,0.3113018597997139
5901,0.8075,5.20875,0.0672961373390558,0.34792560801144495
5902,1.3525,5.16625,0.11664663805436339,0.6042918454935623
5903,2.145,5.1125,0.1787238912732475,0.9155937052932762
5904,1.8725,5.15,0.15601716738197427,0.8034334763948499
5905,1.3125,5.16375,0.10959656652360517,0.5653791130185981
5906,0.8975,5.20625,0.07480400572246067,0.3891273247496424
5907,0.8075,5.1875,0.0672961373390558,0.34792560801144495
5908,0.715,5.21125,0.07397997138769671,0.3868383404864092
5909,0.8525,5.195,0.07105007153075824,0.36852646638054365
5910,0.8775,5.21125,0.07315593705293277,0.38226037195994284
5911,0.88,5.1775,0.05731616595135909,0.2952789699570816
5912,0.71,5.20375,0.07608583690987125,0.3982832618025752
5913,0.79,5.17625,0.06583118741058656,0.3410586552217454
5914,0.7175,5.2025,0.07608583690987125,0.3982832618025752
5915,0.815,5.19125,0.06857796852646639,0.3570815450643777
5916,0.74,5.18,0.061711015736766815,0.3181688125894135
5917,0.67,5.215,0.07233190271816882,0.3776824034334764
5918,0.745,5.2025,0.058964234620886985,0.30672389127324756
5919,0.7825,5.20875,0.06519027181688127,0.3410586552217454
5920,0.7575,5.195,0.06482403433476396,0.33648068669527903
5921,0.7425,5.2025,0.07462088698140201,0.3891273247496424
5922,0.86,5.2075,0.07169098712446352,0.37539341917024327
5923,0.89,5.17875,0.059330472103004295,0.30672389127324756
5924,0.8625,5.18125,0.05795708154506438,0.29985693848354794
5925,0.81,5.19875,0.06747925608011446,0.35250357653791137
5926,0.8825,5.18125,0.07352217453505008,0.29985693848354794
5927,0.7225,5.21125,0.07205722460658083,0.37539341917024327
5928,0.8275,5.19125,0.0689442060085837,0.3570815450643777
5929,0.7525,5.1825,0.06271816881258942,0.32732474964234626
5930,0.72,5.2025,0.07919885550786838,0.4120171673819743
5931,0.7275,5.17875,0.060612303290414886,0.3158798283261803
5932,0.69,5.2,0.057499284692417746,0.29985693848354794
5933,0.69,5.21375,0.06583118741058656,0.34563662374821175
5934,0.67,5.1875,0.055851216022889845,0.288412017167382
5935,0.6675,5.1925,0.05566809728183119,0.288412017167382
5936,0.6925,5.21375,0.0662889842632332,0.34563662374821175
5937,0.7075,5.2025,0.058964234620886985,0.30672389127324756
5938,0.67,5.185,0.055851216022889845,0.288412017167382
5939,0.755,5.20375,0.05978826895565094,0.3113018597997139
5940,0.6725,5.185,0.05603433476394851,0.288412017167382
5941,0.7125,5.18125,0.059330472103004295,0.30672389127324756
5942,0.7375,5.19875,0.07416309012875537,0.3868383404864092
5943,0.7675,5.18375,0.064,0.32961373390557946
5944,0.7075,5.18125,0.058964234620886985,0.30443490701001436
5945,0.895,5.17875,0.06107010014306152,0.3158798283261803
5946,0.7575,5.19875,0.06308440629470673,0.32732474964234626
5947,0.6875,5.20125,0.05731616595135909,0.2952789699570816
5948,0.7225,5.2075,0.06143633762517883,0.3181688125894135
5949,0.775,5.20125,0.0576824034334764,0.29985693848354794
5950,0.665,5.1875,0.05539341917024321,0.288412017167382
5951,0.7425,5.20625,0.06125321888412018,0.3181688125894135
5952,0.78,5.19625,0.05704148783977111,0.2952789699570816
5953,0.7225,5.19,0.060246065808297576,0.3113018597997139
5954,0.685,5.21375,0.06857796852646639,0.3570815450643777
5955,0.835,5.1875,0.05539341917024321,0.288412017167382
5956,0.6875,5.1825,0.05731616595135909,0.2952789699570816
5957,0.895,5.18125,0.06253505007153076,0.32274678111587984
5958,0.8525,5.1875,0.058964234620886985,0.30672389127324756
5959,0.905,5.21125,0.07544492131616595,0.3937052932761088
5960,0.84,5.19,0.05914735336194564,0.30672389127324756
5961,0.8475,5.19,0.058964234620886985,0.30672389127324756
5962,0.8,5.2125,0.0666552217453505,0.34792560801144495
5963,0.7925,5.1875,0.06601430615164522,0.33648068669527903
5964,0.98,5.1775,0.07562804005722461,0.3891273247496424
5965,0.675,5.1925,0.05621745350500716,0.2929899856938484
5966,0.67,5.18625,0.055851216022889845,0.288412017167382
5967,0.83,5.18875,0.05539341917024321,0.288412017167382
5968,0.67,5.185,0.055851216022889845,0.288412017167382
5969,0.67,5.18375,0.055851216022889845,0.288412017167382
5970,0.7775,5.2,0.05795708154506438,0.29985693848354794
5971,0.73,5.19,0.06079542203147354,0.3158798283261803
5972,0.9,5.2025,0.07498712446351932,0.3891273247496424
5973,0.84,5.1875,0.062077253218884125,0.32274678111587984
5974,0.84,5.21,0.07004291845493563,0.3639484978540773
5975,0.795,5.1875,0.0662889842632332,0.34563662374821175
5976,0.7625,5.20375,0.064,0.3341917024320458
5977,0.8325,5.21375,0.06940200286123034,0.35937052932761093
5978,0.875,5.21125,0.07288125894134478,0.3776824034334764
5979,0.8375,5.18375,0.05914735336194564,0.30672389127324756
5980,0.87,5.20875,0.07251502145922747,0.3776824034334764
5981,0.67,5.1925,0.055851216022889845,0.288412017167382
5982,0.695,5.2125,0.06564806866952791,0.3410586552217454
5983,0.67,5.185,0.055851216022889845,0.288412017167382
5984,0.675,5.18125,0.05621745350500716,0.2929899856938484
5985,0.87,5.1775,0.05814020028612304,0.29985693848354794
5986,0.7475,5.195,0.06583118741058656,0.3410586552217454
5987,0.7775,5.18625,0.06482403433476396,0.33648068669527903
5988,0.7275,5.2125,0.07105007153075824,0.37081545064377686
5989,0.7225,5.21,0.07059227467811159,0.36852646638054365
5990,0.8925,5.20125,0.07434620886981402,0.3868383404864092
5991,0.8525,5.18875,0.05850643776824035,0.30443490701001436
5992,0.76,5.20125,0.06308440629470673,0.32732474964234626
5993,0.7325,5.18875,0.06107010014306152,0.3158798283261803
5994,0.7,5.2125,0.06482403433476396,0.33648068669527903
5995,0.74,5.2025,0.06912732474964235,0.35937052932761093
5996,0.6675,5.18625,0.05566809728183119,0.288412017167382
5997,0.7125,5.21125,0.06143633762517883,0.3181688125894135
5998,0.87,5.18125,0.056858369098712454,0.2952789699570816
5999,0.7325,5.17875,0.06107010014306152,0.3158798283261803
6000,0.74,5.2025,0.061711015736766815,0.32274678111587984
6001,0.685,5.2125,0.0683032904148784,0.3570815450643777
6002,1.02,5.18625,0.08496709585121603,0.44177396280400577
6003,0.7825,5.2,0.06519027181688127,0.33648068669527903
6004,0.88,5.1825,0.06308440629470673,0.32732474964234626
6005,0.7775,5.19375,0.06482403433476396,0.33648068669527903
6006,0.9025,5.21125,0.07517024320457798,0.3891273247496424
6007,0.835,5.185,0.059605150214592284,0.30672389127324756
6008,0.7825,5.19375,0.06519027181688127,0.33648068669527903
6009,0.88,5.21125,0.07333905579399143,0.38226037195994284
6010,0.87,5.18125,0.057499284692417746,0.2952789699570816
6011,0.8875,5.21,0.07397997138769671,0.3868383404864092
6012,0.89,5.2125,0.07416309012875537,0.3868383404864092
6013,0.855,5.18375,0.05878111587982833,0.30443490701001436
6014,0.8325,5.20375,0.06940200286123034,0.35937052932761093
6015,0.86,5.21125,0.07169098712446352,0.37539341917024327
6016,0.7,5.2025,0.07022603719599428,0.3639484978540773
6017,0.8925,5.21,0.07434620886981402,0.3868383404864092
6018,0.86,5.1925,0.07169098712446352,0.37081545064377686
6019,0.71,5.20625,0.07333905579399143,0.38226037195994284
6020,0.87,5.1975,0.07251502145922747,0.37539341917024327
6021,0.7675,5.1825,0.064,0.32961373390557946
6022,0.745,5.19625,0.0662889842632332,0.34563662374821175
6023,0.7025,5.21125,0.06418311874105866,0.3341917024320458
6024,0.6725,5.19125,0.05603433476394851,0.2929899856938484
6025,0.685,5.21375,0.07059227467811159,0.36852646638054365
6026,0.7325,5.20625,0.06583118741058656,0.3410586552217454
6027,0.685,5.18125,0.05704148783977111,0.2952789699570816
6028,0.8075,5.19375,0.05566809728183119,0.288412017167382
6029,0.855,5.1825,0.06335908440629472,0.32961373390557946
6030,0.81,5.19125,0.06747925608011446,0.34792560801144495
6031,0.77,5.19875,0.05832331902718169,0.30443490701001436
6032,0.72,5.2125,0.07288125894134478,0.3776824034334764
6033,0.9775,5.20625,0.08148783977110158,0.4234620886981402
6034,0.875,5.18625,0.059605150214592284,0.30672389127324756
6035,0.7375,5.20875,0.06683834048640916,0.34792560801144495
6036,0.875,5.2125,0.07288125894134478,0.3776824034334764
6037,0.8625,5.185,0.07187410586552218,0.288412017167382
6038,0.895,5.1825,0.05603433476394851,0.288412017167382
6039,0.7675,5.185,0.064,0.32961373390557946
6040,0.735,5.18875,0.06125321888412018,0.3181688125894135
6041,0.8625,5.18375,0.05566809728183119,0.288412017167382
6042,0.8775,5.21,0.07315593705293277,0.38226037195994284
6043,0.8825,5.215,0.07352217453505008,0.38226037195994284
6044,0.835,5.1875,0.06647210300429185,0.34563662374821175
6045,0.7725,5.195,0.06436623748211731,0.3341917024320458
6046,0.675,5.1825,0.05621745350500716,0.2929899856938484
6047,0.7125,5.2125,0.07517024320457798,0.3891273247496424
6048,0.845,5.195,0.07040915593705294,0.36852646638054365
6049,0.8325,5.18375,0.06940200286123034,0.35937052932761093
6050,0.71,5.2075,0.07608583690987125,0.3982832618025752
6051,0.7575,5.18375,0.06308440629470673,0.32732474964234626
6052,0.6725,5.18375,0.05603433476394851,0.288412017167382
6053,0.675,5.21,0.07333905579399143,0.38226037195994284
6054,0.8575,5.21375,0.07141630901287555,0.37081545064377686
6055,0.7125,5.2025,0.059330472103004295,0.30672389127324756
6056,0.67,5.2125,0.07315593705293277,0.38226037195994284
6057,0.7725,5.21125,0.06436623748211731,0.3341917024320458
6058,0.685,5.19875,0.05704148783977111,0.2952789699570816
6059,0.715,5.2,0.07123319027181689,0.37081545064377686
6060,0.71,5.20125,0.06812017167381974,0.35250357653791137
6061,0.8525,5.20625,0.07105007153075824,0.37081545064377686
6062,0.8475,5.19,0.05914735336194564,0.30672389127324756
6063,0.84,5.1925,0.059330472103004295,0.30672389127324756
6064,0.77,5.20625,0.06418311874105866,0.3341917024320458
6065,0.895,5.18125,0.05914735336194564,0.30672389127324756
6066,0.775,5.20375,0.06335908440629472,0.32961373390557946
6067,0.785,5.2125,0.06537339055793992,0.3410586552217454
6068,0.6925,5.205,0.07187410586552218,0.37539341917024327
6069,0.67,5.2125,0.07141630901287555,0.37081545064377686
6070,0.8725,5.21,0.07269814020028613,0.3776824034334764
6071,0.7625,5.19375,0.06454935622317597,0.3341917024320458
6072,0.77,5.1925,0.06372532188841203,0.32961373390557946
6073,0.9225,5.1875,0.0769098712446352,0.3982832618025752
6074,0.8825,5.18125,0.07352217453505008,0.2929899856938484
6075,0.795,5.1925,0.06308440629470673,0.32732474964234626
6076,0.8325,5.20125,0.06940200286123034,0.35937052932761093
6077,0.8125,5.21,0.06775393419170243,0.35250357653791137
6078,0.9,5.17875,0.060246065808297576,0.3113018597997139
6079,0.7125,5.1825,0.059330472103004295,0.30672389127324756
6080,0.7075,5.18125,0.058964234620886985,0.30443490701001436
6081,0.705,5.2075,0.07581115879828328,0.3937052932761088
6082,0.7975,5.19875,0.06647210300429185,0.34563662374821175
6083,0.9775,5.20625,0.08148783977110158,0.4234620886981402
6084,0.855,5.1825,0.05878111587982833,0.30443490701001436
6085,0.935,5.21,0.0779170243204578,0.40515021459227474
6086,0.805,5.21375,0.06711301859799715,0.34792560801144495
6087,0.715,5.19875,0.06775393419170243,0.35250357653791137
6088,0.8225,5.20125,0.06857796852646639,0.3570815450643777
6089,0.8675,5.21375,0.07233190271816882,0.3776824034334764
6090,0.8625,5.18125,0.05731616595135909,0.2952789699570816
6091,0.755,5.19125,0.06290128755364807,0.32732474964234626
6092,0.7075,5.1875,0.058964234620886985,0.30672389127324756
6093,0.7875,5.19375,0.07397997138769671,0.38226037195994284
6094,0.7375,5.18,0.06143633762517883,0.3181688125894135
6095,1.4275,5.17625,0.11893562231759658,0.6157367668097282
6096,0.7825,5.19375,0.0689442060085837,0.3570815450643777
6097,0.8775,5.18125,0.05731616595135909,0.2952789699570816
6098,0.73,5.1875,0.06079542203147354,0.3158798283261803
6099,0.8125,5.19,0.05539341917024321,0.288412017167382
6100,0.8575,5.1825,0.056858369098712454,0.2952789699570816
6101,0.665,5.19,0.05539341917024321,0.288412017167382
6102,0.6725,5.215,0.07205722460658083,0.37539341917024327
6103,0.6975,5.21125,0.06482403433476396,0.33648068669527903
6104,0.89,5.205,0.07416309012875537,0.3868383404864092
6105,0.845,5.1825,0.05603433476394851,0.288412017167382
6106,0.8225,5.18875,0.06226037195994278,0.32274678111587984
6107,0.8125,5.2075,0.06775393419170243,0.35250357653791137
6108,0.9,5.18125,0.059330472103004295,0.30672389127324756
6109,0.72,5.2125,0.07251502145922747,0.3776824034334764
6110,0.795,5.1875,0.0662889842632332,0.34563662374821175
6111,0.7175,5.21125,0.05978826895565094,0.3113018597997139
6112,0.6675,5.2125,0.07315593705293277,0.38226037195994284
6113,0.725,5.1975,0.06042918454935623,0.3158798283261803
6114,0.7525,5.1925,0.06271816881258942,0.32732474964234626
6115,0.87,5.18125,0.056858369098712454,0.2952789699570816
6116,0.7925,5.1975,0.06601430615164522,0.3410586552217454
6117,0.8825,5.21375,0.07352217453505008,0.38226037195994284
6118,0.6775,5.2075,0.07745922746781117,0.40515021459227474
6119,0.795,5.21125,0.0662889842632332,0.34563662374821175
6120,0.7625,5.21,0.06354220314735337,0.32961373390557946
6121,0.6625,5.2125,0.07288125894134478,0.3776824034334764
6122,0.88,5.2125,0.07333905579399143,0.38226037195994284
6123,0.9725,5.205,0.08103004291845495,0.421173104434907
6124,0.7675,5.20625,0.06454935622317597,0.33648068669527903
6125,0.915,5.21,0.0762689556509299,0.3982832618025752
6126,0.85,5.195,0.07086695278969958,0.36852646638054365
6127,0.7025,5.21,0.06354220314735337,0.32961373390557946
6128,0.66,5.1925,0.0550271816881259,0.2861230329041488
6129,0.725,5.1875,0.06042918454935623,0.3158798283261803
6130,0.85,5.18375,0.05603433476394851,0.288412017167382
6131,0.6625,5.1875,0.05521030042918455,0.2861230329041488
6132,0.835,5.205,0.069585121602289,0.3639484978540773
6133,0.8525,5.18,0.059605150214592284,0.30672389127324756
6134,0.87,5.18125,0.056858369098712454,0.2952789699570816
6135,0.7625,5.19125,0.06354220314735337,0.32961373390557946
6136,0.78,5.19625,0.05566809728183119,0.288412017167382
6137,0.71,5.2075,0.0769098712446352,0.4005722460658083
6138,0.88,5.20125,0.07333905579399143,0.38226037195994284
6139,0.74,5.20875,0.06747925608011446,0.35250357653791137
6140,0.705,5.2125,0.07581115879828328,0.3937052932761088
6141,0.7625,5.18375,0.06354220314735337,0.32961373390557946
6142,0.67,5.21,0.07123319027181689,0.37081545064377686
6143,0.7075,5.21125,0.06454935622317597,0.33648068669527903
6144,0.69,5.1975,0.057499284692417746,0.29985693848354794
6145,0.715,5.205,0.07608583690987125,0.3982832618025752
6146,0.73,5.1975,0.0662889842632332,0.34563662374821175
6147,0.8125,5.1975,0.06775393419170243,0.35250357653791137
6148,0.8775,5.1775,0.07315593705293277,0.2952789699570816
6149,0.85,5.18375,0.05832331902718169,0.30443490701001436
6150,0.725,5.1875,0.06042918454935623,0.3158798283261803
6151,0.86,5.20375,0.07169098712446352,0.37081545064377686
6152,0.7375,5.21,0.07086695278969958,0.36852646638054365
6153,0.95,5.20125,0.07919885550786838,0.4120171673819743
6154,0.7225,5.1825,0.060246065808297576,0.3113018597997139
6155,0.8275,5.18875,0.06647210300429185,0.34563662374821175
6156,0.71,5.18875,0.05914735336194564,0.30672389127324756
6157,0.785,5.2,0.06537339055793992,0.3410586552217454
6158,0.7275,5.2075,0.06271816881258942,0.32732474964234626
6159,0.6775,5.19125,0.056492131616595144,0.2929899856938484
6160,0.6725,5.1825,0.05603433476394851,0.288412017167382
6161,0.7875,5.195,0.05914735336194564,0.30672389127324756
6162,0.67,5.1925,0.055851216022889845,0.288412017167382
6163,0.735,5.1825,0.06125321888412018,0.3181688125894135
6164,0.82,5.18875,0.057499284692417746,0.29985693848354794
6165,0.6675,5.185,0.05566809728183119,0.288412017167382
6166,0.775,5.19375,0.06454935622317597,0.3341917024320458
6167,0.7575,5.205,0.064,0.3341917024320458
6168,0.82,5.21,0.0683032904148784,0.3570815450643777
6169,0.9,5.2075,0.07498712446351932,0.3891273247496424
6170,0.8075,5.19875,0.061711015736766815,0.32274678111587984
6171,0.78,5.2025,0.06335908440629472,0.32961373390557946
6172,0.915,5.20875,0.0762689556509299,0.3982832618025752
6173,0.73,5.19875,0.06683834048640916,0.34792560801144495
6174,0.755,5.20375,0.07141630901287555,0.37081545064377686
6175,0.8525,5.21,0.07105007153075824,0.37081545064377686
6176,0.8175,5.18625,0.06253505007153076,0.32274678111587984
6177,0.7575,5.19375,0.06436623748211731,0.3341917024320458
6178,0.87,5.2125,0.07251502145922747,0.3776824034334764
6179,0.6775,5.20625,0.07040915593705294,0.36852646638054365
6180,0.6675,5.20875,0.07288125894134478,0.3776824034334764
6181,0.7575,5.20875,0.06308440629470673,0.32961373390557946
6182,0.85,5.19,0.059605150214592284,0.30672389127324756
6183,0.72,5.21125,0.06912732474964235,0.35937052932761093
6184,0.81,5.18625,0.06747925608011446,0.34792560801144495
6185,0.7125,5.21,0.059330472103004295,0.30672389127324756
6186,0.7775,5.195,0.07004291845493563,0.3639484978540773
6187,0.8275,5.18,0.0689442060085837,0.3570815450643777
6188,0.6775,5.1825,0.056492131616595144,0.2929899856938484
6189,0.725,5.2075,0.060612303290414886,0.3158798283261803
6190,0.685,5.19875,0.05704148783977111,0.2952789699570816
6191,0.685,5.1875,0.05704148783977111,0.2952789699570816
6192,0.7375,5.2025,0.06354220314735337,0.32961373390557946
6193,0.735,5.18,0.06125321888412018,0.3181688125894135
6194,0.7375,5.1875,0.06143633762517883,0.3181688125894135
6195,0.8375,5.1875,0.05566809728183119,0.288412017167382
6196,0.895,5.2125,0.07462088698140201,0.3891273247496424
6197,0.8825,5.1975,0.07352217453505008,0.38226037195994284
6198,0.73,5.20125,0.07837482117310444,0.4097281831187411
6199,0.7975,5.1875,0.06647210300429185,0.34563662374821175
6200,0.7275,5.1825,0.060612303290414886,0.3158798283261803
6201,0.755,5.1975,0.07105007153075824,0.36852646638054365
6202,0.7175,5.1825,0.05978826895565094,0.3113018597997139
6203,0.73,5.18125,0.06079542203147354,0.3158798283261803
6204,0.8575,5.185,0.05603433476394851,0.288412017167382
6205,0.71,5.20375,0.05914735336194564,0.30672389127324756
6206,0.6975,5.18125,0.05814020028612304,0.29985693848354794
6207,0.83,5.18875,0.055851216022889845,0.288412017167382
6208,0.81,5.18875,0.06189413447782547,0.32274678111587984
6209,0.8425,5.20875,0.07022603719599428,0.36852646638054365
6210,0.8725,5.17625,0.05704148783977111,0.2952789699570816
6211,0.765,5.19375,0.06500715307582261,0.33648068669527903
6212,0.7075,5.18375,0.058964234620886985,0.30672389127324756
6213,0.82,5.19,0.06775393419170243,0.35250357653791137
6214,0.87,5.185,0.05878111587982833,0.30443490701001436
6215,0.8825,5.21,0.07352217453505008,0.38226037195994284
6216,0.89,5.18375,0.05914735336194564,0.30672389127324756
6217,0.8075,5.1925,0.05603433476394851,0.2929899856938484
6218,0.6975,5.1825,0.05814020028612304,0.29985693848354794
6219,0.735,5.20625,0.06125321888412018,0.3181688125894135
6220,0.885,5.17875,0.06107010014306152,0.3158798283261803
6221,0.7,5.18375,0.05832331902718169,0.30443490701001436
6222,0.8725,5.18,0.07269814020028613,0.3776824034334764
6223,0.77,5.19125,0.06354220314735337,0.32961373390557946
6224,0.7325,5.1875,0.06107010014306152,0.3158798283261803
6225,0.8525,5.215,0.07105007153075824,0.37081545064377686
6226,0.8425,5.1825,0.05850643776824035,0.30443490701001436
6227,0.7525,5.20125,0.06271816881258942,0.32732474964234626
6228,0.87,5.2125,0.07251502145922747,0.3776824034334764
6229,0.9075,5.17875,0.06042918454935623,0.3113018597997139
6230,0.83,5.205,0.06912732474964235,0.35937052932761093
6231,0.8675,5.21125,0.07233190271816882,0.3776824034334764
6232,0.7875,5.195,0.056492131616595144,0.2929899856938484
6233,0.7275,5.19,0.060612303290414886,0.3158798283261803
6234,0.705,5.18375,0.05878111587982833,0.30443490701001436
6235,0.885,5.1775,0.05814020028612304,0.29985693848354794
6236,0.8175,5.2,0.06812017167381974,0.35250357653791137
6237,0.865,5.2125,0.07205722460658083,0.37539341917024327
6238,0.6975,5.20375,0.07022603719599428,0.3639484978540773
6239,0.8325,5.215,0.06940200286123034,0.3639484978540773
6240,0.6875,5.195,0.05731616595135909,0.2952789699570816
6241,0.72,5.2075,0.060612303290414886,0.3158798283261803
6242,0.8925,5.2125,0.07434620886981402,0.3868383404864092
6243,0.9,5.20375,0.07498712446351932,0.3891273247496424
6244,0.79,5.19875,0.061711015736766815,0.32274678111587984
6245,0.725,5.2025,0.08478397711015738,0.44177396280400577
6246,0.87,5.2125,0.07251502145922747,0.3776824034334764
6247,0.825,5.1875,0.05566809728183119,0.288412017167382
6248,0.86,5.18375,0.055851216022889845,0.288412017167382
6249,0.7,5.1825,0.05832331902718169,0.30443490701001436
6250,1.015,5.1725,0.05566809728183119,0.288412017167382
6251,0.805,5.1925,0.055851216022889845,0.288412017167382
6252,0.6675,5.19125,0.05566809728183119,0.288412017167382
6253,0.67,5.2125,0.07141630901287555,0.37081545064377686
6254,0.735,5.205,0.05978826895565094,0.3113018597997139
6255,0.85,5.2075,0.07086695278969958,0.36852646638054365
6256,0.735,5.205,0.059971387696709594,0.3113018597997139
6257,0.71,5.21125,0.07462088698140201,0.3891273247496424
6258,0.8575,5.195,0.07141630901287555,0.37081545064377686
6259,0.705,5.21,0.05878111587982833,0.30443490701001436
6260,0.82,5.18875,0.06711301859799715,0.34792560801144495
6261,0.7075,5.1825,0.058964234620886985,0.30443490701001436
6262,0.6925,5.2,0.0576824034334764,0.29985693848354794
6263,0.6725,5.20875,0.07517024320457798,0.3891273247496424
6264,0.7975,5.2125,0.06647210300429185,0.34563662374821175
6265,0.7475,5.19875,0.06226037195994278,0.32274678111587984
6266,0.7525,5.20125,0.05795708154506438,0.29985693848354794
6267,0.6775,5.1825,0.056492131616595144,0.2929899856938484
6268,0.7575,5.19125,0.06308440629470673,0.32732474964234626
6269,0.8575,5.18375,0.05603433476394851,0.288412017167382
6270,0.7425,5.18875,0.06189413447782547,0.32274678111587984
6271,0.8675,5.21,0.07233190271816882,0.37539341917024327
6272,0.8675,5.185,0.05850643776824035,0.30443490701001436
6273,0.73,5.17375,0.06079542203147354,0.3158798283261803
6274,0.725,5.185,0.06042918454935623,0.3158798283261803
6275,0.74,5.2,0.07269814020028613,0.3776824034334764
6276,0.7525,5.1825,0.06271816881258942,0.32732474964234626
6277,0.67,5.19,0.055851216022889845,0.288412017167382
6278,0.6675,5.21125,0.07233190271816882,0.3776824034334764
6279,0.745,5.21125,0.062077253218884125,0.32274678111587984
6280,0.6925,5.1875,0.0576824034334764,0.29985693848354794
6281,0.6975,5.21,0.06436623748211731,0.3341917024320458
6282,0.79,5.1975,0.06079542203147354,0.3158798283261803
6283,0.715,5.1875,0.059605150214592284,0.30672389127324756
6284,0.6675,5.21125,0.07370529327610874,0.38226037195994284
6285,0.695,5.21125,0.06436623748211731,0.3341917024320458
6286,0.71,5.2025,0.05914735336194564,0.30672389127324756
6287,0.9,5.17875,0.060612303290414886,0.3158798283261803
6288,0.8175,5.19625,0.06107010014306152,0.3181688125894135
6289,0.89,5.21375,0.07416309012875537,0.3868383404864092
6290,0.8875,5.1825,0.059330472103004295,0.30672389127324756
6291,0.71,5.21125,0.07498712446351932,0.3891273247496424
6292,0.935,5.195,0.0779170243204578,0.40515021459227474
6293,0.9175,5.1775,0.05621745350500716,0.2929899856938484
6294,0.8225,5.185,0.059971387696709594,0.3113018597997139
6295,0.915,5.205,0.0762689556509299,0.3982832618025752
6296,0.855,5.185,0.07123319027181689,0.37081545064377686
6297,0.8425,5.185,0.058964234620886985,0.30672389127324756
6298,0.86,5.21125,0.07169098712446352,0.37539341917024327
6299,0.76,5.21125,0.06335908440629472,0.32961373390557946
6300,0.665,5.20875,0.07233190271816882,0.37539341917024327
6301,0.84,5.215,0.07004291845493563,0.3639484978540773
6302,0.835,5.19375,0.069585121602289,0.35937052932761093
6303,0.74,5.2075,0.0683032904148784,0.3570815450643777
6304,0.875,5.2,0.07288125894134478,0.3776824034334764
6305,0.815,5.19125,0.06793705293276109,0.35250357653791137
6306,0.74,5.20875,0.06564806866952791,0.3410586552217454
6307,0.9225,5.205,0.0769098712446352,0.4005722460658083
6308,0.775,5.21125,0.06454935622317597,0.33648068669527903
6309,0.765,5.19375,0.0662889842632332,0.34563662374821175
6310,0.905,5.21375,0.07544492131616595,0.3937052932761088
6311,0.8625,5.2075,0.07187410586552218,0.37539341917024327
6312,0.7825,5.19125,0.06271816881258942,0.32732474964234626
6313,0.765,5.1875,0.06372532188841203,0.32961373390557946
6314,0.7525,5.19,0.06271816881258942,0.32732474964234626
6315,0.715,5.20875,0.061711015736766815,0.32274678111587984
6316,0.6825,5.1975,0.056858369098712454,0.2952789699570816
6317,0.78,5.205,0.06500715307582261,0.33648068669527903
6318,0.8975,5.18,0.061711015736766815,0.3181688125894135
6319,0.8975,5.1825,0.058964234620886985,0.30443490701001436
6320,0.8575,5.21125,0.07141630901287555,0.37081545064377686
6321,0.875,5.185,0.05850643776824035,0.30443490701001436
6322,0.7175,5.2075,0.07810014306151646,0.40515021459227474
6323,0.8525,5.21,0.07105007153075824,0.37081545064377686
6324,0.73,5.1975,0.06793705293276109,0.35250357653791137
6325,0.735,5.19625,0.06775393419170243,0.35250357653791137
6326,0.8325,5.2125,0.06940200286123034,0.35937052932761093
6327,0.6775,5.21,0.07233190271816882,0.37539341917024327
6328,0.695,5.21375,0.06683834048640916,0.34792560801144495
6329,0.7625,5.21,0.06354220314735337,0.32961373390557946
6330,0.6925,5.205,0.07288125894134478,0.3776824034334764
6331,0.7025,5.21,0.06354220314735337,0.32961373390557946
6332,0.8675,5.21,0.07233190271816882,0.37539341917024327
6333,0.835,5.19,0.069585121602289,0.35937052932761093
6334,0.705,5.20875,0.07562804005722461,0.3937052932761088
6335,0.865,5.2,0.07205722460658083,0.37539341917024327
6336,0.715,5.19,0.059605150214592284,0.30672389127324756
6337,0.835,5.1875,0.06683834048640916,0.34563662374821175
6338,0.8325,5.1925,0.06940200286123034,0.35937052932761093
6339,0.8725,5.21,0.07269814020028613,0.3776824034334764
6340,0.855,5.185,0.05814020028612304,0.29985693848354794
6341,0.845,5.215,0.07040915593705294,0.36852646638054365
6342,0.7525,5.20875,0.06271816881258942,0.32732474964234626
6343,0.6775,5.215,0.06976824034334765,0.3639484978540773
6344,0.745,5.21,0.062077253218884125,0.32274678111587984
6345,0.685,5.18125,0.05704148783977111,0.2952789699570816
6346,0.875,5.1775,0.05795708154506438,0.29985693848354794
6347,0.705,5.1875,0.05878111587982833,0.30443490701001436
6348,0.8575,5.21125,0.07141630901287555,0.37081545064377686
6349,0.9,5.17875,0.06107010014306152,0.3158798283261803
6350,0.71,5.18,0.05914735336194564,0.30672389127324756
6351,0.8225,5.21,0.06857796852646639,0.3570815450643777
6352,0.885,5.18125,0.06519027181688127,0.33648068669527903
6353,0.9,5.20375,0.07498712446351932,0.3891273247496424
6354,0.82,5.215,0.0683032904148784,0.3570815450643777
6355,0.6875,5.20625,0.07059227467811159,0.36852646638054365
6356,0.7125,5.21125,0.06747925608011446,0.35250357653791137
6357,0.8625,5.21,0.07187410586552218,0.37539341917024327
6358,0.7525,5.195,0.06537339055793992,0.3410586552217454
6359,0.695,5.2025,0.07040915593705294,0.36852646638054365
6360,0.775,5.21125,0.06454935622317597,0.33648068669527903
6361,0.7125,5.19875,0.06775393419170243,0.35250357653791137
6362,0.895,5.18,0.058964234620886985,0.30443490701001436
6363,0.805,5.2,0.06711301859799715,0.34792560801144495
6364,0.895,5.18125,0.06271816881258942,0.32732474964234626
6365,0.715,5.21,0.07251502145922747,0.3776824034334764
6366,0.85,5.195,0.07086695278969958,0.36852646638054365
6367,0.78,5.2,0.05814020028612304,0.30443490701001436
6368,0.8,5.195,0.061711015736766815,0.3181688125894135
6369,0.6775,5.19,0.056492131616595144,0.2929899856938484
6370,0.6875,5.17875,0.05731616595135909,0.2952789699570816
6371,0.795,5.195,0.05603433476394851,0.2929899856938484
6372,0.6825,5.1825,0.056858369098712454,0.2952789699570816
6373,0.7125,5.185,0.059330472103004295,0.30672389127324756
6374,0.85,5.1825,0.0566752503576538,0.2929899856938484
6375,0.77,5.19375,0.06418311874105866,0.3341917024320458
6376,0.8625,5.20875,0.07187410586552218,0.37539341917024327
6377,0.7575,5.20625,0.06647210300429185,0.34563662374821175
6378,0.8825,5.19875,0.07352217453505008,0.38226037195994284
6379,0.7525,5.18,0.06271816881258942,0.32732474964234626
6380,0.705,5.2075,0.07581115879828328,0.3937052932761088
6381,0.78,5.19375,0.06500715307582261,0.33648068669527903
6382,0.84,5.2125,0.07004291845493563,0.3639484978540773
6383,0.705,5.2025,0.06876108726752504,0.3570815450643777
6384,0.825,5.2,0.06876108726752504,0.3570815450643777
6385,0.8075,5.21375,0.0672961373390558,0.35250357653791137
6386,0.67,5.21,0.07205722460658083,0.37539341917024327
6387,0.6875,5.2,0.05731616595135909,0.2952789699570816
6388,0.68,5.18125,0.0566752503576538,0.2929899856938484
6389,0.78,5.19875,0.05704148783977111,0.2952789699570816
6390,0.6675,5.18875,0.05566809728183119,0.288412017167382
6391,0.6675,5.18625,0.05566809728183119,0.288412017167382
6392,0.8,5.19375,0.07059227467811159,0.36852646638054365
6393,0.9075,5.17625,0.06372532188841203,0.32961373390557946
6394,0.7475,5.20125,0.06226037195994278,0.32274678111587984
6395,0.905,5.1825,0.06271816881258942,0.32732474964234626
6396,0.725,5.20375,0.08231187410586553,0.4280400572246066
6397,0.7725,5.19375,0.06436623748211731,0.3341917024320458
6398,0.885,5.1775,0.05621745350500716,0.2929899856938484
6399,0.825,5.1875,0.06125321888412018,0.3181688125894135
6400,0.775,5.19375,0.06454935622317597,0.3341917024320458
6401,0.865,5.1825,0.05603433476394851,0.288412017167382
6402,0.885,5.18,0.06079542203147354,0.3158798283261803
6403,0.84,5.19375,0.07004291845493563,0.3639484978540773
6404,0.865,5.1825,0.07205722460658083,0.29985693848354794
6405,0.8225,5.19,0.061711015736766815,0.3181688125894135
6406,0.85,5.205,0.07086695278969958,0.36852646638054365
6407,0.9,5.17875,0.07498712446351932,0.3891273247496424
6408,0.8,5.19875,0.06079542203147354,0.3158798283261803
6409,0.855,5.21125,0.07123319027181689,0.37081545064377686
6410,0.885,5.2,0.07370529327610874,0.38226037195994284
6411,0.8025,5.1975,0.060612303290414886,0.3158798283261803
6412,0.975,5.20625,0.0812131616595136,0.4234620886981402
6413,0.7775,5.21125,0.06482403433476396,0.33648068669527903
6414,0.735,5.195,0.06583118741058656,0.3410586552217454
6415,0.7975,5.2125,0.06647210300429185,0.34563662374821175
6416,0.6725,5.18125,0.05603433476394851,0.288412017167382
6417,0.695,5.21,0.06912732474964235,0.35937052932761093
6418,0.6675,5.18875,0.05566809728183119,0.288412017167382
6419,0.6775,5.1825,0.056492131616595144,0.2929899856938484
6420,0.7125,5.21,0.062077253218884125,0.32274678111587984
6421,0.735,5.1975,0.06125321888412018,0.3181688125894135
6422,0.9425,5.2125,0.0785579399141631,0.4097281831187411
6423,0.8725,5.18125,0.058964234620886985,0.30443490701001436
6424,0.7,5.19125,0.05832331902718169,0.30443490701001436
6425,0.88,5.2075,0.07333905579399143,0.38226037195994284
6426,0.8575,5.18625,0.06537339055793992,0.33648068669527903
6427,1.0225,5.2025,0.08524177396280401,0.44177396280400577
6428,0.6875,5.2,0.05731616595135909,0.2952789699570816
6429,0.675,5.20625,0.07123319027181689,0.37081545064377686
6430,0.7175,5.20625,0.0672961373390558,0.34792560801144495
6431,0.69,5.19125,0.057499284692417746,0.29985693848354794
6432,0.79,5.19125,0.06519027181688127,0.33648068669527903
6433,0.75,5.2025,0.06418311874105866,0.3341917024320458
6434,0.6675,5.19,0.05566809728183119,0.288412017167382
6435,0.6825,5.20625,0.07086695278969958,0.36852646638054365
6436,0.7075,5.21,0.06335908440629472,0.32961373390557946
6437,1.07,5.19,0.0891788268955651,0.46237482117310447
6438,0.745,5.21,0.07462088698140201,0.3891273247496424
6439,0.7675,5.19625,0.07141630901287555,0.37081545064377686
6440,0.7475,5.18625,0.06226037195994278,0.32274678111587984
6441,0.7675,5.19375,0.07205722460658083,0.37539341917024327
6442,0.9125,5.1775,0.06537339055793992,0.33648068669527903
6443,0.845,5.19625,0.07040915593705294,0.36852646638054365
6444,0.845,5.215,0.07040915593705294,0.36852646638054365
6445,0.67,5.2075,0.07141630901287555,0.37081545064377686
6446,0.7375,5.18625,0.06143633762517883,0.3181688125894135
6447,0.72,5.17875,0.059971387696709594,0.3113018597997139
6448,0.665,5.2125,0.07123319027181689,0.37081545064377686
6449,0.865,5.21,0.07205722460658083,0.37539341917024327
6450,0.6825,5.19625,0.056858369098712454,0.2952789699570816
6451,0.745,5.2,0.06308440629470673,0.32732474964234626
6452,1.295,5.1775,0.10794849785407726,0.5585121602288985
6453,0.895,5.2125,0.07462088698140201,0.3891273247496424
6454,0.925,5.17625,0.06226037195994278,0.32274678111587984
6455,0.755,5.205,0.06290128755364807,0.32732474964234626
6456,0.91,5.2125,0.07581115879828328,0.3937052932761088
6457,0.9125,5.18,0.05914735336194564,0.30672389127324756
6458,0.75,5.20875,0.06253505007153076,0.32732474964234626
6459,0.6775,5.1975,0.056492131616595144,0.2929899856938484
6460,0.6625,5.20875,0.07169098712446352,0.37539341917024327
6461,0.845,5.1925,0.07040915593705294,0.3639484978540773
6462,0.87,5.2025,0.07251502145922747,0.3776824034334764
6463,0.8725,5.1825,0.056858369098712454,0.2952789699570816
6464,0.73,5.18875,0.06079542203147354,0.3158798283261803
6465,0.85,5.2075,0.07086695278969958,0.36852646638054365
6466,1.4275,5.1475,0.09229184549356224,0.47610872675250365
6467,0.7925,5.20375,0.06876108726752504,0.3570815450643777
6468,0.8375,5.195,0.06976824034334765,0.3639484978540773
6469,0.74,5.20875,0.06519027181688127,0.3410586552217454
6470,0.72,5.21125,0.06940200286123034,0.35937052932761093
6471,0.9025,5.205,0.07517024320457798,0.3891273247496424
6472,0.6975,5.21,0.0683032904148784,0.3570815450643777
6473,0.6825,5.21,0.07233190271816882,0.37539341917024327
6474,0.7975,5.21375,0.06647210300429185,0.34563662374821175
6475,0.6575,5.21,0.07251502145922747,0.3776824034334764
6476,0.665,5.21375,0.07233190271816882,0.3776824034334764
6477,0.7775,5.21125,0.06482403433476396,0.33648068669527903
6478,0.8575,5.18125,0.0566752503576538,0.2929899856938484
6479,0.7425,5.195,0.06564806866952791,0.3410586552217454
6480,0.87,5.2125,0.07251502145922747,0.3776824034334764
6481,0.86,5.2125,0.07169098712446352,0.37539341917024327
6482,0.91,5.1725,0.06793705293276109,0.35250357653791137
6483,0.8025,5.19875,0.06683834048640916,0.34792560801144495
6484,0.845,5.21125,0.07040915593705294,0.36852646638054365
6485,0.8625,5.1825,0.058964234620886985,0.30443490701001436
6486,0.785,5.2075,0.06537339055793992,0.3410586552217454
6487,0.8975,5.2025,0.07480400572246067,0.3891273247496424
6488,0.8425,5.1875,0.05566809728183119,0.288412017167382
6489,0.675,5.18125,0.05621745350500716,0.2929899856938484
6490,0.6575,5.19,0.054752503576537916,0.2861230329041488
6491,0.68,5.21375,0.06940200286123034,0.35937052932761093
6492,0.71,5.205,0.05914735336194564,0.30672389127324756
6493,0.7625,5.21125,0.06354220314735337,0.32961373390557946
6494,0.7875,5.19,0.0662889842632332,0.34563662374821175
6495,0.7575,5.21125,0.06308440629470673,0.32961373390557946
6496,0.9375,5.215,0.07810014306151646,0.4097281831187411
6497,1.1825,5.14625,0.08066380543633764,0.41659513590844066
6498,0.815,5.19875,0.06793705293276109,0.35250357653791137
6499,0.7875,5.20875,0.06564806866952791,0.3410586552217454
6500,0.8825,5.17875,0.060612303290414886,0.3158798283261803
6501,0.7175,5.19375,0.05978826895565094,0.3113018597997139
6502,0.835,5.2125,0.069585121602289,0.3639484978540773
6503,0.68,5.20625,0.07022603719599428,0.3639484978540773
6504,0.7075,5.2125,0.06601430615164522,0.34563662374821175
6505,0.7325,5.2075,0.06107010014306152,0.3181688125894135
6506,0.67,5.21375,0.07233190271816882,0.3776824034334764
6507,0.7,5.21,0.06253505007153076,0.32732474964234626
6508,0.7375,5.20375,0.06143633762517883,0.3181688125894135
6509,0.69,5.21375,0.06711301859799715,0.34792560801144495
6510,0.78,5.19625,0.056858369098712454,0.2952789699570816
6511,0.6625,5.19,0.05521030042918455,0.2861230329041488
6512,0.7725,5.20125,0.07581115879828328,0.3937052932761088
6513,0.8,5.1925,0.07581115879828328,0.3937052932761088
6514,0.7325,5.17875,0.06107010014306152,0.3158798283261803
6515,0.71,5.20625,0.05914735336194564,0.3891273247496424
6516,0.7475,5.1975,0.07187410586552218,0.37539341917024327
6517,0.71,5.17875,0.05914735336194564,0.30672389127324756
6518,0.6975,5.1875,0.05814020028612304,0.29985693848354794
6519,0.6925,5.21125,0.06537339055793992,0.3410586552217454
6520,0.755,5.20875,0.06290128755364807,0.32732474964234626
6521,0.6625,5.19,0.05521030042918455,0.2861230329041488
6522,0.685,5.21375,0.06747925608011446,0.35250357653791137
6523,0.8,5.20875,0.0666552217453505,0.34792560801144495
6524,0.67,5.1825,0.055851216022889845,0.288412017167382
6525,0.755,5.20375,0.059971387696709594,0.3113018597997139
6526,0.7375,5.1825,0.06143633762517883,0.3181688125894135
6527,0.815,5.18,0.06793705293276109,0.35250357653791137
6528,0.9325,5.18125,0.07059227467811159,0.36852646638054365
6529,0.745,5.1825,0.062077253218884125,0.32274678111587984
6530,0.715,5.19,0.059605150214592284,0.30672389127324756
6531,0.8775,5.18375,0.06271816881258942,0.32732474964234626
6532,0.7325,5.1975,0.06107010014306152,0.3181688125894135
6533,0.845,5.215,0.07040915593705294,0.36852646638054365
6534,0.8425,5.185,0.059330472103004295,0.30672389127324756
6535,0.775,5.1925,0.06454935622317597,0.3341917024320458
6536,0.73,5.1875,0.06079542203147354,0.3158798283261803
6537,0.8325,5.1875,0.05566809728183119,0.288412017167382
6538,0.725,5.185,0.06042918454935623,0.3158798283261803
6539,0.7775,5.19375,0.06482403433476396,0.33648068669527903
6540,0.8625,5.18125,0.05704148783977111,0.2952789699570816
6541,0.6675,5.20875,0.07233190271816882,0.37539341917024327
6542,1.24,5.195,0.10337052932761089,0.5356223175965666
6543,0.83,5.19125,0.059330472103004295,0.30672389127324756
6544,0.7775,5.2025,0.06290128755364807,0.32732474964234626
6545,0.7675,5.205,0.064,0.3341917024320458
6546,0.9325,5.17375,0.06418311874105866,0.3341917024320458
6547,0.9125,5.18,0.05914735336194564,0.30672389127324756
6548,0.675,5.18625,0.05621745350500716,0.2929899856938484
6549,0.72,5.2075,0.06271816881258942,0.32732474964234626
6550,0.7625,5.20125,0.05795708154506438,0.29985693848354794
6551,0.67,5.195,0.055851216022889845,0.288412017167382
6552,0.6675,5.21375,0.05566809728183119,0.3891273247496424
6553,0.6775,5.20875,0.07086695278969958,0.36852646638054365
6554,0.8675,5.2125,0.07233190271816882,0.3776824034334764
6555,0.88,5.21125,0.07333905579399143,0.38226037195994284
6556,0.7625,5.19375,0.064,0.3341917024320458
6557,1.295,5.18,0.10794849785407726,0.5585121602288985
6558,0.71,5.1825,0.05914735336194564,0.30672389127324756
6559,0.825,5.18875,0.0666552217453505,0.34563662374821175
6560,0.7625,5.18375,0.06354220314735337,0.32961373390557946
6561,0.7075,5.18,0.058964234620886985,0.30443490701001436
6562,0.7325,5.2,0.07315593705293277,0.3776824034334764
6563,0.7625,5.18,0.06354220314735337,0.32961373390557946
6564,0.7675,5.19375,0.064,0.3341917024320458
6565,0.7125,5.20875,0.06290128755364807,0.32732474964234626
6566,0.665,5.18875,0.05539341917024321,0.288412017167382
6567,0.78,5.195,0.06500715307582261,0.33648068669527903
6568,0.8175,5.19125,0.05521030042918455,0.2861230329041488
6569,0.675,5.19375,0.05621745350500716,0.2929899856938484
6570,0.6675,5.1875,0.05566809728183119,0.288412017167382
6571,0.705,5.20875,0.06253505007153076,0.32732474964234626
6572,1.1525,5.18625,0.09604577968526468,0.4989985693848355
6573,0.8175,5.1925,0.06812017167381974,0.35250357653791137
6574,0.71,5.21125,0.07498712446351932,0.3891273247496424
6575,0.7975,5.19,0.06647210300429185,0.34563662374821175
6576,0.7125,5.1925,0.059330472103004295,0.30672389127324756
6577,0.8775,5.18125,0.06226037195994278,0.32274678111587984
6578,0.7575,5.19625,0.06500715307582261,0.33648068669527903
6579,0.7225,5.18625,0.060246065808297576,0.3113018597997139
6580,0.7625,5.20125,0.05814020028612304,0.30443490701001436
6581,0.855,5.18625,0.05539341917024321,0.288412017167382
6582,0.8025,5.19625,0.06683834048640916,0.34792560801144495
6583,0.79,5.195,0.056492131616595144,0.2929899856938484
6584,0.8575,5.18125,0.0566752503576538,0.2929899856938484
6585,0.7925,5.19625,0.06601430615164522,0.3410586552217454
6586,0.865,5.18375,0.056492131616595144,0.2929899856938484
6587,1.16,5.17375,0.07105007153075824,0.36852646638054365
6588,0.855,5.2125,0.07123319027181689,0.37081545064377686
6589,0.875,5.185,0.07288125894134478,0.32732474964234626
6590,0.815,5.19,0.0672961373390558,0.34792560801144495
6591,0.71,5.18,0.05914735336194564,0.30672389127324756
6592,0.875,5.21125,0.07288125894134478,0.3776824034334764
6593,0.805,5.185,0.06271816881258942,0.32732474964234626
6594,0.7525,5.19125,0.06271816881258942,0.32732474964234626
6595,0.865,5.21375,0.07205722460658083,0.37539341917024327
6596,1.3175,5.15875,0.06482403433476396,0.3341917024320458
6597,0.7325,5.1875,0.06107010014306152,0.3158798283261803
6598,0.7525,5.19125,0.06271816881258942,0.32732474964234626
6599,0.675,5.20875,0.07397997138769671,0.3868383404864092
6600,0.81,5.2125,0.06747925608011446,0.35250357653791137
6601,0.73,5.21125,0.06079542203147354,0.3158798283261803
6602,0.83,5.19375,0.06857796852646639,0.3570815450643777
6603,0.8625,5.1875,0.07187410586552218,0.37081545064377686
6604,0.7025,5.1875,0.05850643776824035,0.30443490701001436
6605,0.755,5.195,0.07544492131616595,0.3937052932761088
6606,0.7975,5.1875,0.06647210300429185,0.34563662374821175
6607,0.86,5.18625,0.07169098712446352,0.37081545064377686
6608,0.6675,5.20875,0.07169098712446352,0.37539341917024327
6609,0.9225,5.19125,0.0769098712446352,0.3982832618025752
6610,0.89,5.215,0.07416309012875537,0.3868383404864092
6611,0.7375,5.19625,0.06564806866952791,0.3410586552217454
6612,0.9175,5.21,0.07645207439198856,0.3982832618025752
6613,0.7925,5.2125,0.06601430615164522,0.34563662374821175
6614,0.675,5.205,0.07086695278969958,0.36852646638054365
6615,0.715,5.20125,0.06940200286123034,0.35937052932761093
6616,0.855,5.2125,0.07123319027181689,0.37081545064377686
6617,1.1175,5.16625,0.0662889842632332,0.3410586552217454
6618,0.7025,5.20875,0.07416309012875537,0.3868383404864092
6619,0.7425,5.175,0.06189413447782547,0.3181688125894135
6620,0.755,5.195,0.07059227467811159,0.36852646638054365
6621,0.9025,5.18,0.06125321888412018,0.3181688125894135
6622,0.765,5.17875,0.06372532188841203,0.32961373390557946
6623,0.6975,5.2125,0.06482403433476396,0.33648068669527903
6624,0.7575,5.2025,0.05850643776824035,0.30443490701001436
6625,0.665,5.1875,0.05539341917024321,0.288412017167382
6626,0.7025,5.21,0.05850643776824035,0.34563662374821175
6627,0.71,5.20875,0.06271816881258942,0.32732474964234626
6628,0.6675,5.185,0.05566809728183119,0.288412017167382
6629,0.75,5.1925,0.06253505007153076,0.32732474964234626
6630,0.8225,5.19,0.05521030042918455,0.2861230329041488
6631,0.6675,5.18375,0.05566809728183119,0.288412017167382
6632,0.7875,5.18375,0.06564806866952791,0.3410586552217454
6633,0.8975,5.1775,0.06436623748211731,0.3341917024320458
6634,0.7725,5.205,0.06436623748211731,0.3341917024320458
6635,0.8825,5.21125,0.07352217453505008,0.38226037195994284
6636,0.89,5.18125,0.061711015736766815,0.3181688125894135
6637,0.77,5.20375,0.06418311874105866,0.3341917024320458
6638,0.685,5.19625,0.05704148783977111,0.2952789699570816
6639,0.68,5.215,0.06940200286123034,0.3639484978540773
6640,0.79,5.21375,0.06583118741058656,0.34563662374821175
6641,0.6875,5.18375,0.05731616595135909,0.2952789699570816
6642,0.875,5.1775,0.057499284692417746,0.2952789699570816
6643,0.695,5.17875,0.05795708154506438,0.29985693848354794
6644,0.71,5.185,0.05914735336194564,0.30672389127324756
6645,0.8275,5.18875,0.05539341917024321,0.288412017167382
6646,0.7375,5.17875,0.06143633762517883,0.3181688125894135
6647,0.805,5.185,0.06711301859799715,0.34792560801144495
6648,0.73,5.2025,0.07352217453505008,0.38226037195994284
6649,0.865,5.19875,0.07205722460658083,0.37539341917024327
6650,0.8675,5.19875,0.07233190271816882,0.37539341917024327
6651,0.765,5.205,0.06418311874105866,0.3341917024320458
6652,0.73,5.20125,0.0785579399141631,0.4097281831187411
6653,0.87,5.21125,0.07251502145922747,0.3776824034334764
6654,0.8275,5.18625,0.060246065808297576,0.3113018597997139
6655,0.675,5.21375,0.07105007153075824,0.37081545064377686
6656,0.8025,5.21375,0.06683834048640916,0.34792560801144495
6657,0.665,5.21125,0.07333905579399143,0.38226037195994284
6658,0.7275,5.20625,0.06519027181688127,0.33648068669527903
6659,0.665,5.18875,0.05539341917024321,0.288412017167382
6660,0.855,5.18125,0.0566752503576538,0.2929899856938484
6661,0.7975,5.19125,0.06290128755364807,0.32732474964234626
6662,1.005,5.1875,0.08377682403433477,0.4349070100143062
6663,0.7875,5.195,0.06564806866952791,0.3639484978540773
6664,0.7725,5.19375,0.06912732474964235,0.35937052932761093
6665,0.71,5.18125,0.05914735336194564,0.30672389127324756
6666,0.71,5.1925,0.05914735336194564,0.30672389127324756
6667,0.81,5.19,0.06711301859799715,0.34792560801144495
6668,0.845,5.19375,0.07040915593705294,0.36852646638054365
6669,0.8175,5.2,0.06812017167381974,0.35250357653791137
6670,0.85,5.1825,0.056492131616595144,0.2929899856938484
6671,0.76,5.19125,0.06335908440629472,0.32961373390557946
6672,0.865,5.21375,0.07205722460658083,0.37539341917024327
6673,0.7575,5.1925,0.0689442060085837,0.3570815450643777
6674,0.8025,5.1975,0.06683834048640916,0.34792560801144495
6675,0.855,5.215,0.07123319027181689,0.37081545064377686
6676,0.7725,5.1925,0.064,0.3341917024320458
6677,0.97,5.18,0.08084692417739629,0.421173104434907
6678,0.8375,5.2125,0.06976824034334765,0.3639484978540773
6679,0.8925,5.18125,0.061711015736766815,0.3181688125894135
6680,0.7625,5.18125,0.06354220314735337,0.32961373390557946
6681,0.7575,5.20375,0.06308440629470673,0.32961373390557946
6682,0.8025,5.19125,0.06857796852646639,0.3570815450643777
6683,0.77,5.1825,0.06418311874105866,0.3341917024320458
6684,0.8725,5.21,0.07269814020028613,0.3776824034334764
6685,0.88,5.1825,0.055851216022889845,0.288412017167382
6686,0.7675,5.1925,0.06372532188841203,0.32961373390557946
6687,0.8575,5.20375,0.07141630901287555,0.37081545064377686
6688,0.865,5.18125,0.05621745350500716,0.2929899856938484
6689,0.785,5.19,0.06189413447782547,0.32274678111587984
6690,0.8975,5.2025,0.07480400572246067,0.3891273247496424
6691,0.8675,5.18125,0.056858369098712454,0.2952789699570816
6692,0.785,5.2,0.09503862660944207,0.49442060085836914
6693,0.715,5.18625,0.059605150214592284,0.30672389127324756
6694,0.9,5.18,0.06107010014306152,0.3158798283261803
6695,0.8575,5.1875,0.05878111587982833,0.30443490701001436
6696,0.7275,5.1975,0.060612303290414886,0.3158798283261803
6697,0.78,5.2025,0.062077253218884125,0.32274678111587984
6698,0.785,5.19625,0.0566752503576538,0.2952789699570816
6699,0.675,5.195,0.05621745350500716,0.2929899856938484
6700,0.8375,5.20625,0.06976824034334765,0.3410586552217454
6701,0.68,5.21375,0.06912732474964235,0.35937052932761093
6702,0.7025,5.20375,0.05850643776824035,0.30443490701001436
6703,0.68,5.18125,0.0566752503576538,0.2929899856938484
6704,0.785,5.19625,0.05621745350500716,0.2929899856938484
6705,0.6725,5.1825,0.05603433476394851,0.288412017167382
6706,0.765,5.1925,0.06372532188841203,0.32961373390557946
6707,1.025,5.17,0.06519027181688127,0.33648068669527903
6708,0.7175,5.19375,0.05978826895565094,0.3113018597997139
6709,0.8475,5.2125,0.07059227467811159,0.36852646638054365
6710,0.9,5.18,0.05978826895565094,0.3113018597997139
6711,0.705,5.1875,0.05878111587982833,0.30443490701001436
6712,0.7675,5.20375,0.064,0.3341917024320458
6713,0.71,5.20875,0.07251502145922747,0.3776824034334764
6714,0.8425,5.2125,0.07022603719599428,0.36852646638054365
6715,0.8125,5.21375,0.06775393419170243,0.35250357653791137
6716,0.695,5.2025,0.0689442060085837,0.35937052932761093
6717,0.865,5.21,0.07205722460658083,0.37539341917024327
6718,0.845,5.215,0.07040915593705294,0.36852646638054365
6719,0.665,5.21125,0.07251502145922747,0.3776824034334764
6720,0.7275,5.20875,0.060612303290414886,0.3158798283261803
6721,0.8325,5.215,0.06940200286123034,0.3639484978540773
6722,0.935,5.18,0.06647210300429185,0.34563662374821175
6723,0.7275,5.2,0.0785579399141631,0.4097281831187411
6724,0.8275,5.1925,0.0689442060085837,0.3570815450643777
6725,0.815,5.195,0.062077253218884125,0.32274678111587984
6726,0.7125,5.21,0.07416309012875537,0.3868383404864092
6727,0.7875,5.18625,0.06564806866952791,0.3410586552217454
6728,0.685,5.21375,0.06683834048640916,0.34792560801144495
6729,0.8475,5.18375,0.05566809728183119,0.288412017167382
6730,0.805,5.19875,0.06711301859799715,0.34792560801144495
6731,0.8,5.195,0.05621745350500716,0.2929899856938484
6732,0.83,5.18875,0.05566809728183119,0.288412017167382
6733,0.83,5.2025,0.06912732474964235,0.35937052932761093
6734,0.8125,5.1875,0.06042918454935623,0.3158798283261803
6735,0.6825,5.215,0.06775393419170243,0.35250357653791137
6736,0.69,5.1975,0.057499284692417746,0.29985693848354794
6737,0.725,5.21,0.06042918454935623,0.36852646638054365
6738,0.745,5.19875,0.07269814020028613,0.3776824034334764
6739,0.7875,5.18,0.06564806866952791,0.3410586552217454
6740,0.735,5.19875,0.06125321888412018,0.3181688125894135
6741,0.77,5.20375,0.06354220314735337,0.32961373390557946
6742,0.9025,5.20875,0.07517024320457798,0.3891273247496424
6743,0.8575,5.21125,0.07141630901287555,0.37081545064377686
6744,0.875,5.18125,0.0566752503576538,0.2929899856938484
6745,0.835,5.2025,0.069585121602289,0.3639484978540773
6746,0.8475,5.205,0.07059227467811159,0.36852646638054365
6747,0.8425,5.18625,0.05539341917024321,0.288412017167382
6748,0.68,5.18125,0.0566752503576538,0.2929899856938484
6749,0.78,5.19375,0.06500715307582261,0.33648068669527903
6750,0.865,5.1825,0.05603433476394851,0.288412017167382
6751,0.6725,5.19625,0.05603433476394851,0.2929899856938484
6752,0.7725,5.185,0.06436623748211731,0.3341917024320458
6753,0.7625,5.205,0.06876108726752504,0.3570815450643777
6754,0.85,5.21125,0.07086695278969958,0.36852646638054365
6755,0.85,5.19625,0.07086695278969958,0.36852646638054365
6756,0.78,5.20125,0.06308440629470673,0.32732474964234626
6757,0.7425,5.2,0.06189413447782547,0.32274678111587984
6758,0.775,5.21125,0.06454935622317597,0.33648068669527903
6759,0.7125,5.20125,0.06912732474964235,0.35937052932761093
6760,0.87,5.20875,0.07251502145922747,0.3776824034334764
6761,0.7625,5.2125,0.06354220314735337,0.32961373390557946
6762,0.665,5.21,0.07233190271816882,0.37539341917024327
6763,0.785,5.1975,0.061711015736766815,0.32274678111587984
6764,0.7,5.18375,0.05832331902718169,0.30443490701001436
6765,0.7425,5.20375,0.05914735336194564,0.30672389127324756
6766,0.8575,5.1825,0.056492131616595144,0.2929899856938484
6767,0.8125,5.19375,0.06775393419170243,0.35250357653791137
6768,0.7325,5.20125,0.07397997138769671,0.3868383404864092
6769,0.835,5.18625,0.06583118741058656,0.3410586552217454
6770,0.7075,5.17875,0.058964234620886985,0.30443490701001436
6771,0.83,5.18375,0.06747925608011446,0.34792560801144495
6772,0.905,5.18,0.05978826895565094,0.3113018597997139
6773,0.71,5.20125,0.05914735336194564,0.30672389127324756
6774,0.73,5.1975,0.06079542203147354,0.34563662374821175
6775,0.665,5.2125,0.07123319027181689,0.37081545064377686
6776,0.6875,5.2,0.05731616595135909,0.2952789699570816
6777,0.7,5.18375,0.05832331902718169,0.30443490701001436
6778,0.7525,5.20375,0.05832331902718169,0.30443490701001436
6779,0.665,5.18875,0.05539341917024321,0.288412017167382
6780,0.6675,5.18875,0.05566809728183119,0.288412017167382
6781,0.6825,5.21125,0.07333905579399143,0.38226037195994284
6782,0.8125,5.21,0.06775393419170243,0.35250357653791137
6783,0.76,5.18125,0.06335908440629472,0.32961373390557946
6784,0.7925,5.19375,0.06976824034334765,0.3639484978540773
6785,0.7075,5.1825,0.058964234620886985,0.30443490701001436
6786,0.7625,5.20125,0.06354220314735337,0.32961373390557946
6787,0.8825,5.1825,0.06372532188841203,0.32961373390557946
6788,0.795,5.19875,0.0662889842632332,0.34563662374821175
6789,0.8425,5.2075,0.07022603719599428,0.36852646638054365
6790,0.8425,5.18625,0.059605150214592284,0.30672389127324756
6791,0.7825,5.19,0.06519027181688127,0.33648068669527903
6792,0.8175,5.2125,0.06812017167381974,0.3570815450643777
6793,0.8525,5.18375,0.06125321888412018,0.3181688125894135
6794,0.895,5.2025,0.07462088698140201,0.3891273247496424
6795,0.86,5.21125,0.07169098712446352,0.37539341917024327
6796,0.8675,5.18125,0.0566752503576538,0.2929899856938484
6797,0.8225,5.1875,0.06253505007153076,0.32732474964234626
6798,0.7825,5.1875,0.06519027181688127,0.33648068669527903
6799,0.705,5.205,0.07480400572246067,0.3891273247496424
6800,0.7875,5.19125,0.06793705293276109,0.35250357653791137
6801,0.7125,5.18125,0.059330472103004295,0.30672389127324756
6802,0.7125,5.2125,0.07370529327610874,0.38226037195994284
6803,0.765,5.2,0.06454935622317597,0.33648068669527903
6804,0.685,5.1975,0.05704148783977111,0.2952789699570816
6805,0.6975,5.21375,0.06482403433476396,0.33648068669527903
6806,0.78,5.19625,0.056858369098712454,0.2952789699570816
6807,0.675,5.18125,0.05621745350500716,0.2929899856938484
6808,0.81,5.19375,0.05603433476394851,0.2929899856938484
6809,0.87,5.18375,0.05731616595135909,0.2952789699570816
6810,0.82,5.2025,0.0683032904148784,0.3570815450643777
6811,0.8525,5.1825,0.07105007153075824,0.288412017167382
6812,0.7925,5.20625,0.06042918454935623,0.3158798283261803
6813,0.9075,5.21,0.07562804005722461,0.3937052932761088
6814,0.9275,5.20375,0.07727610872675252,0.4005722460658083
6815,0.8325,5.19125,0.05878111587982833,0.30443490701001436
6816,0.8725,5.2125,0.07269814020028613,0.3776824034334764
6817,0.905,5.205,0.07544492131616595,0.3937052932761088
6818,0.715,5.20875,0.062077253218884125,0.32274678111587984
6819,0.6725,5.19375,0.05603433476394851,0.2929899856938484
6820,0.8,5.19875,0.0666552217453505,0.34563662374821175
6821,0.87,5.18125,0.05621745350500716,0.2929899856938484
6822,0.7,5.2025,0.05832331902718169,0.30443490701001436
6823,0.6675,5.1925,0.05566809728183119,0.288412017167382
6824,0.7275,5.20625,0.06079542203147354,0.3158798283261803
6825,0.7975,5.2125,0.06647210300429185,0.34563662374821175
6826,0.6675,5.18625,0.05566809728183119,0.288412017167382
6827,0.805,5.195,0.05566809728183119,0.288412017167382
6828,0.9025,5.20125,0.07517024320457798,0.3891273247496424
6829,0.89,5.1925,0.07416309012875537,0.3868383404864092
6830,0.7075,5.2125,0.07562804005722461,0.3937052932761088
6831,0.84,5.19625,0.07004291845493563,0.3639484978540773
6832,0.8675,5.20125,0.07233190271816882,0.37539341917024327
6833,0.8675,5.1775,0.05621745350500716,0.2929899856938484
6834,0.715,5.19875,0.0672961373390558,0.34792560801144495
6835,0.94,5.20875,0.07837482117310444,0.4097281831187411
6836,0.83,5.19,0.05566809728183119,0.288412017167382
6837,0.8675,5.18125,0.056492131616595144,0.2929899856938484
6838,0.77,5.1925,0.06418311874105866,0.3341917024320458
6839,0.8675,5.1825,0.05704148783977111,0.2952789699570816
6840,0.79,5.18875,0.06125321888412018,0.3181688125894135
6841,0.845,5.2,0.07040915593705294,0.36852646638054365
6842,0.8675,5.1775,0.05621745350500716,0.2929899856938484
6843,0.82,5.195,0.06143633762517883,0.3181688125894135
6844,0.9125,5.21,0.07608583690987125,0.3982832618025752
6845,0.9,5.18125,0.05914735336194564,0.30672389127324756
6846,0.76,5.20375,0.06500715307582261,0.33648068669527903
6847,0.9,5.21125,0.07498712446351932,0.3891273247496424
6848,0.865,5.18125,0.07205722460658083,0.2952789699570816
6849,0.7575,5.19375,0.06454935622317597,0.3341917024320458
6850,0.7675,5.19375,0.064,0.3341917024320458
6851,2.52,5.085,0.21003719599427756,1.0689556509299
6852,2.9425,5.0575,0.245653791130186,1.2406294706723893
6853,2.9525,5.05625,0.24602002861230332,1.2452074391988557
6854,2.965,5.05875,0.24711874105865525,1.249785407725322
6855,2.945,5.06,0.24208297567954223,1.2268955650929902
6856,2.9475,5.05875,0.245653791130186,1.2406294706723893
6857,2.93,5.05625,0.24418884120171677,1.2337625178826896
6858,2.9275,5.06,0.24391416309012878,1.2337625178826896
6859,2.94,5.0575,0.2450128755364807,1.238340486409156
6860,2.9775,5.0575,0.24812589413447786,1.2566523605150215
6861,2.935,5.05875,0.245653791130186,1.2406294706723893
6862,2.915,5.06,0.24290701001430617,1.2291845493562235
6863,2.915,5.05875,0.24290701001430617,1.2291845493562235
6864,2.9325,5.06,0.24309012875536484,1.2291845493562235
6865,2.9475,5.05625,0.245653791130186,1.2406294706723893
6866,2.9425,5.0575,0.24519599427753935,1.2406294706723893
6867,2.9475,5.06,0.24373104434907011,1.2337625178826896
6868,2.9575,5.05625,0.24647782546494995,1.2452074391988557
6869,2.9875,5.05625,0.2489499284692418,1.261230329041488
6870,2.96,5.05875,0.24812589413447786,1.2566523605150215
6871,2.965,5.05625,0.24748497854077256,1.2520743919885553
6872,3.0575,5.055,0.25480972818311876,1.286409155937053
6873,2.9675,5.055,0.2483090128755365,1.2566523605150215
6874,2.97,5.05625,0.24290701001430617,1.2268955650929902
6875,2.945,5.0575,0.24537911301859802,1.2406294706723893
6876,2.9775,5.0575,0.24940772532188843,1.261230329041488
6877,2.9625,5.05625,0.2479427753934192,1.2520743919885553
6878,2.98,5.05625,0.2483090128755365,1.2566523605150215
6879,2.975,5.0575,0.24455507868383408,1.238340486409156
6880,2.965,5.0575,0.24418884120171677,1.2337625178826896
6881,3.115,5.055,0.2595708154506438,1.3115879828326182
6882,2.965,5.05875,0.24647782546494995,1.2452074391988557
6883,2.9625,5.05625,0.2416251788268956,1.2223175965665238
6884,2.97,5.05625,0.24748497854077256,1.2520743919885553
6885,2.965,5.05875,0.24711874105865525,1.249785407725322
6886,2.9475,5.06,0.24977396280400574,1.2635193133047211
6887,2.95,5.05875,0.24583690987124465,1.2452074391988557
6888,2.9625,5.05625,0.24684406294706726,1.249785407725322
6889,2.9575,5.055,0.2485836909871245,1.2566523605150215
6890,2.945,5.05875,0.24537911301859802,1.2406294706723893
6891,2.9675,5.055,0.2473018597997139,1.249785407725322
6892,2.955,5.06,0.2450128755364807,1.2406294706723893
6893,2.96,5.05875,0.24666094420600862,1.249785407725322
6894,2.9725,5.05625,0.2476680972818312,1.2520743919885553
6895,2.94,5.05875,0.24482975679542204,1.238340486409156
6896,2.985,5.0575,0.24876680972818313,1.2566523605150215
6897,2.965,5.05625,0.24711874105865525,1.249785407725322
6898,2.9725,5.05625,0.2462947067238913,1.2452074391988557
6899,2.9475,5.05875,0.245653791130186,1.2406294706723893
6900,2.955,5.05625,0.2462947067238913,1.2452074391988557
6901,2.9925,5.055,0.2525207439198856,1.2749642346208871
6902,2.965,5.05625,0.24711874105865525,1.249785407725322
6903,2.9075,5.06,0.24226609442060087,1.2268955650929902
6904,2.9575,5.05875,0.24684406294706726,1.249785407725322
6905,2.9675,5.0575,0.2473018597997139,1.2520743919885553
6906,2.9625,5.0575,0.24684406294706726,1.249785407725322
6907,2.9425,5.0575,0.24666094420600862,1.249785407725322
6908,2.96,5.05625,0.24666094420600862,1.249785407725322
6909,2.9425,5.05625,0.24519599427753935,1.2406294706723893
6910,2.9575,5.05875,0.24711874105865525,1.249785407725322
6911,2.9575,5.0575,0.2473018597997139,1.2520743919885553
6912,2.9825,5.05375,0.2485836909871245,1.2566523605150215
6913,2.9625,5.05625,0.24482975679542204,1.238340486409156
6914,2.9725,5.0575,0.24666094420600862,1.249785407725322
6915,2.925,5.05875,0.24373104434907011,1.2337625178826896
6916,2.95,5.05875,0.24537911301859802,1.2406294706723893
6917,2.95,5.05875,0.2450128755364807,1.238340486409156
6918,2.9325,5.0575,0.2443719599427754,1.238340486409156
6919,2.9425,5.05875,0.2462947067238913,1.2452074391988557
6920,2.945,5.05875,0.24482975679542204,1.238340486409156
6921,2.9525,5.05875,0.24602002861230332,1.2452074391988557
6922,2.9225,5.05875,0.24354792560801147,1.2337625178826896
6923,2.9225,5.06,0.24418884120171677,1.2337625178826896
6924,2.9275,5.0575,0.24391416309012878,1.2337625178826896
6925,2.9525,5.06,0.24602002861230332,1.2452074391988557
6926,2.95,5.05625,0.245653791130186,1.2406294706723893
6927,2.95,5.05625,0.24583690987124465,1.2406294706723893
6928,2.9575,5.05625,0.24647782546494995,1.2452074391988557
6929,2.97,5.05875,0.2450128755364807,1.238340486409156
6930,2.945,5.05875,0.24537911301859802,1.2406294706723893
6931,2.9475,5.05875,0.245653791130186,1.2406294706723893
6932,2.955,5.05625,0.24583690987124465,1.2406294706723893
6933,2.93,5.05625,0.24418884120171677,1.2337625178826896
6934,2.965,5.05625,0.24711874105865525,1.249785407725322
6935,2.9825,5.055,0.2479427753934192,1.2520743919885553
6936,2.9725,5.05625,0.2476680972818312,1.2520743919885553
6937,2.95,5.055,0.24583690987124465,1.2406294706723893
6938,2.955,5.0575,0.2473018597997139,1.2520743919885553
6939,2.97,5.05625,0.24748497854077256,1.2520743919885553
6940,2.97,5.055,0.24748497854077256,1.2520743919885553
6941,2.9625,5.05625,0.24711874105865525,1.249785407725322
6942,2.975,5.05625,0.2479427753934192,1.2520743919885553
6943,2.96,5.05875,0.24666094420600862,1.249785407725322
6944,2.95,5.0575,0.24684406294706726,1.249785407725322
6945,2.9525,5.0575,0.24684406294706726,1.249785407725322
6946,2.955,5.05625,0.2462947067238913,1.2452074391988557
6947,2.96,5.05875,0.24748497854077256,1.2520743919885553
6948,2.975,5.055,0.24711874105865525,1.249785407725322
6949,3.0225,5.0575,0.2518798283261803,1.2749642346208871
6950,2.96,5.0575,0.24647782546494995,1.2452074391988557
6951,2.975,5.05625,0.24748497854077256,1.2520743919885553
6952,2.935,5.05875,0.24455507868383408,1.238340486409156
6953,2.96,5.05625,0.24711874105865525,1.249785407725322
6954,2.96,5.05875,0.24711874105865525,1.249785407725322
6955,2.9675,5.055,0.2473018597997139,1.249785407725322
6956,2.965,5.05625,0.24876680972818313,1.2566523605150215
6957,2.9625,5.05625,0.24711874105865525,1.249785407725322
6958,2.97,5.05625,0.24748497854077256,1.2520743919885553
6959,2.965,5.055,0.24711874105865525,1.2452074391988557
6960,2.9875,5.0575,0.2483090128755365,1.2566523605150215
6961,2.9625,5.055,0.24684406294706726,1.249785407725322
6962,2.9475,5.055,0.245653791130186,1.2406294706723893
6963,2.9725,5.0575,0.2483090128755365,1.2566523605150215
6964,2.9725,5.05375,0.2476680972818312,1.2520743919885553
6965,3.005,5.055,0.25041487839771104,1.2680972818311875
6966,2.9825,5.0575,0.2479427753934192,1.2520743919885553
6967,3.0025,5.05375,0.2502317596566524,1.2635193133047211
6968,2.9925,5.05625,0.24940772532188843,1.261230329041488
6969,2.9975,5.055,0.24684406294706726,1.249785407725322
6970,2.9875,5.05375,0.2489499284692418,1.2566523605150215
6971,3.0675,5.05,0.2556337625178827,1.2909871244635194
6972,2.97,5.05875,0.24812589413447786,1.2566523605150215
6973,2.9875,5.055,0.2489499284692418,1.261230329041488
6974,2.985,5.05375,0.24876680972818313,1.2566523605150215
6975,2.99,5.05625,0.251238912732475,1.2703862660944207
6976,2.9825,5.05375,0.2485836909871245,1.2566523605150215
6977,3.0025,5.05625,0.2502317596566524,1.2635193133047211
6978,2.9975,5.05625,0.2502317596566524,1.2635193133047211
6979,2.9925,5.05375,0.24940772532188843,1.261230329041488
6980,2.985,5.05375,0.24876680972818313,1.2566523605150215
6981,3,5.05625,0.24748497854077256,1.2520743919885553
6982,2.955,5.05625,0.24602002861230332,1.2452074391988557
6983,2.9675,5.05375,0.2473018597997139,1.249785407725322
6984,2.9775,5.055,0.24913304721030047,1.261230329041488
6985,3.0125,5.05375,0.24812589413447786,1.2520743919885553
6986,3.0025,5.05375,0.2502317596566524,1.2635193133047211
6987,2.98,5.05625,0.2499570815450644,1.2635193133047211
6988,2.99,5.05375,0.24876680972818313,1.2566523605150215
6989,2.9925,5.05375,0.24940772532188843,1.261230329041488
6990,2.995,5.05625,0.25169670958512164,1.2703862660944207
6991,2.99,5.0575,0.2502317596566524,1.2635193133047211
6992,2.9575,5.055,0.24647782546494995,1.2452074391988557
6993,2.9725,5.055,0.245653791130186,1.2406294706723893
6994,2.99,5.05625,0.2502317596566524,1.2635193133047211
6995,3.01,5.0525,0.25087267525035767,1.2680972818311875
6996,2.985,5.05625,0.24876680972818313,1.2566523605150215
6997,3.0075,5.055,0.2495908440629471,1.261230329041488
6998,3.0075,5.055,0.2505979971387697,1.2680972818311875
6999,2.9775,5.05625,0.24812589413447786,1.2566523605150215
7000,3.0125,5.05375,0.24876680972818313,1.2566523605150215
7001,2.9575,5.055,0.24647782546494995,1.2452074391988557
7002,2.975,5.0575,0.2479427753934192,1.2520743919885553
7003,2.965,5.05625,0.2483090128755365,1.2566523605150215
7004,3.0025,5.055,0.2502317596566524,1.2635193133047211
7005,3.01,5.055,0.25087267525035767,1.2680972818311875
7006,2.9975,5.05375,0.2499570815450644,1.2635193133047211
7007,2.96,5.055,0.24666094420600862,1.2452074391988557
7008,2.9675,5.055,0.2473018597997139,1.249785407725322
7009,2.98,5.05625,0.24940772532188843,1.261230329041488
7010,2.9775,5.055,0.24812589413447786,1.2520743919885553
7011,3.01,5.055,0.25087267525035767,1.2680972818311875
7012,1.3925,5.15375,0.1301974248927039,0.6706723891273249
7013,1.265,5.16375,0.10538483547925609,0.5447782546494994
7014,1.285,5.15375,0.10712446351931332,0.5516452074391989
7015,1.375,5.15,0.1037367668097282,0.5333333333333334
7016,1.3725,5.17375,0.11435765379113019,0.5928469241773964
7017,1.135,5.1525,0.09458082975679544,0.4875536480686696
7018,1.2675,5.16125,0.10520171673819743,0.5447782546494994
7019,1.2875,5.1625,0.09210872675250359,0.47610872675250365
7020,1.3175,5.17875,0.10977968526466382,0.5699570815450644
7021,1.2325,5.17,0.09503862660944207,0.492131616595136
7022,2.1975,5.10875,0.18412589413447786,0.9407725321888413
7023,2.195,5.10625,0.18293562231759658,0.9339055793991416
7024,1.2925,5.165,0.10813161659513591,0.5585121602288985
7025,2.09,5.10375,0.160412017167382,0.817167381974249
7026,1.575,5.17875,0.13120457796852647,0.6798283261802576
7027,1.235,5.17375,0.1020886981402003,0.528755364806867
7028,0.87,5.18125,0.059605150214592284,0.30672389127324756
7029,0.7775,5.195,0.06482403433476396,0.33648068669527903
7030,0.785,5.195,0.05731616595135909,0.2952789699570816
7031,0.71,5.21,0.06372532188841203,0.3341917024320458
7032,0.6725,5.1875,0.05603433476394851,0.2929899856938484
7033,0.75,5.2075,0.06253505007153076,0.32274678111587984
7034,0.6925,5.2125,0.0662889842632332,0.34563662374821175
7035,0.715,5.2025,0.059605150214592284,0.3113018597997139
7036,0.69,5.185,0.057499284692417746,0.2952789699570816
7037,1.21,5.175,0.11710443490701003,0.6065808297567954
7038,0.87,5.21125,0.07251502145922747,0.3776824034334764
7039,0.91,5.20375,0.07581115879828328,0.3937052932761088
7040,0.87,5.185,0.05914735336194564,0.30672389127324756
7041,0.8525,5.20625,0.07105007153075824,0.37081545064377686
7042,0.9175,5.205,0.07645207439198856,0.3982832618025752
7043,0.8075,5.19125,0.05850643776824035,0.30443490701001436
7044,0.675,5.18375,0.05621745350500716,0.2929899856938484
7045,0.7075,5.18375,0.058964234620886985,0.30672389127324756
7046,0.755,5.20125,0.059330472103004295,0.30672389127324756
7047,0.845,5.205,0.07040915593705294,0.36852646638054365
7048,0.675,5.1825,0.05621745350500716,0.2929899856938484
7049,0.77,5.19875,0.0576824034334764,0.29985693848354794
7050,0.7325,5.18375,0.06107010014306152,0.3158798283261803
7051,0.7275,5.18625,0.060612303290414886,0.3158798283261803
7052,0.7975,5.195,0.05621745350500716,0.2929899856938484
7053,0.9075,5.205,0.07562804005722461,0.3937052932761088
7054,0.7075,5.18875,0.058964234620886985,0.30672389127324756
7055,0.885,5.18375,0.06308440629470673,0.32732474964234626
7056,0.8375,5.19125,0.05978826895565094,0.3113018597997139
7057,0.9025,5.21125,0.07517024320457798,0.3891273247496424
7058,0.86,5.1825,0.05603433476394851,0.288412017167382
7059,0.8575,5.1825,0.05978826895565094,0.3113018597997139
7060,0.745,5.1875,0.062077253218884125,0.32274678111587984
7061,0.805,5.19125,0.05566809728183119,0.288412017167382
7062,0.8675,5.1825,0.05832331902718169,0.30443490701001436
7063,0.77,5.21,0.06418311874105866,0.3341917024320458
7064,0.685,5.21375,0.06812017167381974,0.3570815450643777
7065,0.795,5.1925,0.055851216022889845,0.288412017167382
7066,0.735,5.1875,0.06125321888412018,0.3181688125894135
7067,0.815,5.19,0.055851216022889845,0.288412017167382
7068,0.7125,5.21125,0.07370529327610874,0.38226037195994284
7069,0.8625,5.2125,0.07187410586552218,0.37539341917024327
7070,0.905,5.20375,0.07544492131616595,0.3937052932761088
7071,0.7375,5.21,0.0683032904148784,0.3570815450643777
7072,0.9025,5.21125,0.07517024320457798,0.3891273247496424
7073,0.8875,5.21375,0.07397997138769671,0.3868383404864092
7074,0.725,5.19875,0.06775393419170243,0.35250357653791137
7075,0.8375,5.215,0.06976824034334765,0.3639484978540773
7076,0.6825,5.1825,0.056858369098712454,0.2952789699570816
7077,0.8325,5.185,0.05603433476394851,0.288412017167382
7078,0.69,5.18125,0.057499284692417746,0.2952789699570816
7079,0.8475,5.205,0.07059227467811159,0.36852646638054365
7080,0.8175,5.18625,0.06107010014306152,0.3158798283261803
7081,0.81,5.19875,0.06747925608011446,0.35250357653791137
7082,0.875,5.21125,0.07288125894134478,0.3776824034334764
7083,0.8375,5.19375,0.06079542203147354,0.3158798283261803
7084,0.905,5.20875,0.07544492131616595,0.3937052932761088
7085,0.8625,5.1975,0.07187410586552218,0.37539341917024327
7086,0.8125,5.19625,0.06079542203147354,0.3158798283261803
7087,0.9225,5.2075,0.0769098712446352,0.4005722460658083
7088,0.845,5.2075,0.07040915593705294,0.36852646638054365
7089,0.855,5.18375,0.05914735336194564,0.30672389127324756
7090,0.69,5.1825,0.057499284692417746,0.2952789699570816
7091,0.72,5.18625,0.059971387696709594,0.3113018597997139
7092,0.865,5.18375,0.05539341917024321,0.288412017167382
7093,0.8775,5.18125,0.06042918454935623,0.3113018597997139
7094,0.725,5.185,0.06042918454935623,0.3158798283261803
7095,0.7775,5.19625,0.0566752503576538,0.2952789699570816
7096,0.81,5.18875,0.06125321888412018,0.3181688125894135
7097,0.86,5.18875,0.07169098712446352,0.37081545064377686
7098,0.7,5.2075,0.07581115879828328,0.3937052932761088
7099,0.73,5.2025,0.07498712446351932,0.3891273247496424
7100,0.77,5.18375,0.06418311874105866,0.3341917024320458
7101,0.72,5.21125,0.07123319027181689,0.37081545064377686
7102,0.7125,5.20625,0.07544492131616595,0.3937052932761088
7103,0.9675,5.19875,0.08066380543633764,0.421173104434907
7104,0.875,5.1825,0.05704148783977111,0.2952789699570816
7105,0.7775,5.1925,0.06876108726752504,0.3570815450643777
7106,0.8775,5.2125,0.07315593705293277,0.38226037195994284
7107,0.775,5.21125,0.06454935622317597,0.33648068669527903
7108,0.67,5.21125,0.07169098712446352,0.37539341917024327
7109,0.8675,5.2125,0.07233190271816882,0.3776824034334764
7110,0.6825,5.19625,0.056858369098712454,0.2952789699570816
7111,0.6975,5.2125,0.06601430615164522,0.34563662374821175
7112,0.6975,5.1975,0.05814020028612304,0.30443490701001436
7113,0.95,5.2075,0.07919885550786838,0.4120171673819743
7114,0.8175,5.19375,0.06079542203147354,0.3158798283261803
7115,0.8475,5.2125,0.07059227467811159,0.36852646638054365
7116,0.91,5.21125,0.07581115879828328,0.3937052932761088
7117,0.7975,5.19875,0.062077253218884125,0.32274678111587984
7118,0.74,5.20625,0.061711015736766815,0.32274678111587984
7119,0.67,5.1825,0.055851216022889845,0.288412017167382
7120,0.7125,5.20875,0.06335908440629472,0.32961373390557946
7121,0.6725,5.19,0.05603433476394851,0.2929899856938484
7122,0.67,5.19125,0.055851216022889845,0.288412017167382
7123,0.76,5.205,0.06125321888412018,0.3181688125894135
7124,0.69,5.19875,0.057499284692417746,0.29985693848354794
7125,0.6875,5.19625,0.05731616595135909,0.2952789699570816
7126,0.6725,5.215,0.07169098712446352,0.37539341917024327
7127,0.7975,5.215,0.06647210300429185,0.34563662374821175
7128,0.825,5.19125,0.06876108726752504,0.3570815450643777
7129,0.75,5.20625,0.0672961373390558,0.34792560801144495
7130,0.7075,5.2125,0.07608583690987125,0.3982832618025752
7131,0.8325,5.1925,0.06940200286123034,0.35937052932761093
7132,0.8475,5.1875,0.059971387696709594,0.3113018597997139
7133,0.725,5.20875,0.06711301859799715,0.34792560801144495
7134,0.7525,5.21,0.06271816881258942,0.32732474964234626
7135,0.78,5.19125,0.06335908440629472,0.32961373390557946
7136,0.6625,5.20875,0.07315593705293277,0.38226037195994284
7137,0.805,5.21375,0.06711301859799715,0.34792560801144495
7138,0.695,5.21125,0.06583118741058656,0.3410586552217454
7139,0.7725,5.19875,0.057499284692417746,0.29985693848354794
7140,0.6925,5.18375,0.0576824034334764,0.29985693848354794
7141,0.7675,5.20125,0.064,0.29985693848354794
7142,0.81,5.18875,0.05521030042918455,0.2861230329041488
7143,0.84,5.2075,0.07004291845493563,0.3639484978540773
7144,0.845,5.195,0.07040915593705294,0.36852646638054365
7145,0.745,5.2075,0.0672961373390558,0.34792560801144495
7146,0.87,5.1975,0.07251502145922747,0.37539341917024327
7147,1.0375,5.1675,0.08643204577968527,0.44635193133047213
7148,0.865,5.18375,0.05603433476394851,0.288412017167382
7149,0.675,5.18125,0.05621745350500716,0.2929899856938484
7150,0.7625,5.19125,0.06354220314735337,0.32961373390557946
7151,0.8425,5.1875,0.05539341917024321,0.288412017167382
7152,0.6825,5.18125,0.056858369098712454,0.2952789699570816
7153,0.7925,5.18375,0.06601430615164522,0.3410586552217454
7154,0.8625,5.18375,0.05603433476394851,0.288412017167382
7155,0.72,5.18625,0.059971387696709594,0.3113018597997139
7156,0.68,5.18375,0.0566752503576538,0.2929899856938484
7157,0.865,5.1825,0.05814020028612304,0.29985693848354794
7158,0.86,5.19875,0.07169098712446352,0.37081545064377686
7159,0.8575,5.19625,0.07141630901287555,0.37081545064377686
7160,0.74,5.20875,0.06857796852646639,0.3570815450643777
7161,0.92,5.2075,0.07663519313304722,0.3982832618025752
7162,0.7425,5.18,0.06189413447782547,0.3181688125894135
7163,0.7325,5.19375,0.07141630901287555,0.37081545064377686
7164,0.665,5.18875,0.05539341917024321,0.288412017167382
7165,0.6775,5.19375,0.056492131616595144,0.2929899856938484
7166,0.675,5.21375,0.07123319027181689,0.37081545064377686
7167,0.7775,5.19625,0.05704148783977111,0.2952789699570816
7168,0.6725,5.1825,0.05603433476394851,0.288412017167382
7169,0.6925,5.21125,0.06436623748211731,0.3341917024320458
7170,0.8225,5.19375,0.05566809728183119,0.288412017167382
7171,0.67,5.18375,0.055851216022889845,0.288412017167382
7172,0.6875,5.2125,0.06775393419170243,0.35250357653791137
7173,0.715,5.20375,0.07498712446351932,0.3891273247496424
7174,0.915,5.19125,0.0762689556509299,0.3982832618025752
7175,0.7875,5.20125,0.06308440629470673,0.32732474964234626
7176,0.715,5.21125,0.07562804005722461,0.3937052932761088
7177,0.8675,5.19625,0.07233190271816882,0.37539341917024327
7178,0.7025,5.21125,0.064,0.3341917024320458
7179,0.785,5.19875,0.05850643776824035,0.30443490701001436
7180,0.765,5.2075,0.06372532188841203,0.32961373390557946
7181,0.68,5.19,0.0566752503576538,0.2929899856938484
7182,0.6775,5.2125,0.07333905579399143,0.38226037195994284
7183,0.8575,5.21375,0.07141630901287555,0.37081545064377686
7184,0.8325,5.21625,0.06940200286123034,0.3639484978540773
7185,0.745,5.19875,0.06683834048640916,0.34792560801144495
7186,0.8825,5.21375,0.07352217453505008,0.38226037195994284
7187,0.6625,5.1875,0.05521030042918455,0.2861230329041488
7188,0.915,5.17875,0.059971387696709594,0.3113018597997139
7189,0.845,5.21,0.07040915593705294,0.36852646638054365
7190,0.895,5.21,0.07462088698140201,0.3891273247496424
7191,0.7575,5.20375,0.06482403433476396,0.33648068669527903
7192,0.8925,5.20375,0.07434620886981402,0.3868383404864092
7193,0.9425,5.21125,0.0785579399141631,0.4097281831187411
7194,0.9725,5.17375,0.05878111587982833,0.30443490701001436
7195,0.9175,5.2075,0.07645207439198856,0.3982832618025752
7196,0.8275,5.20375,0.0689442060085837,0.35937052932761093
7197,0.9475,5.17375,0.05704148783977111,0.2952789699570816
7198,0.68,5.18125,0.0566752503576538,0.2929899856938484
7199,0.86,5.2025,0.07169098712446352,0.37081545064377686
7200,0.81,5.19,0.06143633762517883,0.3181688125894135
7201,0.815,5.21375,0.06793705293276109,0.35250357653791137
7202,0.8225,5.19125,0.06857796852646639,0.3570815450643777
7203,0.7575,5.205,0.0769098712446352,0.4005722460658083
7204,0.7425,5.2,0.07727610872675252,0.4005722460658083
7205,0.7075,5.18125,0.058964234620886985,0.30443490701001436
7206,0.7175,5.2,0.07434620886981402,0.3868383404864092
7207,0.72,5.20375,0.07544492131616595,0.3937052932761088
7208,0.88,5.215,0.07333905579399143,0.38226037195994284
7209,0.77,5.1925,0.06372532188841203,0.32961373390557946
7210,0.695,5.20375,0.07141630901287555,0.37081545064377686
7211,0.8775,5.2125,0.07315593705293277,0.38226037195994284
7212,0.8375,5.1875,0.059605150214592284,0.30672389127324756
7213,0.7625,5.1925,0.06436623748211731,0.3341917024320458
7214,0.865,5.20125,0.07205722460658083,0.37539341917024327
7215,0.8725,5.1825,0.05566809728183119,0.288412017167382
7216,0.8575,5.18375,0.05814020028612304,0.29985693848354794
7217,0.8825,5.20625,0.07352217453505008,0.38226037195994284
7218,0.76,5.1825,0.06335908440629472,0.32961373390557946
7219,0.79,5.19125,0.06940200286123034,0.35937052932761093
7220,0.715,5.18,0.059605150214592284,0.30672389127324756
7221,0.715,5.1925,0.059605150214592284,0.3113018597997139
7222,0.7525,5.19875,0.07288125894134478,0.3776824034334764
7223,0.6675,5.1875,0.05566809728183119,0.288412017167382
7224,0.71,5.18375,0.05914735336194564,0.30672389127324756
7225,0.77,5.20125,0.058964234620886985,0.30672389127324756
7226,0.75,5.195,0.06253505007153076,0.32732474964234626
7227,0.68,5.1925,0.0566752503576538,0.2929899856938484
7228,0.7625,5.20125,0.059330472103004295,0.30672389127324756
7229,0.6675,5.18625,0.05566809728183119,0.288412017167382
7230,0.69,5.1825,0.057499284692417746,0.2952789699570816
7231,0.7675,5.20125,0.06143633762517883,0.3181688125894135
7232,0.67,5.1825,0.055851216022889845,0.288412017167382
7233,0.96,5.2125,0.08002288984263234,0.41659513590844066
7234,0.9575,5.175,0.06454935622317597,0.3341917024320458
7235,0.785,5.20875,0.06537339055793992,0.3410586552217454
7236,0.915,5.2075,0.0762689556509299,0.3982832618025752
7237,0.82,5.19375,0.060246065808297576,0.3113018597997139
7238,0.8425,5.20875,0.07022603719599428,0.36852646638054365
7239,0.6925,5.2,0.0576824034334764,0.29985693848354794
7240,0.71,5.20875,0.06335908440629472,0.32961373390557946
7241,0.855,5.1825,0.06042918454935623,0.3158798283261803
7242,0.7875,5.195,0.06564806866952791,0.3410586552217454
7243,0.8675,5.1775,0.0576824034334764,0.29985693848354794
7244,0.7375,5.19625,0.06812017167381974,0.35250357653791137
7245,0.895,5.215,0.07462088698140201,0.3891273247496424
7246,0.79,5.19,0.062077253218884125,0.32274678111587984
7247,0.7175,5.20625,0.07498712446351932,0.3891273247496424
7248,0.795,5.2075,0.0662889842632332,0.34563662374821175
7249,0.885,5.1825,0.05878111587982833,0.30443490701001436
7250,0.815,5.19625,0.05978826895565094,0.3113018597997139
7251,0.885,5.2125,0.07370529327610874,0.38226037195994284
7252,0.8025,5.19875,0.06079542203147354,0.3158798283261803
7253,0.76,5.2025,0.05878111587982833,0.30672389127324756
7254,0.67,5.18625,0.055851216022889845,0.288412017167382
7255,0.7225,5.205,0.060246065808297576,0.3158798283261803
7256,0.67,5.21,0.07169098712446352,0.37539341917024327
7257,0.75,5.21,0.06253505007153076,0.32732474964234626
7258,0.6825,5.18,0.056858369098712454,0.2952789699570816
7259,0.8225,5.19,0.05539341917024321,0.288412017167382
7260,0.7475,5.19,0.06226037195994278,0.32274678111587984
7261,0.8775,5.215,0.07315593705293277,0.38226037195994284
7262,0.785,5.1925,0.06418311874105866,0.3341917024320458
7263,0.7075,5.18875,0.058964234620886985,0.30672389127324756
7264,0.8825,5.21125,0.07352217453505008,0.38226037195994284
7265,0.79,5.19875,0.06519027181688127,0.33648068669527903
7266,0.83,5.20125,0.06912732474964235,0.35937052932761093
7267,0.8775,5.2125,0.07315593705293277,0.38226037195994284
7268,0.8725,5.18125,0.0566752503576538,0.2929899856938484
7269,0.705,5.18375,0.05878111587982833,0.30443490701001436
7270,0.74,5.18875,0.061711015736766815,0.3181688125894135
7271,0.86,5.1825,0.05603433476394851,0.288412017167382
7272,0.7075,5.185,0.058964234620886985,0.30672389127324756
7273,0.9,5.20875,0.07498712446351932,0.3891273247496424
7274,0.7825,5.1925,0.064,0.3341917024320458
7275,1.005,5.2,0.08377682403433477,0.4349070100143062
7276,0.84,5.205,0.07004291845493563,0.3639484978540773
7277,0.8175,5.18875,0.06143633762517883,0.3181688125894135
7278,0.79,5.20125,0.06189413447782547,0.32274678111587984
7279,0.8725,5.21125,0.07269814020028613,0.3776824034334764
7280,0.9075,5.17875,0.059971387696709594,0.3113018597997139
7281,0.82,5.195,0.060246065808297576,0.3113018597997139
7282,0.91,5.21125,0.07581115879828328,0.3937052932761088
7283,0.9325,5.17875,0.05731616595135909,0.2952789699570816
7284,0.8675,5.18125,0.056858369098712454,0.2952789699570816
7285,0.9025,5.2,0.07517024320457798,0.3891273247496424
7286,0.8525,5.185,0.05566809728183119,0.288412017167382
7287,0.8725,5.1825,0.05603433476394851,0.288412017167382
7288,0.675,5.1825,0.05621745350500716,0.2929899856938484
7289,0.775,5.19875,0.05850643776824035,0.30443490701001436
7290,0.855,5.185,0.05566809728183119,0.288412017167382
7291,0.7375,5.1875,0.06143633762517883,0.3181688125894135
7292,0.865,5.18375,0.07205722460658083,0.37539341917024327
7293,0.8275,5.19625,0.060246065808297576,0.3113018597997139
7294,0.89,5.2125,0.07416309012875537,0.3868383404864092
7295,0.7975,5.18875,0.06647210300429185,0.34563662374821175
7296,0.7075,5.2075,0.07498712446351932,0.3891273247496424
7297,0.7325,5.18,0.06107010014306152,0.3158798283261803
7298,0.7325,5.18375,0.06107010014306152,0.3158798283261803
7299,0.7875,5.19625,0.0566752503576538,0.2952789699570816
7300,0.665,5.1875,0.05539341917024321,0.288412017167382
7301,0.68,5.18125,0.0566752503576538,0.2929899856938484
7302,0.855,5.18625,0.05566809728183119,0.288412017167382
7303,0.68,5.1825,0.0566752503576538,0.2929899856938484
7304,0.8275,5.1975,0.0689442060085837,0.35937052932761093
7305,0.805,5.1925,0.055851216022889845,0.288412017167382
7306,0.73,5.1925,0.06079542203147354,0.3158798283261803
7307,0.675,5.18375,0.05621745350500716,0.2929899856938484
7308,0.78,5.195,0.07040915593705294,0.36852646638054365
7309,0.7575,5.18375,0.06308440629470673,0.32732474964234626
7310,0.7875,5.20375,0.06564806866952791,0.3410586552217454
7311,0.915,5.17875,0.05914735336194564,0.30672389127324756
7312,0.705,5.185,0.05878111587982833,0.30443490701001436
7313,0.755,5.20625,0.06290128755364807,0.32732474964234626
7314,0.7025,5.2025,0.07059227467811159,0.36852646638054365
7315,0.675,5.21375,0.07141630901287555,0.37081545064377686
7316,0.87,5.21125,0.07251502145922747,0.3776824034334764
7317,0.88,5.18125,0.05621745350500716,0.2929899856938484
7318,0.7175,5.2,0.07462088698140201,0.3868383404864092
7319,0.8125,5.215,0.06775393419170243,0.35250357653791137
7320,0.715,5.2,0.06812017167381974,0.35250357653791137
7321,0.6675,5.20875,0.07288125894134478,0.3776824034334764
7322,0.86,5.20625,0.07169098712446352,0.37539341917024327
7323,0.88,5.18875,0.059605150214592284,0.30672389127324756
7324,0.725,5.2125,0.07059227467811159,0.36852646638054365
7325,0.855,5.19625,0.07123319027181689,0.37081545064377686
7326,0.9025,5.18125,0.05914735336194564,0.30672389127324756
7327,0.73,5.21,0.06876108726752504,0.35937052932761093
7328,0.805,5.21375,0.06711301859799715,0.34792560801144495
7329,0.765,5.2125,0.06372532188841203,0.3341917024320458
7330,0.69,5.2125,0.07205722460658083,0.37539341917024327
7331,0.805,5.21375,0.06711301859799715,0.34792560801144495
7332,0.67,5.18625,0.055851216022889845,0.288412017167382
7333,0.8525,5.18625,0.056492131616595144,0.2929899856938484
7334,0.7375,5.18125,0.06143633762517883,0.3181688125894135
7335,0.8575,5.21,0.07141630901287555,0.37081545064377686
7336,0.8525,5.1825,0.05795708154506438,0.29985693848354794
7337,0.7275,5.18875,0.060612303290414886,0.3158798283261803
7338,0.7475,5.18125,0.06226037195994278,0.32274678111587984
7339,0.705,5.21,0.07480400572246067,0.3891273247496424
7340,0.875,5.2,0.07288125894134478,0.3776824034334764
7341,0.76,5.1825,0.06335908440629472,0.32961373390557946
7342,0.73,5.2,0.07352217453505008,0.38226037195994284
7343,0.805,5.1975,0.06711301859799715,0.34792560801144495
7344,0.87,5.21375,0.07251502145922747,0.3776824034334764
7345,0.81,5.19,0.061711015736766815,0.3181688125894135
7346,0.735,5.1825,0.06125321888412018,0.3181688125894135
7347,0.735,5.18875,0.06125321888412018,0.3181688125894135
7348,0.7,5.21125,0.07105007153075824,0.37081545064377686
7349,0.8325,5.2125,0.06940200286123034,0.35937052932761093
7350,0.675,5.18375,0.05621745350500716,0.2929899856938484
7351,0.6875,5.21375,0.06647210300429185,0.34563662374821175
7352,0.7575,5.20375,0.059605150214592284,0.3113018597997139
7353,0.9675,5.2075,0.08066380543633764,0.421173104434907
7354,0.83,5.19375,0.059971387696709594,0.3113018597997139
7355,0.7675,5.20375,0.064,0.3341917024320458
7356,0.9075,5.21,0.07562804005722461,0.3937052932761088
7357,0.8375,5.1875,0.06601430615164522,0.3410586552217454
7358,0.855,5.185,0.05603433476394851,0.288412017167382
7359,0.6675,5.18375,0.05566809728183119,0.288412017167382
7360,0.7325,5.20375,0.060246065808297576,0.3158798283261803
7361,0.865,5.1825,0.05603433476394851,0.288412017167382
7362,0.76,5.18375,0.06335908440629472,0.32961373390557946
7363,0.7725,5.2025,0.061711015736766815,0.32274678111587984
7364,0.8075,5.19375,0.05539341917024321,0.288412017167382
7365,0.68,5.1975,0.0566752503576538,0.2952789699570816
7366,0.805,5.17375,0.06711301859799715,0.34792560801144495
7367,0.715,5.20375,0.07544492131616595,0.3937052932761088
7368,0.83,5.185,0.06912732474964235,0.35937052932761093
7369,0.715,5.18125,0.059605150214592284,0.30672389127324756
7370,0.7525,5.19875,0.07187410586552218,0.37539341917024327
7371,0.82,5.19125,0.0683032904148784,0.3570815450643777
7372,0.7375,5.18,0.06143633762517883,0.3181688125894135
7373,0.6825,5.21375,0.06812017167381974,0.3570815450643777
7374,0.7975,5.2125,0.06647210300429185,0.34563662374821175
7375,0.755,5.20875,0.06290128755364807,0.32732474964234626
7376,0.695,5.2025,0.06976824034334765,0.3639484978540773
7377,0.8825,5.215,0.07352217453505008,0.38226037195994284
7378,0.7925,5.21375,0.06601430615164522,0.34563662374821175
7379,0.6675,5.20875,0.07269814020028613,0.3776824034334764
7380,0.76,5.21,0.06335908440629472,0.32961373390557946
7381,0.7,5.19875,0.05832331902718169,0.30443490701001436
7382,0.775,5.1925,0.06335908440629472,0.32961373390557946
7383,0.7275,5.1975,0.060612303290414886,0.3158798283261803
7384,0.87,5.2125,0.07251502145922747,0.3776824034334764
7385,0.9025,5.18,0.059330472103004295,0.30672389127324756
7386,0.855,5.21,0.07123319027181689,0.37081545064377686
7387,0.915,5.20875,0.0762689556509299,0.3982832618025752
7388,0.7375,5.20875,0.07480400572246067,0.3891273247496424
7389,0.725,5.2075,0.06372532188841203,0.32961373390557946
7390,0.6725,5.19,0.05603433476394851,0.2929899856938484
7391,0.6825,5.2125,0.07205722460658083,0.37539341917024327
7392,0.74,5.205,0.06537339055793992,0.3410586552217454
7393,0.715,5.19,0.059605150214592284,0.30672389127324756
7394,0.81,5.1925,0.05621745350500716,0.2929899856938484
7395,0.8525,5.185,0.059330472103004295,0.30672389127324756
7396,0.765,5.1925,0.06372532188841203,0.32961373390557946
7397,0.8675,5.1825,0.05621745350500716,0.2929899856938484
7398,0.8,5.2,0.06189413447782547,0.32274678111587984
7399,0.9075,5.20875,0.07562804005722461,0.3937052932761088
7400,0.915,5.17875,0.059971387696709594,0.3113018597997139
7401,0.79,5.1975,0.07040915593705294,0.36852646638054365
7402,0.905,5.205,0.07544492131616595,0.3937052932761088
7403,0.93,5.18875,0.07745922746781117,0.4005722460658083
7404,0.875,5.18,0.0566752503576538,0.2929899856938484
7405,0.83,5.18875,0.06912732474964235,0.35937052932761093
7406,0.8125,5.20125,0.06775393419170243,0.35250357653791137
7407,0.85,5.18625,0.05566809728183119,0.288412017167382
7408,0.7025,5.18375,0.05850643776824035,0.30443490701001436
7409,0.8425,5.2025,0.07022603719599428,0.3639484978540773
7410,0.8375,5.19,0.05539341917024321,0.288412017167382
7411,0.685,5.18125,0.05704148783977111,0.2952789699570816
7412,0.7925,5.1975,0.06601430615164522,0.3410586552217454
7413,0.71,5.21,0.07416309012875537,0.3868383404864092
7414,0.7275,5.18,0.060612303290414886,0.3158798283261803
7415,0.7075,5.1875,0.058964234620886985,0.30672389127324756
7416,0.7875,5.19125,0.06793705293276109,0.35250357653791137
7417,0.805,5.18875,0.06711301859799715,0.34792560801144495
7418,0.665,5.18625,0.05539341917024321,0.288412017167382
7419,0.695,5.20875,0.0683032904148784,0.3570815450643777
7420,0.695,5.2,0.05795708154506438,0.29985693848354794
7421,0.6675,5.19,0.05566809728183119,0.288412017167382
7422,0.68,5.21125,0.07205722460658083,0.37539341917024327
7423,0.775,5.2125,0.06454935622317597,0.33648068669527903
7424,0.665,5.185,0.05539341917024321,0.288412017167382
7425,0.6725,5.21,0.07397997138769671,0.3868383404864092
7426,0.72,5.2075,0.062077253218884125,0.32274678111587984
7427,0.7525,5.2075,0.06271816881258942,0.32732474964234626
7428,0.9,5.185,0.05832331902718169,0.30443490701001436
7429,0.7025,5.20875,0.07608583690987125,0.3982832618025752
7430,0.885,5.2,0.07370529327610874,0.38226037195994284
7431,0.7225,5.21,0.07086695278969958,0.36852646638054365
7432,0.78,5.195,0.07022603719599428,0.3639484978540773
7433,0.735,5.1825,0.06125321888412018,0.3181688125894135
7434,0.765,5.20125,0.05832331902718169,0.30443490701001436
7435,0.89,5.1825,0.06107010014306152,0.3158798283261803
7436,0.8275,5.2025,0.0689442060085837,0.35937052932761093
7437,0.8775,5.1775,0.055851216022889845,0.288412017167382
7438,0.795,5.19,0.06226037195994278,0.32274678111587984
7439,0.875,5.21,0.07288125894134478,0.3776824034334764
7440,0.845,5.2125,0.07040915593705294,0.36852646638054365
7441,0.855,5.1825,0.057499284692417746,0.2952789699570816
7442,0.695,5.1825,0.05795708154506438,0.29985693848354794
7443,0.78,5.2,0.06500715307582261,0.33648068669527903
7444,0.895,5.18125,0.062077253218884125,0.32274678111587984
7445,0.705,5.1875,0.05878111587982833,0.30443490701001436
7446,0.8,5.2075,0.0666552217453505,0.34792560801144495
7447,0.915,5.175,0.0662889842632332,0.3410586552217454
7448,0.835,5.21375,0.069585121602289,0.3639484978540773
7449,0.7025,5.2025,0.05850643776824035,0.30443490701001436
7450,0.6725,5.21375,0.07105007153075824,0.37081545064377686
7451,0.8925,5.21125,0.07434620886981402,0.3868383404864092
7452,0.6725,5.1925,0.05603433476394851,0.2929899856938484
7453,0.68,5.21375,0.069585121602289,0.3639484978540773
7454,0.6975,5.2,0.05814020028612304,0.30443490701001436
7455,0.69,5.1825,0.057499284692417746,0.2952789699570816
7456,0.7375,5.205,0.060246065808297576,0.3158798283261803
7457,0.72,5.1975,0.059971387696709594,0.3113018597997139
7458,0.885,5.21125,0.07370529327610874,0.38226037195994284
7459,0.87,5.18625,0.05850643776824035,0.30443490701001436
7460,0.7775,5.20375,0.06482403433476396,0.33648068669527903
7461,0.8925,5.2125,0.07434620886981402,0.3868383404864092
7462,0.9025,5.18125,0.06143633762517883,0.3181688125894135
7463,0.8275,5.18875,0.05539341917024321,0.288412017167382
7464,0.6725,5.185,0.05603433476394851,0.288412017167382
7465,0.7625,5.20125,0.05704148783977111,0.2952789699570816
7466,0.855,5.18625,0.06042918454935623,0.3158798283261803
7467,0.7425,5.18875,0.06189413447782547,0.32274678111587984
7468,0.8375,5.18625,0.05539341917024321,0.288412017167382
7469,0.7975,5.19,0.06226037195994278,0.32274678111587984
7470,0.8475,5.205,0.07059227467811159,0.36852646638054365
7471,0.8375,5.18375,0.05878111587982833,0.30443490701001436
7472,0.6775,5.21375,0.06775393419170243,0.35250357653791137
7473,1.005,5.19875,0.08377682403433477,0.4349070100143062
7474,0.73,5.21125,0.06079542203147354,0.35937052932761093
7475,0.8325,5.1875,0.06583118741058656,0.3410586552217454
7476,0.735,5.18,0.06125321888412018,0.3181688125894135
7477,0.725,5.18,0.06042918454935623,0.3113018597997139
7478,0.6675,5.21,0.07187410586552218,0.37539341917024327
7479,0.7075,5.2025,0.058964234620886985,0.30672389127324756
7480,0.6825,5.1825,0.056858369098712454,0.2952789699570816
7481,0.8325,5.1875,0.05539341917024321,0.288412017167382
7482,0.7375,5.18875,0.06143633762517883,0.3181688125894135
7483,0.895,5.2075,0.07462088698140201,0.3891273247496424
7484,0.8525,5.18375,0.058964234620886985,0.30672389127324756
7485,0.7675,5.19125,0.064,0.3341917024320458
7486,0.8675,5.21,0.07233190271816882,0.37539341917024327
7487,0.8425,5.185,0.05878111587982833,0.30443490701001436
7488,0.7775,5.185,0.06482403433476396,0.33648068669527903
7489,0.715,5.19375,0.059605150214592284,0.3113018597997139
7490,0.83,5.1875,0.07040915593705294,0.3639484978540773
7491,0.71,5.18,0.05914735336194564,0.30672389127324756
7492,0.705,5.1825,0.05878111587982833,0.30443490701001436
7493,0.745,5.19625,0.06683834048640916,0.34792560801144495
7494,0.83,5.20375,0.06912732474964235,0.35937052932761093
7495,0.855,5.215,0.07123319027181689,0.37081545064377686
7496,0.725,5.2,0.06812017167381974,0.35250357653791137
7497,0.8425,5.2025,0.07022603719599428,0.3639484978540773
7498,0.705,5.185,0.05878111587982833,0.30443490701001436
7499,0.8175,5.19,0.05521030042918455,0.2861230329041488
7500,0.865,5.18,0.056492131616595144,0.2929899856938484
7501,0.86,5.2075,0.07169098712446352,0.37539341917024327
7502,0.855,5.1825,0.055851216022889845,0.288412017167382
7503,0.7475,5.20625,0.06519027181688127,0.33648068669527903
7504,0.905,5.20625,0.07544492131616595,0.3937052932761088
7505,0.8175,5.19625,0.060246065808297576,0.3113018597997139
7506,0.71,5.2125,0.07434620886981402,0.3868383404864092
7507,0.9125,5.20875,0.07608583690987125,0.3982832618025752
7508,0.9375,5.175,0.06308440629470673,0.32732474964234626
7509,0.7975,5.18875,0.06189413447782547,0.32274678111587984
7510,0.905,5.2125,0.07544492131616595,0.3937052932761088
7511,0.815,5.19125,0.06253505007153076,0.32732474964234626
7512,0.8375,5.18625,0.05978826895565094,0.3113018597997139
7513,0.84,5.19625,0.07004291845493563,0.3639484978540773
7514,0.8825,5.18125,0.07352217453505008,0.38226037195994284
7515,0.67,5.20625,0.07123319027181689,0.37081545064377686
7516,0.8275,5.21375,0.0689442060085837,0.35937052932761093
7517,0.69,5.1975,0.057499284692417746,0.29985693848354794
7518,0.89,5.18,0.06290128755364807,0.32732474964234626
7519,0.71,5.195,0.05914735336194564,0.30672389127324756
7520,0.7825,5.205,0.06519027181688127,0.33648068669527903
7521,0.8775,5.18,0.05914735336194564,0.30672389127324756
7522,0.7125,5.195,0.059330472103004295,0.30672389127324756
7523,0.9475,5.205,0.07892417739628041,0.4120171673819743
7524,0.735,5.19625,0.0666552217453505,0.34563662374821175
7525,0.925,5.2125,0.07709298998569386,0.4005722460658083
7526,0.8225,5.21375,0.06857796852646639,0.3570815450643777
7527,0.6675,5.21125,0.07251502145922747,0.3776824034334764
7528,0.815,5.21125,0.06793705293276109,0.35250357653791137
7529,0.685,5.18125,0.05704148783977111,0.2952789699570816
7530,0.69,5.2125,0.0662889842632332,0.34563662374821175
7531,0.73,5.19375,0.06079542203147354,0.3158798283261803
7532,0.705,5.18375,0.05878111587982833,0.30443490701001436
7533,0.7225,5.21125,0.07086695278969958,0.36852646638054365
7534,0.82,5.19125,0.0683032904148784,0.3570815450643777
7535,0.725,5.17875,0.06042918454935623,0.3113018597997139
7536,0.7125,5.205,0.07462088698140201,0.3891273247496424
7537,0.81,5.19125,0.06711301859799715,0.34792560801144495
7538,0.8525,5.16875,0.07105007153075824,0.36852646638054365
7539,0.6925,5.2125,0.06876108726752504,0.35937052932761093
7540,0.72,5.20875,0.06226037195994278,0.32274678111587984
7541,0.75,5.20375,0.06253505007153076,0.32732474964234626
7542,0.7475,5.2025,0.059330472103004295,0.30672389127324756
7543,0.8325,5.19125,0.05566809728183119,0.288412017167382
7544,0.67,5.18125,0.055851216022889845,0.288412017167382
7545,0.695,5.21375,0.06564806866952791,0.3410586552217454
7546,0.7875,5.19875,0.05731616595135909,0.2952789699570816
7547,0.6775,5.1975,0.056492131616595144,0.2929899856938484
7548,0.8125,5.1975,0.06500715307582261,0.33648068669527903
7549,0.705,5.2025,0.07562804005722461,0.3937052932761088
7550,0.8175,5.1925,0.06812017167381974,0.35250357653791137
7551,0.7225,5.17875,0.060246065808297576,0.3113018597997139
7552,0.7225,5.2125,0.07315593705293277,0.38226037195994284
7553,0.96,5.20375,0.08002288984263234,0.41659513590844066
7554,0.88,5.21125,0.07333905579399143,0.38226037195994284
7555,0.755,5.195,0.069585121602289,0.35937052932761093
7556,0.8575,5.2075,0.07141630901287555,0.37081545064377686
7557,0.8075,5.215,0.0672961373390558,0.35250357653791137
7558,0.665,5.21,0.07251502145922747,0.3776824034334764
7559,0.705,5.2025,0.05878111587982833,0.30672389127324756
7560,0.6675,5.1825,0.05566809728183119,0.288412017167382
7561,0.735,5.205,0.058964234620886985,0.30672389127324756
7562,0.7475,5.19625,0.06226037195994278,0.32274678111587984
7563,0.88,5.21125,0.07333905579399143,0.38226037195994284
7564,0.89,5.18,0.06079542203147354,0.3158798283261803
7565,0.735,5.1975,0.06125321888412018,0.3181688125894135
7566,0.8325,5.21,0.06940200286123034,0.35937052932761093
7567,0.88,5.185,0.06418311874105866,0.3341917024320458
7568,0.71,5.17875,0.05914735336194564,0.30672389127324756
7569,0.975,5.21375,0.0812131616595136,0.4234620886981402
7570,0.6675,5.21125,0.07288125894134478,0.3776824034334764
7571,0.8175,5.21375,0.06812017167381974,0.3570815450643777
7572,0.6775,5.195,0.056492131616595144,0.2929899856938484
7573,0.7225,5.2075,0.061711015736766815,0.32274678111587984
7574,0.7975,5.19875,0.05704148783977111,0.2952789699570816
7575,0.6725,5.19625,0.05603433476394851,0.2929899856938484
7576,0.7675,5.20125,0.059330472103004295,0.30672389127324756
7577,0.865,5.1825,0.056492131616595144,0.2929899856938484
7578,0.74,5.19625,0.061711015736766815,0.32274678111587984
7579,0.85,5.18375,0.06335908440629472,0.32961373390557946
7580,0.855,5.18875,0.05914735336194564,0.30672389127324756
7581,0.715,5.1925,0.059605150214592284,0.3113018597997139
7582,0.8525,5.19,0.06647210300429185,0.34563662374821175
7583,0.8875,5.18125,0.06601430615164522,0.3410586552217454
7584,0.7,5.185,0.05832331902718169,0.30443490701001436
7585,0.8275,5.18375,0.05603433476394851,0.288412017167382
7586,0.8825,5.1825,0.0566752503576538,0.2929899856938484
7587,0.7825,5.1975,0.06519027181688127,0.33648068669527903
7588,0.905,5.2075,0.07544492131616595,0.3937052932761088
7589,0.83,5.1875,0.055851216022889845,0.288412017167382
7590,0.6725,5.1825,0.05603433476394851,0.288412017167382
7591,0.8375,5.205,0.06976824034334765,0.3639484978540773
7592,0.8725,5.18125,0.05795708154506438,0.29985693848354794
7593,0.8375,5.19375,0.06976824034334765,0.3639484978540773
7594,0.87,5.21125,0.07251502145922747,0.3776824034334764
7595,0.915,5.1775,0.06290128755364807,0.32732474964234626
7596,0.75,5.18375,0.06253505007153076,0.32274678111587984
7597,0.935,5.21125,0.0779170243204578,0.40515021459227474
7598,0.765,5.2025,0.07269814020028613,0.3776824034334764
7599,0.675,5.1825,0.05621745350500716,0.2929899856938484
7600,0.8125,5.2,0.06775393419170243,0.35250357653791137
7601,0.86,5.1825,0.05795708154506438,0.29985693848354794
7602,0.83,5.20125,0.06912732474964235,0.35937052932761093
7603,0.945,5.21125,0.07874105865522175,0.4097281831187411
7604,0.75,5.19625,0.0666552217453505,0.34563662374821175
7605,0.825,5.215,0.06876108726752504,0.35937052932761093
7606,0.8375,5.215,0.06976824034334765,0.3639484978540773
7607,0.775,5.205,0.069585121602289,0.3639484978540773
7608,0.92,5.19875,0.07663519313304722,0.3982832618025752
7609,0.745,5.19875,0.062077253218884125,0.32274678111587984
7610,0.7975,5.19375,0.069585121602289,0.35937052932761093
7611,0.91,5.18,0.06042918454935623,0.3113018597997139
7612,0.755,5.2025,0.06290128755364807,0.32732474964234626
7613,0.7625,5.1925,0.06354220314735337,0.32961373390557946
7614,0.6625,5.21,0.07105007153075824,0.37081545064377686
7615,0.76,5.20875,0.06335908440629472,0.32961373390557946
7616,0.6775,5.21,0.07059227467811159,0.36852646638054365
7617,0.68,5.2125,0.06747925608011446,0.35250357653791137
7618,0.6925,5.20125,0.0576824034334764,0.29985693848354794
7619,0.685,5.19875,0.07205722460658083,0.37539341917024327
7620,0.69,5.21125,0.06711301859799715,0.34792560801144495
7621,0.715,5.20625,0.059605150214592284,0.3113018597997139
7622,0.665,5.21125,0.07416309012875537,0.3868383404864092
7623,0.74,5.21,0.0672961373390558,0.34792560801144495
7624,0.9,5.21,0.07498712446351932,0.3891273247496424
7625,0.7825,5.18625,0.06519027181688127,0.33648068669527903
7626,0.76,5.2075,0.07608583690987125,0.3982832618025752
7627,0.9125,5.1975,0.07608583690987125,0.3937052932761088
7628,0.77,5.18,0.06418311874105866,0.3341917024320458
7629,0.785,5.2,0.059971387696709594,0.3113018597997139
7630,0.6675,5.1875,0.05566809728183119,0.288412017167382
7631,0.68,5.1825,0.0566752503576538,0.2929899856938484
7632,0.7875,5.19625,0.05603433476394851,0.2929899856938484
7633,0.74,5.18125,0.061711015736766815,0.3181688125894135
7634,0.73,5.18875,0.06079542203147354,0.3158798283261803
7635,0.79,5.19625,0.05621745350500716,0.2929899856938484
7636,0.675,5.18125,0.05621745350500716,0.2929899856938484
7637,0.715,5.185,0.059605150214592284,0.30672389127324756
7638,0.745,5.20625,0.07004291845493563,0.3639484978540773
7639,0.9,5.20625,0.07498712446351932,0.3891273247496424
7640,0.74,5.18125,0.061711015736766815,0.3181688125894135
7641,0.7475,5.19875,0.07205722460658083,0.37539341917024327
7642,0.79,5.17875,0.06583118741058656,0.3410586552217454
7643,0.79,5.18625,0.06583118741058656,0.3410586552217454
7644,0.6925,5.21125,0.06601430615164522,0.34563662374821175
7645,0.67,5.19375,0.055851216022889845,0.288412017167382
7646,0.67,5.1825,0.055851216022889845,0.288412017167382
7647,0.745,5.20375,0.05914735336194564,0.30672389127324756
7648,1.3825,5.16,0.07251502145922747,0.37539341917024327
7649,0.84,5.20375,0.07004291845493563,0.3639484978540773
7650,0.8425,5.185,0.05521030042918455,0.2861230329041488
7651,0.855,5.18375,0.05795708154506438,0.29985693848354794
7652,0.865,5.21125,0.07205722460658083,0.37539341917024327
7653,0.875,5.18625,0.05850643776824035,0.30443490701001436
7654,0.725,5.21,0.069585121602289,0.3639484978540773
7655,0.88,5.2,0.07333905579399143,0.38226037195994284
7656,0.7575,5.2025,0.06683834048640916,0.34792560801144495
7657,0.71,5.205,0.07544492131616595,0.3937052932761088
7658,0.7875,5.18125,0.06564806866952791,0.3410586552217454
7659,0.915,5.17375,0.05603433476394851,0.288412017167382
7660,0.78,5.19875,0.05704148783977111,0.2952789699570816
7661,0.6675,5.185,0.05566809728183119,0.288412017167382
7662,0.8225,5.2025,0.06857796852646639,0.3570815450643777
7663,0.895,5.17375,0.06226037195994278,0.32274678111587984
7664,0.865,5.21125,0.07205722460658083,0.37539341917024327
7665,0.7825,5.2125,0.06519027181688127,0.3410586552217454
7666,0.675,5.2125,0.07544492131616595,0.3937052932761088
7667,0.905,5.21375,0.07544492131616595,0.3937052932761088
7668,0.91,5.19,0.07581115879828328,0.3937052932761088
7669,0.71,5.205,0.07517024320457798,0.3891273247496424
7670,0.91,5.2075,0.07581115879828328,0.3937052932761088
7671,0.8825,5.1975,0.07352217453505008,0.38226037195994284
7672,0.8025,5.1975,0.06042918454935623,0.3158798283261803
7673,0.8225,5.20375,0.06857796852646639,0.3570815450643777
7674,0.72,5.205,0.059971387696709594,0.3113018597997139
7675,0.7625,5.19375,0.06372532188841203,0.32961373390557946
7676,0.83,5.20375,0.06912732474964235,0.35937052932761093
7677,0.8625,5.2075,0.07187410586552218,0.37539341917024327
7678,0.85,5.18375,0.05603433476394851,0.288412017167382
7679,0.695,5.1825,0.05795708154506438,0.29985693848354794
7680,0.785,5.195,0.06537339055793992,0.3410586552217454
7681,0.81,5.1925,0.05539341917024321,0.288412017167382
7682,0.675,5.1825,0.05621745350500716,0.2929899856938484
7683,1.225,5.19375,0.1020886981402003,0.528755364806867
7684,0.89,5.18125,0.06290128755364807,0.32732474964234626
7685,0.885,5.1825,0.06354220314735337,0.32961373390557946
7686,0.835,5.21,0.069585121602289,0.3639484978540773
7687,0.785,5.19625,0.06912732474964235,0.35937052932761093
7688,0.86,5.18375,0.06354220314735337,0.32961373390557946
7689,0.795,5.1975,0.0662889842632332,0.34563662374821175
7690,0.6675,5.21125,0.07187410586552218,0.37539341917024327
7691,0.6725,5.21375,0.07004291845493563,0.3639484978540773
7692,0.7825,5.21125,0.06519027181688127,0.3410586552217454
7693,0.695,5.2025,0.0689442060085837,0.35937052932761093
7694,0.6675,5.20875,0.07315593705293277,0.38226037195994284
7695,0.86,5.21375,0.07169098712446352,0.37539341917024327
7696,0.66,5.20875,0.07205722460658083,0.37539341917024327
7697,0.785,5.1975,0.05731616595135909,0.2952789699570816
7698,1.645,5.17,0.13706437768240345,0.709585121602289
7699,0.71,5.17875,0.05914735336194564,0.30672389127324756
7700,0.8425,5.18625,0.07315593705293277,0.3776824034334764
7701,0.71,5.18,0.05914735336194564,0.30672389127324756
7702,0.71,5.1925,0.05914735336194564,0.30672389127324756
7703,0.7975,5.1925,0.06793705293276109,0.35250357653791137
7704,0.855,5.20625,0.07123319027181689,0.37081545064377686
7705,0.7425,5.21,0.06189413447782547,0.32274678111587984
7706,0.665,5.2125,0.07416309012875537,0.3868383404864092
7707,0.775,5.21125,0.06454935622317597,0.33648068669527903
7708,0.6675,5.195,0.05566809728183119,0.288412017167382
7709,0.6775,5.21375,0.07040915593705294,0.36852646638054365
7710,0.995,5.21,0.08295278969957083,0.43032904148783985
7711,0.845,5.21375,0.07040915593705294,0.36852646638054365
7712,0.6775,5.20625,0.07169098712446352,0.37539341917024327
7713,1.4375,5.16375,0.11975965665236053,0.6180257510729614
7714,0.8325,5.2075,0.06940200286123034,0.35937052932761093
7715,0.8925,5.18,0.06079542203147354,0.3158798283261803
7716,0.7275,5.19625,0.060612303290414886,0.3158798283261803
7717,0.905,5.2075,0.07544492131616595,0.3937052932761088
7718,0.875,5.185,0.05878111587982833,0.30443490701001436
7719,0.685,5.195,0.05704148783977111,0.2952789699570816
7720,0.74,5.17875,0.061711015736766815,0.3181688125894135
7721,0.7675,5.2,0.057499284692417746,0.29985693848354794
7722,0.87,5.1825,0.057499284692417746,0.2952789699570816
7723,0.87,5.2,0.07251502145922747,0.3776824034334764
7724,0.8725,5.18125,0.05704148783977111,0.2952789699570816
7725,0.84,5.18625,0.06079542203147354,0.3158798283261803
7726,0.87,5.21125,0.07251502145922747,0.3776824034334764
7727,0.87,5.1825,0.05621745350500716,0.2929899856938484
7728,1.0475,5.16625,0.0987925608011445,0.5104434907010015
7729,0.7525,5.1775,0.06271816881258942,0.32732474964234626
7730,0.705,5.20625,0.07562804005722461,0.3937052932761088
7731,0.8325,5.1875,0.07288125894134478,0.3776824034334764
7732,0.715,5.18,0.059605150214592284,0.30672389127324756
7733,0.7025,5.20875,0.07462088698140201,0.3891273247496424
7734,0.6975,5.21125,0.06335908440629472,0.32961373390557946
7735,0.7025,5.20125,0.05850643776824035,0.30443490701001436
7736,0.68,5.18125,0.0566752503576538,0.2929899856938484
7737,0.785,5.2,0.06454935622317597,0.33648068669527903
7738,0.665,5.18625,0.05539341917024321,0.288412017167382
7739,0.75,5.1925,0.06253505007153076,0.32732474964234626
7740,0.8875,5.1825,0.05603433476394851,0.288412017167382
7741,0.665,5.1875,0.05539341917024321,0.288412017167382
7742,0.74,5.19,0.061711015736766815,0.3181688125894135
7743,1.3575,5.16375,0.11060371959942776,0.5699570815450644
7744,0.975,5.20625,0.0812131616595136,0.4234620886981402
7745,0.8325,5.19375,0.06940200286123034,0.35937052932761093
7746,0.7575,5.205,0.06537339055793992,0.3410586552217454
7747,0.895,5.21125,0.07462088698140201,0.3891273247496424
7748,0.9725,5.19625,0.08103004291845495,0.421173104434907
7749,0.665,5.21375,0.07169098712446352,0.37539341917024327
7750,0.8175,5.21375,0.06812017167381974,0.3570815450643777
7751,0.7575,5.21,0.06308440629470673,0.32961373390557946
7752,0.67,5.21375,0.07169098712446352,0.37539341917024327
7753,0.9225,5.21,0.0769098712446352,0.4005722460658083
7754,0.7875,5.21375,0.06564806866952791,0.3410586552217454
7755,0.7625,5.19375,0.06436623748211731,0.3341917024320458
7756,0.8675,5.21125,0.07233190271816882,0.3776824034334764
7757,0.8025,5.21375,0.06683834048640916,0.34792560801144495
7758,0.9,5.18375,0.07269814020028613,0.37539341917024327
7759,0.86,5.1875,0.05850643776824035,0.30443490701001436
7760,0.8925,5.21125,0.07434620886981402,0.3868383404864092
7761,0.9025,5.18,0.059605150214592284,0.30672389127324756
7762,0.84,5.19125,0.059605150214592284,0.3113018597997139
7763,0.93,5.21125,0.07745922746781117,0.40515021459227474
7764,1.235,5.17,0.08899570815450644,0.46237482117310447
7765,0.6775,5.21375,0.07059227467811159,0.36852646638054365
7766,0.8025,5.215,0.06683834048640916,0.34792560801144495
7767,0.7575,5.19375,0.06418311874105866,0.3341917024320458
7768,0.68,5.205,0.07169098712446352,0.37081545064377686
7769,0.8025,5.2125,0.06683834048640916,0.34792560801144495
7770,0.6725,5.20625,0.07059227467811159,0.36852646638054365
7771,0.6675,5.2125,0.07123319027181689,0.37081545064377686
7772,0.73,5.20625,0.06079542203147354,0.3158798283261803
7773,1.315,5.18125,0.10959656652360517,0.5653791130185981
7774,0.8675,5.185,0.05878111587982833,0.30443490701001436
7775,0.735,5.19625,0.06125321888412018,0.3181688125894135
7776,0.8625,5.21,0.07187410586552218,0.37539341917024327
7777,0.8875,5.18125,0.058964234620886985,0.30443490701001436
7778,0.705,5.185,0.05878111587982833,0.30443490701001436
7779,0.665,5.19125,0.05539341917024321,0.288412017167382
7780,0.67,5.2125,0.0689442060085837,0.35937052932761093
7781,0.7125,5.1825,0.059330472103004295,0.30672389127324756
7782,0.8475,5.205,0.07059227467811159,0.36852646638054365
7783,0.865,5.1825,0.05731616595135909,0.2952789699570816
7784,0.875,5.2075,0.07288125894134478,0.3776824034334764
7785,0.8625,5.21125,0.07187410586552218,0.37539341917024327
7786,0.87,5.18,0.0566752503576538,0.2929899856938484
7787,0.67,5.185,0.055851216022889845,0.288412017167382
7788,0.9225,5.1675,0.0769098712446352,0.3982832618025752
7789,0.895,5.18125,0.058964234620886985,0.30443490701001436
7790,0.79,5.20625,0.06583118741058656,0.3410586552217454
7791,0.955,5.21125,0.07956509298998571,0.41659513590844066
7792,0.905,5.18,0.059330472103004295,0.30672389127324756
7793,0.7625,5.18125,0.06354220314735337,0.32961373390557946
7794,0.7425,5.18875,0.06189413447782547,0.32274678111587984
7795,0.8225,5.18875,0.05539341917024321,0.288412017167382
7796,0.8725,5.18125,0.05731616595135909,0.2952789699570816
7797,0.89,5.21,0.07416309012875537,0.3868383404864092
7798,0.84,5.18625,0.0550271816881259,0.2861230329041488
7799,0.685,5.21375,0.06775393419170243,0.35250357653791137
7800,0.8,5.21375,0.0666552217453505,0.34792560801144495
7801,0.71,5.2025,0.07397997138769671,0.3868383404864092
7802,1.22,5.175,0.1020886981402003,0.528755364806867
7803,0.8875,5.1925,0.07397997138769671,0.38226037195994284
7804,0.9075,5.17875,0.059971387696709594,0.3113018597997139
7805,0.805,5.1975,0.06583118741058656,0.3410586552217454
7806,0.8325,5.21,0.06940200286123034,0.35937052932761093
7807,0.91,5.17625,0.07581115879828328,0.3113018597997139
7808,0.8575,5.1925,0.0683032904148784,0.3570815450643777
7809,0.6825,5.1825,0.056858369098712454,0.2952789699570816
7810,0.7325,5.18375,0.06107010014306152,0.3158798283261803
7811,0.73,5.205,0.05978826895565094,0.3113018597997139
7812,0.8175,5.21375,0.06812017167381974,0.3570815450643777
7813,0.6775,5.1825,0.056492131616595144,0.2929899856938484
7814,0.75,5.2025,0.058964234620886985,0.30672389127324756
7815,0.71,5.205,0.05914735336194564,0.30672389127324756
7816,0.6625,5.18875,0.05521030042918455,0.2861230329041488
7817,0.7975,5.1925,0.05914735336194564,0.30672389127324756
7818,0.9275,5.17125,0.07727610872675252,0.4005722460658083
7819,0.885,5.2125,0.07370529327610874,0.38226037195994284
7820,0.9,5.18,0.06125321888412018,0.3181688125894135
7821,0.7025,5.18875,0.05850643776824035,0.30443490701001436
7822,0.9,5.205,0.07498712446351932,0.3891273247496424
7823,0.85,5.19,0.05832331902718169,0.30443490701001436
7824,0.6625,5.18625,0.05521030042918455,0.2861230329041488
7825,0.715,5.18375,0.059605150214592284,0.30672389127324756
7826,0.8325,5.18375,0.05914735336194564,0.30672389127324756
7827,0.91,5.205,0.07581115879828328,0.3937052932761088
7828,0.79,5.21375,0.06583118741058656,0.34563662374821175
7829,0.7,5.21,0.06564806866952791,0.3410586552217454
7830,0.665,5.19125,0.05539341917024321,0.288412017167382
7831,0.685,5.1825,0.05704148783977111,0.2952789699570816
7832,0.7775,5.19875,0.05704148783977111,0.2952789699570816
7833,0.9625,5.17375,0.06912732474964235,0.3570815450643777
7834,0.8825,5.2125,0.07352217453505008,0.38226037195994284
7835,0.84,5.1925,0.05914735336194564,0.30672389127324756
7836,0.73,5.21125,0.06976824034334765,0.3639484978540773
7837,0.9375,5.1975,0.07810014306151646,0.40515021459227474
7838,0.7075,5.2125,0.07517024320457798,0.3891273247496424
7839,0.7025,5.21125,0.06290128755364807,0.32732474964234626
7840,0.6625,5.18875,0.05521030042918455,0.2861230329041488
7841,0.6825,5.21375,0.06812017167381974,0.3570815450643777
7842,0.8275,5.19125,0.05521030042918455,0.2861230329041488
7843,0.8125,5.18875,0.06775393419170243,0.35250357653791137
7844,0.8675,5.18125,0.056492131616595144,0.2929899856938484
7845,0.865,5.18125,0.0566752503576538,0.2929899856938484
7846,0.8475,5.205,0.07059227467811159,0.36852646638054365
7847,0.8675,5.21375,0.07233190271816882,0.3776824034334764
7848,0.8275,5.19,0.08643204577968527,0.45092989985693854
7849,0.9025,5.205,0.07517024320457798,0.3891273247496424
7850,0.845,5.195,0.07040915593705294,0.36852646638054365
7851,0.785,5.19875,0.062077253218884125,0.32274678111587984
7852,0.85,5.2125,0.07086695278969958,0.36852646638054365
7853,0.7925,5.20875,0.06601430615164522,0.34563662374821175
7854,0.71,5.21,0.06271816881258942,0.32732474964234626
7855,0.6675,5.19,0.05566809728183119,0.288412017167382
7856,0.6775,5.1825,0.056492131616595144,0.2929899856938484
7857,0.7825,5.19625,0.056858369098712454,0.2952789699570816
7858,0.705,5.2025,0.05878111587982833,0.30672389127324756
7859,0.6975,5.18375,0.05814020028612304,0.29985693848354794
7860,0.765,5.20125,0.05814020028612304,0.30443490701001436
7861,0.675,5.1825,0.05621745350500716,0.2929899856938484
7862,0.68,5.18375,0.0566752503576538,0.2929899856938484
7863,0.92,5.19125,0.0785579399141631,0.4097281831187411
7864,0.7275,5.17875,0.060612303290414886,0.3158798283261803
7865,0.725,5.185,0.06042918454935623,0.3158798283261803
7866,0.8225,5.19,0.06647210300429185,0.34563662374821175
7867,0.74,5.18,0.061711015736766815,0.3181688125894135
7868,0.7225,5.18,0.060246065808297576,0.3113018597997139
7869,0.685,5.215,0.06876108726752504,0.35937052932761093
7870,0.6875,5.21375,0.07269814020028613,0.3776824034334764
7871,0.81,5.21375,0.06747925608011446,0.35250357653791137
7872,0.7725,5.1875,0.06601430615164522,0.3410586552217454
7873,0.8175,5.19,0.05603433476394851,0.2929899856938484
7874,0.69,5.18375,0.057499284692417746,0.2952789699570816
7875,0.6725,5.21375,0.07187410586552218,0.37539341917024327
7876,0.72,5.2075,0.062077253218884125,0.32274678111587984
7877,0.71,5.20375,0.05914735336194564,0.30672389127324756
7878,0.87,5.18875,0.07333905579399143,0.3776824034334764
7879,0.8375,5.18875,0.06647210300429185,0.34563662374821175
7880,0.715,5.17875,0.059605150214592284,0.30672389127324756
7881,0.7025,5.20875,0.07562804005722461,0.3937052932761088
7882,0.9475,5.1725,0.0672961373390558,0.34792560801144495
7883,0.8075,5.17875,0.0672961373390558,0.34792560801144495
7884,0.825,5.18875,0.06876108726752504,0.3570815450643777
7885,0.86,5.18125,0.0566752503576538,0.2929899856938484
7886,0.865,5.21125,0.07205722460658083,0.37539341917024327
7887,0.6875,5.20125,0.05731616595135909,0.2952789699570816
7888,0.6975,5.2125,0.06583118741058656,0.3410586552217454
7889,0.715,5.20375,0.059605150214592284,0.3113018597997139
7890,0.675,5.18625,0.05621745350500716,0.2929899856938484
7891,0.72,5.2075,0.06107010014306152,0.3181688125894135
7892,0.675,5.18375,0.05621745350500716,0.2929899856938484
7893,1.01,5.19625,0.08414306151645208,0.4394849785407726
7894,0.735,5.20875,0.06683834048640916,0.34792560801144495
7895,0.9,5.2025,0.07498712446351932,0.3891273247496424
7896,0.775,5.18625,0.06454935622317597,0.3341917024320458
7897,0.7025,5.21125,0.07462088698140201,0.3891273247496424
7898,0.8575,5.19625,0.07141630901287555,0.37081545064377686
7899,0.79,5.2075,0.06583118741058656,0.3410586552217454
7900,0.665,5.21,0.07187410586552218,0.37539341917024327
7901,0.7275,5.2075,0.060612303290414886,0.3158798283261803
7902,0.6975,5.18375,0.05814020028612304,0.29985693848354794
7903,0.805,5.19375,0.0550271816881259,0.2861230329041488
7904,0.74,5.18125,0.061711015736766815,0.3181688125894135
7905,0.7325,5.19,0.06107010014306152,0.3181688125894135
7906,0.785,5.1975,0.05621745350500716,0.2929899856938484
7907,0.88,5.1825,0.056492131616595144,0.2929899856938484
7908,0.9,5.20875,0.07498712446351932,0.3891273247496424
7909,0.865,5.18875,0.05850643776824035,0.30443490701001436
7910,0.73,5.20875,0.06812017167381974,0.3570815450643777
7911,0.885,5.2,0.07370529327610874,0.38226037195994284
7912,0.7975,5.2,0.06253505007153076,0.32732474964234626
7913,0.715,5.205,0.07581115879828328,0.3937052932761088
7914,0.855,5.21375,0.07123319027181689,0.37081545064377686
7915,0.74,5.1975,0.0666552217453505,0.34563662374821175
7916,0.6825,5.215,0.06683834048640916,0.34792560801144495
7917,0.7575,5.21,0.06308440629470673,0.32961373390557946
7918,0.675,5.21375,0.07315593705293277,0.38226037195994284
7919,0.6925,5.21375,0.06482403433476396,0.33648068669527903
7920,0.725,5.205,0.06042918454935623,0.3158798283261803
7921,0.6725,5.21375,0.05603433476394851,0.288412017167382
7922,0.8175,5.19125,0.054752503576537916,0.2861230329041488
7923,0.8125,5.205,0.06775393419170243,0.35250357653791137
7924,0.8975,5.20625,0.07480400572246067,0.3891273247496424
7925,0.755,5.20625,0.06482403433476396,0.33648068669527903
7926,0.86,5.2125,0.07169098712446352,0.37539341917024327
7927,0.85,5.20875,0.07086695278969958,0.36852646638054365
7928,0.9025,5.1825,0.05914735336194564,0.30672389127324756
7929,1.2575,5.18125,0.10483547925608012,0.5447782546494994
7930,0.7425,5.21125,0.06189413447782547,0.32274678111587984
7931,0.68,5.21625,0.06812017167381974,0.3570815450643777
7932,0.715,5.205,0.059605150214592284,0.3113018597997139
7933,0.7425,5.21,0.06189413447782547,0.32274678111587984
7934,0.6625,5.20875,0.07251502145922747,0.3776824034334764
7935,0.7225,5.20875,0.060246065808297576,0.3158798283261803
7936,0.685,5.1925,0.05704148783977111,0.2952789699570816
7937,0.7625,5.2025,0.058964234620886985,0.30672389127324756
7938,0.77,5.1975,0.06418311874105866,0.3341917024320458
7939,0.7675,5.18625,0.064,0.3341917024320458
7940,0.77,5.1975,0.07105007153075824,0.36852646638054365
7941,0.7075,5.18125,0.058964234620886985,0.30443490701001436
7942,0.7075,5.185,0.058964234620886985,0.30672389127324756
7943,0.8875,5.1825,0.06253505007153076,0.32274678111587984
7944,0.8725,5.18125,0.05603433476394851,0.288412017167382
7945,0.7125,5.185,0.059330472103004295,0.30672389127324756
7946,0.8225,5.1875,0.05539341917024321,0.288412017167382
7947,0.8675,5.1825,0.0566752503576538,0.2929899856938484
7948,0.6725,5.18375,0.05603433476394851,0.288412017167382
7949,0.7625,5.195,0.06436623748211731,0.3341917024320458
7950,0.6975,5.20125,0.06876108726752504,0.3570815450643777
7951,0.82,5.21375,0.0683032904148784,0.3570815450643777
7952,0.6675,5.21,0.07315593705293277,0.38226037195994284
7953,0.785,5.2,0.06482403433476396,0.33648068669527903
7954,0.7725,5.1875,0.06436623748211731,0.3341917024320458
7955,0.73,5.21125,0.06775393419170243,0.35250357653791137
7956,0.705,5.20875,0.07498712446351932,0.3891273247496424
7957,0.9125,5.20625,0.07608583690987125,0.3982832618025752
7958,0.8475,5.19,0.07059227467811159,0.30443490701001436
7959,0.8125,5.1925,0.055851216022889845,0.288412017167382
7960,0.7025,5.185,0.05850643776824035,0.30443490701001436
7961,0.85,5.205,0.07086695278969958,0.36852646638054365
7962,0.8675,5.1825,0.056858369098712454,0.2952789699570816
7963,0.8725,5.1825,0.07269814020028613,0.37539341917024327
7964,0.8375,5.2025,0.06976824034334765,0.3639484978540773
7965,0.875,5.18125,0.056492131616595144,0.2929899856938484
7966,0.785,5.19625,0.06537339055793992,0.3410586552217454
7967,0.8225,5.215,0.06857796852646639,0.3570815450643777
7968,0.72,5.2,0.07269814020028613,0.3776824034334764
7969,0.7575,5.18375,0.06308440629470673,0.32732474964234626
7970,0.7575,5.1825,0.06308440629470673,0.32732474964234626
7971,0.7,5.21,0.07608583690987125,0.3982832618025752
7972,0.9075,5.205,0.07562804005722461,0.3937052932761088
7973,0.9475,5.205,0.07892417739628041,0.4120171673819743
7974,0.7875,5.19625,0.05704148783977111,0.2952789699570816
7975,0.675,5.18125,0.05621745350500716,0.2929899856938484
7976,0.785,5.1975,0.06537339055793992,0.3410586552217454
7977,0.825,5.18875,0.05566809728183119,0.288412017167382
7978,0.6725,5.1825,0.05603433476394851,0.288412017167382
7979,0.7075,5.185,0.058964234620886985,0.30672389127324756
7980,0.7825,5.19625,0.056858369098712454,0.2952789699570816
7981,0.835,5.1875,0.05521030042918455,0.2861230329041488
7982,0.7,5.1825,0.05832331902718169,0.30443490701001436
7983,0.885,5.18125,0.056858369098712454,0.2952789699570816
7984,0.7,5.21,0.07370529327610874,0.38226037195994284
7985,0.7375,5.18125,0.06143633762517883,0.3181688125894135
7986,0.705,5.21,0.07727610872675252,0.4005722460658083
7987,0.7925,5.1925,0.07004291845493563,0.3639484978540773
7988,0.7275,5.17875,0.060612303290414886,0.3158798283261803
7989,0.6775,5.215,0.07123319027181689,0.37081545064377686
7990,0.695,5.21375,0.07141630901287555,0.37081545064377686
7991,0.73,5.20625,0.06079542203147354,0.3158798283261803
7992,0.6775,5.215,0.06876108726752504,0.35937052932761093
7993,0.69,5.21,0.06857796852646639,0.3570815450643777
7994,0.74,5.20875,0.061711015736766815,0.32274678111587984
7995,0.665,5.21125,0.05539341917024321,0.3776824034334764
7996,0.7925,5.19625,0.0566752503576538,0.2952789699570816
7997,0.705,5.185,0.05878111587982833,0.30443490701001436
7998,0.715,5.18625,0.059605150214592284,0.30672389127324756
7999,0.9,5.18,0.06107010014306152,0.3158798283261803
8000,0.7025,5.185,0.05850643776824035,0.30443490701001436
8001,0.8075,5.21,0.0672961373390558,0.34792560801144495
8002,0.905,5.18125,0.06107010014306152,0.3158798283261803
8003,0.78,5.18375,0.06500715307582261,0.33648068669527903
8004,0.8425,5.215,0.07022603719599428,0.36852646638054365
8005,0.86,5.1825,0.057499284692417746,0.2952789699570816
8006,0.8225,5.21625,0.06857796852646639,0.3570815450643777
8007,0.69,5.1825,0.057499284692417746,0.2952789699570816
8008,0.865,5.18,0.05832331902718169,0.30443490701001436
8009,0.715,5.18125,0.059605150214592284,0.30672389127324756
8010,0.7425,5.18625,0.06189413447782547,0.32274678111587984
8011,0.7725,5.19875,0.05832331902718169,0.30443490701001436
8012,0.6775,5.185,0.056492131616595144,0.2929899856938484
8013,0.7625,5.19,0.06354220314735337,0.32961373390557946
8014,0.7075,5.20625,0.0762689556509299,0.3982832618025752
8015,0.7425,5.18125,0.06189413447782547,0.32274678111587984
8016,0.7175,5.18125,0.05978826895565094,0.3113018597997139
8017,0.7075,5.205,0.07544492131616595,0.3937052932761088
8018,0.7925,5.19375,0.07370529327610874,0.38226037195994284
8019,0.7475,5.1875,0.06226037195994278,0.32274678111587984
8020,0.7625,5.20375,0.059971387696709594,0.3113018597997139
8021,0.7175,5.21,0.064,0.3341917024320458
8022,0.7,5.1975,0.05832331902718169,0.30443490701001436
8023,0.71,5.20125,0.06976824034334765,0.3639484978540773
8024,0.765,5.2,0.0576824034334764,0.29985693848354794
8025,2.0625,5.10125,0.17185693848354794,0.876680972818312
8026,2.9675,5.0575,0.24647782546494995,1.2452074391988557
8027,2.985,5.05625,0.2479427753934192,1.2520743919885553
8028,2.97,5.05625,0.24748497854077256,1.2520743919885553
8029,2.9325,5.05875,0.2450128755364807,1.238340486409156
8030,2.87,5.0625,0.24025178826895568,1.215450643776824
8031,2.9475,5.05875,0.245653791130186,1.2406294706723893
8032,2.915,5.06125,0.24290701001430617,1.2291845493562235
8033,2.9275,5.0575,0.24043490701001433,1.215450643776824
8034,2.8475,5.05875,0.23732188841201718,1.1994277539341918
8035,2.9575,5.06,0.24647782546494995,1.249785407725322
8036,2.9425,5.05875,0.2462947067238913,1.2452074391988557
8037,2.9325,5.0575,0.2443719599427754,1.238340486409156
8038,2.93,5.05875,0.24418884120171677,1.2337625178826896
8039,2.95,5.05875,0.2462947067238913,1.2452074391988557
8040,2.9325,5.05875,0.2443719599427754,1.238340486409156
8041,2.9375,5.0575,0.24482975679542204,1.238340486409156
8042,2.95,5.06,0.24482975679542204,1.238340486409156
8043,2.9475,5.0575,0.245653791130186,1.2406294706723893
8044,2.945,5.05875,0.24537911301859802,1.2406294706723893
8045,2.95,5.05625,0.24391416309012878,1.2337625178826896
8046,2.945,5.05875,0.24537911301859802,1.2406294706723893
8047,2.9275,5.05875,0.24391416309012878,1.2337625178826896
8048,2.915,5.05875,0.24876680972818313,1.261230329041488
8049,2.915,5.06,0.24290701001430617,1.2291845493562235
8050,2.9275,5.055,0.24391416309012878,1.2337625178826896
8051,2.9425,5.05875,0.2443719599427754,1.238340486409156
8052,2.9325,5.05875,0.2443719599427754,1.238340486409156
8053,2.93,5.0575,0.24418884120171677,1.2337625178826896
8054,2.96,5.0575,0.245653791130186,1.2406294706723893
8055,2.9325,5.06,0.2443719599427754,1.238340486409156
8056,2.9175,5.0575,0.24309012875536484,1.2291845493562235
8057,2.93,5.05875,0.24537911301859802,1.2406294706723893
8058,2.93,5.05625,0.2476680972818312,1.2520743919885553
8059,2.92,5.06,0.2433648068669528,1.2291845493562235
8060,2.945,5.0575,0.245653791130186,1.2406294706723893
8061,2.9075,5.05875,0.2416251788268956,1.2223175965665238
8062,2.89,5.06125,0.24080114449213164,1.2177396280400574
8063,2.9,5.06,0.24226609442060087,1.2268955650929902
8064,2.945,5.05625,0.24455507868383408,1.238340486409156
8065,2.9475,5.05875,0.245653791130186,1.2406294706723893
8066,2.9375,5.05875,0.24373104434907011,1.2337625178826896
8067,2.9325,5.06,0.24354792560801147,1.2337625178826896
8068,2.91,5.05625,0.24254077253218886,1.2268955650929902
8069,2.9675,5.05625,0.24354792560801147,1.2291845493562235
8070,2.92,5.05875,0.2443719599427754,1.238340486409156
8071,2.935,5.0575,0.24455507868383408,1.238340486409156
8072,2.9375,5.0575,0.24482975679542204,1.238340486409156
8073,2.905,5.06,0.23961087267525039,1.2108726752503578
8074,2.92,5.06,0.2433648068669528,1.2291845493562235
8075,2.93,5.0575,0.24418884120171677,1.2337625178826896
8076,2.9725,5.0575,0.24711874105865525,1.249785407725322
8077,2.92,5.05875,0.2433648068669528,1.2291845493562235
8078,2.94,5.05875,0.2450128755364807,1.238340486409156
8079,2.925,5.05875,0.24418884120171677,1.2337625178826896
8080,2.9825,5.05625,0.2485836909871245,1.2566523605150215
8081,2.9475,5.05875,0.245653791130186,1.2406294706723893
8082,2.9325,5.05875,0.24354792560801147,1.2337625178826896
8083,2.9725,5.0575,0.2476680972818312,1.2520743919885553
8084,2.9525,5.0575,0.24602002861230332,1.2452074391988557
8085,2.98,5.05625,0.24812589413447786,1.2566523605150215
8086,2.9525,5.0575,0.24602002861230332,1.2452074391988557
8087,2.9375,5.0575,0.24482975679542204,1.238340486409156
8088,2.97,5.05875,0.24666094420600862,1.249785407725322
8089,2.99,5.055,0.24913304721030047,1.261230329041488
8090,2.9825,5.05375,0.2485836909871245,1.2566523605150215
8091,3,5.05625,0.24812589413447786,1.2566523605150215
8092,2.9725,5.055,0.2476680972818312,1.2520743919885553
8093,2.9825,5.055,0.2485836909871245,1.2566523605150215
8094,2.9825,5.05625,0.24711874105865525,1.249785407725322
8095,2.9975,5.055,0.24748497854077256,1.2520743919885553
8096,2.98,5.05125,0.2483090128755365,1.2520743919885553
8097,2.9725,5.0575,0.25041487839771104,1.2680972818311875
8098,2.945,5.05625,0.24666094420600862,1.249785407725322
8099,2.9475,5.055,0.245653791130186,1.2406294706723893
8100,3.0175,5.05125,0.24977396280400574,1.261230329041488
8101,2.9925,5.05625,0.2495908440629471,1.2635193133047211
8102,2.975,5.05375,0.2479427753934192,1.2520743919885553
8103,2.9875,5.055,0.24977396280400574,1.2635193133047211
8104,2.97,5.055,0.24876680972818313,1.2566523605150215
8105,2.965,5.05375,0.24711874105865525,1.249785407725322
8106,3.0075,5.05375,0.24977396280400574,1.2635193133047211
8107,2.98,5.05625,0.2473018597997139,1.249785407725322
8108,2.98,5.05625,0.2483090128755365,1.2566523605150215
8109,3.005,5.0525,0.25041487839771104,1.2635193133047211
8110,2.9925,5.05375,0.2489499284692418,1.2566523605150215
8111,2.995,5.055,0.2495908440629471,1.261230329041488
8112,2.9775,5.05375,0.24812589413447786,1.2520743919885553
8113,2.995,5.055,0.2479427753934192,1.2520743919885553
8114,2.9725,5.05625,0.2476680972818312,1.2520743919885553
8115,2.9775,5.055,0.24812589413447786,1.2520743919885553
8116,2.98,5.055,0.24977396280400574,1.2635193133047211
8117,2.97,5.05375,0.24748497854077256,1.2520743919885553
8118,2.985,5.055,0.24876680972818313,1.2566523605150215
8119,2.9925,5.05375,0.24940772532188843,1.261230329041488
8120,2.9875,5.05375,0.2489499284692418,1.2566523605150215
8121,2.97,5.0525,0.24748497854077256,1.249785407725322
8122,2.985,5.05375,0.2485836909871245,1.2566523605150215
8123,3.0125,5.055,0.2510557939914163,1.2680972818311875
8124,2.95,5.05625,0.24583690987124465,1.2406294706723893
8125,2.9675,5.0575,0.2473018597997139,1.2520743919885553
8126,2.96,5.05625,0.24666094420600862,1.249785407725322
8127,2.9775,5.055,0.24812589413447786,1.2520743919885553
8128,2.9825,5.0575,0.2473018597997139,1.2520743919885553
8129,2.955,5.0575,0.2462947067238913,1.2452074391988557
8130,2.945,5.05625,0.24537911301859802,1.2406294706723893
8131,2.9825,5.06,0.24647782546494995,1.249785407725322
8132,2.975,5.055,0.2485836909871245,1.2566523605150215
8133,2.96,5.05625,0.24666094420600862,1.249785407725322
8134,2.9825,5.055,0.2473018597997139,1.249785407725322
8135,2.9525,5.05625,0.24647782546494995,1.2452074391988557
8136,2.9425,5.0575,0.24519599427753935,1.2406294706723893
8137,2.95,5.0575,0.24812589413447786,1.2566523605150215
8138,2.9575,5.05875,0.24583690987124465,1.2452074391988557
8139,2.9475,5.0575,0.245653791130186,1.2406294706723893
8140,2.9425,5.05875,0.24583690987124465,1.2452074391988557
8141,2.9675,5.05375,0.24913304721030047,1.261230329041488
8142,2.93,5.05625,0.24418884120171677,1.2337625178826896
8143,2.955,5.05875,0.24711874105865525,1.249785407725322
8144,2.9325,5.06,0.24711874105865525,1.249785407725322
8145,2.9675,5.05625,0.2473018597997139,1.249785407725322
8146,2.98,5.05875,0.2483090128755365,1.2566523605150215
8147,2.9775,5.05375,0.240618025751073,1.215450643776824
8148,2.93,5.05625,0.24418884120171677,1.2337625178826896
8149,2.9575,5.055,0.24647782546494995,1.2452074391988557
8150,2.965,5.055,0.24748497854077256,1.2520743919885553
8151,2.9625,5.05875,0.24684406294706726,1.249785407725322
8152,2.975,5.0575,0.2479427753934192,1.2520743919885553
8153,2.955,5.05375,0.2473018597997139,1.249785407725322
8154,2.93,5.0575,0.24418884120171677,1.2337625178826896
8155,2.975,5.05625,0.2479427753934192,1.2520743919885553
8156,2.98,5.055,0.2479427753934192,1.2520743919885553
8157,2.9475,5.055,0.245653791130186,1.2406294706723893
8158,2.97,5.05625,0.24748497854077256,1.2520743919885553
8159,2.98,5.0575,0.2462947067238913,1.2452074391988557
8160,3,5.05625,0.2499570815450644,1.2635193133047211
8161,2.965,5.0575,0.24711874105865525,1.249785407725322
8162,2.9625,5.0575,0.2450128755364807,1.238340486409156
8163,2.975,5.05625,0.2479427753934192,1.2520743919885553
8164,3.045,5.05875,0.25371101573676685,1.2818311874105865
8165,3.005,5.055,0.2505979971387697,1.2680972818311875
8166,2.9775,5.055,0.24812589413447786,1.2520743919885553
8167,2.9775,5.055,0.24812589413447786,1.2520743919885553
8168,3.0025,5.05375,0.2499570815450644,1.2635193133047211
8169,2.9875,5.05625,0.24977396280400574,1.2635193133047211
8170,3.025,5.055,0.2520629470672389,1.2749642346208871
8171,3.0025,5.055,0.2499570815450644,1.2635193133047211
8172,2.9925,5.055,0.24537911301859802,1.2406294706723893
8173,2.9775,5.05375,0.24812589413447786,1.2520743919885553
8174,3.285,5.055,0.24940772532188843,1.261230329041488
8175,2.9775,5.05625,0.2483090128755365,1.2566523605150215
8176,2.9925,5.055,0.24940772532188843,1.261230329041488
8177,2.9975,5.05375,0.2522460658082976,1.2749642346208871
8178,2.9875,5.055,0.2520629470672389,1.2749642346208871
8179,2.9925,5.05625,0.24940772532188843,1.261230329041488
8180,2.99,5.05625,0.25169670958512164,1.2703862660944207
8181,2.9975,5.055,0.24977396280400574,1.2635193133047211
8182,2.9975,5.055,0.24977396280400574,1.2635193133047211
8183,2.97,5.0575,0.24748497854077256,1.2520743919885553
8184,2.9875,5.055,0.2510557939914163,1.2680972818311875
8185,3.02,5.05625,0.25169670958512164,1.2703862660944207
8186,3.01,5.05375,0.25087267525035767,1.2680972818311875
8187,1.255,5.17125,0.11664663805436339,0.6042918454935623
8188,1.31,5.175,0.10913876967095852,0.5653791130185981
8189,1.22,5.15,0.10163090128755366,0.5241773962804006
8190,1.3325,5.1575,0.10849785407725324,0.5585121602288985
8191,1.235,5.1725,0.10291273247496424,0.5333333333333334
8192,1.2375,5.1575,0.1030958512160229,0.5333333333333334
8193,1.1475,5.17875,0.1110615164520744,0.5745350500715308
8194,1.165,5.15625,0.09705293276108727,0.4989985693848355
8195,1.3675,5.1725,0.11399141630901288,0.58826895565093
8196,1.2075,5.17375,0.1133505007153076,0.5859799713876968
8197,2.14,5.10875,0.1783576537911302,0.9110157367668098
8198,2.14,5.10875,0.1783576537911302,0.9110157367668098
8199,1.27,5.165,0.11188555078683836,0.576824034334764
8200,1.1725,5.15875,0.09769384835479257,0.5035765379113019
8201,1.3775,5.1725,0.11481545064377684,0.5928469241773964
8202,1.19,5.175,0.11481545064377684,0.5928469241773964
8203,0.97,5.20625,0.08084692417739629,0.421173104434907
8204,0.78,5.21,0.06500715307582261,0.33648068669527903
8205,0.76,5.20125,0.061711015736766815,0.32274678111587984
8206,0.82,5.1925,0.0566752503576538,0.2929899856938484
8207,0.7225,5.1875,0.060246065808297576,0.3113018597997139
8208,0.825,5.18875,0.05566809728183119,0.288412017167382
8209,0.7325,5.20125,0.07397997138769671,0.3868383404864092
8210,0.7275,5.18,0.060612303290414886,0.3158798283261803
8211,0.705,5.20875,0.07608583690987125,0.3982832618025752
8212,0.7175,5.2125,0.07370529327610874,0.38226037195994284
8213,0.915,5.2075,0.0762689556509299,0.3982832618025752
8214,0.9475,5.1775,0.06308440629470673,0.32732474964234626
8215,0.8675,5.1825,0.05795708154506438,0.29985693848354794
8216,0.7775,5.19375,0.06482403433476396,0.33648068669527903
8217,0.87,5.1775,0.0576824034334764,0.29985693848354794
8218,0.68,5.21375,0.07086695278969958,0.37081545064377686
8219,0.795,5.21125,0.0662889842632332,0.34563662374821175
8220,0.7425,5.1975,0.06189413447782547,0.32274678111587984
8221,0.6925,5.21375,0.06601430615164522,0.34563662374821175
8222,0.69,5.1975,0.057499284692417746,0.29985693848354794
8223,0.685,5.1975,0.05704148783977111,0.2952789699570816
8224,0.9075,5.17875,0.06042918454935623,0.3113018597997139
8225,0.885,5.21125,0.07370529327610874,0.38226037195994284
8226,0.885,5.2,0.07370529327610874,0.38226037195994284
8227,0.73,5.20875,0.0683032904148784,0.3570815450643777
8228,0.91,5.2075,0.07581115879828328,0.3937052932761088
8229,0.7975,5.19625,0.06647210300429185,0.34563662374821175
8230,0.8525,5.18125,0.0566752503576538,0.2929899856938484
8231,0.87,5.2125,0.07251502145922747,0.3776824034334764
8232,0.7,5.2025,0.05832331902718169,0.30443490701001436
8233,0.725,5.20625,0.06253505007153076,0.32732474964234626
8234,0.6675,5.18875,0.05566809728183119,0.288412017167382
8235,0.82,5.21375,0.0683032904148784,0.3570815450643777
8236,0.83,5.1875,0.061711015736766815,0.3181688125894135
8237,0.76,5.19125,0.06335908440629472,0.32961373390557946
8238,0.86,5.2125,0.07169098712446352,0.37539341917024327
8239,0.725,5.21,0.07123319027181689,0.37081545064377686
8240,0.8875,5.21125,0.07397997138769671,0.3868383404864092
8241,0.8525,5.19625,0.07105007153075824,0.36852646638054365
8242,0.7575,5.205,0.06500715307582261,0.33648068669527903
8243,0.7275,5.205,0.08103004291845495,0.421173104434907
8244,0.8025,5.19625,0.06683834048640916,0.34792560801144495
8245,0.8575,5.18125,0.05603433476394851,0.288412017167382
8246,0.715,5.1975,0.0672961373390558,0.34792560801144495
8247,0.855,5.21625,0.07123319027181689,0.37081545064377686
8248,0.695,5.2,0.06793705293276109,0.35250357653791137
8249,0.95,5.16875,0.11353361945636625,0.5859799713876968
8250,0.865,5.20375,0.07205722460658083,0.37539341917024327
8251,0.85,5.1875,0.05539341917024321,0.288412017167382
8252,0.8125,5.18875,0.06107010014306152,0.3158798283261803
8253,0.8375,5.21375,0.06976824034334765,0.3639484978540773
8254,0.895,5.18,0.06079542203147354,0.3158798283261803
8255,0.8975,5.18375,0.058964234620886985,0.30672389127324756
8256,0.73,5.19625,0.06079542203147354,0.3158798283261803
8257,0.7825,5.195,0.06519027181688127,0.3639484978540773
8258,0.8525,5.18375,0.06335908440629472,0.32961373390557946
8259,0.6675,5.195,0.05566809728183119,0.288412017167382
8260,0.695,5.1825,0.05795708154506438,0.29985693848354794
8261,0.8075,5.19125,0.05539341917024321,0.288412017167382
8262,0.7925,5.1975,0.06601430615164522,0.3410586552217454
8263,0.8125,5.21125,0.06775393419170243,0.35250357653791137
8264,0.67,5.2125,0.07288125894134478,0.3776824034334764
8265,0.7825,5.20625,0.06519027181688127,0.33648068669527903
8266,0.695,5.1825,0.05795708154506438,0.29985693848354794
8267,0.77,5.19875,0.05731616595135909,0.2952789699570816
8268,0.745,5.1825,0.062077253218884125,0.32274678111587984
8269,0.7975,5.2075,0.06647210300429185,0.34563662374821175
8270,0.905,5.18,0.06079542203147354,0.3158798283261803
8271,0.7,5.18375,0.05832331902718169,0.30443490701001436
8272,0.7675,5.19875,0.064,0.3341917024320458
8273,0.815,5.18875,0.0689442060085837,0.3570815450643777
8274,0.74,5.18875,0.061711015736766815,0.3181688125894135
8275,0.93,5.215,0.07745922746781117,0.40515021459227474
8276,0.6675,5.21375,0.07169098712446352,0.37539341917024327
8277,0.6675,5.18875,0.05566809728183119,0.288412017167382
8278,0.705,5.18125,0.05878111587982833,0.30443490701001436
8279,0.8125,5.1925,0.05539341917024321,0.288412017167382
8280,0.8675,5.1825,0.0566752503576538,0.2929899856938484
8281,0.7875,5.195,0.06564806866952791,0.3410586552217454
8282,0.8625,5.18375,0.058964234620886985,0.30672389127324756
8283,0.7125,5.1975,0.07004291845493563,0.3639484978540773
8284,0.755,5.17875,0.06290128755364807,0.32732474964234626
8285,0.775,5.21,0.07462088698140201,0.3891273247496424
8286,0.7175,5.20375,0.07608583690987125,0.3982832618025752
8287,0.8925,5.20375,0.07434620886981402,0.3868383404864092
8288,0.85,5.19,0.058964234620886985,0.30672389127324756
8289,0.76,5.20125,0.05878111587982833,0.30672389127324756
8290,0.74,5.20625,0.061711015736766815,0.32274678111587984
8291,0.67,5.2125,0.07269814020028613,0.3776824034334764
8292,0.795,5.19625,0.06189413447782547,0.32274678111587984
8293,0.6675,5.1875,0.05566809728183119,0.288412017167382
8294,0.725,5.20625,0.06042918454935623,0.32274678111587984
8295,0.8825,5.18,0.05621745350500716,0.2929899856938484
8296,0.8475,5.21375,0.07059227467811159,0.36852646638054365
8297,0.6875,5.19875,0.05731616595135909,0.2952789699570816
8298,0.675,5.21125,0.0769098712446352,0.4005722460658083
8299,1.3575,5.15125,0.11316738197424894,0.5814020028612304
8300,0.7075,5.18875,0.058964234620886985,0.30672389127324756
8301,0.9075,5.18,0.06042918454935623,0.3113018597997139
8302,0.705,5.1875,0.05878111587982833,0.30443490701001436
8303,0.7475,5.2,0.06226037195994278,0.32274678111587984
8304,0.8525,5.18125,0.05704148783977111,0.2952789699570816
8305,0.74,5.19125,0.061711015736766815,0.3181688125894135
8306,0.88,5.2125,0.07333905579399143,0.38226037195994284
8307,0.84,5.185,0.05878111587982833,0.30443490701001436
8308,0.7075,5.185,0.058964234620886985,0.30672389127324756
8309,0.84,5.2175,0.07004291845493563,0.3639484978540773
8310,0.685,5.21,0.07333905579399143,0.38226037195994284
8311,0.8575,5.215,0.07141630901287555,0.37081545064377686
8312,0.6825,5.195,0.056858369098712454,0.2952789699570816
8313,0.71,5.2075,0.0689442060085837,0.35937052932761093
8314,0.8175,5.19125,0.06812017167381974,0.35250357653791137
8315,0.7175,5.18125,0.05978826895565094,0.3113018597997139
8316,0.7275,5.21,0.06793705293276109,0.35250357653791137
8317,0.7175,5.21125,0.07480400572246067,0.3891273247496424
8318,0.87,5.20125,0.07251502145922747,0.3776824034334764
8319,0.835,5.18875,0.057499284692417746,0.29985693848354794
8320,0.8225,5.18625,0.062077253218884125,0.32274678111587984
8321,0.705,5.18125,0.05878111587982833,0.30443490701001436
8322,0.7725,5.1975,0.06042918454935623,0.3158798283261803
8323,0.8075,5.19625,0.059330472103004295,0.30672389127324756
8324,0.6725,5.18125,0.05603433476394851,0.288412017167382
8325,0.9475,5.185,0.06601430615164522,0.3410586552217454
8326,0.8775,5.185,0.05704148783977111,0.2952789699570816
8327,0.8425,5.18,0.07022603719599428,0.3639484978540773
8328,0.7525,5.205,0.06125321888412018,0.3181688125894135
8329,0.71,5.20625,0.07956509298998571,0.4120171673819743
8330,0.95,5.2,0.07919885550786838,0.4120171673819743
8331,0.7225,5.20625,0.060246065808297576,0.38226037195994284
8332,0.7075,5.20625,0.07581115879828328,0.3937052932761088
8333,0.77,5.18625,0.06418311874105866,0.3341917024320458
8334,0.675,5.1825,0.05621745350500716,0.2929899856938484
8335,0.745,5.205,0.05878111587982833,0.30672389127324756
8336,0.7225,5.2025,0.060246065808297576,0.3158798283261803
8337,0.6725,5.1825,0.05603433476394851,0.288412017167382
8338,0.71,5.20875,0.06418311874105866,0.3341917024320458
8339,0.72,5.18375,0.059971387696709594,0.3113018597997139
8340,0.8,5.19625,0.0666552217453505,0.34563662374821175
8341,0.8525,5.18625,0.05539341917024321,0.288412017167382
8342,0.7075,5.185,0.058964234620886985,0.30672389127324756
8343,0.825,5.20125,0.06876108726752504,0.3570815450643777
8344,0.775,5.2025,0.06290128755364807,0.32732474964234626
8345,0.91,5.20625,0.07581115879828328,0.3937052932761088
8346,0.78,5.1875,0.06500715307582261,0.33648068669527903
8347,0.715,5.21,0.07205722460658083,0.37539341917024327
8348,0.9075,5.20875,0.07562804005722461,0.3937052932761088
8349,1.005,5.21,0.08377682403433477,0.4349070100143062
8350,0.865,5.1825,0.0566752503576538,0.2929899856938484
8351,0.7825,5.195,0.06519027181688127,0.33648068669527903
8352,0.8725,5.20875,0.07269814020028613,0.3776824034334764
8353,0.8675,5.18375,0.059605150214592284,0.30672389127324756
8354,0.81,5.18875,0.06271816881258942,0.32732474964234626
8355,0.8225,5.20125,0.06857796852646639,0.3570815450643777
8356,0.8475,5.17875,0.061711015736766815,0.3181688125894135
8357,0.67,5.20875,0.07187410586552218,0.37539341917024327
8358,0.8775,5.20875,0.07315593705293277,0.38226037195994284
8359,0.8925,5.18125,0.060612303290414886,0.3158798283261803
8360,0.745,5.2075,0.06601430615164522,0.34563662374821175
8361,0.8925,5.21125,0.07434620886981402,0.3868383404864092
8362,0.8825,5.1825,0.06253505007153076,0.32274678111587984
8363,0.9075,5.17875,0.06683834048640916,0.34563662374821175
8364,0.665,5.19,0.05539341917024321,0.288412017167382
8365,0.71,5.21,0.06125321888412018,0.3181688125894135
8366,0.8725,5.1775,0.06436623748211731,0.3341917024320458
8367,0.77,5.1925,0.06418311874105866,0.3341917024320458
8368,0.845,5.18375,0.07040915593705294,0.30443490701001436
8369,0.72,5.1975,0.06976824034334765,0.3639484978540773
8370,0.8525,5.20375,0.07105007153075824,0.37081545064377686
8371,0.8825,5.215,0.07352217453505008,0.38226037195994284
8372,0.705,5.2,0.0689442060085837,0.35937052932761093
8373,0.7875,5.2125,0.06564806866952791,0.3410586552217454
8374,0.8425,5.195,0.07022603719599428,0.3639484978540773
8375,0.725,5.21,0.07040915593705294,0.36852646638054365
8376,0.9,5.1975,0.07498712446351932,0.3891273247496424
8377,0.7425,5.1825,0.06189413447782547,0.32274678111587984
8378,0.715,5.205,0.07517024320457798,0.3891273247496424
8379,0.8725,5.21125,0.07269814020028613,0.3776824034334764
8380,0.85,5.21375,0.07086695278969958,0.37081545064377686
8381,0.7425,5.19625,0.06537339055793992,0.3410586552217454
8382,0.77,5.21125,0.06418311874105866,0.3341917024320458
8383,0.695,5.2,0.05795708154506438,0.29985693848354794
8384,0.84,5.205,0.0812131616595136,0.4234620886981402
8385,0.6725,5.19375,0.05603433476394851,0.2929899856938484
8386,0.695,5.18375,0.05795708154506438,0.29985693848354794
8387,0.795,5.19625,0.056492131616595144,0.2929899856938484
8388,0.7125,5.18625,0.059330472103004295,0.30672389127324756
8389,0.7025,5.1825,0.05850643776824035,0.30443490701001436
8390,0.77,5.19375,0.06940200286123034,0.35937052932761093
8391,0.7575,5.18375,0.06308440629470673,0.32732474964234626
8392,0.715,5.1925,0.059605150214592284,0.3113018597997139
8393,0.9225,5.17625,0.06125321888412018,0.3181688125894135
8394,0.8475,5.18375,0.05566809728183119,0.288412017167382
8395,0.745,5.1875,0.062077253218884125,0.32274678111587984
8396,0.87,5.18125,0.0566752503576538,0.2929899856938484
8397,0.83,5.18625,0.05539341917024321,0.288412017167382
8398,0.745,5.19,0.062077253218884125,0.32274678111587984
8399,0.8725,5.18625,0.05621745350500716,0.2929899856938484
8400,0.7525,5.20375,0.06436623748211731,0.3341917024320458
8401,0.77,5.1925,0.06418311874105866,0.3341917024320458
8402,1.19,5.17625,0.11417453505007154,0.5928469241773964
8403,0.765,5.20375,0.069585121602289,0.3639484978540773
8404,0.84,5.185,0.07004291845493563,0.3639484978540773
8405,0.715,5.21125,0.07416309012875537,0.3868383404864092
8406,0.72,5.2025,0.07517024320457798,0.3891273247496424
8407,0.91,5.20875,0.07581115879828328,0.3937052932761088
8408,0.8825,5.2,0.07352217453505008,0.38226037195994284
8409,0.805,5.1925,0.055851216022889845,0.288412017167382
8410,0.685,5.18125,0.05704148783977111,0.2952789699570816
8411,0.7425,5.18875,0.06189413447782547,0.32274678111587984
8412,0.875,5.1825,0.05621745350500716,0.2929899856938484
8413,0.7375,5.18875,0.06143633762517883,0.3181688125894135
8414,0.8625,5.20625,0.07187410586552218,0.37539341917024327
8415,0.8725,5.18,0.05704148783977111,0.2952789699570816
8416,0.745,5.18625,0.062077253218884125,0.32274678111587984
8417,0.875,5.21125,0.07288125894134478,0.3776824034334764
8418,0.835,5.18625,0.06436623748211731,0.3341917024320458
8419,0.885,5.21125,0.07370529327610874,0.38226037195994284
8420,0.8275,5.1925,0.0689442060085837,0.3570815450643777
8421,0.835,5.1925,0.058964234620886985,0.30672389127324756
8422,0.795,5.2075,0.0662889842632332,0.34563662374821175
8423,0.8975,5.21,0.07480400572246067,0.3891273247496424
8424,0.8475,5.185,0.05566809728183119,0.288412017167382
8425,0.705,5.185,0.05878111587982833,0.30443490701001436
8426,0.8075,5.21375,0.0672961373390558,0.35250357653791137
8427,0.845,5.18125,0.06079542203147354,0.3158798283261803
8428,0.76,5.19125,0.06335908440629472,0.32961373390557946
8429,0.88,5.2075,0.07333905579399143,0.38226037195994284
8430,0.8525,5.18,0.06107010014306152,0.3158798283261803
8431,0.71,5.19875,0.06747925608011446,0.35250357653791137
8432,0.865,5.2075,0.07205722460658083,0.37539341917024327
8433,0.8825,5.17875,0.05795708154506438,0.29985693848354794
8434,0.7375,5.21,0.06683834048640916,0.34792560801144495
8435,0.9225,5.20625,0.0769098712446352,0.4005722460658083
8436,0.9,5.18,0.059330472103004295,0.30672389127324756
8437,0.88,5.185,0.06308440629470673,0.32732474964234626
8438,0.82,5.21,0.0683032904148784,0.3570815450643777
8439,0.7375,5.20375,0.059330472103004295,0.30672389127324756
8440,0.76,5.2025,0.05832331902718169,0.30443490701001436
8441,0.6675,5.1825,0.05566809728183119,0.288412017167382
8442,0.7075,5.205,0.06500715307582261,0.33648068669527903
8443,0.785,5.195,0.0576824034334764,0.29985693848354794
8444,0.675,5.18125,0.05621745350500716,0.2929899856938484
8445,0.6975,5.18125,0.05814020028612304,0.29985693848354794
8446,0.81,5.19375,0.05603433476394851,0.2929899856938484
8447,0.7825,5.18375,0.06519027181688127,0.33648068669527903
8448,0.815,5.2,0.06793705293276109,0.35250357653791137
8449,0.7375,5.21,0.06812017167381974,0.3570815450643777
8450,0.845,5.1925,0.07040915593705294,0.3639484978540773
8451,0.7025,5.18625,0.05850643776824035,0.30443490701001436
8452,0.7625,5.1975,0.07269814020028613,0.3776824034334764
8453,0.715,5.1825,0.059605150214592284,0.30672389127324756
8454,0.74,5.2075,0.061711015736766815,0.32274678111587984
8455,0.79,5.19125,0.06354220314735337,0.32961373390557946
8456,0.87,5.20875,0.07251502145922747,0.3776824034334764
8457,0.7125,5.1975,0.059330472103004295,0.30672389127324756
8458,0.6725,5.2125,0.06912732474964235,0.35937052932761093
8459,0.67,5.1875,0.055851216022889845,0.288412017167382
8460,0.735,5.18375,0.06125321888412018,0.3181688125894135
8461,0.8075,5.1925,0.05566809728183119,0.288412017167382
8462,0.7525,5.18125,0.06271816881258942,0.32732474964234626
8463,0.87,5.205,0.07251502145922747,0.3776824034334764
8464,0.715,5.21125,0.07187410586552218,0.37539341917024327
8465,0.8925,5.20125,0.07434620886981402,0.3868383404864092
8466,0.7425,5.18125,0.06189413447782547,0.32274678111587984
8467,0.725,5.2025,0.07434620886981402,0.3868383404864092
8468,0.71,5.2075,0.07608583690987125,0.3982832618025752
8469,0.74,5.18875,0.061711015736766815,0.3181688125894135
8470,0.8625,5.18375,0.05566809728183119,0.288412017167382
8471,0.8275,5.1875,0.05566809728183119,0.288412017167382
8472,0.685,5.1825,0.05704148783977111,0.2952789699570816
8473,0.88,5.1775,0.055851216022889845,0.288412017167382
8474,0.8625,5.17875,0.061711015736766815,0.3181688125894135
8475,0.865,5.2075,0.07205722460658083,0.37539341917024327
8476,0.725,5.19875,0.06747925608011446,0.35250357653791137
8477,0.6675,5.21125,0.07086695278969958,0.36852646638054365
8478,0.85,5.2125,0.07086695278969958,0.36852646638054365
8479,0.89,5.1825,0.07416309012875537,0.30443490701001436
8480,0.7525,5.20625,0.06647210300429185,0.34563662374821175
8481,0.915,5.2075,0.0762689556509299,0.3982832618025752
8482,0.82,5.1925,0.0683032904148784,0.3570815450643777
8483,0.72,5.20375,0.07581115879828328,0.3937052932761088
8484,0.895,5.1775,0.07462088698140201,0.3868383404864092
8485,0.87,5.21125,0.07251502145922747,0.3776824034334764
8486,0.825,5.185,0.05978826895565094,0.3113018597997139
8487,0.865,5.20875,0.07205722460658083,0.37539341917024327
8488,0.83,5.215,0.06912732474964235,0.35937052932761093
8489,0.6775,5.21125,0.07562804005722461,0.3937052932761088
8490,0.8075,5.21375,0.0672961373390558,0.35250357653791137
8491,0.675,5.18125,0.05621745350500716,0.2929899856938484
8492,0.745,5.20125,0.05878111587982833,0.30672389127324756
8493,0.665,5.1875,0.05539341917024321,0.288412017167382
8494,0.86,5.21125,0.07169098712446352,0.37539341917024327
8495,0.9,5.18,0.06189413447782547,0.3181688125894135
8496,0.7175,5.18125,0.05978826895565094,0.3113018597997139
8497,0.705,5.1875,0.05878111587982833,0.30443490701001436
8498,0.9025,5.18,0.06143633762517883,0.3181688125894135
8499,0.81,5.18375,0.06747925608011446,0.34792560801144495
8500,0.715,5.205,0.059605150214592284,0.3113018597997139
8501,0.685,5.21375,0.06812017167381974,0.3570815450643777
8502,0.6675,5.19,0.05566809728183119,0.288412017167382
8503,0.7225,5.18375,0.060246065808297576,0.3113018597997139
8504,0.8725,5.1825,0.05704148783977111,0.2952789699570816
8505,0.6725,5.20625,0.07123319027181689,0.37081545064377686
8506,0.8125,5.21375,0.06775393419170243,0.35250357653791137
8507,0.675,5.2125,0.07040915593705294,0.36852646638054365
8508,0.825,5.19125,0.055851216022889845,0.288412017167382
8509,0.7725,5.20375,0.06436623748211731,0.3341917024320458
8510,0.91,5.18125,0.06189413447782547,0.32274678111587984
8511,0.8925,5.185,0.05878111587982833,0.30443490701001436
8512,0.7075,5.18875,0.058964234620886985,0.30672389127324756
8513,0.8525,5.1925,0.07004291845493563,0.3639484978540773
8514,0.86,5.1825,0.05914735336194564,0.30672389127324756
8515,0.81,5.19875,0.06747925608011446,0.35250357653791137
8516,0.705,5.20125,0.05878111587982833,0.3570815450643777
8517,0.7625,5.2025,0.06290128755364807,0.32732474964234626
8518,0.7125,5.195,0.059330472103004295,0.30672389127324756
8519,0.83,5.20375,0.06912732474964235,0.35937052932761093
8520,0.755,5.195,0.06436623748211731,0.3341917024320458
8521,0.8025,5.2125,0.06683834048640916,0.34792560801144495
8522,0.8175,5.21375,0.06812017167381974,0.3570815450643777
8523,0.675,5.2075,0.07315593705293277,0.38226037195994284
8524,0.8075,5.20875,0.0672961373390558,0.34792560801144495
8525,0.885,5.2075,0.07370529327610874,0.38226037195994284
8526,0.755,5.20625,0.06519027181688127,0.33648068669527903
8527,0.8175,5.21125,0.06812017167381974,0.3570815450643777
8528,0.925,5.2125,0.07709298998569386,0.4005722460658083
8529,0.845,5.18375,0.058964234620886985,0.30672389127324756
8530,0.8475,5.1925,0.07059227467811159,0.36852646638054365
8531,0.755,5.19125,0.06290128755364807,0.32732474964234626
8532,0.855,5.1825,0.058964234620886985,0.30443490701001436
8533,0.695,5.18375,0.05795708154506438,0.29985693848354794
8534,0.785,5.195,0.06537339055793992,0.3410586552217454
8535,0.8825,5.18125,0.05603433476394851,0.288412017167382
8536,0.825,5.2025,0.06876108726752504,0.3570815450643777
8537,0.855,5.20625,0.07123319027181689,0.37081545064377686
8538,0.94,5.17375,0.05878111587982833,0.30443490701001436
8539,0.7875,5.1875,0.06564806866952791,0.3410586552217454
8540,0.72,5.195,0.059971387696709594,0.3113018597997139
8541,0.7825,5.1925,0.07205722460658083,0.37539341917024327
8542,0.8575,5.1875,0.05832331902718169,0.30443490701001436
8543,0.79,5.20625,0.06583118741058656,0.3410586552217454
8544,0.8525,5.18125,0.059971387696709594,0.3113018597997139
8545,0.6675,5.20875,0.07352217453505008,0.38226037195994284
8546,0.735,5.2025,0.06125321888412018,0.3181688125894135
8547,0.6825,5.21375,0.0689442060085837,0.35937052932761093
8548,0.6925,5.2125,0.06482403433476396,0.33648068669527903
8549,0.8575,5.2125,0.07141630901287555,0.37081545064377686
8550,0.7675,5.195,0.05814020028612304,0.30443490701001436
8551,0.77,5.2,0.05914735336194564,0.30672389127324756
8552,0.6775,5.18125,0.056492131616595144,0.2929899856938484
8553,0.7625,5.20375,0.06354220314735337,0.32274678111587984
8554,0.835,5.18875,0.06583118741058656,0.3410586552217454
8555,0.71,5.18125,0.05914735336194564,0.30672389127324756
8556,0.77,5.205,0.06418311874105866,0.3341917024320458
8557,0.8,5.1925,0.06747925608011446,0.34792560801144495
8558,0.8175,5.19,0.06812017167381974,0.35250357653791137
8559,0.7175,5.1875,0.05978826895565094,0.3113018597997139
8560,0.8725,5.18,0.060246065808297576,0.3113018597997139
8561,0.7475,5.18125,0.06226037195994278,0.32274678111587984
8562,0.7825,5.195,0.06519027181688127,0.33648068669527903
8563,0.8775,5.1775,0.05704148783977111,0.2952789699570816
8564,0.83,5.215,0.06912732474964235,0.35937052932761093
8565,0.6625,5.19,0.05521030042918455,0.2861230329041488
8566,0.7775,5.1975,0.05795708154506438,0.29985693848354794
8567,0.675,5.1925,0.05621745350500716,0.2929899856938484
8568,0.71,5.18375,0.05914735336194564,0.30672389127324756
8569,0.81,5.19625,0.06500715307582261,0.33648068669527903
8570,0.8975,5.21,0.07480400572246067,0.3891273247496424
8571,0.8675,5.21,0.07233190271816882,0.37539341917024327
8572,0.84,5.1925,0.059971387696709594,0.3113018597997139
8573,0.8225,5.21125,0.06857796852646639,0.3570815450643777
8574,0.77,5.21375,0.06418311874105866,0.3341917024320458
8575,0.6775,5.215,0.07040915593705294,0.36852646638054365
8576,0.75,5.20125,0.06253505007153076,0.32732474964234626
8577,0.67,5.18875,0.055851216022889845,0.288412017167382
8578,0.82,5.18875,0.056858369098712454,0.2952789699570816
8579,0.865,5.18125,0.055851216022889845,0.288412017167382
8580,0.8225,5.1975,0.06857796852646639,0.3570815450643777
8581,0.7675,5.2,0.05832331902718169,0.30443490701001436
8582,0.8475,5.1825,0.05832331902718169,0.30443490701001436
8583,0.8275,5.20125,0.0689442060085837,0.35937052932761093
8584,0.7725,5.20375,0.06647210300429185,0.34563662374821175
8585,0.7675,5.1975,0.07141630901287555,0.37081545064377686
8586,0.8325,5.19,0.06940200286123034,0.35937052932761093
8587,0.7475,5.2075,0.06537339055793992,0.3410586552217454
8588,0.735,5.20875,0.06747925608011446,0.35250357653791137
8589,0.8975,5.2125,0.07480400572246067,0.3891273247496424
8590,0.8675,5.1825,0.07233190271816882,0.3341917024320458
8591,0.6725,5.2075,0.07645207439198856,0.3982832618025752
8592,0.85,5.21375,0.07086695278969958,0.37081545064377686
8593,0.69,5.1925,0.057499284692417746,0.29985693848354794
8594,0.685,5.21375,0.0666552217453505,0.34792560801144495
8595,0.69,5.20125,0.057499284692417746,0.29985693848354794
8596,0.6825,5.1825,0.056858369098712454,0.2952789699570816
8597,0.7325,5.205,0.059605150214592284,0.3113018597997139
8598,0.6775,5.18125,0.056492131616595144,0.2929899856938484
8599,0.8825,5.21375,0.07352217453505008,0.38226037195994284
8600,0.7525,5.20625,0.06500715307582261,0.33648068669527903
8601,0.9425,5.20125,0.0785579399141631,0.4097281831187411
8602,0.89,5.2025,0.07416309012875537,0.3868383404864092
8603,0.755,5.2025,0.06812017167381974,0.35250357653791137
8604,0.925,5.21125,0.07709298998569386,0.4005722460658083
8605,0.865,5.21375,0.07205722460658083,0.37539341917024327
8606,0.765,5.1925,0.06876108726752504,0.3570815450643777
8607,0.84,5.20125,0.07004291845493563,0.3639484978540773
8608,0.845,5.21375,0.07040915593705294,0.36852646638054365
8609,0.8025,5.1875,0.06519027181688127,0.33648068669527903
8610,0.8125,5.2,0.06775393419170243,0.35250357653791137
8611,0.86,5.21375,0.07169098712446352,0.37539341917024327
8612,0.685,5.20375,0.06940200286123034,0.35937052932761093
8613,0.77,5.21125,0.06418311874105866,0.3341917024320458
8614,0.9,5.21125,0.07498712446351932,0.3891273247496424
8615,0.905,5.17875,0.05978826895565094,0.3113018597997139
8616,0.8975,5.18125,0.059330472103004295,0.30672389127324756
8617,0.75,5.20125,0.06253505007153076,0.32732474964234626
8618,0.9025,5.17875,0.060246065808297576,0.3113018597997139
8619,0.9275,5.18375,0.08148783977110158,0.4234620886981402
8620,0.6975,5.18375,0.05814020028612304,0.29985693848354794
8621,0.8725,5.18,0.05603433476394851,0.288412017167382
8622,0.875,5.18375,0.056858369098712454,0.2952789699570816
8623,0.6775,5.18125,0.056492131616595144,0.2929899856938484
8624,0.765,5.2,0.0576824034334764,0.29985693848354794
8625,0.855,5.18375,0.05795708154506438,0.29985693848354794
8626,0.8625,5.20875,0.07187410586552218,0.37539341917024327
8627,0.8175,5.18625,0.06812017167381974,0.3158798283261803
8628,0.6675,5.2125,0.07141630901287555,0.37081545064377686
8629,0.9075,5.19375,0.07562804005722461,0.3937052932761088
8630,0.71,5.18125,0.05914735336194564,0.30672389127324756
8631,0.8175,5.19,0.06747925608011446,0.34792560801144495
8632,0.7475,5.18125,0.06226037195994278,0.32274678111587984
8633,0.7225,5.19125,0.060246065808297576,0.3113018597997139
8634,0.88,5.18375,0.07233190271816882,0.37539341917024327
8635,0.7975,5.1975,0.06647210300429185,0.34563662374821175
8636,0.8475,5.20125,0.07059227467811159,0.36852646638054365
8637,0.8675,5.1825,0.056858369098712454,0.2952789699570816
8638,0.7475,5.19,0.06226037195994278,0.32274678111587984
8639,0.85,5.205,0.07086695278969958,0.36852646638054365
8640,0.7175,5.20875,0.06189413447782547,0.32274678111587984
8641,0.7,5.20375,0.05832331902718169,0.30443490701001436
8642,0.6675,5.18375,0.05566809728183119,0.288412017167382
8643,0.7475,5.20125,0.06308440629470673,0.32732474964234626
8644,0.77,5.185,0.06418311874105866,0.3341917024320458
8645,0.77,5.20375,0.06418311874105866,0.3341917024320458
8646,0.8975,5.17875,0.06107010014306152,0.3158798283261803
8647,0.7125,5.17875,0.059330472103004295,0.30672389127324756
8648,0.7025,5.1875,0.05850643776824035,0.30443490701001436
8649,0.885,5.18125,0.06564806866952791,0.3410586552217454
8650,0.795,5.19375,0.05566809728183119,0.288412017167382
8651,0.755,5.1875,0.06290128755364807,0.32732474964234626
8652,0.855,5.18375,0.05795708154506438,0.29985693848354794
8653,0.6675,5.2075,0.07205722460658083,0.37539341917024327
8654,0.8125,5.215,0.06775393419170243,0.35250357653791137
8655,0.78,5.1925,0.06436623748211731,0.3341917024320458
8656,0.6725,5.215,0.07141630901287555,0.37081545064377686
8657,0.6675,5.19,0.05566809728183119,0.288412017167382
8658,0.7825,5.19875,0.0576824034334764,0.29985693848354794
8659,0.75,5.20625,0.06482403433476396,0.33648068669527903
8660,0.915,5.2075,0.0762689556509299,0.3982832618025752
8661,0.7425,5.20875,0.06793705293276109,0.35250357653791137
8662,0.705,5.205,0.07498712446351932,0.3891273247496424
8663,0.85,5.1975,0.07086695278969958,0.36852646638054365
8664,0.8025,5.19625,0.06683834048640916,0.32274678111587984
8665,0.7375,5.205,0.06042918454935623,0.3158798283261803
8666,0.67,5.18375,0.055851216022889845,0.288412017167382
8667,0.8025,5.1975,0.06683834048640916,0.34792560801144495
8668,0.88,5.18125,0.05621745350500716,0.2929899856938484
8669,0.8525,5.2075,0.07105007153075824,0.37081545064377686
8670,0.7925,5.2125,0.06601430615164522,0.34563662374821175
8671,0.69,5.2025,0.06976824034334765,0.3639484978540773
8672,0.8725,5.2125,0.07269814020028613,0.3776824034334764
8673,0.785,5.205,0.06537339055793992,0.3410586552217454
8674,0.705,5.20875,0.07956509298998571,0.41659513590844066
8675,0.8175,5.19,0.06812017167381974,0.35250357653791137
8676,0.8675,5.2,0.07233190271816882,0.37539341917024327
8677,0.7375,5.20875,0.06793705293276109,0.35250357653791137
8678,0.8775,5.2125,0.07315593705293277,0.38226037195994284
8679,0.88,5.1975,0.07333905579399143,0.38226037195994284
8680,0.8125,5.19125,0.055851216022889845,0.288412017167382
8681,0.6725,5.1825,0.05603433476394851,0.288412017167382
8682,0.8575,5.2125,0.07141630901287555,0.37081545064377686
8683,0.865,5.18125,0.05878111587982833,0.30443490701001436
8684,0.7725,5.1925,0.06436623748211731,0.3341917024320458
8685,0.86,5.20875,0.07169098712446352,0.37539341917024327
8686,0.8775,5.1825,0.05704148783977111,0.2952789699570816
8687,0.705,5.20125,0.0689442060085837,0.35937052932761093
8688,0.865,5.2125,0.07205722460658083,0.37539341917024327
8689,0.84,5.19375,0.059971387696709594,0.3113018597997139
8690,0.885,5.185,0.06335908440629472,0.32961373390557946
8691,0.8025,5.2075,0.06683834048640916,0.34792560801144495
8692,0.9175,5.18,0.059971387696709594,0.3113018597997139
8693,0.8525,5.19,0.05850643776824035,0.30443490701001436
8694,0.83,5.2125,0.06912732474964235,0.35937052932761093
8695,0.6825,5.205,0.07086695278969958,0.36852646638054365
8696,0.725,5.205,0.06125321888412018,0.3181688125894135
8697,0.6675,5.1825,0.05566809728183119,0.288412017167382
8698,0.84,5.18875,0.05539341917024321,0.288412017167382
8699,0.78,5.19125,0.06271816881258942,0.32732474964234626
8700,0.7725,5.19,0.06436623748211731,0.3341917024320458
8701,0.77,5.1975,0.06418311874105866,0.2952789699570816
8702,0.86,5.18375,0.05566809728183119,0.288412017167382
8703,0.7175,5.1875,0.05978826895565094,0.3113018597997139
8704,0.895,5.205,0.07462088698140201,0.3891273247496424
8705,0.78,5.20125,0.06271816881258942,0.32732474964234626
8706,0.8625,5.21125,0.07187410586552218,0.37539341917024327
8707,0.92,5.20875,0.07663519313304722,0.3982832618025752
8708,0.905,5.1825,0.06308440629470673,0.32732474964234626
8709,0.755,5.19125,0.06290128755364807,0.32732474964234626
8710,0.8925,5.19625,0.07434620886981402,0.3868383404864092
8711,0.78,5.19875,0.05978826895565094,0.3113018597997139
8712,0.67,5.185,0.055851216022889845,0.288412017167382
8713,0.7575,5.18125,0.06308440629470673,0.32732474964234626
8714,0.8025,5.19375,0.05731616595135909,0.2952789699570816
8715,0.67,5.185,0.055851216022889845,0.288412017167382
8716,0.725,5.1875,0.06042918454935623,0.3158798283261803
8717,0.8775,5.1775,0.055851216022889845,0.288412017167382
8718,0.835,5.20125,0.069585121602289,0.3639484978540773
8719,0.7925,5.1875,0.06601430615164522,0.3410586552217454
8720,0.835,5.19875,0.06143633762517883,0.3181688125894135
8721,0.8875,5.20375,0.07397997138769671,0.3868383404864092
8722,0.8,5.17875,0.0666552217453505,0.34563662374821175
8723,0.755,5.19875,0.07397997138769671,0.3868383404864092
8724,0.9225,5.18625,0.0689442060085837,0.3570815450643777
8725,0.84,5.2025,0.07004291845493563,0.3639484978540773
8726,0.7925,5.19125,0.06271816881258942,0.32732474964234626
8727,0.665,5.21375,0.07251502145922747,0.3776824034334764
8728,0.74,5.21,0.061711015736766815,0.32274678111587984
8729,0.67,5.2125,0.07086695278969958,0.36852646638054365
8730,0.805,5.19,0.05539341917024321,0.288412017167382
8731,0.6925,5.1825,0.0576824034334764,0.29985693848354794
8732,0.8325,5.18875,0.05539341917024321,0.288412017167382
8733,0.835,5.185,0.058964234620886985,0.30672389127324756
8734,0.7025,5.185,0.05850643776824035,0.30443490701001436
8735,0.8375,5.18625,0.06537339055793992,0.33648068669527903
8736,0.875,5.18,0.060246065808297576,0.3113018597997139
8737,0.705,5.19125,0.05878111587982833,0.30443490701001436
8738,0.8525,5.18375,0.07105007153075824,0.34563662374821175
8739,0.9175,5.185,0.060246065808297576,0.3113018597997139
8740,0.665,5.18625,0.05539341917024321,0.288412017167382
8741,0.85,5.2075,0.07086695278969958,0.36852646638054365
8742,0.8375,5.18375,0.05814020028612304,0.29985693848354794
8743,0.7575,5.19,0.06308440629470673,0.32732474964234626
8744,0.7775,5.1975,0.06482403433476396,0.33648068669527903
8745,0.7075,5.21125,0.06253505007153076,0.32732474964234626
8746,0.6675,5.185,0.05566809728183119,0.288412017167382
8747,0.73,5.18875,0.06079542203147354,0.3158798283261803
8748,1.205,5.1775,0.11792846924177397,0.6111587982832619
8749,0.87,5.20875,0.07251502145922747,0.3776824034334764
8750,1.22,5.20125,0.10163090128755366,0.528755364806867
8751,0.875,5.19,0.05832331902718169,0.30443490701001436
8752,0.8675,5.21,0.07233190271816882,0.37539341917024327
8753,0.9075,5.21,0.07562804005722461,0.3937052932761088
8754,0.8325,5.18375,0.05914735336194564,0.30672389127324756
8755,0.725,5.1925,0.06042918454935623,0.3158798283261803
8756,0.735,5.18875,0.06125321888412018,0.3181688125894135
8757,0.87,5.1825,0.05603433476394851,0.288412017167382
8758,0.76,5.19375,0.06335908440629472,0.32961373390557946
8759,0.86,5.21,0.07169098712446352,0.37539341917024327
8760,0.7975,5.19,0.06189413447782547,0.32274678111587984
8761,0.8575,5.18375,0.06290128755364807,0.32732474964234626
8762,0.7225,5.18625,0.060246065808297576,0.3113018597997139
8763,0.8675,5.17875,0.05603433476394851,0.288412017167382
8764,0.8725,5.185,0.06683834048640916,0.34563662374821175
8765,0.7075,5.18875,0.058964234620886985,0.30672389127324756
8766,0.845,5.18375,0.06683834048640916,0.34563662374821175
8767,0.8975,5.17875,0.06079542203147354,0.3158798283261803
8768,0.7175,5.195,0.05978826895565094,0.3113018597997139
8769,0.84,5.1875,0.06519027181688127,0.33648068669527903
8770,0.6825,5.2125,0.07251502145922747,0.3776824034334764
8771,0.7325,5.205,0.06107010014306152,0.3181688125894135
8772,0.745,5.20125,0.059971387696709594,0.3113018597997139
8773,0.825,5.18875,0.0550271816881259,0.2861230329041488
8774,0.7,5.18375,0.05832331902718169,0.30443490701001436
8775,0.87,5.18125,0.07251502145922747,0.288412017167382
8776,0.665,5.21,0.07141630901287555,0.37081545064377686
8777,0.755,5.21,0.06290128755364807,0.32732474964234626
8778,0.6775,5.18,0.056492131616595144,0.2929899856938484
8779,0.755,5.205,0.0689442060085837,0.35937052932761093
8780,0.805,5.2075,0.06711301859799715,0.34792560801144495
8781,0.88,5.2125,0.07333905579399143,0.38226037195994284
8782,0.9075,5.18,0.059330472103004295,0.30672389127324756
8783,0.7475,5.2,0.06226037195994278,0.32274678111587984
8784,0.7975,5.2075,0.06647210300429185,0.34563662374821175
8785,0.6675,5.21,0.07233190271816882,0.37539341917024327
8786,0.8625,5.21375,0.07187410586552218,0.37539341917024327
8787,0.7175,5.205,0.05978826895565094,0.3113018597997139
8788,0.7,5.21125,0.06519027181688127,0.3410586552217454
8789,0.72,5.1875,0.059971387696709594,0.3113018597997139
8790,0.8725,5.21125,0.07269814020028613,0.3776824034334764
8791,0.83,5.18125,0.06601430615164522,0.3410586552217454
8792,0.8675,5.2125,0.07233190271816882,0.3776824034334764
8793,0.6975,5.195,0.05814020028612304,0.30443490701001436
8794,0.89,5.17375,0.069585121602289,0.35937052932761093
8795,0.7025,5.18875,0.05850643776824035,0.30443490701001436
8796,0.8475,5.21125,0.07059227467811159,0.36852646638054365
8797,2.0975,5.11,0.18504148783977112,0.9453505007153076
8798,1.88,5.1375,0.17185693848354794,0.8812589413447783
8799,1.9525,5.13,0.1627010014306152,0.8354792560801145
8800,1.315,5.16125,0.11087839771101575,0.5745350500715308
8801,0.8025,5.20125,0.09064377682403435,0.4715307582260372
8802,0.7025,5.185,0.05850643776824035,0.30443490701001436
8803,0.825,5.18875,0.06519027181688127,0.33648068669527903
8804,0.9025,5.18125,0.059971387696709594,0.3113018597997139
8805,0.6775,5.19625,0.056492131616595144,0.2929899856938484
8806,0.7,5.21375,0.07205722460658083,0.37539341917024327
8807,0.7775,5.20625,0.06079542203147354,0.3158798283261803
8808,0.6725,5.18125,0.05603433476394851,0.288412017167382
8809,1.325,5.15625,0.11435765379113019,0.58826895565093
8810,0.73,5.21,0.07608583690987125,0.3982832618025752
8811,1.045,5.1925,0.08707296137339057,0.4532188841201717
8812,0.72,5.2025,0.059971387696709594,0.3891273247496424
8813,0.7975,5.1925,0.06793705293276109,0.35250357653791137
8814,0.7575,5.185,0.06308440629470673,0.32732474964234626
8815,0.8925,5.20875,0.07434620886981402,0.3868383404864092
8816,0.8575,5.1825,0.06418311874105866,0.3341917024320458
8817,0.8075,5.2,0.0672961373390558,0.34792560801144495
8818,0.86,5.21375,0.07169098712446352,0.37539341917024327
8819,0.665,5.21125,0.07233190271816882,0.3776824034334764
8820,0.84,5.215,0.07004291845493563,0.3639484978540773
8821,0.87,5.21375,0.07251502145922747,0.3776824034334764
8822,0.77,5.19375,0.06418311874105866,0.3341917024320458
8823,0.8625,5.21375,0.07187410586552218,0.37539341917024327
8824,1.385,5.18,0.11545636623748214,0.5974248927038627
8825,0.905,5.17875,0.06335908440629472,0.32732474964234626
8826,0.82,5.20625,0.0683032904148784,0.3570815450643777
8827,0.935,5.21,0.0779170243204578,0.40515021459227474
8828,0.825,5.1925,0.05978826895565094,0.3113018597997139
8829,0.7125,5.19375,0.059330472103004295,0.30672389127324756
8830,0.6675,5.19,0.05566809728183119,0.288412017167382
8831,0.765,5.2,0.05832331902718169,0.30443490701001436
8832,0.8625,5.21375,0.07187410586552218,0.37539341917024327
8833,0.7725,5.21,0.06436623748211731,0.3341917024320458
8834,0.675,5.21,0.07352217453505008,0.38226037195994284
8835,0.69,5.2125,0.06537339055793992,0.3410586552217454
8836,0.7075,5.1975,0.058964234620886985,0.30672389127324756
8837,0.6925,5.21125,0.07315593705293277,0.38226037195994284
8838,0.7575,5.21375,0.0672961373390558,0.35250357653791137
8839,0.9925,5.2075,0.08267811158798284,0.43032904148783985
8840,0.815,5.19375,0.062077253218884125,0.32274678111587984
8841,0.705,5.20625,0.07544492131616595,0.3937052932761088
8842,0.9425,5.21,0.0785579399141631,0.4097281831187411
8843,0.9325,5.17625,0.059605150214592284,0.30672389127324756
8844,0.7825,5.20125,0.062077253218884125,0.32274678111587984
8845,0.7175,5.20375,0.05978826895565094,0.3113018597997139
8846,0.69,5.2125,0.06601430615164522,0.34563662374821175
8847,0.765,5.2025,0.06107010014306152,0.3181688125894135
8848,0.67,5.18375,0.055851216022889845,0.288412017167382
8849,0.67,5.215,0.055851216022889845,0.37539341917024327
8850,0.7425,5.20375,0.07022603719599428,0.3639484978540773
8851,0.875,5.21375,0.07288125894134478,0.3776824034334764
8852,0.895,5.2125,0.07462088698140201,0.3891273247496424
8853,0.87,5.18125,0.05878111587982833,0.30443490701001436
8854,1.185,5.14875,0.0987925608011445,0.5104434907010015
8855,0.7225,5.19125,0.060246065808297576,0.3113018597997139
8856,0.8975,5.18125,0.058964234620886985,0.30443490701001436
8857,0.7525,5.20125,0.06271816881258942,0.32732474964234626
8858,0.915,5.2075,0.0762689556509299,0.3982832618025752
8859,0.7925,5.2,0.06271816881258942,0.32732474964234626
8860,0.6875,5.1975,0.05731616595135909,0.2952789699570816
8861,0.6775,5.18125,0.056492131616595144,0.2929899856938484
8862,0.86,5.18375,0.057499284692417746,0.2952789699570816
8863,0.69,5.19125,0.057499284692417746,0.29985693848354794
8864,0.705,5.20125,0.05878111587982833,0.30672389127324756
8865,0.7025,5.2025,0.0689442060085837,0.35937052932761093
8866,0.8325,5.215,0.06940200286123034,0.3639484978540773
8867,0.7825,5.2075,0.06519027181688127,0.3410586552217454
8868,0.7125,5.20375,0.07086695278969958,0.36852646638054365
8869,1.2525,5.1875,0.10437768240343348,0.540200286123033
8870,0.745,5.18,0.062077253218884125,0.32274678111587984
8871,0.715,5.2125,0.07352217453505008,0.38226037195994284
8872,0.8525,5.18375,0.07004291845493563,0.3639484978540773
8873,0.77,5.1775,0.06418311874105866,0.3341917024320458
8874,0.7925,5.19125,0.07105007153075824,0.36852646638054365
8875,0.6825,5.2125,0.0689442060085837,0.35937052932761093
8876,0.8025,5.21125,0.06683834048640916,0.34792560801144495
8877,0.805,5.19,0.06189413447782547,0.32274678111587984
8878,0.6875,5.20625,0.07498712446351932,0.3891273247496424
8879,0.82,5.20875,0.0683032904148784,0.3570815450643777
8880,0.8525,5.1825,0.05795708154506438,0.29985693848354794
8881,0.795,5.19,0.064,0.3341917024320458
8882,0.8275,5.1925,0.0689442060085837,0.3570815450643777
8883,0.8225,5.195,0.059605150214592284,0.3113018597997139
8884,1.065,5.175,0.06601430615164522,0.3410586552217454
8885,0.9,5.21,0.07498712446351932,0.3891273247496424
8886,0.895,5.18,0.07462088698140201,0.30672389127324756
8887,0.7225,5.21125,0.07040915593705294,0.36852646638054365
8888,0.845,5.19,0.07040915593705294,0.3639484978540773
8889,0.735,5.1775,0.06125321888412018,0.3181688125894135
8890,0.8,5.20375,0.059605150214592284,0.3113018597997139
8891,0.7475,5.2025,0.06226037195994278,0.32274678111587984
8892,0.74,5.1825,0.061711015736766815,0.3181688125894135
8893,0.6825,5.2125,0.06976824034334765,0.3639484978540773
8894,0.805,5.20875,0.06711301859799715,0.34792560801144495
8895,0.665,5.18125,0.05539341917024321,0.288412017167382
8896,0.7,5.21125,0.06290128755364807,0.32732474964234626
8897,0.6925,5.20125,0.0576824034334764,0.29985693848354794
8898,0.77,5.21125,0.06418311874105866,0.3341917024320458
8899,0.9825,5.1675,0.0662889842632332,0.3410586552217454
8900,0.8325,5.195,0.06940200286123034,0.35937052932761093
8901,0.8975,5.20375,0.07480400572246067,0.3891273247496424
8902,2.14,5.0775,0.17579399141630903,0.8927038626609443
8903,1.705,5.13375,0.14210014306151647,0.7301859799713878
8904,1.985,5.15875,0.165447782546495,0.8560801144492132
8905,0.7725,5.2025,0.08084692417739629,0.421173104434907
8906,0.7825,5.18625,0.06519027181688127,0.33648068669527903
8907,0.7175,5.1775,0.05978826895565094,0.3113018597997139
8908,0.715,5.2125,0.07498712446351932,0.3891273247496424
8909,0.7525,5.1975,0.07187410586552218,0.37539341917024327
8910,0.8625,5.21125,0.07187410586552218,0.37539341917024327
8911,0.67,5.2125,0.07187410586552218,0.37539341917024327
8912,0.7425,5.205,0.059605150214592284,0.3113018597997139
8913,0.72,5.18375,0.059971387696709594,0.3113018597997139
8914,0.8275,5.1975,0.08038912732474965,0.41659513590844066
8915,0.9,5.18,0.059605150214592284,0.30672389127324756
8916,0.7075,5.19,0.058964234620886985,0.30672389127324756
8917,0.79,5.1925,0.06812017167381974,0.35250357653791137
8918,0.915,5.18,0.059605150214592284,0.30672389127324756
8919,0.715,5.18,0.059605150214592284,0.30672389127324756
8920,0.76,5.20125,0.058964234620886985,0.30672389127324756
8921,0.86,5.18375,0.05704148783977111,0.2952789699570816
8922,0.665,5.1925,0.05539341917024321,0.288412017167382
8923,0.7575,5.20125,0.06308440629470673,0.32732474964234626
8924,0.8075,5.19375,0.055851216022889845,0.288412017167382
8925,0.6725,5.18375,0.05603433476394851,0.288412017167382
8926,0.77,5.19375,0.06418311874105866,0.3341917024320458
8927,0.8575,5.1825,0.05731616595135909,0.2952789699570816
8928,0.8475,5.21125,0.07059227467811159,0.36852646638054365
8929,0.9875,5.2025,0.08231187410586553,0.4280400572246066
8930,0.77,5.20375,0.06271816881258942,0.32732474964234626
8931,0.7825,5.20875,0.06519027181688127,0.3410586552217454
8932,0.88,5.2125,0.07333905579399143,0.38226037195994284
8933,0.7475,5.20625,0.0683032904148784,0.3570815450643777
8934,0.895,5.205,0.07462088698140201,0.3891273247496424
8935,0.8575,5.21,0.07141630901287555,0.37081545064377686
8936,0.85,5.1825,0.05814020028612304,0.29985693848354794
8937,0.8125,5.19875,0.06775393419170243,0.35250357653791137
8938,0.86,5.2125,0.07169098712446352,0.37539341917024327
8939,0.8375,5.1875,0.06042918454935623,0.3158798283261803
8940,0.8775,5.20875,0.07315593705293277,0.38226037195994284
8941,0.7125,5.205,0.059330472103004295,0.30672389127324756
8942,0.8125,5.19,0.05566809728183119,0.288412017167382
8943,0.69,5.2,0.057499284692417746,0.29985693848354794
8944,0.8175,5.18875,0.06812017167381974,0.35250357653791137
8945,0.8475,5.19,0.05850643776824035,0.30443490701001436
8946,0.815,5.19375,0.059971387696709594,0.3113018597997139
8947,0.79,5.20875,0.06583118741058656,0.3410586552217454
8948,0.8925,5.18125,0.062077253218884125,0.32274678111587984
8949,0.7525,5.2075,0.06482403433476396,0.33648068669527903
8950,0.7725,5.20875,0.06436623748211731,0.3341917024320458
8951,0.87,5.18125,0.05621745350500716,0.2929899856938484
8952,0.855,5.1825,0.05795708154506438,0.29985693848354794
8953,0.9,5.2025,0.07498712446351932,0.3891273247496424
8954,0.85,5.18375,0.05814020028612304,0.29985693848354794
8955,0.6725,5.205,0.07645207439198856,0.3982832618025752
8956,0.855,5.215,0.07123319027181689,0.37081545064377686
8957,0.7125,5.20125,0.0683032904148784,0.3570815450643777
8958,0.6825,5.2125,0.06812017167381974,0.3570815450643777
8959,0.885,5.19625,0.07370529327610874,0.38226037195994284
8960,0.8875,5.18125,0.07397997138769671,0.32274678111587984
8961,0.8675,5.18375,0.06308440629470673,0.32732474964234626
8962,0.795,5.185,0.0662889842632332,0.34563662374821175
8963,0.8025,5.20625,0.06683834048640916,0.34792560801144495
8964,0.89,5.18,0.06226037195994278,0.32274678111587984
8965,0.8375,5.20375,0.06976824034334765,0.3639484978540773
8966,0.8625,5.21125,0.07187410586552218,0.37539341917024327
8967,0.865,5.1825,0.056858369098712454,0.2952789699570816
8968,0.865,5.2125,0.07205722460658083,0.37539341917024327
8969,0.7475,5.21,0.06226037195994278,0.32274678111587984
8970,0.685,5.20375,0.07022603719599428,0.3639484978540773
8971,0.81,5.21375,0.06747925608011446,0.35250357653791137
8972,0.7825,5.21125,0.06519027181688127,0.3410586552217454
8973,0.7725,5.19125,0.06976824034334765,0.3639484978540773
8974,1.0425,5.20625,0.08688984263233192,0.4532188841201717
8975,0.7225,5.18,0.060246065808297576,0.3113018597997139
8976,0.705,5.20875,0.07581115879828328,0.3937052932761088
8977,0.7925,5.18875,0.06601430615164522,0.3410586552217454
8978,0.7225,5.17875,0.060246065808297576,0.3113018597997139
8979,0.7125,5.205,0.07416309012875537,0.3868383404864092
8980,0.8375,5.21375,0.06976824034334765,0.3639484978540773
8981,0.8575,5.2125,0.07141630901287555,0.37081545064377686
8982,0.8725,5.17625,0.059971387696709594,0.3113018597997139
8983,0.77,5.19625,0.07810014306151646,0.40515021459227474
8984,0.8525,5.20625,0.07105007153075824,0.37081545064377686
8985,0.79,5.19125,0.06308440629470673,0.32732474964234626
8986,0.67,5.2075,0.07187410586552218,0.37539341917024327
8987,0.8025,5.2125,0.06683834048640916,0.34792560801144495
8988,0.67,5.21,0.07269814020028613,0.3776824034334764
8989,0.8375,5.1975,0.07581115879828328,0.3937052932761088
8990,0.7325,5.17875,0.06107010014306152,0.3158798283261803
8991,0.705,5.2075,0.07581115879828328,0.3937052932761088
8992,0.7175,5.20625,0.07919885550786838,0.4120171673819743
8993,0.81,5.17875,0.06747925608011446,0.34792560801144495
8994,0.7125,5.21,0.07352217453505008,0.38226037195994284
8995,0.69,5.2125,0.06537339055793992,0.3410586552217454
8996,0.685,5.19625,0.05704148783977111,0.2952789699570816
8997,0.69,5.2125,0.057499284692417746,0.34563662374821175
8998,0.76,5.2,0.057499284692417746,0.29985693848354794
8999,0.68,5.1825,0.0566752503576538,0.2929899856938484
9000,0.805,5.1975,0.06711301859799715,0.34792560801144495
9001,0.6725,5.215,0.07022603719599428,0.36852646638054365
9002,0.765,5.1825,0.06372532188841203,0.32961373390557946
9003,0.7975,5.20625,0.06647210300429185,0.34563662374821175
9004,0.985,5.2,0.07397997138769671,0.3868383404864092
9005,0.81,5.19,0.06747925608011446,0.34792560801144495
9006,0.72,5.17875,0.059971387696709594,0.3113018597997139
9007,0.7225,5.2025,0.07434620886981402,0.3868383404864092
9008,0.84,5.195,0.07004291845493563,0.3639484978540773
9009,0.7,5.185,0.05832331902718169,0.30443490701001436
9010,0.6725,5.215,0.07040915593705294,0.36852646638054365
9011,0.705,5.2025,0.05878111587982833,0.30672389127324756
9012,0.715,5.1825,0.059605150214592284,0.30672389127324756
9013,0.6825,5.215,0.06793705293276109,0.35250357653791137
9014,0.69,5.2025,0.057499284692417746,0.29985693848354794
9015,0.665,5.18625,0.05539341917024321,0.288412017167382
9016,0.7675,5.20125,0.05731616595135909,0.2952789699570816
9017,0.6675,5.185,0.05566809728183119,0.288412017167382
9018,0.7525,5.19125,0.06271816881258942,0.32732474964234626
9019,0.9725,5.1725,0.05978826895565094,0.30672389127324756
9020,0.91,5.18,0.059330472103004295,0.30672389127324756
9021,0.7425,5.18125,0.06189413447782547,0.32274678111587984
9022,0.7,5.21,0.07517024320457798,0.3891273247496424
9023,0.7875,5.1925,0.06775393419170243,0.35250357653791137
9024,0.81,5.19125,0.06747925608011446,0.34792560801144495
9025,0.7275,5.205,0.06079542203147354,0.3158798283261803
9026,0.7725,5.1975,0.05704148783977111,0.2952789699570816
9027,0.6675,5.1825,0.05566809728183119,0.288412017167382
9028,0.78,5.19625,0.056492131616595144,0.2929899856938484
9029,0.7625,5.2,0.05795708154506438,0.29985693848354794
9030,0.6725,5.1825,0.05603433476394851,0.288412017167382
9031,0.785,5.19625,0.05603433476394851,0.2929899856938484
9032,0.8275,5.18375,0.05878111587982833,0.30443490701001436
9033,0.9275,5.205,0.07727610872675252,0.4005722460658083
9034,0.8775,5.1825,0.07315593705293277,0.32274678111587984
9035,0.8325,5.1925,0.05832331902718169,0.30443490701001436
9036,0.7525,5.20375,0.06271816881258942,0.32732474964234626
9037,0.8825,5.2125,0.07352217453505008,0.38226037195994284
9038,0.9,5.17875,0.05978826895565094,0.3113018597997139
9039,0.8,5.20875,0.0666552217453505,0.34792560801144495
9040,0.8125,5.2125,0.06775393419170243,0.35250357653791137
9041,0.685,5.215,0.06876108726752504,0.35937052932761093
9042,0.76,5.20875,0.06335908440629472,0.32961373390557946
9043,0.7175,5.19375,0.05978826895565094,0.3113018597997139
9044,0.6575,5.21,0.07315593705293277,0.38226037195994284
9045,0.7725,5.2125,0.06436623748211731,0.3341917024320458
9046,0.835,5.21375,0.069585121602289,0.3639484978540773
9047,0.7975,5.19125,0.061711015736766815,0.3181688125894135
9048,0.865,5.2125,0.07205722460658083,0.37539341917024327
9049,0.73,5.2,0.06079542203147354,0.3158798283261803
9050,0.9075,5.18125,0.05878111587982833,0.30443490701001436
9051,0.8925,5.21125,0.07434620886981402,0.3868383404864092
9052,0.885,5.2,0.07370529327610874,0.38226037195994284
9053,0.71,5.21125,0.07544492131616595,0.3937052932761088
9054,0.8125,5.18,0.06775393419170243,0.35250357653791137
9055,0.7175,5.1875,0.05978826895565094,0.3113018597997139
9056,0.805,5.1925,0.05566809728183119,0.288412017167382
9057,0.8125,5.19,0.056492131616595144,0.2929899856938484
9058,0.7175,5.1875,0.05978826895565094,0.3113018597997139
9059,0.835,5.18625,0.05566809728183119,0.288412017167382
9060,0.8475,5.18375,0.05795708154506438,0.29985693848354794
9061,0.71,5.185,0.05914735336194564,0.30672389127324756
9062,0.7775,5.19875,0.05795708154506438,0.29985693848354794
9063,0.85,5.18875,0.05521030042918455,0.2861230329041488
9064,0.8475,5.17375,0.07059227467811159,0.3639484978540773
9065,0.7875,5.19375,0.06857796852646639,0.3570815450643777
9066,0.895,5.18,0.06042918454935623,0.3113018597997139
9067,0.73,5.18125,0.06079542203147354,0.3158798283261803
9068,0.71,5.2025,0.07397997138769671,0.3868383404864092
9069,0.83,5.1875,0.06583118741058656,0.3410586552217454
9070,0.88,5.2125,0.07333905579399143,0.38226037195994284
9071,0.8625,5.185,0.07187410586552218,0.30672389127324756
9072,0.7375,5.19375,0.06335908440629472,0.32961373390557946
9073,0.93,5.21375,0.07745922746781117,0.40515021459227474
9074,0.9375,5.21,0.07810014306151646,0.40515021459227474
9075,0.6775,5.20625,0.07233190271816882,0.37539341917024327
9076,0.6775,5.1975,0.056492131616595144,0.2929899856938484
9077,0.705,5.185,0.05878111587982833,0.30443490701001436
9078,0.755,5.20375,0.05878111587982833,0.30672389127324756
9079,0.7,5.18,0.05832331902718169,0.30443490701001436
9080,0.9125,5.2125,0.07608583690987125,0.3982832618025752
9081,0.8575,5.1825,0.05878111587982833,0.30443490701001436
9082,0.71,5.195,0.05914735336194564,0.30672389127324756
9083,0.91,5.21,0.07581115879828328,0.3937052932761088
9084,0.845,5.18875,0.058964234620886985,0.30672389127324756
9085,0.68,5.19625,0.0566752503576538,0.2952789699570816
9086,0.7775,5.19375,0.06482403433476396,0.33648068669527903
9087,0.7875,5.1925,0.06271816881258942,0.32732474964234626
9088,0.87,5.21625,0.07251502145922747,0.3776824034334764
9089,0.68,5.19875,0.0566752503576538,0.2952789699570816
9090,0.6875,5.21125,0.07169098712446352,0.37539341917024327
9091,0.6675,5.19375,0.05566809728183119,0.288412017167382
9092,0.7025,5.18375,0.05850643776824035,0.30443490701001436
9093,0.875,5.18625,0.055851216022889845,0.288412017167382
9094,0.8875,5.18125,0.05621745350500716,0.2929899856938484
9095,0.9,5.20875,0.07498712446351932,0.3891273247496424
9096,0.8725,5.1825,0.05850643776824035,0.30443490701001436
9097,0.755,5.205,0.0662889842632332,0.34563662374821175
9098,0.905,5.2125,0.07544492131616595,0.3937052932761088
9099,0.905,5.175,0.060612303290414886,0.3158798283261803
9100,0.73,5.2075,0.059330472103004295,0.30672389127324756
9101,0.825,5.215,0.06876108726752504,0.35937052932761093
9102,0.67,5.20875,0.07288125894134478,0.3776824034334764
9103,0.685,5.21125,0.06775393419170243,0.35250357653791137
9104,0.6675,5.1925,0.05566809728183119,0.288412017167382
9105,0.745,5.19625,0.06500715307582261,0.33648068669527903
9106,0.7425,5.19625,0.06601430615164522,0.3410586552217454
9107,0.84,5.215,0.07004291845493563,0.3639484978540773
9108,0.8375,5.18625,0.06976824034334765,0.3639484978540773
9109,0.67,5.2075,0.07288125894134478,0.3776824034334764
9110,0.705,5.1825,0.05878111587982833,0.30443490701001436
9111,0.745,5.19875,0.062077253218884125,0.32274678111587984
9112,0.7275,5.2,0.07251502145922747,0.3776824034334764
9113,0.9375,5.1975,0.07810014306151646,0.40515021459227474
9114,0.7475,5.18125,0.06226037195994278,0.32274678111587984
9115,0.7475,5.205,0.05832331902718169,0.30443490701001436
9116,0.6825,5.19625,0.056858369098712454,0.2952789699570816
9117,0.82,5.2,0.0683032904148784,0.3570815450643777
9118,0.8225,5.185,0.059605150214592284,0.30672389127324756
9119,0.8875,5.2075,0.07397997138769671,0.3868383404864092
9120,0.85,5.21375,0.07086695278969958,0.37081545064377686
9121,0.695,5.20375,0.06940200286123034,0.35937052932761093
9122,0.82,5.21375,0.0683032904148784,0.3570815450643777
9123,0.855,5.215,0.07123319027181689,0.37081545064377686
9124,0.73,5.1975,0.06683834048640916,0.34792560801144495
9125,0.72,5.195,0.059971387696709594,0.3113018597997139
9126,0.88,5.2125,0.07333905579399143,0.38226037195994284
9127,0.8575,5.1875,0.05832331902718169,0.30443490701001436
9128,0.795,5.2075,0.0662889842632332,0.34563662374821175
9129,0.9075,5.205,0.07562804005722461,0.3937052932761088
9130,0.86,5.1825,0.0566752503576538,0.2929899856938484
9131,0.86,5.18375,0.057499284692417746,0.2952789699570816
9132,0.7225,5.18625,0.060246065808297576,0.3113018597997139
9133,0.7875,5.19625,0.05621745350500716,0.2929899856938484
9134,0.765,5.20125,0.05795708154506438,0.29985693848354794
9135,0.72,5.20625,0.059971387696709594,0.3113018597997139
9136,0.6775,5.205,0.07004291845493563,0.3639484978540773
9137,0.7725,5.19875,0.05731616595135909,0.2952789699570816
9138,0.665,5.185,0.05539341917024321,0.288412017167382
9139,0.7075,5.20875,0.064,0.3341917024320458
9140,0.7175,5.20125,0.07251502145922747,0.3776824034334764
9141,0.8425,5.19375,0.07022603719599428,0.3639484978540773
9142,0.72,5.21125,0.07370529327610874,0.38226037195994284
9143,0.7525,5.19875,0.07187410586552218,0.37539341917024327
9144,0.7475,5.1825,0.06226037195994278,0.32274678111587984
9145,0.7325,5.195,0.06107010014306152,0.35937052932761093
9146,0.67,5.215,0.07187410586552218,0.37539341917024327
9147,0.66,5.18875,0.0550271816881259,0.2861230329041488
9148,0.795,5.19625,0.0662889842632332,0.34563662374821175
9149,0.8525,5.18375,0.0576824034334764,0.29985693848354794
9150,0.935,5.21,0.0779170243204578,0.40515021459227474
9151,0.8525,5.21375,0.07105007153075824,0.37081545064377686
9152,0.72,5.19875,0.0672961373390558,0.34792560801144495
9153,0.84,5.21,0.07004291845493563,0.3639484978540773
9154,0.71,5.20625,0.05914735336194564,0.30672389127324756
9155,0.9275,5.1725,0.06564806866952791,0.3410586552217454
9156,0.77,5.1775,0.06418311874105866,0.3341917024320458
9157,0.7075,5.1925,0.058964234620886985,0.30672389127324756
9158,0.765,5.195,0.07040915593705294,0.36852646638054365
9159,0.775,5.185,0.06454935622317597,0.3341917024320458
9160,0.8575,5.20625,0.07141630901287555,0.37081545064377686
9161,0.86,5.18125,0.05731616595135909,0.2952789699570816
9162,0.7925,5.1975,0.06601430615164522,0.3410586552217454
9163,0.8575,5.21375,0.07141630901287555,0.37081545064377686
9164,0.74,5.19625,0.06583118741058656,0.3410586552217454
9165,0.9025,5.21125,0.07517024320457798,0.3891273247496424
9166,0.86,5.20875,0.07169098712446352,0.37539341917024327
9167,0.7775,5.1925,0.06354220314735337,0.32961373390557946
9168,0.6625,5.2125,0.07205722460658083,0.37539341917024327
9169,0.7275,5.2075,0.060612303290414886,0.3158798283261803
9170,0.885,5.185,0.05878111587982833,0.30443490701001436
9171,0.81,5.195,0.05978826895565094,0.3113018597997139
9172,0.725,5.19625,0.06042918454935623,0.3158798283261803
9173,0.83,5.1875,0.0683032904148784,0.35250357653791137
9174,0.9025,5.17875,0.060246065808297576,0.3113018597997139
9175,0.6675,5.1925,0.05566809728183119,0.288412017167382
9176,0.7075,5.20875,0.062077253218884125,0.32274678111587984
9177,0.8,5.19375,0.055851216022889845,0.288412017167382
9178,0.755,5.18875,0.06290128755364807,0.32732474964234626
9179,0.845,5.18375,0.05832331902718169,0.30443490701001436
9180,0.72,5.1975,0.06647210300429185,0.34563662374821175
9181,0.87,5.21,0.07251502145922747,0.3776824034334764
9182,0.7975,5.18875,0.06647210300429185,0.3158798283261803
9183,0.805,5.1875,0.06519027181688127,0.33648068669527903
9184,0.8,5.19875,0.0666552217453505,0.34563662374821175
9185,0.71,5.17875,0.05914735336194564,0.30672389127324756
9186,0.7225,5.205,0.07480400572246067,0.3891273247496424
9187,0.815,5.19125,0.06793705293276109,0.35250357653791137
9188,0.7575,5.18125,0.06308440629470673,0.32732474964234626
9189,0.715,5.205,0.07434620886981402,0.3868383404864092
9190,0.8225,5.20125,0.06857796852646639,0.3570815450643777
9191,0.885,5.2125,0.07370529327610874,0.38226037195994284
9192,0.7725,5.19375,0.06290128755364807,0.32732474964234626
9193,0.9225,5.21,0.0769098712446352,0.4005722460658083
9194,0.8775,5.21,0.07315593705293277,0.38226037195994284
9195,0.79,5.19125,0.06226037195994278,0.32274678111587984
9196,0.675,5.1825,0.05621745350500716,0.2929899856938484
9197,0.745,5.19,0.062077253218884125,0.32274678111587984
9198,0.8475,5.18375,0.05795708154506438,0.29985693848354794
9199,1.1425,5.15375,0.09522174535050072,0.492131616595136
9200,2.5025,5.0875,0.20857224606580832,1.0620886981402005
9201,2.8425,5.065,0.23622317596566525,1.1971387696709586
9202,2.8525,5.06375,0.2376881258941345,1.2040057224606582
9203,2.82,5.06625,0.235032904148784,1.1925608011444921
9204,2.8225,5.06375,0.23622317596566525,1.1971387696709586
9205,2.8325,5.065,0.23649785407725324,1.1971387696709586
9206,2.825,5.06375,0.2353991416309013,1.1925608011444921
9207,2.8475,5.06375,0.23704721030042922,1.1994277539341918
9208,2.865,5.0625,0.23814592274678115,1.2040057224606582
9209,2.88,5.065,0.2399771101573677,1.215450643776824
9210,2.8425,5.0675,0.23686409155937055,1.1994277539341918
9211,2.86,5.06375,0.23814592274678115,1.2085836909871246
9212,2.875,5.06375,0.23961087267525039,1.215450643776824
9213,2.8325,5.06375,0.23787124463519316,1.2040057224606582
9214,2.8575,5.0625,0.23787124463519316,1.2040057224606582
9215,2.8725,5.06375,0.2393361945636624,1.2108726752503578
9216,2.88,5.0625,0.23750500715307585,1.2040057224606582
9217,2.855,5.0625,0.23961087267525039,1.2108726752503578
9218,2.8425,5.0625,0.23686409155937055,1.1994277539341918
9219,2.8625,5.0625,0.23851216022889846,1.2085836909871246
9220,2.845,5.065,0.23814592274678115,1.2085836909871246
9221,2.8625,5.0625,0.23851216022889846,1.2085836909871246
9222,2.8625,5.06375,0.23851216022889846,1.2085836909871246
9223,2.8525,5.065,0.24043490701001433,1.2177396280400574
9224,2.85,5.0625,0.23750500715307585,1.2040057224606582
9225,2.855,5.06125,0.23787124463519316,1.2040057224606582
9226,2.8725,5.0625,0.23878683834048645,1.2085836909871246
9227,2.8725,5.0625,0.2393361945636624,1.2108726752503578
9228,2.8425,5.06375,0.23686409155937055,1.1994277539341918
9229,2.86,5.0625,0.2393361945636624,1.2108726752503578
9230,2.86,5.06125,0.2383290414878398,1.2085836909871246
9231,2.8575,5.065,0.23814592274678115,1.2085836909871246
9232,2.855,5.065,0.23851216022889846,1.2085836909871246
9233,2.915,5.06375,0.24290701001430617,1.2291845493562235
9234,2.8475,5.06375,0.23732188841201718,1.1994277539341918
9235,2.89,5.0625,0.240618025751073,1.2177396280400574
9236,2.8625,5.065,0.23851216022889846,1.2085836909871246
9237,2.8325,5.0625,0.2360400572246066,1.1971387696709586
9238,2.8525,5.06375,0.23878683834048645,1.2085836909871246
9239,2.8825,5.06125,0.24025178826895568,1.215450643776824
9240,2.8625,5.06375,0.23851216022889846,1.2085836909871246
9241,2.8425,5.065,0.23750500715307585,1.2040057224606582
9242,2.85,5.0625,0.23686409155937055,1.1994277539341918
9243,2.885,5.05625,0.24043490701001433,1.215450643776824
9244,2.8625,5.06375,0.23878683834048645,1.2085836909871246
9245,2.8625,5.0625,0.23851216022889846,1.2085836909871246
9246,2.835,5.06625,0.23622317596566525,1.1971387696709586
9247,2.8625,5.06375,0.2376881258941345,1.2040057224606582
9248,2.8425,5.0625,0.23732188841201718,1.1994277539341918
9249,2.8575,5.06125,0.23814592274678115,1.2040057224606582
9250,2.8425,5.06375,0.23878683834048645,1.2085836909871246
9251,2.9175,5.06,0.24226609442060087,1.2268955650929902
9252,2.875,5.0625,0.23961087267525039,1.2108726752503578
9253,2.8625,5.06375,0.23961087267525039,1.215450643776824
9254,2.8375,5.06375,0.23732188841201718,1.1994277539341918
9255,2.8475,5.06375,0.23732188841201718,1.1994277539341918
9256,2.8375,5.06625,0.23649785407725324,1.1971387696709586
9257,2.8425,5.06375,0.2353991416309013,1.1925608011444921
9258,2.83,5.06375,0.23585693848354794,1.1925608011444921
9259,2.8325,5.065,0.2360400572246066,1.1971387696709586
9260,2.85,5.06375,0.23787124463519316,1.2040057224606582
9261,2.8575,5.06375,0.23814592274678115,1.2085836909871246
9262,2.8575,5.06375,0.23814592274678115,1.2085836909871246
9263,2.8725,5.06125,0.23979399141630903,1.215450643776824
9264,2.89,5.0625,0.24080114449213164,1.2177396280400574
9265,2.8625,5.06375,0.23851216022889846,1.2085836909871246
9266,2.8375,5.06375,0.2353991416309013,1.1925608011444921
9267,2.8375,5.0625,0.23649785407725324,1.1971387696709586
9268,2.8625,5.06375,0.23851216022889846,1.2085836909871246
9269,2.835,5.0625,0.23622317596566525,1.1971387696709586
9270,2.82,5.06375,0.235032904148784,1.187982832618026
9271,2.8475,5.065,0.23732188841201718,1.2040057224606582
9272,2.87,5.0625,0.2393361945636624,1.2108726752503578
9273,2.8625,5.0625,0.23851216022889846,1.2085836909871246
9274,2.8475,5.065,0.23732188841201718,1.2040057224606582
9275,2.855,5.06125,0.23961087267525039,1.2108726752503578
9276,2.8525,5.06125,0.2376881258941345,1.2040057224606582
9277,2.8675,5.06375,0.2389699570815451,1.2108726752503578
9278,2.865,5.0625,0.23878683834048645,1.2085836909871246
9279,2.845,5.0625,0.23851216022889846,1.2085836909871246
9280,2.855,5.06125,0.23787124463519316,1.2040057224606582
9281,2.815,5.065,0.2389699570815451,1.2108726752503578
9282,2.89,5.0625,0.23732188841201718,1.1994277539341918
9283,2.8625,5.065,0.23851216022889846,1.2085836909871246
9284,2.85,5.06375,0.2383290414878398,1.2085836909871246
9285,2.845,5.065,0.23732188841201718,1.2040057224606582
9286,2.855,5.06375,0.23787124463519316,1.2040057224606582
9287,2.8325,5.06625,0.23915307582260376,1.2108726752503578
9288,2.885,5.065,0.23979399141630903,1.215450643776824
9289,2.9225,5.06,0.24354792560801147,1.2337625178826896
9290,2.8725,5.06125,0.24226609442060087,1.2268955650929902
9291,2.87,5.06625,0.23704721030042922,1.1994277539341918
9292,2.86,5.0625,0.2383290414878398,1.2085836909871246
9293,2.8725,5.06375,0.2393361945636624,1.2108726752503578
9294,2.8825,5.0625,0.24125894134477827,1.2223175965665238
9295,2.87,5.065,0.23915307582260376,1.2108726752503578
9296,2.89,5.06375,0.24080114449213164,1.2177396280400574
9297,2.87,5.0625,0.24125894134477827,1.2223175965665238
9298,2.91,5.0625,0.24254077253218886,1.2268955650929902
9299,2.8725,5.0625,0.2393361945636624,1.2108726752503578
9300,2.885,5.06,0.23915307582260376,1.2108726752503578
9301,2.8925,5.06125,0.24107582260371963,1.2177396280400574
9302,2.89,5.0625,0.24080114449213164,1.2177396280400574
9303,2.8675,5.0625,0.23686409155937055,1.1994277539341918
9304,2.8675,5.06125,0.2389699570815451,1.2108726752503578
9305,2.8525,5.0625,0.2376881258941345,1.2040057224606582
9306,2.8875,5.0625,0.2383290414878398,1.2085836909871246
9307,2.885,5.06125,0.24043490701001433,1.215450643776824
9308,2.8675,5.06125,0.2389699570815451,1.2108726752503578
9309,2.8925,5.0625,0.2376881258941345,1.2040057224606582
9310,2.8225,5.06375,0.23521602288984267,1.1925608011444921
9311,2.8725,5.06125,0.2393361945636624,1.2108726752503578
9312,2.855,5.06375,0.23686409155937055,1.1994277539341918
9313,2.8775,5.06,0.23979399141630903,1.215450643776824
9314,2.88,5.06125,0.2399771101573677,1.215450643776824
9315,2.865,5.065,0.2383290414878398,1.2085836909871246
9316,2.89,5.0625,0.23851216022889846,1.2085836909871246
9317,2.85,5.0625,0.23750500715307585,1.2040057224606582
9318,2.8675,5.0625,0.23787124463519316,1.2040057224606582
9319,2.8625,5.06375,0.23732188841201718,1.1994277539341918
9320,2.8675,5.06375,0.2389699570815451,1.2108726752503578
9321,2.8625,5.06375,0.23851216022889846,1.2085836909871246
9322,2.8725,5.0625,0.24043490701001433,1.2177396280400574
9323,2.8675,5.06375,0.2389699570815451,1.2108726752503578
9324,2.8475,5.0625,0.23704721030042922,1.1994277539341918
9325,2.635,5.0775,0.22065808297567957,1.1216022889842632
9326,2.5975,5.08,0.2164463519313305,1.0987124463519313
9327,2.6275,5.07875,0.21937625178826897,1.1147353361945638
9328,2.5975,5.08,0.21855221745350503,1.1101573676680974
9329,2.61,5.08,0.21754506437768242,1.105579399141631
9330,2.6075,5.07625,0.21727038626609443,1.1032904148783977
9331,2.59,5.08125,0.21791130185979973,1.105579399141631
9332,2.605,5.08,0.2170872675250358,1.1032904148783977
9333,2.6325,5.07875,0.21937625178826897,1.1147353361945638
9334,2.6725,5.07875,0.21937625178826897,1.1147353361945638
9335,2.5975,5.07875,0.2164463519313305,1.0987124463519313
9336,2.6275,5.0775,0.21891845493562234,1.1101573676680974
9337,2.63,5.07875,0.21891845493562234,1.1101573676680974
9338,2.9475,5.05625,0.245653791130186,1.2406294706723893
9339,2.965,5.0575,0.24711874105865525,1.249785407725322
9340,2.975,5.05625,0.2443719599427754,1.2337625178826896
9341,2.965,5.05625,0.24711874105865525,1.249785407725322
9342,2.9675,5.05625,0.2473018597997139,1.249785407725322
9343,2.9625,5.0575,0.24711874105865525,1.249785407725322
9344,2.9825,5.0575,0.2485836909871245,1.2566523605150215
9345,3.0075,5.05375,0.2505979971387697,1.2680972818311875
9346,2.9575,5.05625,0.2462947067238913,1.2452074391988557
9347,2.96,5.05625,0.24666094420600862,1.249785407725322
9348,2.9575,5.055,0.24647782546494995,1.2452074391988557
9349,2.9575,5.05875,0.2479427753934192,1.2520743919885553
9350,2.965,5.0575,0.24711874105865525,1.249785407725322
9351,2.95,5.05375,0.24583690987124465,1.2406294706723893
9352,2.97,5.05625,0.2502317596566524,1.2635193133047211
9353,2.965,5.05625,0.24748497854077256,1.2520743919885553
9354,2.97,5.055,0.24748497854077256,1.2520743919885553
9355,2.9625,5.05625,0.2473018597997139,1.249785407725322
9356,2.955,5.0575,0.24519599427753935,1.2406294706723893
9357,2.965,5.05625,0.24711874105865525,1.249785407725322
9358,2.965,5.0575,0.24748497854077256,1.2520743919885553
9359,2.975,5.05875,0.2462947067238913,1.2452074391988557
9360,2.9575,5.05625,0.24647782546494995,1.2452074391988557
9361,2.9675,5.05625,0.24748497854077256,1.2520743919885553
9362,2.955,5.0575,0.2483090128755365,1.2566523605150215
9363,2.9725,5.055,0.2476680972818312,1.2520743919885553
9364,2.9625,5.0575,0.24748497854077256,1.2520743919885553
9365,2.9725,5.05625,0.2476680972818312,1.2520743919885553
9366,2.9525,5.0575,0.24602002861230332,1.2452074391988557
9367,2.95,5.06,0.24583690987124465,1.2406294706723893
9368,2.965,5.05625,0.24519599427753935,1.2406294706723893
9369,2.9625,5.055,0.24684406294706726,1.249785407725322
9370,2.9675,5.05625,0.2473018597997139,1.249785407725322
9371,2.9725,5.05625,0.24748497854077256,1.2520743919885553
9372,2.9575,5.05625,0.24647782546494995,1.2452074391988557
9373,2.92,5.06125,0.2433648068669528,1.2291845493562235
9374,1.3775,5.1575,0.11582260371959945,0.5974248927038627
9375,1.3275,5.1775,0.11060371959942776,0.5745350500715308
9376,1.2525,5.15625,0.10437768240343348,0.540200286123033
9377,1.3475,5.1575,0.09851788268955652,0.5058655221745351
9378,1.2425,5.14875,0.10355364806866954,0.5333333333333334
9379,1.33,5.18375,0.11087839771101575,0.5745350500715308
9380,1.1925,5.17875,0.10849785407725324,0.5630901287553648
9381,1.245,5.15125,0.1037367668097282,0.5333333333333334
9382,1.365,5.17875,0.11371673819742491,0.58826895565093
9383,1.19,5.175,0.11664663805436339,0.6042918454935623
9384,1.6525,5.14375,0.13770529327610875,0.709585121602289
9385,2.0975,5.115,0.17478683834048642,0.8927038626609443
9386,1.835,5.12625,0.15024892703862663,0.769098712446352
9387,1.285,5.165,0.10712446351931332,0.5539341917024321
9388,1.285,5.16375,0.10712446351931332,0.5516452074391989
9389,0.8725,5.1875,0.059971387696709594,0.3113018597997139
9390,0.76,5.20375,0.06482403433476396,0.33648068669527903
9391,0.7225,5.205,0.060246065808297576,0.3158798283261803
9392,0.675,5.21375,0.07141630901287555,0.37081545064377686
9393,0.7625,5.19875,0.06226037195994278,0.32274678111587984
9394,0.675,5.1825,0.05621745350500716,0.2929899856938484
9395,0.92,5.185,0.06253505007153076,0.32274678111587984
9396,0.77,5.2025,0.07645207439198856,0.3982832618025752
9397,0.905,5.21,0.07544492131616595,0.3937052932761088
9398,0.86,5.1875,0.05878111587982833,0.30443490701001436
9399,0.7825,5.2,0.06226037195994278,0.32274678111587984
9400,0.8625,5.20625,0.07187410586552218,0.37539341917024327
9401,1.34,5.14125,0.09311587982832618,0.48068669527897
9402,0.8275,5.1925,0.057499284692417746,0.29985693848354794
9403,0.745,5.18125,0.062077253218884125,0.32274678111587984
9404,0.8175,5.18625,0.06812017167381974,0.3570815450643777
9405,0.8075,5.19125,0.055851216022889845,0.288412017167382
9406,0.7525,5.18375,0.06271816881258942,0.32732474964234626
9407,0.8575,5.2025,0.07141630901287555,0.37081545064377686
9408,0.845,5.18625,0.059605150214592284,0.30672389127324756
9409,0.8725,5.20875,0.07269814020028613,0.3776824034334764
9410,0.7225,5.17875,0.060246065808297576,0.3113018597997139
9411,0.71,5.21125,0.07434620886981402,0.3868383404864092
9412,0.91,5.20875,0.07581115879828328,0.3937052932761088
9413,0.77,5.18375,0.06418311874105866,0.3341917024320458
9414,0.765,5.205,0.06454935622317597,0.33648068669527903
9415,0.8925,5.21375,0.07434620886981402,0.3868383404864092
9416,0.6675,5.19,0.05566809728183119,0.288412017167382
9417,0.7425,5.20375,0.060612303290414886,0.3158798283261803
9418,0.715,5.20125,0.059605150214592284,0.3113018597997139
9419,0.71,5.20375,0.05914735336194564,0.30672389127324756
9420,0.7,5.2125,0.06454935622317597,0.33648068669527903
9421,0.695,5.2,0.05795708154506438,0.29985693848354794
9422,0.6775,5.1825,0.056492131616595144,0.2929899856938484
9423,0.815,5.19125,0.05621745350500716,0.2929899856938484
9424,0.7175,5.18875,0.05978826895565094,0.3113018597997139
9425,0.8425,5.21125,0.07022603719599428,0.36852646638054365
9426,0.8225,5.19375,0.05978826895565094,0.3113018597997139
9427,0.7025,5.20875,0.080206008583691,0.41659513590844066
9428,0.8525,5.19375,0.07105007153075824,0.36852646638054365
9429,0.72,5.21125,0.07315593705293277,0.38226037195994284
9430,0.6875,5.2125,0.07956509298998571,0.41659513590844066
9431,0.6825,5.19625,0.056858369098712454,0.2952789699570816
9432,0.7025,5.21125,0.06335908440629472,0.32961373390557946
9433,0.81,5.1875,0.05566809728183119,0.288412017167382
9434,0.72,5.205,0.059971387696709594,0.3113018597997139
9435,0.67,5.21375,0.07086695278969958,0.37081545064377686
9436,0.675,5.215,0.07315593705293277,0.38226037195994284
9437,0.795,5.21375,0.0662889842632332,0.34563662374821175
9438,0.69,5.20625,0.07123319027181689,0.37081545064377686
9439,0.6725,5.2125,0.0769098712446352,0.4005722460658083
9440,0.8825,5.20125,0.07352217453505008,0.38226037195994284
9441,0.7925,5.2,0.06601430615164522,0.3410586552217454
9442,0.7075,5.21125,0.07645207439198856,0.3982832618025752
9443,0.9475,5.21,0.07892417739628041,0.4120171673819743
9444,0.885,5.2025,0.07370529327610874,0.38226037195994284
9445,0.8325,5.19125,0.05521030042918455,0.2861230329041488
9446,0.7625,5.19125,0.06354220314735337,0.32961373390557946
9447,0.865,5.21375,0.07205722460658083,0.37539341917024327
9448,0.81,5.18875,0.061711015736766815,0.3181688125894135
9449,0.8575,5.215,0.07141630901287555,0.37081545064377686
9450,0.6775,5.19375,0.056492131616595144,0.2929899856938484
9451,0.76,5.1975,0.07919885550786838,0.4120171673819743
9452,0.9225,5.21125,0.0769098712446352,0.4005722460658083
9453,0.8075,5.21375,0.0672961373390558,0.35250357653791137
9454,0.7375,5.195,0.07169098712446352,0.37081545064377686
9455,0.715,5.19375,0.059605150214592284,0.3113018597997139
9456,0.855,5.21,0.07123319027181689,0.37081545064377686
9457,0.88,5.1825,0.05850643776824035,0.30443490701001436
9458,0.71,5.19375,0.05914735336194564,0.30672389127324756
9459,0.8225,5.2075,0.06857796852646639,0.3570815450643777
9460,0.8225,5.18625,0.06042918454935623,0.3158798283261803
9461,0.73,5.18875,0.06079542203147354,0.3158798283261803
9462,0.8425,5.20375,0.07022603719599428,0.3639484978540773
9463,0.8075,5.19,0.06226037195994278,0.32274678111587984
9464,0.7775,5.195,0.06482403433476396,0.33648068669527903
9465,0.85,5.2125,0.07086695278969958,0.36852646638054365
9466,0.8225,5.1875,0.060246065808297576,0.3113018597997139
9467,0.8675,5.1825,0.06354220314735337,0.32961373390557946
9468,0.835,5.19875,0.069585121602289,0.35937052932761093
9469,0.8825,5.1825,0.05704148783977111,0.2952789699570816
9470,0.7275,5.21,0.07086695278969958,0.36852646638054365
9471,0.8775,5.19875,0.07315593705293277,0.3776824034334764
9472,0.79,5.20125,0.06308440629470673,0.32732474964234626
9473,0.7525,5.20625,0.07022603719599428,0.3639484978540773
9474,0.8975,5.2125,0.07480400572246067,0.3891273247496424
9475,0.83,5.18875,0.05566809728183119,0.288412017167382
9476,0.86,5.1825,0.057499284692417746,0.2952789699570816
9477,0.7325,5.18125,0.06107010014306152,0.3158798283261803
9478,0.74,5.2025,0.061711015736766815,0.3181688125894135
9479,0.8275,5.1875,0.05566809728183119,0.288412017167382
9480,0.8625,5.20625,0.07187410586552218,0.37539341917024327
9481,0.8475,5.21375,0.07059227467811159,0.36852646638054365
9482,0.675,5.20875,0.07645207439198856,0.3982832618025752
9483,0.9,5.2125,0.07498712446351932,0.3891273247496424
9484,0.8325,5.21375,0.06940200286123034,0.35937052932761093
9485,0.8125,5.1925,0.05978826895565094,0.3113018597997139
9486,0.9475,5.21,0.07892417739628041,0.4120171673819743
9487,0.7825,5.18,0.06519027181688127,0.33648068669527903
9488,0.715,5.205,0.07663519313304722,0.3982832618025752
9489,0.8575,5.19625,0.07141630901287555,0.37081545064377686
9490,0.6925,5.18375,0.0576824034334764,0.29985693848354794
9491,0.8625,5.1825,0.055851216022889845,0.288412017167382
9492,0.7525,5.19125,0.06271816881258942,0.32732474964234626
9493,0.8375,5.20625,0.06976824034334765,0.3639484978540773
9494,0.855,5.17875,0.060612303290414886,0.3158798283261803
9495,0.7525,5.19125,0.06271816881258942,0.32732474964234626
9496,0.855,5.20875,0.07123319027181689,0.37081545064377686
9497,0.895,5.17875,0.060246065808297576,0.3113018597997139
9498,0.87,5.20875,0.07251502145922747,0.3776824034334764
9499,0.8575,5.21375,0.07141630901287555,0.37081545064377686
9500,0.86,5.1875,0.05878111587982833,0.30443490701001436
9501,0.7925,5.20375,0.07205722460658083,0.37539341917024327
9502,0.82,5.19125,0.0683032904148784,0.3570815450643777
9503,0.82,5.19375,0.059605150214592284,0.3113018597997139
9504,0.72,5.2125,0.07837482117310444,0.4097281831187411
9505,0.845,5.215,0.07040915593705294,0.36852646638054365
9506,0.7125,5.20125,0.06812017167381974,0.35250357653791137
9507,0.67,5.20625,0.07269814020028613,0.3776824034334764
9508,0.765,5.21,0.06372532188841203,0.3341917024320458
9509,0.69,5.21375,0.0666552217453505,0.34792560801144495
9510,0.7425,5.2025,0.057499284692417746,0.29985693848354794
9511,0.6975,5.1875,0.05814020028612304,0.29985693848354794
9512,0.865,5.18125,0.05603433476394851,0.288412017167382
9513,0.82,5.18625,0.06482403433476396,0.33648068669527903
9514,0.885,5.215,0.07370529327610874,0.38226037195994284
9515,0.8225,5.19375,0.06857796852646639,0.3113018597997139
9516,0.8225,5.195,0.059971387696709594,0.3113018597997139
9517,0.8275,5.21,0.0689442060085837,0.35937052932761093
9518,0.8375,5.1925,0.06976824034334765,0.3639484978540773
9519,0.7325,5.21,0.07040915593705294,0.36852646638054365
9520,0.865,5.21375,0.07205722460658083,0.37539341917024327
9521,0.8275,5.215,0.0689442060085837,0.35937052932761093
9522,0.67,5.20875,0.07169098712446352,0.37539341917024327
9523,0.8425,5.21,0.07022603719599428,0.36852646638054365
9524,0.75,5.20625,0.06253505007153076,0.32732474964234626
9525,0.6875,5.2025,0.07059227467811159,0.36852646638054365
9526,0.8625,5.2125,0.07187410586552218,0.37539341917024327
9527,0.6725,5.185,0.05603433476394851,0.288412017167382
9528,0.785,5.19625,0.056858369098712454,0.2952789699570816
9529,0.6925,5.18375,0.0576824034334764,0.29985693848354794
9530,0.705,5.1825,0.05878111587982833,0.30443490701001436
9531,0.8975,5.18125,0.06189413447782547,0.32274678111587984
9532,0.725,5.195,0.06042918454935623,0.3158798283261803
9533,0.7675,5.20375,0.064,0.3341917024320458
9534,0.915,5.1875,0.06143633762517883,0.3181688125894135
9535,0.785,5.2125,0.06537339055793992,0.3410586552217454
9536,0.7725,5.21,0.06436623748211731,0.3341917024320458
9537,0.6775,5.21,0.07352217453505008,0.38226037195994284
9538,0.7425,5.205,0.05978826895565094,0.3113018597997139
9539,0.73,5.1875,0.06079542203147354,0.3158798283261803
9540,0.7775,5.19875,0.056858369098712454,0.2952789699570816
9541,0.835,5.1875,0.06042918454935623,0.3158798283261803
9542,0.68,5.1825,0.0566752503576538,0.2929899856938484
9543,0.815,5.19,0.05566809728183119,0.288412017167382
9544,0.8725,5.18875,0.06107010014306152,0.3158798283261803
9545,0.7125,5.1825,0.059330472103004295,0.30672389127324756
9546,0.745,5.20875,0.06747925608011446,0.35250357653791137
9547,0.705,5.21125,0.07498712446351932,0.3891273247496424
9548,0.7125,5.17875,0.059330472103004295,0.30672389127324756
9549,0.705,5.20625,0.07517024320457798,0.3891273247496424
9550,0.8175,5.18625,0.06107010014306152,0.3158798283261803
9551,0.8025,5.1975,0.06683834048640916,0.34792560801144495
9552,0.855,5.18375,0.07123319027181689,0.37081545064377686
9553,0.74,5.195,0.07004291845493563,0.3639484978540773
9554,0.82,5.2125,0.0683032904148784,0.3570815450643777
9555,0.765,5.21,0.06372532188841203,0.3341917024320458
9556,0.67,5.2075,0.0769098712446352,0.4005722460658083
9557,0.8525,5.21375,0.07105007153075824,0.37081545064377686
9558,0.705,5.19875,0.05878111587982833,0.30443490701001436
9559,0.71,5.21,0.06308440629470673,0.32961373390557946
9560,0.865,5.2,0.07205722460658083,0.37539341917024327
9561,0.79,5.1875,0.06583118741058656,0.3410586552217454
9562,0.8025,5.19875,0.06107010014306152,0.3181688125894135
9563,0.9025,5.20875,0.07517024320457798,0.3891273247496424
9564,0.9025,5.20375,0.07517024320457798,0.3891273247496424
9565,0.6775,5.21625,0.07233190271816882,0.3776824034334764
9566,0.665,5.18625,0.05539341917024321,0.288412017167382
9567,0.77,5.19375,0.06418311874105866,0.3341917024320458
9568,0.9,5.17375,0.06079542203147354,0.3158798283261803
9569,0.825,5.2125,0.06876108726752504,0.35937052932761093
9570,0.6875,5.2,0.05731616595135909,0.2952789699570816
9571,0.74,5.2,0.06683834048640916,0.34792560801144495
9572,0.68,5.1975,0.0566752503576538,0.2952789699570816
9573,0.815,5.2,0.06793705293276109,0.35250357653791137
9574,0.8725,5.18125,0.05731616595135909,0.2952789699570816
9575,0.785,5.20125,0.06253505007153076,0.32732474964234626
9576,0.9075,5.21,0.07562804005722461,0.3937052932761088
9577,0.8475,5.19,0.05850643776824035,0.30443490701001436
9578,0.7875,5.20125,0.0666552217453505,0.34563662374821175
9579,0.86,5.21125,0.07169098712446352,0.37539341917024327
9580,1.035,5.175,0.06564806866952791,0.3410586552217454
9581,0.84,5.185,0.05566809728183119,0.288412017167382
9582,0.6725,5.1825,0.05603433476394851,0.288412017167382
9583,0.805,5.19125,0.055851216022889845,0.288412017167382
9584,0.865,5.18125,0.05603433476394851,0.288412017167382
9585,0.775,5.18375,0.06454935622317597,0.3341917024320458
9586,0.79,5.195,0.056492131616595144,0.2929899856938484
9587,0.82,5.18625,0.06042918454935623,0.3158798283261803
9588,0.8625,5.21375,0.07187410586552218,0.37539341917024327
9589,0.8625,5.17875,0.07187410586552218,0.288412017167382
9590,0.715,5.21125,0.07233190271816882,0.3776824034334764
9591,0.9125,5.2125,0.07608583690987125,0.3982832618025752
9592,0.87,5.2,0.07251502145922747,0.3776824034334764
9593,0.83,5.195,0.06143633762517883,0.3181688125894135
9594,1.0425,5.1975,0.08688984263233192,0.45092989985693854
9595,0.705,5.2025,0.05878111587982833,0.30672389127324756
9596,0.6725,5.215,0.07123319027181689,0.37081545064377686
9597,0.715,5.20625,0.059605150214592284,0.3113018597997139
9598,0.6625,5.18875,0.05521030042918455,0.2861230329041488
9599,0.685,5.21375,0.06747925608011446,0.35250357653791137
9600,0.81,5.21125,0.06747925608011446,0.35250357653791137
9601,0.67,5.1825,0.055851216022889845,0.288412017167382
9602,0.8725,5.18,0.0666552217453505,0.34563662374821175
9603,0.7725,5.17875,0.06436623748211731,0.3341917024320458
9604,0.8275,5.21,0.0689442060085837,0.35937052932761093
9605,0.895,5.18875,0.06189413447782547,0.32274678111587984
9606,0.8625,5.21,0.07187410586552218,0.37539341917024327
9607,0.91,5.21,0.07581115879828328,0.3937052932761088
9608,0.9075,5.18,0.05878111587982833,0.30443490701001436
9609,0.925,5.21125,0.07709298998569386,0.4005722460658083
9610,0.8975,5.2125,0.07480400572246067,0.3891273247496424
9611,0.715,5.19875,0.06775393419170243,0.35250357653791137
9612,0.6625,5.20875,0.07205722460658083,0.37539341917024327
9613,0.7325,5.2075,0.06107010014306152,0.3181688125894135
9614,0.685,5.21375,0.06976824034334765,0.3639484978540773
9615,0.685,5.21375,0.07370529327610874,0.38226037195994284
9616,0.67,5.1825,0.055851216022889845,0.288412017167382
9617,0.7925,5.195,0.05621745350500716,0.2929899856938484
9618,0.88,5.18,0.06143633762517883,0.3181688125894135
9619,0.8575,5.2075,0.07141630901287555,0.37081545064377686
9620,0.725,5.21,0.07059227467811159,0.36852646638054365
9621,0.71,5.2125,0.07416309012875537,0.3868383404864092
9622,0.885,5.21125,0.07370529327610874,0.38226037195994284
9623,0.8525,5.19,0.05878111587982833,0.30443490701001436
9624,0.845,5.1925,0.05914735336194564,0.30672389127324756
9625,0.9725,5.205,0.08103004291845495,0.421173104434907
9626,0.8025,5.19,0.06683834048640916,0.34792560801144495
9627,0.8725,5.18125,0.05603433476394851,0.288412017167382
9628,0.7625,5.185,0.06354220314735337,0.32961373390557946
9629,0.6875,5.185,0.05731616595135909,0.2952789699570816
9630,0.7125,5.20875,0.061711015736766815,0.32274678111587984
9631,0.6675,5.1875,0.05566809728183119,0.288412017167382
9632,0.7425,5.18875,0.06189413447782547,0.32274678111587984
9633,0.78,5.19375,0.05731616595135909,0.2952789699570816
9634,0.7,5.2,0.05832331902718169,0.30443490701001436
9635,0.78,5.20625,0.06500715307582261,0.33648068669527903
9636,0.89,5.18125,0.061711015736766815,0.3181688125894135
9637,0.745,5.19875,0.062077253218884125,0.32274678111587984
9638,0.8975,5.2075,0.07480400572246067,0.3891273247496424
9639,0.8925,5.1825,0.058964234620886985,0.30443490701001436
9640,0.6675,5.1875,0.05566809728183119,0.288412017167382
9641,0.8275,5.2,0.0689442060085837,0.35937052932761093
9642,0.8475,5.18375,0.05878111587982833,0.30443490701001436
9643,0.8625,5.2075,0.07187410586552218,0.37539341917024327
9644,0.87,5.2075,0.07251502145922747,0.3776824034334764
9645,0.87,5.1825,0.05704148783977111,0.2952789699570816
9646,0.85,5.205,0.07086695278969958,0.36852646638054365
9647,0.8325,5.21375,0.06940200286123034,0.35937052932761093
9648,0.71,5.1975,0.06683834048640916,0.34792560801144495
9649,0.735,5.1975,0.07352217453505008,0.38226037195994284
9650,0.895,5.20125,0.07462088698140201,0.3868383404864092
9651,0.7375,5.21,0.06857796852646639,0.3570815450643777
9652,0.925,5.18,0.059971387696709594,0.3113018597997139
9653,0.75,5.20125,0.06253505007153076,0.32732474964234626
9654,0.8975,5.17875,0.06143633762517883,0.3181688125894135
9655,0.7675,5.2,0.06107010014306152,0.3181688125894135
9656,0.67,5.18125,0.055851216022889845,0.288412017167382
9657,0.7675,5.19875,0.05795708154506438,0.29985693848354794
9658,0.835,5.185,0.06583118741058656,0.3410586552217454
9659,0.965,5.21,0.08038912732474965,0.421173104434907
9660,0.815,5.18375,0.061711015736766815,0.3181688125894135
9661,0.685,5.205,0.07370529327610874,0.38226037195994284
9662,0.7775,5.21125,0.06482403433476396,0.33648068669527903
9663,0.68,5.2075,0.0566752503576538,0.2952789699570816
9664,0.7125,5.20875,0.06308440629470673,0.32961373390557946
9665,0.8875,5.21125,0.07397997138769671,0.3868383404864092
9666,0.91,5.2075,0.07581115879828328,0.3937052932761088
9667,0.9375,5.185,0.05850643776824035,0.30443490701001436
9668,0.8075,5.2075,0.0672961373390558,0.34792560801144495
9669,0.9175,5.20625,0.07645207439198856,0.3982832618025752
9670,0.7475,5.1975,0.06583118741058656,0.3410586552217454
9671,0.8575,5.20375,0.07141630901287555,0.37081545064377686
9672,0.845,5.215,0.07040915593705294,0.36852646638054365
9673,0.6975,5.20125,0.07544492131616595,0.3937052932761088
9674,0.8325,5.21375,0.06940200286123034,0.35937052932761093
9675,0.77,5.21125,0.06418311874105866,0.3341917024320458
9676,0.6775,5.20625,0.07105007153075824,0.37081545064377686
9677,0.7075,5.205,0.058964234620886985,0.30672389127324756
9678,0.67,5.18375,0.055851216022889845,0.288412017167382
9679,0.705,5.21125,0.06290128755364807,0.32732474964234626
9680,0.7075,5.18125,0.058964234620886985,0.30443490701001436
9681,0.86,5.2125,0.07169098712446352,0.37539341917024327
9682,0.92,5.17625,0.062077253218884125,0.32274678111587984
9683,0.775,5.19,0.06454935622317597,0.3341917024320458
9684,0.7825,5.20625,0.06519027181688127,0.33648068669527903
9685,0.885,5.1725,0.06226037195994278,0.32274678111587984
9686,0.8775,5.18125,0.056858369098712454,0.2952789699570816
9687,0.885,5.20625,0.07370529327610874,0.38226037195994284
9688,0.705,5.20125,0.0689442060085837,0.35937052932761093
9689,0.7025,5.20125,0.06812017167381974,0.35250357653791137
9690,0.875,5.21,0.07288125894134478,0.3776824034334764
9691,0.8225,5.18625,0.059971387696709594,0.3113018597997139
9692,0.845,5.1825,0.06418311874105866,0.3341917024320458
9693,0.865,5.2075,0.07205722460658083,0.37539341917024327
9694,0.8,5.18875,0.061711015736766815,0.3181688125894135
9695,0.91,5.17875,0.05914735336194564,0.30672389127324756
9696,0.7425,5.19875,0.06189413447782547,0.32274678111587984
9697,0.88,5.1825,0.06290128755364807,0.32732474964234626
9698,0.8,5.1975,0.06107010014306152,0.3181688125894135
9699,0.88,5.20125,0.07333905579399143,0.38226037195994284
9700,0.9825,5.18625,0.08185407725321889,0.33648068669527903
9701,0.8675,5.18125,0.0566752503576538,0.2929899856938484
9702,0.695,5.1925,0.05795708154506438,0.29985693848354794
9703,0.7025,5.185,0.05850643776824035,0.30443490701001436
9704,0.86,5.1825,0.05603433476394851,0.288412017167382
9705,0.795,5.1975,0.0662889842632332,0.34563662374821175
9706,0.8675,5.2125,0.07233190271816882,0.3776824034334764
9707,0.67,5.20875,0.07397997138769671,0.3868383404864092
9708,0.77,5.21,0.06418311874105866,0.3341917024320458
9709,0.6675,5.1875,0.05566809728183119,0.288412017167382
9710,0.785,5.2025,0.06793705293276109,0.35250357653791137
9711,0.7975,5.20875,0.06647210300429185,0.34563662374821175
9712,0.91,5.20625,0.07581115879828328,0.3937052932761088
9713,0.8375,5.19,0.061711015736766815,0.3181688125894135
9714,0.8175,5.2075,0.06812017167381974,0.3570815450643777
9715,0.9825,5.20625,0.08185407725321889,0.4280400572246066
9716,0.7075,5.2,0.06812017167381974,0.35250357653791137
9717,0.88,5.21375,0.07333905579399143,0.38226037195994284
9718,0.77,5.21125,0.06418311874105866,0.3341917024320458
9719,0.6775,5.21375,0.06940200286123034,0.35937052932761093
9720,0.6725,5.195,0.05603433476394851,0.2929899856938484
9721,0.775,5.19375,0.06454935622317597,0.3341917024320458
9722,0.8475,5.1825,0.06226037195994278,0.32274678111587984
9723,0.6775,5.21375,0.07745922746781117,0.40515021459227474
9724,0.675,5.195,0.05621745350500716,0.2929899856938484
9725,0.82,5.18625,0.06775393419170243,0.35250357653791137
9726,0.8875,5.18125,0.06226037195994278,0.32274678111587984
9727,0.7075,5.18375,0.058964234620886985,0.30672389127324756
9728,0.705,5.21,0.07462088698140201,0.3891273247496424
9729,0.7625,5.1975,0.07141630901287555,0.37081545064377686
9730,0.7675,5.18875,0.064,0.3341917024320458
9731,0.7525,5.2025,0.05914735336194564,0.30672389127324756
9732,0.865,5.18125,0.06308440629470673,0.32732474964234626
9733,0.885,5.20625,0.07370529327610874,0.38226037195994284
9734,0.8675,5.1825,0.056858369098712454,0.2952789699570816
9735,0.6825,5.21375,0.07416309012875537,0.3868383404864092
9736,0.705,5.20125,0.05878111587982833,0.30672389127324756
9737,0.675,5.21375,0.05621745350500716,0.36852646638054365
9738,0.745,5.20375,0.05914735336194564,0.30672389127324756
9739,0.6925,5.1825,0.0576824034334764,0.29985693848354794
9740,0.8175,5.2075,0.06812017167381974,0.3570815450643777
9741,0.91,5.18,0.060246065808297576,0.3113018597997139
9742,0.7225,5.195,0.060246065808297576,0.3113018597997139
9743,0.8525,5.21125,0.07105007153075824,0.37081545064377686
9744,0.905,5.17625,0.059971387696709594,0.3113018597997139
9745,0.755,5.1925,0.06290128755364807,0.32732474964234626
9746,0.7925,5.19375,0.06601430615164522,0.3410586552217454
9747,0.865,5.18375,0.05621745350500716,0.2929899856938484
9748,0.7425,5.19,0.06189413447782547,0.32274678111587984
9749,0.87,5.2125,0.07251502145922747,0.3776824034334764
9750,0.81,5.185,0.07233190271816882,0.37539341917024327
9751,0.8675,5.20875,0.07233190271816882,0.37539341917024327
9752,0.81,5.19875,0.06747925608011446,0.35250357653791137
9753,0.8775,5.17625,0.05914735336194564,0.30672389127324756
9754,0.8675,5.21125,0.07233190271816882,0.3776824034334764
9755,0.9525,5.20125,0.07938197424892705,0.4120171673819743
9756,0.7425,5.2075,0.0666552217453505,0.34792560801144495
9757,0.8025,5.20875,0.06683834048640916,0.34792560801144495
9758,0.8775,5.21,0.07315593705293277,0.38226037195994284
9759,0.885,5.18375,0.058964234620886985,0.30672389127324756
9760,0.8075,5.19875,0.07141630901287555,0.37081545064377686
9761,0.7,5.2025,0.05832331902718169,0.30443490701001436
9762,0.6675,5.21375,0.07251502145922747,0.3776824034334764
9763,0.6975,5.21,0.0672961373390558,0.34792560801144495
9764,0.6825,5.1975,0.056858369098712454,0.2952789699570816
9765,0.7375,5.205,0.059605150214592284,0.3113018597997139
9766,0.865,5.18125,0.0566752503576538,0.2929899856938484
9767,0.8525,5.20625,0.07105007153075824,0.37081545064377686
9768,0.815,5.1875,0.06107010014306152,0.3158798283261803
9769,0.67,5.20875,0.07269814020028613,0.3776824034334764
9770,0.875,5.19875,0.07288125894134478,0.3776824034334764
9771,0.7125,5.2125,0.07333905579399143,0.38226037195994284
9772,0.7375,5.19875,0.07233190271816882,0.37539341917024327
9773,0.7925,5.18625,0.06601430615164522,0.3410586552217454
9774,0.715,5.21125,0.059605150214592284,0.30672389127324756
9775,0.7375,5.19875,0.07892417739628041,0.4097281831187411
9776,0.7525,5.18875,0.06271816881258942,0.32732474964234626
9777,0.8425,5.2,0.07022603719599428,0.3639484978540773
9778,0.8325,5.1925,0.056858369098712454,0.2952789699570816
9779,0.6925,5.17875,0.0576824034334764,0.29985693848354794
9780,0.7525,5.19,0.06271816881258942,0.32732474964234626
9781,0.73,5.20875,0.06290128755364807,0.32732474964234626
9782,0.6775,5.19,0.056492131616595144,0.2929899856938484
9783,0.72,5.1875,0.059971387696709594,0.3113018597997139
9784,0.8475,5.185,0.05566809728183119,0.288412017167382
9785,0.7025,5.18875,0.05850643776824035,0.30443490701001436
9786,0.75,5.20125,0.06253505007153076,0.32732474964234626
9787,0.885,5.18125,0.062077253218884125,0.32274678111587984
9788,0.7325,5.18,0.06107010014306152,0.3158798283261803
9789,0.73,5.17875,0.06079542203147354,0.3158798283261803
9790,0.675,5.20625,0.0769098712446352,0.4005722460658083
9791,0.7525,5.2075,0.06271816881258942,0.32732474964234626
9792,0.665,5.19125,0.05539341917024321,0.288412017167382
9793,0.7,5.2125,0.07105007153075824,0.37081545064377686
9794,0.8475,5.21125,0.07059227467811159,0.36852646638054365
9795,0.8,5.21375,0.0666552217453505,0.34792560801144495
9796,0.6775,5.215,0.06976824034334765,0.3639484978540773
9797,0.6975,5.2125,0.06436623748211731,0.3341917024320458
9798,0.6675,5.1875,0.05566809728183119,0.288412017167382
9799,0.67,5.21125,0.07105007153075824,0.37081545064377686
9800,0.7325,5.21125,0.0683032904148784,0.3570815450643777
9801,0.92,5.21,0.07663519313304722,0.3982832618025752
9802,0.91,5.17625,0.060246065808297576,0.3113018597997139
9803,0.85,5.18625,0.059605150214592284,0.30672389127324756
9804,0.82,5.20625,0.0683032904148784,0.3570815450643777
9805,0.8675,5.1825,0.05814020028612304,0.29985693848354794
9806,0.69,5.2,0.0689442060085837,0.35937052932761093
9807,0.82,5.21375,0.0683032904148784,0.3570815450643777
9808,0.6675,5.20625,0.07123319027181689,0.37081545064377686
9809,0.745,5.205,0.060246065808297576,0.3158798283261803
9810,0.6775,5.18125,0.056492131616595144,0.2929899856938484
9811,0.675,5.215,0.05621745350500716,0.2929899856938484
9812,0.82,5.19125,0.05521030042918455,0.2861230329041488
9813,0.745,5.19,0.062077253218884125,0.32274678111587984
9814,0.88,5.21,0.07333905579399143,0.38226037195994284
9815,0.7925,5.20125,0.06226037195994278,0.32274678111587984
9816,0.91,5.20875,0.07581115879828328,0.3937052932761088
9817,0.7825,5.1875,0.06519027181688127,0.33648068669527903
9818,0.7775,5.2025,0.06253505007153076,0.32732474964234626
9819,0.8325,5.21,0.06940200286123034,0.35937052932761093
9820,0.9625,5.20875,0.080206008583691,0.41659513590844066
9821,0.8475,5.185,0.05795708154506438,0.29985693848354794
9822,0.7925,5.195,0.06601430615164522,0.3410586552217454
9823,0.8675,5.215,0.07233190271816882,0.3776824034334764
9824,0.6925,5.20375,0.07059227467811159,0.36852646638054365
9825,0.87,5.21625,0.07251502145922747,0.3776824034334764
9826,0.71,5.20125,0.05914735336194564,0.30672389127324756
9827,0.7025,5.21,0.06271816881258942,0.32732474964234626
9828,0.6625,5.18875,0.05521030042918455,0.2861230329041488
9829,0.765,5.1925,0.06372532188841203,0.32961373390557946
9830,0.81,5.195,0.05978826895565094,0.3113018597997139
9831,0.7675,5.185,0.064,0.32961373390557946
9832,0.7975,5.205,0.06647210300429185,0.34563662374821175
9833,0.915,5.17625,0.060612303290414886,0.3158798283261803
9834,0.925,5.1775,0.06537339055793992,0.33648068669527903
9835,0.8575,5.205,0.07141630901287555,0.37081545064377686
9836,0.6725,5.2075,0.07397997138769671,0.3868383404864092
9837,0.7075,5.20875,0.064,0.3341917024320458
9838,0.7075,5.185,0.058964234620886985,0.30672389127324756
9839,0.8075,5.19375,0.05521030042918455,0.2861230329041488
9840,0.85,5.18,0.056858369098712454,0.2952789699570816
9841,0.9425,5.2125,0.0785579399141631,0.4097281831187411
9842,0.6775,5.2075,0.07105007153075824,0.37081545064377686
9843,0.735,5.205,0.06482403433476396,0.33648068669527903
9844,0.6875,5.18125,0.05731616595135909,0.2952789699570816
9845,0.705,5.21125,0.07874105865522175,0.4097281831187411
9846,0.75,5.2,0.07269814020028613,0.3776824034334764
9847,0.7625,5.185,0.06354220314735337,0.32961373390557946
9848,0.755,5.205,0.06290128755364807,0.32732474964234626
9849,0.7125,5.20625,0.08148783977110158,0.4234620886981402
9850,0.7925,5.17875,0.06601430615164522,0.3410586552217454
9851,0.74,5.185,0.061711015736766815,0.3181688125894135
9852,0.985,5.16375,0.10291273247496424,0.5333333333333334
9853,0.79,5.2125,0.06583118741058656,0.3410586552217454
9854,0.7275,5.2075,0.060612303290414886,0.3158798283261803
9855,0.78,5.1925,0.06271816881258942,0.32732474964234626
9856,0.85,5.21375,0.07086695278969958,0.37081545064377686
9857,0.7375,5.2075,0.06143633762517883,0.3181688125894135
9858,0.6725,5.21125,0.0762689556509299,0.3982832618025752
9859,0.675,5.1925,0.05621745350500716,0.2929899856938484
9860,0.9075,5.2125,0.07562804005722461,0.3937052932761088
9861,0.8625,5.19375,0.06107010014306152,0.3181688125894135
9862,0.91,5.20625,0.07581115879828328,0.3937052932761088
9863,0.7875,5.185,0.06564806866952791,0.3410586552217454
9864,0.7475,5.2075,0.07233190271816882,0.37539341917024327
9865,0.91,5.21375,0.07581115879828328,0.3937052932761088
9866,0.895,5.20875,0.07462088698140201,0.3891273247496424
9867,0.79,5.19,0.06189413447782547,0.32274678111587984
9868,0.875,5.1975,0.07288125894134478,0.3776824034334764
9869,0.8625,5.21375,0.07187410586552218,0.37539341917024327
9870,0.715,5.2075,0.06143633762517883,0.3181688125894135
9871,0.8425,5.1875,0.05566809728183119,0.288412017167382
9872,0.7225,5.18625,0.060246065808297576,0.3113018597997139
9873,0.855,5.18,0.055851216022889845,0.288412017167382
9874,0.8625,5.18125,0.05704148783977111,0.2952789699570816
9875,0.705,5.18875,0.05878111587982833,0.30443490701001436
9876,0.9175,5.18,0.06042918454935623,0.3113018597997139
9877,0.9175,5.1775,0.06500715307582261,0.33648068669527903
9878,0.8075,5.205,0.0672961373390558,0.34792560801144495
9879,0.7975,5.19375,0.069585121602289,0.35937052932761093
9880,0.9025,5.18125,0.05914735336194564,0.30672389127324756
9881,0.715,5.185,0.059605150214592284,0.30672389127324756
9882,0.8675,5.1825,0.0566752503576538,0.2929899856938484
9883,0.71,5.2,0.06912732474964235,0.35937052932761093
9884,0.815,5.215,0.06793705293276109,0.35250357653791137
9885,0.665,5.21,0.05539341917024321,0.3776824034334764
9886,0.7175,5.20875,0.06308440629470673,0.32961373390557946
9887,0.67,5.19375,0.055851216022889845,0.288412017167382
9888,0.71,5.185,0.05914735336194564,0.30672389127324756
9889,0.91,5.18375,0.06812017167381974,0.35250357653791137
9890,0.83,5.205,0.06912732474964235,0.35937052932761093
9891,0.91,5.21,0.07581115879828328,0.3937052932761088
9892,0.8425,5.19125,0.05878111587982833,0.30443490701001436
9893,0.8025,5.2075,0.06683834048640916,0.34792560801144495
9894,0.905,5.20875,0.07544492131616595,0.3937052932761088
9895,0.8675,5.18125,0.05621745350500716,0.2929899856938484
9896,0.84,5.20375,0.07004291845493563,0.3639484978540773
9897,0.8825,5.21125,0.07352217453505008,0.38226037195994284
9898,0.6675,5.2125,0.07040915593705294,0.36852646638054365
9899,0.7975,5.21375,0.06647210300429185,0.34563662374821175
9900,0.6675,5.18375,0.05566809728183119,0.288412017167382
9901,0.7175,5.2075,0.06125321888412018,0.3181688125894135
9902,1.4125,5.18125,0.11774535050071532,0.6111587982832619
9903,0.7975,5.21375,0.06647210300429185,0.34563662374821175
9904,0.6875,5.21375,0.06793705293276109,0.35250357653791137
9905,0.88,5.21125,0.07333905579399143,0.38226037195994284
9906,0.8825,5.21125,0.07352217453505008,0.38226037195994284
9907,0.9225,5.17375,0.06271816881258942,0.32732474964234626
9908,0.91,5.18,0.060246065808297576,0.3113018597997139
9909,0.72,5.17875,0.059971387696709594,0.3113018597997139
9910,0.7075,5.205,0.07608583690987125,0.3982832618025752
9911,0.665,5.21125,0.07205722460658083,0.37539341917024327
9912,0.77,5.2125,0.06418311874105866,0.3341917024320458
9913,0.675,5.20875,0.07169098712446352,0.37539341917024327
9914,0.755,5.2,0.05814020028612304,0.30443490701001436
9915,0.685,5.1825,0.05704148783977111,0.2952789699570816
9916,0.865,5.1825,0.055851216022889845,0.288412017167382
9917,0.84,5.18625,0.055851216022889845,0.288412017167382
9918,0.83,5.2025,0.06912732474964235,0.35937052932761093
9919,0.86,5.18375,0.057499284692417746,0.2952789699570816
9920,0.8875,5.1825,0.06418311874105866,0.3341917024320458
9921,0.705,5.18375,0.05878111587982833,0.30443490701001436
9922,0.9,5.17625,0.07498712446351932,0.32274678111587984
9923,0.9175,5.17625,0.06418311874105866,0.3341917024320458
9924,0.7125,5.195,0.059330472103004295,0.30672389127324756
9925,0.7875,5.2075,0.06564806866952791,0.3410586552217454
9926,0.665,5.21125,0.07288125894134478,0.3776824034334764
9927,0.845,5.21375,0.07040915593705294,0.36852646638054365
9928,0.7175,5.205,0.05978826895565094,0.3113018597997139
9929,0.715,5.20875,0.06189413447782547,0.32274678111587984
9930,0.665,5.18125,0.05539341917024321,0.288412017167382
9931,0.7225,5.18625,0.060246065808297576,0.3113018597997139
9932,0.87,5.18,0.06079542203147354,0.3158798283261803
9933,0.82,5.2,0.0683032904148784,0.3570815450643777
9934,0.86,5.2125,0.07169098712446352,0.37539341917024327
9935,0.8725,5.18625,0.06079542203147354,0.3158798283261803
9936,0.7175,5.19375,0.05978826895565094,0.3113018597997139
9937,0.785,5.20125,0.06537339055793992,0.3410586552217454
9938,0.895,5.18125,0.06189413447782547,0.32274678111587984
9939,0.765,5.18375,0.06372532188841203,0.32961373390557946
9940,0.7675,5.205,0.064,0.3341917024320458
9941,0.675,5.215,0.07169098712446352,0.37539341917024327
9942,0.9225,5.20875,0.0769098712446352,0.4005722460658083
9943,0.69,5.1825,0.057499284692417746,0.2952789699570816
9944,0.735,5.20375,0.059605150214592284,0.3113018597997139
9945,0.83,5.1875,0.0566752503576538,0.2929899856938484
9946,0.6925,5.18125,0.0576824034334764,0.29985693848354794
9947,0.7575,5.20125,0.0576824034334764,0.29985693848354794
9948,0.8675,5.18,0.056858369098712454,0.2952789699570816
9949,0.8125,5.19875,0.06775393419170243,0.35250357653791137
9950,0.7975,5.1925,0.07040915593705294,0.3639484978540773
9951,0.7175,5.20375,0.07434620886981402,0.3868383404864092
9952,0.98,5.17,0.08167095851216023,0.4234620886981402
9953,0.7275,5.2075,0.07581115879828328,0.3937052932761088
9954,0.785,5.195,0.069585121602289,0.35937052932761093
9955,0.8825,5.18625,0.07352217453505008,0.38226037195994284
9956,0.82,5.185,0.05566809728183119,0.288412017167382
9957,0.725,5.1975,0.06647210300429185,0.34563662374821175
9958,0.865,5.21,0.07205722460658083,0.37539341917024327
9959,0.6625,5.21125,0.05521030042918455,0.37539341917024327
9960,0.7,5.21125,0.064,0.3341917024320458
9961,0.67,5.1825,0.055851216022889845,0.288412017167382
9962,0.705,5.18375,0.05878111587982833,0.30443490701001436
9963,0.7025,5.20875,0.0672961373390558,0.34792560801144495
9964,0.7025,5.20375,0.05850643776824035,0.30443490701001436
9965,0.7975,5.1975,0.06647210300429185,0.34563662374821175
9966,0.895,5.17625,0.07370529327610874,0.38226037195994284
9967,0.7475,5.1825,0.06226037195994278,0.32274678111587984
9968,0.7275,5.17875,0.060612303290414886,0.3158798283261803
9969,0.7175,5.2125,0.07269814020028613,0.3776824034334764
9970,0.935,5.21,0.0779170243204578,0.40515021459227474
9971,0.6775,5.185,0.056492131616595144,0.2929899856938484
9972,0.81,5.19125,0.055851216022889845,0.288412017167382
9973,0.7175,5.205,0.05978826895565094,0.3113018597997139
9974,0.7,5.2025,0.05832331902718169,0.30443490701001436
9975,0.6675,5.21375,0.07251502145922747,0.3776824034334764
9976,0.8575,5.2125,0.07141630901287555,0.37081545064377686
9977,0.7475,5.20875,0.06226037195994278,0.32274678111587984
9978,0.74,5.19375,0.06436623748211731,0.3341917024320458
9979,0.8025,5.2125,0.06683834048640916,0.34792560801144495
9980,0.965,5.21,0.08038912732474965,0.421173104434907
9981,0.9625,5.16625,0.06290128755364807,0.32732474964234626
9982,0.9025,5.18,0.05914735336194564,0.30672389127324756
9983,0.7375,5.19875,0.06143633762517883,0.3181688125894135
9984,0.8725,5.185,0.06500715307582261,0.33648068669527903
9985,0.8775,5.18625,0.06500715307582261,0.33648068669527903
9986,0.8125,5.195,0.06775393419170243,0.35250357653791137
9987,0.8325,5.18875,0.05566809728183119,0.288412017167382
9988,0.9,5.18,0.05603433476394851,0.288412017167382
9989,0.8325,5.2025,0.06940200286123034,0.35937052932761093
9990,0.82,5.18625,0.059330472103004295,0.30672389127324756
9991,0.675,5.20625,0.07251502145922747,0.3776824034334764
9992,0.8125,5.21375,0.06775393419170243,0.35250357653791137
9993,0.8775,5.1775,0.057499284692417746,0.2952789699570816
9994,0.8725,5.18,0.05704148783977111,0.2952789699570816
9995,1.095,5.16625,0.09128469241773964,0.4715307582260372
9996,0.8775,5.1875,0.07315593705293277,0.38226037195994284
9997,0.9125,5.18125,0.05914735336194564,0.30672389127324756
9998,0.705,5.19,0.05878111587982833,0.30443490701001436
9999,0.765,5.2025,0.06372532188841203,0.32961373390557946
