Sample,EVM1 VSHUNT Results (mV),EVM1 VBUS Results (V),EVM1 CURRENT Results (A),EVM1 POWER Results (W)
0,0.7375,5.20625,0.06143633762517883,0.3181688125894135
1,0.6825,5.185,0.056858369098712454,0.2952789699570816
2,0.68,5.2125,0.07141630901287555,0.37081545064377686
3,0.9,5.21375,0.07498712446351932,0.3891273247496424
4,0.695,5.18625,0.05795708154506438,0.29985693848354794
5,0.6775,5.21125,0.07645207439198856,0.3982832618025752
6,1.7475,5.14875,0.14557939914163093,0.7507868383404865
7,0.86,5.2125,0.07169098712446352,0.37539341917024327
8,0.88,5.1875,0.11316738197424894,0.58826895565093
9,0.8875,5.21125,0.07397997138769671,0.3868383404864092
10,0.81,5.1875,0.06747925608011446,0.34792560801144495
11,0.7275,5.21125,0.07892417739628041,0.4120171673819743
12,0.835,5.1925,0.069585121602289,0.35937052932761093
13,0.785,5.18,0.06537339055793992,0.33648068669527903
14,0.6975,5.2125,0.06793705293276109,0.35250357653791137
15,0.915,5.21625,0.0762689556509299,0.3982832618025752
16,0.7375,5.20875,0.06143633762517883,0.3181688125894135
17,0.7075,5.2125,0.06601430615164522,0.34563662374821175
18,0.685,5.215,0.07086695278969958,0.37081545064377686
19,0.7475,5.21,0.06226037195994278,0.32274678111587984
20,0.675,5.21125,0.07205722460658083,0.37539341917024327
21,0.68,5.215,0.07123319027181689,0.37081545064377686
22,0.8575,5.2125,0.07141630901287555,0.37081545064377686
23,0.825,5.2025,0.07288125894134478,0.3776824034334764
24,0.7275,5.21125,0.07608583690987125,0.3982832618025752
25,0.725,5.185,0.06042918454935623,0.3158798283261803
26,0.88,5.18125,0.064,0.32961373390557946
27,0.9225,5.1775,0.06482403433476396,0.3341917024320458
28,0.7125,5.18375,0.059330472103004295,0.30672389127324756
29,0.6875,5.21,0.07397997138769671,0.3868383404864092
30,0.685,5.21,0.07370529327610874,0.38226037195994284
31,0.855,5.21375,0.07123319027181689,0.37081545064377686
32,1.5375,5.1425,0.12809155937052935,0.6592274678111589
33,0.69,5.2125,0.06976824034334765,0.3639484978540773
34,1.36,5.2,0.1133505007153076,0.58826895565093
35,0.7675,5.18875,0.064,0.3341917024320458
36,0.845,5.1875,0.05621745350500716,0.2929899856938484
37,0.6875,5.18,0.05731616595135909,0.2952789699570816
38,0.7175,5.1925,0.05978826895565094,0.3113018597997139
39,0.7975,5.19125,0.06940200286123034,0.35937052932761093
40,0.735,5.18,0.06125321888412018,0.3181688125894135
41,0.88,5.21,0.07333905579399143,0.38226037195994284
42,0.84,5.18625,0.06601430615164522,0.3410586552217454
43,0.72,5.18,0.059971387696709594,0.3113018597997139
44,0.7025,5.195,0.05850643776824035,0.30443490701001436
45,0.7075,5.215,0.07123319027181689,0.37081545064377686
46,0.7825,5.215,0.06519027181688127,0.3410586552217454
47,0.74,5.20625,0.061711015736766815,0.32274678111587984
48,0.6725,5.2125,0.07251502145922747,0.3776824034334764
49,0.8075,5.2125,0.0672961373390558,0.35250357653791137
50,0.83,5.21375,0.06912732474964235,0.35937052932761093
51,0.77,5.19125,0.064,0.3341917024320458
52,0.8825,5.21,0.07352217453505008,0.38226037195994284
53,1.485,5.165,0.12378826895565094,0.6386266094420602
54,0.73,5.2025,0.07517024320457798,0.3891273247496424
55,0.8375,5.19125,0.06436623748211731,0.3341917024320458
56,0.915,5.2075,0.0762689556509299,0.3982832618025752
57,0.8375,5.1925,0.06042918454935623,0.3158798283261803
58,0.76,5.21,0.06747925608011446,0.35250357653791137
59,0.6925,5.2,0.0576824034334764,0.29985693848354794
60,0.6825,5.21375,0.07315593705293277,0.38226037195994284
61,0.6925,5.21375,0.06940200286123034,0.35937052932761093
62,0.7,5.2,0.05832331902718169,0.30443490701001436
63,0.69,5.2125,0.07086695278969958,0.36852646638054365
64,0.705,5.215,0.069585121602289,0.3639484978540773
65,0.7925,5.215,0.06601430615164522,0.34563662374821175
66,0.68,5.2075,0.07251502145922747,0.3776824034334764
67,0.685,5.21375,0.07141630901287555,0.37081545064377686
68,0.9,5.21375,0.07498712446351932,0.3891273247496424
69,0.8275,5.1975,0.0689442060085837,0.3410586552217454
70,0.715,5.2075,0.08148783977110158,0.4234620886981402
71,0.8375,5.1925,0.06976824034334765,0.3639484978540773
72,0.725,5.1925,0.06042918454935623,0.3158798283261803
73,0.895,5.18125,0.06500715307582261,0.33648068669527903
74,0.695,5.18125,0.05795708154506438,0.29985693848354794
75,0.685,5.1875,0.05704148783977111,0.2952789699570816
76,0.6775,5.2075,0.07251502145922747,0.3776824034334764
77,0.745,5.2075,0.062077253218884125,0.32274678111587984
78,0.685,5.18375,0.05704148783977111,0.2952789699570816
79,0.7125,5.21125,0.06418311874105866,0.3341917024320458
80,0.7525,5.20875,0.06271816881258942,0.32732474964234626
81,0.6775,5.1875,0.056492131616595144,0.2929899856938484
82,0.7025,5.215,0.0672961373390558,0.35250357653791137
83,0.975,5.21,0.0812131616595136,0.4234620886981402
84,0.8525,5.195,0.07105007153075824,0.36852646638054365
85,0.795,5.19875,0.07773390557939915,0.40515021459227474
86,0.72,5.19375,0.059971387696709594,0.3113018597997139
87,0.775,5.205,0.06454935622317597,0.33648068669527903
88,0.85,5.18625,0.06711301859799715,0.34792560801144495
89,0.7825,5.19375,0.06519027181688127,0.33648068669527903
90,0.88,5.20875,0.07333905579399143,0.38226037195994284
91,0.8625,5.18125,0.05731616595135909,0.2952789699570816
92,0.83,5.18875,0.06226037195994278,0.32274678111587984
93,0.875,5.2075,0.07288125894134478,0.3776824034334764
94,0.78,5.1925,0.064,0.3341917024320458
95,0.6775,5.20625,0.07251502145922747,0.3776824034334764
96,0.7875,5.195,0.06564806866952791,0.3410586552217454
97,0.8525,5.1875,0.05603433476394851,0.2929899856938484
98,1.2825,5.165,0.13706437768240345,0.709585121602289
99,0.83,5.21,0.06912732474964235,0.35937052932761093
100,0.9125,5.18,0.06107010014306152,0.3158798283261803
101,0.7725,5.20625,0.06683834048640916,0.34792560801144495
102,0.88,5.21125,0.07333905579399143,0.38226037195994284
103,0.8025,5.2025,0.07022603719599428,0.3639484978540773
104,0.7625,5.195,0.06812017167381974,0.35250357653791137
105,0.865,5.20625,0.07205722460658083,0.37539341917024327
106,0.78,5.20125,0.06500715307582261,0.30443490701001436
107,0.87,5.18375,0.056492131616595144,0.2929899856938484
108,0.705,5.1825,0.05878111587982833,0.30443490701001436
109,0.7275,5.185,0.060612303290414886,0.3158798283261803
110,0.7675,5.20625,0.06647210300429185,0.34563662374821175
111,0.845,5.2125,0.07040915593705294,0.36852646638054365
112,0.87,5.215,0.07251502145922747,0.3776824034334764
113,1.3375,5.165,0.07974821173104436,0.4120171673819743
114,0.9175,5.20125,0.07645207439198856,0.3982832618025752
115,0.7275,5.18,0.060612303290414886,0.3158798283261803
116,0.845,5.185,0.0666552217453505,0.34563662374821175
117,0.7825,5.2075,0.06519027181688127,0.3410586552217454
118,0.905,5.20375,0.07544492131616595,0.3937052932761088
119,0.875,5.185,0.057499284692417746,0.2952789699570816
120,0.69,5.1825,0.057499284692417746,0.2952789699570816
121,0.7125,5.1825,0.059330472103004295,0.30672389127324756
122,0.7,5.2125,0.0666552217453505,0.34792560801144495
123,0.7475,5.21,0.06226037195994278,0.32274678111587984
124,0.68,5.18875,0.0566752503576538,0.2929899856938484
125,0.705,5.2125,0.07086695278969958,0.36852646638054365
126,0.7875,5.21,0.06564806866952791,0.3410586552217454
127,0.6825,5.18125,0.056858369098712454,0.2952789699570816
128,0.7575,5.2025,0.08853791130185981,0.46237482117310447
129,0.91,5.17875,0.07105007153075824,0.36852646638054365
130,0.7775,5.2075,0.06482403433476396,0.33648068669527903
131,0.8925,5.18125,0.06354220314735337,0.32961373390557946
132,0.91,5.17875,0.06107010014306152,0.3158798283261803
133,0.83,5.20375,0.06912732474964235,0.35937052932761093
134,0.6725,5.21125,0.07288125894134478,0.3776824034334764
135,0.68,5.21,0.07169098712446352,0.37539341917024327
136,0.8525,5.21375,0.07105007153075824,0.37081545064377686
137,0.6775,5.20625,0.07233190271816882,0.37539341917024327
138,0.68,5.21375,0.07004291845493563,0.3639484978540773
139,0.8325,5.215,0.06940200286123034,0.3639484978540773
140,0.67,5.21,0.07233190271816882,0.37539341917024327
141,0.705,5.2125,0.06793705293276109,0.35250357653791137
142,0.7025,5.20125,0.05850643776824035,0.30443490701001436
143,1.36,5.165,0.1133505007153076,0.58826895565093
144,0.9025,5.18,0.06537339055793992,0.33648068669527903
145,0.8925,5.21,0.07434620886981402,0.3868383404864092
146,0.8325,5.1925,0.06940200286123034,0.35937052932761093
147,0.71,5.2075,0.07498712446351932,0.3891273247496424
148,0.7275,5.17875,0.060612303290414886,0.3158798283261803
149,0.6775,5.185,0.056492131616595144,0.2929899856938484
150,0.7,5.21375,0.07004291845493563,0.3639484978540773
151,0.7975,5.21,0.06647210300429185,0.34563662374821175
152,0.69,5.20125,0.057499284692417746,0.29985693848354794
153,0.6725,5.21,0.07269814020028613,0.3776824034334764
154,0.6875,5.18375,0.05731616595135909,0.2952789699570816
155,0.7175,5.18375,0.05978826895565094,0.3113018597997139
156,0.7925,5.1975,0.06253505007153076,0.32732474964234626
157,0.8225,5.1875,0.06857796852646639,0.3570815450643777
158,0.99,5.1725,0.08249499284692419,0.4280400572246066
159,0.815,5.19125,0.06812017167381974,0.35250357653791137
160,0.745,5.19125,0.062077253218884125,0.32274678111587984
161,0.79,5.20625,0.06583118741058656,0.3410586552217454
162,0.845,5.19375,0.06042918454935623,0.3158798283261803
163,0.895,5.20875,0.07462088698140201,0.3891273247496424
164,0.8825,5.21,0.07352217453505008,0.38226037195994284
165,0.71,5.20125,0.069585121602289,0.3639484978540773
166,0.935,5.20125,0.0779170243204578,0.40515021459227474
167,0.79,5.195,0.06583118741058656,0.3410586552217454
168,0.8425,5.185,0.05621745350500716,0.2929899856938484
169,0.855,5.1825,0.05850643776824035,0.30443490701001436
170,0.77,5.1925,0.06418311874105866,0.3341917024320458
171,0.825,5.19125,0.05603433476394851,0.2929899856938484
172,0.76,5.1925,0.06500715307582261,0.33648068669527903
173,1.01,5.17,0.08414306151645208,0.4349070100143062
174,0.8975,5.1825,0.059605150214592284,0.30672389127324756
175,0.8,5.2,0.06271816881258942,0.32732474964234626
176,0.9425,5.2075,0.0785579399141631,0.4097281831187411
177,0.8075,5.1975,0.06189413447782547,0.32274678111587984
178,0.7275,5.2125,0.07288125894134478,0.3776824034334764
179,0.8025,5.21375,0.06683834048640916,0.34792560801144495
180,0.6725,5.21125,0.05603433476394851,0.3776824034334764
181,0.7425,5.20625,0.06107010014306152,0.3181688125894135
182,1.4425,5.1725,0.12021745350500716,0.6226037195994278
183,1.5525,5.15875,0.12937339055793992,0.6683834048640916
184,1.505,5.1425,0.13440915593705294,0.6889842632331903
185,0.945,5.2025,0.07874105865522175,0.4097281831187411
186,0.795,5.18375,0.0662889842632332,0.34563662374821175
187,0.8375,5.18625,0.06683834048640916,0.34563662374821175
188,0.7925,5.1875,0.06601430615164522,0.3410586552217454
189,0.865,5.19625,0.07205722460658083,0.37539341917024327
190,0.76,5.20875,0.06601430615164522,0.34563662374821175
191,0.9275,5.2075,0.07727610872675252,0.4005722460658083
192,0.8825,5.19875,0.07352217453505008,0.38226037195994284
193,0.9475,5.17125,0.12287267525035767,0.6340486409155938
194,1.2525,5.15625,0.10437768240343348,0.540200286123033
195,0.735,5.1875,0.06125321888412018,0.3181688125894135
196,0.8325,5.19,0.06125321888412018,0.3181688125894135
197,0.7425,5.1875,0.06189413447782547,0.32274678111587984
198,0.7325,5.1875,0.06107010014306152,0.3158798283261803
199,0.8125,5.19375,0.05621745350500716,0.2929899856938484
200,0.7375,5.1875,0.06143633762517883,0.3181688125894135
201,0.84,5.2025,0.07004291845493563,0.3639484978540773
202,0.7975,5.19625,0.05731616595135909,0.2952789699570816
203,0.9325,5.195,0.07773390557939915,0.40515021459227474
204,0.7975,5.18625,0.06647210300429185,0.34563662374821175
205,0.8075,5.19125,0.07517024320457798,0.3891273247496424
206,0.7225,5.2075,0.07663519313304722,0.3982832618025752
207,0.8125,5.18875,0.06775393419170243,0.35250357653791137
208,0.72,5.2125,0.07434620886981402,0.3868383404864092
209,0.685,5.215,0.07004291845493563,0.3639484978540773
210,0.845,5.21375,0.07040915593705294,0.36852646638054365
211,0.8525,5.185,0.059971387696709594,0.3113018597997139
212,0.6825,5.20625,0.07169098712446352,0.37539341917024327
213,0.8525,5.20125,0.07105007153075824,0.37081545064377686
214,0.775,5.2,0.05795708154506438,0.29985693848354794
215,0.85,5.18375,0.056492131616595144,0.2929899856938484
216,0.725,5.185,0.06042918454935623,0.3158798283261803
217,0.82,5.19375,0.0683032904148784,0.2929899856938484
218,0.9425,5.18125,0.06647210300429185,0.34563662374821175
219,0.91,5.20875,0.07581115879828328,0.3937052932761088
220,0.8475,5.19375,0.07059227467811159,0.36852646638054365
221,0.7275,5.2125,0.07233190271816882,0.3776824034334764
222,0.875,5.19625,0.07288125894134478,0.3776824034334764
223,0.7525,5.18,0.06271816881258942,0.32732474964234626
224,0.6975,5.2125,0.07022603719599428,0.36852646638054365
225,0.8275,5.21375,0.0689442060085837,0.35937052932761093
226,0.775,5.2125,0.06454935622317597,0.33648068669527903
227,0.6775,5.2075,0.07233190271816882,0.37539341917024327
228,0.805,5.21375,0.06711301859799715,0.34792560801144495
229,0.7,5.1825,0.05832331902718169,0.30443490701001436
230,0.75,5.205,0.059971387696709594,0.3113018597997139
231,0.6925,5.195,0.0576824034334764,0.29985693848354794
232,0.68,5.185,0.0566752503576538,0.2929899856938484
233,0.7825,5.205,0.08395994277539343,0.4394849785407726
234,0.8125,5.18875,0.06775393419170243,0.35250357653791137
235,0.7175,5.18375,0.05978826895565094,0.3113018597997139
236,0.785,5.19375,0.0762689556509299,0.3982832618025752
237,0.745,5.19625,0.062077253218884125,0.32274678111587984
238,0.8675,5.2125,0.07233190271816882,0.3776824034334764
239,0.8675,5.18375,0.0566752503576538,0.2929899856938484
240,0.7175,5.18375,0.05978826895565094,0.3113018597997139
241,0.8575,5.21,0.07141630901287555,0.37081545064377686
242,0.8725,5.18375,0.05731616595135909,0.2952789699570816
243,0.865,5.185,0.0566752503576538,0.2929899856938484
244,0.7,5.18125,0.05832331902718169,0.30443490701001436
245,0.6925,5.21375,0.0672961373390558,0.35250357653791137
246,0.715,5.21125,0.0666552217453505,0.34792560801144495
247,0.7625,5.21,0.06354220314735337,0.32961373390557946
248,0.92,5.1825,0.08084692417739629,0.421173104434907
249,0.8525,5.19,0.059605150214592284,0.30672389127324756
250,0.7425,5.195,0.06189413447782547,0.32274678111587984
251,0.8025,5.19125,0.06876108726752504,0.3570815450643777
252,0.875,5.185,0.059605150214592284,0.30672389127324756
253,0.7575,5.2025,0.06308440629470673,0.32961373390557946
254,0.7825,5.19875,0.057499284692417746,0.29985693848354794
255,0.865,5.18125,0.056492131616595144,0.2929899856938484
256,0.8,5.185,0.0666552217453505,0.34563662374821175
257,0.7175,5.18125,0.05978826895565094,0.3113018597997139
258,0.6775,5.2125,0.07169098712446352,0.37539341917024327
259,0.76,5.21125,0.06335908440629472,0.32961373390557946
260,0.6775,5.19125,0.056492131616595144,0.2929899856938484
261,0.69,5.215,0.06775393419170243,0.35250357653791137
262,0.7775,5.2125,0.06482403433476396,0.33648068669527903
263,0.9075,5.2075,0.07562804005722461,0.3937052932761088
264,0.825,5.1975,0.06482403433476396,0.33648068669527903
265,0.7875,5.20625,0.06564806866952791,0.3410586552217454
266,0.8525,5.195,0.07105007153075824,0.36852646638054365
267,0.7475,5.20875,0.06793705293276109,0.35250357653791137
268,0.8,5.1875,0.0666552217453505,0.34563662374821175
269,0.6775,5.1825,0.056492131616595144,0.2929899856938484
270,0.735,5.2075,0.06125321888412018,0.3181688125894135
271,0.6725,5.1875,0.05603433476394851,0.2929899856938484
272,0.6975,5.18125,0.05814020028612304,0.29985693848354794
273,0.8575,5.185,0.05621745350500716,0.2929899856938484
274,0.7,5.1825,0.05832331902718169,0.30443490701001436
275,0.7,5.1825,0.05832331902718169,0.30443490701001436
276,0.8025,5.19625,0.0566752503576538,0.2952789699570816
277,0.715,5.1825,0.059605150214592284,0.30672389127324756
278,0.895,5.1775,0.07462088698140201,0.3868383404864092
279,0.805,5.19125,0.06940200286123034,0.35937052932761093
280,0.8475,5.18375,0.06418311874105866,0.3341917024320458
281,0.7075,5.18875,0.058964234620886985,0.30672389127324756
282,0.885,5.18125,0.06290128755364807,0.32732474964234626
283,0.82,5.195,0.06042918454935623,0.3158798283261803
284,0.735,5.20875,0.06125321888412018,0.3181688125894135
285,0.68,5.2075,0.07187410586552218,0.37539341917024327
286,0.7275,5.20875,0.062077253218884125,0.32274678111587984
287,0.69,5.185,0.057499284692417746,0.2952789699570816
288,0.7425,5.205,0.06042918454935623,0.3158798283261803
289,0.8025,5.19375,0.05621745350500716,0.2929899856938484
290,0.67,5.1875,0.055851216022889845,0.288412017167382
291,0.7675,5.2025,0.05878111587982833,0.30672389127324756
292,0.845,5.19,0.055851216022889845,0.288412017167382
293,0.91,5.17625,0.07581115879828328,0.3937052932761088
294,0.775,5.20625,0.06454935622317597,0.33648068669527903
295,0.9075,5.1825,0.059971387696709594,0.3113018597997139
296,0.76,5.2025,0.06335908440629472,0.32961373390557946
297,0.8925,5.21125,0.07434620886981402,0.3868383404864092
298,0.7475,5.20875,0.0672961373390558,0.34792560801144495
299,0.89,5.21,0.07416309012875537,0.3868383404864092
300,0.88,5.21125,0.07333905579399143,0.38226037195994284
301,0.8475,5.18375,0.06143633762517883,0.3181688125894135
302,0.7825,5.19,0.06519027181688127,0.33648068669527903
303,0.805,5.195,0.06711301859799715,0.34792560801144495
304,0.7425,5.20625,0.0672961373390558,0.34792560801144495
305,0.7975,5.215,0.06647210300429185,0.34563662374821175
306,0.6925,5.18125,0.0576824034334764,0.29985693848354794
307,0.7275,5.20875,0.062077253218884125,0.32274678111587984
308,0.9675,5.20125,0.08066380543633764,0.421173104434907
309,0.815,5.19125,0.06793705293276109,0.35250357653791137
310,0.7125,5.21,0.0762689556509299,0.3982832618025752
311,0.88,5.19875,0.07333905579399143,0.38226037195994284
312,0.715,5.18125,0.059605150214592284,0.30672389127324756
313,0.9025,5.17875,0.06189413447782547,0.3181688125894135
314,0.725,5.185,0.06042918454935623,0.3158798283261803
315,0.875,5.21125,0.07288125894134478,0.3776824034334764
316,0.8625,5.18375,0.05621745350500716,0.2929899856938484
317,0.835,5.19,0.05814020028612304,0.29985693848354794
318,0.735,5.2075,0.06125321888412018,0.3181688125894135
319,0.68,5.2075,0.07251502145922747,0.3776824034334764
320,0.6725,5.2125,0.07288125894134478,0.3776824034334764
321,0.8375,5.21375,0.06976824034334765,0.3639484978540773
322,0.7625,5.195,0.06519027181688127,0.33648068669527903
323,0.78,5.205,0.0835021459227468,0.4349070100143062
324,0.7575,5.2025,0.06308440629470673,0.32961373390557946
325,0.9125,5.17875,0.06107010014306152,0.3158798283261803
326,0.8625,5.18875,0.059605150214592284,0.30672389127324756
327,0.745,5.19875,0.062077253218884125,0.32274678111587984
328,0.9,5.17625,0.0689442060085837,0.3570815450643777
329,0.8575,5.18125,0.057499284692417746,0.2952789699570816
330,0.7725,5.1925,0.06436623748211731,0.3341917024320458
331,0.86,5.185,0.07169098712446352,0.37081545064377686
332,0.84,5.18875,0.05603433476394851,0.2929899856938484
333,0.76,5.19,0.06335908440629472,0.32961373390557946
334,0.83,5.20125,0.06912732474964235,0.35937052932761093
335,0.865,5.18375,0.05704148783977111,0.2952789699570816
336,0.7125,5.1825,0.059330472103004295,0.30672389127324756
337,0.815,5.19875,0.06793705293276109,0.35250357653791137
338,1.035,5.1675,0.06857796852646639,0.35250357653791137
339,0.835,5.21125,0.069585121602289,0.3639484978540773
340,0.8775,5.2,0.07315593705293277,0.3776824034334764
341,0.75,5.20875,0.06711301859799715,0.34792560801144495
342,0.89,5.20125,0.07416309012875537,0.3868383404864092
343,0.8175,5.19,0.06812017167381974,0.35250357653791137
344,0.7575,5.205,0.06335908440629472,0.32961373390557946
345,0.68,5.1825,0.0566752503576538,0.2929899856938484
346,0.69,5.18125,0.057499284692417746,0.2952789699570816
347,0.69,5.215,0.0683032904148784,0.3570815450643777
348,0.72,5.205,0.059971387696709594,0.3113018597997139
349,0.705,5.20375,0.05878111587982833,0.30672389127324756
350,0.68,5.2075,0.07205722460658083,0.37539341917024327
351,0.855,5.205,0.07123319027181689,0.37081545064377686
352,0.86,5.21125,0.07169098712446352,0.37539341917024327
353,0.87,5.18375,0.06290128755364807,0.32732474964234626
354,0.73,5.205,0.07562804005722461,0.3937052932761088
355,0.7425,5.18125,0.06189413447782547,0.32274678111587984
356,0.8,5.19125,0.06912732474964235,0.35937052932761093
357,0.9075,5.17875,0.06042918454935623,0.3113018597997139
358,0.715,5.18875,0.059605150214592284,0.30672389127324756
359,0.695,5.215,0.06747925608011446,0.35250357653791137
360,0.7325,5.2075,0.061711015736766815,0.32274678111587984
361,0.75,5.20875,0.06253505007153076,0.32732474964234626
362,0.6775,5.2125,0.07169098712446352,0.37539341917024327
363,0.725,5.21,0.06253505007153076,0.32732474964234626
364,0.68,5.1825,0.0566752503576538,0.2929899856938484
365,0.79,5.19875,0.05731616595135909,0.2952789699570816
366,0.81,5.195,0.056492131616595144,0.2929899856938484
367,0.6875,5.1825,0.05731616595135909,0.2952789699570816
368,0.715,5.21,0.059605150214592284,0.30672389127324756
369,0.8625,5.18375,0.064,0.32961373390557946
370,0.715,5.18125,0.059605150214592284,0.30672389127324756
371,0.765,5.2025,0.06372532188841203,0.32961373390557946
372,0.885,5.185,0.05978826895565094,0.3113018597997139
373,0.8075,5.21,0.0672961373390558,0.34792560801144495
374,0.87,5.21375,0.07251502145922747,0.3776824034334764
375,0.6875,5.20375,0.07086695278969958,0.36852646638054365
376,0.85,5.21375,0.07086695278969958,0.37081545064377686
377,0.8725,5.2125,0.07269814020028613,0.3776824034334764
378,0.6725,5.2075,0.07288125894134478,0.3776824034334764
379,0.85,5.20375,0.07086695278969958,0.36852646638054365
380,0.85,5.20375,0.07086695278969958,0.36852646638054365
381,0.865,5.1825,0.05731616595135909,0.2952789699570816
382,1.3125,5.15125,0.10941344778254651,0.5630901287553648
383,1.7425,5.1575,0.14521316165951362,0.7507868383404865
384,1.5875,5.145,0.13981115879828326,0.721030042918455
385,1.6125,5.12875,0.13440915593705294,0.6889842632331903
386,0.88,5.19125,0.07333905579399143,0.38226037195994284
387,0.73,5.2125,0.07562804005722461,0.3937052932761088
388,0.85,5.195,0.07086695278969958,0.36852646638054365
389,0.855,5.195,0.07123319027181689,0.37081545064377686
390,0.7375,5.21,0.07105007153075824,0.37081545064377686
391,0.715,5.19875,0.06857796852646639,0.3570815450643777
392,0.86,5.215,0.07169098712446352,0.37539341917024327
393,0.7175,5.2,0.07434620886981402,0.3868383404864092
394,0.69,5.205,0.07169098712446352,0.37081545064377686
395,0.865,5.21125,0.07205722460658083,0.37539341917024327
396,0.7775,5.19125,0.06482403433476396,0.33648068669527903
397,0.6725,5.21125,0.07251502145922747,0.3776824034334764
398,0.8775,5.2125,0.07315593705293277,0.38226037195994284
399,0.715,5.21125,0.07517024320457798,0.3891273247496424
400,0.735,5.2,0.07773390557939915,0.40515021459227474
401,0.7175,5.18125,0.05978826895565094,0.3113018597997139
402,0.755,5.1975,0.07123319027181689,0.37081545064377686
403,0.755,5.19875,0.07288125894134478,0.3776824034334764
404,0.745,5.2,0.062077253218884125,0.32274678111587984
405,0.6975,5.2125,0.05814020028612304,0.29985693848354794
406,0.7925,5.1975,0.056858369098712454,0.2952789699570816
407,0.8075,5.1975,0.0672961373390558,0.34792560801144495
408,0.7675,5.21,0.064,0.3341917024320458
409,0.8575,5.185,0.060246065808297576,0.3113018597997139
410,0.7225,5.18625,0.060246065808297576,0.3113018597997139
411,0.8225,5.2,0.06857796852646639,0.3570815450643777
412,0.8675,5.1825,0.0576824034334764,0.29985693848354794
413,0.825,5.1925,0.06876108726752504,0.3570815450643777
414,0.7125,5.18875,0.059330472103004295,0.30672389127324756
415,0.8625,5.185,0.06537339055793992,0.33648068669527903
416,0.7175,5.19375,0.05978826895565094,0.3113018597997139
417,0.905,5.2125,0.07544492131616595,0.3937052932761088
418,0.8825,5.185,0.05914735336194564,0.30672389127324756
419,0.7125,5.1975,0.059330472103004295,0.30672389127324756
420,0.6725,5.18375,0.05603433476394851,0.288412017167382
421,0.7225,5.21,0.06253505007153076,0.32732474964234626
422,0.6925,5.2,0.0576824034334764,0.29985693848354794
423,0.69,5.18125,0.057499284692417746,0.2952789699570816
424,0.845,5.18625,0.064,0.3341917024320458
425,0.87,5.21125,0.07251502145922747,0.3776824034334764
426,0.8425,5.20375,0.07022603719599428,0.3639484978540773
427,0.8175,5.19125,0.06107010014306152,0.3181688125894135
428,0.9075,5.18625,0.056492131616595144,0.2929899856938484
429,0.8375,5.2025,0.06976824034334765,0.3639484978540773
430,0.845,5.18625,0.06519027181688127,0.33648068669527903
431,0.9,5.1825,0.059605150214592284,0.30672389127324756
432,0.77,5.20375,0.06418311874105866,0.3341917024320458
433,0.9,5.18,0.05978826895565094,0.3113018597997139
434,0.68,5.215,0.069585121602289,0.3639484978540773
435,0.855,5.215,0.07123319027181689,0.37081545064377686
436,0.7325,5.1975,0.06711301859799715,0.34792560801144495
437,0.765,5.195,0.07059227467811159,0.36852646638054365
438,0.845,5.205,0.07040915593705294,0.36852646638054365
439,0.8475,5.18375,0.060246065808297576,0.3113018597997139
440,0.6725,5.21,0.07288125894134478,0.3776824034334764
441,0.84,5.21375,0.07004291845493563,0.3639484978540773
442,0.8575,5.18375,0.07141630901287555,0.2929899856938484
443,0.85,5.1825,0.05850643776824035,0.30443490701001436
444,0.8125,5.21,0.06775393419170243,0.35250357653791137
445,0.9025,5.20375,0.07517024320457798,0.3891273247496424
446,0.815,5.19875,0.06125321888412018,0.3181688125894135
447,0.895,5.2125,0.07462088698140201,0.3891273247496424
448,0.9,5.2025,0.07498712446351932,0.3891273247496424
449,0.8425,5.18875,0.05603433476394851,0.2929899856938484
450,0.7975,5.20125,0.06647210300429185,0.34563662374821175
451,0.8675,5.2125,0.07233190271816882,0.3776824034334764
452,0.7325,5.19875,0.0662889842632332,0.34563662374821175
453,0.86,5.2,0.07169098712446352,0.37081545064377686
454,0.725,5.1825,0.06042918454935623,0.3158798283261803
455,0.73,5.2075,0.06290128755364807,0.32732474964234626
456,0.68,5.1825,0.0566752503576538,0.2929899856938484
457,0.735,5.18125,0.06125321888412018,0.3181688125894135
458,0.6975,5.21375,0.06519027181688127,0.3410586552217454
459,0.7225,5.18125,0.060246065808297576,0.3113018597997139
460,0.8425,5.21125,0.07022603719599428,0.36852646638054365
461,0.9175,5.17875,0.06500715307582261,0.33648068669527903
462,0.8175,5.21,0.06812017167381974,0.3570815450643777
463,0.8925,5.21,0.07434620886981402,0.3868383404864092
464,0.7825,5.1975,0.06079542203147354,0.3158798283261803
465,0.8525,5.185,0.056492131616595144,0.2929899856938484
466,0.8325,5.2,0.06940200286123034,0.35937052932761093
467,0.8775,5.18125,0.057499284692417746,0.2952789699570816
468,0.7525,5.19625,0.06537339055793992,0.3410586552217454
469,0.87,5.20375,0.07251502145922747,0.3776824034334764
470,0.805,5.195,0.05603433476394851,0.2929899856938484
471,0.8675,5.1825,0.057499284692417746,0.2952789699570816
472,0.725,5.185,0.06042918454935623,0.3158798283261803
473,0.8625,5.185,0.05621745350500716,0.2929899856938484
474,0.705,5.20875,0.07517024320457798,0.3891273247496424
475,0.915,5.21125,0.0762689556509299,0.3982832618025752
476,0.865,5.18875,0.058964234620886985,0.30672389127324756
477,0.74,5.21,0.06793705293276109,0.35250357653791137
478,0.9375,5.20375,0.07810014306151646,0.40515021459227474
479,0.8575,5.185,0.07141630901287555,0.2929899856938484
480,0.8225,5.19375,0.056858369098712454,0.2952789699570816
481,0.6775,5.185,0.056492131616595144,0.2929899856938484
482,0.7325,5.1875,0.06107010014306152,0.3158798283261803
483,0.755,5.205,0.059971387696709594,0.3113018597997139
484,0.6725,5.19,0.05603433476394851,0.2929899856938484
485,0.7025,5.18375,0.05850643776824035,0.30443490701001436
486,0.775,5.19875,0.05814020028612304,0.30443490701001436
487,0.67,5.19125,0.055851216022889845,0.288412017167382
488,0.675,5.1825,0.05621745350500716,0.2929899856938484
489,0.8825,5.19,0.06454935622317597,0.3341917024320458
490,0.7975,5.2075,0.06647210300429185,0.34563662374821175
491,0.8775,5.21125,0.07315593705293277,0.38226037195994284
492,0.8525,5.19,0.058964234620886985,0.30672389127324756
493,0.88,5.21375,0.07333905579399143,0.38226037195994284
494,0.8575,5.2125,0.07141630901287555,0.37081545064377686
495,0.8175,5.19,0.062077253218884125,0.32274678111587984
496,0.8425,5.2125,0.07022603719599428,0.36852646638054365
497,0.845,5.21375,0.07040915593705294,0.36852646638054365
498,0.6875,5.21375,0.06940200286123034,0.35937052932761093
499,0.68,5.195,0.0566752503576538,0.2952789699570816
500,0.7075,5.2,0.058964234620886985,0.30672389127324756
501,0.68,5.20625,0.07123319027181689,0.37081545064377686
502,0.6725,5.2075,0.07333905579399143,0.38226037195994284
503,0.73,5.2125,0.06079542203147354,0.3158798283261803
504,1.0175,5.16625,0.10602575107296139,0.5470672389127326
505,0.9225,5.17875,0.060246065808297576,0.3113018597997139
506,0.76,5.20375,0.06335908440629472,0.32961373390557946
507,0.9325,5.18125,0.060246065808297576,0.3113018597997139
508,1.73,5.135,0.15079828326180258,0.7736766809728184
509,1.475,5.16375,0.12287267525035767,0.6340486409155938
510,0.7975,5.20125,0.06500715307582261,0.33648068669527903
511,0.775,5.19125,0.11774535050071532,0.6111587982832619
512,0.8225,5.215,0.06857796852646639,0.3570815450643777
513,0.675,5.21125,0.07288125894134478,0.3776824034334764
514,0.68,5.215,0.07086695278969958,0.37081545064377686
515,0.72,5.2075,0.059971387696709594,0.3113018597997139
516,0.685,5.2025,0.05704148783977111,0.3639484978540773
517,0.6875,5.20625,0.07233190271816882,0.37539341917024327
518,0.875,5.21125,0.07288125894134478,0.3776824034334764
519,0.7125,5.18875,0.059330472103004295,0.30672389127324756
520,0.85,5.1825,0.06354220314735337,0.32961373390557946
521,0.7325,5.18125,0.06107010014306152,0.3158798283261803
522,0.725,5.19375,0.06042918454935623,0.3158798283261803
523,0.8775,5.18,0.06290128755364807,0.32732474964234626
524,0.69,5.1825,0.057499284692417746,0.2952789699570816
525,0.7275,5.185,0.060612303290414886,0.3158798283261803
526,0.805,5.2,0.05850643776824035,0.30443490701001436
527,0.7075,5.18125,0.058964234620886985,0.30443490701001436
528,0.745,5.19,0.062077253218884125,0.32274678111587984
529,0.8475,5.1875,0.05603433476394851,0.2929899856938484
530,0.755,5.18625,0.06290128755364807,0.32732474964234626
531,0.8075,5.1975,0.0672961373390558,0.34792560801144495
532,0.8375,5.1825,0.05850643776824035,0.30443490701001436
533,0.8575,5.21125,0.07141630901287555,0.37081545064377686
534,0.7075,5.1875,0.058964234620886985,0.30672389127324756
535,0.8275,5.19,0.06857796852646639,0.3570815450643777
536,0.7125,5.18375,0.059330472103004295,0.30672389127324756
537,0.7925,5.2075,0.06601430615164522,0.34563662374821175
538,0.865,5.1875,0.058964234620886985,0.30672389127324756
539,0.765,5.2125,0.06372532188841203,0.3341917024320458
540,0.6775,5.18625,0.056492131616595144,0.2929899856938484
541,0.75,5.205,0.05832331902718169,0.30443490701001436
542,0.79,5.19875,0.05603433476394851,0.2929899856938484
543,0.6725,5.18625,0.05603433476394851,0.288412017167382
544,0.725,5.20875,0.06537339055793992,0.3410586552217454
545,0.7575,5.20375,0.059330472103004295,0.30672389127324756
546,0.6725,5.18875,0.05603433476394851,0.2929899856938484
547,0.6825,5.21375,0.07040915593705294,0.36852646638054365
548,0.7575,5.2025,0.059605150214592284,0.3113018597997139
549,0.88,5.19875,0.07333905579399143,0.38226037195994284
550,0.74,5.21,0.06793705293276109,0.35250357653791137
551,0.7125,5.20625,0.07608583690987125,0.3982832618025752
552,0.7975,5.18875,0.06647210300429185,0.34563662374821175
553,0.7225,5.2125,0.060246065808297576,0.3776824034334764
554,1.225,5.1875,0.09686981402002862,0.5035765379113019
555,0.7475,5.18875,0.06226037195994278,0.32274678111587984
556,0.8475,5.21,0.07059227467811159,0.36852646638054365
557,0.785,5.19125,0.06372532188841203,0.32961373390557946
558,0.885,5.20875,0.07370529327610874,0.38226037195994284
559,0.8475,5.215,0.07059227467811159,0.36852646638054365
560,0.6775,5.205,0.07233190271816882,0.37539341917024327
561,0.805,5.215,0.06711301859799715,0.34792560801144495
562,0.6925,5.2,0.0576824034334764,0.29985693848354794
563,0.6725,5.2125,0.07187410586552218,0.37539341917024327
564,0.715,5.18375,0.059605150214592284,0.30672389127324756
565,0.71,5.19,0.05914735336194564,0.30672389127324756
566,0.835,5.19375,0.07059227467811159,0.36852646638054365
567,0.755,5.1825,0.06290128755364807,0.32732474964234626
568,1.5125,5.16125,0.12607725321888413,0.6523605150214593
569,0.6725,5.2125,0.07205722460658083,0.37539341917024327
570,0.775,5.21,0.06454935622317597,0.33648068669527903
571,0.8375,5.215,0.06976824034334765,0.3639484978540773
572,0.685,5.20875,0.07315593705293277,0.38226037195994284
573,0.9425,5.20375,0.0785579399141631,0.4097281831187411
574,0.8475,5.21375,0.07059227467811159,0.36852646638054365
575,0.675,5.21375,0.07288125894134478,0.3776824034334764
576,0.7175,5.205,0.05978826895565094,0.3113018597997139
577,0.69,5.18375,0.057499284692417746,0.2952789699570816
578,1.49,5.15375,0.11582260371959945,0.5974248927038627
579,1.5525,5.15625,0.11582260371959945,0.5974248927038627
580,1.5975,5.15125,0.13312732474964237,0.6866952789699571
581,1.6975,5.135,0.14374821173104435,0.7393419170243205
582,1.62,5.1425,0.13120457796852647,0.6752503576537912
583,2.225,5.12625,0.18540772532188843,0.9499284692417741
584,1.6525,5.15125,0.13642346208869816,0.7004291845493563
585,1.9475,5.13,0.1564749642346209,0.8034334763948499
586,1.835,5.13375,0.15290414878397712,0.7828326180257512
587,2.2225,5.1,0.2131502145922747,1.0872675250357655
588,1.105,5.16,0.12268955650929901,0.6340486409155938
589,0.73,5.17875,0.06079542203147354,0.3158798283261803
590,0.8275,5.18875,0.06683834048640916,0.34563662374821175
591,0.7725,5.20375,0.07315593705293277,0.38226037195994284
592,0.905,5.21125,0.07544492131616595,0.3937052932761088
593,0.7425,5.20625,0.06189413447782547,0.32274678111587984
594,0.9325,5.1825,0.0662889842632332,0.34563662374821175
595,0.8375,5.18375,0.06976824034334765,0.35937052932761093
596,0.715,5.1825,0.059605150214592284,0.30672389127324756
597,0.8225,5.19125,0.06812017167381974,0.35250357653791137
598,0.7125,5.18375,0.059330472103004295,0.30672389127324756
599,0.8625,5.215,0.07187410586552218,0.37539341917024327
600,0.8725,5.18125,0.056492131616595144,0.2929899856938484
601,0.7325,5.1925,0.06107010014306152,0.3181688125894135
602,0.675,5.18625,0.05621745350500716,0.2929899856938484
603,0.68,5.21375,0.07086695278969958,0.37081545064377686
604,0.78,5.21,0.06500715307582261,0.33648068669527903
605,0.8575,5.20375,0.07141630901287555,0.37081545064377686
606,0.8725,5.18375,0.05878111587982833,0.30443490701001436
607,0.685,5.185,0.05704148783977111,0.2952789699570816
608,0.675,5.18375,0.05621745350500716,0.2929899856938484
609,0.87,5.185,0.06519027181688127,0.33648068669527903
610,0.765,5.17875,0.06372532188841203,0.32961373390557946
611,0.78,5.17875,0.06500715307582261,0.33648068669527903
612,0.8325,5.1875,0.06683834048640916,0.34563662374821175
613,0.7125,5.18625,0.059330472103004295,0.30672389127324756
614,0.7975,5.21375,0.06647210300429185,0.34563662374821175
615,0.8425,5.185,0.06271816881258942,0.32732474964234626
616,0.88,5.18375,0.06308440629470673,0.32732474964234626
617,0.8225,5.195,0.06857796852646639,0.3570815450643777
618,0.84,5.1875,0.06042918454935623,0.3158798283261803
619,0.845,5.18375,0.058964234620886985,0.30672389127324756
620,0.77,5.1925,0.06418311874105866,0.3341917024320458
621,0.88,5.18125,0.05978826895565094,0.3113018597997139
622,0.7925,5.19375,0.06711301859799715,0.34792560801144495
623,0.7975,5.19875,0.06647210300429185,0.34563662374821175
624,0.8825,5.18,0.06601430615164522,0.3410586552217454
625,0.8075,5.1975,0.06079542203147354,0.3158798283261803
626,0.89,5.2125,0.07416309012875537,0.3868383404864092
627,0.9175,5.18,0.06253505007153076,0.32274678111587984
628,0.76,5.2125,0.07562804005722461,0.3937052932761088
629,0.8675,5.20875,0.07233190271816882,0.37539341917024327
630,0.865,5.18375,0.07205722460658083,0.37539341917024327
631,0.8625,5.18125,0.06226037195994278,0.32274678111587984
632,0.7125,5.18,0.059330472103004295,0.30672389127324756
633,0.7825,5.1925,0.06519027181688127,0.33648068669527903
634,0.7725,5.20125,0.05795708154506438,0.29985693848354794
635,0.675,5.19625,0.05621745350500716,0.2929899856938484
636,0.68,5.1925,0.0566752503576538,0.2929899856938484
637,0.6925,5.2075,0.0769098712446352,0.4005722460658083
638,0.88,5.2125,0.07333905579399143,0.38226037195994284
639,0.835,5.21,0.069585121602289,0.3639484978540773
640,0.7775,5.2025,0.06354220314735337,0.32961373390557946
641,0.915,5.205,0.0762689556509299,0.3982832618025752
642,0.7925,5.1825,0.06601430615164522,0.3410586552217454
643,0.755,5.21,0.06812017167381974,0.3570815450643777
644,0.8725,5.2125,0.07269814020028613,0.3776824034334764
645,0.8325,5.215,0.06940200286123034,0.3639484978540773
646,0.7,5.2025,0.07251502145922747,0.3776824034334764
647,0.8425,5.2125,0.07022603719599428,0.36852646638054365
648,0.8475,5.21125,0.07059227467811159,0.36852646638054365
649,0.7825,5.19125,0.06976824034334765,0.3639484978540773
650,0.8525,5.205,0.07105007153075824,0.37081545064377686
651,0.835,5.215,0.069585121602289,0.3639484978540773
652,0.725,5.19875,0.07086695278969958,0.36852646638054365
653,0.8475,5.185,0.06372532188841203,0.32961373390557946
654,0.9225,5.21,0.0769098712446352,0.4005722460658083
655,0.9,5.18125,0.06107010014306152,0.3158798283261803
656,0.72,5.2125,0.07352217453505008,0.38226037195994284
657,0.9025,5.21,0.07517024320457798,0.3891273247496424
658,0.815,5.205,0.07498712446351932,0.3891273247496424
659,0.7275,5.19875,0.06976824034334765,0.3639484978540773
660,0.865,5.21375,0.07205722460658083,0.37539341917024327
661,0.8125,5.1875,0.06143633762517883,0.3181688125894135
662,0.7725,5.2,0.05832331902718169,0.30443490701001436
663,0.6925,5.19625,0.0576824034334764,0.29985693848354794
664,0.7025,5.20625,0.07462088698140201,0.3891273247496424
665,0.7075,5.205,0.07187410586552218,0.37539341917024327
666,0.8675,5.21375,0.07233190271816882,0.3776824034334764
667,0.7825,5.1925,0.06519027181688127,0.3410586552217454
668,0.79,5.1925,0.06454935622317597,0.3341917024320458
669,0.7175,5.1875,0.05978826895565094,0.3113018597997139
670,0.755,5.2025,0.06290128755364807,0.32732474964234626
671,0.8925,5.18,0.06335908440629472,0.32961373390557946
672,0.765,5.2,0.06372532188841203,0.32961373390557946
673,0.9025,5.20375,0.07517024320457798,0.3891273247496424
674,0.835,5.18875,0.059330472103004295,0.30672389127324756
675,0.6875,5.17875,0.05731616595135909,0.2952789699570816
676,0.685,5.18375,0.05704148783977111,0.2952789699570816
677,0.675,5.2125,0.07187410586552218,0.37539341917024327
678,0.825,5.215,0.06876108726752504,0.35937052932761093
679,0.8875,5.20875,0.07397997138769671,0.3868383404864092
680,0.9,5.1775,0.05795708154506438,0.29985693848354794
681,0.6925,5.1825,0.0576824034334764,0.29985693848354794
682,0.8575,5.20625,0.07141630901287555,0.37081545064377686
683,0.8425,5.1875,0.05539341917024321,0.288412017167382
684,0.89,5.2125,0.07416309012875537,0.3868383404864092
685,0.925,5.20625,0.07709298998569386,0.4005722460658083
686,0.7425,5.21,0.07434620886981402,0.3868383404864092
687,0.92,5.20375,0.07663519313304722,0.3982832618025752
688,1.525,5.1725,0.12708440629470674,0.6569384835479257
689,0.695,5.205,0.07288125894134478,0.3776824034334764
690,0.675,5.2075,0.07141630901287555,0.37081545064377686
691,0.87,5.205,0.07251502145922747,0.3776824034334764
692,1.4725,5.14625,0.09586266094420602,0.49442060085836914
693,1.5425,5.1175,0.17524463519313307,0.8972818311874107
694,2.0725,5.12125,0.17268097281831188,0.8858369098712447
695,1.225,5.17375,0.1216824034334764,0.6294706723891274
696,0.86,5.18875,0.07315593705293277,0.3776824034334764
697,0.8725,5.21375,0.07269814020028613,0.3776824034334764
698,0.8725,5.1825,0.064,0.32961373390557946
699,0.8975,5.1825,0.06454935622317597,0.3341917024320458
700,0.7975,5.20875,0.06647210300429185,0.34563662374821175
701,0.845,5.1925,0.05978826895565094,0.3113018597997139
702,0.7475,5.21,0.07608583690987125,0.3982832618025752
703,0.7175,5.1825,0.05978826895565094,0.3113018597997139
704,0.675,5.21125,0.05621745350500716,0.2929899856938484
705,0.67,5.21125,0.07397997138769671,0.3868383404864092
706,0.8725,5.21125,0.07269814020028613,0.3776824034334764
707,0.84,5.215,0.07004291845493563,0.3639484978540773
708,0.68,5.20625,0.07141630901287555,0.37081545064377686
709,0.795,5.19625,0.0662889842632332,0.34563662374821175
710,0.8275,5.2,0.0689442060085837,0.35937052932761093
711,0.705,5.21125,0.06482403433476396,0.33648068669527903
712,0.685,5.19625,0.05704148783977111,0.2952789699570816
713,0.705,5.1825,0.05878111587982833,0.30443490701001436
714,0.7575,5.19625,0.07233190271816882,0.37539341917024327
715,0.7275,5.17875,0.060612303290414886,0.3158798283261803
716,0.7275,5.195,0.060612303290414886,0.3158798283261803
717,0.875,5.18375,0.07169098712446352,0.37081545064377686
718,0.715,5.19125,0.059605150214592284,0.3113018597997139
719,0.765,5.2125,0.06372532188841203,0.3341917024320458
720,0.675,5.21375,0.07233190271816882,0.3776824034334764
721,0.715,5.2025,0.059605150214592284,0.3113018597997139
722,0.6975,5.20125,0.05814020028612304,0.30443490701001436
723,0.69,5.215,0.0683032904148784,0.3570815450643777
724,0.72,5.2075,0.059971387696709594,0.3113018597997139
725,0.7025,5.20125,0.05850643776824035,0.30443490701001436
726,0.685,5.215,0.06940200286123034,0.3639484978540773
727,0.71,5.21125,0.06290128755364807,0.32732474964234626
728,0.705,5.1825,0.05878111587982833,0.30443490701001436
729,0.895,5.18125,0.059330472103004295,0.30672389127324756
730,0.7575,5.2075,0.06857796852646639,0.3570815450643777
731,0.9325,5.205,0.07773390557939915,0.40515021459227474
732,0.765,5.205,0.06436623748211731,0.3341917024320458
733,0.7075,5.20875,0.07608583690987125,0.3982832618025752
734,0.8275,5.2,0.0689442060085837,0.35937052932761093
735,0.8325,5.19375,0.05603433476394851,0.2929899856938484
736,0.8575,5.18375,0.05621745350500716,0.2929899856938484
737,0.8175,5.19875,0.06812017167381974,0.35250357653791137
738,0.785,5.2,0.0576824034334764,0.29985693848354794
739,0.735,5.205,0.059605150214592284,0.3113018597997139
740,0.6725,5.19,0.05603433476394851,0.2929899856938484
741,0.69,5.21375,0.057499284692417746,0.3639484978540773
742,0.695,5.21375,0.0672961373390558,0.35250357653791137
743,0.7975,5.21375,0.06647210300429185,0.34563662374821175
744,0.865,5.19125,0.07205722460658083,0.37539341917024327
745,0.7225,5.2125,0.07370529327610874,0.38226037195994284
746,0.865,5.1975,0.07205722460658083,0.37539341917024327
747,0.7475,5.18125,0.06226037195994278,0.32274678111587984
748,0.7325,5.21125,0.07086695278969958,0.36852646638054365
749,0.865,5.21125,0.07205722460658083,0.37539341917024327
750,0.8725,5.21125,0.07269814020028613,0.3776824034334764
751,0.7475,5.195,0.0662889842632332,0.34563662374821175
752,0.84,5.2025,0.07004291845493563,0.3639484978540773
753,0.8675,5.21,0.07233190271816882,0.37539341917024327
754,0.785,5.195,0.06519027181688127,0.33648068669527903
755,0.695,5.2,0.05795708154506438,0.29985693848354794
756,0.675,5.185,0.05621745350500716,0.2929899856938484
757,0.7025,5.2125,0.07251502145922747,0.3776824034334764
758,0.7325,5.20625,0.06107010014306152,0.3181688125894135
759,0.9075,5.20625,0.07562804005722461,0.3937052932761088
760,0.8075,5.1975,0.059971387696709594,0.3113018597997139
761,0.9,5.20875,0.07498712446351932,0.3891273247496424
762,0.875,5.2,0.07288125894134478,0.3776824034334764
763,0.915,5.17875,0.06482403433476396,0.33648068669527903
764,0.6775,5.1975,0.056492131616595144,0.2929899856938484
765,0.79,5.19625,0.06583118741058656,0.3410586552217454
766,0.82,5.19125,0.055851216022889845,0.288412017167382
767,0.87,5.18125,0.05731616595135909,0.2952789699570816
768,0.805,5.1975,0.06711301859799715,0.34792560801144495
769,0.7725,5.20125,0.0576824034334764,0.29985693848354794
770,0.8175,5.19125,0.05566809728183119,0.288412017167382
771,0.6975,5.1825,0.05814020028612304,0.29985693848354794
772,0.805,5.1925,0.056492131616595144,0.2929899856938484
773,0.84,5.1875,0.06372532188841203,0.32961373390557946
774,0.715,5.19125,0.059605150214592284,0.3113018597997139
775,0.715,5.20875,0.07562804005722461,0.3937052932761088
776,0.7275,5.20375,0.07480400572246067,0.3891273247496424
777,0.77,5.18375,0.06418311874105866,0.3341917024320458
778,0.7475,5.19875,0.06226037195994278,0.3776824034334764
779,0.815,5.1875,0.06335908440629472,0.32961373390557946
780,0.875,5.20875,0.07288125894134478,0.3776824034334764
781,0.8725,5.2075,0.07269814020028613,0.3776824034334764
782,1.2625,5.1725,0.11582260371959945,0.5997138769670959
783,0.8475,5.19125,0.07059227467811159,0.36852646638054365
784,0.805,5.2075,0.06711301859799715,0.34792560801144495
785,1.61,5.145,0.14274105865522177,0.7347639484978541
786,0.7375,5.19875,0.06143633762517883,0.3181688125894135
787,0.89,5.2125,0.07416309012875537,0.3868383404864092
788,0.8575,5.1825,0.05814020028612304,0.29985693848354794
789,0.74,5.18125,0.061711015736766815,0.3181688125894135
790,0.71,5.18625,0.05914735336194564,0.30672389127324756
791,0.8875,5.18375,0.06372532188841203,0.32961373390557946
792,0.71,5.18625,0.05914735336194564,0.30672389127324756
793,0.73,5.195,0.06079542203147354,0.3158798283261803
794,0.7925,5.19125,0.06290128755364807,0.32732474964234626
795,0.85,5.20375,0.07086695278969958,0.36852646638054365
796,0.79,5.19625,0.06583118741058656,0.3410586552217454
797,0.82,5.19125,0.05603433476394851,0.2929899856938484
798,0.6675,5.19,0.05566809728183119,0.288412017167382
799,0.725,5.18625,0.06042918454935623,0.3158798283261803
800,0.83,5.1875,0.055851216022889845,0.288412017167382
801,0.6775,5.18625,0.056492131616595144,0.2929899856938484
802,0.6875,5.19375,0.05731616595135909,0.2952789699570816
803,0.6725,5.21125,0.07141630901287555,0.37081545064377686
804,0.925,5.18,0.06143633762517883,0.3181688125894135
805,0.9,5.20375,0.07498712446351932,0.3891273247496424
806,0.715,5.2125,0.07352217453505008,0.38226037195994284
807,0.7375,5.2,0.07315593705293277,0.3776824034334764
808,0.8525,5.1975,0.07105007153075824,0.36852646638054365
809,0.74,5.205,0.06747925608011446,0.35250357653791137
810,0.83,5.19,0.05566809728183119,0.288412017167382
811,0.7825,5.195,0.06519027181688127,0.33648068669527903
812,0.8025,5.19625,0.05621745350500716,0.2929899856938484
813,0.865,5.18125,0.06189413447782547,0.32274678111587984
814,0.86,5.20875,0.07169098712446352,0.37539341917024327
815,0.7975,5.1875,0.06647210300429185,0.32274678111587984
816,0.84,5.18625,0.06454935622317597,0.3341917024320458
817,0.82,5.2,0.0683032904148784,0.3570815450643777
818,0.87,5.21375,0.07251502145922747,0.3776824034334764
819,0.8175,5.1975,0.06583118741058656,0.3410586552217454
820,0.8875,5.2025,0.07397997138769671,0.3868383404864092
821,0.8025,5.18875,0.06683834048640916,0.34563662374821175
822,0.715,5.2125,0.07397997138769671,0.3868383404864092
823,0.8925,5.20125,0.07434620886981402,0.3868383404864092
824,0.8375,5.1975,0.06976824034334765,0.3639484978540773
825,0.78,5.19875,0.05704148783977111,0.2952789699570816
826,0.6925,5.1825,0.0576824034334764,0.29985693848354794
827,0.8525,5.205,0.07105007153075824,0.37081545064377686
828,0.8225,5.18625,0.059605150214592284,0.30672389127324756
829,0.88,5.21375,0.07333905579399143,0.38226037195994284
830,0.8575,5.215,0.07141630901287555,0.37081545064377686
831,0.745,5.19875,0.06747925608011446,0.35250357653791137
832,0.8675,5.20625,0.07233190271816882,0.37539341917024327
833,0.7625,5.21,0.06354220314735337,0.32961373390557946
834,0.9,5.18375,0.059605150214592284,0.30672389127324756
835,0.7525,5.20125,0.06271816881258942,0.32732474964234626
836,0.815,5.20875,0.06793705293276109,0.35250357653791137
837,0.9075,5.18,0.06519027181688127,0.33648068669527903
838,0.82,5.21,0.0683032904148784,0.3570815450643777
839,0.85,5.19125,0.07086695278969958,0.36852646638054365
840,0.87,5.1825,0.056858369098712454,0.2952789699570816
841,0.7925,5.19,0.06253505007153076,0.32732474964234626
842,0.785,5.195,0.06537339055793992,0.3410586552217454
843,0.86,5.18375,0.05832331902718169,0.30443490701001436
844,0.81,5.19375,0.058964234620886985,0.30672389127324756
845,0.715,5.18375,0.059605150214592284,0.30672389127324756
846,0.8525,5.18625,0.05621745350500716,0.2929899856938484
847,0.8225,5.1875,0.06107010014306152,0.3158798283261803
848,0.87,5.21,0.07251502145922747,0.3776824034334764
849,0.7275,5.21125,0.07745922746781117,0.40515021459227474
850,0.8825,5.1825,0.06271816881258942,0.32732474964234626
851,0.7225,5.18,0.060246065808297576,0.3113018597997139
852,0.725,5.21125,0.07562804005722461,0.3937052932761088
853,0.7175,5.2075,0.07498712446351932,0.3891273247496424
854,0.88,5.2125,0.07333905579399143,0.38226037195994284
855,0.8075,5.19875,0.0672961373390558,0.34792560801144495
856,0.81,5.19625,0.056492131616595144,0.2929899856938484
857,0.6875,5.2,0.05731616595135909,0.2952789699570816
858,0.685,5.1825,0.05704148783977111,0.2952789699570816
859,0.7025,5.21,0.07498712446351932,0.3891273247496424
860,0.705,5.18375,0.05878111587982833,0.30443490701001436
861,0.7725,5.1925,0.06436623748211731,0.3341917024320458
862,0.865,5.1825,0.05832331902718169,0.30443490701001436
863,0.8375,5.20375,0.06976824034334765,0.3639484978540773
864,0.73,5.1975,0.06079542203147354,0.3158798283261803
865,0.8825,5.18375,0.058964234620886985,0.30672389127324756
866,0.795,5.2075,0.0662889842632332,0.34563662374821175
867,0.91,5.20625,0.07581115879828328,0.3937052932761088
868,0.7575,5.205,0.06335908440629472,0.32961373390557946
869,0.86,5.20625,0.07169098712446352,0.37539341917024327
870,0.825,5.215,0.06876108726752504,0.35937052932761093
871,0.705,5.20125,0.07123319027181689,0.37081545064377686
872,0.85,5.21125,0.07086695278969958,0.36852646638054365
873,0.755,5.21125,0.06290128755364807,0.32732474964234626
874,0.7525,5.19875,0.07517024320457798,0.3891273247496424
875,0.8325,5.21375,0.06940200286123034,0.35937052932761093
876,0.69,5.2,0.057499284692417746,0.29985693848354794
877,0.685,5.21375,0.06793705293276109,0.35250357653791137
878,0.8275,5.19125,0.05566809728183119,0.288412017167382
879,0.8625,5.21125,0.07187410586552218,0.37539341917024327
880,0.9075,5.17875,0.061711015736766815,0.3181688125894135
881,0.72,5.21125,0.07288125894134478,0.3776824034334764
882,0.7125,5.18375,0.059330472103004295,0.30672389127324756
883,0.9025,5.17875,0.060246065808297576,0.3113018597997139
884,0.79,5.1975,0.05878111587982833,0.30443490701001436
885,0.6925,5.1825,0.0576824034334764,0.29985693848354794
886,0.8,5.195,0.0566752503576538,0.2952789699570816
887,0.8375,5.1875,0.05603433476394851,0.2929899856938484
888,0.76,5.18875,0.06335908440629472,0.32961373390557946
889,0.81,5.19125,0.06454935622317597,0.3341917024320458
890,0.715,5.2,0.07004291845493563,0.3639484978540773
891,0.7125,5.1825,0.059330472103004295,0.30672389127324756
892,0.755,5.205,0.06290128755364807,0.32732474964234626
893,0.875,5.18125,0.05814020028612304,0.29985693848354794
894,0.845,5.21,0.07040915593705294,0.36852646638054365
895,0.9175,5.2125,0.07645207439198856,0.3982832618025752
896,0.77,5.205,0.06335908440629472,0.32961373390557946
897,0.865,5.2125,0.07205722460658083,0.37539341917024327
898,0.8475,5.195,0.07059227467811159,0.36852646638054365
899,0.715,5.21125,0.06253505007153076,0.32732474964234626
900,0.6675,5.1925,0.05566809728183119,0.288412017167382
901,0.6775,5.1825,0.056492131616595144,0.2929899856938484
902,0.755,5.20375,0.05914735336194564,0.30672389127324756
903,0.675,5.185,0.05621745350500716,0.2929899856938484
904,0.7625,5.1875,0.06354220314735337,0.32961373390557946
905,0.6975,5.21,0.07416309012875537,0.3868383404864092
906,1.4925,5.1375,0.1243376251788269,0.6386266094420602
907,2.35,5.105,0.19584549356223177,1.0002861230329043
908,1.6,5.145,0.14017739628040057,0.721030042918455
909,0.7225,5.1825,0.060246065808297576,0.3113018597997139
910,0.7375,5.18,0.06143633762517883,0.3181688125894135
911,0.7175,5.21125,0.07480400572246067,0.3891273247496424
912,0.8875,5.2,0.07397997138769671,0.3868383404864092
913,0.73,5.18,0.06079542203147354,0.3158798283261803
914,0.67,5.21125,0.07269814020028613,0.3776824034334764
915,0.675,5.2125,0.07251502145922747,0.3776824034334764
916,0.765,5.21125,0.06372532188841203,0.3341917024320458
917,0.685,5.215,0.06940200286123034,0.3639484978540773
918,0.715,5.21125,0.06226037195994278,0.32732474964234626
919,0.6925,5.19625,0.0576824034334764,0.29985693848354794
920,0.805,5.195,0.05621745350500716,0.2929899856938484
921,0.8725,5.18375,0.056492131616595144,0.2929899856938484
922,0.7125,5.185,0.059330472103004295,0.30672389127324756
923,0.79,5.1975,0.056492131616595144,0.2929899856938484
924,0.72,5.205,0.07416309012875537,0.3868383404864092
925,0.8875,5.20125,0.07397997138769671,0.3868383404864092
926,0.72,5.2125,0.07352217453505008,0.38226037195994284
927,0.7125,5.205,0.07608583690987125,0.3982832618025752
928,0.8325,5.1925,0.06940200286123034,0.35937052932761093
929,0.675,5.2125,0.05621745350500716,0.2929899856938484
930,0.695,5.2125,0.06601430615164522,0.34563662374821175
931,0.6725,5.18625,0.05603433476394851,0.288412017167382
932,0.7125,5.185,0.059330472103004295,0.30672389127324756
933,0.765,5.20375,0.06564806866952791,0.3410586552217454
934,0.7725,5.21375,0.06436623748211731,0.3341917024320458
935,0.675,5.1825,0.05621745350500716,0.2929899856938484
936,0.6875,5.215,0.06857796852646639,0.3570815450643777
937,0.7475,5.21,0.06226037195994278,0.32274678111587984
938,0.75,5.20875,0.06253505007153076,0.32732474964234626
939,0.83,5.1975,0.06079542203147354,0.3158798283261803
940,0.9,5.2125,0.07498712446351932,0.3891273247496424
941,0.9075,5.205,0.07562804005722461,0.3937052932761088
942,0.815,5.205,0.07141630901287555,0.37081545064377686
943,0.7725,5.18375,0.06436623748211731,0.3341917024320458
944,0.7,5.2,0.05832331902718169,0.30443490701001436
945,0.68,5.21375,0.07581115879828328,0.3937052932761088
946,0.755,5.21,0.06290128755364807,0.32732474964234626
947,0.755,5.21,0.06290128755364807,0.32732474964234626
948,0.74,5.1975,0.07251502145922747,0.37539341917024327
949,0.8325,5.2025,0.06940200286123034,0.35937052932761093
950,0.725,5.185,0.06042918454935623,0.3158798283261803
951,0.875,5.18375,0.05603433476394851,0.288412017167382
952,0.7,5.2025,0.069585121602289,0.3639484978540773
953,1.7775,5.16625,0.1481430615164521,0.7645207439198857
954,0.855,5.1925,0.06335908440629472,0.32961373390557946
955,1.2475,5.17125,0.11170243204577969,0.576824034334764
956,1.495,5.13375,0.1246123032904149,0.6409155937052933
957,1.535,5.15375,0.1362403433476395,0.7004291845493563
958,1.5025,5.15375,0.12250643776824036,0.6294706723891274
959,1.6625,5.14375,0.1385293276108727,0.7118741058655222
960,1.7175,5.1375,0.1435650929899857,0.7393419170243205
961,1.55,5.15,0.11747067238912734,0.6042918454935623
962,2.1,5.14125,0.17496995708154509,0.8995708154506439
963,1.38,5.16375,0.13541630901287555,0.6981402002861231
964,1.615,5.14,0.11921030042918457,0.6111587982832619
965,1.4275,5.14,0.11893562231759658,0.6111587982832619
966,1.8475,5.13375,0.15400286123032905,0.7942775393419171
967,1.57,5.15125,0.12790844062947068,0.6592274678111589
968,1.6475,5.14,0.1372474964234621,0.7050071530758227
969,1.3925,5.13875,0.1160057224606581,0.5974248927038627
970,1.705,5.11375,0.20271244635193136,1.034620886981402
971,1.7125,5.1375,0.14274105865522177,0.7347639484978541
972,3.06,5.05875,0.2549928469241774,1.2909871244635194
973,3.9475,4.995,0.330620886981402,1.6503576537911304
974,3.9125,4.99375,0.32604291845493566,1.6274678111587986
975,4.165,4.9775,0.347101573676681,1.7281831187410588
976,4.4875,4.9625,0.36477253218884126,1.8105865522174538
977,4.9725,4.92125,0.4143977110157368,2.0394849785407727
978,5.14,4.92375,0.42831473533619463,2.1081545064377685
979,4.18,4.9825,0.34664377682403436,1.7281831187410588
980,4.21,4.97875,0.35085550786838343,1.7487839771101577
981,4.2375,4.97875,0.35314449213161664,1.7579399141630905
982,4.21,4.98,0.3503977110157368,1.7442060085836912
983,4.205,4.9775,0.3503977110157368,1.7442060085836912
984,4.235,4.97625,0.352961373390558,1.755650929899857
985,4.26,4.9725,0.3493905579399142,1.7373390557939916
986,4.205,4.9775,0.3503977110157368,1.7442060085836912
987,4.23,4.9775,0.3525035765379113,1.755650929899857
988,4.2975,4.975,0.35497567954220316,1.767095851216023
989,4.2875,4.97625,0.3547925608011445,1.767095851216023
990,4.235,4.97875,0.352961373390558,1.7579399141630905
991,4.2725,4.97625,0.35314449213161664,1.7579399141630905
992,4.25,4.97625,0.3564406294706724,1.7739628040057225
993,4.2775,4.975,0.3564406294706724,1.7739628040057225
994,4.2375,4.97875,0.3503977110157368,1.7442060085836912
995,4.2825,4.97625,0.3564406294706724,1.7739628040057225
996,4.2725,4.975,0.3560743919885551,1.769384835479256
997,4.25,4.9775,0.3474678111587983,1.7281831187410588
998,4.2825,4.975,0.35525035765379115,1.767095851216023
999,4.3225,4.97625,0.36019456366237484,1.792274678111588
1000,4.2875,4.9775,0.3546094420600859,1.767095851216023
1001,4.275,4.9775,0.35497567954220316,1.767095851216023
1002,4.2775,4.97625,0.3564406294706724,1.7739628040057225
1003,4.285,4.9775,0.3570815450643777,1.7579399141630905
1004,4.2475,4.97875,0.35232045779685267,1.755650929899857
1005,4.2325,4.9775,0.35268669527897,1.755650929899857
1006,4.3225,4.9775,0.36019456366237484,1.792274678111588
1007,4.26,4.97625,0.3546094420600859,1.767095851216023
1008,4.235,4.9775,0.352961373390558,1.755650929899857
1009,4.26,4.97625,0.35497567954220316,1.767095851216023
1010,4.28,4.97375,0.3539685264663806,1.7579399141630905
1011,4.25,4.97625,0.35415164520743925,1.7625178826895567
1012,4.2625,4.9775,0.35525035765379115,1.769384835479256
1013,4.305,4.9725,0.35497567954220316,1.767095851216023
1014,4.225,4.975,0.3520457796852647,1.7510729613733906
1015,4.2675,4.97875,0.3556165951359085,1.769384835479256
1016,4.27,4.97625,0.3537854077253219,1.7579399141630905
1017,4.2,4.9775,0.3500314735336195,1.7442060085836912
1018,4.26,4.97625,0.35497567954220316,1.767095851216023
1019,4.26,4.9775,0.35415164520743925,1.7625178826895567
1020,4.2125,4.97625,0.3510386266094421,1.7487839771101577
1021,4.315,4.9775,0.3595536480686696,1.789985693848355
1022,4.2975,4.975,0.35314449213161664,1.755650929899857
1023,4.2725,4.97625,0.3560743919885551,1.769384835479256
1024,4.23,4.97625,0.3525035765379113,1.755650929899857
1025,4.2675,4.97625,0.3535107296137339,1.7579399141630905
1026,4.2575,4.9775,0.3547925608011445,1.767095851216023
1027,4.21,4.9725,0.35085550786838343,1.7442060085836912
1028,4.26,4.975,0.3618426323319028,1.7991416309012878
1029,4.295,4.975,0.3525035765379113,1.755650929899857
1030,4.3275,4.975,0.3606523605150215,1.792274678111588
1031,4.26,4.975,0.3568984263233191,1.7739628040057225
1032,4.2725,4.97625,0.3547925608011445,1.767095851216023
1033,4.1425,4.98625,0.3451788268955651,1.7213161659513594
1034,4.13,4.98375,0.34398855507868387,1.7144492131616598
1035,4.155,4.9825,0.34353075822603724,1.7098712446351934
1036,4.1275,4.98125,0.34398855507868387,1.7144492131616598
1037,4.0225,4.99125,0.3316280400572246,1.6549356223175968
1038,4.0125,4.995,0.3301630901287554,1.6503576537911304
1039,3.9975,4.99375,0.33309298998569387,1.6640915593705297
1040,3.9675,4.995,0.330620886981402,1.6389127324749644
1041,3.995,4.99375,0.3285150214592275,1.6389127324749644
1042,4.0175,4.99125,0.3348326180257511,1.6732474964234623
1043,3.8425,5.00125,0.3201831187410587,1.6022889842632333
1044,3.85,5.00375,0.31871816881258946,1.5931330472103007
1045,3.86,5.00125,0.32164806866952794,1.6091559370529327
1046,3.87,5.0025,0.32247210300429185,1.613733905579399
1047,3.8725,5.00125,0.3221058655221746,1.613733905579399
1048,3.86,5.00125,0.32164806866952794,1.6091559370529327
1049,3.8975,5,0.32476108726752506,1.6228898426323322
1050,3.84,5.0025,0.32292989985693854,1.6160228898426325
1051,3.845,5.00125,0.3204577968526467,1.6022889842632333
1052,3.8625,4.99875,0.3218311874105866,1.6091559370529327
1053,3.88,5.0025,0.3201831187410587,1.6022889842632333
1054,3.865,5.00125,0.3221058655221746,1.613733905579399
1055,4.0525,4.9825,0.3376709585121603,1.684692417739628
1056,3.9175,5.0025,0.3210071530758226,1.6045779685264665
1057,3.92,5.00125,0.32668383404864093,1.634334763948498
1058,3.87,5.00125,0.32247210300429185,1.613733905579399
1059,3.8525,5.0025,0.3191759656652361,1.597711015736767
1060,3.8025,5.0025,0.3168869814020029,1.5862660944206008
1061,3.87,5.0025,0.32247210300429185,1.613733905579399
1062,3.865,5.00125,0.3201831187410587,1.6022889842632333
1063,3.8525,5.00375,0.3210071530758226,1.6045779685264665
1064,3.885,5.00125,0.32375393419170245,1.620600858369099
1065,3.85,5.00125,0.3201831187410587,1.6022889842632333
1066,3.84,5.00125,0.3195422031473534,1.597711015736767
1067,3.895,5.00375,0.3245779685264664,1.6228898426323322
1068,3.8475,5.00375,0.31899284692417745,1.597711015736767
1069,3.8575,5.005,0.3162460658082976,1.5816881258941344
1070,3.81,5.0025,0.3175278969957082,1.5908440629470673
1071,3.9175,5.0025,0.31771101573676686,1.5908440629470673
1072,3.84,5.005,0.32274678111587984,1.6160228898426325
1073,3.8425,5.00375,0.3201831187410587,1.6022889842632333
1074,3.8825,5.005,0.31853505007153077,1.5931330472103007
1075,3.88,5.00375,0.3183519313304721,1.5931330472103007
1076,3.815,5.00625,0.3178941344778255,1.5908440629470673
1077,3.865,5.0025,0.3181688125894135,1.5908440629470673
1078,3.9175,5.0025,0.3195422031473534,1.597711015736767
1079,3.9125,5.00375,0.32604291845493566,1.632045779685265
1080,3.815,5.00625,0.3178941344778255,1.5908440629470673
1081,3.845,5.00375,0.31670386266094425,1.5862660944206008
1082,4.3875,4.97375,0.36559656652360517,1.8197424892703866
1083,4.5775,4.94125,0.38143633762517887,1.8861230329041487
1084,4.725,4.9725,0.3600114449213162,1.789985693848355
1085,3.8475,5.00125,0.32064091559370533,1.6045779685264665
1086,4.3875,4.98125,0.36559656652360517,1.8220314735336196
1087,5.195,4.9425,0.3706323319027182,1.8311874105865524
1088,4.3725,4.9425,0.3644062947067239,1.7991416309012878
1089,3.79,5.005,0.315788268955651,1.5793991416309014
1090,3.8375,5.00375,0.31853505007153077,1.5931330472103007
1091,3.8775,5.0025,0.3231130185979972,1.6160228898426325
1092,3.84,5.005,0.32,1.6022889842632333
1093,3.89,5.00125,0.3214649499284693,1.6091559370529327
1094,3.885,5.00125,0.32375393419170245,1.620600858369099
1095,3.82,5.00375,0.3183519313304721,1.5931330472103007
1096,3.8075,5.0075,0.31414020028612305,1.5725321888412018
1097,3.8525,5.00125,0.3210071530758226,1.6045779685264665
1098,3.885,5.00375,0.32375393419170245,1.620600858369099
1099,3.815,5.00625,0.3139570815450644,1.5725321888412018
1100,3.815,5.00375,0.3178941344778255,1.5908440629470673
1101,3.88,4.9975,0.3232961373390558,1.6160228898426325
1102,3.89,4.99875,0.3212818311874106,1.6045779685264665
1103,3.865,5.00125,0.32274678111587984,1.613733905579399
1104,3.8375,5.005,0.31981688125894137,1.6022889842632333
1105,3.8375,5.00375,0.3181688125894135,1.5931330472103007
1106,3.845,5.005,0.32247210300429185,1.613733905579399
1107,3.8675,5.00125,0.3222889842632332,1.613733905579399
1108,3.8775,5.0025,0.3204577968526467,1.6022889842632333
1109,3.8925,4.9975,0.3201831187410587,1.6022889842632333
1110,3.845,5.00375,0.3204577968526467,1.6045779685264665
1111,3.895,4.99875,0.3214649499284693,1.6045779685264665
1112,3.88,5.00125,0.32,1.6022889842632333
1113,3.855,5.00125,0.3212818311874106,1.6045779685264665
1114,3.8525,5.0025,0.3195422031473534,1.597711015736767
1115,3.825,5.005,0.31707010014306153,1.5862660944206008
1116,3.84,4.99875,0.32,1.6022889842632333
1117,3.8925,5.00125,0.3243948497854078,1.6228898426323322
1118,3.885,5.00125,0.3201831187410587,1.6022889842632333
1119,3.8425,5.00625,0.3201831187410587,1.6022889842632333
1120,3.81,5.005,0.3175278969957082,1.5908440629470673
1121,3.88,5,0.3201831187410587,1.6022889842632333
1122,3.8775,5,0.3231130185979972,1.6160228898426325
1123,3.885,4.995,0.32375393419170245,1.6160228898426325
1124,3.8625,4.99875,0.3268669527896996,1.634334763948498
1125,3.8575,5,0.3214649499284693,1.6091559370529327
1126,3.8225,5.005,0.31853505007153077,1.5931330472103007
1127,3.885,5.00375,0.31899284692417745,1.597711015736767
1128,3.8425,5,0.3201831187410587,1.6022889842632333
1129,3.84,5.0025,0.32,1.6022889842632333
1130,3.9025,5.00375,0.3172532188841202,1.5862660944206008
1131,3.9325,5,0.32769098712446354,1.6389127324749644
1132,3.84,5.0025,0.32,1.6022889842632333
1133,3.8825,5.0025,0.3210071530758226,1.6045779685264665
1134,1.4925,5.1575,0.1243376251788269,0.6409155937052933
1135,1.3525,5.17625,0.1127095851216023,0.5859799713876968
1136,1.2575,5.17125,0.12351359084406296,0.6386266094420602
1137,1.305,5.16125,0.10877253218884121,0.5630901287553648
1138,1.32,5.1475,0.10996280400572248,0.5653791130185981
1139,1.45,5.1475,0.1133505007153076,0.5859799713876968
1140,1.32,5.16625,0.11289270386266095,0.5859799713876968
1141,1.315,5.17125,0.10959656652360517,0.5653791130185981
1142,1.15,5.1825,0.10419456366237483,0.540200286123033
1143,1.3275,5.15375,0.10419456366237483,0.5356223175965666
1144,1.68,5.15375,0.13999427753934193,0.721030042918455
1145,1.68,5.13,0.13147925608011446,0.6752503576537912
1146,1.6425,5.14125,0.14246638054363378,0.7301859799713878
1147,2.41,5.07625,0.20078969957081547,1.020886981402003
1148,1.6475,5.145,0.14521316165951362,0.7462088698140201
1149,1.6575,5.145,0.15372818311874106,0.7919885550786839
1150,1.6625,5.1425,0.1385293276108727,0.7118741058655222
1151,1.7225,5.13625,0.15107296137339057,0.7759656652360516
1152,1.3525,5.1525,0.1239713876967096,0.6386266094420602
1153,1.405,5.175,0.11710443490701003,0.6065808297567954
1154,1.165,5.18,0.09705293276108727,0.4989985693848355
1155,1.16,5.18,0.10272961373390559,0.5333333333333334
1156,1.2425,5.1575,0.10355364806866954,0.5333333333333334
1157,1.175,5.17375,0.09787696709585123,0.5058655221745351
1158,1.35,5.15125,0.10126466380543635,0.5218884120171675
1159,1.34,5.18375,0.11170243204577969,0.576824034334764
1160,1.1975,5.15125,0.09979971387696711,0.5127324749642347
1161,1.235,5.1675,0.10767381974248928,0.5539341917024321
1162,1.15,5.16375,0.09586266094420602,0.49442060085836914
1163,1.36,5.175,0.1133505007153076,0.5859799713876968
1164,1.22,5.18,0.11957653791130188,0.6180257510729614
1165,1.1775,5.1575,0.09815164520743921,0.5058655221745351
1166,1.2875,5.15625,0.10730758226037197,0.5539341917024321
1167,0.805,5.19125,0.07709298998569386,0.4005722460658083
1168,1.43,5.17625,0.11921030042918457,0.6180257510729614
1169,0.87,5.18,0.07251502145922747,0.37539341917024327
1170,0.7325,5.21,0.062077253218884125,0.32274678111587984
1171,0.71,5.20125,0.05914735336194564,0.30672389127324756
1172,0.68,5.185,0.0566752503576538,0.2929899856938484
1173,0.6825,5.2125,0.07434620886981402,0.3868383404864092
1174,0.8425,5.21375,0.07022603719599428,0.36852646638054365
1175,0.68,5.195,0.0566752503576538,0.2952789699570816
1176,0.675,5.21375,0.07333905579399143,0.38226037195994284
1177,0.6825,5.215,0.07251502145922747,0.3776824034334764
1178,0.88,5.21375,0.07333905579399143,0.38226037195994284
1179,0.8725,5.1975,0.07022603719599428,0.3639484978540773
1180,0.7725,5.19625,0.07205722460658083,0.37539341917024327
1181,0.745,5.17875,0.062077253218884125,0.32274678111587984
1182,0.7775,5.19375,0.07205722460658083,0.37539341917024327
1183,0.905,5.17875,0.06500715307582261,0.33648068669527903
1184,0.8475,5.20875,0.07059227467811159,0.36852646638054365
1185,0.7775,5.1925,0.06308440629470673,0.32732474964234626
1186,0.6725,5.2125,0.07187410586552218,0.37539341917024327
1187,0.8675,5.21125,0.07233190271816882,0.3776824034334764
1188,0.875,5.1825,0.05978826895565094,0.3113018597997139
1189,0.8925,5.18125,0.060246065808297576,0.3113018597997139
1190,0.675,5.17875,0.05621745350500716,0.2929899856938484
1191,0.7325,5.20875,0.06107010014306152,0.3158798283261803
1192,0.785,5.1975,0.05814020028612304,0.30443490701001436
1193,0.685,5.195,0.05704148783977111,0.2952789699570816
1194,0.8825,5.1975,0.07352217453505008,0.38226037195994284
1195,0.725,5.21,0.07773390557939915,0.40515021459227474
1196,0.8725,5.1875,0.07269814020028613,0.3776824034334764
1197,0.785,5.2025,0.06537339055793992,0.3410586552217454
1198,0.8825,5.18625,0.06308440629470673,0.32732474964234626
1199,0.7475,5.2075,0.06226037195994278,0.32274678111587984
1200,0.855,5.21625,0.07123319027181689,0.37081545064377686
1201,0.725,5.2,0.07837482117310444,0.4097281831187411
1202,1.2025,5.1925,0.10016595135908442,0.5218884120171675
1203,2.065,5.1125,0.1720400572246066,0.8812589413447783
1204,2.02,5.1475,0.12479542203147355,0.6409155937052933
1205,0.76,5.18625,0.06335908440629472,0.32961373390557946
1206,0.815,5.19,0.06793705293276109,0.35250357653791137
1207,0.84,5.19125,0.06042918454935623,0.3158798283261803
1208,0.9175,5.20625,0.07645207439198856,0.3982832618025752
1209,0.83,5.18625,0.06912732474964235,0.35937052932761093
1210,0.8,5.2,0.06308440629470673,0.32732474964234626
1211,0.865,5.1975,0.07205722460658083,0.37539341917024327
1212,0.7525,5.18125,0.06271816881258942,0.32732474964234626
1213,0.72,5.2125,0.07581115879828328,0.3937052932761088
1214,0.87,5.18125,0.07233190271816882,0.37539341917024327
1215,0.7975,5.19375,0.06647210300429185,0.34563662374821175
1216,0.855,5.18375,0.056492131616595144,0.2929899856938484
1217,0.8375,5.1875,0.06271816881258942,0.32732474964234626
1218,0.7075,5.18375,0.058964234620886985,0.30672389127324756
1219,0.7825,5.20125,0.058964234620886985,0.30672389127324756
1220,0.835,5.19125,0.05621745350500716,0.2929899856938484
1221,0.7,5.1825,0.05832331902718169,0.30443490701001436
1222,0.87,5.185,0.056492131616595144,0.2929899856938484
1223,0.835,5.1875,0.06143633762517883,0.3181688125894135
1224,0.995,5.1775,0.08295278969957083,0.43032904148783985
1225,0.7275,5.21125,0.07434620886981402,0.3868383404864092
1226,0.725,5.2025,0.07480400572246067,0.3891273247496424
1227,0.8125,5.18125,0.06775393419170243,0.35250357653791137
1228,0.8275,5.20875,0.0689442060085837,0.35937052932761093
1229,0.9425,5.1775,0.06482403433476396,0.3341917024320458
1230,0.695,5.18125,0.05795708154506438,0.29985693848354794
1231,0.77,5.19125,0.06418311874105866,0.3341917024320458
1232,0.7925,5.19375,0.056858369098712454,0.2952789699570816
1233,0.7075,5.18375,0.058964234620886985,0.30672389127324756
1234,0.7175,5.185,0.05978826895565094,0.3113018597997139
1235,0.7275,5.20875,0.06436623748211731,0.3341917024320458
1236,0.67,5.18875,0.055851216022889845,0.288412017167382
1237,0.7575,5.18625,0.06308440629470673,0.32732474964234626
1238,0.675,5.2125,0.07233190271816882,0.3776824034334764
1239,1.4175,5.17,0.11811158798283262,0.6111587982832619
1240,0.7225,5.19875,0.060246065808297576,0.3158798283261803
1241,0.9225,5.17875,0.0672961373390558,0.34792560801144495
1242,0.77,5.20375,0.06418311874105866,0.3341917024320458
1243,0.775,5.20625,0.06454935622317597,0.33648068669527903
1244,0.91,5.1825,0.06290128755364807,0.32732474964234626
1245,0.8,5.19625,0.0666552217453505,0.34563662374821175
1246,0.8875,5.2125,0.07397997138769671,0.3868383404864092
1247,0.7425,5.19875,0.0689442060085837,0.35937052932761093
1248,0.855,5.215,0.07123319027181689,0.37081545064377686
1249,0.6925,5.1975,0.0576824034334764,0.29985693848354794
1250,0.6975,5.21375,0.06775393419170243,0.35250357653791137
1251,0.69,5.21375,0.07040915593705294,0.36852646638054365
1252,0.7125,5.20375,0.059330472103004295,0.30672389127324756
1253,0.695,5.21375,0.0666552217453505,0.34792560801144495
1254,0.8025,5.19625,0.11829470672389128,0.6157367668097282
1255,0.855,5.19375,0.07123319027181689,0.37081545064377686
1256,0.7575,5.19875,0.08084692417739629,0.421173104434907
1257,0.8875,5.18375,0.06454935622317597,0.3341917024320458
1258,0.74,5.18,0.061711015736766815,0.3181688125894135
1259,0.775,5.19625,0.07205722460658083,0.37539341917024327
1260,0.685,5.20875,0.07462088698140201,0.3891273247496424
1261,0.885,5.205,0.07370529327610874,0.38226037195994284
1262,0.885,5.18125,0.05850643776824035,0.30443490701001436
1263,0.855,5.18375,0.06143633762517883,0.3181688125894135
1264,0.7175,5.185,0.05978826895565094,0.3113018597997139
1265,0.7575,5.19125,0.06308440629470673,0.32732474964234626
1266,0.8525,5.1825,0.05832331902718169,0.30443490701001436
1267,0.8475,5.20375,0.07059227467811159,0.36852646638054365
1268,0.8325,5.19875,0.06940200286123034,0.35937052932761093
1269,0.835,5.19625,0.12351359084406296,0.6409155937052933
1270,0.8275,5.21,0.0689442060085837,0.35937052932761093
1271,0.87,5.19875,0.07251502145922747,0.3776824034334764
1272,0.7275,5.2125,0.07169098712446352,0.37539341917024327
1273,0.875,5.2125,0.07288125894134478,0.3776824034334764
1274,0.845,5.19125,0.07040915593705294,0.3639484978540773
1275,0.8375,5.19,0.05621745350500716,0.2929899856938484
1276,0.7075,5.1825,0.058964234620886985,0.30443490701001436
1277,0.815,5.19625,0.06793705293276109,0.35250357653791137
1278,0.8425,5.18875,0.05603433476394851,0.2929899856938484
1279,0.6825,5.18375,0.056858369098712454,0.2952789699570816
1280,0.78,5.19375,0.06500715307582261,0.33648068669527903
1281,0.8025,5.19375,0.061711015736766815,0.3181688125894135
1282,0.7025,5.1825,0.05850643776824035,0.30443490701001436
1283,0.725,5.18625,0.06042918454935623,0.3158798283261803
1284,0.845,5.195,0.07462088698140201,0.3868383404864092
1285,0.9175,5.2125,0.07645207439198856,0.3982832618025752
1286,0.8825,5.2,0.07352217453505008,0.38226037195994284
1287,0.9275,5.18,0.060612303290414886,0.3158798283261803
1288,0.7525,5.21,0.06793705293276109,0.35250357653791137
1289,0.8425,5.2125,0.07022603719599428,0.36852646638054365
1290,0.795,5.1925,0.06436623748211731,0.3341917024320458
1291,0.695,5.205,0.07123319027181689,0.37081545064377686
1292,0.855,5.20125,0.07123319027181689,0.37081545064377686
1293,0.8775,5.18125,0.0566752503576538,0.2929899856938484
1294,0.675,5.2125,0.07288125894134478,0.3776824034334764
1295,0.7225,5.205,0.060246065808297576,0.3158798283261803
1296,0.7025,5.21375,0.06537339055793992,0.3410586552217454
1297,0.8275,5.1925,0.05621745350500716,0.2929899856938484
1298,1.39,5.17375,0.11582260371959945,0.5997138769670959
1299,1.03,5.17625,0.0901859799713877,0.4646638054363377
1300,0.84,5.19125,0.05978826895565094,0.3113018597997139
1301,0.7675,5.20375,0.064,0.3341917024320458
1302,0.7325,5.20375,0.06107010014306152,0.3181688125894135
1303,0.8975,5.18125,0.06290128755364807,0.32732474964234626
1304,0.7575,5.19875,0.06308440629470673,0.32732474964234626
1305,0.675,5.19,0.05621745350500716,0.2929899856938484
1306,0.68,5.2075,0.07251502145922747,0.3776824034334764
1307,0.8425,5.215,0.07022603719599428,0.36852646638054365
1308,0.7875,5.21,0.06564806866952791,0.3410586552217454
1309,0.6775,5.20625,0.07251502145922747,0.3776824034334764
1310,0.7975,5.21375,0.06647210300429185,0.34563662374821175
1311,0.845,5.215,0.07040915593705294,0.36852646638054365
1312,0.68,5.20625,0.07205722460658083,0.37539341917024327
1313,0.7775,5.21,0.06482403433476396,0.33648068669527903
1314,1.1625,5.17875,0.09686981402002862,0.5035765379113019
1315,0.9125,5.18,0.06143633762517883,0.3181688125894135
1316,0.7625,5.20375,0.06354220314735337,0.32961373390557946
1317,0.88,5.21375,0.07333905579399143,0.38226037195994284
1318,0.7775,5.20625,0.0689442060085837,0.35937052932761093
1319,0.86,5.2125,0.07169098712446352,0.37539341917024327
1320,0.81,5.21375,0.06747925608011446,0.35250357653791137
1321,0.675,5.21,0.07727610872675252,0.4005722460658083
1322,0.8475,5.215,0.07059227467811159,0.36852646638054365
1323,0.85,5.21625,0.07086695278969958,0.37081545064377686
1324,0.715,5.2,0.0689442060085837,0.35937052932761093
1325,0.68,5.2125,0.07416309012875537,0.3868383404864092
1326,0.81,5.2125,0.06747925608011446,0.35250357653791137
1327,0.7125,5.2,0.0683032904148784,0.3570815450643777
1328,0.68,5.2125,0.07187410586552218,0.37539341917024327
1329,0.99,5.18125,0.08249499284692419,0.4280400572246066
1330,0.735,5.21125,0.07022603719599428,0.36852646638054365
1331,0.72,5.2125,0.0785579399141631,0.4097281831187411
1332,0.8525,5.195,0.07105007153075824,0.36852646638054365
1333,0.8775,5.1875,0.05914735336194564,0.30672389127324756
1334,0.82,5.1975,0.06143633762517883,0.3181688125894135
1335,0.7225,5.20125,0.060246065808297576,0.3158798283261803
1336,0.7025,5.20375,0.07059227467811159,0.36852646638054365
1337,0.6875,5.20625,0.07169098712446352,0.37539341917024327
1338,0.785,5.2125,0.06537339055793992,0.3410586552217454
1339,0.675,5.21375,0.05621745350500716,0.2929899856938484
1340,0.7325,5.20625,0.061711015736766815,0.32274678111587984
1341,0.7475,5.2075,0.06226037195994278,0.32274678111587984
1342,0.6825,5.185,0.056858369098712454,0.2952789699570816
1343,0.7025,5.2125,0.06601430615164522,0.34563662374821175
1344,1.1075,5.20625,0.09229184549356224,0.48068669527897
1345,0.8425,5.19375,0.07022603719599428,0.3639484978540773
1346,0.8975,5.1825,0.059330472103004295,0.30672389127324756
1347,0.71,5.185,0.05914735336194564,0.30672389127324756
1348,0.8225,5.21,0.06857796852646639,0.3570815450643777
1349,0.795,5.2075,0.07462088698140201,0.3891273247496424
1350,0.7775,5.19375,0.06482403433476396,0.33648068669527903
1351,0.7725,5.18875,0.06436623748211731,0.3341917024320458
1352,0.83,5.18625,0.06125321888412018,0.3181688125894135
1353,0.8175,5.2,0.06812017167381974,0.35250357653791137
1354,0.8325,5.19875,0.06940200286123034,0.35937052932761093
1355,0.8225,5.1875,0.061711015736766815,0.3181688125894135
1356,0.73,5.2025,0.06079542203147354,0.3158798283261803
1357,0.68,5.1825,0.0566752503576538,0.2929899856938484
1358,0.795,5.195,0.056492131616595144,0.2929899856938484
1359,1.0675,5.205,0.08899570815450644,0.4646638054363377
1360,0.825,5.18875,0.06876108726752504,0.3570815450643777
1361,0.72,5.20625,0.08002288984263234,0.41659513590844066
1362,0.9125,5.17875,0.060246065808297576,0.3113018597997139
1363,0.755,5.20125,0.06290128755364807,0.32732474964234626
1364,0.9125,5.17875,0.062077253218884125,0.32274678111587984
1365,0.74,5.1975,0.06683834048640916,0.34792560801144495
1366,0.845,5.20125,0.07040915593705294,0.36852646638054365
1367,0.8375,5.1875,0.05603433476394851,0.2929899856938484
1368,0.8675,5.1825,0.05795708154506438,0.29985693848354794
1369,0.8175,5.19875,0.06812017167381974,0.35250357653791137
1370,0.8625,5.18125,0.0566752503576538,0.2929899856938484
1371,0.815,5.1925,0.06418311874105866,0.3341917024320458
1372,0.7675,5.19375,0.064,0.3341917024320458
1373,0.875,5.18125,0.057499284692417746,0.2952789699570816
1374,0.94,5.17875,0.07480400572246067,0.3868383404864092
1375,0.7725,5.20375,0.06436623748211731,0.3341917024320458
1376,0.84,5.2125,0.07004291845493563,0.3639484978540773
1377,0.9,5.18,0.06436623748211731,0.3341917024320458
1378,0.8625,5.21125,0.07187410586552218,0.37539341917024327
1379,0.9225,5.20875,0.0769098712446352,0.4005722460658083
1380,0.81,5.185,0.060612303290414886,0.3158798283261803
1381,0.82,5.1975,0.0683032904148784,0.3570815450643777
1382,1.2975,5.1375,0.10813161659513591,0.5539341917024321
1383,1.8575,5.13,0.13440915593705294,0.6889842632331903
1384,0.775,5.18625,0.06454935622317597,0.3341917024320458
1385,0.8925,5.21125,0.07434620886981402,0.3868383404864092
1386,0.9425,5.17875,0.06601430615164522,0.3410586552217454
1387,0.7175,5.19125,0.05978826895565094,0.3113018597997139
1388,0.8875,5.21125,0.07397997138769671,0.3868383404864092
1389,1.0275,5.16375,0.0779170243204578,0.4005722460658083
1390,0.71,5.18625,0.05914735336194564,0.30672389127324756
1391,0.7625,5.2025,0.06354220314735337,0.32961373390557946
1392,0.865,5.18625,0.06537339055793992,0.33648068669527903
1393,0.7375,5.17875,0.06143633762517883,0.3181688125894135
1394,0.71,5.18375,0.05914735336194564,0.30672389127324756
1395,0.6825,5.21375,0.07004291845493563,0.3639484978540773
1396,0.865,5.21375,0.07205722460658083,0.37539341917024327
1397,0.82,5.21375,0.0683032904148784,0.3570815450643777
1398,0.705,5.2025,0.06976824034334765,0.3639484978540773
1399,0.745,5.20875,0.08066380543633764,0.421173104434907
1400,0.7025,5.2,0.05850643776824035,0.30443490701001436
1401,0.7725,5.20125,0.05832331902718169,0.30443490701001436
1402,0.7675,5.205,0.0576824034334764,0.29985693848354794
1403,0.685,5.2,0.05704148783977111,0.2952789699570816
1404,0.81,5.2025,0.09101001430615166,0.4715307582260372
1405,0.86,5.19,0.059605150214592284,0.30672389127324756
1406,0.9625,5.1975,0.080206008583691,0.41659513590844066
1407,0.825,5.195,0.06079542203147354,0.3158798283261803
1408,0.7225,5.21125,0.07288125894134478,0.3776824034334764
1409,0.92,5.21,0.07663519313304722,0.3982832618025752
1410,0.7625,5.20375,0.05850643776824035,0.30443490701001436
1411,0.8175,5.1925,0.05621745350500716,0.2929899856938484
1412,0.8075,5.1975,0.0672961373390558,0.34792560801144495
1413,0.865,5.20875,0.07205722460658083,0.37539341917024327
1414,0.675,5.21375,0.07251502145922747,0.3776824034334764
1415,0.8425,5.21375,0.07022603719599428,0.36852646638054365
1416,0.755,5.21125,0.06290128755364807,0.32732474964234626
1417,0.675,5.21,0.07233190271816882,0.37539341917024327
1418,0.845,5.21375,0.07040915593705294,0.36852646638054365
1419,0.9725,5.205,0.08103004291845495,0.421173104434907
1420,0.735,5.21125,0.07004291845493563,0.3639484978540773
1421,0.885,5.21375,0.07370529327610874,0.38226037195994284
1422,0.8525,5.19625,0.07105007153075824,0.36852646638054365
1423,0.8525,5.1925,0.059605150214592284,0.3113018597997139
1424,0.795,5.20625,0.0662889842632332,0.34563662374821175
1425,0.8075,5.215,0.0672961373390558,0.35250357653791137
1426,0.67,5.21,0.07269814020028613,0.3776824034334764
1427,0.7925,5.21125,0.06601430615164522,0.34563662374821175
1428,0.6875,5.1825,0.05731616595135909,0.2952789699570816
1429,0.8025,5.19375,0.056492131616595144,0.2929899856938484
1430,0.67,5.1925,0.055851216022889845,0.288412017167382
1431,0.68,5.1825,0.0566752503576538,0.2929899856938484
1432,0.705,5.2125,0.06601430615164522,0.34563662374821175
1433,0.6725,5.1875,0.05603433476394851,0.2929899856938484
1434,0.8375,5.18125,0.06976824034334765,0.35937052932761093
1435,0.9075,5.17875,0.06107010014306152,0.3158798283261803
1436,0.89,5.185,0.059605150214592284,0.30672389127324756
1437,0.815,5.20875,0.06793705293276109,0.35250357653791137
1438,0.89,5.18125,0.06308440629470673,0.32732474964234626
1439,0.8625,5.1875,0.059330472103004295,0.30672389127324756
1440,0.74,5.2075,0.061711015736766815,0.32274678111587984
1441,0.6725,5.2125,0.07288125894134478,0.3776824034334764
1442,0.7175,5.21125,0.06372532188841203,0.3341917024320458
1443,0.6725,5.1875,0.05603433476394851,0.2929899856938484
1444,0.795,5.1975,0.057499284692417746,0.29985693848354794
1445,0.8425,5.18625,0.06042918454935623,0.3158798283261803
1446,0.87,5.2075,0.07251502145922747,0.3776824034334764
1447,0.87,5.1825,0.05795708154506438,0.29985693848354794
1448,0.845,5.18625,0.060246065808297576,0.3113018597997139
1449,0.8025,5.1725,0.06683834048640916,0.34563662374821175
1450,0.8825,5.185,0.07352217453505008,0.38226037195994284
1451,0.735,5.21125,0.07059227467811159,0.36852646638054365
1452,0.84,5.1925,0.07004291845493563,0.3639484978540773
1453,0.7175,5.18125,0.05978826895565094,0.3113018597997139
1454,0.7125,5.20625,0.07608583690987125,0.3982832618025752
1455,0.86,5.215,0.07169098712446352,0.37539341917024327
1456,1.32,5.17375,0.10996280400572248,0.5699570815450644
1457,0.7825,5.19,0.06976824034334765,0.3639484978540773
1458,0.86,5.21375,0.07169098712446352,0.37539341917024327
1459,0.7525,5.21,0.06271816881258942,0.32732474964234626
1460,0.68,5.215,0.07086695278969958,0.37081545064377686
1461,0.7,5.2,0.05832331902718169,0.30443490701001436
1462,0.7,5.1825,0.05832331902718169,0.30443490701001436
1463,0.7425,5.2075,0.059971387696709594,0.3113018597997139
1464,0.84,5.185,0.07004291845493563,0.3639484978540773
1465,0.8925,5.21125,0.07434620886981402,0.3868383404864092
1466,0.905,5.18125,0.059605150214592284,0.30672389127324756
1467,0.71,5.18375,0.05914735336194564,0.30672389127324756
1468,0.715,5.19125,0.059605150214592284,0.3113018597997139
1469,0.7925,5.1925,0.07040915593705294,0.3639484978540773
1470,0.695,5.18625,0.05795708154506438,0.29985693848354794
1471,0.695,5.18125,0.05795708154506438,0.29985693848354794
1472,0.71,5.21375,0.06519027181688127,0.3410586552217454
1473,0.875,5.18125,0.056858369098712454,0.2952789699570816
1474,0.8475,5.20375,0.07059227467811159,0.36852646638054365
1475,0.8575,5.185,0.0566752503576538,0.2929899856938484
1476,0.7225,5.19875,0.06683834048640916,0.34792560801144495
1477,0.87,5.21375,0.07251502145922747,0.3776824034334764
1478,0.6825,5.205,0.07059227467811159,0.36852646638054365
1479,0.7225,5.21125,0.07205722460658083,0.37539341917024327
1480,0.7475,5.19125,0.06226037195994278,0.32274678111587984
1481,0.8025,5.19375,0.06976824034334765,0.3639484978540773
1482,0.91,5.18,0.06125321888412018,0.3181688125894135
1483,0.7425,5.2025,0.06189413447782547,0.32274678111587984
1484,0.875,5.18375,0.06519027181688127,0.33648068669527903
1485,0.86,5.185,0.059605150214592284,0.30672389127324756
1486,0.765,5.19125,0.06372532188841203,0.32961373390557946
1487,0.8,5.1975,0.0666552217453505,0.2952789699570816
1488,0.8425,5.1875,0.05603433476394851,0.2929899856938484
1489,0.75,5.18875,0.06253505007153076,0.32732474964234626
1490,0.775,5.18875,0.06454935622317597,0.3341917024320458
1491,0.7,5.2125,0.06537339055793992,0.3410586552217454
1492,0.8375,5.21375,0.06976824034334765,0.3639484978540773
1493,0.7175,5.205,0.05978826895565094,0.3113018597997139
1494,0.7025,5.2125,0.07233190271816882,0.3776824034334764
1495,0.7375,5.1975,0.06143633762517883,0.3181688125894135
1496,0.8525,5.21125,0.07105007153075824,0.37081545064377686
1497,0.785,5.195,0.07040915593705294,0.36852646638054365
1498,0.71,5.1875,0.05914735336194564,0.30672389127324756
1499,0.86,5.21,0.07169098712446352,0.37539341917024327
1500,0.815,5.18625,0.06042918454935623,0.3158798283261803
1501,0.7325,5.18625,0.06107010014306152,0.3158798283261803
1502,0.8125,5.1975,0.06775393419170243,0.35250357653791137
1503,0.8175,5.19125,0.05603433476394851,0.2929899856938484
1504,0.715,5.18375,0.059605150214592284,0.30672389127324756
1505,0.8725,5.20375,0.07269814020028613,0.3776824034334764
1506,1.4375,5.15625,0.07581115879828328,0.3891273247496424
1507,0.685,5.18125,0.05704148783977111,0.2952789699570816
1508,0.7775,5.1925,0.06482403433476396,0.33648068669527903
1509,0.8725,5.18375,0.06125321888412018,0.3181688125894135
1510,0.74,5.21,0.06940200286123034,0.35937052932761093
1511,0.7975,5.18625,0.06647210300429185,0.34563662374821175
1512,0.7825,5.20375,0.06354220314735337,0.32961373390557946
1513,0.725,5.2125,0.07251502145922747,0.3776824034334764
1514,0.86,5.19625,0.07169098712446352,0.37081545064377686
1515,0.77,5.2025,0.057499284692417746,0.29985693848354794
1516,0.875,5.1825,0.05704148783977111,0.2952789699570816
1517,0.745,5.19,0.062077253218884125,0.32274678111587984
1518,0.86,5.1825,0.05621745350500716,0.2929899856938484
1519,0.83,5.185,0.06079542203147354,0.3158798283261803
1520,0.7525,5.19,0.06271816881258942,0.32732474964234626
1521,0.845,5.1875,0.060246065808297576,0.3113018597997139
1522,0.8475,5.1875,0.05621745350500716,0.2929899856938484
1523,0.75,5.18375,0.06253505007153076,0.32274678111587984
1524,0.98,5.18375,0.08167095851216023,0.35937052932761093
1525,0.8375,5.1925,0.059330472103004295,0.30672389127324756
1526,0.7375,5.1975,0.06143633762517883,0.3181688125894135
1527,0.8275,5.20875,0.0689442060085837,0.35937052932761093
1528,0.915,5.17875,0.061711015736766815,0.3181688125894135
1529,0.7125,5.1875,0.059330472103004295,0.30672389127324756
1530,0.71,5.2,0.05914735336194564,0.30672389127324756
1531,0.6775,5.2125,0.07169098712446352,0.37539341917024327
1532,0.7625,5.21,0.06354220314735337,0.32961373390557946
1533,0.6775,5.19375,0.056492131616595144,0.2929899856938484
1534,0.7325,5.20625,0.06812017167381974,0.3570815450643777
1535,0.6875,5.1975,0.05731616595135909,0.2952789699570816
1536,0.75,5.19,0.06253505007153076,0.32732474964234626
1537,0.8125,5.1925,0.055851216022889845,0.288412017167382
1538,0.7075,5.18375,0.058964234620886985,0.30672389127324756
1539,0.8625,5.2025,0.07187410586552218,0.37539341917024327
1540,0.8375,5.20375,0.06812017167381974,0.3570815450643777
1541,0.92,5.205,0.07663519313304722,0.3982832618025752
1542,0.8475,5.1925,0.07059227467811159,0.36852646638054365
1543,0.7175,5.20625,0.07498712446351932,0.3891273247496424
1544,0.8075,5.185,0.0672961373390558,0.34792560801144495
1545,0.7,5.18125,0.05832331902718169,0.30443490701001436
1546,0.765,5.20875,0.06372532188841203,0.3341917024320458
1547,0.705,5.21375,0.06537339055793992,0.3410586552217454
1548,0.7325,5.20375,0.06107010014306152,0.3181688125894135
1549,0.73,5.1975,0.06793705293276109,0.35250357653791137
1550,0.6725,5.21125,0.07233190271816882,0.3776824034334764
1551,0.8225,5.21625,0.06857796852646639,0.3570815450643777
1552,0.79,5.19,0.07233190271816882,0.37539341917024327
1553,0.8825,5.1825,0.05731616595135909,0.2952789699570816
1554,0.755,5.18875,0.06290128755364807,0.32732474964234626
1555,0.765,5.195,0.07105007153075824,0.36852646638054365
1556,0.8775,5.1825,0.07562804005722461,0.3937052932761088
1557,0.7075,5.19,0.058964234620886985,0.30672389127324756
1558,0.8825,5.1825,0.06418311874105866,0.3341917024320458
1559,0.905,5.18,0.06079542203147354,0.3158798283261803
1560,0.7025,5.18125,0.05850643776824035,0.30443490701001436
1561,0.695,5.205,0.05795708154506438,0.4120171673819743
1562,0.6725,5.2125,0.07581115879828328,0.3937052932761088
1563,0.855,5.21375,0.07123319027181689,0.37081545064377686
1564,0.7875,5.21125,0.06564806866952791,0.3410586552217454
1565,0.675,5.21375,0.07233190271816882,0.3776824034334764
1566,0.7075,5.2025,0.058964234620886985,0.30672389127324756
1567,0.7125,5.185,0.059330472103004295,0.30672389127324756
1568,0.8275,5.19125,0.055851216022889845,0.288412017167382
1569,0.7025,5.18375,0.05850643776824035,0.30443490701001436
1570,0.87,5.21125,0.07251502145922747,0.3776824034334764
1571,0.7525,5.2075,0.07810014306151646,0.40515021459227474
1572,0.915,5.21125,0.0762689556509299,0.3982832618025752
1573,0.865,5.1975,0.07205722460658083,0.37539341917024327
1574,0.7175,5.21125,0.07462088698140201,0.3891273247496424
1575,0.865,5.21375,0.07205722460658083,0.37539341917024327
1576,0.715,5.205,0.059605150214592284,0.3113018597997139
1577,0.675,5.2075,0.07169098712446352,0.37539341917024327
1578,0.855,5.215,0.07123319027181689,0.37081545064377686
1579,0.6875,5.1975,0.05731616595135909,0.2952789699570816
1580,0.6775,5.21375,0.07086695278969958,0.37081545064377686
1581,0.7875,5.20625,0.06564806866952791,0.3410586552217454
1582,0.7175,5.18375,0.05978826895565094,0.3113018597997139
1583,0.7,5.2125,0.06564806866952791,0.3410586552217454
1584,0.7825,5.19875,0.05850643776824035,0.30443490701001436
1585,0.905,5.205,0.07544492131616595,0.3937052932761088
1586,0.885,5.1825,0.059330472103004295,0.30672389127324756
1587,0.7875,5.2025,0.06290128755364807,0.32732474964234626
1588,0.8925,5.21125,0.07434620886981402,0.3868383404864092
1589,0.9125,5.18,0.05978826895565094,0.3113018597997139
1590,0.8525,5.185,0.05603433476394851,0.288412017167382
1591,0.7425,5.18625,0.06189413447782547,0.32274678111587984
1592,0.7275,5.2075,0.06583118741058656,0.3410586552217454
1593,0.79,5.19625,0.056858369098712454,0.2952789699570816
1594,0.7125,5.2025,0.059330472103004295,0.30672389127324756
1595,0.6725,5.21125,0.07233190271816882,0.3776824034334764
1596,0.7225,5.20875,0.062077253218884125,0.32274678111587984
1597,0.675,5.18,0.05621745350500716,0.2929899856938484
1598,0.7075,5.21125,0.058964234620886985,0.32961373390557946
1599,0.775,5.2,0.05814020028612304,0.30443490701001436
1600,0.83,5.19125,0.06912732474964235,0.35937052932761093
1601,0.715,5.18125,0.059605150214592284,0.30672389127324756
1602,0.71,5.21,0.07517024320457798,0.3891273247496424
1603,0.7575,5.1825,0.06308440629470673,0.32732474964234626
1604,0.72,5.18,0.059971387696709594,0.3113018597997139
1605,0.685,5.2125,0.06876108726752504,0.35937052932761093
1606,0.8575,5.215,0.07141630901287555,0.37081545064377686
1607,0.735,5.1875,0.06125321888412018,0.3181688125894135
1608,0.7825,5.19875,0.0566752503576538,0.2952789699570816
1609,0.7225,5.18625,0.060246065808297576,0.3113018597997139
1610,0.8675,5.20875,0.07233190271816882,0.37539341917024327
1611,0.7175,5.19875,0.06793705293276109,0.35250357653791137
1612,0.85,5.21375,0.07086695278969958,0.37081545064377686
1613,0.6725,5.19,0.05603433476394851,0.2929899856938484
1614,0.7525,5.205,0.05914735336194564,0.30672389127324756
1615,0.775,5.18375,0.06454935622317597,0.3341917024320458
1616,0.73,5.17875,0.06079542203147354,0.3158798283261803
1617,0.73,5.20375,0.07562804005722461,0.3937052932761088
1618,0.87,5.19625,0.07251502145922747,0.37539341917024327
1619,0.7375,5.17875,0.06143633762517883,0.3181688125894135
1620,0.79,5.2,0.05795708154506438,0.29985693848354794
1621,0.8675,5.18125,0.056858369098712454,0.2952789699570816
1622,0.8225,5.2,0.06857796852646639,0.3570815450643777
1623,0.8275,5.18875,0.05603433476394851,0.2929899856938484
1624,0.8575,5.185,0.06253505007153076,0.32274678111587984
1625,0.8425,5.2025,0.07022603719599428,0.3639484978540773
1626,0.8625,5.18375,0.056492131616595144,0.2929899856938484
1627,0.7825,5.19125,0.06418311874105866,0.3341917024320458
1628,0.8825,5.21,0.07352217453505008,0.38226037195994284
1629,0.7075,5.20375,0.07059227467811159,0.36852646638054365
1630,0.89,5.18125,0.06125321888412018,0.3181688125894135
1631,0.82,5.21,0.0683032904148784,0.3570815450643777
1632,0.8875,5.185,0.05914735336194564,0.30672389127324756
1633,0.8025,5.19875,0.062077253218884125,0.32274678111587984
1634,0.925,5.20875,0.07709298998569386,0.4005722460658083
1635,0.825,5.18875,0.06876108726752504,0.3158798283261803
1636,0.68,5.215,0.07059227467811159,0.36852646638054365
1637,0.835,5.215,0.069585121602289,0.3639484978540773
1638,0.675,5.195,0.05621745350500716,0.2929899856938484
1639,0.71,5.21125,0.06418311874105866,0.3341917024320458
1640,0.6825,5.1825,0.056858369098712454,0.2952789699570816
1641,0.8125,5.2,0.06775393419170243,0.35250357653791137
1642,0.84,5.19,0.06226037195994278,0.32274678111587984
1643,0.6825,5.1875,0.056858369098712454,0.2952789699570816
1644,0.6925,5.1975,0.0576824034334764,0.29985693848354794
1645,1.24,5.17375,0.10227181688125896,0.528755364806867
1646,0.7325,5.19875,0.06107010014306152,0.3181688125894135
1647,0.8975,5.20375,0.07480400572246067,0.3891273247496424
1648,0.735,5.21125,0.07022603719599428,0.36852646638054365
1649,0.87,5.2,0.07251502145922747,0.3776824034334764
1650,0.8775,5.2075,0.07315593705293277,0.38226037195994284
1651,0.855,5.18375,0.05914735336194564,0.30672389127324756
1652,0.75,5.18125,0.06253505007153076,0.32274678111587984
1653,0.79,5.19625,0.06583118741058656,0.3410586552217454
1654,0.86,5.185,0.05603433476394851,0.288412017167382
1655,0.7,5.18,0.05832331902718169,0.30443490701001436
1656,0.865,5.20875,0.07205722460658083,0.37539341917024327
1657,0.69,5.2125,0.0662889842632332,0.34563662374821175
1658,0.6925,5.20125,0.0576824034334764,0.29985693848354794
1659,0.7075,5.2025,0.058964234620886985,0.30672389127324756
1660,0.7775,5.2025,0.06354220314735337,0.32961373390557946
1661,0.715,5.21125,0.0762689556509299,0.3982832618025752
1662,0.9075,5.1975,0.07562804005722461,0.3937052932761088
1663,0.71,5.2075,0.07498712446351932,0.3891273247496424
1664,0.8575,5.185,0.06647210300429185,0.34563662374821175
1665,0.67,5.19,0.055851216022889845,0.288412017167382
1666,0.71,5.20875,0.06372532188841203,0.3341917024320458
1667,0.7875,5.1975,0.0566752503576538,0.2952789699570816
1668,0.6725,5.18625,0.05603433476394851,0.288412017167382
1669,0.73,5.2075,0.06226037195994278,0.32274678111587984
1670,0.73,5.2075,0.06143633762517883,0.3181688125894135
1671,0.6775,5.18,0.056492131616595144,0.2929899856938484
1672,0.7625,5.2025,0.05850643776824035,0.30443490701001436
1673,0.725,5.20625,0.061711015736766815,0.32274678111587984
1674,0.6825,5.18375,0.056858369098712454,0.2952789699570816
1675,0.71,5.18625,0.05914735336194564,0.30672389127324756
1676,0.805,5.19,0.06747925608011446,0.34792560801144495
1677,0.7625,5.1825,0.06354220314735337,0.32961373390557946
1678,0.72,5.18,0.059971387696709594,0.3113018597997139
1679,0.8175,5.18875,0.06812017167381974,0.35250357653791137
1680,0.69,5.1825,0.057499284692417746,0.2952789699570816
1681,0.7425,5.19,0.06189413447782547,0.32274678111587984
1682,0.835,5.19,0.05603433476394851,0.2929899856938484
1683,0.8525,5.20375,0.07105007153075824,0.37081545064377686
1684,0.875,5.2125,0.07288125894134478,0.3776824034334764
1685,0.7125,5.20125,0.06940200286123034,0.35937052932761093
1686,0.875,5.2125,0.07288125894134478,0.3776824034334764
1687,0.695,5.2,0.05795708154506438,0.29985693848354794
1688,0.7425,5.2075,0.0666552217453505,0.34792560801144495
1689,0.6775,5.195,0.056492131616595144,0.2929899856938484
1690,0.715,5.1925,0.059605150214592284,0.3113018597997139
1691,0.87,5.185,0.06537339055793992,0.33648068669527903
1692,0.7525,5.18125,0.06271816881258942,0.32732474964234626
1693,0.8075,5.18875,0.0672961373390558,0.34792560801144495
1694,0.71,5.21125,0.0762689556509299,0.3982832618025752
1695,0.8575,5.21375,0.07141630901287555,0.37081545064377686
1696,0.78,5.21125,0.06500715307582261,0.33648068669527903
1697,0.6725,5.21,0.07709298998569386,0.4005722460658083
1698,0.7075,5.2125,0.0672961373390558,0.35250357653791137
1699,0.74,5.2075,0.061711015736766815,0.32274678111587984
1700,0.6725,5.2125,0.07205722460658083,0.37539341917024327
1701,0.7525,5.20375,0.05878111587982833,0.30672389127324756
1702,0.6725,5.18875,0.05603433476394851,0.2929899856938484
1703,0.78,5.2,0.056858369098712454,0.2952789699570816
1704,0.8275,5.1925,0.0576824034334764,0.29985693848354794
1705,0.8025,5.2075,0.06683834048640916,0.34792560801144495
1706,0.82,5.19625,0.060612303290414886,0.3158798283261803
1707,0.7075,5.2075,0.07544492131616595,0.3937052932761088
1708,0.86,5.19625,0.07169098712446352,0.37081545064377686
1709,0.71,5.2075,0.07581115879828328,0.3937052932761088
1710,0.68,5.21375,0.07004291845493563,0.3639484978540773
1711,0.78,5.2125,0.06500715307582261,0.33648068669527903
1712,0.7375,5.20875,0.06143633762517883,0.3181688125894135
1713,0.86,5.18375,0.06107010014306152,0.3158798283261803
1714,0.8375,5.20125,0.06976824034334765,0.3639484978540773
1715,0.87,5.2075,0.07251502145922747,0.3776824034334764
1716,0.86,5.18375,0.055851216022889845,0.288412017167382
1717,0.735,5.18875,0.06125321888412018,0.3181688125894135
1718,0.87,5.21,0.07251502145922747,0.3776824034334764
1719,0.725,5.20125,0.07462088698140201,0.3868383404864092
1720,0.7825,5.18375,0.06519027181688127,0.33648068669527903
1721,0.72,5.185,0.059971387696709594,0.3113018597997139
1722,0.775,5.19625,0.07141630901287555,0.37081545064377686
1723,0.7375,5.19375,0.06143633762517883,0.3181688125894135
1724,0.725,5.195,0.06042918454935623,0.3158798283261803
1725,0.8825,5.1825,0.0576824034334764,0.29985693848354794
1726,0.74,5.18875,0.061711015736766815,0.3181688125894135
1727,0.8725,5.2125,0.07269814020028613,0.3776824034334764
1728,0.6775,5.2125,0.07251502145922747,0.3776824034334764
1729,0.8125,5.215,0.06775393419170243,0.35250357653791137
1730,0.7925,5.21375,0.06601430615164522,0.34563662374821175
1731,0.69,5.205,0.07205722460658083,0.37539341917024327
1732,0.7975,5.2125,0.06647210300429185,0.34563662374821175
1733,0.8375,5.215,0.06976824034334765,0.3639484978540773
1734,0.6925,5.2025,0.07004291845493563,0.3639484978540773
1735,0.8775,5.18625,0.06683834048640916,0.34563662374821175
1736,0.765,5.18125,0.06372532188841203,0.32961373390557946
1737,0.735,5.2025,0.07608583690987125,0.3982832618025752
1738,0.9275,5.17875,0.06335908440629472,0.32732474964234626
1739,0.8625,5.2125,0.07187410586552218,0.37539341917024327
1740,0.8675,5.18125,0.057499284692417746,0.2952789699570816
1741,0.7225,5.2025,0.07544492131616595,0.3937052932761088
1742,0.8575,5.215,0.07141630901287555,0.37081545064377686
1743,0.8825,5.1775,0.06711301859799715,0.34792560801144495
1744,0.7,5.2025,0.07205722460658083,0.37539341917024327
1745,0.8725,5.21125,0.07269814020028613,0.3776824034334764
1746,0.765,5.195,0.06601430615164522,0.3410586552217454
1747,0.7225,5.19875,0.06812017167381974,0.35250357653791137
1748,0.7225,5.20625,0.060246065808297576,0.3158798283261803
1749,0.69,5.195,0.057499284692417746,0.29985693848354794
1750,0.91,5.17875,0.060612303290414886,0.3158798283261803
1751,0.7125,5.18375,0.059330472103004295,0.30672389127324756
1752,0.8425,5.21125,0.07022603719599428,0.36852646638054365
1753,0.9525,5.175,0.06482403433476396,0.3341917024320458
1754,0.715,5.1825,0.059605150214592284,0.30672389127324756
1755,0.73,5.2075,0.06079542203147354,0.3158798283261803
1756,0.68,5.215,0.07123319027181689,0.37081545064377686
1757,0.8575,5.215,0.07141630901287555,0.37081545064377686
1758,0.7825,5.2125,0.06519027181688127,0.3410586552217454
1759,0.675,5.21375,0.07233190271816882,0.3776824034334764
1760,0.7575,5.21125,0.06308440629470673,0.32961373390557946
1761,0.6875,5.19875,0.05731616595135909,0.2952789699570816
1762,0.74,5.2075,0.06042918454935623,0.3158798283261803
1763,0.6825,5.19,0.056858369098712454,0.2952789699570816
1764,0.815,5.1975,0.06793705293276109,0.35250357653791137
1765,0.83,5.19625,0.05978826895565094,0.3113018597997139
1766,0.8525,5.21,0.07105007153075824,0.37081545064377686
1767,0.905,5.205,0.07544492131616595,0.3937052932761088
1768,1.365,5.155,0.11893562231759658,0.6111587982832619
1769,0.81,5.20875,0.06747925608011446,0.35250357653791137
1770,0.8475,5.21375,0.07059227467811159,0.36852646638054365
1771,0.8175,5.18875,0.06226037195994278,0.32274678111587984
1772,0.68,5.21375,0.07205722460658083,0.37539341917024327
1773,0.835,5.21375,0.069585121602289,0.3639484978540773
1774,0.735,5.2075,0.060246065808297576,0.3158798283261803
1775,0.8675,5.1825,0.0566752503576538,0.2929899856938484
1776,0.7575,5.18875,0.06308440629470673,0.32732474964234626
1777,0.8475,5.185,0.05621745350500716,0.2929899856938484
1778,0.78,5.1925,0.06775393419170243,0.35250357653791137
1779,0.8425,5.20375,0.07022603719599428,0.3639484978540773
1780,0.72,5.21,0.07434620886981402,0.3868383404864092
1781,0.715,5.20625,0.07462088698140201,0.3891273247496424
1782,0.8425,5.19625,0.07022603719599428,0.3639484978540773
1783,0.825,5.195,0.06537339055793992,0.3410586552217454
1784,0.725,5.21375,0.07352217453505008,0.38226037195994284
1785,0.83,5.215,0.06912732474964235,0.35937052932761093
1786,0.695,5.195,0.05795708154506438,0.29985693848354794
1787,0.68,5.21625,0.07123319027181689,0.37081545064377686
1788,0.7025,5.20125,0.05850643776824035,0.30443490701001436
1789,0.6975,5.1825,0.05814020028612304,0.29985693848354794
1790,0.74,5.205,0.06107010014306152,0.3181688125894135
1791,0.675,5.185,0.05621745350500716,0.2929899856938484
1792,0.86,5.21,0.07169098712446352,0.37539341917024327
1793,0.735,5.19625,0.07434620886981402,0.3868383404864092
1794,0.8425,5.215,0.07022603719599428,0.36852646638054365
1795,0.805,5.19,0.06711301859799715,0.34792560801144495
1796,0.75,5.21125,0.0672961373390558,0.35250357653791137
1797,0.895,5.2075,0.07462088698140201,0.3891273247496424
1798,0.9025,5.19875,0.07517024320457798,0.3891273247496424
1799,0.8,5.1975,0.06125321888412018,0.3181688125894135
1800,0.715,5.2025,0.059605150214592284,0.3113018597997139
1801,0.675,5.1925,0.05621745350500716,0.2929899856938484
1802,0.7625,5.19375,0.056492131616595144,0.2929899856938484
1803,0.71,5.185,0.05914735336194564,0.30672389127324756
1804,0.73,5.18625,0.06079542203147354,0.3158798283261803
1805,0.73,5.2075,0.06107010014306152,0.3181688125894135
1806,0.7225,5.2075,0.060246065808297576,0.3158798283261803
1807,0.8275,5.215,0.0689442060085837,0.35937052932761093
1808,0.68,5.21125,0.07645207439198856,0.3982832618025752
1809,0.735,5.20625,0.06079542203147354,0.3158798283261803
1810,0.8675,5.21125,0.07233190271816882,0.3776824034334764
1811,0.7575,5.205,0.06482403433476396,0.33648068669527903
1812,0.7125,5.21,0.07544492131616595,0.3937052932761088
1813,0.76,5.1825,0.06335908440629472,0.32961373390557946
1814,0.7175,5.21125,0.07874105865522175,0.4097281831187411
1815,0.6825,5.21625,0.07004291845493563,0.3639484978540773
1816,0.81,5.21375,0.06747925608011446,0.35250357653791137
1817,0.675,5.21125,0.07205722460658083,0.37539341917024327
1818,0.6775,5.215,0.07123319027181689,0.37081545064377686
1819,0.7225,5.205,0.060246065808297576,0.3158798283261803
1820,0.74,5.1975,0.06812017167381974,0.35250357653791137
1821,0.675,5.215,0.07233190271816882,0.3776824034334764
1822,0.7175,5.205,0.05978826895565094,0.3113018597997139
1823,0.6775,5.2125,0.056492131616595144,0.2929899856938484
1824,0.68,5.2025,0.07938197424892705,0.4120171673819743
1825,0.7725,5.20375,0.06436623748211731,0.3341917024320458
1826,0.9225,5.21,0.0769098712446352,0.4005722460658083
1827,0.7775,5.20375,0.06335908440629472,0.32961373390557946
1828,0.9175,5.21,0.07645207439198856,0.3982832618025752
1829,0.825,5.1925,0.06876108726752504,0.3570815450643777
1830,0.8125,5.19375,0.06107010014306152,0.3181688125894135
1831,0.665,5.1925,0.05539341917024321,0.288412017167382
1832,0.72,5.185,0.059971387696709594,0.3113018597997139
1833,0.7575,5.20125,0.05731616595135909,0.2952789699570816
1834,0.69,5.18125,0.057499284692417746,0.2952789699570816
1835,0.685,5.18375,0.05704148783977111,0.2952789699570816
1836,0.7875,5.2,0.056858369098712454,0.2952789699570816
1837,0.775,5.19,0.06454935622317597,0.3341917024320458
1838,0.8475,5.20375,0.07059227467811159,0.36852646638054365
1839,0.865,5.1825,0.056858369098712454,0.2952789699570816
1840,0.715,5.18125,0.059605150214592284,0.30672389127324756
1841,0.7075,5.18625,0.058964234620886985,0.30672389127324756
1842,0.7375,5.2,0.07333905579399143,0.38226037195994284
1843,0.8325,5.1925,0.06940200286123034,0.35937052932761093
1844,0.725,5.18,0.06042918454935623,0.3113018597997139
1845,0.68,5.2075,0.07187410586552218,0.37539341917024327
1846,0.6975,5.21375,0.06537339055793992,0.3410586552217454
1847,0.705,5.2025,0.05878111587982833,0.30672389127324756
1848,0.69,5.20625,0.07059227467811159,0.36852646638054365
1849,0.69,5.21375,0.0683032904148784,0.3570815450643777
1850,0.6925,5.19875,0.0576824034334764,0.29985693848354794
1851,0.7075,5.20125,0.07727610872675252,0.4005722460658083
1852,0.67,5.2125,0.07123319027181689,0.37081545064377686
1853,0.7775,5.21375,0.06482403433476396,0.33648068669527903
1854,0.6725,5.21375,0.07187410586552218,0.37539341917024327
1855,0.92,5.18,0.062077253218884125,0.32274678111587984
1856,0.715,5.18375,0.059605150214592284,0.30672389127324756
1857,0.8,5.2,0.062077253218884125,0.32274678111587984
1858,0.71,5.2075,0.07544492131616595,0.3937052932761088
1859,0.805,5.18875,0.06711301859799715,0.34792560801144495
1860,0.725,5.20875,0.06042918454935623,0.3158798283261803
1861,0.7825,5.19875,0.05603433476394851,0.2929899856938484
1862,0.685,5.18625,0.05704148783977111,0.2952789699570816
1863,0.7275,5.1875,0.060612303290414886,0.3158798283261803
1864,0.705,5.21375,0.0683032904148784,0.3570815450643777
1865,0.875,5.21375,0.07288125894134478,0.3776824034334764
1866,0.8075,5.215,0.0672961373390558,0.35250357653791137
1867,0.69,5.20375,0.07059227467811159,0.36852646638054365
1868,0.8575,5.21375,0.07141630901287555,0.37081545064377686
1869,0.6875,5.19875,0.05731616595135909,0.2952789699570816
1870,0.845,5.185,0.06500715307582261,0.33648068669527903
1871,0.71,5.185,0.05914735336194564,0.30672389127324756
1872,0.7875,5.2075,0.06564806866952791,0.3410586552217454
1873,0.91,5.17875,0.06079542203147354,0.3158798283261803
1874,0.7875,5.20625,0.06564806866952791,0.3410586552217454
1875,0.8575,5.20875,0.07141630901287555,0.37081545064377686
1876,0.825,5.18625,0.06143633762517883,0.3181688125894135
1877,0.855,5.205,0.07123319027181689,0.37081545064377686
1878,0.8825,5.21375,0.07352217453505008,0.38226037195994284
1879,0.695,5.205,0.07123319027181689,0.37081545064377686
1880,0.915,5.21375,0.0762689556509299,0.3982832618025752
1881,0.6825,5.195,0.056858369098712454,0.2952789699570816
1882,0.7025,5.2125,0.06454935622317597,0.33648068669527903
1883,0.7175,5.21125,0.061711015736766815,0.32274678111587984
1884,0.6725,5.1875,0.05603433476394851,0.2929899856938484
1885,0.9225,5.18125,0.06143633762517883,0.3181688125894135
1886,0.885,5.1825,0.059971387696709594,0.3113018597997139
1887,0.7175,5.19125,0.05978826895565094,0.3113018597997139
1888,0.75,5.20125,0.07315593705293277,0.3776824034334764
1889,0.905,5.18375,0.05914735336194564,0.30672389127324756
1890,0.7725,5.2125,0.06436623748211731,0.3341917024320458
1891,0.7175,5.20125,0.06857796852646639,0.3570815450643777
1892,0.71,5.21125,0.06253505007153076,0.32732474964234626
1893,0.7025,5.20125,0.05850643776824035,0.30443490701001436
1894,0.77,5.20125,0.06271816881258942,0.32732474964234626
1895,0.6775,5.21375,0.07581115879828328,0.3937052932761088
1896,0.8325,5.21375,0.06940200286123034,0.35937052932761093
1897,0.74,5.195,0.061711015736766815,0.32274678111587984
1898,0.67,5.21125,0.07123319027181689,0.37081545064377686
1899,0.8425,5.2125,0.07022603719599428,0.36852646638054365
1900,0.8225,5.19125,0.06857796852646639,0.3570815450643777
1901,0.7125,5.205,0.0762689556509299,0.3982832618025752
1902,0.8875,5.20375,0.07397997138769671,0.3868383404864092
1903,0.755,5.18125,0.06290128755364807,0.32732474964234626
1904,0.71,5.21,0.07974821173104436,0.41659513590844066
1905,0.685,5.19,0.05704148783977111,0.2952789699570816
1906,0.745,5.19,0.062077253218884125,0.32274678111587984
1907,0.74,5.2075,0.0662889842632332,0.34563662374821175
1908,0.6825,5.19,0.056858369098712454,0.2952789699570816
1909,0.68,5.19125,0.0566752503576538,0.2929899856938484
1910,0.7,5.2125,0.0762689556509299,0.3982832618025752
1911,0.7625,5.20875,0.06354220314735337,0.32961373390557946
1912,0.6775,5.18625,0.056492131616595144,0.2929899856938484
1913,0.6875,5.215,0.0683032904148784,0.3570815450643777
1914,0.7825,5.21125,0.06519027181688127,0.3410586552217454
1915,0.845,5.19,0.07040915593705294,0.3639484978540773
1916,0.74,5.1975,0.07315593705293277,0.3776824034334764
1917,0.8275,5.19125,0.0689442060085837,0.3570815450643777
1918,0.7125,5.18875,0.059330472103004295,0.30672389127324756
1919,0.89,5.1825,0.06418311874105866,0.3341917024320458
1920,0.8775,5.18375,0.057499284692417746,0.2952789699570816
1921,0.7775,5.19375,0.06482403433476396,0.33648068669527903
1922,0.7875,5.19875,0.056858369098712454,0.2952789699570816
1923,0.8275,5.18875,0.05566809728183119,0.288412017167382
1924,0.695,5.18375,0.05795708154506438,0.29985693848354794
1925,0.8775,5.18625,0.060612303290414886,0.3158798283261803
1926,0.6725,5.21,0.07498712446351932,0.3891273247496424
1927,0.6925,5.20125,0.0576824034334764,0.29985693848354794
1928,0.71,5.21125,0.06436623748211731,0.3341917024320458
1929,0.795,5.1975,0.056492131616595144,0.2929899856938484
1930,0.92,5.20375,0.07663519313304722,0.3982832618025752
1931,0.7375,5.21,0.07205722460658083,0.37539341917024327
1932,0.72,5.21,0.0762689556509299,0.3982832618025752
1933,0.7925,5.18625,0.06601430615164522,0.3410586552217454
1934,0.8075,5.1925,0.0672961373390558,0.34792560801144495
1935,0.8725,5.18375,0.0576824034334764,0.29985693848354794
1936,0.8125,5.19875,0.06775393419170243,0.35250357653791137
1937,0.8825,5.2075,0.07352217453505008,0.38226037195994284
1938,0.8825,5.1825,0.056492131616595144,0.2929899856938484
1939,0.7175,5.185,0.05978826895565094,0.3113018597997139
1940,0.8625,5.205,0.07187410586552218,0.37539341917024327
1941,0.8825,5.1825,0.057499284692417746,0.2952789699570816
1942,0.75,5.19125,0.06253505007153076,0.32732474964234626
1943,0.8425,5.205,0.07022603719599428,0.3639484978540773
1944,0.855,5.185,0.06308440629470673,0.32732474964234626
1945,0.7175,5.1925,0.05978826895565094,0.3113018597997139
1946,0.905,5.205,0.07544492131616595,0.3937052932761088
1947,0.91,5.1825,0.059605150214592284,0.30672389127324756
1948,0.85,5.2125,0.07086695278969958,0.36852646638054365
1949,0.8925,5.20125,0.07434620886981402,0.3868383404864092
1950,0.7825,5.20875,0.07544492131616595,0.3937052932761088
1951,0.755,5.21,0.06290128755364807,0.32732474964234626
1952,0.7825,5.21125,0.06519027181688127,0.3410586552217454
1953,0.6725,5.20875,0.07269814020028613,0.3776824034334764
1954,0.8775,5.21375,0.07315593705293277,0.38226037195994284
1955,0.685,5.195,0.05704148783977111,0.2952789699570816
1956,0.7425,5.20625,0.05978826895565094,0.3113018597997139
1957,1.1125,5.185,0.11481545064377684,0.5974248927038627
1958,0.8175,5.195,0.06812017167381974,0.35250357653791137
1959,0.815,5.19375,0.05603433476394851,0.2929899856938484
1960,1.28,5.16625,0.09751072961373392,0.5035765379113019
1961,0.855,5.18625,0.07123319027181689,0.37081545064377686
1962,0.715,5.21375,0.07370529327610874,0.38226037195994284
1963,0.7125,5.20875,0.07608583690987125,0.3982832618025752
1964,0.9,5.2025,0.07498712446351932,0.3891273247496424
1965,0.73,5.2075,0.06107010014306152,0.3181688125894135
1966,0.76,5.2025,0.05832331902718169,0.30443490701001436
1967,0.675,5.18125,0.05621745350500716,0.2929899856938484
1968,0.77,5.2,0.05832331902718169,0.30443490701001436
1969,0.8225,5.19,0.059330472103004295,0.30672389127324756
1970,0.7075,5.1825,0.058964234620886985,0.30443490701001436
1971,0.82,5.1925,0.0683032904148784,0.3570815450643777
1972,0.855,5.18375,0.05878111587982833,0.30443490701001436
1973,0.8075,5.19875,0.0672961373390558,0.34792560801144495
1974,0.88,5.2125,0.07333905579399143,0.38226037195994284
1975,0.8275,5.195,0.059971387696709594,0.3113018597997139
1976,0.8625,5.21375,0.07187410586552218,0.37539341917024327
1977,0.8175,5.20875,0.06812017167381974,0.3570815450643777
1978,0.8875,5.18125,0.06253505007153076,0.32274678111587984
1979,0.75,5.18125,0.06253505007153076,0.32274678111587984
1980,0.7375,5.18375,0.06143633762517883,0.3181688125894135
1981,0.695,5.20875,0.07517024320457798,0.3891273247496424
1982,1.37,5.15,0.11417453505007154,0.58826895565093
1983,0.805,5.1875,0.06711301859799715,0.34792560801144495
1984,0.7525,5.2075,0.07141630901287555,0.37081545064377686
1985,0.9125,5.21125,0.07608583690987125,0.3982832618025752
1986,0.9,5.20375,0.07498712446351932,0.3891273247496424
1987,0.84,5.1925,0.05978826895565094,0.3113018597997139
1988,0.7575,5.21,0.06308440629470673,0.32961373390557946
1989,0.675,5.185,0.05621745350500716,0.2929899856938484
1990,0.725,5.2025,0.08853791130185981,0.46237482117310447
1991,0.7675,5.1825,0.064,0.32961373390557946
1992,0.71,5.18375,0.05914735336194564,0.30672389127324756
1993,0.7875,5.1925,0.06857796852646639,0.3570815450643777
1994,0.905,5.18125,0.062077253218884125,0.32274678111587984
1995,0.865,5.2125,0.07205722460658083,0.37539341917024327
1996,0.8425,5.1825,0.07086695278969958,0.36852646638054365
1997,0.675,5.21375,0.07416309012875537,0.3868383404864092
1998,0.85,5.215,0.07086695278969958,0.37081545064377686
1999,0.775,5.1925,0.06372532188841203,0.32961373390557946
2000,0.6725,5.2075,0.07416309012875537,0.3868383404864092
2001,0.8325,5.20375,0.06940200286123034,0.35937052932761093
2002,0.865,5.18125,0.056492131616595144,0.2929899856938484
2003,0.8275,5.1875,0.061711015736766815,0.3181688125894135
2004,0.8025,5.1925,0.06683834048640916,0.34792560801144495
2005,0.7275,5.20875,0.07727610872675252,0.4005722460658083
2006,0.805,5.19125,0.07498712446351932,0.3891273247496424
2007,1.0475,5.17125,0.08725608011444923,0.45092989985693854
2008,0.9125,5.17875,0.07608583690987125,0.3982832618025752
2009,0.86,5.1875,0.059330472103004295,0.30672389127324756
2010,0.715,5.205,0.059605150214592284,0.3113018597997139
2011,0.7025,5.1825,0.05850643776824035,0.30443490701001436
2012,0.75,5.205,0.060246065808297576,0.3158798283261803
2013,0.735,5.18375,0.06125321888412018,0.3181688125894135
2014,0.78,5.19375,0.06500715307582261,0.33648068669527903
2015,0.8675,5.18125,0.05795708154506438,0.29985693848354794
2016,0.755,5.19125,0.06290128755364807,0.32732474964234626
2017,0.7875,5.19375,0.06564806866952791,0.3410586552217454
2018,0.8225,5.1875,0.06107010014306152,0.3158798283261803
2019,0.9025,5.2075,0.07517024320457798,0.3891273247496424
2020,0.8325,5.19625,0.06940200286123034,0.35937052932761093
2021,0.7375,5.21,0.0672961373390558,0.34792560801144495
2022,0.8375,5.2125,0.06976824034334765,0.3639484978540773
2023,0.9075,5.2075,0.07562804005722461,0.3937052932761088
2024,0.8325,5.19125,0.06876108726752504,0.3570815450643777
2025,0.73,5.205,0.06079542203147354,0.3158798283261803
2026,0.755,5.1925,0.06290128755364807,0.32732474964234626
2027,0.715,5.21125,0.0683032904148784,0.3570815450643777
2028,0.6775,5.1825,0.056492131616595144,0.2929899856938484
2029,0.7775,5.1925,0.06482403433476396,0.33648068669527903
2030,0.8625,5.18125,0.05704148783977111,0.2952789699570816
2031,0.7325,5.1975,0.06793705293276109,0.35250357653791137
2032,0.8425,5.215,0.07022603719599428,0.36852646638054365
2033,0.715,5.2,0.06747925608011446,0.35250357653791137
2034,0.6775,5.215,0.06976824034334765,0.3639484978540773
2035,1.24,5.17625,0.10337052932761089,0.5356223175965666
2036,0.8025,5.19375,0.06940200286123034,0.35937052932761093
2037,0.825,5.19,0.06775393419170243,0.35250357653791137
2038,0.8025,5.19,0.06683834048640916,0.34563662374821175
2039,0.7625,5.20625,0.06500715307582261,0.33648068669527903
2040,0.72,5.2,0.07004291845493563,0.3639484978540773
2041,0.88,5.2125,0.07333905579399143,0.38226037195994284
2042,0.88,5.1825,0.060612303290414886,0.3158798283261803
2043,0.8675,5.1825,0.062077253218884125,0.32274678111587984
2044,0.6825,5.18625,0.056858369098712454,0.2952789699570816
2045,0.6975,5.2125,0.05814020028612304,0.34563662374821175
2046,0.7675,5.2025,0.05795708154506438,0.29985693848354794
2047,0.685,5.1825,0.05704148783977111,0.2952789699570816
2048,0.835,5.2025,0.069585121602289,0.3639484978540773
2049,0.8225,5.1875,0.06189413447782547,0.32274678111587984
2050,0.7275,5.19625,0.060612303290414886,0.3158798283261803
2051,0.85,5.21375,0.07086695278969958,0.37081545064377686
2052,0.9075,5.18125,0.059605150214592284,0.30672389127324756
2053,0.79,5.20625,0.06583118741058656,0.3410586552217454
2054,0.8525,5.2125,0.07105007153075824,0.37081545064377686
2055,0.9075,5.18,0.06226037195994278,0.32274678111587984
2056,0.835,5.20125,0.069585121602289,0.3639484978540773
2057,0.91,5.21,0.07581115879828328,0.3937052932761088
2058,0.785,5.19625,0.05731616595135909,0.2952789699570816
2059,0.68,5.18,0.0566752503576538,0.2929899856938484
2060,0.7425,5.18875,0.06189413447782547,0.32274678111587984
2061,0.87,5.18375,0.06143633762517883,0.3181688125894135
2062,0.7975,5.19625,0.06647210300429185,0.34563662374821175
2063,0.865,5.2075,0.07205722460658083,0.37539341917024327
2064,0.865,5.18125,0.06253505007153076,0.32274678111587984
2065,0.72,5.18,0.059971387696709594,0.3113018597997139
2066,0.755,5.20375,0.06290128755364807,0.32732474964234626
2067,0.8875,5.1825,0.06271816881258942,0.32732474964234626
2068,0.735,5.21,0.06976824034334765,0.3639484978540773
2069,0.9125,5.21,0.07608583690987125,0.3982832618025752
2070,0.9125,5.18375,0.06747925608011446,0.34792560801144495
2071,0.8525,5.18625,0.05603433476394851,0.288412017167382
2072,0.8325,5.1975,0.06940200286123034,0.35937052932761093
2073,0.855,5.1825,0.05878111587982833,0.30443490701001436
2074,0.67,5.21125,0.07251502145922747,0.3776824034334764
2075,0.86,5.2075,0.07169098712446352,0.37539341917024327
2076,0.705,5.2025,0.06876108726752504,0.3570815450643777
2077,0.675,5.2125,0.07498712446351932,0.3891273247496424
2078,0.8575,5.21625,0.07141630901287555,0.37081545064377686
2079,0.7625,5.19375,0.06372532188841203,0.32961373390557946
2080,0.8575,5.18875,0.058964234620886985,0.30672389127324756
2081,0.8075,5.2075,0.0672961373390558,0.34792560801144495
2082,0.8425,5.1875,0.07022603719599428,0.36852646638054365
2083,0.8775,5.18625,0.05914735336194564,0.30672389127324756
2084,0.8825,5.2125,0.07352217453505008,0.38226037195994284
2085,0.91,5.20125,0.07581115879828328,0.3937052932761088
2086,0.8675,5.18375,0.060612303290414886,0.3158798283261803
2087,0.7875,5.18,0.06564806866952791,0.3410586552217454
2088,0.7825,5.195,0.06519027181688127,0.33648068669527903
2089,0.8725,5.18125,0.056858369098712454,0.2952789699570816
2090,0.6775,5.1825,0.056492131616595144,0.2929899856938484
2091,0.8775,5.21,0.07315593705293277,0.38226037195994284
2092,0.7,5.2025,0.06976824034334765,0.3639484978540773
2093,0.855,5.215,0.07123319027181689,0.37081545064377686
2094,0.885,5.1925,0.07370529327610874,0.38226037195994284
2095,0.745,5.20875,0.07709298998569386,0.4005722460658083
2096,0.905,5.205,0.07544492131616595,0.3937052932761088
2097,0.855,5.1975,0.07123319027181689,0.37081545064377686
2098,0.7125,5.21125,0.07480400572246067,0.3891273247496424
2099,0.8225,5.19125,0.06857796852646639,0.3570815450643777
2100,0.7725,5.19375,0.06436623748211731,0.3341917024320458
2101,0.8625,5.185,0.05621745350500716,0.2929899856938484
2102,0.6725,5.195,0.05603433476394851,0.2929899856938484
2103,0.675,5.1975,0.05621745350500716,0.2929899856938484
2104,0.68,5.2125,0.07608583690987125,0.3982832618025752
2105,0.6875,5.215,0.06775393419170243,0.35250357653791137
2106,0.6875,5.19875,0.05731616595135909,0.2952789699570816
2107,0.7275,5.2125,0.07004291845493563,0.3639484978540773
2108,0.6825,5.21375,0.06976824034334765,0.3639484978540773
2109,0.6825,5.19875,0.056858369098712454,0.2952789699570816
2110,0.8125,5.19125,0.06793705293276109,0.35250357653791137
2111,0.9075,5.18,0.05978826895565094,0.3113018597997139
2112,0.7375,5.19875,0.06143633762517883,0.3181688125894135
2113,0.8525,5.19,0.05914735336194564,0.30672389127324756
2114,0.8475,5.1925,0.058964234620886985,0.30672389127324756
2115,0.9175,5.21125,0.07645207439198856,0.3982832618025752
2116,0.675,5.21375,0.07233190271816882,0.3776824034334764
2117,0.69,5.21375,0.06793705293276109,0.35250357653791137
2118,0.8625,5.2075,0.07187410586552218,0.37539341917024327
2119,0.735,5.19625,0.06125321888412018,0.3181688125894135
2120,0.6675,5.21,0.07187410586552218,0.37539341917024327
2121,0.8525,5.21625,0.07105007153075824,0.37081545064377686
2122,0.67,5.1875,0.055851216022889845,0.288412017167382
2123,0.7525,5.20375,0.059605150214592284,0.3113018597997139
2124,0.68,5.18,0.0566752503576538,0.2929899856938484
2125,0.715,5.185,0.059605150214592284,0.30672389127324756
2126,0.805,5.19125,0.0683032904148784,0.3570815450643777
2127,0.7475,5.18125,0.06226037195994278,0.32274678111587984
2128,0.7425,5.18125,0.06189413447782547,0.32274678111587984
2129,0.71,5.20875,0.07517024320457798,0.3891273247496424
2130,0.9325,5.20875,0.07773390557939915,0.40515021459227474
2131,0.8725,5.20875,0.07269814020028613,0.3776824034334764
2132,0.7025,5.2,0.06976824034334765,0.3639484978540773
2133,0.855,5.21,0.07123319027181689,0.37081545064377686
2134,0.7725,5.2125,0.06436623748211731,0.3341917024320458
2135,0.725,5.21,0.061711015736766815,0.32274678111587984
2136,0.7175,5.185,0.05978826895565094,0.3113018597997139
2137,0.7925,5.1975,0.06601430615164522,0.3410586552217454
2138,0.7975,5.195,0.05621745350500716,0.2929899856938484
2139,0.7,5.1825,0.05832331902718169,0.30443490701001436
2140,0.7125,5.19375,0.059330472103004295,0.30672389127324756
2141,0.7925,5.1925,0.06876108726752504,0.3570815450643777
2142,0.875,5.18625,0.06482403433476396,0.33648068669527903
2143,0.76,5.205,0.06335908440629472,0.32961373390557946
2144,0.72,5.2025,0.07892417739628041,0.4097281831187411
2145,0.7975,5.19125,0.06271816881258942,0.32732474964234626
2146,0.9875,5.18625,0.08231187410586553,0.4280400572246066
2147,0.8275,5.195,0.06042918454935623,0.3158798283261803
2148,0.75,5.2075,0.0666552217453505,0.34792560801144495
2149,0.9075,5.21125,0.07562804005722461,0.3937052932761088
2150,0.9175,5.18,0.06042918454935623,0.3113018597997139
2151,0.8025,5.19875,0.06189413447782547,0.32274678111587984
2152,2.3875,5.0825,0.19895851216022892,1.0117310443490701
2153,3.465,5.02875,0.288961373390558,1.4512160228898427
2154,3.46,5.0275,0.29253218884120175,1.4695278969957082
2155,3.465,5.025,0.2887782546494993,1.4512160228898427
2156,3.4725,5.0275,0.2894191702432046,1.4557939914163092
2157,3.46,5.025,0.3016881258941345,1.515307582260372
2158,3.4575,5.02875,0.28813733905579403,1.4466380543633763
2159,3.4275,5.03,0.2856652360515022,1.4374821173104437
2160,3.445,5.0275,0.28621459227467816,1.439771101573677
2161,3.43,5.03,0.2858483547925608,1.4374821173104437
2162,3.44,5.03,0.2866723891273248,1.439771101573677
2163,3.4375,5.03,0.2853905579399142,1.4374821173104437
2164,3.44,5.02875,0.2866723891273248,1.439771101573677
2165,3.445,5.02875,0.28703862660944207,1.4443490701001431
2166,3.4725,5.02625,0.2876795422031474,1.4466380543633763
2167,3.4175,5.03,0.2847496423462089,1.4329041487839773
2168,3.4325,5.0275,0.28603147353361946,1.4374821173104437
2169,3.4475,5.02875,0.28731330472103006,1.4443490701001431
2170,3.4575,5.02625,0.28813733905579403,1.4466380543633763
2171,3.45,5.0275,0.2874964234620887,1.4443490701001431
2172,3.4575,5.02875,0.28621459227467816,1.439771101573677
2173,3.43,5.02875,0.2858483547925608,1.4374821173104437
2174,3.43,5.02875,0.2858483547925608,1.4374821173104437
2175,3.435,5.03,0.2835593705293276,1.4260371959942777
2176,3.425,5.02875,0.2853905579399142,1.4374821173104437
2177,3.4375,5.02625,0.28648927038626615,1.439771101573677
2178,3.4575,5.0275,0.2856652360515022,1.4374821173104437
2179,3.4475,5.02875,0.28685550786838343,1.4443490701001431
2180,3.435,5.0275,0.28621459227467816,1.439771101573677
2181,3.435,5.02875,0.2858483547925608,1.4374821173104437
2182,3.4575,5.02625,0.29793419170243207,1.4969957081545067
2183,3.445,5.0275,0.28703862660944207,1.4443490701001431
2184,3.435,5.03125,0.2837424892703863,1.428326180257511
2185,3.4325,5.02875,0.28520743919885555,1.4329041487839773
2186,3.445,5.03,0.28703862660944207,1.4443490701001431
2187,3.445,5.02875,0.2874964234620887,1.4466380543633763
2188,3.4275,5.03,0.2845665236051502,1.4329041487839773
2189,3.46,5.02875,0.28832045779685267,1.4512160228898427
2190,3.4625,5.0275,0.2845665236051502,1.428326180257511
2191,3.435,5.03,0.283376251788269,1.4260371959942777
2192,3.465,5.0275,0.2887782546494993,1.4512160228898427
2193,3.4625,5.02875,0.2885035765379113,1.4512160228898427
2194,3.455,5.02875,0.2887782546494993,1.4512160228898427
2195,3.43,5.02875,0.2858483547925608,1.4374821173104437
2196,3.4575,5.0275,0.28813733905579403,1.4466380543633763
2197,3.4625,5.02875,0.2879542203147354,1.4466380543633763
2198,3.4075,5.03,0.28392560801144495,1.428326180257511
2199,3.46,5.02875,0.28832045779685267,1.4512160228898427
2200,3.45,5.02875,0.2824606580829757,1.4214592274678113
2201,3.4225,5.02875,0.28520743919885555,1.4329041487839773
2202,3.4675,5.0275,0.288961373390558,1.4512160228898427
2203,3.4575,5.0275,0.28731330472103006,1.4443490701001431
2204,3.475,5.02875,0.28960228898426327,1.4557939914163092
2205,3.4325,5.03,0.28603147353361946,1.439771101573677
2206,3.08,5.05125,0.26002861230329044,1.3115879828326182
2207,3.125,5.04625,0.2603948497854078,1.3115879828326182
2208,3.5775,5.01,0.2981173104434907,1.4924177396280403
2209,3.12,5.05,0.25975393419170245,1.3115879828326182
2210,3.1125,5.04875,0.25938769670958517,1.309298998569385
2211,3.1025,5.045,0.2585636623748212,1.3047210300429186
2212,3.1175,5.04875,0.2635078683834049,1.3321888412017169
2213,3.095,5.05,0.25792274678111593,1.3024320457796854
2214,3.1,5.05,0.2582889842632332,1.3047210300429186
2215,3.175,5.04375,0.2625007153075823,1.3230329041487843
2216,3.0925,5.05,0.256,1.2932761087267526
2217,3.105,5.04875,0.25874678111587984,1.3047210300429186
2218,3.6225,5.02,0.30187124463519316,1.515307582260372
2219,3.64,5.01125,0.29747639484978544,1.4878397711015738
2220,3.6225,5.01875,0.30187124463519316,1.515307582260372
2221,3.63,5.01875,0.3026952789699571,1.5198855507868385
2222,3.6375,5.0175,0.30351931330472104,1.5221745350500717
2223,3.6075,5.01625,0.30058941344778256,1.5084406294706727
2224,3.6325,5.0175,0.3016881258941345,1.515307582260372
2225,3.605,5.0175,0.3012303290414879,1.5107296137339057
2226,3.57,5.01,0.29747639484978544,1.4878397711015738
2227,3.63,5.01125,0.2991244635193133,1.4992846924177399
2228,3.63,5.01625,0.29775107296137343,1.4924177396280403
2229,3.6375,5.01375,0.30315307582260376,1.5198855507868385
2230,3.615,5.0175,0.3012303290414879,1.5107296137339057
2231,3.6475,5.01375,0.3004062947067239,1.5084406294706727
2232,3.6475,5.015,0.3039771101573677,1.5221745350500717
2233,3.56,5.015,0.2966523605150215,1.4878397711015738
2234,3.65,5.0125,0.3010472103004292,1.5084406294706727
2235,3.595,5.01875,0.29958226037195995,1.5038626609442063
2236,3.56,5.02,0.2966523605150215,1.4878397711015738
2237,3.6925,5.01375,0.3023290414878398,1.515307582260372
2238,3.59,5.02,0.2991244635193133,1.4992846924177399
2239,3.6175,5.01625,0.30141344778254653,1.5107296137339057
2240,3.5725,5.01875,0.29793419170243207,1.4969957081545067
2241,3.665,5.0125,0.30544206008583696,1.5290414878397713
2242,3.635,5.015,0.30287839771101577,1.5198855507868385
2243,3.675,5.01625,0.30141344778254653,1.5107296137339057
2244,3.6425,5.01625,0.30351931330472104,1.5221745350500717
2245,3.595,5.02,0.29958226037195995,1.5038626609442063
2246,3.6175,5.015,0.3020543633762518,1.515307582260372
2247,3.6325,5.02,0.3026952789699571,1.5198855507868385
2248,3.6125,5.015,0.3010472103004292,1.5107296137339057
2249,3.7025,5.015,0.3100200286123033,1.5565092989985696
2250,3.605,5.01625,0.3004062947067239,1.5084406294706727
2251,3.635,5.015,0.30287839771101577,1.5198855507868385
2252,3.6125,5.0175,0.30315307582260376,1.5221745350500717
2253,3.6525,5.0175,0.3002231759656653,1.5084406294706727
2254,3.6375,5.0175,0.30315307582260376,1.5221745350500717
2255,3.6175,5.02,0.2971101573676681,1.4924177396280403
2256,3.605,5.015,0.3095622317596567,1.5519313304721032
2257,3.615,5.0175,0.3012303290414879,1.5107296137339057
2258,3.6075,5.02,0.29976537911301865,1.5038626609442063
2259,3.67,5.0175,0.30004005722460664,1.5038626609442063
2260,3.6125,5.015,0.3010472103004292,1.5107296137339057
2261,3.63,5.0175,0.30187124463519316,1.515307582260372
2262,3.665,5.01625,0.3010472103004292,1.5107296137339057
2263,3.7975,5.01,0.31642918454935626,1.5862660944206008
2264,3.6325,5.01875,0.30287839771101577,1.5198855507868385
2265,3.555,5.0225,0.2894191702432046,1.4557939914163092
2266,3.6125,5.0175,0.3010472103004292,1.5107296137339057
2267,3.6075,5.0225,0.30058941344778256,1.5084406294706727
2268,3.585,5.01875,0.29793419170243207,1.4969957081545067
2269,3.6,5.0175,0.30004005722460664,1.5038626609442063
2270,3.64,5.015,0.3033361945636624,1.5221745350500717
2271,3.5775,5.0175,0.3064492131616595,1.538197424892704
2272,3.6175,5.0175,0.30141344778254653,1.5107296137339057
2273,3.6075,5.02,0.30058941344778256,1.5084406294706727
2274,3.6175,5.0175,0.2993991416309013,1.5038626609442063
2275,3.5975,5.01875,0.29976537911301865,1.5038626609442063
2276,3.6325,5.0175,0.3026952789699571,1.5198855507868385
2277,3.6025,5.01625,0.3002231759656653,1.5084406294706727
2278,3.6475,5.0175,0.3039771101573677,1.5267525035765381
2279,3.6,5.01875,0.30004005722460664,1.5084406294706727
2280,3.63,5.01625,0.2989413447782547,1.4992846924177399
2281,3.5875,5.01875,0.2989413447782547,1.4992846924177399
2282,3.6375,5.015,0.30315307582260376,1.5198855507868385
2283,3.6275,5.01625,0.29857510729613734,1.4969957081545067
2284,3.5975,5.0175,0.29976537911301865,1.5038626609442063
2285,3.635,5.0175,0.30287839771101577,1.5198855507868385
2286,3.63,5.01875,0.3026952789699571,1.5198855507868385
2287,3.62,5.0175,0.3016881258941345,1.515307582260372
2288,3.8,5.01875,0.31670386266094425,1.5908440629470673
2289,3.6125,5.01875,0.3016881258941345,1.515307582260372
2290,3.58,5.01875,0.30187124463519316,1.515307582260372
2291,3.6,5.0175,0.30004005722460664,1.5038626609442063
2292,3.6975,5.0175,0.30251216022889843,1.5198855507868385
2293,3.63,5.015,0.3087381974248927,1.54964234620887
2294,3.61,5.01875,0.30086409155937055,1.5107296137339057
2295,3.6125,5.02125,0.2983004291845494,1.4969957081545067
2296,3.6275,5.0175,0.30004005722460664,1.5038626609442063
2297,3.625,5.02,0.3020543633762518,1.515307582260372
2298,3.63,5.0175,0.30187124463519316,1.515307582260372
2299,3.6325,5.0175,0.29857510729613734,1.4969957081545067
2300,3.655,5.015,0.304618025751073,1.5267525035765381
2301,3.6225,5.0175,0.3010472103004292,1.5107296137339057
2302,3.65,5.02,0.3010472103004292,1.5107296137339057
2303,3.66,5.0175,0.3049842632331903,1.5290414878397713
2304,3.58,5.02,0.2983004291845494,1.4992846924177399
2305,3.6,5.01875,0.29253218884120175,1.467238912732475
2306,3.6,5.01875,0.30004005722460664,1.5084406294706727
2307,3.6775,5.01625,0.3064492131616595,1.538197424892704
2308,3.635,5.01375,0.31249213161659517,1.5679542203147354
2309,3.5875,5.01625,0.2989413447782547,1.4992846924177399
2310,3.63,5.02,0.30251216022889843,1.5198855507868385
2311,3.635,5.01625,0.29875822603719604,1.4992846924177399
2312,3.965,4.98125,0.3304377682403434,1.645779685264664
2313,4.2025,4.975,0.35021459227467816,1.7442060085836912
2314,4.14,4.99,0.3087381974248927,1.5404864091559372
2315,3.7225,5.00875,0.31020314735336196,1.5519313304721032
2316,3.705,5.01125,0.3087381974248927,1.54964234620887
2317,3.74,5.01,0.3100200286123033,1.5519313304721032
2318,3.7525,5.00625,0.3126752503576538,1.563376251788269
2319,3.7575,5.00875,0.31313304721030044,1.5679542203147354
2320,3.7525,5.0075,0.3108440629470673,1.5565092989985696
2321,3.735,5.00875,0.31121030042918457,1.5610872675250358
2322,1.5275,5.1625,0.12726752503576538,0.6569384835479257
2323,1.2175,5.1775,0.11682975679542204,0.6042918454935623
2324,1.2125,5.16,0.10108154506437769,0.5218884120171675
2325,1.535,5.145,0.12790844062947068,0.6569384835479257
2326,1.4025,5.14875,0.10520171673819743,0.540200286123033
2327,1.1375,5.18,0.1104206008583691,0.5745350500715308
2328,1.1675,5.1525,0.09732761087267526,0.5035765379113019
2329,1.1975,5.17125,0.10941344778254651,0.5653791130185981
2330,1.3075,5.1575,0.09274964234620887,0.48068669527897
2331,1.3175,5.1825,0.10977968526466382,0.5699570815450644
2332,2.1275,5.11125,0.1787238912732475,0.9155937052932762
2333,1.2925,5.16375,0.11893562231759658,0.6157367668097282
2334,1.28,5.165,0.10666666666666667,0.5516452074391989
2335,1.31,5.165,0.10959656652360517,0.5653791130185981
2336,1.275,5.165,0.10565951359084408,0.5470672389127326
2337,1.27,5.16625,0.10584263233190273,0.5470672389127326
2338,1.275,5.165,0.10602575107296139,0.5470672389127326
2339,1.27,5.165,0.10648354792560802,0.5516452074391989
2340,1.27,5.16625,0.10584263233190273,0.5470672389127326
2341,1.2275,5.16875,0.10227181688125896,0.5241773962804006
2342,1.24,5.16625,0.10666666666666667,0.5516452074391989
2343,1.225,5.16875,0.1020886981402003,0.528755364806867
2344,1.2325,5.16875,0.10272961373390559,0.5333333333333334
2345,1.23,5.1675,0.10291273247496424,0.5333333333333334
2346,1.1525,5.1525,0.09604577968526468,0.49442060085836914
2347,1.1475,5.16875,0.09558798283261803,0.49442060085836914
2348,1.3125,5.15625,0.1020886981402003,0.5241773962804006
2349,1.1475,5.16875,0.09558798283261803,0.49442060085836914
2350,1.3125,5.16,0.10941344778254651,0.5653791130185981
2351,1.22,5.1725,0.11353361945636625,0.58826895565093
2352,1.225,5.17125,0.1020886981402003,0.528755364806867
2353,1.375,5.17125,0.11454077253218885,0.5928469241773964
2354,0.8675,5.185,0.06537339055793992,0.33648068669527903
2355,0.7125,5.1825,0.059330472103004295,0.30672389127324756
2356,0.825,5.19875,0.06876108726752504,0.3570815450643777
2357,0.865,5.18125,0.05814020028612304,0.29985693848354794
2358,0.6875,5.18125,0.05731616595135909,0.2952789699570816
2359,0.81,5.19875,0.06747925608011446,0.35250357653791137
2360,0.845,5.18375,0.059330472103004295,0.30672389127324756
2361,0.8175,5.1975,0.06812017167381974,0.35250357653791137
2362,0.8475,5.20375,0.07059227467811159,0.36852646638054365
2363,0.8725,5.18125,0.057499284692417746,0.2952789699570816
2364,0.765,5.1925,0.06372532188841203,0.32961373390557946
2365,0.755,5.18,0.06290128755364807,0.32732474964234626
2366,0.715,5.2075,0.07608583690987125,0.3982832618025752
2367,0.715,5.20625,0.07837482117310444,0.4097281831187411
2368,0.925,5.20375,0.07709298998569386,0.4005722460658083
2369,0.7625,5.20625,0.0666552217453505,0.34792560801144495
2370,0.7125,5.2075,0.07517024320457798,0.3891273247496424
2371,0.89,5.21375,0.07416309012875537,0.3868383404864092
2372,0.6725,5.20875,0.07352217453505008,0.38226037195994284
2373,0.7,5.2125,0.06601430615164522,0.34563662374821175
2374,0.6725,5.185,0.05603433476394851,0.288412017167382
2375,0.72,5.21,0.06418311874105866,0.3341917024320458
2376,0.7275,5.20875,0.06290128755364807,0.32732474964234626
2377,0.68,5.18125,0.0566752503576538,0.2929899856938484
2378,0.78,5.19625,0.06500715307582261,0.32274678111587984
2379,0.7725,5.2,0.05832331902718169,0.30443490701001436
2380,0.87,5.2075,0.07251502145922747,0.3776824034334764
2381,0.8775,5.21125,0.07315593705293277,0.38226037195994284
2382,0.8975,5.18,0.06189413447782547,0.3181688125894135
2383,0.725,5.18125,0.06042918454935623,0.3113018597997139
2384,0.72,5.18,0.059971387696709594,0.3113018597997139
2385,0.8075,5.19125,0.06912732474964235,0.35937052932761093
2386,0.8225,5.2,0.06857796852646639,0.3570815450643777
2387,0.76,5.21,0.06335908440629472,0.32961373390557946
2388,0.68,5.215,0.07123319027181689,0.37081545064377686
2389,0.75,5.20625,0.06253505007153076,0.32732474964234626
2390,0.68,5.195,0.0566752503576538,0.2952789699570816
2391,0.685,5.21375,0.069585121602289,0.3639484978540773
2392,0.7,5.19875,0.05832331902718169,0.30443490701001436
2393,0.6825,5.18125,0.056858369098712454,0.2952789699570816
2394,0.7775,5.1975,0.05832331902718169,0.30443490701001436
2395,0.8525,5.2025,0.07105007153075824,0.37081545064377686
2396,0.74,5.18,0.061711015736766815,0.3181688125894135
2397,0.71,5.20875,0.0762689556509299,0.3982832618025752
2398,0.845,5.19375,0.07040915593705294,0.36852646638054365
2399,0.835,5.19125,0.069585121602289,0.35937052932761093
2400,0.8025,5.1975,0.06125321888412018,0.3181688125894135
2401,0.7275,5.20625,0.060612303290414886,0.3158798283261803
2402,0.7025,5.1825,0.05850643776824035,0.30443490701001436
2403,0.835,5.1875,0.055851216022889845,0.288412017167382
2404,0.8975,5.1825,0.0576824034334764,0.29985693848354794
2405,0.7475,5.18875,0.06226037195994278,0.32274678111587984
2406,0.8325,5.18875,0.05603433476394851,0.2929899856938484
2407,0.7525,5.19625,0.06601430615164522,0.3410586552217454
2408,0.86,5.20625,0.07169098712446352,0.37539341917024327
2409,0.855,5.18625,0.06271816881258942,0.32732474964234626
2410,0.9675,5.17875,0.10977968526466382,0.5699570815450644
2411,0.7275,5.185,0.060612303290414886,0.3158798283261803
2412,0.7625,5.1975,0.07269814020028613,0.3776824034334764
2413,0.8825,5.185,0.06482403433476396,0.33648068669527903
2414,0.7075,5.18625,0.058964234620886985,0.30672389127324756
2415,0.7575,5.19625,0.07187410586552218,0.37539341917024327
2416,0.6775,5.215,0.07352217453505008,0.38226037195994284
2417,0.705,5.20125,0.05878111587982833,0.30672389127324756
2418,0.6775,5.1825,0.056492131616595144,0.2929899856938484
2419,0.71,5.2125,0.06519027181688127,0.3410586552217454
2420,0.6725,5.1925,0.05603433476394851,0.2929899856938484
2421,0.7975,5.19625,0.06647210300429185,0.34563662374821175
2422,0.8,5.19125,0.06290128755364807,0.32732474964234626
2423,0.8375,5.20125,0.06976824034334765,0.3639484978540773
2424,0.875,5.20875,0.07288125894134478,0.3776824034334764
2425,1.265,5.17875,0.08460085836909872,0.4394849785407726
2426,0.95,5.21,0.07919885550786838,0.4120171673819743
2427,0.88,5.195,0.07333905579399143,0.38226037195994284
2428,0.7975,5.20125,0.06482403433476396,0.33648068669527903
2429,0.785,5.20375,0.06537339055793992,0.3410586552217454
2430,0.77,5.205,0.06418311874105866,0.3341917024320458
2431,0.6675,5.21125,0.07288125894134478,0.3776824034334764
2432,0.87,5.215,0.07251502145922747,0.3776824034334764
2433,0.74,5.2075,0.061711015736766815,0.32274678111587984
2434,0.67,5.21,0.07352217453505008,0.38226037195994284
2435,0.73,5.205,0.06079542203147354,0.3158798283261803
2436,0.715,5.185,0.059605150214592284,0.30672389127324756
2437,0.8475,5.185,0.05621745350500716,0.2929899856938484
2438,0.7,5.18125,0.05832331902718169,0.30443490701001436
2439,0.78,5.195,0.06500715307582261,0.33648068669527903
2440,0.995,5.1875,0.09439771101573678,0.492131616595136
2441,0.705,5.20875,0.07608583690987125,0.3982832618025752
2442,0.92,5.20875,0.07663519313304722,0.3982832618025752
2443,0.905,5.18,0.06107010014306152,0.3158798283261803
2444,0.925,5.17875,0.06125321888412018,0.3181688125894135
2445,0.7725,5.18375,0.06436623748211731,0.3341917024320458
2446,0.825,5.19375,0.055851216022889845,0.288412017167382
2447,0.7925,5.19125,0.06372532188841203,0.32961373390557946
2448,0.85,5.2075,0.07086695278969958,0.36852646638054365
2449,0.87,5.18125,0.05731616595135909,0.2952789699570816
2450,0.865,5.1825,0.05731616595135909,0.2952789699570816
2451,0.8275,5.20125,0.0689442060085837,0.35937052932761093
2452,0.785,5.19,0.06354220314735337,0.32961373390557946
2453,0.67,5.21125,0.07269814020028613,0.3776824034334764
2454,0.7875,5.2125,0.06564806866952791,0.3410586552217454
2455,1.2375,5.16625,0.1030958512160229,0.5356223175965666
2456,0.88,5.1875,0.059605150214592284,0.30672389127324756
2457,0.71,5.1825,0.05914735336194564,0.30672389127324756
2458,0.905,5.205,0.07544492131616595,0.3937052932761088
2459,0.895,5.18,0.059605150214592284,0.30672389127324756
2460,0.805,5.18875,0.06711301859799715,0.34792560801144495
2461,0.79,5.195,0.06583118741058656,0.3410586552217454
2462,0.84,5.185,0.05978826895565094,0.3113018597997139
2463,0.8175,5.19875,0.06812017167381974,0.35250357653791137
2464,0.845,5.21625,0.07040915593705294,0.36852646638054365
2465,0.6775,5.21375,0.07233190271816882,0.3776824034334764
2466,0.805,5.21375,0.06711301859799715,0.34792560801144495
2467,0.68,5.1825,0.0566752503576538,0.2929899856938484
2468,0.7125,5.21,0.06290128755364807,0.32732474964234626
2469,0.6925,5.1975,0.0576824034334764,0.29985693848354794
2470,1.1125,5.20375,0.09274964234620887,0.4829756795422032
2471,0.915,5.17875,0.06500715307582261,0.33648068669527903
2472,0.7625,5.18125,0.06354220314735337,0.32961373390557946
2473,0.715,5.17875,0.059605150214592284,0.30672389127324756
2474,0.71,5.21,0.0812131616595136,0.4234620886981402
2475,0.885,5.19875,0.07370529327610874,0.38226037195994284
2476,0.8875,5.2075,0.07397997138769671,0.3868383404864092
2477,0.835,5.1875,0.06042918454935623,0.3158798283261803
2478,0.685,5.205,0.07187410586552218,0.37539341917024327
2479,0.7,5.19875,0.05832331902718169,0.30443490701001436
2480,0.7125,5.20875,0.07187410586552218,0.37539341917024327
2481,0.8825,5.1825,0.05731616595135909,0.2952789699570816
2482,0.7775,5.1925,0.06482403433476396,0.33648068669527903
2483,0.8625,5.18375,0.05603433476394851,0.288412017167382
2484,0.845,5.1925,0.064,0.3341917024320458
2485,0.9075,5.17625,0.07562804005722461,0.3891273247496424
2486,0.75,5.20875,0.06793705293276109,0.35250357653791137
2487,0.755,5.2075,0.0662889842632332,0.34563662374821175
2488,0.745,5.20125,0.062077253218884125,0.32274678111587984
2489,0.8025,5.19125,0.06940200286123034,0.35937052932761093
2490,0.855,5.19,0.080206008583691,0.41659513590844066
2491,0.7075,5.18375,0.058964234620886985,0.30672389127324756
2492,0.8475,5.18625,0.07059227467811159,0.36852646638054365
2493,0.86,5.1825,0.05814020028612304,0.29985693848354794
2494,0.8425,5.2025,0.07022603719599428,0.3639484978540773
2495,0.87,5.2125,0.07251502145922747,0.3776824034334764
2496,0.765,5.195,0.07059227467811159,0.36852646638054365
2497,0.87,5.21125,0.07251502145922747,0.3776824034334764
2498,0.695,5.2,0.05795708154506438,0.29985693848354794
2499,0.6775,5.215,0.07123319027181689,0.37081545064377686
2500,1.0525,5.20625,0.08771387696709586,0.4577968526466381
2501,0.74,5.18,0.061711015736766815,0.3181688125894135
2502,0.725,5.2125,0.07269814020028613,0.3776824034334764
2503,0.9025,5.2125,0.07517024320457798,0.3891273247496424
2504,0.91,5.20625,0.07581115879828328,0.3937052932761088
2505,0.81,5.1975,0.06079542203147354,0.3158798283261803
2506,0.7025,5.1875,0.05850643776824035,0.30443490701001436
2507,0.73,5.1875,0.06079542203147354,0.3158798283261803
2508,0.74,5.205,0.06601430615164522,0.34563662374821175
2509,0.6925,5.1875,0.0576824034334764,0.29985693848354794
2510,0.675,5.1825,0.05621745350500716,0.2929899856938484
2511,0.7225,5.20875,0.06189413447782547,0.32274678111587984
2512,0.7875,5.195,0.06564806866952791,0.3410586552217454
2513,0.8725,5.21,0.07269814020028613,0.3776824034334764
2514,1.1875,5.1775,0.1127095851216023,0.5859799713876968
2515,0.92,5.18125,0.07269814020028613,0.37539341917024327
2516,0.745,5.19875,0.062077253218884125,0.32274678111587984
2517,0.855,5.18625,0.07105007153075824,0.36852646638054365
2518,0.84,5.1875,0.0662889842632332,0.34563662374821175
2519,0.71,5.18,0.05914735336194564,0.30672389127324756
2520,0.71,5.2075,0.0769098712446352,0.4005722460658083
2521,0.68,5.215,0.07251502145922747,0.3776824034334764
2522,0.7675,5.21,0.064,0.3341917024320458
2523,0.6725,5.21375,0.07352217453505008,0.38226037195994284
2524,0.675,5.21375,0.07480400572246067,0.3891273247496424
2525,0.755,5.21125,0.06290128755364807,0.32732474964234626
2526,0.6725,5.21375,0.0762689556509299,0.3982832618025752
2527,0.6875,5.215,0.0666552217453505,0.34792560801144495
2528,0.6725,5.1925,0.05603433476394851,0.2929899856938484
2529,0.7475,5.2075,0.06226037195994278,0.32274678111587984
2530,0.8875,5.18875,0.07086695278969958,0.36852646638054365
2531,0.8875,5.2125,0.07397997138769671,0.3868383404864092
2532,0.9225,5.21,0.0769098712446352,0.4005722460658083
2533,0.885,5.1825,0.06290128755364807,0.32732474964234626
2534,0.715,5.17875,0.059605150214592284,0.30672389127324756
2535,0.885,5.2125,0.07370529327610874,0.38226037195994284
2536,0.695,5.205,0.07288125894134478,0.3776824034334764
2537,0.845,5.205,0.07040915593705294,0.36852646638054365
2538,0.84,5.215,0.07004291845493563,0.3639484978540773
2539,0.6775,5.20875,0.07352217453505008,0.38226037195994284
2540,0.8,5.2125,0.0666552217453505,0.34792560801144495
2541,0.735,5.20625,0.06125321888412018,0.3181688125894135
2542,0.675,5.21375,0.07123319027181689,0.37081545064377686
2543,0.8325,5.2125,0.06940200286123034,0.35937052932761093
2544,0.765,5.20875,0.06372532188841203,0.3341917024320458
2545,0.7925,5.20375,0.07645207439198856,0.3982832618025752
2546,0.9025,5.21,0.07517024320457798,0.3891273247496424
2547,0.935,5.205,0.0779170243204578,0.40515021459227474
2548,0.715,5.2125,0.07608583690987125,0.3982832618025752
2549,0.925,5.21,0.07709298998569386,0.4005722460658083
2550,0.8825,5.19625,0.07352217453505008,0.38226037195994284
2551,0.8025,5.195,0.05566809728183119,0.288412017167382
2552,0.8,5.19,0.06253505007153076,0.32732474964234626
2553,0.86,5.205,0.07169098712446352,0.37081545064377686
2554,0.7525,5.1925,0.06335908440629472,0.32961373390557946
2555,0.6725,5.21125,0.07251502145922747,0.3776824034334764
2556,0.735,5.20625,0.06125321888412018,0.3181688125894135
2557,0.68,5.2125,0.0779170243204578,0.40515021459227474
2558,0.6975,5.2025,0.07205722460658083,0.37539341917024327
2559,0.87,5.2125,0.07251502145922747,0.3776824034334764
2560,1,5.1725,0.0769098712446352,0.3982832618025752
2561,0.8025,5.20125,0.06519027181688127,0.33648068669527903
2562,0.73,5.195,0.06079542203147354,0.3158798283261803
2563,0.7975,5.19375,0.0689442060085837,0.3570815450643777
2564,0.8975,5.17875,0.060246065808297576,0.3113018597997139
2565,0.8725,5.2075,0.07269814020028613,0.3776824034334764
2566,0.68,5.215,0.0566752503576538,0.36852646638054365
2567,0.6975,5.2125,0.06647210300429185,0.34563662374821175
2568,0.6725,5.18375,0.05603433476394851,0.288412017167382
2569,0.67,5.19,0.055851216022889845,0.288412017167382
2570,0.75,5.20375,0.05978826895565094,0.3113018597997139
2571,0.68,5.19125,0.0566752503576538,0.2929899856938484
2572,0.705,5.18375,0.05878111587982833,0.30443490701001436
2573,0.72,5.19875,0.06747925608011446,0.35250357653791137
2574,0.83,5.215,0.06912732474964235,0.35937052932761093
2575,0.88,5.19875,0.07333905579399143,0.38226037195994284
2576,0.8525,5.19125,0.059330472103004295,0.30672389127324756
2577,0.7125,5.18125,0.059330472103004295,0.30672389127324756
2578,0.715,5.18,0.059605150214592284,0.30672389127324756
2579,0.715,5.2025,0.07581115879828328,0.3937052932761088
2580,0.8425,5.19375,0.07022603719599428,0.3639484978540773
2581,0.85,5.2025,0.07086695278969958,0.36852646638054365
2582,0.9775,5.175,0.07086695278969958,0.36852646638054365
2583,0.7725,5.205,0.06436623748211731,0.3341917024320458
2584,0.84,5.21125,0.07004291845493563,0.3639484978540773
2585,0.905,5.18125,0.062077253218884125,0.32274678111587984
2586,0.7075,5.1875,0.058964234620886985,0.30672389127324756
2587,0.7225,5.1775,0.060246065808297576,0.3113018597997139
2588,0.6875,5.21375,0.06857796852646639,0.3570815450643777
2589,0.87,5.1825,0.05814020028612304,0.29985693848354794
2590,0.855,5.17625,0.07123319027181689,0.36852646638054365
2591,1.02,5.16625,0.06857796852646639,0.35250357653791137
2592,0.85,5.18625,0.058964234620886985,0.30672389127324756
2593,0.7175,5.1925,0.05978826895565094,0.3113018597997139
2594,0.7925,5.1925,0.06912732474964235,0.35937052932761093
2595,0.905,5.17875,0.06079542203147354,0.3158798283261803
2596,0.705,5.18375,0.05878111587982833,0.30443490701001436
2597,0.79,5.195,0.05621745350500716,0.2929899856938484
2598,0.8125,5.18625,0.060246065808297576,0.3113018597997139
2599,0.8325,5.20375,0.06940200286123034,0.35937052932761093
2600,0.74,5.19625,0.06683834048640916,0.34792560801144495
2601,0.67,5.21375,0.07004291845493563,0.3639484978540773
2602,0.8825,5.21,0.07352217453505008,0.38226037195994284
2603,0.72,5.19875,0.059971387696709594,0.3570815450643777
2604,0.69,5.215,0.06812017167381974,0.3570815450643777
2605,0.7725,5.18375,0.06436623748211731,0.3341917024320458
2606,0.8775,5.2,0.07315593705293277,0.3776824034334764
2607,0.73,5.2125,0.07288125894134478,0.3776824034334764
2608,1.16,5.2025,0.09668669527896996,0.5035765379113019
2609,0.9125,5.21125,0.07608583690987125,0.3982832618025752
2610,0.845,5.19375,0.059971387696709594,0.3113018597997139
2611,0.7975,5.2125,0.06647210300429185,0.34563662374821175
2612,0.7125,5.2025,0.059330472103004295,0.30672389127324756
2613,0.685,5.215,0.07004291845493563,0.3639484978540773
2614,0.785,5.2125,0.06537339055793992,0.3410586552217454
2615,0.7,5.1825,0.05832331902718169,0.30443490701001436
2616,0.7825,5.1975,0.0566752503576538,0.2952789699570816
2617,0.6875,5.2,0.05731616595135909,0.2952789699570816
2618,0.69,5.18125,0.057499284692417746,0.2952789699570816
2619,0.7275,5.20625,0.060612303290414886,0.3158798283261803
2620,0.85,5.17625,0.07086695278969958,0.36852646638054365
2621,0.895,5.2125,0.07462088698140201,0.3891273247496424
2622,0.715,5.2125,0.07480400572246067,0.3891273247496424
2623,0.9,5.2025,0.07498712446351932,0.3891273247496424
2624,0.7175,5.18125,0.05978826895565094,0.3113018597997139
2625,0.7825,5.19625,0.07105007153075824,0.36852646638054365
2626,0.7975,5.19,0.06335908440629472,0.32961373390557946
2627,0.8675,5.2075,0.07233190271816882,0.37539341917024327
2628,0.7675,5.19,0.06271816881258942,0.32732474964234626
2629,0.6725,5.20875,0.07251502145922747,0.3776824034334764
2630,0.74,5.2075,0.061711015736766815,0.32274678111587984
2631,0.675,5.2125,0.07141630901287555,0.37081545064377686
2632,0.6975,5.21125,0.06519027181688127,0.3410586552217454
2633,0.6725,5.1875,0.05603433476394851,0.2929899856938484
2634,0.765,5.2,0.05850643776824035,0.30443490701001436
2635,0.9,5.19625,0.06226037195994278,0.32274678111587984
2636,0.905,5.20875,0.07544492131616595,0.3937052932761088
2637,0.8975,5.1825,0.05914735336194564,0.30672389127324756
2638,0.7475,5.2075,0.06711301859799715,0.34792560801144495
2639,0.785,5.20625,0.06537339055793992,0.3410586552217454
2640,0.91,5.17875,0.07581115879828328,0.3113018597997139
2641,0.8725,5.1825,0.057499284692417746,0.2952789699570816
2642,0.865,5.20875,0.07205722460658083,0.37539341917024327
2643,0.77,5.21,0.06418311874105866,0.3341917024320458
2644,0.6675,5.21125,0.07251502145922747,0.3776824034334764
2645,0.86,5.21375,0.07169098712446352,0.37539341917024327
2646,0.7275,5.205,0.060612303290414886,0.3158798283261803
2647,0.7025,5.21125,0.06601430615164522,0.34563662374821175
2648,0.705,5.2025,0.05878111587982833,0.30672389127324756
2649,0.695,5.18375,0.05795708154506438,0.29985693848354794
2650,0.905,5.17875,0.059330472103004295,0.30672389127324756
2651,0.715,5.18,0.059605150214592284,0.30672389127324756
2652,0.86,5.21125,0.07169098712446352,0.37539341917024327
2653,0.84,5.18875,0.06775393419170243,0.35250357653791137
2654,0.72,5.18,0.059971387696709594,0.3113018597997139
2655,0.705,5.18875,0.05878111587982833,0.30443490701001436
2656,0.71,5.21,0.06354220314735337,0.32961373390557946
2657,0.6725,5.19,0.05603433476394851,0.2929899856938484
2658,0.8675,5.1875,0.07233190271816882,0.37539341917024327
2659,0.6675,5.21,0.07269814020028613,0.3776824034334764
2660,0.7175,5.2,0.05978826895565094,0.3113018597997139
2661,0.675,5.18625,0.05621745350500716,0.2929899856938484
2662,0.8075,5.195,0.05603433476394851,0.2929899856938484
2663,0.685,5.18125,0.05704148783977111,0.2952789699570816
2664,0.8025,5.1975,0.06683834048640916,0.34792560801144495
2665,0.97,5.17625,0.0662889842632332,0.3410586552217454
2666,0.725,5.2125,0.07370529327610874,0.38226037195994284
2667,0.9075,5.20625,0.07562804005722461,0.3937052932761088
2668,0.82,5.19625,0.06042918454935623,0.3158798283261803
2669,0.715,5.21125,0.07581115879828328,0.3937052932761088
2670,0.8325,5.19125,0.06940200286123034,0.35937052932761093
2671,0.7775,5.2,0.057499284692417746,0.29985693848354794
2672,0.84,5.1875,0.05795708154506438,0.29985693848354794
2673,0.7125,5.18375,0.059330472103004295,0.30672389127324756
2674,0.815,5.1925,0.05603433476394851,0.2929899856938484
2675,0.8725,5.18125,0.057499284692417746,0.2952789699570816
2676,0.8675,5.20875,0.07233190271816882,0.37539341917024327
2677,0.87,5.18125,0.07251502145922747,0.29985693848354794
2678,0.75,5.195,0.06683834048640916,0.34792560801144495
2679,0.82,5.21375,0.0683032904148784,0.3570815450643777
2680,0.7025,5.18875,0.05850643776824035,0.30443490701001436
2681,0.91,5.17875,0.06079542203147354,0.3158798283261803
2682,0.77,5.20125,0.06418311874105866,0.3341917024320458
2683,0.83,5.21,0.06912732474964235,0.35937052932761093
2684,0.88,5.185,0.05978826895565094,0.3113018597997139
2685,0.84,5.21125,0.07004291845493563,0.3639484978540773
2686,0.8725,5.21,0.07269814020028613,0.3776824034334764
2687,0.865,5.1825,0.060246065808297576,0.3113018597997139
2688,0.79,5.19375,0.06583118741058656,0.3410586552217454
2689,0.8075,5.19625,0.0672961373390558,0.34792560801144495
2690,0.7475,5.205,0.05914735336194564,0.30672389127324756
2691,0.7125,5.2025,0.059330472103004295,0.30672389127324756
2692,0.71,5.18125,0.05914735336194564,0.30672389127324756
2693,0.6725,5.21,0.07205722460658083,0.37539341917024327
2694,0.8225,5.215,0.06857796852646639,0.3570815450643777
2695,0.76,5.1975,0.06335908440629472,0.32961373390557946
2696,0.91,5.18125,0.060612303290414886,0.3158798283261803
2697,0.745,5.1975,0.062077253218884125,0.32274678111587984
2698,0.73,5.195,0.06079542203147354,0.3158798283261803
2699,0.76,5.19875,0.07251502145922747,0.3776824034334764
2700,0.7525,5.18,0.06271816881258942,0.32732474964234626
2701,0.7425,5.1875,0.06189413447782547,0.32274678111587984
2702,0.8575,5.18625,0.05621745350500716,0.2929899856938484
2703,0.7925,5.19,0.06335908440629472,0.32961373390557946
2704,0.8525,5.21375,0.07105007153075824,0.37081545064377686
2705,0.6725,5.20875,0.07269814020028613,0.3776824034334764
2706,0.72,5.20875,0.062077253218884125,0.32274678111587984
2707,0.7275,5.20875,0.060612303290414886,0.3158798283261803
2708,0.7275,5.19875,0.07251502145922747,0.3776824034334764
2709,0.6725,5.21125,0.07187410586552218,0.37539341917024327
2710,0.76,5.205,0.06335908440629472,0.32961373390557946
2711,0.84,5.19375,0.060246065808297576,0.3113018597997139
2712,0.7125,5.21,0.07608583690987125,0.3982832618025752
2713,0.8025,5.1875,0.06683834048640916,0.34563662374821175
2714,0.715,5.2125,0.059605150214592284,0.3937052932761088
2715,0.8675,5.18375,0.06500715307582261,0.33648068669527903
2716,0.8575,5.205,0.07141630901287555,0.37081545064377686
2717,0.8725,5.21125,0.07269814020028613,0.3776824034334764
2718,0.7125,5.2,0.06940200286123034,0.35937052932761093
2719,0.8575,5.205,0.07141630901287555,0.37081545064377686
2720,0.87,5.2075,0.07251502145922747,0.3776824034334764
2721,0.76,5.19625,0.06564806866952791,0.3410586552217454
2722,0.8525,5.21375,0.07105007153075824,0.37081545064377686
2723,0.805,5.195,0.06711301859799715,0.34792560801144495
2724,0.8575,5.18625,0.06107010014306152,0.3158798283261803
2725,0.69,5.18125,0.057499284692417746,0.2952789699570816
2726,0.7875,5.20625,0.06564806866952791,0.3410586552217454
2727,0.87,5.1825,0.07205722460658083,0.37539341917024327
2728,0.7075,5.19125,0.058964234620886985,0.30672389127324756
2729,0.855,5.21125,0.07123319027181689,0.37081545064377686
2730,0.91,5.17875,0.06107010014306152,0.3158798283261803
2731,0.715,5.185,0.059605150214592284,0.30672389127324756
2732,0.795,5.195,0.0662889842632332,0.34563662374821175
2733,0.8125,5.19375,0.05621745350500716,0.2929899856938484
2734,0.745,5.18875,0.062077253218884125,0.32274678111587984
2735,0.7875,5.195,0.06564806866952791,0.3410586552217454
2736,0.855,5.18625,0.05621745350500716,0.2929899856938484
2737,0.815,5.18625,0.06793705293276109,0.35250357653791137
2738,0.8,5.19625,0.0666552217453505,0.34563662374821175
2739,0.8425,5.185,0.059605150214592284,0.30672389127324756
2740,0.8375,5.18375,0.059330472103004295,0.30672389127324756
2741,0.82,5.20875,0.0683032904148784,0.3570815450643777
2742,0.88,5.185,0.058964234620886985,0.30672389127324756
2743,0.72,5.21125,0.07288125894134478,0.3776824034334764
2744,0.8325,5.19125,0.06940200286123034,0.35937052932761093
2745,0.72,5.21125,0.07233190271816882,0.3776824034334764
2746,1.325,5.15375,0.10163090128755366,0.5241773962804006
2747,0.685,5.185,0.05704148783977111,0.2952789699570816
2748,0.675,5.21375,0.07086695278969958,0.37081545064377686
2749,0.6725,5.21,0.07288125894134478,0.3776824034334764
2750,0.795,5.21375,0.0662889842632332,0.34563662374821175
2751,0.7575,5.195,0.06482403433476396,0.33648068669527903
2752,0.68,5.2075,0.07169098712446352,0.37539341917024327
2753,0.8525,5.215,0.07105007153075824,0.37081545064377686
2754,0.705,5.20375,0.05878111587982833,0.30672389127324756
2755,0.695,5.21375,0.06711301859799715,0.34792560801144495
2756,0.93,5.19625,0.07745922746781117,0.4005722460658083
2757,0.7125,5.18625,0.059330472103004295,0.30672389127324756
2758,0.9175,5.18,0.06125321888412018,0.3181688125894135
2759,0.845,5.21125,0.07040915593705294,0.36852646638054365
2760,0.9075,5.20375,0.07562804005722461,0.3937052932761088
2761,0.8325,5.19,0.05603433476394851,0.2929899856938484
2762,0.7425,5.18875,0.06189413447782547,0.32274678111587984
2763,0.8775,5.2075,0.07315593705293277,0.38226037195994284
2764,0.815,5.18875,0.06079542203147354,0.3158798283261803
2765,0.82,5.195,0.0683032904148784,0.3570815450643777
2766,0.8575,5.21375,0.07141630901287555,0.37081545064377686
2767,0.7375,5.1975,0.06812017167381974,0.35250357653791137
2768,0.8275,5.20125,0.0689442060085837,0.35937052932761093
2769,0.845,5.215,0.07040915593705294,0.36852646638054365
2770,0.6925,5.2025,0.07004291845493563,0.3639484978540773
2771,0.725,5.18,0.06042918454935623,0.3113018597997139
2772,0.725,5.19625,0.06042918454935623,0.3158798283261803
2773,0.8525,5.18375,0.07810014306151646,0.40515021459227474
2774,0.7225,5.18,0.060246065808297576,0.3113018597997139
2775,0.7125,5.18875,0.059330472103004295,0.30672389127324756
2776,0.6725,5.2125,0.07141630901287555,0.37081545064377686
2777,0.7,5.2125,0.0662889842632332,0.34563662374821175
2778,0.675,5.1875,0.05621745350500716,0.2929899856938484
2779,0.71,5.21125,0.06418311874105866,0.3341917024320458
2780,0.7525,5.20375,0.059971387696709594,0.3113018597997139
2781,0.7125,5.185,0.059330472103004295,0.30672389127324756
2782,0.825,5.19,0.05566809728183119,0.288412017167382
2783,0.8025,5.18875,0.0683032904148784,0.3570815450643777
2784,0.85,5.20375,0.07086695278969958,0.36852646638054365
2785,0.8275,5.18875,0.05566809728183119,0.288412017167382
2786,0.74,5.20125,0.07370529327610874,0.38226037195994284
2787,0.875,5.1975,0.07288125894134478,0.3776824034334764
2788,0.74,5.21,0.07416309012875537,0.3868383404864092
2789,0.7125,5.21125,0.07498712446351932,0.3891273247496424
2790,0.9,5.2025,0.07498712446351932,0.3891273247496424
2791,0.8425,5.1875,0.07022603719599428,0.3639484978540773
2792,0.7925,5.19125,0.06271816881258942,0.32732474964234626
2793,0.82,5.2,0.0683032904148784,0.3570815450643777
2794,0.7925,5.19625,0.06601430615164522,0.3410586552217454
2795,0.8025,5.19,0.06253505007153076,0.32732474964234626
2796,0.8225,5.1975,0.06857796852646639,0.3570815450643777
2797,0.865,5.2125,0.07205722460658083,0.37539341917024327
2798,0.85,5.1825,0.05795708154506438,0.29985693848354794
2799,0.73,5.1875,0.06079542203147354,0.3158798283261803
2800,0.815,5.2,0.06793705293276109,0.35250357653791137
2801,0.755,5.2075,0.0662889842632332,0.34563662374821175
2802,0.9075,5.20375,0.07562804005722461,0.3937052932761088
2803,0.755,5.18,0.06290128755364807,0.32732474964234626
2804,0.7125,5.20875,0.07544492131616595,0.3937052932761088
2805,0.8525,5.195,0.07105007153075824,0.36852646638054365
2806,0.84,5.2,0.07004291845493563,0.3639484978540773
2807,0.84,5.19,0.05603433476394851,0.2929899856938484
2808,0.695,5.18125,0.05795708154506438,0.29985693848354794
2809,0.6925,5.1825,0.0576824034334764,0.29985693848354794
2810,0.8375,5.1875,0.055851216022889845,0.288412017167382
2811,0.8375,5.20125,0.06976824034334765,0.3639484978540773
2812,0.86,5.21375,0.07169098712446352,0.37539341917024327
2813,0.74,5.1975,0.0666552217453505,0.34563662374821175
2814,0.695,5.21375,0.06683834048640916,0.34792560801144495
2815,0.7175,5.20625,0.05978826895565094,0.3113018597997139
2816,0.8375,5.1875,0.06711301859799715,0.34792560801144495
2817,0.91,5.18,0.060612303290414886,0.3158798283261803
2818,0.7075,5.185,0.058964234620886985,0.30672389127324756
2819,0.71,5.20875,0.07581115879828328,0.3937052932761088
2820,0.82,5.18875,0.07040915593705294,0.3639484978540773
2821,0.7675,5.18875,0.064,0.3341917024320458
2822,0.785,5.19875,0.05850643776824035,0.30443490701001436
2823,0.77,5.20125,0.05914735336194564,0.30672389127324756
2824,0.79,5.2125,0.06583118741058656,0.3410586552217454
2825,0.6725,5.21125,0.07187410586552218,0.37539341917024327
2826,0.6975,5.21375,0.0666552217453505,0.34792560801144495
2827,0.6825,5.195,0.056858369098712454,0.2952789699570816
2828,0.775,5.2,0.06454935622317597,0.3341917024320458
2829,0.84,5.1875,0.05603433476394851,0.2929899856938484
2830,0.675,5.18375,0.05621745350500716,0.2929899856938484
2831,0.7625,5.205,0.06354220314735337,0.32961373390557946
2832,0.78,5.195,0.07004291845493563,0.3639484978540773
2833,0.75,5.18125,0.06253505007153076,0.32274678111587984
2834,0.7625,5.20375,0.06354220314735337,0.32961373390557946
2835,0.9,5.18,0.061711015736766815,0.3181688125894135
2836,0.6725,5.195,0.05603433476394851,0.2929899856938484
2837,0.7425,5.1875,0.06189413447782547,0.32274678111587984
2838,0.82,5.19125,0.05603433476394851,0.2929899856938484
2839,0.8275,5.20125,0.0689442060085837,0.35937052932761093
2840,0.8575,5.20625,0.07141630901287555,0.37081545064377686
2841,0.8525,5.18375,0.05878111587982833,0.30443490701001436
2842,0.8425,5.20375,0.07022603719599428,0.3639484978540773
2843,0.855,5.215,0.07123319027181689,0.37081545064377686
2844,0.86,5.18375,0.06418311874105866,0.3341917024320458
2845,0.8125,5.1975,0.06775393419170243,0.35250357653791137
2846,0.7275,5.18,0.060612303290414886,0.3158798283261803
2847,0.745,5.2,0.07544492131616595,0.3937052932761088
2848,0.8725,5.19625,0.07269814020028613,0.3776824034334764
2849,0.7925,5.18875,0.06601430615164522,0.3410586552217454
2850,0.7175,5.21,0.07462088698140201,0.3891273247496424
2851,0.68,5.21375,0.07315593705293277,0.38226037195994284
2852,0.7725,5.20875,0.06436623748211731,0.3341917024320458
2853,0.67,5.2125,0.07288125894134478,0.3776824034334764
2854,0.72,5.21,0.06436623748211731,0.3341917024320458
2855,0.74,5.19,0.061711015736766815,0.3181688125894135
2856,0.875,5.18125,0.05704148783977111,0.2952789699570816
2857,0.73,5.1975,0.06775393419170243,0.35250357653791137
2858,0.835,5.215,0.069585121602289,0.3639484978540773
2859,0.875,5.18375,0.055851216022889845,0.288412017167382
2860,0.8175,5.1875,0.06125321888412018,0.3181688125894135
2861,0.72,5.19625,0.059971387696709594,0.3113018597997139
2862,0.88,5.18125,0.06226037195994278,0.32274678111587984
2863,1.18,5.18375,0.08267811158798284,0.4280400572246066
2864,0.7575,5.1875,0.06308440629470673,0.32732474964234626
2865,0.845,5.18625,0.07040915593705294,0.34563662374821175
2866,0.855,5.18125,0.05704148783977111,0.2952789699570816
2867,0.735,5.1875,0.06125321888412018,0.3181688125894135
2868,0.83,5.20625,0.06912732474964235,0.35937052932761093
2869,0.78,5.19375,0.06436623748211731,0.3341917024320458
2870,0.88,5.21375,0.07333905579399143,0.38226037195994284
2871,0.8475,5.2125,0.07059227467811159,0.36852646638054365
2872,0.7925,5.18625,0.06189413447782547,0.32274678111587984
2873,0.8525,5.2025,0.07105007153075824,0.37081545064377686
2874,0.86,5.21,0.07169098712446352,0.37539341917024327
2875,0.67,5.21,0.07269814020028613,0.3776824034334764
2876,0.765,5.18375,0.06372532188841203,0.32961373390557946
2877,0.71,5.1825,0.05914735336194564,0.30672389127324756
2878,0.7125,5.21,0.07581115879828328,0.3937052932761088
2879,0.855,5.195,0.07123319027181689,0.37081545064377686
2880,0.765,5.18375,0.06372532188841203,0.32961373390557946
2881,0.6775,5.21625,0.0769098712446352,0.4005722460658083
2882,0.7275,5.20875,0.060612303290414886,0.3158798283261803
2883,0.675,5.1825,0.05621745350500716,0.2929899856938484
2884,0.76,5.20375,0.06454935622317597,0.33648068669527903
2885,0.7875,5.215,0.06564806866952791,0.3410586552217454
2886,0.685,5.1825,0.05704148783977111,0.2952789699570816
2887,0.81,5.19125,0.06079542203147354,0.3158798283261803
2888,0.845,5.185,0.05603433476394851,0.288412017167382
2889,0.775,5.19375,0.06454935622317597,0.3341917024320458
2890,0.8525,5.18375,0.05603433476394851,0.288412017167382
2891,0.83,5.19625,0.06107010014306152,0.3181688125894135
2892,0.9225,5.20875,0.0769098712446352,0.4005722460658083
2893,0.88,5.205,0.0662889842632332,0.34563662374821175
2894,0.785,5.1925,0.06912732474964235,0.35937052932761093
2895,0.7325,5.18,0.06107010014306152,0.3158798283261803
2896,0.6975,5.21375,0.06683834048640916,0.34792560801144495
2897,0.8525,5.185,0.05603433476394851,0.288412017167382
2898,0.6825,5.18375,0.056858369098712454,0.2952789699570816
2899,0.7225,5.21125,0.064,0.3341917024320458
2900,0.735,5.2075,0.05978826895565094,0.3113018597997139
2901,0.6725,5.1925,0.05603433476394851,0.2929899856938484
2902,0.6775,5.215,0.056492131616595144,0.35937052932761093
2903,0.6725,5.2125,0.07059227467811159,0.36852646638054365
2904,0.75,5.20875,0.06253505007153076,0.32732474964234626
2905,0.7375,5.18875,0.06143633762517883,0.3181688125894135
2906,0.8425,5.18625,0.06519027181688127,0.33648068669527903
2907,0.7375,5.18125,0.06143633762517883,0.3181688125894135
2908,0.7525,5.2,0.06271816881258942,0.32732474964234626
2909,0.785,5.2025,0.06253505007153076,0.32732474964234626
2910,0.905,5.205,0.07544492131616595,0.3937052932761088
2911,0.755,5.19125,0.06290128755364807,0.32732474964234626
2912,0.845,5.1875,0.055851216022889845,0.288412017167382
2913,0.7175,5.18625,0.05978826895565094,0.3113018597997139
2914,0.8425,5.2025,0.07022603719599428,0.3639484978540773
2915,0.8325,5.1875,0.05603433476394851,0.2929899856938484
2916,0.7775,5.1925,0.06482403433476396,0.33648068669527903
2917,0.8575,5.2125,0.07141630901287555,0.37081545064377686
2918,0.755,5.19375,0.07004291845493563,0.3639484978540773
2919,0.865,5.20875,0.07205722460658083,0.37539341917024327
2920,0.77,5.21,0.06418311874105866,0.3341917024320458
2921,0.92,5.18,0.06042918454935623,0.3113018597997139
2922,0.7825,5.205,0.06519027181688127,0.33648068669527903
2923,0.88,5.2125,0.07333905579399143,0.38226037195994284
2924,0.8125,5.19875,0.06042918454935623,0.3158798283261803
2925,0.8375,5.21,0.06976824034334765,0.3639484978540773
2926,0.885,5.21375,0.07370529327610874,0.38226037195994284
2927,0.745,5.19625,0.0662889842632332,0.34563662374821175
2928,0.69,5.21375,0.0689442060085837,0.35937052932761093
2929,0.67,5.19,0.055851216022889845,0.288412017167382
2930,0.75,5.20125,0.05850643776824035,0.30443490701001436
2931,0.81,5.19375,0.0566752503576538,0.2929899856938484
2932,0.6725,5.18375,0.05603433476394851,0.288412017167382
2933,0.71,5.2125,0.064,0.3341917024320458
2934,0.7625,5.2025,0.059605150214592284,0.3113018597997139
2935,0.68,5.195,0.0566752503576538,0.2952789699570816
2936,0.9075,5.17875,0.06079542203147354,0.3158798283261803
2937,0.8875,5.185,0.05914735336194564,0.30672389127324756
2938,0.8475,5.205,0.07059227467811159,0.36852646638054365
2939,0.87,5.1825,0.06335908440629472,0.32961373390557946
2940,0.8575,5.185,0.06482403433476396,0.33648068669527903
2941,0.675,5.18375,0.05621745350500716,0.2929899856938484
2942,0.7775,5.19375,0.06482403433476396,0.33648068669527903
2943,0.865,5.1825,0.056858369098712454,0.2952789699570816
2944,0.7825,5.195,0.06519027181688127,0.33648068669527903
2945,0.9375,5.2075,0.07810014306151646,0.40515021459227474
2946,0.7475,5.19625,0.06583118741058656,0.3410586552217454
2947,0.855,5.215,0.07123319027181689,0.37081545064377686
2948,0.7125,5.205,0.059330472103004295,0.30672389127324756
2949,0.67,5.21,0.07233190271816882,0.37539341917024327
2950,0.87,5.21375,0.07251502145922747,0.3776824034334764
2951,0.8575,5.19875,0.07141630901287555,0.37081545064377686
2952,0.7475,5.20875,0.06683834048640916,0.34792560801144495
2953,0.91,5.21,0.07581115879828328,0.3937052932761088
2954,0.855,5.195,0.07123319027181689,0.37081545064377686
2955,0.75,5.20625,0.07333905579399143,0.38226037195994284
2956,0.85,5.2075,0.07086695278969958,0.36852646638054365
2957,0.87,5.2075,0.07251502145922747,0.3776824034334764
2958,0.875,5.18125,0.05731616595135909,0.2952789699570816
2959,0.775,5.20625,0.06454935622317597,0.33648068669527903
2960,0.6725,5.18625,0.05603433476394851,0.288412017167382
2961,0.815,5.195,0.06143633762517883,0.3181688125894135
2962,0.785,5.19375,0.06537339055793992,0.3410586552217454
2963,0.87,5.2125,0.07251502145922747,0.3776824034334764
2964,0.875,5.18375,0.058964234620886985,0.30672389127324756
2965,0.71,5.1975,0.06940200286123034,0.35937052932761093
2966,0.7825,5.185,0.06519027181688127,0.33648068669527903
2967,0.7225,5.2125,0.07233190271816882,0.3776824034334764
2968,0.72,5.2125,0.07517024320457798,0.3891273247496424
2969,0.885,5.2,0.07370529327610874,0.38226037195994284
2970,0.805,5.20125,0.06226037195994278,0.32274678111587984
2971,0.765,5.2025,0.05850643776824035,0.30443490701001436
2972,0.68,5.1875,0.0566752503576538,0.2929899856938484
2973,0.6775,5.215,0.069585121602289,0.3639484978540773
2974,0.7525,5.20375,0.058964234620886985,0.30672389127324756
2975,0.67,5.18625,0.055851216022889845,0.288412017167382
2976,0.72,5.21,0.06253505007153076,0.32732474964234626
2977,0.8525,5.18375,0.0566752503576538,0.2929899856938484
2978,0.755,5.19,0.06290128755364807,0.32732474964234626
2979,0.7875,5.19625,0.06564806866952791,0.3410586552217454
2980,0.8375,5.18625,0.06107010014306152,0.3158798283261803
2981,0.7175,5.1925,0.05978826895565094,0.3113018597997139
2982,0.785,5.20625,0.06537339055793992,0.3410586552217454
2983,0.845,5.18875,0.059330472103004295,0.30672389127324756
2984,0.8225,5.21,0.06857796852646639,0.3570815450643777
2985,0.895,5.21,0.07462088698140201,0.3891273247496424
2986,0.795,5.1975,0.056492131616595144,0.2929899856938484
2987,0.6675,5.19,0.05566809728183119,0.288412017167382
2988,0.6975,5.1825,0.05814020028612304,0.29985693848354794
2989,0.7075,5.21,0.064,0.3341917024320458
2990,0.735,5.20875,0.06125321888412018,0.3181688125894135
2991,0.68,5.18125,0.0566752503576538,0.2929899856938484
2992,0.8525,5.1875,0.055851216022889845,0.288412017167382
2993,0.6725,5.18625,0.05603433476394851,0.288412017167382
2994,0.7625,5.18625,0.06354220314735337,0.32961373390557946
2995,0.6975,5.2125,0.06564806866952791,0.3410586552217454
2996,0.91,5.205,0.07581115879828328,0.3937052932761088
2997,0.755,5.1825,0.06290128755364807,0.32732474964234626
2998,0.725,5.2125,0.07269814020028613,0.3776824034334764
2999,0.8825,5.20125,0.07352217453505008,0.38226037195994284
3000,0.8475,5.195,0.07059227467811159,0.36852646638054365
3001,0.735,5.20625,0.06079542203147354,0.3158798283261803
3002,0.8075,5.19375,0.05731616595135909,0.2952789699570816
3003,0.6875,5.18,0.05731616595135909,0.2952789699570816
3004,0.7875,5.19875,0.05704148783977111,0.2952789699570816
3005,0.775,5.1925,0.06308440629470673,0.32732474964234626
3006,0.86,5.215,0.07169098712446352,0.37539341917024327
3007,0.6775,5.21375,0.07205722460658083,0.37539341917024327
3008,0.75,5.20375,0.05914735336194564,0.30672389127324756
3009,0.8575,5.215,0.07141630901287555,0.37081545064377686
3010,0.685,5.205,0.07059227467811159,0.36852646638054365
3011,0.885,5.18375,0.05914735336194564,0.30672389127324756
3012,0.7175,5.19375,0.05978826895565094,0.3113018597997139
3013,0.865,5.18125,0.07288125894134478,0.3776824034334764
3014,0.8125,5.19125,0.06812017167381974,0.35250357653791137
3015,0.7175,5.18,0.05978826895565094,0.3113018597997139
3016,0.6975,5.1825,0.05814020028612304,0.29985693848354794
3017,0.7775,5.2,0.0576824034334764,0.29985693848354794
3018,0.7,5.185,0.05832331902718169,0.30443490701001436
3019,0.76,5.19,0.06335908440629472,0.32961373390557946
3020,0.8725,5.18,0.0576824034334764,0.29985693848354794
3021,0.83,5.19875,0.06912732474964235,0.35937052932761093
3022,0.8675,5.21125,0.07233190271816882,0.3776824034334764
3023,0.7325,5.2,0.06812017167381974,0.35250357653791137
3024,0.8875,5.21375,0.07397997138769671,0.3868383404864092
3025,0.7075,5.20375,0.058964234620886985,0.30672389127324756
3026,0.9,5.17875,0.07187410586552218,0.37081545064377686
3027,0.71,5.1875,0.05914735336194564,0.30672389127324756
3028,0.71,5.18625,0.05914735336194564,0.30672389127324756
3029,0.835,5.18875,0.07269814020028613,0.3776824034334764
3030,0.7225,5.18,0.060246065808297576,0.3113018597997139
3031,0.6725,5.1825,0.05603433476394851,0.288412017167382
3032,0.6775,5.21375,0.07040915593705294,0.36852646638054365
3033,0.7775,5.2125,0.06482403433476396,0.33648068669527903
3034,0.7,5.2025,0.05832331902718169,0.30443490701001436
3035,0.6925,5.2125,0.07022603719599428,0.36852646638054365
3036,0.9775,5.21,0.08148783977110158,0.4234620886981402
3037,0.72,5.20625,0.059971387696709594,0.3113018597997139
3038,0.6825,5.21375,0.07022603719599428,0.36852646638054365
3039,0.7475,5.205,0.06143633762517883,0.3181688125894135
3040,0.6975,5.1825,0.05814020028612304,0.29985693848354794
3041,0.7125,5.21,0.07517024320457798,0.3891273247496424
3042,0.725,5.20375,0.07562804005722461,0.3937052932761088
3043,0.7325,5.17875,0.06107010014306152,0.3158798283261803
3044,0.8225,5.195,0.06042918454935623,0.3158798283261803
3045,0.7475,5.21,0.06775393419170243,0.35250357653791137
3046,0.86,5.2125,0.07169098712446352,0.37539341917024327
3047,0.6925,5.205,0.07004291845493563,0.3639484978540773
3048,0.675,5.215,0.07269814020028613,0.3776824034334764
3049,0.81,5.21375,0.06747925608011446,0.35250357653791137
3050,0.735,5.1975,0.06601430615164522,0.3410586552217454
3051,0.6975,5.20375,0.07059227467811159,0.36852646638054365
3052,0.8475,5.21625,0.07059227467811159,0.36852646638054365
3053,0.67,5.18875,0.055851216022889845,0.288412017167382
3054,0.68,5.21625,0.06940200286123034,0.3639484978540773
3055,0.725,5.20625,0.06042918454935623,0.3158798283261803
3056,0.88,5.21125,0.07333905579399143,0.38226037195994284
3057,0.8275,5.195,0.060246065808297576,0.3113018597997139
3058,0.92,5.21,0.07663519313304722,0.3982832618025752
3059,0.8425,5.19375,0.07022603719599428,0.3639484978540773
3060,0.765,5.20625,0.06500715307582261,0.33648068669527903
3061,1.2,5.155,0.09998283261802576,0.5127324749642347
3062,0.87,5.215,0.07251502145922747,0.3776824034334764
3063,0.7975,5.19125,0.06253505007153076,0.32732474964234626
3064,0.8675,5.21375,0.07233190271816882,0.3776824034334764
3065,0.735,5.20875,0.06125321888412018,0.3181688125894135
3066,0.675,5.2125,0.07141630901287555,0.37081545064377686
3067,0.8725,5.21,0.07269814020028613,0.3776824034334764
3068,0.6775,5.19125,0.056492131616595144,0.2929899856938484
3069,0.735,5.2075,0.06189413447782547,0.32274678111587984
3070,0.6775,5.1875,0.056492131616595144,0.2929899856938484
3071,0.8775,5.2125,0.07315593705293277,0.38226037195994284
3072,0.895,5.18375,0.059330472103004295,0.30672389127324756
3073,0.83,5.21,0.06912732474964235,0.35937052932761093
3074,0.91,5.2025,0.07581115879828328,0.3937052932761088
3075,0.77,5.20625,0.06418311874105866,0.3341917024320458
3076,0.7225,5.19875,0.06775393419170243,0.35250357653791137
3077,0.7975,5.19625,0.06647210300429185,0.34563662374821175
3078,0.87,5.18375,0.056858369098712454,0.2952789699570816
3079,0.7825,5.19875,0.05832331902718169,0.30443490701001436
3080,0.67,5.1875,0.055851216022889845,0.288412017167382
3081,0.6925,5.21375,0.06683834048640916,0.34792560801144495
3082,0.7975,5.1975,0.05832331902718169,0.30443490701001436
3083,0.675,5.18625,0.05621745350500716,0.2929899856938484
3084,0.7125,5.21,0.06271816881258942,0.32732474964234626
3085,0.825,5.18875,0.05621745350500716,0.2929899856938484
3086,0.7175,5.1925,0.05978826895565094,0.3113018597997139
3087,0.91,5.1775,0.059971387696709594,0.3113018597997139
3088,0.865,5.1875,0.058964234620886985,0.30672389127324756
3089,0.865,5.21125,0.07205722460658083,0.37539341917024327
3090,0.905,5.1775,0.07544492131616595,0.3937052932761088
3091,1.13,5.185,0.10959656652360517,0.5699570815450644
3092,0.8475,5.21375,0.07059227467811159,0.36852646638054365
3093,0.825,5.215,0.06876108726752504,0.35937052932761093
3094,0.7225,5.19875,0.0672961373390558,0.34792560801144495
3095,0.8325,5.2025,0.06940200286123034,0.35937052932761093
3096,0.87,5.21375,0.07251502145922747,0.3776824034334764
3097,0.6775,5.2075,0.07727610872675252,0.4005722460658083
3098,0.7575,5.21,0.06308440629470673,0.32961373390557946
3099,0.6925,5.1975,0.0576824034334764,0.29985693848354794
3100,0.67,5.2125,0.07187410586552218,0.37539341917024327
3101,0.9175,5.20375,0.07645207439198856,0.3982832618025752
3102,0.88,5.19875,0.07333905579399143,0.38226037195994284
3103,0.7725,5.205,0.064,0.3341917024320458
3104,0.935,5.21,0.0779170243204578,0.40515021459227474
3105,0.855,5.1975,0.07123319027181689,0.37081545064377686
3106,0.79,5.19625,0.0576824034334764,0.29985693848354794
3107,0.685,5.19625,0.05704148783977111,0.2952789699570816
3108,0.7875,5.1925,0.06564806866952791,0.3410586552217454
3109,0.76,5.2,0.11856938483547927,0.6157367668097282
3110,0.7175,5.205,0.05978826895565094,0.3113018597997139
3111,0.6975,5.2,0.05814020028612304,0.30443490701001436
3112,0.705,5.2125,0.06976824034334765,0.3639484978540773
3113,0.765,5.2,0.05795708154506438,0.29985693848354794
3114,0.6925,5.18375,0.0576824034334764,0.29985693848354794
3115,0.7125,5.21,0.06335908440629472,0.32961373390557946
3116,0.8175,5.19,0.07288125894134478,0.3776824034334764
3117,0.8125,5.20875,0.06775393419170243,0.35250357653791137
3118,0.895,5.18125,0.062077253218884125,0.32274678111587984
3119,0.7775,5.2025,0.06436623748211731,0.3341917024320458
3120,0.8225,5.20875,0.06857796852646639,0.3570815450643777
3121,0.8225,5.19125,0.055851216022889845,0.288412017167382
3122,0.8175,5.18375,0.059971387696709594,0.3113018597997139
3123,0.8775,5.2125,0.07315593705293277,0.38226037195994284
3124,0.7925,5.19,0.06308440629470673,0.32732474964234626
3125,0.695,5.20375,0.07022603719599428,0.3639484978540773
3126,0.885,5.21125,0.07370529327610874,0.38226037195994284
3127,0.8225,5.185,0.06857796852646639,0.3570815450643777
3128,0.675,5.20625,0.07205722460658083,0.37539341917024327
3129,0.7375,5.205,0.06143633762517883,0.3181688125894135
3130,0.78,5.19625,0.06500715307582261,0.33648068669527903
3131,0.715,5.21,0.07333905579399143,0.38226037195994284
3132,0.8875,5.2,0.07397997138769671,0.3868383404864092
3133,0.8475,5.195,0.07059227467811159,0.36852646638054365
3134,0.795,5.19875,0.06253505007153076,0.32732474964234626
3135,0.7825,5.205,0.06519027181688127,0.33648068669527903
3136,0.8675,5.215,0.07233190271816882,0.3776824034334764
3137,0.745,5.2,0.080206008583691,0.41659513590844066
3138,0.8725,5.2125,0.07269814020028613,0.3776824034334764
3139,0.765,5.21125,0.06372532188841203,0.3341917024320458
3140,0.6675,5.21125,0.07123319027181689,0.37081545064377686
3141,0.805,5.2025,0.06711301859799715,0.34792560801144495
3142,0.725,5.18625,0.06042918454935623,0.3158798283261803
3143,0.845,5.185,0.059605150214592284,0.30672389127324756
3144,0.8625,5.21125,0.07187410586552218,0.37539341917024327
3145,0.765,5.21125,0.06372532188841203,0.3341917024320458
3146,0.8975,5.18125,0.062077253218884125,0.32274678111587984
3147,0.73,5.19625,0.06079542203147354,0.3158798283261803
3148,0.85,5.21125,0.07086695278969958,0.36852646638054365
3149,0.9275,5.185,0.06500715307582261,0.33648068669527903
3150,0.875,5.185,0.05914735336194564,0.30672389127324756
3151,0.8975,5.2,0.07480400572246067,0.3891273247496424
3152,0.69,5.20375,0.07004291845493563,0.3639484978540773
3153,0.755,5.2025,0.05878111587982833,0.30672389127324756
3154,0.7,5.18375,0.05832331902718169,0.30443490701001436
3155,0.7,5.2125,0.06537339055793992,0.3410586552217454
3156,0.8525,5.185,0.05832331902718169,0.30443490701001436
3157,0.8,5.1975,0.0666552217453505,0.34563662374821175
3158,0.71,5.21,0.064,0.3341917024320458
3159,1.3625,5.16625,0.12690128755364807,0.6569384835479257
3160,0.8025,5.1975,0.06683834048640916,0.34792560801144495
3161,0.74,5.205,0.08103004291845495,0.421173104434907
3162,0.7075,5.20875,0.07352217453505008,0.38226037195994284
3163,0.8225,5.19125,0.06857796852646639,0.3570815450643777
3164,0.8175,5.19875,0.06812017167381974,0.3181688125894135
3165,0.7325,5.2125,0.07022603719599428,0.36852646638054365
3166,0.825,5.21375,0.06876108726752504,0.35937052932761093
3167,0.67,5.19125,0.055851216022889845,0.288412017167382
3168,0.7,5.21375,0.0672961373390558,0.35250357653791137
3169,0.73,5.20625,0.06079542203147354,0.3158798283261803
3170,0.78,5.195,0.06500715307582261,0.33648068669527903
3171,0.8575,5.1825,0.061711015736766815,0.3181688125894135
3172,0.735,5.18875,0.06125321888412018,0.3181688125894135
3173,0.86,5.205,0.07169098712446352,0.37081545064377686
3174,0.805,5.19125,0.06271816881258942,0.32732474964234626
3175,0.7825,5.19375,0.06519027181688127,0.33648068669527903
3176,0.7775,5.185,0.06482403433476396,0.33648068669527903
3177,0.7075,5.20875,0.07544492131616595,0.3937052932761088
3178,0.875,5.1975,0.07288125894134478,0.3776824034334764
3179,0.735,5.18,0.06125321888412018,0.3181688125894135
3180,0.715,5.21125,0.07462088698140201,0.3891273247496424
3181,0.8825,5.21125,0.07352217453505008,0.38226037195994284
3182,0.9675,5.2075,0.08066380543633764,0.421173104434907
3183,0.78,5.205,0.06354220314735337,0.32961373390557946
3184,0.9075,5.2125,0.07562804005722461,0.3937052932761088
3185,0.92,5.21,0.07663519313304722,0.3982832618025752
3186,0.885,5.18125,0.05914735336194564,0.30672389127324756
3187,0.8625,5.18875,0.05878111587982833,0.30443490701001436
3188,0.7825,5.21125,0.06519027181688127,0.3410586552217454
3189,0.6725,5.21375,0.07169098712446352,0.37539341917024327
3190,0.73,5.2075,0.06042918454935623,0.3158798283261803
3191,0.8725,5.21125,0.07269814020028613,0.3776824034334764
3192,0.8225,5.19625,0.05978826895565094,0.3113018597997139
3193,0.7725,5.205,0.07397997138769671,0.3868383404864092
3194,0.905,5.2125,0.07544492131616595,0.3937052932761088
3195,0.89,5.18375,0.05914735336194564,0.30672389127324756
3196,0.7175,5.20875,0.06189413447782547,0.32274678111587984
3197,0.685,5.1925,0.05704148783977111,0.2952789699570816
3198,0.8275,5.1875,0.06125321888412018,0.3181688125894135
3199,0.8275,5.1875,0.06537339055793992,0.33648068669527903
3200,0.845,5.205,0.07040915593705294,0.36852646638054365
3201,0.8575,5.18375,0.07141630901287555,0.37081545064377686
3202,0.7775,5.195,0.06519027181688127,0.33648068669527903
3203,0.8625,5.21375,0.07187410586552218,0.37539341917024327
3204,0.695,5.2,0.05795708154506438,0.29985693848354794
3205,0.825,5.18875,0.05621745350500716,0.2929899856938484
3206,0.7275,5.19625,0.060612303290414886,0.3158798283261803
3207,0.845,5.195,0.07040915593705294,0.36852646638054365
3208,0.71,5.21,0.07462088698140201,0.3891273247496424
3209,0.8875,5.2,0.07397997138769671,0.3868383404864092
3210,0.71,5.18375,0.05914735336194564,0.30672389127324756
3211,0.7475,5.19625,0.06564806866952791,0.3410586552217454
3212,0.8575,5.20625,0.07141630901287555,0.37081545064377686
3213,0.76,5.2125,0.06335908440629472,0.32961373390557946
3214,0.7225,5.2,0.07498712446351932,0.3891273247496424
3215,0.8225,5.215,0.06857796852646639,0.3570815450643777
3216,0.7325,5.20375,0.06107010014306152,0.3181688125894135
3217,0.7125,5.2,0.06940200286123034,0.35937052932761093
3218,0.8175,5.19125,0.06812017167381974,0.35250357653791137
3219,0.795,5.19625,0.0662889842632332,0.34563662374821175
3220,0.805,5.19375,0.055851216022889845,0.288412017167382
3221,0.895,5.20875,0.07462088698140201,0.3891273247496424
3222,0.8325,5.1925,0.06940200286123034,0.35937052932761093
3223,0.7375,5.20875,0.06793705293276109,0.35250357653791137
3224,0.7125,5.2125,0.0762689556509299,0.3982832618025752
3225,0.9025,5.20375,0.07517024320457798,0.3891273247496424
3226,0.7675,5.2025,0.0576824034334764,0.29985693848354794
3227,0.815,5.19125,0.05566809728183119,0.288412017167382
3228,0.735,5.1825,0.06125321888412018,0.3181688125894135
3229,0.7075,5.21,0.07022603719599428,0.36852646638054365
3230,0.7275,5.20875,0.060612303290414886,0.3158798283261803
3231,0.6775,5.18125,0.056492131616595144,0.2929899856938484
3232,0.7975,5.19625,0.056492131616595144,0.2929899856938484
3233,0.8575,5.1825,0.05731616595135909,0.2952789699570816
3234,0.8175,5.19875,0.06812017167381974,0.35250357653791137
3235,1.7075,5.1625,0.13212017167381976,0.6821173104434908
3236,0.77,5.20875,0.07205722460658083,0.37539341917024327
3237,0.7975,5.18625,0.06647210300429185,0.34563662374821175
3238,0.7825,5.21,0.06519027181688127,0.33648068669527903
3239,0.76,5.1975,0.07187410586552218,0.37539341917024327
3240,0.755,5.18,0.06290128755364807,0.32732474964234626
3241,0.7075,5.1825,0.058964234620886985,0.30443490701001436
3242,0.805,5.195,0.055851216022889845,0.288412017167382
3243,0.675,5.1825,0.05621745350500716,0.2929899856938484
3244,0.81,5.1975,0.06747925608011446,0.35250357653791137
3245,0.8725,5.18125,0.05731616595135909,0.2952789699570816
3246,0.84,5.2,0.07004291845493563,0.3639484978540773
3247,0.86,5.215,0.07169098712446352,0.37539341917024327
3248,0.725,5.2,0.06857796852646639,0.3570815450643777
3249,0.8,5.1975,0.0666552217453505,0.34563662374821175
3250,0.8275,5.20125,0.0689442060085837,0.35937052932761093
3251,0.7175,5.21125,0.07370529327610874,0.38226037195994284
3252,0.8875,5.20125,0.07397997138769671,0.3868383404864092
3253,0.8675,5.1975,0.07233190271816882,0.37539341917024327
3254,0.745,5.20875,0.06711301859799715,0.34792560801144495
3255,0.8525,5.19625,0.07105007153075824,0.36852646638054365
3256,0.705,5.1825,0.05878111587982833,0.30443490701001436
3257,0.8275,5.18875,0.06079542203147354,0.3158798283261803
3258,0.6825,5.19,0.056858369098712454,0.2952789699570816
3259,0.7225,5.185,0.060246065808297576,0.3113018597997139
3260,0.67,5.2125,0.07517024320457798,0.3891273247496424
3261,0.685,5.21375,0.06940200286123034,0.35937052932761093
3262,0.7075,5.20375,0.058964234620886985,0.30672389127324756
3263,0.6825,5.2075,0.07105007153075824,0.37081545064377686
3264,0.69,5.215,0.07022603719599428,0.36852646638054365
3265,0.7375,5.18625,0.06143633762517883,0.3181688125894135
3266,0.75,5.21,0.07333905579399143,0.38226037195994284
3267,0.7125,5.205,0.07810014306151646,0.40515021459227474
3268,0.8125,5.18875,0.06775393419170243,0.35250357653791137
3269,0.8075,5.2,0.06308440629470673,0.32732474964234626
3270,0.7375,5.21125,0.07105007153075824,0.37081545064377686
3271,1.215,5.17125,0.10126466380543635,0.5241773962804006
3272,0.875,5.18,0.059971387696709594,0.3113018597997139
3273,0.705,5.20125,0.06812017167381974,0.35250357653791137
3274,0.8325,5.21375,0.06940200286123034,0.35937052932761093
3275,0.6725,5.2125,0.05603433476394851,0.288412017167382
3276,0.7025,5.2125,0.06418311874105866,0.3341917024320458
3277,0.6825,5.1875,0.056858369098712454,0.2952789699570816
3278,0.685,5.1825,0.05704148783977111,0.2952789699570816
3279,0.705,5.2125,0.064,0.3341917024320458
3280,0.6825,5.19625,0.056858369098712454,0.2952789699570816
3281,0.7175,5.19375,0.05978826895565094,0.3113018597997139
3282,0.87,5.185,0.06482403433476396,0.33648068669527903
3283,0.7075,5.1875,0.058964234620886985,0.30672389127324756
3284,0.75,5.20125,0.06253505007153076,0.32732474964234626
3285,0.9025,5.17875,0.06482403433476396,0.33648068669527903
3286,0.825,5.1975,0.06876108726752504,0.3570815450643777
3287,0.69,5.1825,0.057499284692417746,0.2952789699570816
3288,0.83,5.1875,0.05566809728183119,0.288412017167382
3289,0.71,5.21,0.05914735336194564,0.30672389127324756
3290,0.83,5.215,0.06912732474964235,0.35937052932761093
3291,0.805,5.185,0.05914735336194564,0.30672389127324756
3292,0.8,5.2,0.0666552217453505,0.34563662374821175
3293,0.875,5.21,0.07288125894134478,0.3776824034334764
3294,0.845,5.19125,0.05603433476394851,0.2929899856938484
3295,0.6925,5.18375,0.0576824034334764,0.29985693848354794
3296,0.79,5.1825,0.06583118741058656,0.3410586552217454
3297,0.705,5.20625,0.07462088698140201,0.3891273247496424
3298,0.7975,5.1925,0.06775393419170243,0.35250357653791137
3299,0.7275,5.1825,0.060612303290414886,0.3158798283261803
3300,0.9,5.1825,0.06976824034334765,0.35937052932761093
3301,0.91,5.17875,0.06335908440629472,0.32732474964234626
3302,0.785,5.1925,0.06537339055793992,0.3410586552217454
3303,0.8725,5.18125,0.05731616595135909,0.2952789699570816
3304,0.6875,5.205,0.07086695278969958,0.36852646638054365
3305,0.7825,5.21125,0.06519027181688127,0.3410586552217454
3306,0.665,5.21125,0.07352217453505008,0.38226037195994284
3307,0.7725,5.19875,0.0576824034334764,0.29985693848354794
3308,0.6725,5.19125,0.05603433476394851,0.2929899856938484
3309,0.73,5.2075,0.0672961373390558,0.34792560801144495
3310,0.69,5.215,0.06793705293276109,0.35250357653791137
3311,0.92,5.20875,0.07663519313304722,0.3982832618025752
3312,0.855,5.1925,0.07123319027181689,0.37081545064377686
3313,0.72,5.21375,0.07416309012875537,0.3868383404864092
3314,0.9075,5.21125,0.07562804005722461,0.3937052932761088
3315,0.8925,5.21125,0.07434620886981402,0.3868383404864092
3316,0.7825,5.20375,0.0666552217453505,0.34563662374821175
3317,0.6825,5.1875,0.056858369098712454,0.2952789699570816
3318,0.825,5.20125,0.06876108726752504,0.3570815450643777
3319,0.77,5.19125,0.0672961373390558,0.34792560801144495
3320,0.8825,5.215,0.07352217453505008,0.38226037195994284
3321,0.6825,5.195,0.056858369098712454,0.2952789699570816
3322,0.6925,5.21375,0.07370529327610874,0.38226037195994284
3323,0.6725,5.19,0.05603433476394851,0.2929899856938484
3324,0.705,5.18375,0.05878111587982833,0.30443490701001436
3325,0.75,5.20125,0.05795708154506438,0.29985693848354794
3326,0.955,5.2075,0.07956509298998571,0.4120171673819743
3327,0.895,5.20625,0.07462088698140201,0.3891273247496424
3328,0.845,5.19125,0.05914735336194564,0.30672389127324756
3329,0.8325,5.21,0.06940200286123034,0.35937052932761093
3330,0.9,5.205,0.07498712446351932,0.3891273247496424
3331,0.8925,5.1825,0.06500715307582261,0.33648068669527903
3332,0.6725,5.19125,0.05603433476394851,0.2929899856938484
3333,0.68,5.19125,0.0566752503576538,0.2929899856938484
3334,2.555,5.08375,0.2125092989985694,1.080400572246066
3335,3.965,4.99625,0.3293390557939915,1.645779685264664
3336,5.1325,4.92125,0.4276738197424893,2.103576537911302
3337,4.285,4.97375,0.35525035765379115,1.767095851216023
3338,4.0025,4.99625,0.33107868383404865,1.6549356223175968
3339,3.9875,4.9925,0.33226895565092995,1.6572246065808298
3340,5,4.96375,0.3712732474964235,1.840343347639485
3341,5.1375,4.9225,0.37420314735336196,1.840343347639485
3342,4.245,4.9775,0.3537854077253219,1.7625178826895567
3343,4.285,4.9775,0.3547925608011445,1.767095851216023
3344,4.235,4.97875,0.352961373390558,1.7579399141630905
3345,4.265,4.9775,0.35543347639484985,1.769384835479256
3346,4.24,4.97875,0.3535107296137339,1.7579399141630905
3347,4.23,4.97625,0.357722460658083,1.7808297567954223
3348,4.34,4.975,0.3616595135908441,1.7991416309012878
3349,4.2375,4.97875,0.35314449213161664,1.7579399141630905
3350,4.2075,4.9825,0.3477424892703863,1.7327610872675252
3351,4.2775,4.975,0.3564406294706724,1.7739628040057225
3352,4.2625,4.975,0.35525035765379115,1.767095851216023
3353,4.2725,4.97875,0.35122174535050077,1.7487839771101577
3354,4.2775,4.9775,0.3564406294706724,1.7739628040057225
3355,4.34,4.9725,0.3616595135908441,1.7991416309012878
3356,4.24,4.975,0.36770243204577974,1.8311874105865524
3357,4.2725,4.9775,0.3560743919885551,1.7739628040057225
3358,4.255,4.9775,0.3546094420600859,1.767095851216023
3359,4.25,4.9775,0.35415164520743925,1.7625178826895567
3360,4.1725,4.98,0.3477424892703863,1.7327610872675252
3361,4.1725,4.9825,0.3477424892703863,1.7327610872675252
3362,4.1525,4.98375,0.34563662374821175,1.7213161659513594
3363,4.175,4.975,0.34792560801144495,1.7327610872675252
3364,4.2225,4.97875,0.35186266094420604,1.7510729613733906
3365,4.245,4.97875,0.3500314735336195,1.7442060085836912
3366,4.245,4.97875,0.3537854077253219,1.7625178826895567
3367,4.225,4.97875,0.3520457796852647,1.7510729613733906
3368,4.22,4.9775,0.3487496423462089,1.7373390557939916
3369,4.21,4.97875,0.35085550786838343,1.7487839771101577
3370,4.21,4.98,0.35085550786838343,1.7487839771101577
3371,4.175,4.97625,0.34792560801144495,1.7327610872675252
3372,4.2575,4.97875,0.35186266094420604,1.7510729613733906
3373,4.2525,4.98,0.3543347639484979,1.767095851216023
3374,4.2375,4.98,0.3520457796852647,1.7510729613733906
3375,4.235,4.9775,0.3533276108726753,1.7579399141630905
3376,4.2425,4.97875,0.3535107296137339,1.7579399141630905
3377,4.2725,4.9775,0.35186266094420604,1.7510729613733906
3378,4.3075,4.97625,0.3520457796852647,1.7510729613733906
3379,4.2575,4.9775,0.3547925608011445,1.767095851216023
3380,4.1725,4.98375,0.347101573676681,1.7281831187410588
3381,4.23,4.98,0.34975679542203153,1.7396280400572248
3382,4.3025,4.97625,0.35854649499284696,1.7854077253218885
3383,4.2325,4.9775,0.3533276108726753,1.7579399141630905
3384,4.2425,4.9775,0.3525035765379113,1.755650929899857
3385,4.275,4.975,0.35625751072961376,1.7739628040057225
3386,4.285,4.97625,0.3570815450643777,1.778540772532189
3387,4.1025,4.9875,0.34224892703862664,1.705293276108727
3388,4.2275,4.98625,0.35232045779685267,1.755650929899857
3389,4.0975,4.9875,0.34142489270386267,1.7030042918454935
3390,4.095,4.98625,0.34957367668097283,1.7442060085836912
3391,4.1075,4.9875,0.34224892703862664,1.705293276108727
3392,4.09,4.9875,0.34087553648068675,1.698426323319027
3393,4.15,4.985,0.3410586552217454,1.698426323319027
3394,4.0025,4.995,0.3335507868383405,1.6640915593705297
3395,3.9475,4.995,0.32897281831187414,1.6434907010014308
3396,3.9525,4.9975,0.32814878397711017,1.6389127324749644
3397,3.9425,4.99625,0.3285150214592275,1.6434907010014308
3398,3.95,4.99375,0.3291559370529328,1.6434907010014308
3399,3.97,4.99625,0.3285150214592275,1.6434907010014308
3400,3.8675,4.9975,0.3222889842632332,1.6091559370529327
3401,4.02,4.9925,0.33501573676680974,1.6732474964234623
3402,3.9725,4.995,0.3319027181688126,1.6572246065808298
3403,3.9525,4.99625,0.3293390557939915,1.645779685264664
3404,3.9725,4.99625,0.33107868383404865,1.6549356223175968
3405,3.9075,4.995,0.3278741058655222,1.6389127324749644
3406,3.94,4.9975,0.32833190271816887,1.6434907010014308
3407,3.9475,4.995,0.32897281831187414,1.6434907010014308
3408,3.89,5.0025,0.3210071530758226,1.6045779685264665
3409,3.95,4.995,0.3335507868383405,1.6640915593705297
3410,3.9125,5,0.32604291845493566,1.632045779685265
3411,3.92,5,0.32604291845493566,1.632045779685265
3412,3.965,4.99125,0.3345579399141631,1.6686695278969959
3413,3.9775,4.995,0.331444921316166,1.6549356223175968
3414,3.9325,4.99875,0.3297968526466381,1.6503576537911304
3415,3.9425,4.9975,0.330620886981402,1.6549356223175968
3416,3.9475,4.99375,0.32897281831187414,1.6434907010014308
3417,3.9625,4.9925,0.33208583690987126,1.6572246065808298
3418,3.9675,4.995,0.3268669527896996,1.632045779685265
3419,3.96,4.99625,0.32997997138769675,1.6503576537911304
3420,3.9475,4.99625,0.3275078683834049,1.634334763948498
3421,3.945,4.99625,0.32997997138769675,1.6503576537911304
3422,3.95,4.99625,0.3291559370529328,1.645779685264664
3423,3.9875,4.9975,0.33226895565092995,1.6618025751072962
3424,4.025,4.99375,0.32732474964234626,1.634334763948498
3425,4.035,4.99625,0.33620600858369104,1.6801144492131617
3426,3.955,4.995,0.3296137339055794,1.645779685264664
3427,3.97,4.99625,0.32897281831187414,1.6434907010014308
3428,3.97,4.99625,0.3308040057224607,1.6549356223175968
3429,3.985,4.995,0.33208583690987126,1.6572246065808298
3430,3.965,4.99625,0.3287896995708155,1.6434907010014308
3431,3.9025,4.995,0.3252188841201717,1.6228898426323322
3432,4.0675,4.995,0.3389527896995708,1.691559370529328
3433,3.9425,4.99875,0.3291559370529328,1.645779685264664
3434,3.8175,5.00375,0.3181688125894135,1.5931330472103007
3435,3.83,5.0025,0.3191759656652361,1.597711015736767
3436,3.8175,5.005,0.31707010014306153,1.5862660944206008
3437,3.825,5.00125,0.31871816881258946,1.5931330472103007
3438,3.895,5.00375,0.3245779685264664,1.6228898426323322
3439,3.93,5.005,0.31771101573676686,1.5908440629470673
3440,3.7925,5.0025,0.3160629470672389,1.5816881258941344
3441,3.83,5.0025,0.3191759656652361,1.597711015736767
3442,3.8425,5.005,0.3201831187410587,1.6022889842632333
3443,3.825,5.0025,0.31871816881258946,1.5931330472103007
3444,3.8375,5.00375,0.31981688125894137,1.6022889842632333
3445,3.885,5.0025,0.3191759656652361,1.597711015736767
3446,3.81,5.00375,0.315788268955651,1.5793991416309014
3447,3.8075,5,0.3172532188841202,1.5862660944206008
3448,3.8525,4.9975,0.3181688125894135,1.5908440629470673
3449,3.87,5.00125,0.3214649499284693,1.6091559370529327
3450,3.815,5.00375,0.3178941344778255,1.5908440629470673
3451,3.8625,5.00375,0.3183519313304721,1.5931330472103007
3452,3.8525,5.0025,0.31935908440629474,1.597711015736767
3453,3.8425,5.0025,0.3201831187410587,1.6022889842632333
3454,3.8275,5.005,0.3191759656652361,1.597711015736767
3455,3.9025,4.9925,0.3239370529327611,1.6160228898426325
3456,3.8475,5.00125,0.32064091559370533,1.6045779685264665
3457,3.8,5.00625,0.31853505007153077,1.5931330472103007
3458,3.8325,5.0025,0.31871816881258946,1.5931330472103007
3459,3.8125,5.00625,0.31771101573676686,1.5908440629470673
3460,3.8325,5.0025,0.31935908440629474,1.597711015736767
3461,3.8475,5.00375,0.31853505007153077,1.5931330472103007
3462,3.8275,4.9975,0.31899284692417745,1.5931330472103007
3463,3.8325,5.005,0.31935908440629474,1.597711015736767
3464,3.865,4.99875,0.3353819742489271,1.6755364806866953
3465,3.8375,5.00125,0.31981688125894137,1.597711015736767
3466,3.855,5.00375,0.3212818311874106,1.6091559370529327
3467,3.83,5.00375,0.3183519313304721,1.5931330472103007
3468,3.7925,5.01,0.3160629470672389,1.5816881258941344
3469,3.8325,4.99875,0.31935908440629474,1.597711015736767
3470,3.8225,5.00125,0.3145979971387697,1.5748211731044353
3471,3.845,5,0.3204577968526467,1.6022889842632333
3472,3.87,5.005,0.32247210300429185,1.613733905579399
3473,3.8425,5.00375,0.32,1.6022889842632333
3474,3.8225,5.00375,0.31853505007153077,1.5931330472103007
3475,3.8425,5.00125,0.3201831187410587,1.6022889842632333
3476,3.855,5.0025,0.3175278969957082,1.5908440629470673
3477,3.8125,5,0.31771101573676686,1.5908440629470673
3478,3.88,5.0025,0.3232961373390558,1.6160228898426325
3479,3.8675,5.0025,0.32,1.6022889842632333
3480,3.7625,5.005,0.3134992846924178,1.5679542203147354
3481,3.8375,5.00125,0.31981688125894137,1.597711015736767
3482,3.875,5.00125,0.31981688125894137,1.597711015736767
3483,3.8775,5.00125,0.32247210300429185,1.613733905579399
3484,3.845,4.99875,0.3204577968526467,1.6022889842632333
3485,3.8675,4.9975,0.3218311874105866,1.6091559370529327
3486,3.8675,5,0.32247210300429185,1.613733905579399
3487,3.86,5,0.32164806866952794,1.6091559370529327
3488,3.8575,5.00375,0.31899284692417745,1.597711015736767
3489,3.775,5.0075,0.3147811158798284,1.5748211731044353
3490,3.7525,5.01,0.3126752503576538,1.5679542203147354
3491,3.7475,5.01,0.3134992846924178,1.5725321888412018
3492,3.77,5.005,0.3116680972818312,1.5610872675250358
3493,3.775,5.0075,0.3145979971387697,1.5748211731044353
3494,3.7425,5.0075,0.31230901287553653,1.563376251788269
3495,3.78,5.0075,0.31377396280400577,1.5725321888412018
3496,1.4175,5.17125,0.11811158798283262,0.6111587982832619
3497,1.25,5.17,0.10419456366237483,0.540200286123033
3498,1.3025,5.16,0.10977968526466382,0.5653791130185981
3499,1.325,5.13875,0.1104206008583691,0.5653791130185981
3500,1.44,5.17,0.12003433476394851,0.6180257510729614
3501,1.1675,5.17875,0.1020886981402003,0.528755364806867
3502,1.2875,5.165,0.10730758226037197,0.5539341917024321
3503,1.1325,5.16125,0.09439771101573678,0.4875536480686696
3504,1.325,5.1525,0.10437768240343348,0.5356223175965666
3505,1.335,5.175,0.11124463519313306,0.576824034334764
3506,2.22,5.11,0.18504148783977112,0.9453505007153076
3507,1.195,5.18,0.10831473533619458,0.5630901287553648
3508,1.39,5.16375,0.11582260371959945,0.5974248927038627
3509,1.3175,5.17625,0.10977968526466382,0.5699570815450644
3510,2.3725,5.10875,0.19996566523605153,1.020886981402003
3511,1.485,5.15,0.12378826895565094,0.6386266094420602
3512,1.2475,5.17,0.10391988555078685,0.5356223175965666
3513,1.2625,5.16625,0.11316738197424894,0.5859799713876968
3514,1.2325,5.16875,0.10272961373390559,0.5333333333333334
3515,1.315,5.1825,0.10959656652360517,0.5653791130185981
3516,1.18,5.17875,0.09961659513590845,0.517310443490701
3517,1.2425,5.15625,0.10355364806866954,0.5333333333333334
3518,1.19,5.17125,0.09915879828326181,0.5127324749642347
3519,1.3125,5.16,0.09393991416309014,0.4829756795422032
3520,1.165,5.1775,0.12021745350500716,0.6226037195994278
3521,1.175,5.1575,0.09787696709585123,0.5058655221745351
3522,1.315,5.1625,0.09769384835479257,0.5035765379113019
3523,1.2675,5.165,0.11454077253218885,0.5928469241773964
3524,1.2475,5.165,0.10391988555078685,0.5356223175965666
3525,1.2975,5.165,0.09833476394849787,0.5058655221745351
3526,1.2275,5.17375,0.12937339055793992,0.6683834048640916
3527,1.18,5.15375,0.09833476394849787,0.5058655221745351
3528,0.685,5.2125,0.07462088698140201,0.3891273247496424
3529,0.755,5.20625,0.06601430615164522,0.34563662374821175
3530,0.7225,5.19125,0.060246065808297576,0.3113018597997139
3531,0.72,5.21,0.06418311874105866,0.3341917024320458
3532,0.7475,5.20625,0.06079542203147354,0.3158798283261803
3533,0.7125,5.18125,0.059330472103004295,0.30672389127324756
3534,0.7975,5.185,0.06647210300429185,0.34563662374821175
3535,0.7575,5.20375,0.059605150214592284,0.3113018597997139
3536,1.3675,5.17375,0.11399141630901288,0.58826895565093
3537,0.7175,5.18125,0.05978826895565094,0.3113018597997139
3538,0.755,5.19875,0.07810014306151646,0.40515021459227474
3539,0.7975,5.185,0.06647210300429185,0.34563662374821175
3540,0.765,5.18375,0.06372532188841203,0.32961373390557946
3541,0.7975,5.1925,0.07663519313304722,0.3982832618025752
3542,0.8075,5.19625,0.0672961373390558,0.34792560801144495
3543,0.815,5.195,0.06793705293276109,0.35250357653791137
3544,0.85,5.19,0.05978826895565094,0.3113018597997139
3545,0.685,5.18125,0.05704148783977111,0.2952789699570816
3546,0.715,5.18125,0.059605150214592284,0.30672389127324756
3547,0.7375,5.2075,0.06876108726752504,0.3570815450643777
3548,0.755,5.205,0.06290128755364807,0.32732474964234626
3549,0.7425,5.18,0.06189413447782547,0.3181688125894135
3550,0.72,5.21,0.062077253218884125,0.32274678111587984
3551,1.22,5.18125,0.10163090128755366,0.5241773962804006
3552,0.715,5.18125,0.059605150214592284,0.30672389127324756
3553,0.87,5.1825,0.07105007153075824,0.36852646638054365
3554,0.7875,5.17875,0.06564806866952791,0.3410586552217454
3555,0.75,5.19625,0.06253505007153076,0.32732474964234626
3556,0.905,5.17875,0.06079542203147354,0.3158798283261803
3557,0.8575,5.18375,0.058964234620886985,0.30672389127324756
3558,0.855,5.20625,0.07123319027181689,0.37081545064377686
3559,0.8375,5.18875,0.06647210300429185,0.34563662374821175
3560,0.89,5.185,0.05850643776824035,0.30443490701001436
3561,0.8075,5.19875,0.0672961373390558,0.34792560801144495
3562,0.87,5.18375,0.0566752503576538,0.2929899856938484
3563,0.8675,5.185,0.056492131616595144,0.2929899856938484
3564,0.8,5.1925,0.0666552217453505,0.34563662374821175
3565,0.845,5.19375,0.06143633762517883,0.3181688125894135
3566,0.9225,5.2,0.09101001430615166,0.4715307582260372
3567,0.9425,5.2075,0.0785579399141631,0.4097281831187411
3568,0.7225,5.21125,0.060246065808297576,0.3937052932761088
3569,0.7275,5.2,0.07480400572246067,0.3891273247496424
3570,0.7825,5.18125,0.06519027181688127,0.33648068669527903
3571,0.77,5.17875,0.06418311874105866,0.3341917024320458
3572,0.78,5.2025,0.07434620886981402,0.3868383404864092
3573,0.7725,5.18375,0.06436623748211731,0.3341917024320458
3574,0.7475,5.18125,0.06226037195994278,0.32274678111587984
3575,0.7175,5.20875,0.0769098712446352,0.4005722460658083
3576,0.87,5.1925,0.07251502145922747,0.37539341917024327
3577,0.7425,5.17625,0.06189413447782547,0.3181688125894135
3578,0.715,5.20875,0.07498712446351932,0.3891273247496424
3579,0.77,5.18,0.06418311874105866,0.3341917024320458
3580,0.72,5.18,0.059971387696709594,0.3113018597997139
3581,0.95,5.18125,0.06564806866952791,0.3410586552217454
3582,0.9275,5.20625,0.07727610872675252,0.4005722460658083
3583,0.9,5.20625,0.07498712446351932,0.3891273247496424
3584,0.76,5.20875,0.07333905579399143,0.38226037195994284
3585,0.9,5.21125,0.07498712446351932,0.3891273247496424
3586,0.965,5.19375,0.08038912732474965,0.41659513590844066
3587,1.53,5.155,0.14145922746781117,0.7278969957081546
3588,2.0375,5.12875,0.1697510729613734,0.8698140200286124
3589,1.8025,5.1475,0.15024892703862663,0.7736766809728184
3590,1.5575,5.14375,0.1372474964234621,0.7050071530758227
3591,1.5725,5.1625,0.13102145922746783,0.6752503576537912
3592,1.4975,5.10875,0.12479542203147355,0.6386266094420602
3593,1.9675,5.12625,0.14145922746781117,0.7233190271816882
3594,1.75,5.145,0.14310729613733908,0.7347639484978541
3595,2.4875,5.08875,0.20729041487839772,1.0529327610872676
3596,0.9525,5.19125,0.07727610872675252,0.4005722460658083
3597,1.2275,5.17375,0.11975965665236053,0.6180257510729614
3598,0.78,5.19625,0.06500715307582261,0.33648068669527903
3599,0.9125,5.18,0.060612303290414886,0.3158798283261803
3600,0.8125,5.19875,0.06189413447782547,0.32274678111587984
3601,0.9375,5.2075,0.07810014306151646,0.40515021459227474
3602,0.74,5.21,0.07727610872675252,0.4005722460658083
3603,0.7225,5.205,0.06418311874105866,0.3341917024320458
3604,0.755,5.20875,0.06290128755364807,0.32732474964234626
3605,0.68,5.215,0.0566752503576538,0.3776824034334764
3606,0.7,5.2125,0.0672961373390558,0.35250357653791137
3607,0.775,5.2075,0.06454935622317597,0.33648068669527903
3608,0.6725,5.195,0.05603433476394851,0.2929899856938484
3609,0.685,5.215,0.0683032904148784,0.3570815450643777
3610,1.325,5.17125,0.1104206008583691,0.5699570815450644
3611,1.205,5.14625,0.1004406294706724,0.517310443490701
3612,0.9075,5.18125,0.05978826895565094,0.3113018597997139
3613,0.81,5.2075,0.06747925608011446,0.35250357653791137
3614,0.9625,5.20875,0.080206008583691,0.41659513590844066
3615,0.8575,5.18875,0.059605150214592284,0.30672389127324756
3616,0.8,5.2075,0.0666552217453505,0.34792560801144495
3617,0.73,5.20375,0.06079542203147354,0.3158798283261803
3618,0.68,5.21125,0.07480400572246067,0.3891273247496424
3619,0.865,5.2125,0.07205722460658083,0.37539341917024327
3620,0.8125,5.21125,0.06775393419170243,0.35250357653791137
3621,0.7825,5.1925,0.0762689556509299,0.3982832618025752
3622,0.78,5.185,0.06500715307582261,0.33648068669527903
3623,0.8,5.19,0.0666552217453505,0.34563662374821175
3624,0.835,5.19,0.059971387696709594,0.3113018597997139
3625,0.71,5.2025,0.05914735336194564,0.30672389127324756
3626,1.155,5.1925,0.09622889842632333,0.4989985693848355
3627,0.8425,5.1975,0.064,0.3341917024320458
3628,0.87,5.20625,0.07251502145922747,0.3776824034334764
3629,0.9175,5.20625,0.07645207439198856,0.3982832618025752
3630,0.855,5.18875,0.058964234620886985,0.30672389127324756
3631,0.755,5.20875,0.07462088698140201,0.3891273247496424
3632,0.89,5.21125,0.07416309012875537,0.3868383404864092
3633,0.8725,5.1825,0.05814020028612304,0.29985693848354794
3634,0.7875,5.19125,0.06436623748211731,0.3341917024320458
3635,0.7525,5.19,0.06271816881258942,0.32732474964234626
3636,0.725,5.2075,0.0662889842632332,0.34563662374821175
3637,0.87,5.1875,0.05878111587982833,0.30443490701001436
3638,0.7275,5.18125,0.060612303290414886,0.3158798283261803
3639,0.8475,5.1875,0.05603433476394851,0.2929899856938484
3640,0.845,5.18625,0.06189413447782547,0.32274678111587984
3641,0.855,5.1875,0.07123319027181689,0.37081545064377686
3642,0.8775,5.18625,0.0689442060085837,0.3570815450643777
3643,1.2725,5.17125,0.1239713876967096,0.6409155937052933
3644,0.71,5.18,0.05914735336194564,0.30672389127324756
3645,0.7075,5.18875,0.058964234620886985,0.30672389127324756
3646,0.7975,5.19125,0.06912732474964235,0.35937052932761093
3647,0.745,5.1875,0.062077253218884125,0.32274678111587984
3648,0.7925,5.1925,0.06601430615164522,0.3410586552217454
3649,0.87,5.18125,0.06107010014306152,0.3158798283261803
3650,0.6925,5.1825,0.0576824034334764,0.29985693848354794
3651,0.8625,5.20625,0.07187410586552218,0.37539341917024327
3652,0.6875,5.20375,0.07416309012875537,0.3868383404864092
3653,0.9275,5.2125,0.07727610872675252,0.4005722460658083
3654,0.845,5.20375,0.07040915593705294,0.36852646638054365
3655,0.8225,5.1925,0.05621745350500716,0.2929899856938484
3656,1.0575,5.16625,0.08808011444921317,0.4532188841201717
3657,0.91,5.20875,0.07581115879828328,0.3937052932761088
3658,0.8725,5.18875,0.06143633762517883,0.3181688125894135
3659,0.8625,5.2075,0.07187410586552218,0.37539341917024327
3660,1.2075,5.17625,0.10062374821173105,0.5218884120171675
3661,0.8175,5.19625,0.07352217453505008,0.38226037195994284
3662,0.89,5.215,0.07416309012875537,0.3868383404864092
3663,0.875,5.2125,0.07288125894134478,0.3776824034334764
3664,0.7425,5.19625,0.0762689556509299,0.3982832618025752
3665,0.87,5.2075,0.07251502145922747,0.3776824034334764
3666,0.8725,5.2125,0.07269814020028613,0.3776824034334764
3667,0.8375,5.185,0.05978826895565094,0.3113018597997139
3668,0.715,5.2,0.0689442060085837,0.35937052932761093
3669,0.8725,5.21375,0.07269814020028613,0.3776824034334764
3670,0.73,5.1975,0.07498712446351932,0.3891273247496424
3671,1.2175,5.17125,0.07498712446351932,0.3868383404864092
3672,0.915,5.20625,0.0762689556509299,0.3982832618025752
3673,0.795,5.2,0.06226037195994278,0.32274678111587984
3674,0.715,5.2125,0.07608583690987125,0.3982832618025752
3675,0.8325,5.1925,0.06940200286123034,0.35937052932761093
3676,0.7175,5.21125,0.07434620886981402,0.3868383404864092
3677,0.6675,5.21,0.07333905579399143,0.38226037195994284
3678,0.7675,5.21125,0.064,0.3341917024320458
3679,0.675,5.21125,0.07315593705293277,0.38226037195994284
3680,0.7,5.21375,0.07434620886981402,0.3868383404864092
3681,0.8625,5.215,0.07187410586552218,0.37539341917024327
3682,0.8,5.2125,0.0666552217453505,0.34792560801144495
3683,0.78,5.19375,0.06564806866952791,0.3410586552217454
3684,0.85,5.215,0.07086695278969958,0.37081545064377686
3685,0.8075,5.21,0.0672961373390558,0.34792560801144495
3686,0.9925,5.1725,0.07397997138769671,0.38226037195994284
3687,0.815,5.20875,0.06793705293276109,0.35250357653791137
3688,0.8675,5.21125,0.07233190271816882,0.3776824034334764
3689,0.8925,5.185,0.06226037195994278,0.32274678111587984
3690,0.7875,5.195,0.06564806866952791,0.3410586552217454
3691,0.8375,5.20625,0.06976824034334765,0.3639484978540773
3692,0.855,5.18375,0.059605150214592284,0.30672389127324756
3693,0.8,5.195,0.0666552217453505,0.34563662374821175
3694,0.8825,5.21,0.07352217453505008,0.38226037195994284
3695,0.895,5.18125,0.058964234620886985,0.30443490701001436
3696,0.735,5.18625,0.06125321888412018,0.3181688125894135
3697,0.8525,5.20375,0.07105007153075824,0.37081545064377686
3698,0.8625,5.18375,0.05621745350500716,0.2929899856938484
3699,0.78,5.18875,0.06500715307582261,0.33648068669527903
3700,0.8525,5.2,0.07105007153075824,0.37081545064377686
3701,1.0275,5.16625,0.07233190271816882,0.37539341917024327
3702,1.8175,5.1025,0.15143919885550788,0.7736766809728184
3703,1.62,5.15125,0.13495851216022892,0.6935622317596567
3704,1.8925,5.14375,0.12250643776824036,0.6294706723891274
3705,0.9275,5.1875,0.08789699570815451,0.4577968526466381
3706,0.72,5.18125,0.059971387696709594,0.3113018597997139
3707,0.735,5.2025,0.07498712446351932,0.3891273247496424
3708,0.7825,5.19375,0.06976824034334765,0.3639484978540773
3709,0.7275,5.17875,0.060612303290414886,0.3158798283261803
3710,0.8775,5.19,0.08377682403433477,0.4349070100143062
3711,0.7225,5.19875,0.07187410586552218,0.37539341917024327
3712,0.875,5.2,0.07288125894134478,0.3776824034334764
3713,0.86,5.18375,0.05621745350500716,0.2929899856938484
3714,0.7225,5.2,0.06793705293276109,0.35250357653791137
3715,0.865,5.2125,0.07205722460658083,0.37539341917024327
3716,0.9825,5.16875,0.08185407725321889,0.38226037195994284
3717,0.79,5.2025,0.06335908440629472,0.32961373390557946
3718,0.7375,5.19875,0.06143633762517883,0.3181688125894135
3719,0.825,5.21,0.06876108726752504,0.35937052932761093
3720,0.9175,5.17875,0.06042918454935623,0.3113018597997139
3721,0.75,5.18125,0.06253505007153076,0.32274678111587984
3722,0.79,5.19,0.06583118741058656,0.3410586552217454
3723,0.6975,5.2125,0.06601430615164522,0.34563662374821175
3724,0.6725,5.185,0.05603433476394851,0.288412017167382
3725,0.695,5.18375,0.05795708154506438,0.29985693848354794
3726,0.6825,5.215,0.07004291845493563,0.3639484978540773
3727,0.7025,5.20125,0.05850643776824035,0.30443490701001436
3728,0.6725,5.18625,0.05603433476394851,0.288412017167382
3729,0.6725,5.21375,0.07086695278969958,0.37081545064377686
3730,0.67,5.1875,0.055851216022889845,0.288412017167382
3731,0.86,5.17875,0.07169098712446352,0.37081545064377686
3732,0.765,5.19625,0.080206008583691,0.41659513590844066
3733,0.7975,5.18625,0.06647210300429185,0.34563662374821175
3734,0.785,5.185,0.06537339055793992,0.33648068669527903
3735,0.745,5.2,0.07333905579399143,0.38226037195994284
3736,0.7475,5.18125,0.06226037195994278,0.32274678111587984
3737,0.69,5.18125,0.057499284692417746,0.2952789699570816
3738,0.76,5.2025,0.0576824034334764,0.29985693848354794
3739,0.6975,5.18125,0.05814020028612304,0.29985693848354794
3740,0.855,5.205,0.07123319027181689,0.37081545064377686
3741,0.87,5.1825,0.05704148783977111,0.2952789699570816
3742,0.74,5.19625,0.06601430615164522,0.3410586552217454
3743,0.855,5.20625,0.07123319027181689,0.37081545064377686
3744,0.845,5.185,0.06711301859799715,0.34792560801144495
3745,0.7175,5.2,0.06876108726752504,0.3570815450643777
3746,0.84,5.195,0.07004291845493563,0.3639484978540773
3747,0.8875,5.18125,0.0689442060085837,0.3570815450643777
3748,0.9075,5.18,0.05978826895565094,0.3113018597997139
3749,0.7125,5.18375,0.059330472103004295,0.30672389127324756
3750,0.785,5.19625,0.07169098712446352,0.37081545064377686
3751,0.9075,5.18,0.05978826895565094,0.3113018597997139
3752,0.735,5.18625,0.06125321888412018,0.3181688125894135
3753,0.8275,5.18875,0.0689442060085837,0.2929899856938484
3754,0.8675,5.1825,0.05731616595135909,0.2952789699570816
3755,0.785,5.195,0.06537339055793992,0.3410586552217454
3756,0.855,5.21375,0.07123319027181689,0.37081545064377686
3757,0.68,5.21375,0.07040915593705294,0.36852646638054365
3758,0.8,5.21375,0.0666552217453505,0.34792560801144495
3759,0.735,5.20625,0.06125321888412018,0.3181688125894135
3760,0.715,5.2125,0.07086695278969958,0.36852646638054365
3761,0.85,5.16875,0.07086695278969958,0.36852646638054365
3762,0.72,5.18,0.059971387696709594,0.3113018597997139
3763,0.7075,5.2075,0.07517024320457798,0.3891273247496424
3764,0.765,5.1825,0.06372532188841203,0.32961373390557946
3765,0.745,5.18125,0.062077253218884125,0.32274678111587984
3766,0.74,5.20875,0.06940200286123034,0.35937052932761093
3767,0.855,5.20375,0.07123319027181689,0.37081545064377686
3768,0.865,5.2075,0.07205722460658083,0.37539341917024327
3769,0.8575,5.18375,0.05850643776824035,0.30443490701001436
3770,0.81,5.1975,0.06747925608011446,0.35250357653791137
3771,0.875,5.205,0.07288125894134478,0.3776824034334764
3772,0.855,5.1825,0.05850643776824035,0.30443490701001436
3773,0.855,5.215,0.07123319027181689,0.37081545064377686
3774,0.6725,5.18625,0.05603433476394851,0.288412017167382
3775,0.7025,5.21375,0.06601430615164522,0.34563662374821175
3776,0.7775,5.1875,0.06482403433476396,0.33648068669527903
3777,0.8475,5.21125,0.07059227467811159,0.36852646638054365
3778,0.8675,5.185,0.06519027181688127,0.33648068669527903
3779,0.905,5.17875,0.059971387696709594,0.3113018597997139
3780,0.7375,5.19375,0.06143633762517883,0.3181688125894135
3781,0.755,5.1975,0.07333905579399143,0.38226037195994284
3782,1.125,5.19,0.08872103004291847,0.46237482117310447
3783,0.8525,5.21125,0.07105007153075824,0.37081545064377686
3784,0.905,5.18,0.06482403433476396,0.33648068669527903
3785,0.8225,5.19625,0.061711015736766815,0.32274678111587984
3786,0.88,5.21125,0.07333905579399143,0.38226037195994284
3787,0.905,5.18,0.06143633762517883,0.3181688125894135
3788,0.7475,5.19625,0.0662889842632332,0.34563662374821175
3789,0.85,5.215,0.07086695278969958,0.37081545064377686
3790,0.6725,5.21,0.05603433476394851,0.3776824034334764
3791,0.7125,5.2125,0.07397997138769671,0.3868383404864092
3792,0.7525,5.18125,0.06271816881258942,0.32732474964234626
3793,0.7175,5.19375,0.05978826895565094,0.3113018597997139
3794,0.905,5.17875,0.06189413447782547,0.3181688125894135
3795,0.7275,5.17875,0.060612303290414886,0.3158798283261803
3796,0.725,5.195,0.06042918454935623,0.3158798283261803
3797,0.6725,5.20875,0.07608583690987125,0.3982832618025752
3798,0.895,5.215,0.07462088698140201,0.3891273247496424
3799,0.6725,5.1875,0.05603433476394851,0.2929899856938484
3800,0.71,5.21125,0.06372532188841203,0.3341917024320458
3801,0.6725,5.1875,0.05603433476394851,0.2929899856938484
3802,0.7475,5.19,0.06226037195994278,0.32274678111587984
3803,0.845,5.19,0.05731616595135909,0.2952789699570816
3804,0.78,5.19375,0.06500715307582261,0.33648068669527903
3805,0.8025,5.1925,0.06683834048640916,0.34792560801144495
3806,0.9675,5.17625,0.06683834048640916,0.34563662374821175
3807,0.89,5.2125,0.07416309012875537,0.3868383404864092
3808,0.895,5.1975,0.07462088698140201,0.3868383404864092
3809,0.89,5.1825,0.058964234620886985,0.30443490701001436
3810,0.715,5.18125,0.059605150214592284,0.30672389127324756
3811,0.715,5.18,0.059605150214592284,0.30672389127324756
3812,0.755,5.20375,0.06482403433476396,0.33648068669527903
3813,0.6825,5.18125,0.056858369098712454,0.2952789699570816
3814,0.7775,5.19375,0.06482403433476396,0.33648068669527903
3815,0.8,5.18875,0.06253505007153076,0.32732474964234626
3816,0.765,5.1925,0.06519027181688127,0.33648068669527903
3817,0.855,5.2125,0.07123319027181689,0.37081545064377686
3818,0.6725,5.2075,0.07187410586552218,0.37539341917024327
3819,0.69,5.21375,0.06876108726752504,0.35937052932761093
3820,0.67,5.1875,0.055851216022889845,0.288412017167382
3821,0.88,5.1825,0.06189413447782547,0.32274678111587984
3822,0.7275,5.2125,0.07086695278969958,0.36852646638054365
3823,0.88,5.21125,0.07333905579399143,0.38226037195994284
3824,0.79,5.20125,0.0662889842632332,0.34563662374821175
3825,0.71,5.20875,0.07498712446351932,0.3891273247496424
3826,0.895,5.20125,0.07462088698140201,0.3868383404864092
3827,0.84,5.18625,0.05603433476394851,0.288412017167382
3828,0.8625,5.18125,0.05814020028612304,0.29985693848354794
3829,0.86,5.2075,0.07169098712446352,0.37539341917024327
3830,0.85,5.20375,0.07086695278969958,0.36852646638054365
3831,0.82,5.19,0.06253505007153076,0.32732474964234626
3832,0.855,5.215,0.07123319027181689,0.37081545064377686
3833,0.76,5.21,0.06335908440629472,0.32961373390557946
3834,0.69,5.21375,0.06793705293276109,0.35250357653791137
3835,0.73,5.2075,0.06079542203147354,0.3158798283261803
3836,0.725,5.17875,0.06042918454935623,0.3113018597997139
3837,0.885,5.18125,0.06271816881258942,0.32732474964234626
3838,0.75,5.1825,0.06253505007153076,0.32274678111587984
3839,0.7175,5.1925,0.05978826895565094,0.3113018597997139
3840,0.8025,5.1925,0.06940200286123034,0.35937052932761093
3841,0.7075,5.1875,0.058964234620886985,0.30672389127324756
3842,0.795,5.21375,0.0662889842632332,0.34563662374821175
3843,0.6875,5.20375,0.06976824034334765,0.3639484978540773
3844,0.815,5.2125,0.06793705293276109,0.35250357653791137
3845,0.72,5.205,0.059971387696709594,0.3113018597997139
3846,0.6975,5.2125,0.06583118741058656,0.3410586552217454
3847,0.67,5.1875,0.055851216022889845,0.288412017167382
3848,0.7825,5.195,0.06519027181688127,0.33648068669527903
3849,0.7025,5.21,0.06519027181688127,0.3410586552217454
3850,0.6675,5.18875,0.05566809728183119,0.288412017167382
3851,0.6925,5.195,0.0576824034334764,0.29985693848354794
3852,0.765,5.2075,0.07269814020028613,0.3776824034334764
3853,0.725,5.21125,0.07709298998569386,0.4005722460658083
3854,0.905,5.20625,0.07544492131616595,0.3937052932761088
3855,0.8025,5.19875,0.06683834048640916,0.34792560801144495
3856,0.715,5.21125,0.07288125894134478,0.3776824034334764
3857,0.8725,5.21125,0.07269814020028613,0.3776824034334764
3858,0.785,5.19,0.06308440629470673,0.32732474964234626
3859,0.7,5.2125,0.06537339055793992,0.3410586552217454
3860,0.67,5.19125,0.055851216022889845,0.288412017167382
3861,0.7525,5.21375,0.06857796852646639,0.3570815450643777
3862,0.735,5.20625,0.06335908440629472,0.32961373390557946
3863,0.72,5.185,0.059971387696709594,0.3113018597997139
3864,0.855,5.18375,0.07123319027181689,0.3113018597997139
3865,0.855,5.18375,0.05878111587982833,0.30443490701001436
3866,0.805,5.1975,0.06711301859799715,0.34792560801144495
3867,0.73,5.17,0.06079542203147354,0.3158798283261803
3868,0.725,5.2025,0.07462088698140201,0.3891273247496424
3869,0.8025,5.1875,0.06683834048640916,0.34563662374821175
3870,0.72,5.18,0.059971387696709594,0.3113018597997139
3871,0.7175,5.21,0.07352217453505008,0.38226037195994284
3872,0.8525,5.21375,0.07105007153075824,0.37081545064377686
3873,0.6725,5.1825,0.05603433476394851,0.288412017167382
3874,0.72,5.20875,0.07141630901287555,0.37081545064377686
3875,0.695,5.2,0.05795708154506438,0.29985693848354794
3876,0.6725,5.18625,0.05603433476394851,0.288412017167382
3877,0.745,5.20375,0.05878111587982833,0.30672389127324756
3878,0.71,5.1825,0.05914735336194564,0.30672389127324756
3879,0.7975,5.19625,0.06647210300429185,0.34563662374821175
3880,0.8525,5.18375,0.056492131616595144,0.2929899856938484
3881,0.875,5.2125,0.07288125894134478,0.3776824034334764
3882,0.91,5.20625,0.07581115879828328,0.3937052932761088
3883,0.87,5.185,0.06436623748211731,0.3341917024320458
3884,0.8475,5.19125,0.07059227467811159,0.36852646638054365
3885,0.7275,5.19625,0.060612303290414886,0.3158798283261803
3886,0.755,5.2,0.07315593705293277,0.3776824034334764
3887,0.8825,5.2075,0.07352217453505008,0.38226037195994284
3888,0.795,5.2125,0.0662889842632332,0.34563662374821175
3889,0.6775,5.2125,0.07004291845493563,0.3639484978540773
3890,0.7425,5.20625,0.060612303290414886,0.3158798283261803
3891,0.7,5.1825,0.05832331902718169,0.30443490701001436
3892,0.795,5.1975,0.059971387696709594,0.3113018597997139
3893,0.845,5.185,0.05878111587982833,0.30443490701001436
3894,0.8675,5.2075,0.07233190271816882,0.37539341917024327
3895,0.6725,5.20875,0.07251502145922747,0.3776824034334764
3896,0.715,5.20875,0.064,0.3341917024320458
3897,0.905,5.2075,0.07544492131616595,0.3937052932761088
3898,0.9,5.18,0.06042918454935623,0.3113018597997139
3899,0.895,5.17875,0.11545636623748214,0.5974248927038627
3900,0.7875,5.1875,0.06564806866952791,0.3410586552217454
3901,0.7575,5.20625,0.06308440629470673,0.3410586552217454
3902,0.69,5.215,0.07233190271816882,0.3776824034334764
3903,0.865,5.2125,0.07205722460658083,0.37539341917024327
3904,0.7775,5.21,0.06482403433476396,0.33648068669527903
3905,0.6775,5.21375,0.07040915593705294,0.36852646638054365
3906,0.7575,5.21125,0.06308440629470673,0.32961373390557946
3907,0.685,5.18125,0.05704148783977111,0.2952789699570816
3908,0.8225,5.19,0.055851216022889845,0.288412017167382
3909,0.71,5.18375,0.05914735336194564,0.30672389127324756
3910,0.865,5.2025,0.07205722460658083,0.37539341917024327
3911,0.7375,5.2075,0.06107010014306152,0.3181688125894135
3912,0.875,5.19875,0.07288125894134478,0.3776824034334764
3913,0.715,5.1875,0.059605150214592284,0.30672389127324756
3914,0.71,5.20625,0.07562804005722461,0.3937052932761088
3915,0.84,5.19375,0.07004291845493563,0.3639484978540773
3916,0.7875,5.185,0.06564806866952791,0.3410586552217454
3917,0.7125,5.21,0.06418311874105866,0.3341917024320458
3918,0.7675,5.2125,0.064,0.3341917024320458
3919,0.67,5.185,0.055851216022889845,0.288412017167382
3920,0.7575,5.2025,0.06418311874105866,0.3341917024320458
3921,0.715,5.18375,0.059605150214592284,0.30672389127324756
3922,0.8925,5.21,0.07434620886981402,0.3868383404864092
3923,0.725,5.19875,0.06747925608011446,0.35250357653791137
3924,0.8425,5.215,0.07022603719599428,0.36852646638054365
3925,0.6925,5.20125,0.0576824034334764,0.29985693848354794
3926,0.7825,5.1975,0.05704148783977111,0.2952789699570816
3927,0.715,5.205,0.07544492131616595,0.3937052932761088
3928,0.7525,5.1825,0.06271816881258942,0.32732474964234626
3929,0.7175,5.2125,0.07333905579399143,0.38226037195994284
3930,0.7175,5.20375,0.07562804005722461,0.3937052932761088
3931,0.7675,5.1825,0.064,0.32961373390557946
3932,0.725,5.20875,0.06125321888412018,0.3181688125894135
3933,0.7675,5.2,0.0576824034334764,0.29985693848354794
3934,0.72,5.185,0.059971387696709594,0.3113018597997139
3935,0.8625,5.18375,0.056492131616595144,0.2929899856938484
3936,0.7525,5.19375,0.06482403433476396,0.33648068669527903
3937,0.8075,5.21375,0.0672961373390558,0.35250357653791137
3938,0.67,5.20625,0.055851216022889845,0.37539341917024327
3939,0.7225,5.21,0.062077253218884125,0.32274678111587984
3940,0.68,5.18375,0.0566752503576538,0.2929899856938484
3941,0.795,5.1975,0.0662889842632332,0.34563662374821175
3942,0.7475,5.21,0.06747925608011446,0.35250357653791137
3943,0.905,5.205,0.07544492131616595,0.3937052932761088
3944,0.835,5.1925,0.069585121602289,0.35937052932761093
3945,0.7325,5.21125,0.07086695278969958,0.36852646638054365
3946,0.8225,5.21125,0.06857796852646639,0.3570815450643777
3947,0.7825,5.21125,0.06519027181688127,0.3410586552217454
3948,0.7775,5.1925,0.06436623748211731,0.3341917024320458
3949,0.8725,5.20875,0.07269814020028613,0.3776824034334764
3950,0.86,5.21375,0.07169098712446352,0.37539341917024327
3951,0.74,5.1975,0.06711301859799715,0.34792560801144495
3952,0.7875,5.2125,0.06564806866952791,0.3410586552217454
3953,0.85,5.20375,0.07086695278969958,0.36852646638054365
3954,0.7575,5.1925,0.07086695278969958,0.36852646638054365
3955,0.76,5.19125,0.06335908440629472,0.32961373390557946
3956,0.825,5.20125,0.06876108726752504,0.3570815450643777
3957,0.71,5.21,0.07517024320457798,0.3891273247496424
3958,0.8975,5.2,0.07480400572246067,0.3891273247496424
3959,0.7275,5.18125,0.060612303290414886,0.3158798283261803
3960,0.7175,5.20625,0.07544492131616595,0.3937052932761088
3961,0.79,5.2075,0.06583118741058656,0.3410586552217454
3962,0.7575,5.21125,0.06308440629470673,0.32961373390557946
3963,0.69,5.215,0.06793705293276109,0.35250357653791137
3964,0.7225,5.20875,0.06189413447782547,0.32274678111587984
3965,0.6975,5.19375,0.05814020028612304,0.30443490701001436
3966,0.67,5.2075,0.07187410586552218,0.37539341917024327
3967,0.7075,5.21125,0.06436623748211731,0.3341917024320458
3968,0.67,5.19375,0.055851216022889845,0.288412017167382
3969,0.69,5.21375,0.06793705293276109,0.35250357653791137
3970,0.6925,5.21375,0.0672961373390558,0.35250357653791137
3971,0.7825,5.2125,0.06519027181688127,0.3410586552217454
3972,0.895,5.18,0.06189413447782547,0.3181688125894135
3973,0.8325,5.19375,0.059605150214592284,0.3113018597997139
3974,0.755,5.20125,0.06290128755364807,0.32732474964234626
3975,0.945,5.17625,0.07874105865522175,0.3181688125894135
3976,0.9,5.18125,0.059605150214592284,0.30672389127324756
3977,0.67,5.18875,0.055851216022889845,0.288412017167382
3978,0.7475,5.18875,0.06226037195994278,0.32274678111587984
3979,0.855,5.18125,0.056858369098712454,0.2952789699570816
3980,0.87,5.2125,0.07251502145922747,0.3776824034334764
3981,0.84,5.21375,0.07004291845493563,0.3639484978540773
3982,0.6975,5.215,0.0662889842632332,0.34563662374821175
3983,0.8225,5.215,0.06857796852646639,0.3570815450643777
3984,0.7125,5.20375,0.059330472103004295,0.30672389127324756
3985,0.67,5.21125,0.07233190271816882,0.3776824034334764
3986,0.8875,5.21,0.07397997138769671,0.3868383404864092
3987,0.7525,5.18125,0.06271816881258942,0.32732474964234626
3988,0.71,5.20625,0.07581115879828328,0.3937052932761088
3989,0.895,5.2025,0.07462088698140201,0.3891273247496424
3990,0.795,5.1875,0.0662889842632332,0.34563662374821175
3991,0.7075,5.2075,0.07645207439198856,0.3982832618025752
3992,0.8125,5.1975,0.06775393419170243,0.35250357653791137
3993,0.8675,5.20875,0.07233190271816882,0.37539341917024327
3994,0.8525,5.185,0.058964234620886985,0.30672389127324756
3995,0.87,5.21,0.07251502145922747,0.3776824034334764
3996,0.865,5.21375,0.07205722460658083,0.37539341917024327
3997,0.765,5.1925,0.06418311874105866,0.3341917024320458
3998,0.8525,5.215,0.07105007153075824,0.37081545064377686
3999,0.7575,5.21,0.06308440629470673,0.32961373390557946
4000,0.6975,5.2125,0.0666552217453505,0.34792560801144495
4001,0.83,5.18875,0.05566809728183119,0.288412017167382
4002,0.7075,5.1925,0.058964234620886985,0.30672389127324756
4003,0.7775,5.1975,0.07105007153075824,0.36852646638054365
4004,0.74,5.20125,0.07370529327610874,0.38226037195994284
4005,0.8875,5.20125,0.07397997138769671,0.3868383404864092
4006,0.7175,5.2125,0.07416309012875537,0.3868383404864092
4007,0.6825,5.215,0.07059227467811159,0.36852646638054365
4008,0.75,5.20875,0.06253505007153076,0.32732474964234626
4009,0.69,5.205,0.07123319027181689,0.37081545064377686
4010,0.71,5.21,0.06308440629470673,0.32961373390557946
4011,0.875,5.21375,0.07288125894134478,0.3776824034334764
4012,0.86,5.18375,0.07169098712446352,0.30443490701001436
4013,0.67,5.21125,0.07251502145922747,0.3776824034334764
4014,0.87,5.21375,0.07251502145922747,0.3776824034334764
4015,0.74,5.20875,0.061711015736766815,0.32274678111587984
4016,0.715,5.21,0.06308440629470673,0.32961373390557946
4017,0.9025,5.21125,0.07517024320457798,0.3891273247496424
4018,0.83,5.1925,0.06912732474964235,0.35937052932761093
4019,0.715,5.2125,0.07397997138769671,0.3868383404864092
4020,0.85,5.19625,0.07086695278969958,0.36852646638054365
4021,0.7425,5.18,0.06189413447782547,0.3181688125894135
4022,0.685,5.21375,0.06940200286123034,0.35937052932761093
4023,0.8625,5.215,0.07187410586552218,0.37539341917024327
4024,0.7975,5.2125,0.06647210300429185,0.34563662374821175
4025,0.7075,5.2125,0.064,0.3341917024320458
4026,0.745,5.2075,0.062077253218884125,0.32274678111587984
4027,0.67,5.185,0.055851216022889845,0.288412017167382
4028,0.77,5.2,0.05795708154506438,0.29985693848354794
4029,0.7425,5.19,0.06189413447782547,0.32274678111587984
4030,0.7925,5.19625,0.06601430615164522,0.3410586552217454
4031,0.86,5.185,0.056492131616595144,0.2929899856938484
4032,0.825,5.21,0.06876108726752504,0.35937052932761093
4033,0.8875,5.2025,0.07397997138769671,0.3868383404864092
4034,0.8425,5.1925,0.059971387696709594,0.3113018597997139
4035,0.8875,5.2125,0.07397997138769671,0.3868383404864092
4036,0.9125,5.21,0.07608583690987125,0.3982832618025752
4037,0.7725,5.2,0.05832331902718169,0.30443490701001436
4038,0.86,5.18125,0.057499284692417746,0.2952789699570816
4039,0.7825,5.195,0.06519027181688127,0.33648068669527903
4040,0.8375,5.1875,0.05603433476394851,0.2929899856938484
4041,0.795,5.1975,0.0566752503576538,0.2952789699570816
4042,0.6775,5.195,0.056492131616595144,0.2929899856938484
4043,0.765,5.2025,0.05878111587982833,0.30672389127324756
4044,0.845,5.18375,0.05621745350500716,0.2929899856938484
4045,0.7325,5.18375,0.06107010014306152,0.3158798283261803
4046,0.8375,5.18625,0.06042918454935623,0.3158798283261803
4047,0.725,5.2125,0.07205722460658083,0.37539341917024327
4048,0.8375,5.19375,0.06976824034334765,0.3639484978540773
4049,0.74,5.2125,0.061711015736766815,0.35937052932761093
4050,0.71,5.2075,0.07874105865522175,0.4097281831187411
4051,0.76,5.18375,0.06335908440629472,0.32961373390557946
4052,0.6825,5.1825,0.056858369098712454,0.2952789699570816
4053,0.7875,5.19875,0.06042918454935623,0.3158798283261803
4054,0.7075,5.2025,0.058964234620886985,0.30672389127324756
4055,0.685,5.1975,0.05704148783977111,0.2952789699570816
4056,0.7,5.2125,0.07086695278969958,0.36852646638054365
4057,0.8175,5.21375,0.06812017167381974,0.3570815450643777
4058,0.7275,5.205,0.060612303290414886,0.3158798283261803
4059,0.6925,5.2125,0.06683834048640916,0.34792560801144495
4060,0.685,5.1825,0.05704148783977111,0.2952789699570816
4061,0.695,5.18375,0.05795708154506438,0.29985693848354794
4062,0.7725,5.19625,0.07105007153075824,0.36852646638054365
4063,0.7525,5.18125,0.06271816881258942,0.32732474964234626
4064,0.715,5.1925,0.059605150214592284,0.3113018597997139
4065,0.7225,5.2025,0.07480400572246067,0.3891273247496424
4066,0.8925,5.2025,0.07434620886981402,0.3868383404864092
4067,0.725,5.1875,0.06042918454935623,0.3158798283261803
4068,0.8475,5.18625,0.05603433476394851,0.288412017167382
4069,0.725,5.18625,0.06042918454935623,0.3158798283261803
4070,0.8675,5.2125,0.07233190271816882,0.3776824034334764
4071,0.8325,5.185,0.060246065808297576,0.3113018597997139
4072,0.875,5.21,0.07288125894134478,0.3776824034334764
4073,0.8325,5.215,0.06940200286123034,0.3639484978540773
4074,0.7025,5.20125,0.07022603719599428,0.3639484978540773
4075,0.69,5.21375,0.06812017167381974,0.3570815450643777
4076,0.745,5.2075,0.062077253218884125,0.32274678111587984
4077,0.905,5.18,0.06042918454935623,0.3113018597997139
4078,0.71,5.21125,0.07544492131616595,0.3937052932761088
4079,0.9,5.205,0.07498712446351932,0.3891273247496424
4080,0.795,5.20125,0.062077253218884125,0.32274678111587984
4081,0.71,5.20875,0.07517024320457798,0.3891273247496424
4082,0.885,5.21375,0.07370529327610874,0.38226037195994284
4083,0.825,5.19,0.06940200286123034,0.35937052932761093
4084,0.825,5.1875,0.06308440629470673,0.32732474964234626
4085,0.8325,5.2025,0.06940200286123034,0.35937052932761093
4086,0.8725,5.18,0.07269814020028613,0.2952789699570816
4087,0.6725,5.2125,0.07251502145922747,0.3776824034334764
4088,0.7025,5.2025,0.05850643776824035,0.30443490701001436
4089,0.6725,5.19375,0.05603433476394851,0.2929899856938484
4090,0.775,5.1975,0.057499284692417746,0.29985693848354794
4091,0.7175,5.18375,0.05978826895565094,0.3113018597997139
4092,0.7125,5.18375,0.059330472103004295,0.30672389127324756
4093,0.8375,5.19125,0.07663519313304722,0.3982832618025752
4094,0.73,5.18,0.06079542203147354,0.3158798283261803
4095,0.865,5.21125,0.07205722460658083,0.37539341917024327
4096,0.7975,5.19125,0.06775393419170243,0.35250357653791137
4097,0.7075,5.185,0.058964234620886985,0.30672389127324756
4098,0.83,5.2025,0.06912732474964235,0.35937052932761093
4099,0.7875,5.19,0.06290128755364807,0.32732474964234626
4100,0.8075,5.19875,0.0672961373390558,0.34792560801144495
4101,0.825,5.21625,0.06876108726752504,0.35937052932761093
4102,0.695,5.20375,0.06940200286123034,0.35937052932761093
4103,0.8225,5.21375,0.06857796852646639,0.3570815450643777
4104,0.68,5.185,0.0566752503576538,0.2929899856938484
4105,0.7075,5.21,0.06308440629470673,0.32961373390557946
4106,0.7925,5.21375,0.06601430615164522,0.34563662374821175
4107,0.9125,5.20375,0.07608583690987125,0.3982832618025752
4108,0.77,5.20375,0.06372532188841203,0.32961373390557946
4109,0.73,5.21,0.069585121602289,0.3639484978540773
4110,0.88,5.2125,0.07333905579399143,0.38226037195994284
4111,1.2525,5.17125,0.10501859799713878,0.5447782546494994
4112,0.6975,5.21375,0.06601430615164522,0.34563662374821175
4113,0.715,5.2025,0.059605150214592284,0.3113018597997139
4114,0.71,5.21,0.06940200286123034,0.35937052932761093
4115,0.8475,5.18375,0.05603433476394851,0.288412017167382
4116,0.705,5.1825,0.05878111587982833,0.30443490701001436
4117,0.8325,5.18875,0.059971387696709594,0.3113018597997139
4118,0.86,5.1825,0.05850643776824035,0.30443490701001436
4119,0.84,5.2025,0.07004291845493563,0.3639484978540773
4120,0.8125,5.18875,0.06775393419170243,0.35250357653791137
4121,0.6675,5.21125,0.07251502145922747,0.3776824034334764
4122,0.8975,5.205,0.07480400572246067,0.3891273247496424
4123,0.735,5.21,0.06125321888412018,0.35937052932761093
4124,0.7675,5.1975,0.07141630901287555,0.37081545064377686
4125,0.835,5.19375,0.069585121602289,0.35937052932761093
4126,0.7825,5.185,0.06519027181688127,0.33648068669527903
4127,0.785,5.19625,0.06454935622317597,0.3341917024320458
4128,0.7975,5.19625,0.06647210300429185,0.34563662374821175
4129,0.835,5.20125,0.069585121602289,0.3639484978540773
4130,0.8625,5.18375,0.05795708154506438,0.29985693848354794
4131,0.8675,5.2075,0.07233190271816882,0.37539341917024327
4132,0.8225,5.21375,0.06857796852646639,0.3570815450643777
4133,0.7775,5.19375,0.06537339055793992,0.3410586552217454
4134,0.88,5.215,0.07333905579399143,0.38226037195994284
4135,0.8925,5.215,0.07434620886981402,0.3868383404864092
4136,0.765,5.1925,0.064,0.3341917024320458
4137,0.7775,5.18125,0.06482403433476396,0.33648068669527903
4138,0.8275,5.21,0.0689442060085837,0.35937052932761093
4139,0.925,5.18,0.06107010014306152,0.3158798283261803
4140,0.795,5.2075,0.0662889842632332,0.34563662374821175
4141,0.91,5.205,0.07581115879828328,0.3937052932761088
4142,0.875,5.18125,0.05621745350500716,0.2929899856938484
4143,0.8075,5.1975,0.0672961373390558,0.34792560801144495
4144,0.8825,5.21125,0.07352217453505008,0.38226037195994284
4145,0.71,5.2,0.0683032904148784,0.3570815450643777
4146,0.6775,5.21375,0.07105007153075824,0.37081545064377686
4147,0.7325,5.19625,0.06107010014306152,0.3181688125894135
4148,0.6975,5.215,0.06564806866952791,0.3410586552217454
4149,0.885,5.18,0.05850643776824035,0.30443490701001436
4150,0.7,5.1825,0.05832331902718169,0.30443490701001436
4151,0.74,5.20625,0.06079542203147354,0.3158798283261803
4152,0.715,5.20625,0.07498712446351932,0.3891273247496424
4153,0.9125,5.21125,0.07608583690987125,0.3982832618025752
4154,0.86,5.1875,0.05914735336194564,0.30672389127324756
4155,0.8,5.19875,0.062077253218884125,0.32274678111587984
4156,0.8425,5.21,0.07022603719599428,0.36852646638054365
4157,0.8725,5.18125,0.056858369098712454,0.2952789699570816
4158,0.6675,5.21125,0.06976824034334765,0.3639484978540773
4159,0.705,5.2,0.05878111587982833,0.30672389127324756
4160,0.6875,5.21375,0.05731616595135909,0.35937052932761093
4161,1.3325,5.17125,0.08331902718168814,0.43032904148783985
4162,0.6675,5.1925,0.05566809728183119,0.288412017167382
4163,0.815,5.19875,0.06793705293276109,0.35250357653791137
4164,0.77,5.20125,0.05814020028612304,0.30443490701001436
4165,0.6925,5.185,0.0576824034334764,0.29985693848354794
4166,0.745,5.18875,0.062077253218884125,0.32274678111587984
4167,0.725,5.2125,0.07416309012875537,0.3868383404864092
4168,0.8925,5.2,0.07434620886981402,0.3868383404864092
4169,0.7325,5.18,0.06107010014306152,0.3158798283261803
4170,0.7375,5.2125,0.07040915593705294,0.36852646638054365
4171,0.8825,5.21125,0.07352217453505008,0.38226037195994284
4172,0.88,5.21,0.07333905579399143,0.38226037195994284
4173,0.7425,5.19625,0.06601430615164522,0.3410586552217454
4174,0.86,5.21125,0.07169098712446352,0.37539341917024327
4175,0.8025,5.21375,0.06683834048640916,0.34792560801144495
4176,0.6775,5.21375,0.07141630901287555,0.37081545064377686
4177,0.71,5.2025,0.05914735336194564,0.30672389127324756
4178,0.68,5.18375,0.0566752503576538,0.2929899856938484
4179,0.75,5.20375,0.059605150214592284,0.3113018597997139
4180,0.675,5.19,0.05621745350500716,0.2929899856938484
4181,0.6825,5.18125,0.056858369098712454,0.2952789699570816
4182,0.72,5.21125,0.07251502145922747,0.3776824034334764
4183,0.9,5.20125,0.07498712446351932,0.3891273247496424
4184,0.875,5.19625,0.07288125894134478,0.3776824034334764
4185,0.8175,5.19875,0.06601430615164522,0.34563662374821175
4186,0.78,5.2,0.06308440629470673,0.32732474964234626
4187,0.78,5.2125,0.06500715307582261,0.33648068669527903
4188,0.87,5.18125,0.057499284692417746,0.2952789699570816
4189,0.685,5.20625,0.07288125894134478,0.3776824034334764
4190,0.7825,5.2125,0.06519027181688127,0.3410586552217454
4191,0.6825,5.21375,0.06857796852646639,0.3570815450643777
4192,0.82,5.1925,0.055851216022889845,0.288412017167382
4193,0.7475,5.19,0.06226037195994278,0.32274678111587984
4194,0.825,5.19,0.060612303290414886,0.3158798283261803
4195,0.8275,5.18625,0.05978826895565094,0.3113018597997139
4196,0.84,5.20375,0.07004291845493563,0.3639484978540773
4197,0.7125,5.21125,0.059330472103004295,0.38226037195994284
4198,0.715,5.20625,0.07462088698140201,0.3891273247496424
4199,0.91,5.205,0.07581115879828328,0.3937052932761088
4200,0.9025,5.2025,0.07517024320457798,0.3891273247496424
4201,0.7075,5.20875,0.07645207439198856,0.3982832618025752
4202,0.86,5.205,0.07169098712446352,0.37081545064377686
4203,0.845,5.21375,0.07040915593705294,0.36852646638054365
4204,0.8275,5.185,0.05978826895565094,0.3113018597997139
4205,0.8625,5.215,0.07187410586552218,0.37539341917024327
4206,0.8,5.215,0.0666552217453505,0.34792560801144495
4207,0.68,5.2075,0.07288125894134478,0.3776824034334764
4208,0.86,5.21625,0.07169098712446352,0.37539341917024327
4209,0.6975,5.20125,0.05814020028612304,0.30443490701001436
4210,0.675,5.21375,0.07187410586552218,0.37539341917024327
4211,0.825,5.2125,0.06876108726752504,0.35937052932761093
4212,0.795,5.1875,0.0662889842632332,0.34563662374821175
4213,0.7075,5.2075,0.07397997138769671,0.3868383404864092
4214,0.865,5.19875,0.07205722460658083,0.37539341917024327
4215,0.7225,5.18,0.060246065808297576,0.3113018597997139
4216,0.71,5.21,0.07645207439198856,0.3982832618025752
4217,0.7,5.18125,0.05832331902718169,0.30443490701001436
4218,0.8875,5.20875,0.07397997138769671,0.3868383404864092
4219,0.72,5.19875,0.06711301859799715,0.34792560801144495
4220,0.86,5.21625,0.07169098712446352,0.37539341917024327
4221,0.7575,5.21,0.06308440629470673,0.32961373390557946
4222,0.71,5.21125,0.06335908440629472,0.32961373390557946
4223,0.8675,5.18125,0.05704148783977111,0.2952789699570816
4224,0.8075,5.195,0.0672961373390558,0.34792560801144495
4225,0.8575,5.1825,0.05704148783977111,0.2952789699570816
4226,0.685,5.20375,0.07059227467811159,0.36852646638054365
4227,0.77,5.18375,0.06418311874105866,0.3341917024320458
4228,0.7225,5.20875,0.0762689556509299,0.3982832618025752
4229,0.875,5.18375,0.06372532188841203,0.32961373390557946
4230,0.7975,5.1875,0.06647210300429185,0.34563662374821175
4231,0.7375,5.21125,0.06812017167381974,0.3570815450643777
4232,0.6725,5.2125,0.07269814020028613,0.3776824034334764
4233,0.7275,5.2075,0.060612303290414886,0.3158798283261803
4234,0.705,5.21125,0.05878111587982833,0.3639484978540773
4235,0.855,5.18125,0.056492131616595144,0.2929899856938484
4236,0.8775,5.21125,0.07315593705293277,0.38226037195994284
4237,0.7825,5.21375,0.06519027181688127,0.3410586552217454
4238,0.7225,5.19875,0.07187410586552218,0.37539341917024327
4239,0.81,5.1975,0.06747925608011446,0.35250357653791137
4240,0.8825,5.2125,0.07352217453505008,0.38226037195994284
4241,0.69,5.20125,0.06940200286123034,0.35937052932761093
4242,0.9025,5.2025,0.07517024320457798,0.3891273247496424
4243,0.7625,5.1825,0.06354220314735337,0.32961373390557946
4244,0.74,5.21,0.06940200286123034,0.35937052932761093
4245,0.8875,5.20125,0.07397997138769671,0.3868383404864092
4246,0.8425,5.19375,0.07022603719599428,0.3639484978540773
4247,0.7675,5.2025,0.05832331902718169,0.30443490701001436
4248,0.73,5.1875,0.06079542203147354,0.3158798283261803
4249,0.7975,5.19625,0.06647210300429185,0.34563662374821175
4250,0.8725,5.18,0.056858369098712454,0.2952789699570816
4251,0.715,5.185,0.059605150214592284,0.30672389127324756
4252,0.78,5.1925,0.06500715307582261,0.33648068669527903
4253,0.8625,5.18375,0.05832331902718169,0.30443490701001436
4254,0.805,5.19625,0.06711301859799715,0.34792560801144495
4255,0.8625,5.215,0.07187410586552218,0.37539341917024327
4256,0.7025,5.2025,0.069585121602289,0.3639484978540773
4257,0.885,5.185,0.059330472103004295,0.30672389127324756
4258,0.8625,5.21125,0.07187410586552218,0.37539341917024327
4259,0.7775,5.2025,0.06418311874105866,0.3341917024320458
4260,0.74,5.20875,0.06876108726752504,0.35937052932761093
4261,0.92,5.2075,0.07663519313304722,0.3982832618025752
4262,0.68,5.21625,0.07141630901287555,0.37081545064377686
4263,0.77,5.19875,0.0566752503576538,0.2952789699570816
4264,0.7225,5.18625,0.060246065808297576,0.3113018597997139
4265,0.8,5.19375,0.061711015736766815,0.3181688125894135
4266,0.8475,5.18375,0.058964234620886985,0.30672389127324756
4267,0.875,5.21375,0.07288125894134478,0.3776824034334764
4268,0.795,5.19,0.06812017167381974,0.35250357653791137
4269,0.6675,5.21,0.07333905579399143,0.38226037195994284
4270,0.875,5.215,0.07288125894134478,0.3776824034334764
4271,0.695,5.2025,0.05795708154506438,0.3570815450643777
4272,0.875,5.18625,0.058964234620886985,0.30672389127324756
4273,0.85,5.21125,0.07086695278969958,0.36852646638054365
4274,0.91,5.21,0.07581115879828328,0.3937052932761088
4275,0.9125,5.17875,0.059971387696709594,0.3113018597997139
4276,0.755,5.185,0.06290128755364807,0.32732474964234626
4277,0.6925,5.2,0.0576824034334764,0.29985693848354794
4278,0.735,5.20625,0.060246065808297576,0.3158798283261803
4279,0.775,5.21125,0.06454935622317597,0.33648068669527903
4280,0.68,5.195,0.0566752503576538,0.2952789699570816
4281,0.7375,5.20625,0.06042918454935623,0.3158798283261803
4282,0.685,5.1925,0.05704148783977111,0.2952789699570816
4283,0.7075,5.1825,0.058964234620886985,0.30443490701001436
4284,0.82,5.19125,0.060612303290414886,0.3158798283261803
4285,0.72,5.185,0.059971387696709594,0.3113018597997139
4286,0.8025,5.19875,0.06683834048640916,0.34792560801144495
4287,0.7325,5.21,0.07004291845493563,0.3639484978540773
4288,0.9025,5.2125,0.07517024320457798,0.3891273247496424
4289,0.905,5.21,0.07544492131616595,0.3937052932761088
4290,0.825,5.19625,0.06042918454935623,0.3158798283261803
4291,0.865,5.2125,0.07205722460658083,0.37539341917024327
4292,0.87,5.21,0.07251502145922747,0.3776824034334764
4293,0.87,5.1825,0.06189413447782547,0.32274678111587984
4294,0.7575,5.19375,0.06812017167381974,0.35250357653791137
4295,0.7775,5.195,0.06482403433476396,0.33648068669527903
4296,0.865,5.18125,0.06107010014306152,0.3158798283261803
4297,0.7625,5.19375,0.0662889842632332,0.34563662374821175
4298,0.8025,5.2125,0.06683834048640916,0.34792560801144495
4299,0.675,5.20875,0.07974821173104436,0.41659513590844066
4300,0.705,5.2125,0.064,0.3341917024320458
4301,0.71,5.2025,0.05914735336194564,0.30672389127324756
4302,1.16,5.18125,0.11252646638054364,0.5814020028612304
4303,0.89,5.18375,0.059605150214592284,0.30672389127324756
4304,0.735,5.19875,0.06125321888412018,0.3181688125894135
4305,0.8675,5.185,0.06454935622317597,0.3341917024320458
4306,0.8875,5.18375,0.059605150214592284,0.30672389127324756
4307,0.7975,5.2125,0.06647210300429185,0.34563662374821175
4308,0.67,5.21,0.055851216022889845,0.38226037195994284
4309,0.8325,5.195,0.06775393419170243,0.35250357653791137
4310,0.78,5.19375,0.06500715307582261,0.33648068669527903
4311,0.8575,5.20375,0.07141630901287555,0.37081545064377686
4312,0.78,5.19875,0.057499284692417746,0.29985693848354794
4313,0.685,5.19375,0.05704148783977111,0.2952789699570816
4314,0.6875,5.1975,0.05731616595135909,0.2952789699570816
4315,0.6875,5.21375,0.07022603719599428,0.36852646638054365
4316,0.67,5.19,0.055851216022889845,0.288412017167382
4317,0.895,5.2125,0.07462088698140201,0.3891273247496424
4318,0.905,5.18,0.059605150214592284,0.30672389127324756
4319,0.725,5.19,0.06042918454935623,0.3158798283261803
4320,0.84,5.21125,0.07004291845493563,0.3639484978540773
4321,0.805,5.19,0.06683834048640916,0.34563662374821175
4322,0.8475,5.20375,0.07059227467811159,0.36852646638054365
4323,0.8625,5.20875,0.07187410586552218,0.37539341917024327
4324,0.72,5.19875,0.06683834048640916,0.34792560801144495
4325,0.8675,5.215,0.07233190271816882,0.3776824034334764
4326,0.785,5.2125,0.06537339055793992,0.3410586552217454
4327,0.675,5.215,0.07169098712446352,0.37539341917024327
4328,0.685,5.20125,0.05704148783977111,0.2952789699570816
4329,0.675,5.1875,0.05621745350500716,0.2929899856938484
4330,0.68,5.21375,0.07004291845493563,0.3639484978540773
4331,0.705,5.21125,0.06436623748211731,0.3341917024320458
4332,0.865,5.21125,0.07205722460658083,0.37539341917024327
4333,0.83,5.18875,0.06583118741058656,0.3410586552217454
4334,0.855,5.19,0.059330472103004295,0.30672389127324756
4335,0.815,5.20875,0.06793705293276109,0.35250357653791137
4336,0.895,5.18125,0.05914735336194564,0.30672389127324756
4337,0.72,5.20875,0.06271816881258942,0.32732474964234626
4338,0.6725,5.18625,0.05603433476394851,0.288412017167382
4339,0.815,5.1925,0.056492131616595144,0.2929899856938484
4340,0.8625,5.18125,0.057499284692417746,0.2952789699570816
4341,0.83,5.2,0.06912732474964235,0.35937052932761093
4342,0.7225,5.19875,0.06775393419170243,0.35250357653791137
4343,0.6675,5.21125,0.07205722460658083,0.37539341917024327
4344,0.8425,5.215,0.07022603719599428,0.36852646638054365
4345,0.69,5.2125,0.057499284692417746,0.2952789699570816
4346,0.7625,5.20125,0.05832331902718169,0.30443490701001436
4347,0.7425,5.18875,0.06189413447782547,0.32274678111587984
4348,0.8,5.20875,0.0666552217453505,0.34792560801144495
4349,0.865,5.1875,0.061711015736766815,0.3181688125894135
4350,0.9025,5.21,0.07517024320457798,0.3891273247496424
4351,0.8925,5.20375,0.07434620886981402,0.3868383404864092
4352,0.745,5.205,0.058964234620886985,0.30672389127324756
4353,0.7425,5.20875,0.06189413447782547,0.32274678111587984
4354,0.685,5.195,0.05704148783977111,0.2952789699570816
4355,0.695,5.21375,0.06601430615164522,0.34563662374821175
4356,0.69,5.1825,0.057499284692417746,0.2952789699570816
4357,0.795,5.195,0.0662889842632332,0.34563662374821175
4358,0.725,5.19625,0.0662889842632332,0.34563662374821175
4359,0.8225,5.21625,0.06857796852646639,0.3570815450643777
4360,0.72,5.20625,0.059971387696709594,0.3113018597997139
4361,0.675,5.21375,0.07837482117310444,0.4097281831187411
4362,1.805,5.11375,0.15043204577968528,0.769098712446352
4363,1.5875,5.145,0.1323032904148784,0.6821173104434908
4364,0.845,5.18625,0.06537339055793992,0.33648068669527903
4365,0.7525,5.1825,0.06271816881258942,0.32732474964234626
4366,0.73,5.17875,0.06079542203147354,0.3158798283261803
4367,0.855,5.1825,0.069585121602289,0.35937052932761093
4368,0.725,5.19875,0.0672961373390558,0.34792560801144495
4369,0.77,5.21125,0.06418311874105866,0.3341917024320458
4370,0.76,5.2025,0.06482403433476396,0.33648068669527903
4371,0.8175,5.1925,0.05566809728183119,0.288412017167382
4372,0.7275,5.185,0.060612303290414886,0.3158798283261803
4373,0.775,5.19875,0.057499284692417746,0.29985693848354794
4374,0.805,5.195,0.05603433476394851,0.2929899856938484
4375,0.7375,5.1875,0.06143633762517883,0.3181688125894135
4376,1.0275,5.185,0.12873247496423462,0.6683834048640916
4377,0.745,5.205,0.07974821173104436,0.41659513590844066
4378,0.9,5.20625,0.07498712446351932,0.3891273247496424
4379,0.865,5.19125,0.058964234620886985,0.30672389127324756
4380,0.805,5.2,0.06812017167381974,0.35250357653791137
4381,0.9025,5.2125,0.07517024320457798,0.3891273247496424
4382,1.3025,5.17,0.10849785407725324,0.576824034334764
4383,0.9,5.18,0.059605150214592284,0.30672389127324756
4384,0.8475,5.21,0.07059227467811159,0.36852646638054365
4385,0.755,5.1825,0.06290128755364807,0.32732474964234626
4386,0.735,5.21,0.06857796852646639,0.3570815450643777
4387,0.8775,5.2,0.07315593705293277,0.3776824034334764
4388,0.8,5.1975,0.0666552217453505,0.34563662374821175
4389,0.8725,5.1825,0.05603433476394851,0.288412017167382
4390,0.735,5.1825,0.06125321888412018,0.3181688125894135
4391,0.82,5.19875,0.0683032904148784,0.3570815450643777
4392,0.7625,5.20625,0.06564806866952791,0.3410586552217454
4393,0.9,5.2125,0.07498712446351932,0.3891273247496424
4394,0.91,5.2075,0.07581115879828328,0.3937052932761088
4395,0.795,5.2,0.06253505007153076,0.32732474964234626
4396,0.885,5.21125,0.07370529327610874,0.38226037195994284
4397,0.935,5.205,0.0779170243204578,0.40515021459227474
4398,0.715,5.2025,0.07333905579399143,0.38226037195994284
4399,0.88,5.205,0.07333905579399143,0.38226037195994284
4400,0.8675,5.205,0.07233190271816882,0.37539341917024327
4401,0.7775,5.19375,0.06482403433476396,0.33648068669527903
4402,0.8675,5.20875,0.07233190271816882,0.37539341917024327
4403,0.7275,5.20625,0.060612303290414886,0.3158798283261803
4404,0.665,5.21125,0.07233190271816882,0.3776824034334764
4405,0.6725,5.215,0.07105007153075824,0.37081545064377686
4406,0.685,5.19875,0.05704148783977111,0.2952789699570816
4407,0.7975,5.19125,0.0672961373390558,0.34792560801144495
4408,0.8475,5.19,0.05878111587982833,0.30443490701001436
4409,0.7825,5.205,0.06519027181688127,0.33648068669527903
4410,0.9,5.18,0.06079542203147354,0.3158798283261803
4411,0.8875,5.18125,0.059605150214592284,0.30672389127324756
4412,0.915,5.21,0.0762689556509299,0.3982832618025752
4413,0.7625,5.1925,0.06436623748211731,0.3341917024320458
4414,0.685,5.215,0.07086695278969958,0.37081545064377686
4415,0.695,5.20125,0.05795708154506438,0.29985693848354794
4416,0.6775,5.21375,0.07169098712446352,0.37539341917024327
4417,0.8,5.19375,0.05621745350500716,0.2929899856938484
4418,0.7,5.18375,0.05832331902718169,0.30443490701001436
4419,0.7825,5.19875,0.06519027181688127,0.29985693848354794
4420,0.8525,5.1825,0.05731616595135909,0.2952789699570816
4421,0.785,5.19375,0.06537339055793992,0.3410586552217454
4422,0.765,5.2025,0.06372532188841203,0.32961373390557946
4423,0.9075,5.18125,0.06354220314735337,0.32961373390557946
4424,0.9,5.21375,0.07498712446351932,0.3891273247496424
4425,0.8675,5.19875,0.07233190271816882,0.37539341917024327
4426,0.855,5.1875,0.05914735336194564,0.30672389127324756
4427,0.79,5.2075,0.06583118741058656,0.3410586552217454
4428,0.8225,5.215,0.06857796852646639,0.3570815450643777
4429,0.675,5.21,0.07205722460658083,0.37539341917024327
4430,0.705,5.2025,0.05878111587982833,0.30672389127324756
4431,0.685,5.18125,0.05704148783977111,0.2952789699570816
4432,0.6925,5.2125,0.06683834048640916,0.34792560801144495
4433,0.71,5.1975,0.05914735336194564,0.30672389127324756
4434,0.7225,5.18625,0.060246065808297576,0.3113018597997139
4435,0.8425,5.1875,0.05566809728183119,0.288412017167382
4436,0.74,5.18875,0.061711015736766815,0.3181688125894135
4437,0.75,5.18125,0.06253505007153076,0.32274678111587984
4438,0.7175,5.2125,0.07352217453505008,0.38226037195994284
4439,0.855,5.1975,0.07123319027181689,0.37081545064377686
4440,0.815,5.19125,0.06793705293276109,0.35250357653791137
4441,0.7775,5.205,0.06290128755364807,0.32732474964234626
4442,0.71,5.21,0.06482403433476396,0.33648068669527903
4443,0.6875,5.19875,0.05731616595135909,0.2952789699570816
4444,0.67,5.2125,0.07022603719599428,0.36852646638054365
4445,0.67,5.21375,0.07581115879828328,0.3937052932761088
4446,0.72,5.20625,0.059971387696709594,0.3113018597997139
4447,0.675,5.2125,0.07205722460658083,0.37539341917024327
4448,0.675,5.215,0.07141630901287555,0.37081545064377686
4449,0.685,5.1975,0.05704148783977111,0.2952789699570816
4450,0.695,5.21375,0.06564806866952791,0.3410586552217454
4451,0.765,5.20125,0.060246065808297576,0.3158798283261803
4452,0.85,5.2125,0.07086695278969958,0.36852646638054365
4453,0.925,5.18,0.059971387696709594,0.3113018597997139
4454,0.905,5.18125,0.05914735336194564,0.30672389127324756
4455,0.8,5.20875,0.0666552217453505,0.34792560801144495
4456,0.845,5.185,0.07040915593705294,0.34563662374821175
4457,0.865,5.18375,0.059971387696709594,0.3113018597997139
4458,0.725,5.1875,0.06042918454935623,0.3158798283261803
4459,0.745,5.18875,0.062077253218884125,0.32274678111587984
4460,0.8475,5.185,0.05603433476394851,0.288412017167382
4461,0.7,5.2,0.05832331902718169,0.30443490701001436
4462,0.6925,5.2,0.0576824034334764,0.29985693848354794
4463,0.6725,5.21375,0.07040915593705294,0.36852646638054365
4464,0.77,5.19875,0.06418311874105866,0.3341917024320458
4465,0.82,5.2,0.0683032904148784,0.3570815450643777
4466,0.685,5.205,0.07105007153075824,0.37081545064377686
4467,0.8975,5.2125,0.07480400572246067,0.3891273247496424
4468,0.895,5.2025,0.07462088698140201,0.3891273247496424
4469,0.9275,5.18,0.059971387696709594,0.3113018597997139
4470,0.715,5.1925,0.059605150214592284,0.3113018597997139
4471,0.855,5.21125,0.07123319027181689,0.37081545064377686
4472,0.775,5.1975,0.06500715307582261,0.33648068669527903
4473,0.7475,5.19,0.06226037195994278,0.32274678111587984
4474,0.85,5.2075,0.07086695278969958,0.36852646638054365
4475,0.7775,5.19375,0.069585121602289,0.35937052932761093
4476,0.8725,5.21,0.07269814020028613,0.3776824034334764
4477,0.675,5.195,0.05621745350500716,0.2929899856938484
4478,0.735,5.205,0.060246065808297576,0.3158798283261803
4479,0.875,5.18125,0.056858369098712454,0.2952789699570816
4480,0.8025,5.1975,0.06683834048640916,0.34792560801144495
4481,0.8775,5.1775,0.06335908440629472,0.32732474964234626
4482,0.87,5.18875,0.058964234620886985,0.30672389127324756
4483,0.825,5.21,0.06876108726752504,0.35937052932761093
4484,0.8,5.1925,0.07498712446351932,0.3891273247496424
4485,0.8675,5.185,0.06793705293276109,0.35250357653791137
4486,0.755,5.195,0.06290128755364807,0.32732474964234626
4487,0.785,5.1925,0.07288125894134478,0.3776824034334764
4488,0.69,5.20625,0.07333905579399143,0.38226037195994284
4489,0.8925,5.20875,0.07434620886981402,0.3868383404864092
4490,0.7775,5.1925,0.07004291845493563,0.3639484978540773
4491,0.67,5.2125,0.07187410586552218,0.37539341917024327
4492,0.76,5.1925,0.06335908440629472,0.32961373390557946
4493,0.875,5.18375,0.07288125894134478,0.2929899856938484
4494,0.715,5.2,0.06793705293276109,0.35250357653791137
4495,0.905,5.21375,0.07544492131616595,0.3937052932761088
4496,0.6725,5.18375,0.05603433476394851,0.288412017167382
4497,0.7425,5.21,0.06793705293276109,0.35250357653791137
4498,0.8925,5.2025,0.07434620886981402,0.3868383404864092
4499,0.7575,5.18375,0.06308440629470673,0.32732474964234626
4500,0.715,5.21125,0.07480400572246067,0.3891273247496424
4501,0.9175,5.20875,0.07645207439198856,0.3982832618025752
4502,0.8675,5.185,0.07233190271816882,0.37539341917024327
4503,0.8575,5.185,0.059971387696709594,0.3113018597997139
4504,0.7875,5.19625,0.06564806866952791,0.3410586552217454
4505,0.725,5.1875,0.06042918454935623,0.3158798283261803
4506,0.7425,5.20625,0.060612303290414886,0.3158798283261803
4507,0.6675,5.19,0.05566809728183119,0.288412017167382
4508,2.6875,5.08875,0.22395422031473536,1.1399141630901288
4509,2.5,5.08875,0.20829756795422033,1.0620886981402005
4510,3.8225,5.005,0.31853505007153077,1.5931330472103007
4511,5.115,4.92375,0.42620886981402006,2.101287553648069
4512,3.7325,5.01,0.3106609442060086,1.5565092989985696
4513,3.8825,5,0.3235708154506438,1.6160228898426325
4514,3.87,5.00375,0.32247210300429185,1.613733905579399
4515,3.9025,5.00125,0.3204577968526467,1.6022889842632333
4516,3.9675,4.99375,0.3335507868383405,1.6640915593705297
4517,4.0625,4.9925,0.33858655221745354,1.691559370529328
4518,4.035,4.99,0.33226895565092995,1.6572246065808298
4519,4.0325,4.99375,0.3329098712446352,1.6618025751072962
4520,4.0825,4.98875,0.3402346208869814,1.698426323319027
4521,3.9825,4.99375,0.3327267525035766,1.6618025751072962
4522,3.995,4.99375,0.3278741058655222,1.6389127324749644
4523,4.0225,4.99375,0.33519885550786843,1.6732474964234623
4524,4.01,4.99,0.3319027181688126,1.6572246065808298
4525,3.9875,4.9925,0.33501573676680974,1.6732474964234623
4526,4.01,4.99375,0.3341917024320458,1.6686695278969959
4527,4.0175,4.99375,0.3329098712446352,1.6618025751072962
4528,4.025,4.9925,0.33208583690987126,1.6572246065808298
4529,4,4.995,0.33336766809728186,1.6640915593705297
4530,3.9975,4.99375,0.33309298998569387,1.645779685264664
4531,3.995,4.99125,0.33501573676680974,1.6732474964234623
4532,4.0025,4.99625,0.3335507868383405,1.6640915593705297
4533,3.9925,4.99375,0.3327267525035766,1.6618025751072962
4534,4.02,4.9925,0.32997997138769675,1.645779685264664
4535,3.9825,4.995,0.3319027181688126,1.6572246065808298
4536,4.0375,4.9925,0.33648068669527903,1.6801144492131617
4537,4.0125,4.99,0.3337339055793992,1.6640915593705297
4538,4.0475,4.99375,0.33730472103004294,1.684692417739628
4539,4.0125,4.99125,0.33437482117310446,1.6686695278969959
4540,4.02,4.9925,0.3308040057224607,1.6503576537911304
4541,4.0075,4.9925,0.33391702432045783,1.6686695278969959
4542,4.0025,4.9925,0.3335507868383405,1.6640915593705297
4543,4.0125,4.99375,0.33254363376251794,1.6618025751072962
4544,3.9775,4.99125,0.331444921316166,1.6549356223175968
4545,4.01,4.99125,0.3341917024320458,1.6686695278969959
4546,4.035,4.9925,0.3316280400572246,1.6549356223175968
4547,4.025,4.9925,0.3353819742489271,1.6732474964234623
4548,4.025,4.99,0.3353819742489271,1.6732474964234623
4549,4.0425,4.99,0.3358397711015737,1.6755364806866953
4550,4.0125,4.9925,0.33437482117310446,1.6686695278969959
4551,4.02,4.995,0.33501573676680974,1.6732474964234623
4552,4.0125,4.9925,0.3319027181688126,1.6572246065808298
4553,4.0225,4.99375,0.33519885550786843,1.6732474964234623
4554,4.015,4.99,0.3345579399141631,1.6686695278969959
4555,3.9875,4.99375,0.3327267525035766,1.6618025751072962
4556,4.01,4.9925,0.33437482117310446,1.6686695278969959
4557,4.02,4.99375,0.33501573676680974,1.6732474964234623
4558,4.005,4.99375,0.331444921316166,1.6549356223175968
4559,4.0175,4.9925,0.33501573676680974,1.6732474964234623
4560,4.0525,4.99,0.3376709585121603,1.684692417739628
4561,3.985,4.99375,0.331444921316166,1.6549356223175968
4562,4.0125,4.9925,0.3348326180257511,1.6732474964234623
4563,4.025,4.9925,0.3353819742489271,1.6732474964234623
4564,4.0325,4.9925,0.3337339055793992,1.6640915593705297
4565,4.0225,4.99125,0.3345579399141631,1.6686695278969959
4566,3.7275,5.00875,0.3106609442060086,1.5565092989985696
4567,3.755,5.01,0.3106609442060086,1.5565092989985696
4568,3.72,5.01375,0.3100200286123033,1.5519313304721032
4569,3.655,5.01375,0.304618025751073,1.5267525035765381
4570,3.635,5.01375,0.30287839771101577,1.5198855507868385
4571,3.6425,5.01625,0.3039771101573677,1.5267525035765381
4572,3.65,5.01375,0.30416022889842637,1.5267525035765381
4573,3.6275,5.0175,0.3023290414878398,1.515307582260372
4574,3.645,5.0175,0.30351931330472104,1.5221745350500717
4575,3.62,5.01625,0.3016881258941345,1.515307582260372
4576,3.64,5.015,0.3033361945636624,1.5221745350500717
4577,3.6575,5.015,0.3002231759656653,1.5038626609442063
4578,3.6275,5.0175,0.3023290414878398,1.515307582260372
4579,3.645,5.01625,0.30379399141630903,1.5221745350500717
4580,3.625,5.01625,0.304618025751073,1.5267525035765381
4581,3.635,5.015,0.30287839771101577,1.5198855507868385
4582,3.6575,5.015,0.30480114449213164,1.5290414878397713
4583,3.6375,5.01625,0.3026952789699571,1.5198855507868385
4584,3.6275,5.01625,0.3023290414878398,1.515307582260372
4585,3.6375,5.0175,0.30315307582260376,1.5221745350500717
4586,3.6275,5.01625,0.3004062947067239,1.5084406294706727
4587,3.635,5.01625,0.30287839771101577,1.5198855507868385
4588,3.6275,5.0175,0.3023290414878398,1.515307582260372
4589,3.6225,5.0175,0.3004062947067239,1.5084406294706727
4590,3.6425,5.015,0.30351931330472104,1.5221745350500717
4591,3.65,5.01375,0.30416022889842637,1.5267525035765381
4592,3.66,5.015,0.3039771101573677,1.5221745350500717
4593,3.63,5.0175,0.30058941344778256,1.5084406294706727
4594,3.6325,5.015,0.3026952789699571,1.5198855507868385
4595,3.645,5.01375,0.30287839771101577,1.5198855507868385
4596,3.66,5.015,0.30315307582260376,1.5198855507868385
4597,3.6375,5.01375,0.30315307582260376,1.5198855507868385
4598,3.6325,5.0175,0.3004062947067239,1.5084406294706727
4599,3.6475,5.015,0.30379399141630903,1.5221745350500717
4600,3.6375,5.015,0.30315307582260376,1.5198855507868385
4601,3.6,5.0175,0.29976537911301865,1.5038626609442063
4602,3.635,5.01375,0.3020543633762518,1.515307582260372
4603,3.645,5.01375,0.30379399141630903,1.5221745350500717
4604,3.6475,5.015,0.3039771101573677,1.5221745350500717
4605,3.6425,5.015,0.3023290414878398,1.515307582260372
4606,3.6525,5.01625,0.304343347639485,1.5267525035765381
4607,3.665,5.015,0.30544206008583696,1.5290414878397713
4608,3.645,5.015,0.3033361945636624,1.5221745350500717
4609,3.6225,5.0175,0.30187124463519316,1.515307582260372
4610,3.6525,5.015,0.304343347639485,1.5267525035765381
4611,3.59,5.02,0.29564520743919886,1.4855507868383406
4612,3.5375,5.02125,0.29482117310443495,1.4809728183118742
4613,3.565,5.02,0.2971101573676681,1.4924177396280403
4614,3.595,5.02,0.29646924177396283,1.4878397711015738
4615,3.57,5.02,0.29747639484978544,1.4924177396280403
4616,3.575,5.0225,0.29793419170243207,1.4969957081545067
4617,3.5525,5.02125,0.2950042918454936,1.4809728183118742
4618,3.5625,5.01875,0.29683547925608017,1.4878397711015738
4619,3.5925,5.0225,0.2993991416309013,1.5038626609442063
4620,3.5775,5.02125,0.29564520743919886,1.4855507868383406
4621,3.565,5.02125,0.2971101573676681,1.4924177396280403
4622,3.565,5.02,0.2971101573676681,1.4924177396280403
4623,3.55,5.02125,0.29747639484978544,1.4924177396280403
4624,3.545,5.02125,0.2954620886981402,1.4855507868383406
4625,3.19,5.045,0.2657968526466381,1.343633762517883
4626,3.195,5.045,0.2639656652360515,1.3321888412017169
4627,3.1975,5.0425,0.2664377682403434,1.343633762517883
4628,3.18,5.0475,0.26497281831187414,1.3390557939914165
4629,3.2075,5.045,0.26433190271816887,1.33447782546495
4630,3.19,5.04375,0.26625464949928473,1.343633762517883
4631,3.21,5.04375,0.26753648068669533,1.3505007153075823
4632,3.1925,5.045,0.2637825464949929,1.3321888412017169
4633,3.2,5.045,0.26753648068669533,1.3505007153075823
4634,3.2,5.045,0.26671244635193136,1.3459227467811161
4635,3.2225,5.04125,0.26900143061516457,1.357367668097282
4636,3.1775,5.045,0.26625464949928473,1.343633762517883
4637,3.205,5.04125,0.26707868383404865,1.3459227467811161
4638,3.2225,5.0425,0.26607153075822604,1.343633762517883
4639,3.71,5.01,0.3108440629470673,1.5565092989985696
4640,3.735,5.00875,0.31121030042918457,1.5610872675250358
4641,3.7325,5.01,0.30937911301859805,1.54964234620887
4642,3.635,5.0175,0.3010472103004292,1.5107296137339057
4643,3.65,5.01625,0.30416022889842637,1.5267525035765381
4644,3.6625,5.0175,0.305167381974249,1.5290414878397713
4645,3.64,5.01625,0.30058941344778256,1.5084406294706727
4646,3.6225,5.015,0.30187124463519316,1.515307582260372
4647,3.6225,5.01625,0.30187124463519316,1.515307582260372
4648,3.62,5.0175,0.3023290414878398,1.515307582260372
4649,3.6575,5.0175,0.30480114449213164,1.5290414878397713
4650,3.5975,5.0175,0.29976537911301865,1.5038626609442063
4651,3.6175,5.0175,0.30086409155937055,1.5107296137339057
4652,3.6425,5.0175,0.30351931330472104,1.5221745350500717
4653,3.62,5.015,0.3016881258941345,1.5107296137339057
4654,3.625,5.01625,0.29976537911301865,1.5038626609442063
4655,3.625,5.01625,0.3020543633762518,1.515307582260372
4656,3.64,5.0175,0.3033361945636624,1.5221745350500717
4657,3.64,5.015,0.3010472103004292,1.5107296137339057
4658,3.6525,5.01375,0.304343347639485,1.5267525035765381
4659,3.6225,5.0175,0.30187124463519316,1.515307582260372
4660,3.635,5.0175,0.3016881258941345,1.515307582260372
4661,3.6175,5.0175,0.30141344778254653,1.5107296137339057
4662,3.62,5.01625,0.3016881258941345,1.515307582260372
4663,3.635,5.0175,0.3010472103004292,1.5107296137339057
4664,3.6075,5.0175,0.30058941344778256,1.5084406294706727
4665,3.6425,5.0175,0.30351931330472104,1.5221745350500717
4666,3.6275,5.01625,0.3016881258941345,1.515307582260372
4667,3.63,5.0175,0.3016881258941345,1.515307582260372
4668,3.6375,5.0175,0.30315307582260376,1.5221745350500717
4669,3.6325,5.01625,0.305167381974249,1.5290414878397713
4670,3.6725,5.0125,0.3079141630901288,1.5450643776824036
4671,3.645,5.015,0.30379399141630903,1.5221745350500717
4672,3.66,5.0175,0.304618025751073,1.5290414878397713
4673,3.635,5.01625,0.3023290414878398,1.515307582260372
4674,3.615,5.015,0.3012303290414879,1.5107296137339057
4675,3.645,5.01625,0.30187124463519316,1.515307582260372
4676,3.655,5.015,0.3020543633762518,1.515307582260372
4677,3.6175,5.015,0.30141344778254653,1.5107296137339057
4678,3.665,5.01625,0.30544206008583696,1.5198855507868385
4679,3.625,5.0175,0.30315307582260376,1.5221745350500717
4680,3.63,5.015,0.30251216022889843,1.5198855507868385
4681,3.6325,5.01625,0.3026952789699571,1.5198855507868385
4682,3.6225,5.01625,0.3033361945636624,1.5221745350500717
4683,1.4175,5.16875,0.11811158798283262,0.6111587982832619
4684,1.2025,5.15125,0.10016595135908442,0.517310443490701
4685,1.3875,5.1475,0.10108154506437769,0.5218884120171675
4686,1.3775,5.17875,0.11481545064377684,0.5974248927038627
4687,1.225,5.1475,0.1020886981402003,0.5241773962804006
4688,1.27,5.16375,0.10483547925608012,0.540200286123033
4689,1.25,5.17125,0.10419456366237483,0.540200286123033
4690,1.3175,5.185,0.10977968526466382,0.5699570815450644
4691,1.1825,5.1775,0.1008068669527897,0.5218884120171675
4692,1.395,5.1725,0.11628040057224608,0.5997138769670959
4693,1.76,5.1325,0.14667811158798286,0.7530758226037197
4694,1.945,5.12,0.1597711015736767,0.817167381974249
4695,1.28,5.165,0.10666666666666667,0.5516452074391989
4696,1.2825,5.16625,0.10684978540772533,0.5516452074391989
4697,1.2975,5.16625,0.10749070100143063,0.5539341917024321
4698,1.2825,5.16625,0.10684978540772533,0.5516452074391989
4699,1.2275,5.17,0.10227181688125896,0.528755364806867
4700,1.24,5.16875,0.10391988555078685,0.5356223175965666
4701,1.2275,5.16875,0.10227181688125896,0.528755364806867
4702,1.23,5.15875,0.10245493562231761,0.528755364806867
4703,1.1175,5.18375,0.10849785407725324,0.5630901287553648
4704,1.28,5.1625,0.10684978540772533,0.5516452074391989
4705,1.1875,5.17375,0.09897567954220315,0.5127324749642347
4706,1.315,5.15375,0.10684978540772533,0.5516452074391989
4707,1.235,5.17375,0.10419456366237483,0.540200286123033
4708,1.2875,5.15625,0.10730758226037197,0.5539341917024321
4709,1.215,5.1725,0.11875250357653792,0.6157367668097282
4710,1.2725,5.17,0.10016595135908442,0.517310443490701
4711,1.35,5.165,0.11252646638054364,0.5814020028612304
4712,1.2025,5.17,0.1252532188841202,0.6477825464949929
4713,1.335,5.15625,0.09558798283261803,0.492131616595136
4714,1.1425,5.1675,0.09522174535050072,0.492131616595136
4715,1.33,5.15625,0.09357367668097283,0.4829756795422032
4716,0.7725,5.2,0.059330472103004295,0.30672389127324756
4717,0.6825,5.185,0.056858369098712454,0.2952789699570816
4718,0.7825,5.2,0.06519027181688127,0.33648068669527903
4719,0.7775,5.19375,0.06418311874105866,0.3341917024320458
4720,0.855,5.20625,0.07123319027181689,0.37081545064377686
4721,0.8675,5.21375,0.07233190271816882,0.3776824034334764
4722,1.4175,5.15,0.10602575107296139,0.5470672389127326
4723,0.7675,5.1975,0.064,0.3341917024320458
4724,0.7575,5.17875,0.06308440629470673,0.32732474964234626
4725,0.7125,5.2075,0.07745922746781117,0.40515021459227474
4726,0.8975,5.2125,0.07480400572246067,0.3891273247496424
4727,0.88,5.20125,0.07333905579399143,0.38226037195994284
4728,0.8575,5.185,0.05603433476394851,0.288412017167382
4729,0.725,5.185,0.06042918454935623,0.3158798283261803
4730,0.75,5.18875,0.06253505007153076,0.32732474964234626
4731,0.85,5.185,0.05621745350500716,0.2929899856938484
4732,0.76,5.185,0.06335908440629472,0.32961373390557946
4733,0.7625,5.18125,0.06354220314735337,0.32961373390557946
4734,0.7075,5.21125,0.06500715307582261,0.33648068669527903
4735,0.6825,5.18125,0.056858369098712454,0.2952789699570816
4736,0.8775,5.21375,0.07315593705293277,0.38226037195994284
4737,1.2775,5.175,0.07608583690987125,0.3937052932761088
4738,1.2975,5.20375,0.10813161659513591,0.5630901287553648
4739,0.8525,5.19625,0.07105007153075824,0.36852646638054365
4740,0.835,5.195,0.060246065808297576,0.3113018597997139
4741,0.7825,5.2025,0.06271816881258942,0.32732474964234626
4742,0.8925,5.20625,0.07434620886981402,0.3868383404864092
4743,0.6875,5.2075,0.07333905579399143,0.38226037195994284
4744,0.695,5.21375,0.07169098712446352,0.37539341917024327
4745,0.7875,5.21,0.06564806866952791,0.3410586552217454
4746,0.6875,5.215,0.07105007153075824,0.37081545064377686
4747,0.81,5.195,0.05566809728183119,0.288412017167382
4748,0.7025,5.18375,0.05850643776824035,0.30443490701001436
4749,0.765,5.20375,0.05832331902718169,0.30443490701001436
4750,0.8325,5.18625,0.060246065808297576,0.3113018597997139
4751,0.86,5.205,0.07169098712446352,0.37081545064377686
4752,0.8675,5.19,0.10849785407725324,0.5630901287553648
4753,0.7575,5.1975,0.07462088698140201,0.3868383404864092
4754,0.89,5.19875,0.07416309012875537,0.3868383404864092
4755,0.7575,5.2075,0.06308440629470673,0.32732474964234626
4756,0.74,5.2125,0.07498712446351932,0.3891273247496424
4757,0.8975,5.21,0.07480400572246067,0.3891273247496424
4758,0.685,5.18375,0.05704148783977111,0.2952789699570816
4759,0.72,5.20875,0.061711015736766815,0.32274678111587984
4760,0.6725,5.1875,0.05603433476394851,0.2929899856938484
4761,0.705,5.1825,0.05878111587982833,0.30443490701001436
4762,1.425,5.16375,0.08267811158798284,0.4280400572246066
4763,0.685,5.18125,0.05704148783977111,0.2952789699570816
4764,0.7775,5.1925,0.06482403433476396,0.33648068669527903
4765,0.8625,5.1825,0.05914735336194564,0.30672389127324756
4766,0.8675,5.2075,0.07233190271816882,0.37539341917024327
4767,1.1825,5.2075,0.09851788268955652,0.5127324749642347
4768,0.765,5.2075,0.07315593705293277,0.38226037195994284
4769,0.92,5.2025,0.07663519313304722,0.3982832618025752
4770,0.8375,5.1925,0.06976824034334765,0.3639484978540773
4771,0.72,5.20875,0.07562804005722461,0.3937052932761088
4772,1.3,5.16875,0.10831473533619458,0.5585121602288985
4773,0.8725,5.2075,0.07269814020028613,0.3776824034334764
4774,0.715,5.2025,0.06857796852646639,0.3570815450643777
4775,0.8825,5.2125,0.07352217453505008,0.38226037195994284
4776,0.88,5.21125,0.07333905579399143,0.38226037195994284
4777,0.6775,5.20375,0.06976824034334765,0.3639484978540773
4778,0.7,5.215,0.06601430615164522,0.34563662374821175
4779,0.6775,5.1825,0.056492131616595144,0.2929899856938484
4780,0.6825,5.21375,0.07059227467811159,0.36852646638054365
4781,0.75,5.20375,0.060612303290414886,0.3158798283261803
4782,1.185,5.1925,0.0987925608011445,0.5127324749642347
4783,0.88,5.1875,0.06454935622317597,0.3341917024320458
4784,0.815,5.195,0.061711015736766815,0.3181688125894135
4785,0.78,5.205,0.06500715307582261,0.33648068669527903
4786,0.915,5.1775,0.06482403433476396,0.3341917024320458
4787,0.8325,5.1975,0.06226037195994278,0.32274678111587984
4788,0.6975,5.2025,0.05814020028612304,0.30443490701001436
4789,0.6975,5.215,0.0683032904148784,0.3570815450643777
4790,0.8125,5.1925,0.05621745350500716,0.2929899856938484
4791,0.705,5.1825,0.05878111587982833,0.30443490701001436
4792,0.8875,5.1825,0.07397997138769671,0.3868383404864092
4793,0.7775,5.19625,0.059605150214592284,0.3113018597997139
4794,0.6825,5.18125,0.056858369098712454,0.2952789699570816
4795,0.8475,5.2025,0.07059227467811159,0.36852646638054365
4796,0.9125,5.18125,0.06079542203147354,0.3158798283261803
4797,1.1675,5.14875,0.09732761087267526,0.5035765379113019
4798,0.93,5.20875,0.07745922746781117,0.40515021459227474
4799,0.895,5.1825,0.061711015736766815,0.3181688125894135
4800,0.7575,5.18125,0.06308440629470673,0.32732474964234626
4801,0.7125,5.18625,0.059330472103004295,0.30672389127324756
4802,0.7125,5.20375,0.07480400572246067,0.3891273247496424
4803,0.895,5.2025,0.07462088698140201,0.3891273247496424
4804,0.865,5.21375,0.07205722460658083,0.37539341917024327
4805,0.7575,5.2025,0.06976824034334765,0.3639484978540773
4806,0.7425,5.185,0.06189413447782547,0.32274678111587984
4807,0.725,5.185,0.06042918454935623,0.3158798283261803
4808,0.7925,5.1975,0.057499284692417746,0.29985693848354794
4809,0.6775,5.185,0.056492131616595144,0.2929899856938484
4810,0.6775,5.1825,0.056492131616595144,0.2929899856938484
4811,0.825,5.19125,0.055851216022889845,0.288412017167382
4812,1.105,5.1425,0.09210872675250359,0.4715307582260372
4813,0.9375,5.21,0.07810014306151646,0.40515021459227474
4814,0.8975,5.17875,0.06143633762517883,0.3181688125894135
4815,0.8725,5.1875,0.059330472103004295,0.30672389127324756
4816,0.76,5.2025,0.06335908440629472,0.32961373390557946
4817,0.94,5.17375,0.06857796852646639,0.3570815450643777
4818,0.67,5.20875,0.07141630901287555,0.37081545064377686
4819,0.7475,5.20875,0.06226037195994278,0.32274678111587984
4820,0.68,5.21375,0.07608583690987125,0.3982832618025752
4821,0.825,5.1925,0.057499284692417746,0.29985693848354794
4822,0.7175,5.18375,0.05978826895565094,0.3113018597997139
4823,0.8825,5.1825,0.05978826895565094,0.3113018597997139
4824,0.755,5.195,0.06683834048640916,0.34792560801144495
4825,0.8575,5.2075,0.07141630901287555,0.37081545064377686
4826,0.91,5.17625,0.059605150214592284,0.30672389127324756
4827,1.225,5.17375,0.09961659513590845,0.5127324749642347
4828,0.75,5.2025,0.06253505007153076,0.32732474964234626
4829,0.8425,5.1875,0.07022603719599428,0.34563662374821175
4830,0.86,5.185,0.06519027181688127,0.33648068669527903
4831,0.76,5.1825,0.06335908440629472,0.32961373390557946
4832,0.735,5.17875,0.06125321888412018,0.3181688125894135
4833,0.805,5.205,0.06418311874105866,0.3341917024320458
4834,0.845,5.21375,0.07040915593705294,0.36852646638054365
4835,0.705,5.20375,0.05878111587982833,0.30672389127324756
4836,0.6875,5.21625,0.07040915593705294,0.36852646638054365
4837,0.685,5.195,0.05704148783977111,0.2952789699570816
4838,0.6925,5.18375,0.0576824034334764,0.29985693848354794
4839,0.715,5.21,0.06290128755364807,0.32732474964234626
4840,0.6775,5.18375,0.056492131616595144,0.2929899856938484
4841,0.855,5.20375,0.07123319027181689,0.37081545064377686
4842,0.9475,5.1775,0.06876108726752504,0.3570815450643777
4843,0.815,5.20875,0.06793705293276109,0.35250357653791137
4844,0.7675,5.18375,0.064,0.32961373390557946
4845,0.7125,5.205,0.07773390557939915,0.40515021459227474
4846,0.8,5.18625,0.0666552217453505,0.34563662374821175
4847,0.7325,5.17875,0.06107010014306152,0.3158798283261803
4848,0.6825,5.215,0.07004291845493563,0.3639484978540773
4849,0.71,5.205,0.05914735336194564,0.30672389127324756
4850,0.705,5.18125,0.05878111587982833,0.30443490701001436
4851,0.86,5.1875,0.05603433476394851,0.2929899856938484
4852,0.7275,5.19875,0.07480400572246067,0.3891273247496424
4853,0.9225,5.2125,0.0769098712446352,0.4005722460658083
4854,0.6775,5.21375,0.07105007153075824,0.37081545064377686
4855,0.6875,5.215,0.07022603719599428,0.36852646638054365
4856,0.685,5.2,0.05704148783977111,0.2952789699570816
4857,0.775,5.205,0.08478397711015738,0.44177396280400577
4858,0.9175,5.18125,0.060246065808297576,0.3113018597997139
4859,0.845,5.21,0.07040915593705294,0.36852646638054365
4860,0.785,5.19375,0.07004291845493563,0.3639484978540773
4861,0.885,5.18125,0.06482403433476396,0.33648068669527903
4862,0.77,5.17625,0.06418311874105866,0.3341917024320458
4863,0.6775,5.20625,0.07333905579399143,0.38226037195994284
4864,0.685,5.2125,0.07498712446351932,0.3891273247496424
4865,0.875,5.20875,0.07288125894134478,0.3776824034334764
4866,0.72,5.20125,0.059971387696709594,0.3639484978540773
4867,0.69,5.2125,0.06940200286123034,0.35937052932761093
4868,0.6775,5.19625,0.056492131616595144,0.2929899856938484
4869,0.705,5.18375,0.05878111587982833,0.30443490701001436
4870,0.7675,5.20125,0.058964234620886985,0.30672389127324756
4871,0.6925,5.18125,0.0576824034334764,0.29985693848354794
4872,0.895,5.185,0.07462088698140201,0.3868383404864092
4873,0.735,5.21125,0.07251502145922747,0.3776824034334764
4874,0.8975,5.19875,0.07480400572246067,0.3891273247496424
4875,0.7775,5.18625,0.06482403433476396,0.33648068669527903
4876,0.73,5.21125,0.06976824034334765,0.3639484978540773
4877,0.8425,5.2125,0.07022603719599428,0.36852646638054365
4878,0.795,5.2125,0.0662889842632332,0.34563662374821175
4879,0.6725,5.21125,0.07205722460658083,0.37539341917024327
4880,0.8825,5.21125,0.07352217453505008,0.38226037195994284
4881,0.6775,5.195,0.056492131616595144,0.2929899856938484
4882,0.7175,5.21,0.06308440629470673,0.32961373390557946
4883,0.67,5.18875,0.055851216022889845,0.288412017167382
4884,0.815,5.195,0.06793705293276109,0.35250357653791137
4885,0.8,5.19375,0.05603433476394851,0.2929899856938484
4886,0.71,5.185,0.05914735336194564,0.30672389127324756
4887,0.8775,5.1825,0.07315593705293277,0.3776824034334764
4888,0.755,5.20625,0.06812017167381974,0.3570815450643777
4889,0.9,5.21,0.07498712446351932,0.3891273247496424
4890,0.9075,5.205,0.07562804005722461,0.3937052932761088
4891,0.8025,5.2,0.06189413447782547,0.32274678111587984
4892,0.71,5.21125,0.07581115879828328,0.3937052932761088
4893,0.7825,5.19625,0.06519027181688127,0.33648068669527903
4894,0.8625,5.18375,0.05621745350500716,0.2929899856938484
4895,0.86,5.1825,0.05795708154506438,0.29985693848354794
4896,0.885,5.20875,0.07370529327610874,0.38226037195994284
4897,0.8575,5.18125,0.05814020028612304,0.29985693848354794
4898,0.7025,5.2025,0.06976824034334765,0.3639484978540773
4899,0.7125,5.20625,0.059330472103004295,0.30672389127324756
4900,0.705,5.21125,0.06519027181688127,0.3410586552217454
4901,0.755,5.2025,0.0576824034334764,0.29985693848354794
4902,0.9425,5.185,0.0785579399141631,0.4097281831187411
4903,0.7075,5.20875,0.058964234620886985,0.3937052932761088
4904,0.89,5.1825,0.07187410586552218,0.37081545064377686
4905,0.71,5.1875,0.05914735336194564,0.30672389127324756
4906,0.73,5.195,0.06079542203147354,0.3158798283261803
4907,0.875,5.18375,0.06436623748211731,0.3341917024320458
4908,0.75,5.19,0.06253505007153076,0.32732474964234626
4909,0.835,5.2025,0.069585121602289,0.3639484978540773
4910,0.8475,5.18625,0.059971387696709594,0.3113018597997139
4911,0.885,5.215,0.07370529327610874,0.38226037195994284
4912,0.6675,5.1925,0.05566809728183119,0.288412017167382
4913,0.685,5.205,0.07004291845493563,0.3639484978540773
4914,0.975,5.20875,0.0812131616595136,0.4234620886981402
4915,0.6775,5.1825,0.056492131616595144,0.2929899856938484
4916,0.7725,5.19875,0.057499284692417746,0.29985693848354794
4917,0.8875,5.195,0.07397997138769671,0.38226037195994284
4918,0.925,5.20625,0.07709298998569386,0.4005722460658083
4919,0.85,5.1925,0.060246065808297576,0.3113018597997139
4920,0.73,5.195,0.06079542203147354,0.3158798283261803
4921,0.71,5.18375,0.05914735336194564,0.30672389127324756
4922,0.7125,5.20625,0.0762689556509299,0.3982832618025752
4923,0.8225,5.19875,0.06857796852646639,0.3570815450643777
4924,0.8475,5.20125,0.07059227467811159,0.36852646638054365
4925,0.8675,5.1825,0.0566752503576538,0.2929899856938484
4926,0.865,5.21375,0.07205722460658083,0.37539341917024327
4927,0.7825,5.21,0.06519027181688127,0.3410586552217454
4928,0.675,5.2125,0.07205722460658083,0.37539341917024327
4929,0.7225,5.21,0.06290128755364807,0.32732474964234626
4930,0.6725,5.18375,0.05603433476394851,0.288412017167382
4931,0.83,5.19125,0.055851216022889845,0.288412017167382
4932,1.0675,5.1775,0.07315593705293277,0.3776824034334764
4933,0.78,5.19875,0.06500715307582261,0.33648068669527903
4934,0.83,5.19,0.06647210300429185,0.34563662374821175
4935,0.73,5.2025,0.07480400572246067,0.3891273247496424
4936,0.8525,5.1925,0.07105007153075824,0.36852646638054365
4937,0.7825,5.20125,0.06271816881258942,0.32732474964234626
4938,0.6775,5.21375,0.07059227467811159,0.36852646638054365
4939,0.6725,5.1925,0.05603433476394851,0.2929899856938484
4940,0.6875,5.20625,0.07416309012875537,0.3868383404864092
4941,0.69,5.215,0.07141630901287555,0.37081545064377686
4942,0.6925,5.19875,0.0576824034334764,0.29985693848354794
4943,0.6725,5.18375,0.05603433476394851,0.288412017167382
4944,0.75,5.20375,0.06079542203147354,0.3158798283261803
4945,0.69,5.19875,0.057499284692417746,0.29985693848354794
4946,0.69,5.18125,0.057499284692417746,0.2952789699570816
4947,0.815,5.195,0.09686981402002862,0.5035765379113019
4948,0.895,5.20625,0.07462088698140201,0.3891273247496424
4949,0.895,5.20625,0.07462088698140201,0.3891273247496424
4950,0.805,5.20125,0.06308440629470673,0.32732474964234626
4951,0.8475,5.21375,0.07059227467811159,0.36852646638054365
4952,0.8725,5.21,0.07269814020028613,0.3776824034334764
4953,0.6825,5.205,0.07004291845493563,0.3639484978540773
4954,0.875,5.2125,0.07288125894134478,0.3776824034334764
4955,0.81,5.2,0.06747925608011446,0.35250357653791137
4956,0.8375,5.18625,0.060612303290414886,0.3158798283261803
4957,0.875,5.21,0.07288125894134478,0.3776824034334764
4958,0.835,5.215,0.069585121602289,0.3639484978540773
4959,0.8775,5.18125,0.05814020028612304,0.29985693848354794
4960,0.855,5.20625,0.07123319027181689,0.37081545064377686
4961,0.7925,5.21375,0.06601430615164522,0.34563662374821175
4962,0.7875,5.20625,0.07727610872675252,0.4005722460658083
4963,0.8225,5.19125,0.06857796852646639,0.3570815450643777
4964,0.8675,5.19875,0.07233190271816882,0.37539341917024327
4965,0.73,5.21,0.07022603719599428,0.36852646638054365
4966,0.7175,5.205,0.07562804005722461,0.3937052932761088
4967,0.9,5.205,0.07498712446351932,0.3891273247496424
4968,0.8725,5.185,0.05731616595135909,0.2952789699570816
4969,0.8225,5.1875,0.06107010014306152,0.3158798283261803
4970,0.82,5.20375,0.0683032904148784,0.3570815450643777
4971,0.77,5.19375,0.06418311874105866,0.3341917024320458
4972,0.685,5.215,0.069585121602289,0.3639484978540773
4973,0.6825,5.18375,0.056858369098712454,0.2952789699570816
4974,0.7975,5.19625,0.056858369098712454,0.2952789699570816
4975,0.805,5.195,0.055851216022889845,0.288412017167382
4976,0.6725,5.19,0.05603433476394851,0.2929899856938484
4977,0.8725,5.1875,0.058964234620886985,0.30672389127324756
4978,0.7875,5.20375,0.06436623748211731,0.3341917024320458
4979,0.76,5.2,0.06335908440629472,0.32961373390557946
4980,0.8975,5.1875,0.07480400572246067,0.3891273247496424
4981,0.78,5.19125,0.0683032904148784,0.3570815450643777
4982,0.7775,5.17625,0.06482403433476396,0.3341917024320458
4983,0.875,5.2125,0.07288125894134478,0.3776824034334764
4984,0.875,5.17875,0.06940200286123034,0.35937052932761093
4985,0.8275,5.21,0.0689442060085837,0.35937052932761093
4986,0.9075,5.21,0.07562804005722461,0.3937052932761088
4987,0.8725,5.1875,0.06226037195994278,0.32274678111587984
4988,0.68,5.18125,0.0566752503576538,0.2929899856938484
4989,0.7175,5.18625,0.05978826895565094,0.3113018597997139
4990,0.8525,5.1825,0.056492131616595144,0.2929899856938484
4991,0.83,5.2025,0.06912732474964235,0.35937052932761093
4992,0.82,5.2125,0.0683032904148784,0.3570815450643777
4993,0.94,5.1775,0.06042918454935623,0.3113018597997139
4994,0.7125,5.18125,0.059330472103004295,0.30672389127324756
4995,0.8325,5.20875,0.06940200286123034,0.35937052932761093
4996,0.875,5.18625,0.06537339055793992,0.33648068669527903
4997,0.76,5.2,0.06335908440629472,0.32961373390557946
4998,0.67,5.18625,0.055851216022889845,0.288412017167382
4999,0.71,5.21125,0.06308440629470673,0.32961373390557946
5000,0.675,5.19625,0.05621745350500716,0.2929899856938484
5001,0.675,5.18125,0.05621745350500716,0.2929899856938484
5002,0.75,5.205,0.05978826895565094,0.3113018597997139
5003,0.85,5.1825,0.056492131616595144,0.2929899856938484
5004,0.8825,5.2125,0.07352217453505008,0.38226037195994284
5005,0.8675,5.18625,0.07169098712446352,0.37081545064377686
5006,0.705,5.20375,0.07086695278969958,0.36852646638054365
5007,0.9025,5.2075,0.07517024320457798,0.3891273247496424
5008,0.7475,5.2075,0.06775393419170243,0.35250357653791137
5009,0.715,5.2125,0.07581115879828328,0.3937052932761088
5010,0.905,5.20875,0.07544492131616595,0.3937052932761088
5011,0.87,5.1875,0.05878111587982833,0.30443490701001436
5012,0.765,5.205,0.06537339055793992,0.3410586552217454
5013,0.805,5.19875,0.06711301859799715,0.34792560801144495
5014,0.8775,5.1825,0.05731616595135909,0.2952789699570816
5015,0.7275,5.2,0.06940200286123034,0.35937052932761093
5016,0.84,5.2025,0.07004291845493563,0.3639484978540773
5017,0.875,5.18125,0.07288125894134478,0.3776824034334764
5018,0.69,5.2025,0.069585121602289,0.3639484978540773
5019,0.7425,5.2075,0.06189413447782547,0.32274678111587984
5020,0.6725,5.1825,0.05603433476394851,0.288412017167382
5021,0.82,5.19125,0.055851216022889845,0.288412017167382
5022,0.8375,5.195,0.06976824034334765,0.3639484978540773
5023,0.79,5.2075,0.06583118741058656,0.3410586552217454
5024,0.915,5.1825,0.06500715307582261,0.33648068669527903
5025,0.7075,5.18875,0.058964234620886985,0.30672389127324756
5026,0.71,5.185,0.05914735336194564,0.30672389127324756
5027,0.74,5.21,0.0762689556509299,0.3982832618025752
5028,0.705,5.2025,0.05878111587982833,0.30672389127324756
5029,0.69,5.18125,0.057499284692417746,0.2952789699570816
5030,0.88,5.18125,0.0566752503576538,0.2929899856938484
5031,0.8575,5.205,0.07141630901287555,0.37081545064377686
5032,0.8525,5.205,0.07105007153075824,0.37081545064377686
5033,0.8675,5.18125,0.05832331902718169,0.30443490701001436
5034,0.8625,5.21375,0.07187410586552218,0.37539341917024327
5035,0.8625,5.215,0.07187410586552218,0.37539341917024327
5036,0.685,5.21625,0.07059227467811159,0.36852646638054365
5037,0.6975,5.19625,0.05814020028612304,0.30443490701001436
5038,0.71,5.18875,0.05914735336194564,0.30672389127324756
5039,0.715,5.2025,0.07480400572246067,0.3891273247496424
5040,0.91,5.18,0.06775393419170243,0.35250357653791137
5041,0.78,5.2,0.06500715307582261,0.33648068669527903
5042,0.765,5.19625,0.07059227467811159,0.36852646638054365
5043,0.7725,5.19375,0.06436623748211731,0.3341917024320458
5044,0.77,5.19375,0.06418311874105866,0.3341917024320458
5045,0.8325,5.18875,0.055851216022889845,0.288412017167382
5046,0.74,5.195,0.06436623748211731,0.3341917024320458
5047,0.8375,5.215,0.06976824034334765,0.3639484978540773
5048,0.6775,5.215,0.07169098712446352,0.37539341917024327
5049,0.75,5.2025,0.059971387696709594,0.3113018597997139
5050,0.685,5.18125,0.05704148783977111,0.2952789699570816
5051,0.8025,5.195,0.056492131616595144,0.2929899856938484
5052,0.9,5.18625,0.055851216022889845,0.288412017167382
5053,0.71,5.18375,0.05914735336194564,0.30672389127324756
5054,0.73,5.20375,0.06079542203147354,0.3158798283261803
5055,0.875,5.1825,0.06335908440629472,0.32961373390557946
5056,0.7575,5.18375,0.06308440629470673,0.32732474964234626
5057,0.72,5.18,0.059971387696709594,0.3113018597997139
5058,0.6725,5.215,0.07269814020028613,0.3776824034334764
5059,0.675,5.19125,0.05621745350500716,0.2929899856938484
5060,0.7,5.1825,0.05832331902718169,0.30443490701001436
5061,0.7725,5.2,0.05814020028612304,0.30443490701001436
5062,0.7,5.1825,0.05832331902718169,0.30443490701001436
5063,0.79,5.1975,0.06583118741058656,0.3410586552217454
5064,0.7925,5.195,0.06290128755364807,0.32732474964234626
5065,0.7925,5.19625,0.06601430615164522,0.3410586552217454
5066,0.835,5.21375,0.069585121602289,0.3639484978540773
5067,0.6675,5.21125,0.07288125894134478,0.3776824034334764
5068,0.7275,5.18125,0.060612303290414886,0.3158798283261803
5069,0.7375,5.17875,0.06143633762517883,0.3181688125894135
5070,0.7075,5.20875,0.07608583690987125,0.3982832618025752
5071,0.9125,5.20375,0.07608583690987125,0.3982832618025752
5072,0.9,5.20875,0.07498712446351932,0.3891273247496424
5073,0.8925,5.18125,0.057499284692417746,0.2952789699570816
5074,0.835,5.215,0.069585121602289,0.3639484978540773
5075,0.675,5.19375,0.05621745350500716,0.2929899856938484
5076,0.685,5.21375,0.0762689556509299,0.3982832618025752
5077,0.8225,5.18875,0.056492131616595144,0.2929899856938484
5078,0.6925,5.18125,0.0576824034334764,0.29985693848354794
5079,0.8725,5.185,0.05621745350500716,0.2929899856938484
5080,0.79,5.1925,0.06308440629470673,0.32732474964234626
5081,0.83,5.215,0.06912732474964235,0.35937052932761093
5082,0.6725,5.21,0.07233190271816882,0.37539341917024327
5083,0.8975,5.17875,0.06125321888412018,0.3181688125894135
5084,0.76,5.1825,0.06335908440629472,0.32961373390557946
5085,0.775,5.20375,0.064,0.3341917024320458
5086,0.71,5.2075,0.08478397711015738,0.44177396280400577
5087,0.8275,5.19125,0.0689442060085837,0.3570815450643777
5088,0.76,5.2,0.06354220314735337,0.32961373390557946
5089,0.865,5.1825,0.056492131616595144,0.2929899856938484
5090,0.745,5.19,0.062077253218884125,0.32274678111587984
5091,0.865,5.18125,0.07205722460658083,0.32732474964234626
5092,0.6975,5.205,0.07059227467811159,0.36852646638054365
5093,0.7725,5.21125,0.06436623748211731,0.3341917024320458
5094,0.6775,5.1825,0.056492131616595144,0.2929899856938484
5095,0.8325,5.19,0.05566809728183119,0.288412017167382
5096,0.77,5.1825,0.06418311874105866,0.3341917024320458
5097,0.7525,5.19125,0.06271816881258942,0.32732474964234626
5098,0.7625,5.19875,0.07288125894134478,0.3776824034334764
5099,0.7375,5.18,0.06143633762517883,0.3181688125894135
5100,0.71,5.1825,0.05914735336194564,0.30672389127324756
5101,0.8275,5.19125,0.06812017167381974,0.35250357653791137
5102,0.7225,5.18,0.060246065808297576,0.3113018597997139
5103,0.7125,5.18375,0.059330472103004295,0.30672389127324756
5104,0.7925,5.1975,0.062077253218884125,0.32274678111587984
5105,0.68,5.18375,0.0566752503576538,0.2929899856938484
5106,0.84,5.20375,0.07004291845493563,0.3639484978540773
5107,0.85,5.18375,0.05878111587982833,0.30443490701001436
5108,0.82,5.2,0.0683032904148784,0.3570815450643777
5109,0.8525,5.21625,0.07105007153075824,0.37081545064377686
5110,0.8475,5.185,0.05978826895565094,0.3113018597997139
5111,0.865,5.20625,0.07205722460658083,0.37539341917024327
5112,0.7925,5.21375,0.06601430615164522,0.34563662374821175
5113,0.7975,5.2,0.06335908440629472,0.32961373390557946
5114,0.8875,5.2125,0.07397997138769671,0.3868383404864092
5115,0.9075,5.2125,0.07562804005722461,0.3937052932761088
5116,0.8525,5.18375,0.06436623748211731,0.3341917024320458
5117,0.8575,5.185,0.06500715307582261,0.33648068669527903
5118,0.825,5.19625,0.06876108726752504,0.3570815450643777
5119,0.87,5.18375,0.056858369098712454,0.2952789699570816
5120,0.7825,5.19,0.06454935622317597,0.3341917024320458
5121,0.8625,5.20375,0.07187410586552218,0.37539341917024327
5122,0.8675,5.18375,0.056858369098712454,0.2952789699570816
5123,0.88,5.18125,0.0566752503576538,0.2929899856938484
5124,0.7675,5.1925,0.064,0.3341917024320458
5125,0.8675,5.18125,0.056492131616595144,0.2929899856938484
5126,0.685,5.2075,0.07169098712446352,0.37539341917024327
5127,0.87,5.20625,0.07251502145922747,0.3776824034334764
5128,0.805,5.1975,0.06125321888412018,0.3181688125894135
5129,0.83,5.1925,0.05978826895565094,0.3113018597997139
5130,0.815,5.20875,0.06793705293276109,0.35250357653791137
5131,0.74,5.1975,0.061711015736766815,0.32274678111587984
5132,0.885,5.1825,0.06335908440629472,0.32961373390557946
5133,0.815,5.19875,0.06793705293276109,0.35250357653791137
5134,0.8725,5.21125,0.07269814020028613,0.3776824034334764
5135,0.6875,5.205,0.06976824034334765,0.3639484978540773
5136,0.84,5.215,0.07004291845493563,0.3639484978540773
5137,0.87,5.21625,0.07251502145922747,0.3776824034334764
5138,0.6775,5.21375,0.07086695278969958,0.37081545064377686
5139,0.6775,5.195,0.056492131616595144,0.2929899856938484
5140,0.6875,5.1825,0.05731616595135909,0.2952789699570816
5141,0.845,5.18625,0.055851216022889845,0.288412017167382
5142,0.7825,5.195,0.06519027181688127,0.33648068669527903
5143,0.7075,5.185,0.058964234620886985,0.30672389127324756
5144,0.8325,5.18875,0.06940200286123034,0.35937052932761093
5145,0.815,5.18875,0.06793705293276109,0.35250357653791137
5146,0.71,5.1875,0.05914735336194564,0.30672389127324756
5147,0.76,5.19625,0.07022603719599428,0.3639484978540773
5148,0.79,5.195,0.06583118741058656,0.3410586552217454
5149,0.865,5.2125,0.07205722460658083,0.37539341917024327
5150,0.7525,5.19625,0.0672961373390558,0.34792560801144495
5151,0.7625,5.21,0.06354220314735337,0.32961373390557946
5152,0.7075,5.185,0.058964234620886985,0.30672389127324756
5153,0.8625,5.1825,0.05621745350500716,0.2929899856938484
5154,0.745,5.1975,0.0672961373390558,0.34792560801144495
5155,0.87,5.21,0.07251502145922747,0.3776824034334764
5156,0.8525,5.1825,0.06519027181688127,0.33648068669527903
5157,0.8225,5.1875,0.062077253218884125,0.32274678111587984
5158,0.82,5.2075,0.0683032904148784,0.3570815450643777
5159,0.91,5.18,0.060246065808297576,0.3113018597997139
5160,0.7975,5.2,0.06189413447782547,0.32274678111587984
5161,0.755,5.2025,0.06290128755364807,0.32732474964234626
5162,0.8175,5.19125,0.0683032904148784,0.3570815450643777
5163,0.7175,5.21,0.06253505007153076,0.32732474964234626
5164,0.705,5.18375,0.05878111587982833,0.30443490701001436
5165,0.8575,5.1825,0.056492131616595144,0.2929899856938484
5166,0.6725,5.2075,0.07233190271816882,0.37539341917024327
5167,0.825,5.215,0.06876108726752504,0.35937052932761093
5168,0.7625,5.21125,0.06354220314735337,0.32961373390557946
5169,0.6725,5.2125,0.07269814020028613,0.3776824034334764
5170,0.7675,5.2125,0.064,0.3341917024320458
5171,0.725,5.1875,0.06042918454935623,0.3158798283261803
5172,0.83,5.1875,0.05566809728183119,0.288412017167382
5173,0.715,5.195,0.059605150214592284,0.3113018597997139
5174,0.74,5.1975,0.061711015736766815,0.32274678111587984
5175,0.835,5.18875,0.0672961373390558,0.34792560801144495
5176,0.81,5.19,0.06747925608011446,0.34792560801144495
5177,0.7725,5.17875,0.06436623748211731,0.3341917024320458
5178,0.7225,5.20875,0.061711015736766815,0.32274678111587984
5179,0.6775,5.18375,0.056492131616595144,0.2929899856938484
5180,0.85,5.205,0.07086695278969958,0.36852646638054365
5181,0.7725,5.19375,0.06454935622317597,0.3341917024320458
5182,0.8025,5.19625,0.06683834048640916,0.34792560801144495
5183,0.85,5.20625,0.07086695278969958,0.36852646638054365
5184,0.87,5.1825,0.06290128755364807,0.32732474964234626
5185,0.8575,5.20625,0.07141630901287555,0.37081545064377686
5186,0.87,5.21625,0.07251502145922747,0.3776824034334764
5187,0.73,5.1975,0.06601430615164522,0.3410586552217454
5188,0.7425,5.2,0.06189413447782547,0.32274678111587984
5189,0.91,5.20875,0.07581115879828328,0.3937052932761088
5190,0.8275,5.19625,0.06271816881258942,0.32732474964234626
5191,0.745,5.20875,0.06683834048640916,0.34792560801144495
5192,0.87,5.2125,0.07251502145922747,0.3776824034334764
5193,0.865,5.185,0.059605150214592284,0.30672389127324756
5194,0.6975,5.2025,0.07022603719599428,0.3639484978540773
5195,0.8225,5.215,0.06857796852646639,0.3570815450643777
5196,0.7125,5.20875,0.06912732474964235,0.35937052932761093
5197,0.7775,5.19875,0.05704148783977111,0.2952789699570816
5198,0.8375,5.20375,0.06976824034334765,0.3639484978540773
5199,0.8825,5.18125,0.05704148783977111,0.2952789699570816
5200,0.6725,5.2125,0.07233190271816882,0.3776824034334764
5201,0.85,5.21375,0.07086695278969958,0.37081545064377686
5202,0.74,5.2125,0.07288125894134478,0.3776824034334764
5203,0.835,5.1875,0.0672961373390558,0.34792560801144495
5204,0.715,5.1825,0.059605150214592284,0.30672389127324756
5205,0.72,5.19375,0.059971387696709594,0.3113018597997139
5206,0.785,5.19625,0.07169098712446352,0.37081545064377686
5207,0.745,5.18,0.062077253218884125,0.32274678111587984
5208,0.8525,5.2,0.07105007153075824,0.37081545064377686
5209,0.7975,5.19,0.06271816881258942,0.32732474964234626
5210,0.8425,5.2025,0.07022603719599428,0.3639484978540773
5211,0.8425,5.215,0.07022603719599428,0.36852646638054365
5212,0.6775,5.215,0.07169098712446352,0.37539341917024327
5213,0.9075,5.21625,0.07562804005722461,0.3937052932761088
5214,0.6725,5.1875,0.05603433476394851,0.2929899856938484
5215,0.755,5.20375,0.059605150214592284,0.3113018597997139
5216,0.71,5.18375,0.05914735336194564,0.30672389127324756
5217,0.8175,5.2,0.06812017167381974,0.35250357653791137
5218,0.7625,5.1975,0.07663519313304722,0.3982832618025752
5219,0.72,5.17875,0.059971387696709594,0.3113018597997139
5220,0.7425,5.18125,0.06189413447782547,0.32274678111587984
5221,0.71,5.20625,0.07498712446351932,0.3891273247496424
5222,0.8875,5.2,0.07397997138769671,0.3868383404864092
5223,0.8675,5.21125,0.07233190271816882,0.3776824034334764
5224,0.71,5.20125,0.07416309012875537,0.3868383404864092
5225,0.8525,5.21375,0.07105007153075824,0.37081545064377686
5226,0.685,5.1975,0.05704148783977111,0.2952789699570816
5227,0.7575,5.20375,0.06482403433476396,0.33648068669527903
5228,0.7175,5.21,0.06418311874105866,0.3341917024320458
5229,0.6875,5.18,0.05731616595135909,0.2952789699570816
5230,0.79,5.1975,0.056858369098712454,0.2952789699570816
5231,0.85,5.1875,0.055851216022889845,0.288412017167382
5232,0.695,5.1825,0.05795708154506438,0.29985693848354794
5233,0.76,5.1975,0.07205722460658083,0.37539341917024327
5234,0.875,5.185,0.06372532188841203,0.32961373390557946
5235,0.7675,5.1825,0.064,0.32961373390557946
5236,0.77,5.205,0.0662889842632332,0.34563662374821175
5237,0.7175,5.2125,0.07416309012875537,0.3868383404864092
5238,0.885,5.2125,0.07370529327610874,0.38226037195994284
5239,0.675,5.21375,0.07086695278969958,0.37081545064377686
5240,0.69,5.21375,0.07059227467811159,0.36852646638054365
5241,0.705,5.20375,0.05878111587982833,0.30672389127324756
5242,0.6975,5.2125,0.05814020028612304,0.29985693848354794
5243,0.82,5.19125,0.05566809728183119,0.288412017167382
5244,0.74,5.18875,0.061711015736766815,0.3181688125894135
5245,0.875,5.2125,0.07288125894134478,0.3776824034334764
5246,0.8075,5.1875,0.060246065808297576,0.3113018597997139
5247,0.7425,5.18875,0.06189413447782547,0.32274678111587984
5248,0.725,5.19,0.06042918454935623,0.3158798283261803
5249,0.7475,5.2,0.07205722460658083,0.37539341917024327
5250,0.8325,5.1925,0.06940200286123034,0.35937052932761093
5251,0.7275,5.17875,0.060612303290414886,0.3158798283261803
5252,0.715,5.21125,0.07434620886981402,0.3868383404864092
5253,0.88,5.2125,0.07333905579399143,0.38226037195994284
5254,0.845,5.215,0.07040915593705294,0.36852646638054365
5255,0.74,5.1975,0.0672961373390558,0.34792560801144495
5256,0.8725,5.21375,0.07269814020028613,0.3776824034334764
5257,0.7025,5.2,0.05850643776824035,0.30443490701001436
5258,0.6825,5.21375,0.08084692417739629,0.421173104434907
5259,0.89,5.21375,0.07416309012875537,0.3868383404864092
5260,0.71,5.20375,0.05914735336194564,0.30672389127324756
5261,0.6975,5.2125,0.06537339055793992,0.3410586552217454
5262,0.67,5.19,0.055851216022889845,0.288412017167382
5263,1.035,5.2,0.08624892703862662,0.45092989985693854
5264,0.8225,5.195,0.06454935622317597,0.3341917024320458
5265,0.7075,5.2075,0.07544492131616595,0.3937052932761088
5266,0.9125,5.20375,0.07608583690987125,0.3982832618025752
5267,0.88,5.18625,0.05850643776824035,0.30443490701001436
5268,0.9075,5.1775,0.05850643776824035,0.30443490701001436
5269,0.7475,5.19,0.06226037195994278,0.32274678111587984
5270,0.805,5.19125,0.05566809728183119,0.288412017167382
5271,0.85,5.18125,0.05795708154506438,0.29985693848354794
5272,0.8175,5.2,0.06812017167381974,0.35250357653791137
5273,0.8375,5.1825,0.05814020028612304,0.29985693848354794
5274,0.6675,5.21125,0.07251502145922747,0.3776824034334764
5275,0.735,5.205,0.06125321888412018,0.3181688125894135
5276,0.6725,5.21375,0.07169098712446352,0.37539341917024327
5277,0.7675,5.2,0.05814020028612304,0.30443490701001436
5278,0.8925,5.20875,0.07434620886981402,0.3868383404864092
5279,0.75,5.20625,0.06253505007153076,0.34563662374821175
5280,0.7125,5.205,0.0762689556509299,0.3982832618025752
5281,0.84,5.19375,0.07004291845493563,0.3639484978540773
5282,0.84,5.19375,0.07004291845493563,0.3639484978540773
5283,0.8375,5.19,0.056492131616595144,0.2929899856938484
5284,0.685,5.1825,0.05704148783977111,0.2952789699570816
5285,0.7675,5.1925,0.064,0.3341917024320458
5286,0.84,5.18875,0.055851216022889845,0.288412017167382
5287,0.745,5.19125,0.062077253218884125,0.32274678111587984
5288,0.875,5.21375,0.07288125894134478,0.3776824034334764
5289,0.6775,5.21375,0.07123319027181689,0.37081545064377686
5290,0.7075,5.20375,0.058964234620886985,0.30672389127324756
5291,0.7025,5.18375,0.05850643776824035,0.30443490701001436
5292,0.8775,5.18125,0.056492131616595144,0.2929899856938484
5293,0.7275,5.19625,0.060612303290414886,0.3158798283261803
5294,0.75,5.2025,0.06253505007153076,0.32732474964234626
5295,0.745,5.2,0.07333905579399143,0.38226037195994284
5296,0.8575,5.1975,0.07141630901287555,0.37081545064377686
5297,0.8425,5.195,0.07022603719599428,0.3639484978540773
5298,0.875,5.18125,0.06143633762517883,0.3181688125894135
5299,0.8875,5.21,0.07397997138769671,0.3868383404864092
5300,0.8775,5.2125,0.07315593705293277,0.38226037195994284
5301,0.745,5.195,0.06583118741058656,0.3410586552217454
5302,0.8375,5.21375,0.06976824034334765,0.3639484978540773
5303,0.71,5.205,0.05914735336194564,0.30672389127324756
5304,0.745,5.20375,0.07059227467811159,0.36852646638054365
5305,0.86,5.18375,0.05832331902718169,0.30443490701001436
5306,0.805,5.1975,0.06711301859799715,0.34792560801144495
5307,0.87,5.18125,0.06107010014306152,0.3158798283261803
5308,0.9225,5.1775,0.059971387696709594,0.3113018597997139
5309,0.7525,5.1825,0.06271816881258942,0.32732474964234626
5310,0.73,5.21,0.069585121602289,0.3639484978540773
5311,0.72,5.21125,0.07370529327610874,0.38226037195994284
5312,0.8625,5.2125,0.07187410586552218,0.37539341917024327
5313,1.4425,5.155,0.07397997138769671,0.38226037195994284
5314,0.8325,5.185,0.059330472103004295,0.30672389127324756
5315,0.78,5.19375,0.06500715307582261,0.33648068669527903
5316,0.8675,5.1825,0.07233190271816882,0.2929899856938484
5317,0.6975,5.2025,0.07004291845493563,0.3639484978540773
5318,0.795,5.2125,0.0662889842632332,0.34563662374821175
5319,0.6825,5.1825,0.056858369098712454,0.2952789699570816
5320,0.8,5.19375,0.05603433476394851,0.2929899856938484
5321,0.7,5.1825,0.05832331902718169,0.30443490701001436
5322,0.825,5.2,0.06876108726752504,0.3570815450643777
5323,0.7075,5.21125,0.07544492131616595,0.3937052932761088
5324,0.8925,5.21125,0.07434620886981402,0.3868383404864092
5325,0.9025,5.21125,0.07517024320457798,0.3891273247496424
5326,0.865,5.18375,0.06482403433476396,0.33648068669527903
5327,0.785,5.18625,0.06537339055793992,0.33648068669527903
5328,0.7725,5.19375,0.06436623748211731,0.3341917024320458
5329,0.7675,5.2,0.05814020028612304,0.30443490701001436
5330,0.6925,5.18375,0.0576824034334764,0.29985693848354794
5331,0.7625,5.19125,0.06354220314735337,0.32961373390557946
5332,0.875,5.18125,0.056858369098712454,0.2952789699570816
5333,0.885,5.21,0.07370529327610874,0.38226037195994284
5334,0.75,5.21,0.06253505007153076,0.32732474964234626
5335,0.6675,5.2125,0.07233190271816882,0.3776824034334764
5336,0.6925,5.2,0.0576824034334764,0.29985693848354794
5337,0.7425,5.18875,0.06189413447782547,0.32274678111587984
5338,0.73,5.21125,0.07040915593705294,0.36852646638054365
5339,0.8775,5.21125,0.07315593705293277,0.38226037195994284
5340,0.7075,5.18375,0.058964234620886985,0.30672389127324756
5341,0.7725,5.19625,0.07105007153075824,0.36852646638054365
5342,0.815,5.19125,0.06812017167381974,0.35250357653791137
5343,0.8025,5.19875,0.06683834048640916,0.34792560801144495
5344,0.875,5.17875,0.060246065808297576,0.3113018597997139
5345,0.67,5.2125,0.07315593705293277,0.38226037195994284
5346,0.67,5.1875,0.055851216022889845,0.288412017167382
5347,0.7175,5.20875,0.06189413447782547,0.32274678111587984
5348,0.8525,5.18625,0.055851216022889845,0.288412017167382
5349,0.815,5.18375,0.06793705293276109,0.35250357653791137
5350,0.8425,5.18625,0.055851216022889845,0.288412017167382
5351,0.87,5.18125,0.05914735336194564,0.30672389127324756
5352,0.765,5.19125,0.06372532188841203,0.32961373390557946
5353,0.725,5.21375,0.06042918454935623,0.37081545064377686
5354,0.71,5.2075,0.07581115879828328,0.3937052932761088
5355,0.8425,5.19375,0.07022603719599428,0.3639484978540773
5356,0.7325,5.18125,0.06107010014306152,0.3158798283261803
5357,0.725,5.21125,0.07498712446351932,0.3891273247496424
5358,0.6775,5.1825,0.056492131616595144,0.2929899856938484
5359,0.8075,5.19875,0.0672961373390558,0.34792560801144495
5360,0.7175,5.19875,0.06683834048640916,0.34792560801144495
5361,0.835,5.215,0.069585121602289,0.3639484978540773
5362,0.6775,5.18625,0.056492131616595144,0.2929899856938484
5363,0.7475,5.2075,0.07397997138769671,0.3868383404864092
5364,0.8625,5.2125,0.07187410586552218,0.37539341917024327
5365,0.675,5.19,0.05621745350500716,0.2929899856938484
5366,0.715,5.20875,0.062077253218884125,0.32274678111587984
5367,0.7275,5.1875,0.060612303290414886,0.3158798283261803
5368,0.77,5.18375,0.06418311874105866,0.3341917024320458
5369,0.7725,5.20375,0.06372532188841203,0.32961373390557946
5370,0.89,5.21125,0.07416309012875537,0.3868383404864092
5371,0.8575,5.21,0.07141630901287555,0.37081545064377686
5372,0.9025,5.1825,0.05914735336194564,0.30672389127324756
5373,0.7,5.20125,0.05832331902718169,0.30443490701001436
5374,0.6675,5.18625,0.05566809728183119,0.288412017167382
5375,0.78,5.19875,0.05731616595135909,0.2952789699570816
5376,0.6825,5.1825,0.056858369098712454,0.2952789699570816
5377,0.8475,5.20625,0.07059227467811159,0.36852646638054365
5378,0.68,5.20625,0.07141630901287555,0.37081545064377686
5379,0.68,5.215,0.07205722460658083,0.37539341917024327
5380,0.7925,5.2125,0.06601430615164522,0.34563662374821175
5381,0.695,5.2025,0.0689442060085837,0.35937052932761093
5382,0.6975,5.2125,0.06647210300429185,0.34563662374821175
5383,0.8575,5.1975,0.07141630901287555,0.37081545064377686
5384,0.715,5.2125,0.07810014306151646,0.4097281831187411
5385,0.7075,5.21,0.07581115879828328,0.3937052932761088
5386,0.8475,5.21,0.07059227467811159,0.36852646638054365
5387,0.905,5.17875,0.060612303290414886,0.3158798283261803
5388,0.82,5.19375,0.05704148783977111,0.2952789699570816
5389,0.675,5.18375,0.05621745350500716,0.2929899856938484
5390,0.8025,5.19375,0.06683834048640916,0.2929899856938484
5391,0.6875,5.205,0.07004291845493563,0.3639484978540773
5392,0.8,5.2125,0.0666552217453505,0.34792560801144495
5393,0.675,5.185,0.05621745350500716,0.2929899856938484
5394,0.815,5.19375,0.05832331902718169,0.30443490701001436
5395,0.7675,5.19,0.064,0.3341917024320458
5396,0.8575,5.205,0.07141630901287555,0.37081545064377686
5397,0.795,5.19125,0.06271816881258942,0.32732474964234626
5398,0.74,5.18125,0.061711015736766815,0.3181688125894135
5399,0.7725,5.185,0.06436623748211731,0.3341917024320458
5400,0.7125,5.2125,0.07397997138769671,0.3868383404864092
5401,0.895,5.2025,0.07462088698140201,0.3891273247496424
5402,0.9125,5.20875,0.07608583690987125,0.3982832618025752
5403,0.7625,5.20125,0.05832331902718169,0.30443490701001436
5404,0.68,5.18125,0.0566752503576538,0.2929899856938484
5405,0.8625,5.20625,0.07187410586552218,0.37539341917024327
5406,0.7025,5.20125,0.069585121602289,0.3639484978540773
5407,0.805,5.215,0.06711301859799715,0.34792560801144495
5408,0.6725,5.1925,0.05603433476394851,0.2929899856938484
5409,0.715,5.21,0.06812017167381974,0.3570815450643777
5410,0.725,5.2,0.06042918454935623,0.3158798283261803
5411,0.7125,5.185,0.059330472103004295,0.30672389127324756
5412,0.8775,5.18125,0.056492131616595144,0.2929899856938484
5413,0.7275,5.18,0.060612303290414886,0.3158798283261803
5414,0.855,5.195,0.07123319027181689,0.37081545064377686
5415,0.8325,5.19375,0.05978826895565094,0.3113018597997139
5416,0.7375,5.21,0.06940200286123034,0.35937052932761093
5417,0.9075,5.20625,0.07562804005722461,0.3937052932761088
5418,0.81,5.1925,0.055851216022889845,0.288412017167382
5419,0.875,5.1825,0.059971387696709594,0.3113018597997139
5420,0.875,5.2125,0.07288125894134478,0.3776824034334764
5421,0.7575,5.195,0.07141630901287555,0.37081545064377686
5422,0.8275,5.18875,0.06107010014306152,0.3158798283261803
5423,0.8325,5.2025,0.06940200286123034,0.35937052932761093
5424,0.7575,5.19375,0.07251502145922747,0.37539341917024327
5425,0.6675,5.21,0.07269814020028613,0.3776824034334764
5426,0.755,5.21,0.06290128755364807,0.32732474964234626
5427,0.69,5.215,0.06912732474964235,0.35937052932761093
5428,0.7175,5.2125,0.07434620886981402,0.3868383404864092
5429,0.9125,5.205,0.07608583690987125,0.3982832618025752
5430,0.905,5.17875,0.07544492131616595,0.3410586552217454
5431,0.9125,5.18,0.059605150214592284,0.30672389127324756
5432,0.71,5.1825,0.05914735336194564,0.30672389127324756
5433,0.68,5.1975,0.0566752503576538,0.2952789699570816
5434,0.71,5.20875,0.06189413447782547,0.32274678111587984
5435,0.68,5.1825,0.0566752503576538,0.2929899856938484
5436,0.8275,5.2025,0.0689442060085837,0.35937052932761093
5437,0.71,5.2,0.06793705293276109,0.35250357653791137
5438,0.77,5.21125,0.06418311874105866,0.3341917024320458
5439,0.69,5.1825,0.057499284692417746,0.2952789699570816
5440,0.71,5.21125,0.0672961373390558,0.35250357653791137
5441,0.6775,5.1825,0.056492131616595144,0.2929899856938484
5442,0.82,5.20125,0.0683032904148784,0.3570815450643777
5443,0.775,5.20375,0.06372532188841203,0.32961373390557946
5444,0.8925,5.21375,0.07434620886981402,0.3868383404864092
5445,0.905,5.2125,0.07544492131616595,0.3937052932761088
5446,0.8225,5.195,0.06042918454935623,0.3158798283261803
5447,0.8025,5.20875,0.06683834048640916,0.34792560801144495
5448,0.8325,5.215,0.06940200286123034,0.3639484978540773
5449,0.69,5.2125,0.07727610872675252,0.4005722460658083
5450,0.7325,5.20875,0.06107010014306152,0.3181688125894135
5451,0.7075,5.185,0.058964234620886985,0.30672389127324756
5452,0.825,5.19125,0.05566809728183119,0.288412017167382
5453,0.78,5.19125,0.06537339055793992,0.33648068669527903
5454,0.8675,5.21375,0.07233190271816882,0.3776824034334764
5455,0.755,5.195,0.07205722460658083,0.37539341917024327
5456,0.6625,5.21,0.07315593705293277,0.38226037195994284
5457,0.68,5.19625,0.0566752503576538,0.2952789699570816
5458,0.7125,5.205,0.07562804005722461,0.3937052932761088
5459,0.9,5.18,0.06189413447782547,0.3181688125894135
5460,0.72,5.17875,0.059971387696709594,0.3113018597997139
5461,0.71,5.21125,0.07663519313304722,0.3982832618025752
5462,0.71,5.21,0.07562804005722461,0.3937052932761088
5463,0.9375,5.20625,0.07810014306151646,0.40515021459227474
5464,0.685,5.2125,0.07123319027181689,0.37081545064377686
5465,0.7775,5.2,0.05704148783977111,0.2952789699570816
5466,0.67,5.18875,0.055851216022889845,0.288412017167382
5467,0.705,5.2125,0.05878111587982833,0.30443490701001436
5468,0.855,5.185,0.05832331902718169,0.30443490701001436
5469,0.755,5.1925,0.06290128755364807,0.32732474964234626
5470,0.8625,5.20875,0.07187410586552218,0.37539341917024327
5471,0.7825,5.1925,0.064,0.3341917024320458
5472,0.87,5.215,0.07251502145922747,0.3776824034334764
5473,0.905,5.2025,0.07544492131616595,0.3937052932761088
5474,0.7775,5.2025,0.06335908440629472,0.32961373390557946
5475,0.79,5.20625,0.06583118741058656,0.3410586552217454
5476,0.9075,5.21,0.07562804005722461,0.3937052932761088
5477,0.9,5.18,0.061711015736766815,0.3181688125894135
5478,0.67,5.1925,0.055851216022889845,0.288412017167382
5479,0.6975,5.18375,0.05814020028612304,0.29985693848354794
5480,0.7225,5.20875,0.061711015736766815,0.32274678111587984
5481,0.6675,5.19,0.05566809728183119,0.288412017167382
5482,0.77,5.1925,0.06418311874105866,0.3341917024320458
5483,0.865,5.18125,0.05978826895565094,0.3113018597997139
5484,0.76,5.1925,0.06335908440629472,0.32961373390557946
5485,0.865,5.215,0.07205722460658083,0.37539341917024327
5486,0.73,5.19875,0.06775393419170243,0.35250357653791137
5487,0.8875,5.21125,0.07397997138769671,0.3868383404864092
5488,0.92,5.2075,0.07663519313304722,0.3982832618025752
5489,0.8575,5.19,0.05850643776824035,0.30443490701001436
5490,0.8875,5.18125,0.062077253218884125,0.32274678111587984
5491,0.855,5.19625,0.07123319027181689,0.37081545064377686
5492,0.765,5.205,0.06482403433476396,0.33648068669527903
5493,0.7125,5.2125,0.06354220314735337,0.32961373390557946
5494,0.675,5.18375,0.05621745350500716,0.2929899856938484
5495,0.73,5.2075,0.06125321888412018,0.3181688125894135
5496,0.8575,5.1825,0.05731616595135909,0.2952789699570816
5497,0.7475,5.19,0.06226037195994278,0.32274678111587984
5498,0.745,5.19625,0.07233190271816882,0.37539341917024327
5499,0.7025,5.21125,0.06454935622317597,0.33648068669527903
5500,0.685,5.18125,0.05704148783977111,0.2952789699570816
5501,0.85,5.18625,0.05539341917024321,0.288412017167382
5502,0.72,5.19875,0.06711301859799715,0.34792560801144495
5503,0.795,5.1875,0.0662889842632332,0.34563662374821175
5504,0.76,5.20625,0.06335908440629472,0.35937052932761093
5505,0.7225,5.2125,0.07233190271816882,0.3776824034334764
5506,0.895,5.2125,0.07462088698140201,0.3891273247496424
5507,0.9075,5.20625,0.07562804005722461,0.3937052932761088
5508,0.8275,5.19125,0.05566809728183119,0.288412017167382
5509,0.73,5.1875,0.06079542203147354,0.3158798283261803
5510,0.8325,5.20125,0.06940200286123034,0.35937052932761093
5511,0.875,5.18125,0.05832331902718169,0.30443490701001436
5512,0.745,5.1875,0.062077253218884125,0.32274678111587984
5513,0.7625,5.1925,0.06354220314735337,0.32961373390557946
5514,0.68,5.21375,0.06976824034334765,0.3639484978540773
5515,0.665,5.19,0.05539341917024321,0.288412017167382
5516,0.8375,5.2025,0.06976824034334765,0.3639484978540773
5517,0.7475,5.19875,0.07086695278969958,0.36852646638054365
5518,0.8775,5.1925,0.07315593705293277,0.3776824034334764
5519,0.715,5.1825,0.059605150214592284,0.30672389127324756
5520,0.7175,5.20375,0.07498712446351932,0.3891273247496424
5521,0.93,5.18375,0.07745922746781117,0.4005722460658083
5522,0.71,5.18375,0.05914735336194564,0.30672389127324756
5523,0.6675,5.20875,0.07251502145922747,0.3776824034334764
5524,0.6775,5.195,0.056492131616595144,0.2929899856938484
5525,0.73,5.18375,0.06079542203147354,0.3158798283261803
5526,0.835,5.19,0.056492131616595144,0.2929899856938484
5527,0.86,5.1825,0.05914735336194564,0.30672389127324756
5528,0.8225,5.19875,0.06857796852646639,0.3570815450643777
5529,0.865,5.18125,0.057499284692417746,0.2952789699570816
5530,0.67,5.2125,0.07251502145922747,0.3776824034334764
5531,0.6975,5.1975,0.05814020028612304,0.30443490701001436
5532,0.695,5.2125,0.06647210300429185,0.34563662374821175
5533,0.7875,5.195,0.069585121602289,0.35937052932761093
5534,0.7875,5.1875,0.06564806866952791,0.3410586552217454
5535,0.7175,5.2125,0.07480400572246067,0.3891273247496424
5536,0.7075,5.21,0.07663519313304722,0.3982832618025752
5537,0.905,5.205,0.07544492131616595,0.3937052932761088
5538,0.7875,5.1975,0.056492131616595144,0.2929899856938484
5539,0.765,5.19375,0.06418311874105866,0.3341917024320458
5540,0.8675,5.2125,0.07233190271816882,0.3776824034334764
5541,0.675,5.2075,0.05621745350500716,0.37081545064377686
5542,0.6975,5.21125,0.07123319027181689,0.37081545064377686
5543,0.73,5.20625,0.06079542203147354,0.3158798283261803
5544,0.695,5.18125,0.05795708154506438,0.29985693848354794
5545,0.7525,5.205,0.059330472103004295,0.30672389127324756
5546,0.7175,5.18625,0.05978826895565094,0.3113018597997139
5547,0.8675,5.20875,0.07233190271816882,0.37539341917024327
5548,0.735,5.21125,0.07004291845493563,0.3639484978540773
5549,0.875,5.21125,0.07288125894134478,0.3776824034334764
5550,0.8725,5.19875,0.07269814020028613,0.3776824034334764
5551,0.8,5.19875,0.06583118741058656,0.3410586552217454
5552,0.875,5.2125,0.07288125894134478,0.3776824034334764
5553,0.8725,5.21125,0.07269814020028613,0.3776824034334764
5554,0.7475,5.19625,0.06601430615164522,0.3410586552217454
5555,0.8325,5.215,0.06940200286123034,0.3639484978540773
5556,0.72,5.205,0.059971387696709594,0.3113018597997139
5557,0.68,5.21625,0.06976824034334765,0.3639484978540773
5558,0.6675,5.18875,0.05566809728183119,0.288412017167382
5559,0.7425,5.18875,0.06189413447782547,0.32274678111587984
5560,0.835,5.18875,0.05539341917024321,0.288412017167382
5561,0.6825,5.18125,0.056858369098712454,0.2952789699570816
5562,0.7875,5.195,0.06564806866952791,0.3410586552217454
5563,0.705,5.2075,0.07663519313304722,0.3982832618025752
5564,0.905,5.17875,0.059605150214592284,0.30672389127324756
5565,0.7075,5.1925,0.058964234620886985,0.30672389127324756
5566,0.7125,5.21375,0.07434620886981402,0.3868383404864092
5567,0.705,5.21,0.07581115879828328,0.3937052932761088
5568,0.885,5.2125,0.07370529327610874,0.38226037195994284
5569,0.72,5.20125,0.06793705293276109,0.35250357653791137
5570,0.6825,5.215,0.07269814020028613,0.3776824034334764
5571,0.7325,5.2025,0.06107010014306152,0.3181688125894135
5572,0.6925,5.215,0.06857796852646639,0.3570815450643777
5573,0.8625,5.18375,0.05704148783977111,0.2952789699570816
5574,0.74,5.19,0.061711015736766815,0.3181688125894135
5575,0.8425,5.1875,0.05566809728183119,0.288412017167382
5576,0.7575,5.19375,0.06482403433476396,0.33648068669527903
5577,0.8625,5.20625,0.07187410586552218,0.37539341917024327
5578,0.7375,5.21125,0.06143633762517883,0.3570815450643777
5579,0.735,5.21,0.06940200286123034,0.35937052932761093
5580,0.905,5.205,0.07544492131616595,0.3937052932761088
5581,0.8825,5.20125,0.07352217453505008,0.38226037195994284
5582,0.785,5.20375,0.08395994277539343,0.4349070100143062
5583,0.895,5.21125,0.07462088698140201,0.3891273247496424
5584,0.91,5.2075,0.07581115879828328,0.3937052932761088
5585,0.86,5.18875,0.06143633762517883,0.3181688125894135
5586,0.7425,5.2,0.06189413447782547,0.32274678111587984
5587,0.7825,5.20625,0.06519027181688127,0.33648068669527903
5588,0.685,5.20625,0.07205722460658083,0.37539341917024327
5589,0.8275,5.21125,0.0689442060085837,0.35937052932761093
5590,0.8425,5.21625,0.07022603719599428,0.36852646638054365
5591,0.67,5.21375,0.07498712446351932,0.3891273247496424
5592,0.8075,5.21375,0.0672961373390558,0.35250357653791137
5593,0.83,5.1925,0.06912732474964235,0.35937052932761093
5594,0.8175,5.19625,0.06107010014306152,0.3181688125894135
5595,0.89,5.21,0.07416309012875537,0.3868383404864092
5596,0.8825,5.2025,0.07352217453505008,0.38226037195994284
5597,0.8725,5.1875,0.05878111587982833,0.30443490701001436
5598,1.01,5.195,0.08414306151645208,0.4394849785407726
5599,0.6825,5.19875,0.056858369098712454,0.2952789699570816
5600,0.75,5.2025,0.064,0.3341917024320458
5601,0.67,5.18375,0.055851216022889845,0.288412017167382
5602,0.705,5.1825,0.05878111587982833,0.30443490701001436
5603,0.775,5.19875,0.0576824034334764,0.29985693848354794
5604,0.875,5.18125,0.05621745350500716,0.2929899856938484
5605,0.7925,5.195,0.06601430615164522,0.3410586552217454
5606,0.8675,5.1825,0.05621745350500716,0.2929899856938484
5607,0.6875,5.20375,0.07123319027181689,0.37081545064377686
5608,0.87,5.19875,0.07251502145922747,0.3776824034334764
5609,0.8825,5.18375,0.05914735336194564,0.30672389127324756
5610,0.8725,5.185,0.05978826895565094,0.3113018597997139
5611,0.755,5.20125,0.06290128755364807,0.32732474964234626
5612,0.7675,5.19875,0.07498712446351932,0.3891273247496424
5613,0.8575,5.18875,0.07040915593705294,0.3639484978540773
5614,0.6925,5.18375,0.0576824034334764,0.29985693848354794
5615,0.6775,5.215,0.07086695278969958,0.37081545064377686
5616,0.75,5.20375,0.059971387696709594,0.3113018597997139
5617,0.6975,5.1825,0.05814020028612304,0.29985693848354794
5618,0.775,5.19875,0.06454935622317597,0.3341917024320458
5619,0.7925,5.18875,0.06335908440629472,0.32961373390557946
5620,0.87,5.215,0.07251502145922747,0.3776824034334764
5621,0.745,5.20875,0.062077253218884125,0.32274678111587984
5622,0.6675,5.21125,0.07288125894134478,0.3776824034334764
5623,0.865,5.1775,0.07205722460658083,0.37081545064377686
5624,0.7475,5.18125,0.06226037195994278,0.32274678111587984
5625,0.8925,5.1825,0.05914735336194564,0.30672389127324756
5626,0.725,5.195,0.06042918454935623,0.3158798283261803
5627,0.855,5.21,0.07123319027181689,0.37081545064377686
5628,0.855,5.18625,0.07086695278969958,0.36852646638054365
5629,0.8375,5.20375,0.06976824034334765,0.3639484978540773
5630,0.8825,5.2125,0.07352217453505008,0.38226037195994284
5631,0.6675,5.21125,0.07517024320457798,0.3891273247496424
5632,0.7625,5.21125,0.06354220314735337,0.32961373390557946
5633,0.6725,5.19375,0.05603433476394851,0.2929899856938484
5634,0.7275,5.20625,0.06125321888412018,0.3181688125894135
5635,0.6675,5.19125,0.05566809728183119,0.288412017167382
5636,0.695,5.1825,0.05795708154506438,0.29985693848354794
5637,0.83,5.1875,0.05566809728183119,0.288412017167382
5638,0.765,5.20375,0.06372532188841203,0.32961373390557946
5639,0.8875,5.21125,0.07397997138769671,0.3868383404864092
5640,0.9075,5.1775,0.06253505007153076,0.32274678111587984
5641,0.8425,5.19125,0.058964234620886985,0.30672389127324756
5642,0.7325,5.1975,0.06107010014306152,0.3181688125894135
5643,0.715,5.20375,0.07562804005722461,0.3937052932761088
5644,0.6925,5.215,0.0689442060085837,0.35937052932761093
5645,0.6775,5.1875,0.056492131616595144,0.2929899856938484
5646,0.7125,5.21,0.06290128755364807,0.32732474964234626
5647,0.845,5.18625,0.05566809728183119,0.288412017167382
5648,0.765,5.19625,0.06372532188841203,0.32961373390557946
5649,0.8325,5.185,0.059971387696709594,0.3113018597997139
5650,0.725,5.2125,0.06912732474964235,0.35937052932761093
5651,0.6825,5.19625,0.056858369098712454,0.2952789699570816
5652,0.7675,5.2,0.0576824034334764,0.29985693848354794
5653,0.73,5.20875,0.07141630901287555,0.37081545064377686
5654,0.9,5.21125,0.07498712446351932,0.3891273247496424
5655,0.8775,5.185,0.07315593705293277,0.3776824034334764
5656,0.805,5.1975,0.061711015736766815,0.32274678111587984
5657,0.7225,5.19,0.060246065808297576,0.3113018597997139
5658,0.8075,5.2075,0.0672961373390558,0.34792560801144495
5659,0.6775,5.20625,0.07086695278969958,0.36852646638054365
5660,0.7625,5.2125,0.06354220314735337,0.32961373390557946
5661,0.78,5.19125,0.06500715307582261,0.33648068669527903
5662,0.8575,5.18375,0.0576824034334764,0.29985693848354794
5663,0.855,5.20375,0.07123319027181689,0.37081545064377686
5664,0.7,5.18375,0.05832331902718169,0.30443490701001436
5665,0.7275,5.20625,0.06125321888412018,0.3181688125894135
5666,0.67,5.19125,0.055851216022889845,0.288412017167382
5667,0.7275,5.18625,0.060612303290414886,0.3158798283261803
5668,0.7175,5.2125,0.07434620886981402,0.3868383404864092
5669,0.8775,5.2,0.07315593705293277,0.3776824034334764
5670,0.8025,5.18875,0.06683834048640916,0.34563662374821175
5671,0.7225,5.2125,0.07251502145922747,0.3776824034334764
5672,0.925,5.20875,0.07709298998569386,0.4005722460658083
5673,0.89,5.2075,0.07416309012875537,0.3868383404864092
5674,0.675,5.215,0.07269814020028613,0.3776824034334764
5675,0.715,5.21125,0.059605150214592284,0.3113018597997139
5676,0.6975,5.1825,0.05814020028612304,0.29985693848354794
5677,0.8375,5.1825,0.05731616595135909,0.2952789699570816
5678,0.705,5.2025,0.06976824034334765,0.3639484978540773
5679,0.8775,5.21,0.07315593705293277,0.38226037195994284
5680,0.6925,5.205,0.07105007153075824,0.37081545064377686
5681,0.6725,5.21375,0.07141630901287555,0.37081545064377686
5682,0.6675,5.19125,0.05566809728183119,0.288412017167382
5683,0.915,5.18,0.06564806866952791,0.3410586552217454
5684,0.9,5.17875,0.059330472103004295,0.30672389127324756
5685,0.8325,5.20875,0.06940200286123034,0.35937052932761093
5686,0.905,5.18,0.05978826895565094,0.3113018597997139
5687,0.8425,5.195,0.059605150214592284,0.3113018597997139
5688,0.7625,5.21,0.06354220314735337,0.32961373390557946
5689,0.68,5.21375,0.06876108726752504,0.35937052932761093
5690,0.8075,5.1975,0.05704148783977111,0.2952789699570816
5691,0.69,5.18125,0.057499284692417746,0.2952789699570816
5692,0.8575,5.19,0.07141630901287555,0.37081545064377686
5693,0.69,5.20375,0.08249499284692419,0.4280400572246066
5694,0.85,5.2125,0.07086695278969958,0.36852646638054365
5695,0.68,5.1975,0.0566752503576538,0.2952789699570816
5696,2.515,5.0875,0.21351645207439202,1.0872675250357655
5697,3.9,5,0.32503576537911305,1.6228898426323322
5698,3.815,5.00625,0.3178941344778255,1.5908440629470673
5699,3.8575,5.0025,0.32247210300429185,1.613733905579399
5700,3.9125,4.9975,0.32604291845493566,1.6274678111587986
5701,3.925,4.99625,0.32705007153075827,1.634334763948498
5702,3.9675,4.99625,0.32833190271816887,1.6389127324749644
5703,4.105,4.97125,0.342065808297568,1.698426323319027
5704,4.12,4.98875,0.3433476394849786,1.7144492131616598
5705,4.065,4.9875,0.33794563662374827,1.684692417739628
5706,4.09,4.98875,0.34087553648068675,1.698426323319027
5707,4.1725,4.98625,0.3477424892703863,1.7327610872675252
5708,4.105,4.98875,0.33794563662374827,1.6869814020028615
5709,4.055,4.985,0.33794563662374827,1.684692417739628
5710,4.2275,4.9775,0.35232045779685267,1.755650929899857
5711,4.2825,4.97625,0.35314449213161664,1.7579399141630905
5712,4.2925,4.9775,0.357722460658083,1.7808297567954223
5713,4.245,4.97625,0.3537854077253219,1.7579399141630905
5714,4.2425,4.98,0.3481087267525036,1.7327610872675252
5715,4.25,4.97625,0.3539685264663806,1.7625178826895567
5716,4.23,4.98,0.3525035765379113,1.755650929899857
5717,4.22,4.9775,0.35021459227467816,1.7442060085836912
5718,4.2875,4.975,0.3516795422031474,1.7510729613733906
5719,4.1875,4.98125,0.34893276108726756,1.7373390557939916
5720,4.2075,4.97875,0.35021459227467816,1.7442060085836912
5721,4.2375,4.97625,0.35186266094420604,1.7510729613733906
5722,4.25,4.97875,0.35415164520743925,1.7625178826895567
5723,4.1725,4.9775,0.34957367668097283,1.7396280400572248
5724,4.2575,4.97875,0.35149642346208876,1.7510729613733906
5725,4.2425,4.97875,0.3535107296137339,1.7579399141630905
5726,4.285,4.9775,0.3539685264663806,1.7625178826895567
5727,4.22,4.9775,0.35021459227467816,1.7442060085836912
5728,4.235,4.97875,0.352961373390558,1.7579399141630905
5729,4.1825,4.98125,0.3485665236051502,1.7373390557939916
5730,4.22,4.98,0.3500314735336195,1.7442060085836912
5731,4.245,4.97875,0.3537854077253219,1.7625178826895567
5732,4.2425,4.97875,0.3535107296137339,1.7579399141630905
5733,4.22,4.9775,0.3516795422031474,1.7510729613733906
5734,4.2575,4.97625,0.3547925608011445,1.767095851216023
5735,4.2025,4.9775,0.35021459227467816,1.7442060085836912
5736,4.275,4.9775,0.3537854077253219,1.7625178826895567
5737,4.2075,4.9775,0.35058082975679544,1.7442060085836912
5738,4.2175,4.97875,0.35149642346208876,1.7510729613733906
5739,4.2275,4.9775,0.352961373390558,1.755650929899857
5740,4.2125,4.97875,0.3510386266094421,1.7487839771101577
5741,4.27,4.97875,0.3557997138769671,1.769384835479256
5742,4.26,4.97625,0.3510386266094421,1.7487839771101577
5743,4.2275,4.98,0.35232045779685267,1.755650929899857
5744,4.32,4.9775,0.3600114449213162,1.792274678111588
5745,4.2325,4.9775,0.35314449213161664,1.7579399141630905
5746,4.225,4.9775,0.3520457796852647,1.7510729613733906
5747,4.2675,4.9725,0.3556165951359085,1.769384835479256
5748,4.2075,4.97875,0.3500314735336195,1.7442060085836912
5749,4.23,4.97625,0.3525035765379113,1.755650929899857
5750,4.2225,4.98,0.35186266094420604,1.7510729613733906
5751,4.1725,4.97625,0.34920743919885555,1.7373390557939916
5752,4.2525,4.9775,0.35268669527897,1.755650929899857
5753,4.24,4.9775,0.3533276108726753,1.7579399141630905
5754,4.225,4.98,0.3500314735336195,1.7442060085836912
5755,4.2125,4.97625,0.35186266094420604,1.7510729613733906
5756,4.2675,4.9775,0.3556165951359085,1.769384835479256
5757,4.25,4.98,0.352961373390558,1.7579399141630905
5758,4.2675,4.97875,0.35021459227467816,1.7442060085836912
5759,4.2575,4.975,0.3547925608011445,1.767095851216023
5760,3.95,4.9975,0.3297968526466381,1.645779685264664
5761,3.9675,4.99625,0.32705007153075827,1.634334763948498
5762,3.9275,4.995,0.32732474964234626,1.634334763948498
5763,3.925,4.99875,0.32705007153075827,1.634334763948498
5764,3.965,5,0.3239370529327611,1.620600858369099
5765,3.95,4.99625,0.3291559370529328,1.645779685264664
5766,3.9675,4.995,0.330620886981402,1.6274678111587986
5767,3.9675,4.9975,0.32897281831187414,1.6434907010014308
5768,3.9625,4.99625,0.3301630901287554,1.6503576537911304
5769,3.86,5.0025,0.32164806866952794,1.6091559370529327
5770,3.7775,5.00125,0.3191759656652361,1.597711015736767
5771,3.8275,5.00625,0.31899284692417745,1.597711015736767
5772,3.82,5.00375,0.3183519313304721,1.5931330472103007
5773,3.84,5.00375,0.31670386266094425,1.5862660944206008
5774,3.83,5.005,0.3191759656652361,1.597711015736767
5775,3.8275,5.005,0.31899284692417745,1.597711015736767
5776,3.855,5.005,0.314964234620887,1.5748211731044353
5777,3.805,5.005,0.31707010014306153,1.5862660944206008
5778,3.8,5.005,0.31670386266094425,1.5862660944206008
5779,3.8225,5.005,0.3195422031473534,1.597711015736767
5780,3.8225,5.00375,0.31853505007153077,1.5931330472103007
5781,3.84,5.00375,0.32,1.6022889842632333
5782,3.89,5.005,0.31771101573676686,1.5908440629470673
5783,3.845,5.00375,0.3204577968526467,1.6045779685264665
5784,3.8025,5.00375,0.3168869814020029,1.5862660944206008
5785,3.8075,5.00625,0.3178941344778255,1.5908440629470673
5786,3.8275,5.00375,0.31899284692417745,1.597711015736767
5787,3.8175,5.0075,0.3181688125894135,1.5931330472103007
5788,3.845,5.00375,0.3191759656652361,1.597711015736767
5789,3.9175,5.00625,0.3201831187410587,1.6022889842632333
5790,3.83,5.00125,0.3191759656652361,1.597711015736767
5791,3.8275,5.005,0.320824034334764,1.6045779685264665
5792,3.8975,5.00625,0.31935908440629474,1.597711015736767
5793,3.8375,5.00125,0.31981688125894137,1.597711015736767
5794,3.8225,5.005,0.31542203147353365,1.5793991416309014
5795,3.8425,5.005,0.31981688125894137,1.6022889842632333
5796,3.8225,5.00375,0.31853505007153077,1.5931330472103007
5797,3.8275,5.00625,0.31670386266094425,1.5862660944206008
5798,3.845,5.00125,0.3195422031473534,1.597711015736767
5799,3.8225,5.00375,0.31853505007153077,1.5931330472103007
5800,3.7825,5.00625,0.31853505007153077,1.5931330472103007
5801,3.89,5.0025,0.3191759656652361,1.597711015736767
5802,3.8275,5.00375,0.31899284692417745,1.597711015736767
5803,3.7725,5.00875,0.31441487839771104,1.5793991416309014
5804,3.7725,5.005,0.31670386266094425,1.5862660944206008
5805,3.84,5.005,0.32,1.6022889842632333
5806,3.815,5.0075,0.3178941344778255,1.5908440629470673
5807,3.8475,5.00375,0.31871816881258946,1.5931330472103007
5808,3.8425,5.00375,0.3201831187410587,1.6022889842632333
5809,3.885,5.005,0.32375393419170245,1.620600858369099
5810,3.7625,5.00625,0.3126752503576538,1.563376251788269
5811,3.8325,5.0025,0.31935908440629474,1.597711015736767
5812,3.8125,5.0025,0.31771101573676686,1.5908440629470673
5813,3.79,5.0025,0.3172532188841202,1.5862660944206008
5814,3.78,5.00375,0.314964234620887,1.5748211731044353
5815,3.8325,5.00375,0.31935908440629474,1.597711015736767
5816,3.87,5.005,0.31853505007153077,1.5931330472103007
5817,3.825,5.00375,0.31871816881258946,1.5931330472103007
5818,3.835,5.00375,0.3195422031473534,1.597711015736767
5819,3.86,5.00375,0.3204577968526467,1.6045779685264665
5820,3.8375,5.005,0.31981688125894137,1.6022889842632333
5821,3.7875,5.00625,0.3156051502145923,1.5793991416309014
5822,3.8225,5.005,0.3134992846924178,1.5679542203147354
5823,3.86,5.005,0.32164806866952794,1.6091559370529327
5824,3.85,5.0025,0.320824034334764,1.6045779685264665
5825,3.7875,5.01,0.315238912732475,1.5793991416309014
5826,3.7925,5.00875,0.3160629470672389,1.5816881258941344
5827,3.76,5.00875,0.31331616595135914,1.5679542203147354
5828,3.7575,5.0075,0.3129499284692418,1.5679542203147354
5829,3.7625,5.00625,0.31331616595135914,1.5679542203147354
5830,3.7875,5.00625,0.3156051502145923,1.5793991416309014
5831,3.75,5.00875,0.31249213161659517,1.563376251788269
5832,3.7125,5.01,0.3126752503576538,1.5679542203147354
5833,3.7575,5.00625,0.31313304721030044,1.5679542203147354
5834,3.7575,5.00875,0.3129499284692418,1.5679542203147354
5835,3.7875,5.0075,0.31414020028612305,1.5725321888412018
5836,3.755,5.0075,0.3129499284692418,1.5679542203147354
5837,3.8,5.0025,0.3221058655221746,1.613733905579399
5838,3.755,5.00625,0.315238912732475,1.5793991416309014
5839,3.785,5.0075,0.31542203147353365,1.5793991416309014
5840,3.78,5.0075,0.314964234620887,1.5748211731044353
5841,3.79,5.0075,0.3162460658082976,1.5816881258941344
5842,3.78,5.0075,0.314964234620887,1.5793991416309014
5843,3.77,5.00625,0.31414020028612305,1.5725321888412018
5844,3.725,5.0075,0.31020314735336196,1.5519313304721032
5845,3.755,5.00875,0.3129499284692418,1.5679542203147354
5846,3.7725,5.005,0.31441487839771104,1.5748211731044353
5847,3.77,5.00875,0.3116680972818312,1.5610872675250358
5848,3.77,5.00875,0.31414020028612305,1.5748211731044353
5849,3.7625,5.01,0.3134992846924178,1.5725321888412018
5850,3.8175,5.01,0.31377396280400577,1.5725321888412018
5851,3.7325,5.0075,0.31102718168812593,1.5565092989985696
5852,3.78,5.00875,0.314964234620887,1.5793991416309014
5853,3.6875,5.00875,0.3100200286123033,1.5519313304721032
5854,3.77,5.0075,0.31414020028612305,1.5725321888412018
5855,3.8,5.00625,0.31670386266094425,1.5862660944206008
5856,1.51,5.1475,0.11188555078683836,0.576824034334764
5857,1.43,5.16625,0.11921030042918457,0.6157367668097282
5858,1.225,5.16625,0.1020886981402003,0.528755364806867
5859,1.315,5.16375,0.10126466380543635,0.5218884120171675
5860,1.4125,5.1625,0.11774535050071532,0.6065808297567954
5861,1.3625,5.18,0.11353361945636625,0.58826895565093
5862,1.3175,5.1575,0.09329899856938484,0.48068669527897
5863,1.3275,5.17875,0.11060371959942776,0.5745350500715308
5864,1.36,5.1425,0.1133505007153076,0.5814020028612304
5865,1.3925,5.1525,0.11646351931330473,0.5997138769670959
5866,1.4625,5.15875,0.13120457796852647,0.6752503576537912
5867,2.185,5.10875,0.18211158798283264,0.9293276108726753
5868,1.2725,5.16625,0.10831473533619458,0.5585121602288985
5869,1.2575,5.1675,0.10648354792560802,0.5516452074391989
5870,1.2925,5.16625,0.10767381974248928,0.5539341917024321
5871,1.3025,5.16625,0.10794849785407726,0.5585121602288985
5872,1.215,5.16875,0.10163090128755366,0.5241773962804006
5873,1.2575,5.16875,0.10483547925608012,0.540200286123033
5874,1.2375,5.16625,0.10895565092989987,0.5630901287553648
5875,1.2475,5.16625,0.10272961373390559,0.5333333333333334
5876,1.255,5.17,0.10456080114449214,0.540200286123033
5877,1.2075,5.17,0.10062374821173105,0.5218884120171675
5878,1.2875,5.1625,0.11206866952789701,0.576824034334764
5879,1.22,5.17125,0.10163090128755366,0.5241773962804006
5880,1.365,5.16625,0.11371673819742491,0.58826895565093
5881,1.3175,5.15875,0.11417453505007154,0.58826895565093
5882,1.2825,5.1775,0.10684978540772533,0.5539341917024321
5883,1.26,5.15,0.10501859799713878,0.540200286123033
5884,1.31,5.15875,0.10245493562231761,0.528755364806867
5885,1.2525,5.18375,0.10437768240343348,0.540200286123033
5886,1.28,5.1625,0.10666666666666667,0.5516452074391989
5887,1.1625,5.1775,0.10941344778254651,0.5653791130185981
5888,1.1625,5.1525,0.09686981402002862,0.4989985693848355
5889,0.6725,5.1875,0.05603433476394851,0.2929899856938484
5890,0.75,5.20375,0.060246065808297576,0.3158798283261803
5891,0.8625,5.205,0.07187410586552218,0.37539341917024327
5892,0.695,5.19875,0.05795708154506438,0.29985693848354794
5893,0.98,5.17125,0.11829470672389128,0.6111587982832619
5894,0.8525,5.2125,0.07105007153075824,0.37081545064377686
5895,0.8925,5.2125,0.07434620886981402,0.3868383404864092
5896,0.87,5.1875,0.05914735336194564,0.30672389127324756
5897,0.71,5.1875,0.05914735336194564,0.30672389127324756
5898,0.8875,5.21125,0.07397997138769671,0.3868383404864092
5899,0.7125,5.2,0.0683032904148784,0.3570815450643777
5900,0.865,5.2125,0.07205722460658083,0.37539341917024327
5901,0.75,5.20875,0.06253505007153076,0.32732474964234626
5902,0.6825,5.21375,0.07040915593705294,0.36852646638054365
5903,0.745,5.20375,0.06042918454935623,0.3158798283261803
5904,0.79,5.2125,0.06583118741058656,0.3410586552217454
5905,0.67,5.21375,0.07251502145922747,0.3776824034334764
5906,0.6975,5.215,0.07315593705293277,0.38226037195994284
5907,0.79,5.21125,0.06583118741058656,0.3410586552217454
5908,0.93,5.1775,0.07498712446351932,0.3891273247496424
5909,0.85,5.19125,0.06226037195994278,0.32274678111587984
5910,0.79,5.20625,0.06583118741058656,0.3410586552217454
5911,0.915,5.18,0.06143633762517883,0.3181688125894135
5912,0.9125,5.17875,0.060612303290414886,0.3158798283261803
5913,0.7625,5.2025,0.06354220314735337,0.32961373390557946
5914,1.295,5.15125,0.12919027181688128,0.6638054363376252
5915,0.675,5.21,0.07269814020028613,0.3776824034334764
5916,0.7425,5.21,0.06189413447782547,0.32274678111587984
5917,0.68,5.1825,0.0566752503576538,0.2929899856938484
5918,0.8,5.18875,0.055851216022889845,0.288412017167382
5919,0.765,5.19,0.06372532188841203,0.32961373390557946
5920,0.8425,5.2025,0.07022603719599428,0.3639484978540773
5921,0.87,5.1875,0.06290128755364807,0.32732474964234626
5922,0.8825,5.20625,0.07352217453505008,0.38226037195994284
5923,1.355,5.16,0.11289270386266095,0.5814020028612304
5924,0.7575,5.19875,0.08084692417739629,0.421173104434907
5925,0.74,5.18,0.061711015736766815,0.3181688125894135
5926,0.7175,5.17875,0.05978826895565094,0.3113018597997139
5927,0.7825,5.195,0.07004291845493563,0.3639484978540773
5928,0.735,5.17875,0.06125321888412018,0.3181688125894135
5929,0.7125,5.18,0.059330472103004295,0.30672389127324756
5930,0.7,5.2125,0.06647210300429185,0.34563662374821175
5931,0.735,5.20375,0.06125321888412018,0.3181688125894135
5932,0.6975,5.1825,0.05814020028612304,0.29985693848354794
5933,0.8375,5.1925,0.05566809728183119,0.288412017167382
5934,0.7275,5.18625,0.060612303290414886,0.3158798283261803
5935,0.775,5.195,0.06454935622317597,0.3341917024320458
5936,0.8525,5.1825,0.05878111587982833,0.30443490701001436
5937,0.86,5.21375,0.07169098712446352,0.37539341917024327
5938,1.2525,5.19875,0.10437768240343348,0.5447782546494994
5939,0.8,5.195,0.060246065808297576,0.3113018597997139
5940,0.74,5.21,0.07086695278969958,0.36852646638054365
5941,0.8725,5.21,0.07269814020028613,0.3776824034334764
5942,0.7075,5.20875,0.07645207439198856,0.3982832618025752
5943,0.8125,5.1925,0.06940200286123034,0.35937052932761093
5944,0.865,5.20625,0.07205722460658083,0.37539341917024327
5945,0.8775,5.1825,0.0566752503576538,0.2929899856938484
5946,0.79,5.19125,0.06500715307582261,0.33648068669527903
5947,0.835,5.20125,0.069585121602289,0.3639484978540773
5948,0.86,5.18,0.05731616595135909,0.2952789699570816
5949,0.7025,5.20125,0.07040915593705294,0.36852646638054365
5950,0.8,5.215,0.0666552217453505,0.34792560801144495
5951,0.67,5.21375,0.07938197424892705,0.4120171673819743
5952,0.7275,5.20625,0.061711015736766815,0.32274678111587984
5953,1.235,5.1775,0.10291273247496424,0.5333333333333334
5954,0.895,5.18,0.07462088698140201,0.3891273247496424
5955,0.845,5.195,0.06042918454935623,0.3158798283261803
5956,0.71,5.185,0.05914735336194564,0.30672389127324756
5957,0.7675,5.20375,0.064,0.3341917024320458
5958,0.89,5.1825,0.06335908440629472,0.32961373390557946
5959,0.8475,5.2,0.07059227467811159,0.36852646638054365
5960,0.875,5.21375,0.07288125894134478,0.3776824034334764
5961,0.78,5.1925,0.07169098712446352,0.37081545064377686
5962,0.86,5.21,0.07169098712446352,0.37539341917024327
5963,0.8625,5.2125,0.07187410586552218,0.37539341917024327
5964,0.825,5.19,0.07416309012875537,0.3868383404864092
5965,0.865,5.21375,0.07205722460658083,0.37539341917024327
5966,0.7675,5.21125,0.064,0.3341917024320458
5967,0.6775,5.21375,0.07059227467811159,0.36852646638054365
5968,1.055,5.20625,0.08789699570815451,0.4577968526466381
5969,0.9225,5.20625,0.0769098712446352,0.4005722460658083
5970,0.8975,5.1825,0.06436623748211731,0.3341917024320458
5971,0.7075,5.195,0.058964234620886985,0.30672389127324756
5972,0.74,5.19875,0.061711015736766815,0.32274678111587984
5973,0.7375,5.2,0.07288125894134478,0.3776824034334764
5974,0.875,5.2125,0.07288125894134478,0.3776824034334764
5975,0.8825,5.21375,0.07352217453505008,0.38226037195994284
5976,0.675,5.20875,0.07169098712446352,0.37539341917024327
5977,0.7025,5.21125,0.06564806866952791,0.3410586552217454
5978,0.6825,5.18125,0.056858369098712454,0.2952789699570816
5979,0.74,5.2025,0.05914735336194564,0.30672389127324756
5980,0.875,5.18125,0.05704148783977111,0.2952789699570816
5981,0.695,5.18125,0.05795708154506438,0.29985693848354794
5982,0.7825,5.19875,0.05704148783977111,0.2952789699570816
5983,0.915,5.18875,0.07645207439198856,0.3982832618025752
5984,0.7575,5.20125,0.06308440629470673,0.32732474964234626
5985,0.89,5.1825,0.06418311874105866,0.3341917024320458
5986,0.8225,5.19625,0.060612303290414886,0.3158798283261803
5987,0.785,5.2075,0.06537339055793992,0.3410586552217454
5988,0.86,5.185,0.06482403433476396,0.33648068669527903
5989,0.6725,5.2125,0.07370529327610874,0.38226037195994284
5990,0.845,5.21375,0.07040915593705294,0.36852646638054365
5991,0.6725,5.21,0.05603433476394851,0.37539341917024327
5992,0.68,5.215,0.07004291845493563,0.3639484978540773
5993,0.7525,5.2075,0.06271816881258942,0.32732474964234626
5994,0.68,5.1825,0.0566752503576538,0.2929899856938484
5995,0.8025,5.1925,0.06354220314735337,0.32961373390557946
5996,0.6925,5.1825,0.0576824034334764,0.29985693848354794
5997,0.8475,5.205,0.07059227467811159,0.36852646638054365
5998,0.9825,5.17375,0.07370529327610874,0.38226037195994284
5999,0.7175,5.19125,0.05978826895565094,0.3113018597997139
6000,0.7075,5.185,0.058964234620886985,0.30672389127324756
6001,0.715,5.21,0.07434620886981402,0.3868383404864092
6002,0.8325,5.19,0.06940200286123034,0.35937052932761093
6003,0.755,5.1825,0.06290128755364807,0.32732474964234626
6004,0.765,5.2,0.05850643776824035,0.30443490701001436
6005,0.7975,5.17875,0.06647210300429185,0.34563662374821175
6006,0.68,5.18375,0.0566752503576538,0.2929899856938484
6007,0.75,5.205,0.060612303290414886,0.3158798283261803
6008,0.685,5.18125,0.05704148783977111,0.2952789699570816
6009,0.86,5.2075,0.07169098712446352,0.37539341917024327
6010,0.8025,5.19125,0.06372532188841203,0.32961373390557946
6011,0.8625,5.215,0.07187410586552218,0.37539341917024327
6012,0.675,5.18375,0.05621745350500716,0.2929899856938484
6013,0.8825,5.1925,0.08002288984263234,0.41659513590844066
6014,0.8975,5.18875,0.0689442060085837,0.3570815450643777
6015,0.7725,5.205,0.06436623748211731,0.3341917024320458
6016,0.8025,5.1925,0.06940200286123034,0.35937052932761093
6017,0.845,5.1875,0.0662889842632332,0.34563662374821175
6018,0.8,5.19,0.0666552217453505,0.34563662374821175
6019,0.845,5.18625,0.05603433476394851,0.288412017167382
6020,0.7325,5.19625,0.06683834048640916,0.34792560801144495
6021,0.885,5.21125,0.07370529327610874,0.38226037195994284
6022,0.695,5.21375,0.07269814020028613,0.3776824034334764
6023,0.715,5.21,0.06418311874105866,0.3341917024320458
6024,0.6725,5.18625,0.05603433476394851,0.288412017167382
6025,0.705,5.2125,0.06482403433476396,0.33648068669527903
6026,0.735,5.20625,0.06107010014306152,0.3181688125894135
6027,0.74,5.1875,0.061711015736766815,0.3181688125894135
6028,0.97,5.1775,0.08084692417739629,0.421173104434907
6029,0.905,5.18,0.061711015736766815,0.3181688125894135
6030,0.765,5.18375,0.06372532188841203,0.32961373390557946
6031,0.71,5.185,0.05914735336194564,0.30672389127324756
6032,0.71,5.2075,0.07581115879828328,0.3937052932761088
6033,0.915,5.20625,0.0762689556509299,0.3982832618025752
6034,0.815,5.21375,0.06793705293276109,0.35250357653791137
6035,0.67,5.21,0.07105007153075824,0.37081545064377686
6036,0.8625,5.21,0.07187410586552218,0.37539341917024327
6037,0.7825,5.2125,0.06519027181688127,0.3410586552217454
6038,0.6825,5.215,0.06876108726752504,0.35937052932761093
6039,0.69,5.19875,0.057499284692417746,0.29985693848354794
6040,0.76,5.1925,0.06335908440629472,0.32961373390557946
6041,0.8225,5.18875,0.06711301859799715,0.34792560801144495
6042,0.8675,5.21375,0.07233190271816882,0.3776824034334764
6043,0.835,5.1975,0.069585121602289,0.35937052932761093
6044,0.8975,5.18,0.062077253218884125,0.32274678111587984
6045,0.7075,5.18625,0.058964234620886985,0.30672389127324756
6046,0.7175,5.19375,0.05978826895565094,0.3113018597997139
6047,0.78,5.195,0.069585121602289,0.35937052932761093
6048,0.8,5.1875,0.0666552217453505,0.34563662374821175
6049,0.8725,5.21125,0.07269814020028613,0.3776824034334764
6050,0.685,5.205,0.07333905579399143,0.38226037195994284
6051,0.6875,5.21375,0.06683834048640916,0.34792560801144495
6052,0.815,5.21375,0.06793705293276109,0.35250357653791137
6053,0.6775,5.21625,0.07040915593705294,0.36852646638054365
6054,0.72,5.20875,0.061711015736766815,0.32274678111587984
6055,0.69,5.18125,0.057499284692417746,0.2952789699570816
6056,0.735,5.20625,0.06125321888412018,0.3181688125894135
6057,0.855,5.18375,0.05878111587982833,0.30443490701001436
6058,0.9525,5.1875,0.07938197424892705,0.4120171673819743
6059,0.73,5.20375,0.07315593705293277,0.38226037195994284
6060,0.7975,5.1925,0.0689442060085837,0.3570815450643777
6061,0.7075,5.185,0.058964234620886985,0.30672389127324756
6062,0.71,5.21,0.07434620886981402,0.3868383404864092
6063,0.7175,5.20375,0.07498712446351932,0.3891273247496424
6064,0.8775,5.21,0.07315593705293277,0.38226037195994284
6065,0.69,5.21375,0.057499284692417746,0.2952789699570816
6066,0.8025,5.195,0.056492131616595144,0.2929899856938484
6067,0.725,5.18625,0.06042918454935623,0.3158798283261803
6068,0.85,5.205,0.07086695278969958,0.36852646638054365
6069,0.875,5.1825,0.05795708154506438,0.29985693848354794
6070,0.8875,5.21125,0.07397997138769671,0.3868383404864092
6071,0.695,5.2,0.05795708154506438,0.29985693848354794
6072,0.6775,5.215,0.07205722460658083,0.37539341917024327
6073,0.865,5.19125,0.07205722460658083,0.37539341917024327
6074,0.91,5.205,0.07581115879828328,0.3937052932761088
6075,0.915,5.17875,0.059971387696709594,0.3113018597997139
6076,0.755,5.19625,0.06290128755364807,0.32732474964234626
6077,0.8525,5.21,0.07105007153075824,0.37081545064377686
6078,0.8675,5.185,0.06482403433476396,0.33648068669527903
6079,0.85,5.205,0.07086695278969958,0.36852646638054365
6080,0.845,5.215,0.07040915593705294,0.36852646638054365
6081,0.6825,5.215,0.069585121602289,0.3639484978540773
6082,0.75,5.21125,0.06253505007153076,0.32732474964234626
6083,0.7175,5.185,0.05978826895565094,0.3113018597997139
6084,0.825,5.19,0.055851216022889845,0.288412017167382
6085,0.7375,5.1875,0.06143633762517883,0.3181688125894135
6086,0.8725,5.20625,0.07269814020028613,0.3776824034334764
6087,0.6975,5.21375,0.06683834048640916,0.34792560801144495
6088,1.19,5.17375,0.07333905579399143,0.3776824034334764
6089,0.72,5.1775,0.059971387696709594,0.3113018597997139
6090,0.725,5.2125,0.07205722460658083,0.37539341917024327
6091,0.7775,5.20375,0.06308440629470673,0.32961373390557946
6092,0.8525,5.21,0.07105007153075824,0.37081545064377686
6093,0.9375,5.17625,0.06601430615164522,0.3410586552217454
6094,0.85,5.18375,0.05978826895565094,0.3113018597997139
6095,0.8325,5.20125,0.06940200286123034,0.35937052932761093
6096,0.8175,5.18875,0.06454935622317597,0.3341917024320458
6097,0.7475,5.19625,0.0666552217453505,0.34563662374821175
6098,0.865,5.2075,0.07205722460658083,0.37539341917024327
6099,0.75,5.19625,0.06564806866952791,0.3410586552217454
6100,0.6725,5.215,0.07269814020028613,0.3776824034334764
6101,0.6875,5.19625,0.05731616595135909,0.2952789699570816
6102,0.7,5.2125,0.05832331902718169,0.30443490701001436
6103,0.8625,5.19125,0.069585121602289,0.35937052932761093
6104,0.825,5.20875,0.06876108726752504,0.35937052932761093
6105,0.905,5.20375,0.07544492131616595,0.3937052932761088
6106,1.16,5.18125,0.11316738197424894,0.5859799713876968
6107,0.745,5.18125,0.062077253218884125,0.32274678111587984
6108,0.715,5.1775,0.059605150214592284,0.30672389127324756
6109,0.7425,5.205,0.06042918454935623,0.3158798283261803
6110,0.74,5.18875,0.061711015736766815,0.3181688125894135
6111,0.8525,5.20375,0.07105007153075824,0.37081545064377686
6112,0.8725,5.18125,0.056858369098712454,0.2952789699570816
6113,0.8075,5.19875,0.0672961373390558,0.34792560801144495
6114,0.86,5.21625,0.07169098712446352,0.37539341917024327
6115,0.77,5.19375,0.06500715307582261,0.33648068669527903
6116,0.8675,5.21125,0.07233190271816882,0.3776824034334764
6117,0.86,5.205,0.07169098712446352,0.37081545064377686
6118,0.835,5.1875,0.0672961373390558,0.34792560801144495
6119,0.735,5.18,0.06125321888412018,0.3181688125894135
6120,0.715,5.1925,0.059605150214592284,0.3113018597997139
6121,0.85,5.185,0.06519027181688127,0.33648068669527903
6122,0.725,5.19125,0.06042918454935623,0.3158798283261803
6123,0.7125,5.18375,0.059330472103004295,0.30672389127324756
6124,0.67,5.21,0.07269814020028613,0.3776824034334764
6125,0.695,5.21375,0.06683834048640916,0.34792560801144495
6126,0.6725,5.1825,0.05603433476394851,0.288412017167382
6127,0.78,5.19875,0.057499284692417746,0.29985693848354794
6128,0.87,5.18375,0.057499284692417746,0.2952789699570816
6129,0.8125,5.19875,0.06775393419170243,0.35250357653791137
6130,0.875,5.18125,0.05731616595135909,0.2952789699570816
6131,0.69,5.215,0.06912732474964235,0.35937052932761093
6132,0.79,5.2125,0.06583118741058656,0.3410586552217454
6133,0.715,5.2025,0.07434620886981402,0.3868383404864092
6134,0.89,5.1825,0.06335908440629472,0.32961373390557946
6135,0.8,5.2075,0.0666552217453505,0.34792560801144495
6136,0.885,5.18125,0.05914735336194564,0.30672389127324756
6137,0.725,5.21125,0.07233190271816882,0.3776824034334764
6138,0.9075,5.20625,0.07562804005722461,0.3937052932761088
6139,0.8325,5.2025,0.06940200286123034,0.35937052932761093
6140,0.7425,5.20125,0.07086695278969958,0.36852646638054365
6141,0.795,5.2125,0.0662889842632332,0.34563662374821175
6142,0.69,5.18125,0.057499284692417746,0.2952789699570816
6143,0.7,5.21125,0.06601430615164522,0.34563662374821175
6144,0.68,5.1825,0.0566752503576538,0.2929899856938484
6145,0.765,5.1925,0.06372532188841203,0.32961373390557946
6146,0.875,5.18,0.056492131616595144,0.2929899856938484
6147,0.8425,5.2025,0.07022603719599428,0.3639484978540773
6148,0.8125,5.21125,0.06775393419170243,0.35250357653791137
6149,0.8975,5.1825,0.059971387696709594,0.3113018597997139
6150,0.825,5.2075,0.06876108726752504,0.3570815450643777
6151,0.8425,5.21125,0.07022603719599428,0.36852646638054365
6152,0.74,5.20125,0.08313590844062949,0.43032904148783985
6153,0.715,5.1825,0.059605150214592284,0.30672389127324756
6154,1.1825,5.155,0.09851788268955652,0.5058655221745351
6155,0.695,5.20375,0.07022603719599428,0.3639484978540773
6156,0.85,5.215,0.07086695278969958,0.37081545064377686
6157,0.67,5.18875,0.055851216022889845,0.288412017167382
6158,0.6825,5.215,0.06940200286123034,0.3639484978540773
6159,0.6875,5.1975,0.05731616595135909,0.2952789699570816
6160,0.735,5.1875,0.06125321888412018,0.3181688125894135
6161,0.8625,5.1825,0.056858369098712454,0.2952789699570816
6162,0.735,5.2,0.07663519313304722,0.3982832618025752
6163,0.9075,5.20375,0.07562804005722461,0.3937052932761088
6164,0.725,5.205,0.07517024320457798,0.3891273247496424
6165,0.76,5.205,0.06482403433476396,0.33648068669527903
6166,0.8225,5.20875,0.06857796852646639,0.3570815450643777
6167,0.9175,5.1775,0.069585121602289,0.35937052932761093
6168,0.885,5.1825,0.058964234620886985,0.30443490701001436
6169,0.7175,5.18375,0.05978826895565094,0.3113018597997139
6170,0.83,5.19,0.05603433476394851,0.2929899856938484
6171,0.88,5.18125,0.0566752503576538,0.2929899856938484
6172,0.8025,5.19875,0.06683834048640916,0.34792560801144495
6173,0.8,5.19375,0.056492131616595144,0.2929899856938484
6174,0.745,5.19625,0.06537339055793992,0.3410586552217454
6175,0.8625,5.215,0.07187410586552218,0.37539341917024327
6176,0.6725,5.1875,0.05603433476394851,0.2929899856938484
6177,0.8075,5.19375,0.06519027181688127,0.33648068669527903
6178,0.77,5.19375,0.06418311874105866,0.3341917024320458
6179,0.7125,5.19375,0.059330472103004295,0.30672389127324756
6180,0.82,5.19125,0.0689442060085837,0.3570815450643777
6181,0.71,5.18375,0.05914735336194564,0.30672389127324756
6182,0.88,5.2075,0.07333905579399143,0.38226037195994284
6183,0.8675,5.1875,0.05914735336194564,0.30672389127324756
6184,0.9275,5.21125,0.07727610872675252,0.4005722460658083
6185,0.9325,5.2075,0.07773390557939915,0.40515021459227474
6186,0.86,5.1875,0.058964234620886985,0.30672389127324756
6187,0.8225,5.20125,0.06857796852646639,0.3570815450643777
6188,0.7,5.18375,0.05832331902718169,0.30443490701001436
6189,0.865,5.18125,0.056492131616595144,0.2929899856938484
6190,0.865,5.21,0.07205722460658083,0.37539341917024327
6191,0.6775,5.19875,0.056492131616595144,0.2929899856938484
6192,0.6875,5.215,0.07169098712446352,0.37539341917024327
6193,0.675,5.19,0.05621745350500716,0.2929899856938484
6194,0.7125,5.18125,0.059330472103004295,0.30672389127324756
6195,0.745,5.2,0.07416309012875537,0.3868383404864092
6196,0.85,5.195,0.07086695278969958,0.36852646638054365
6197,0.7675,5.1825,0.064,0.32961373390557946
6198,0.71,5.2125,0.07544492131616595,0.3937052932761088
6199,0.6725,5.215,0.07205722460658083,0.37539341917024327
6200,0.6825,5.18125,0.056858369098712454,0.2952789699570816
6201,0.7375,5.2075,0.06308440629470673,0.32961373390557946
6202,0.8375,5.18625,0.055851216022889845,0.288412017167382
6203,0.7425,5.19,0.06189413447782547,0.32274678111587984
6204,0.8825,5.18125,0.05603433476394851,0.288412017167382
6205,0.7525,5.195,0.06418311874105866,0.3341917024320458
6206,0.8375,5.21375,0.06976824034334765,0.3639484978540773
6207,0.75,5.195,0.06601430615164522,0.3410586552217454
6208,0.675,5.21375,0.07205722460658083,0.37539341917024327
6209,0.7325,5.18,0.06107010014306152,0.3158798283261803
6210,0.7125,5.2075,0.0762689556509299,0.3982832618025752
6211,0.7375,5.2,0.07370529327610874,0.38226037195994284
6212,0.9075,5.20375,0.07562804005722461,0.3937052932761088
6213,0.8475,5.195,0.07059227467811159,0.36852646638054365
6214,0.795,5.19375,0.05603433476394851,0.2929899856938484
6215,0.6875,5.19875,0.05731616595135909,0.2952789699570816
6216,0.7675,5.19375,0.064,0.3341917024320458
6217,0.8575,5.18125,0.056858369098712454,0.2952789699570816
6218,0.875,5.21375,0.07288125894134478,0.3776824034334764
6219,0.7125,5.20375,0.059330472103004295,0.30672389127324756
6220,0.705,5.21,0.06583118741058656,0.3410586552217454
6221,0.67,5.19,0.055851216022889845,0.288412017167382
6222,0.7875,5.195,0.06564806866952791,0.3410586552217454
6223,0.845,5.18625,0.055851216022889845,0.288412017167382
6224,0.78,5.18625,0.06500715307582261,0.33648068669527903
6225,0.775,5.20375,0.06454935622317597,0.33648068669527903
6226,0.905,5.18125,0.06308440629470673,0.32732474964234626
6227,0.725,5.18,0.06042918454935623,0.3113018597997139
6228,0.7075,5.18125,0.058964234620886985,0.30443490701001436
6229,0.71,5.21,0.06189413447782547,0.32274678111587984
6230,0.6725,5.19375,0.05603433476394851,0.2929899856938484
6231,0.7275,5.1875,0.060612303290414886,0.3158798283261803
6232,0.85,5.185,0.05850643776824035,0.30443490701001436
6233,0.8225,5.2,0.06857796852646639,0.3570815450643777
6234,0.8675,5.20875,0.07233190271816882,0.37539341917024327
6235,0.7375,5.19625,0.06537339055793992,0.3410586552217454
6236,0.695,5.215,0.0683032904148784,0.3570815450643777
6237,0.675,5.19375,0.05621745350500716,0.2929899856938484
6238,0.755,5.20125,0.05914735336194564,0.30672389127324756
6239,0.86,5.18875,0.05914735336194564,0.30672389127324756
6240,0.8775,5.2125,0.07315593705293277,0.38226037195994284
6241,0.8175,5.19,0.06793705293276109,0.35250357653791137
6242,0.8,5.1925,0.06940200286123034,0.35937052932761093
6243,0.82,5.19125,0.0683032904148784,0.3570815450643777
6244,0.785,5.1975,0.05704148783977111,0.2952789699570816
6245,0.7675,5.19375,0.0662889842632332,0.34563662374821175
6246,0.8925,5.2125,0.07434620886981402,0.3868383404864092
6247,0.8275,5.18625,0.060612303290414886,0.3158798283261803
6248,0.685,5.21375,0.07288125894134478,0.3776824034334764
6249,0.6725,5.18375,0.05603433476394851,0.288412017167382
6250,0.83,5.20125,0.06912732474964235,0.35937052932761093
6251,0.8675,5.18375,0.05878111587982833,0.30443490701001436
6252,0.84,5.20125,0.07004291845493563,0.3639484978540773
6253,0.8275,5.215,0.0689442060085837,0.35937052932761093
6254,0.91,5.18,0.05978826895565094,0.3113018597997139
6255,0.745,5.19875,0.062077253218884125,0.32274678111587984
6256,0.7075,5.185,0.058964234620886985,0.30672389127324756
6257,0.7375,5.21,0.06793705293276109,0.35250357653791137
6258,0.945,5.21,0.07874105865522175,0.4097281831187411
6259,0.845,5.21375,0.07040915593705294,0.36852646638054365
6260,0.675,5.20875,0.07123319027181689,0.37081545064377686
6261,0.8425,5.21375,0.07022603719599428,0.36852646638054365
6262,0.7275,5.205,0.060612303290414886,0.3158798283261803
6263,0.6875,5.215,0.06876108726752504,0.35937052932761093
6264,0.685,5.1975,0.05704148783977111,0.2952789699570816
6265,0.8575,5.215,0.07141630901287555,0.37081545064377686
6266,0.675,5.21375,0.07288125894134478,0.3776824034334764
6267,0.73,5.2075,0.06079542203147354,0.3158798283261803
6268,0.7125,5.18,0.059330472103004295,0.30672389127324756
6269,0.8525,5.19,0.059330472103004295,0.30672389127324756
6270,0.7625,5.20375,0.06354220314735337,0.32961373390557946
6271,0.7375,5.19875,0.06143633762517883,0.3181688125894135
6272,0.75,5.19875,0.07205722460658083,0.37539341917024327
6273,0.755,5.19875,0.07205722460658083,0.37539341917024327
6274,0.7475,5.19,0.06226037195994278,0.32274678111587984
6275,0.845,5.1875,0.05603433476394851,0.2929899856938484
6276,0.835,5.18375,0.059330472103004295,0.30672389127324756
6277,0.86,5.205,0.07169098712446352,0.37081545064377686
6278,0.7,5.20375,0.07022603719599428,0.3639484978540773
6279,0.68,5.205,0.07187410586552218,0.37539341917024327
6280,0.8525,5.215,0.07105007153075824,0.37081545064377686
6281,0.675,5.2125,0.0779170243204578,0.40515021459227474
6282,0.7825,5.19625,0.05704148783977111,0.2952789699570816
6283,0.67,5.19125,0.055851216022889845,0.288412017167382
6284,0.905,5.18125,0.06079542203147354,0.3158798283261803
6285,0.79,5.2025,0.06253505007153076,0.32732474964234626
6286,0.9125,5.21125,0.07608583690987125,0.3982832618025752
6287,0.925,5.20875,0.07709298998569386,0.4005722460658083
6288,0.8975,5.18125,0.06189413447782547,0.32274678111587984
6289,0.8325,5.2025,0.06940200286123034,0.35937052932761093
6290,0.8575,5.21375,0.07141630901287555,0.37081545064377686
6291,0.7125,5.2025,0.06912732474964235,0.35937052932761093
6292,0.8775,5.21,0.07315593705293277,0.38226037195994284
6293,0.88,5.21125,0.07333905579399143,0.38226037195994284
6294,0.7875,5.19375,0.06372532188841203,0.32961373390557946
6295,0.855,5.2075,0.07123319027181689,0.37081545064377686
6296,0.845,5.21375,0.07040915593705294,0.36852646638054365
6297,0.705,5.2,0.06976824034334765,0.3639484978540773
6298,0.7975,5.2125,0.06647210300429185,0.34563662374821175
6299,0.855,5.19625,0.07123319027181689,0.37081545064377686
6300,0.77,5.20375,0.06482403433476396,0.33648068669527903
6301,0.9,5.21125,0.07498712446351932,0.3891273247496424
6302,0.83,5.19125,0.06912732474964235,0.35937052932761093
6303,0.7825,5.2,0.06271816881258942,0.32732474964234626
6304,0.8125,5.2125,0.06775393419170243,0.35250357653791137
6305,0.67,5.18875,0.055851216022889845,0.288412017167382
6306,0.695,5.2125,0.06601430615164522,0.34563662374821175
6307,0.73,5.2075,0.06079542203147354,0.3158798283261803
6308,0.6725,5.185,0.05603433476394851,0.288412017167382
6309,0.7325,5.20625,0.06107010014306152,0.3181688125894135
6310,0.8025,5.18875,0.06143633762517883,0.3181688125894135
6311,0.8825,5.21125,0.07352217453505008,0.38226037195994284
6312,0.7,5.2025,0.07645207439198856,0.3982832618025752
6313,0.6825,5.215,0.0689442060085837,0.35937052932761093
6314,0.7425,5.18125,0.06189413447782547,0.32274678111587984
6315,0.7125,5.20875,0.08185407725321889,0.4280400572246066
6316,0.7225,5.2,0.07462088698140201,0.3868383404864092
6317,0.8925,5.2,0.07434620886981402,0.3868383404864092
6318,0.84,5.19125,0.059330472103004295,0.30672389127324756
6319,0.7275,5.2075,0.06107010014306152,0.3181688125894135
6320,0.68,5.18125,0.0566752503576538,0.2929899856938484
6321,0.8225,5.19125,0.05539341917024321,0.288412017167382
6322,0.87,5.18375,0.05814020028612304,0.29985693848354794
6323,0.8525,5.20375,0.07105007153075824,0.37081545064377686
6324,0.8075,5.19,0.0672961373390558,0.35250357653791137
6325,0.68,5.21375,0.07105007153075824,0.37081545064377686
6326,0.7175,5.20375,0.05978826895565094,0.3113018597997139
6327,0.725,5.18625,0.06042918454935623,0.3158798283261803
6328,0.85,5.1875,0.055851216022889845,0.288412017167382
6329,0.81,5.20625,0.06747925608011446,0.35250357653791137
6330,0.9125,5.21125,0.07608583690987125,0.3982832618025752
6331,0.905,5.1825,0.05914735336194564,0.30672389127324756
6332,0.7175,5.18875,0.05978826895565094,0.3113018597997139
6333,0.86,5.2125,0.07169098712446352,0.37539341917024327
6334,0.8475,5.185,0.05566809728183119,0.288412017167382
6335,0.7275,5.1875,0.060612303290414886,0.3158798283261803
6336,0.8675,5.20875,0.07233190271816882,0.37539341917024327
6337,0.7525,5.19625,0.06564806866952791,0.3410586552217454
6338,0.86,5.21625,0.07169098712446352,0.37539341917024327
6339,0.81,5.215,0.06747925608011446,0.35250357653791137
6340,0.6925,5.21125,0.06683834048640916,0.34792560801144495
6341,0.6775,5.19625,0.056492131616595144,0.2929899856938484
6342,0.6725,5.18375,0.05603433476394851,0.288412017167382
6343,0.835,5.1875,0.06042918454935623,0.3158798283261803
6344,0.7675,5.20375,0.064,0.3341917024320458
6345,0.72,5.1925,0.059971387696709594,0.3113018597997139
6346,0.78,5.1925,0.0689442060085837,0.3570815450643777
6347,0.8225,5.19,0.06812017167381974,0.35250357653791137
6348,0.7225,5.18125,0.060246065808297576,0.3113018597997139
6349,0.775,5.19375,0.08231187410586553,0.4280400572246066
6350,0.6775,5.215,0.07169098712446352,0.37539341917024327
6351,0.7875,5.21375,0.06564806866952791,0.3410586552217454
6352,0.6925,5.2125,0.07333905579399143,0.38226037195994284
6353,0.82,5.19,0.0566752503576538,0.2929899856938484
6354,0.6825,5.18375,0.056858369098712454,0.2952789699570816
6355,0.7975,5.19375,0.05621745350500716,0.2929899856938484
6356,0.865,5.1825,0.0576824034334764,0.29985693848354794
6357,0.865,5.20625,0.07205722460658083,0.37539341917024327
6358,0.7625,5.19375,0.064,0.3341917024320458
6359,0.87,5.18625,0.06876108726752504,0.3570815450643777
6360,0.7275,5.195,0.060612303290414886,0.3158798283261803
6361,0.73,5.20125,0.06079542203147354,0.3158798283261803
6362,0.8125,5.19,0.06793705293276109,0.35250357653791137
6363,0.835,5.18125,0.069585121602289,0.35937052932761093
6364,0.68,5.18125,0.0566752503576538,0.2929899856938484
6365,0.6775,5.21625,0.07892417739628041,0.4120171673819743
6366,0.775,5.21125,0.06454935622317597,0.33648068669527903
6367,0.6675,5.19375,0.05566809728183119,0.288412017167382
6368,0.8175,5.1925,0.055851216022889845,0.288412017167382
6369,0.8025,5.19875,0.06683834048640916,0.34792560801144495
6370,0.86,5.20625,0.07169098712446352,0.37539341917024327
6371,0.8575,5.18375,0.058964234620886985,0.30672389127324756
6372,0.87,5.2075,0.07251502145922747,0.3776824034334764
6373,0.9,5.21125,0.07498712446351932,0.3891273247496424
6374,0.735,5.21125,0.07251502145922747,0.3776824034334764
6375,0.78,5.205,0.06500715307582261,0.33648068669527903
6376,0.76,5.20625,0.06335908440629472,0.32961373390557946
6377,0.86,5.18625,0.06482403433476396,0.33648068669527903
6378,0.7475,5.18,0.06226037195994278,0.32274678111587984
6379,0.6675,5.1925,0.05566809728183119,0.288412017167382
6380,0.685,5.21375,0.06857796852646639,0.3570815450643777
6381,0.7025,5.20375,0.05850643776824035,0.30443490701001436
6382,0.6825,5.18125,0.056858369098712454,0.2952789699570816
6383,0.88,5.18125,0.056492131616595144,0.2929899856938484
6384,0.8325,5.1875,0.061711015736766815,0.3181688125894135
6385,0.875,5.2125,0.07288125894134478,0.3776824034334764
6386,0.6775,5.205,0.07169098712446352,0.37081545064377686
6387,0.7375,5.20625,0.06189413447782547,0.32274678111587984
6388,0.71,5.1825,0.05914735336194564,0.30672389127324756
6389,0.7125,5.2125,0.07498712446351932,0.3891273247496424
6390,0.7275,5.205,0.07498712446351932,0.3891273247496424
6391,0.825,5.19125,0.06876108726752504,0.3570815450643777
6392,0.7475,5.20875,0.06775393419170243,0.35250357653791137
6393,0.705,5.2125,0.07581115879828328,0.3937052932761088
6394,0.8625,5.205,0.07187410586552218,0.37539341917024327
6395,0.705,5.19875,0.06876108726752504,0.3570815450643777
6396,0.6775,5.215,0.07040915593705294,0.36852646638054365
6397,0.67,5.1925,0.055851216022889845,0.288412017167382
6398,0.725,5.18875,0.06042918454935623,0.3158798283261803
6399,0.8575,5.18375,0.05603433476394851,0.288412017167382
6400,0.86,5.2075,0.07169098712446352,0.37539341917024327
6401,0.8425,5.215,0.07022603719599428,0.36852646638054365
6402,0.67,5.21,0.07269814020028613,0.3776824034334764
6403,0.875,5.21375,0.07288125894134478,0.3776824034334764
6404,0.7325,5.18,0.06107010014306152,0.3158798283261803
6405,0.815,5.19,0.06775393419170243,0.35250357653791137
6406,0.7375,5.17875,0.06143633762517883,0.3181688125894135
6407,0.71,5.18375,0.05914735336194564,0.30672389127324756
6408,0.7075,5.20875,0.07517024320457798,0.3891273247496424
6409,0.85,5.205,0.07086695278969958,0.36852646638054365
6410,0.8675,5.2125,0.07233190271816882,0.3776824034334764
6411,0.6825,5.20625,0.07141630901287555,0.37081545064377686
6412,0.685,5.19625,0.05704148783977111,0.2952789699570816
6413,0.675,5.18375,0.05621745350500716,0.2929899856938484
6414,0.6975,5.21375,0.06583118741058656,0.34563662374821175
6415,1.2675,5.18125,0.10565951359084408,0.5470672389127326
6416,0.685,5.1825,0.05704148783977111,0.2952789699570816
6417,0.82,5.19,0.06079542203147354,0.3158798283261803
6418,0.6725,5.18625,0.05603433476394851,0.288412017167382
6419,1.3725,5.18125,0.11435765379113019,0.5928469241773964
6420,0.795,5.2,0.06189413447782547,0.32274678111587984
6421,0.7425,5.20875,0.0683032904148784,0.3570815450643777
6422,0.91,5.2125,0.07581115879828328,0.3937052932761088
6423,0.91,5.17875,0.06454935622317597,0.3341917024320458
6424,0.865,5.18375,0.06125321888412018,0.3181688125894135
6425,0.715,5.18625,0.059605150214592284,0.30672389127324756
6426,0.7575,5.20125,0.05914735336194564,0.30672389127324756
6427,0.87,5.1825,0.05704148783977111,0.2952789699570816
6428,0.83,5.20125,0.06912732474964235,0.35937052932761093
6429,0.8575,5.1825,0.05814020028612304,0.29985693848354794
6430,0.8575,5.18375,0.060246065808297576,0.3113018597997139
6431,0.78,5.195,0.06500715307582261,0.33648068669527903
6432,0.815,5.18875,0.06143633762517883,0.3181688125894135
6433,0.67,5.21,0.07434620886981402,0.3868383404864092
6434,0.73,5.17875,0.06079542203147354,0.3158798283261803
6435,0.72,5.1925,0.059971387696709594,0.3113018597997139
6436,0.7075,5.21,0.07645207439198856,0.3982832618025752
6437,0.875,5.1975,0.07288125894134478,0.3776824034334764
6438,0.7325,5.18,0.06107010014306152,0.3158798283261803
6439,1.26,5.165,0.09329899856938484,0.48068669527897
6440,0.895,5.20875,0.07462088698140201,0.3891273247496424
6441,0.705,5.20125,0.05878111587982833,0.30672389127324756
6442,0.6725,5.2125,0.07251502145922747,0.3776824034334764
6443,0.675,5.19375,0.05621745350500716,0.2929899856938484
6444,0.71,5.185,0.05914735336194564,0.30672389127324756
6445,0.7775,5.1975,0.05704148783977111,0.2952789699570816
6446,0.8225,5.2,0.06857796852646639,0.3570815450643777
6447,0.81,5.2125,0.06747925608011446,0.35250357653791137
6448,0.67,5.21,0.07727610872675252,0.4005722460658083
6449,0.76,5.18375,0.06335908440629472,0.32961373390557946
6450,0.73,5.17875,0.06079542203147354,0.3158798283261803
6451,0.7875,5.19375,0.07004291845493563,0.3639484978540773
6452,0.7725,5.185,0.06436623748211731,0.3341917024320458
6453,0.7925,5.1875,0.06601430615164522,0.3410586552217454
6454,0.69,5.215,0.0672961373390558,0.35250357653791137
6455,0.7825,5.21125,0.06519027181688127,0.3410586552217454
6456,0.715,5.185,0.059605150214592284,0.30672389127324756
6457,0.8725,5.18125,0.05731616595135909,0.2952789699570816
6458,0.675,5.215,0.07123319027181689,0.37081545064377686
6459,0.7875,5.2125,0.06564806866952791,0.3410586552217454
6460,0.6775,5.21625,0.07105007153075824,0.37081545064377686
6461,0.6725,5.21375,0.07187410586552218,0.37539341917024327
6462,1.43,5.1625,0.11921030042918457,0.6157367668097282
6463,0.7125,5.21,0.06454935622317597,0.33648068669527903
6464,0.745,5.21,0.07608583690987125,0.3982832618025752
6465,1.105,5.18,0.09210872675250359,0.47610872675250365
6466,0.875,5.185,0.05878111587982833,0.30443490701001436
6467,0.7475,5.20875,0.0672961373390558,0.34792560801144495
6468,0.8625,5.2125,0.07187410586552218,0.37539341917024327
6469,0.8075,5.1925,0.056492131616595144,0.2929899856938484
6470,0.81,5.19,0.06308440629470673,0.32732474964234626
6471,0.8475,5.205,0.07059227467811159,0.36852646638054365
6472,0.8725,5.215,0.07269814020028613,0.3776824034334764
6473,0.67,5.2125,0.07288125894134478,0.3776824034334764
6474,0.7225,5.2025,0.060246065808297576,0.3158798283261803
6475,0.685,5.18125,0.05704148783977111,0.2952789699570816
6476,0.8475,5.1875,0.057499284692417746,0.29985693848354794
6477,0.7775,5.195,0.06482403433476396,0.33648068669527903
6478,0.845,5.2025,0.07040915593705294,0.36852646638054365
6479,0.7575,5.205,0.06564806866952791,0.3410586552217454
6480,0.865,5.21375,0.07205722460658083,0.37539341917024327
6481,0.8725,5.2,0.07269814020028613,0.3776824034334764
6482,0.8125,5.2,0.061711015736766815,0.32274678111587984
6483,0.85,5.2125,0.07086695278969958,0.36852646638054365
6484,0.8675,5.21125,0.07233190271816882,0.3776824034334764
6485,0.7525,5.195,0.06418311874105866,0.3341917024320458
6486,0.8075,5.21375,0.0672961373390558,0.35250357653791137
6487,0.67,5.18875,0.055851216022889845,0.288412017167382
6488,0.765,5.2,0.05878111587982833,0.30672389127324756
6489,0.665,5.18875,0.05539341917024321,0.288412017167382
6490,0.765,5.19375,0.06372532188841203,0.32961373390557946
6491,0.8125,5.19125,0.061711015736766815,0.3181688125894135
6492,0.76,5.1925,0.06335908440629472,0.32961373390557946
6493,0.8325,5.21375,0.06940200286123034,0.35937052932761093
6494,0.8775,5.185,0.06482403433476396,0.33648068669527903
6495,0.8425,5.1925,0.059330472103004295,0.30672389127324756
6496,0.9125,5.21125,0.07608583690987125,0.3982832618025752
6497,0.8725,5.18625,0.05878111587982833,0.30443490701001436
6498,0.8275,5.195,0.060612303290414886,0.3158798283261803
6499,0.8725,5.21125,0.07269814020028613,0.3776824034334764
6500,0.71,5.20125,0.06775393419170243,0.35250357653791137
6501,0.685,5.21375,0.06976824034334765,0.3639484978540773
6502,0.6875,5.1825,0.05731616595135909,0.2952789699570816
6503,0.81,5.19375,0.055851216022889845,0.288412017167382
6504,0.6725,5.20875,0.07315593705293277,0.38226037195994284
6505,0.84,5.20375,0.07004291845493563,0.3639484978540773
6506,0.6875,5.21375,0.07105007153075824,0.37081545064377686
6507,0.7775,5.1975,0.05731616595135909,0.2952789699570816
6508,0.6925,5.18375,0.0576824034334764,0.29985693848354794
6509,0.7225,5.17875,0.060246065808297576,0.3113018597997139
6510,0.705,5.21,0.07562804005722461,0.3937052932761088
6511,0.89,5.20375,0.07416309012875537,0.3868383404864092
6512,0.8375,5.19375,0.06976824034334765,0.3639484978540773
6513,0.735,5.20875,0.0689442060085837,0.35937052932761093
6514,0.8575,5.21625,0.07141630901287555,0.37081545064377686
6515,0.715,5.17875,0.059605150214592284,0.30672389127324756
6516,0.665,5.21125,0.07269814020028613,0.3776824034334764
6517,0.7325,5.2075,0.06107010014306152,0.3181688125894135
6518,0.7675,5.1925,0.064,0.3341917024320458
6519,0.81,5.19375,0.05603433476394851,0.2929899856938484
6520,0.795,5.19625,0.0662889842632332,0.34563662374821175
6521,0.85,5.215,0.07086695278969958,0.37081545064377686
6522,0.7,5.21125,0.06519027181688127,0.3410586552217454
6523,0.675,5.185,0.05621745350500716,0.2929899856938484
6524,0.92,5.21,0.07663519313304722,0.3982832618025752
6525,0.91,5.18,0.059605150214592284,0.30672389127324756
6526,0.715,5.19125,0.059605150214592284,0.3113018597997139
6527,0.8825,5.2125,0.07352217453505008,0.38226037195994284
6528,0.8675,5.1875,0.05914735336194564,0.30672389127324756
6529,0.8125,5.21375,0.06775393419170243,0.35250357653791137
6530,0.8175,5.21375,0.06812017167381974,0.3570815450643777
6531,0.7775,5.19625,0.0779170243204578,0.40515021459227474
6532,0.675,5.21375,0.07187410586552218,0.37539341917024327
6533,0.86,5.21375,0.07169098712446352,0.37539341917024327
6534,0.7125,5.21,0.06976824034334765,0.3639484978540773
6535,0.7875,5.1975,0.05850643776824035,0.30443490701001436
6536,0.7475,5.19125,0.06226037195994278,0.32274678111587984
6537,0.8625,5.185,0.05603433476394851,0.288412017167382
6538,0.7275,5.1975,0.0666552217453505,0.34563662374821175
6539,0.8225,5.1925,0.06857796852646639,0.3570815450643777
6540,0.755,5.20625,0.06537339055793992,0.3410586552217454
6541,0.715,5.2125,0.07288125894134478,0.3776824034334764
6542,0.7375,5.18,0.06143633762517883,0.3181688125894135
6543,0.73,5.21125,0.07169098712446352,0.37539341917024327
6544,0.67,5.21,0.0769098712446352,0.4005722460658083
6545,0.77,5.21125,0.06418311874105866,0.3341917024320458
6546,0.72,5.19875,0.059971387696709594,0.3113018597997139
6547,0.705,5.21125,0.06418311874105866,0.3341917024320458
6548,0.7475,5.19,0.06226037195994278,0.32274678111587984
6549,0.8725,5.21125,0.07269814020028613,0.3776824034334764
6550,0.7125,5.20125,0.06876108726752504,0.3570815450643777
6551,0.7575,5.20875,0.06308440629470673,0.32961373390557946
6552,0.7475,5.19,0.06226037195994278,0.32274678111587984
6553,0.7475,5.19625,0.06647210300429185,0.34563662374821175
6554,0.795,5.19875,0.0662889842632332,0.34563662374821175
6555,0.745,5.2,0.062077253218884125,0.32274678111587984
6556,0.7875,5.19375,0.07004291845493563,0.3639484978540773
6557,0.8225,5.19,0.06857796852646639,0.3570815450643777
6558,0.78,5.18625,0.06500715307582261,0.33648068669527903
6559,0.7425,5.21,0.07874105865522175,0.4097281831187411
6560,0.6725,5.18875,0.05603433476394851,0.2929899856938484
6561,0.7975,5.18875,0.06647210300429185,0.34563662374821175
6562,0.6925,5.2125,0.0662889842632332,0.34563662374821175
6563,0.67,5.1875,0.055851216022889845,0.288412017167382
6564,0.785,5.19125,0.06537339055793992,0.33648068669527903
6565,0.7675,5.1925,0.06308440629470673,0.32732474964234626
6566,0.8675,5.21,0.07233190271816882,0.37539341917024327
6567,0.7075,5.1975,0.058964234620886985,0.30672389127324756
6568,0.675,5.21375,0.07169098712446352,0.37539341917024327
6569,0.765,5.1975,0.07187410586552218,0.37539341917024327
6570,0.825,5.19125,0.06876108726752504,0.3570815450643777
6571,0.8275,5.19375,0.05914735336194564,0.30672389127324756
6572,0.7075,5.21,0.07663519313304722,0.3982832618025752
6573,0.865,5.2125,0.07205722460658083,0.37539341917024327
6574,0.7975,5.195,0.06271816881258942,0.32732474964234626
6575,0.86,5.18375,0.05814020028612304,0.29985693848354794
6576,0.8225,5.2025,0.06857796852646639,0.3570815450643777
6577,0.8575,5.18375,0.05850643776824035,0.30443490701001436
6578,0.6775,5.215,0.07333905579399143,0.38226037195994284
6579,0.675,5.18375,0.05621745350500716,0.2929899856938484
6580,0.7,5.21125,0.06354220314735337,0.32961373390557946
6581,0.88,5.1825,0.056492131616595144,0.2929899856938484
6582,0.875,5.20875,0.07288125894134478,0.3776824034334764
6583,0.6725,5.21375,0.05603433476394851,0.288412017167382
6584,0.7675,5.19625,0.08624892703862662,0.45092989985693854
6585,0.7275,5.19375,0.060612303290414886,0.3158798283261803
6586,0.8075,5.2075,0.0672961373390558,0.34792560801144495
6587,0.8575,5.185,0.06454935622317597,0.3341917024320458
6588,0.7375,5.18125,0.06143633762517883,0.3181688125894135
6589,0.68,5.1825,0.0566752503576538,0.2929899856938484
6590,0.81,5.19125,0.05850643776824035,0.30443490701001436
6591,0.83,5.1925,0.06912732474964235,0.35937052932761093
6592,1.895,5.11875,0.15793991416309014,0.8103004291845495
6593,1.9625,5.11625,0.1793648068669528,0.9178826895565093
6594,1.94,5.11875,0.16169384835479259,0.8286123032904149
6595,0.81,5.17875,0.06747925608011446,0.34792560801144495
6596,0.7175,5.2075,0.07544492131616595,0.3937052932761088
6597,0.8175,5.19125,0.06812017167381974,0.35250357653791137
6598,0.7275,5.18,0.060612303290414886,0.3158798283261803
6599,0.7625,5.20125,0.07919885550786838,0.4120171673819743
6600,0.71,5.18,0.05914735336194564,0.30672389127324756
6601,0.7325,5.19375,0.06107010014306152,0.3181688125894135
6602,0.83,5.195,0.06290128755364807,0.32732474964234626
6603,0.805,5.2075,0.06711301859799715,0.34792560801144495
6604,1.12,5.1575,0.09329899856938484,0.48068669527897
6605,0.78,5.1975,0.07004291845493563,0.3639484978540773
6606,0.855,5.18375,0.05850643776824035,0.30443490701001436
6607,0.7725,5.19375,0.06436623748211731,0.3341917024320458
6608,0.8675,5.1825,0.05878111587982833,0.30443490701001436
6609,0.8025,5.19125,0.06601430615164522,0.3410586552217454
6610,0.7975,5.19875,0.06647210300429185,0.34563662374821175
6611,0.8725,5.18,0.061711015736766815,0.3181688125894135
6612,0.79,5.1975,0.05878111587982833,0.30443490701001436
6613,0.785,5.18375,0.06537339055793992,0.33648068669527903
6614,0.75,5.19875,0.08542489270386266,0.44177396280400577
6615,0.97,5.17875,0.059971387696709594,0.3113018597997139
6616,0.905,5.2125,0.07544492131616595,0.3937052932761088
6617,0.8975,5.1825,0.059330472103004295,0.30672389127324756
6618,0.885,5.185,0.059330472103004295,0.30672389127324756
6619,0.7025,5.19375,0.05850643776824035,0.30443490701001436
6620,0.7025,5.21125,0.05850643776824035,0.30443490701001436
6621,0.75,5.20375,0.06125321888412018,0.3181688125894135
6622,0.7625,5.205,0.06354220314735337,0.32961373390557946
6623,0.705,5.18375,0.05878111587982833,0.30443490701001436
6624,0.875,5.1825,0.05914735336194564,0.30672389127324756
6625,0.8475,5.20375,0.07059227467811159,0.36852646638054365
6626,0.6925,5.18375,0.0576824034334764,0.29985693848354794
6627,0.685,5.215,0.06976824034334765,0.3639484978540773
6628,0.6725,5.1925,0.05603433476394851,0.2929899856938484
6629,0.78,5.1925,0.06500715307582261,0.33648068669527903
6630,0.9225,5.17875,0.06335908440629472,0.32732474964234626
6631,0.775,5.20375,0.06454935622317597,0.33648068669527903
6632,0.9125,5.1875,0.07608583690987125,0.3937052932761088
6633,0.705,5.21,0.07544492131616595,0.3937052932761088
6634,0.7625,5.19125,0.06354220314735337,0.32961373390557946
6635,0.7625,5.1875,0.06354220314735337,0.32961373390557946
6636,0.9225,5.1825,0.056492131616595144,0.2929899856938484
6637,0.825,5.1975,0.06876108726752504,0.3570815450643777
6638,0.875,5.20875,0.07288125894134478,0.3776824034334764
6639,0.685,5.205,0.07123319027181689,0.37081545064377686
6640,0.8575,5.215,0.07141630901287555,0.37081545064377686
6641,0.7,5.195,0.05832331902718169,0.30443490701001436
6642,0.6725,5.215,0.07105007153075824,0.37081545064377686
6643,0.665,5.21375,0.07315593705293277,0.38226037195994284
6644,0.8275,5.21,0.0689442060085837,0.35937052932761093
6645,0.89,5.185,0.06454935622317597,0.3341917024320458
6646,0.9075,5.18,0.06271816881258942,0.32732474964234626
6647,0.705,5.18,0.05878111587982833,0.30443490701001436
6648,0.7725,5.195,0.07022603719599428,0.3639484978540773
6649,0.835,5.19,0.05566809728183119,0.288412017167382
6650,0.685,5.18125,0.05704148783977111,0.2952789699570816
6651,0.705,5.20875,0.0662889842632332,0.34563662374821175
6652,0.8,5.19375,0.06253505007153076,0.32732474964234626
6653,0.735,5.1875,0.06125321888412018,0.3181688125894135
6654,0.8175,5.19375,0.05539341917024321,0.288412017167382
6655,0.865,5.18375,0.0566752503576538,0.2929899856938484
6656,0.7525,5.18625,0.06271816881258942,0.32732474964234626
6657,0.8425,5.19,0.07022603719599428,0.3639484978540773
6658,0.8675,5.18375,0.060612303290414886,0.3158798283261803
6659,0.9075,5.2075,0.07562804005722461,0.3937052932761088
6660,0.7475,5.18125,0.06226037195994278,0.32274678111587984
6661,0.7225,5.21375,0.07498712446351932,0.3891273247496424
6662,0.9225,5.21,0.0769098712446352,0.4005722460658083
6663,0.745,5.18125,0.062077253218884125,0.32274678111587984
6664,0.6875,5.21625,0.07233190271816882,0.3776824034334764
6665,0.8,5.2125,0.0666552217453505,0.34792560801144495
6666,0.8675,5.21,0.07233190271816882,0.37539341917024327
6667,0.75,5.19625,0.06793705293276109,0.35250357653791137
6668,0.905,5.2075,0.07544492131616595,0.3937052932761088
6669,0.755,5.21125,0.06290128755364807,0.32732474964234626
6670,0.71,5.21,0.06775393419170243,0.35250357653791137
6671,0.665,5.1875,0.05539341917024321,0.288412017167382
6672,0.7025,5.1825,0.05850643776824035,0.30443490701001436
6673,0.745,5.2025,0.06189413447782547,0.32274678111587984
6674,0.8875,5.21,0.07397997138769671,0.3868383404864092
6675,0.845,5.19375,0.07040915593705294,0.36852646638054365
6676,0.8,5.19875,0.06335908440629472,0.32961373390557946
6677,0.79,5.20375,0.06583118741058656,0.3410586552217454
6678,0.9575,5.20875,0.07974821173104436,0.41659513590844066
6679,0.81,5.18375,0.06189413447782547,0.32274678111587984
6680,0.875,5.18125,0.05704148783977111,0.2952789699570816
6681,0.79,5.195,0.06583118741058656,0.3410586552217454
6682,0.7625,5.2,0.059971387696709594,0.3113018597997139
6683,0.7625,5.2025,0.06226037195994278,0.32274678111587984
6684,0.68,5.1875,0.0566752503576538,0.2929899856938484
6685,0.6975,5.2125,0.06564806866952791,0.3410586552217454
6686,0.745,5.20625,0.060246065808297576,0.3158798283261803
6687,0.6725,5.185,0.05603433476394851,0.288412017167382
6688,0.7175,5.21125,0.06601430615164522,0.34563662374821175
6689,0.7325,5.20875,0.08103004291845495,0.4234620886981402
6690,0.745,5.17875,0.062077253218884125,0.32274678111587984
6691,0.72,5.2025,0.07462088698140201,0.3891273247496424
6692,0.8275,5.18875,0.0672961373390558,0.34792560801144495
6693,0.715,5.1925,0.059605150214592284,0.3113018597997139
6694,1.005,5.175,0.08377682403433477,0.3639484978540773
6695,0.96,5.18,0.05704148783977111,0.2952789699570816
6696,0.7375,5.18375,0.06143633762517883,0.3181688125894135
6697,0.755,5.19125,0.06290128755364807,0.32732474964234626
6698,0.855,5.185,0.05603433476394851,0.288412017167382
6699,0.7475,5.185,0.06226037195994278,0.32274678111587984
6700,0.875,5.2,0.07288125894134478,0.3776824034334764
6701,0.8025,5.1925,0.06372532188841203,0.32961373390557946
6702,0.9025,5.19,0.07517024320457798,0.3891273247496424
6703,1.725,5.1275,0.14374821173104435,0.7393419170243205
6704,1.93,5.12875,0.18504148783977112,0.9499284692417741
6705,0.8025,5.17875,0.06683834048640916,0.34563662374821175
6706,0.7725,5.20375,0.06436623748211731,0.3341917024320458
6707,0.8275,5.18875,0.06683834048640916,0.34563662374821175
6708,0.7125,5.1925,0.059330472103004295,0.30672389127324756
6709,0.83,5.20875,0.06912732474964235,0.35937052932761093
6710,0.9025,5.17875,0.07059227467811159,0.3639484978540773
6711,0.7975,5.2125,0.06647210300429185,0.34563662374821175
6712,0.6675,5.18375,0.05566809728183119,0.288412017167382
6713,0.845,5.19,0.06500715307582261,0.33648068669527903
6714,0.7575,5.1925,0.06308440629470673,0.32732474964234626
6715,0.8475,5.2025,0.07059227467811159,0.36852646638054365
6716,0.75,5.20625,0.05978826895565094,0.3113018597997139
6717,0.8275,5.1875,0.060246065808297576,0.3113018597997139
6718,0.8625,5.2125,0.07187410586552218,0.37539341917024327
6719,0.9325,5.1775,0.06354220314735337,0.32961373390557946
6720,0.775,5.205,0.06436623748211731,0.3341917024320458
6721,0.82,5.20875,0.0683032904148784,0.3570815450643777
6722,0.865,5.1875,0.05914735336194564,0.30672389127324756
6723,0.745,5.21,0.07462088698140201,0.3891273247496424
6724,0.78,5.20875,0.06500715307582261,0.33648068669527903
6725,0.7125,5.21,0.0672961373390558,0.34792560801144495
6726,0.78,5.19875,0.057499284692417746,0.29985693848354794
6727,0.69,5.1825,0.057499284692417746,0.2952789699570816
6728,0.8275,5.1925,0.05603433476394851,0.2929899856938484
6729,0.7825,5.1925,0.06372532188841203,0.32961373390557946
6730,0.875,5.21375,0.07288125894134478,0.3776824034334764
6731,0.7625,5.195,0.06354220314735337,0.32961373390557946
6732,0.69,5.21375,0.06711301859799715,0.34792560801144495
6733,0.745,5.19625,0.062077253218884125,0.32274678111587984
6734,0.7225,5.19,0.060246065808297576,0.3113018597997139
6735,0.74,5.19875,0.07233190271816882,0.37539341917024327
6736,0.8175,5.1925,0.06812017167381974,0.35250357653791137
6737,0.7925,5.19,0.06601430615164522,0.3410586552217454
6738,0.7475,5.20875,0.06747925608011446,0.35250357653791137
6739,0.795,5.20875,0.0662889842632332,0.34563662374821175
6740,0.675,5.18875,0.05621745350500716,0.2929899856938484
6741,0.6875,5.21375,0.06857796852646639,0.3570815450643777
6742,0.68,5.18,0.0566752503576538,0.2929899856938484
6743,0.76,5.19125,0.06335908440629472,0.32961373390557946
6744,0.8775,5.1825,0.059330472103004295,0.30672389127324756
6745,0.84,5.20875,0.07004291845493563,0.3639484978540773
6746,0.77,5.21125,0.06418311874105866,0.3341917024320458
6747,0.6875,5.205,0.07040915593705294,0.36852646638054365
6748,0.8425,5.20625,0.07022603719599428,0.3639484978540773
6749,0.91,5.2025,0.07581115879828328,0.3937052932761088
6750,0.805,5.1975,0.06189413447782547,0.32274678111587984
6751,0.795,5.205,0.0662889842632332,0.34563662374821175
6752,0.895,5.21125,0.07462088698140201,0.3891273247496424
6753,0.82,5.19625,0.059330472103004295,0.30672389127324756
6754,0.6725,5.21375,0.07251502145922747,0.3776824034334764
6755,0.855,5.215,0.07123319027181689,0.37081545064377686
6756,0.675,5.215,0.07169098712446352,0.37539341917024327
6757,0.68,5.21625,0.0689442060085837,0.35937052932761093
6758,0.6675,5.185,0.05566809728183119,0.288412017167382
6759,0.7675,5.20125,0.05832331902718169,0.30443490701001436
6760,0.865,5.1825,0.05704148783977111,0.2952789699570816
6761,0.895,5.2125,0.07462088698140201,0.3891273247496424
6762,0.7075,5.20375,0.07004291845493563,0.3639484978540773
6763,0.6925,5.21375,0.06519027181688127,0.3410586552217454
6764,0.8875,5.20625,0.07397997138769671,0.3868383404864092
6765,0.9025,5.18,0.06436623748211731,0.3341917024320458
6766,0.7,5.2075,0.07581115879828328,0.3937052932761088
6767,0.915,5.2075,0.0762689556509299,0.3982832618025752
6768,0.9175,5.18125,0.07645207439198856,0.3982832618025752
6769,0.8175,5.18875,0.05978826895565094,0.3113018597997139
6770,0.79,5.19625,0.06583118741058656,0.3410586552217454
6771,0.82,5.21375,0.0683032904148784,0.3570815450643777
6772,0.6725,5.21375,0.07187410586552218,0.37539341917024327
6773,0.685,5.1825,0.05704148783977111,0.2952789699570816
6774,0.7625,5.19,0.06354220314735337,0.32961373390557946
6775,0.865,5.1825,0.058964234620886985,0.30443490701001436
6776,0.8725,5.205,0.07269814020028613,0.3776824034334764
6777,0.85,5.215,0.07086695278969958,0.37081545064377686
6778,0.72,5.19875,0.06683834048640916,0.34792560801144495
6779,0.745,5.1825,0.062077253218884125,0.32274678111587984
6780,0.7525,5.18375,0.06271816881258942,0.32732474964234626
6781,0.795,5.2,0.059971387696709594,0.3113018597997139
6782,0.94,5.21,0.07837482117310444,0.4097281831187411
6783,0.9175,5.20875,0.07645207439198856,0.3982832618025752
6784,0.755,5.20625,0.06912732474964235,0.35937052932761093
6785,0.9375,5.205,0.07810014306151646,0.40515021459227474
6786,0.8425,5.195,0.07022603719599428,0.3639484978540773
6787,0.73,5.21375,0.06976824034334765,0.3639484978540773
6788,0.765,5.21125,0.06372532188841203,0.3341917024320458
6789,0.6775,5.1975,0.056492131616595144,0.2929899856938484
6790,0.6775,5.215,0.07123319027181689,0.37081545064377686
6791,0.725,5.2075,0.060612303290414886,0.3158798283261803
6792,0.7975,5.19625,0.06647210300429185,0.34563662374821175
6793,0.8875,5.18125,0.056492131616595144,0.2929899856938484
6794,0.85,5.19625,0.06912732474964235,0.35937052932761093
6795,0.7625,5.20125,0.06354220314735337,0.32961373390557946
6796,0.7225,5.20125,0.07544492131616595,0.3937052932761088
6797,0.74,5.20125,0.07251502145922747,0.3776824034334764
6798,0.7375,5.18,0.06143633762517883,0.3181688125894135
6799,0.7425,5.21,0.08267811158798284,0.43032904148783985
6800,0.6775,5.2125,0.07004291845493563,0.3639484978540773
6801,0.6825,5.1975,0.056858369098712454,0.2952789699570816
6802,0.7075,5.2125,0.06454935622317597,0.33648068669527903
6803,0.87,5.1825,0.0566752503576538,0.2929899856938484
6804,0.8075,5.19875,0.0672961373390558,0.34792560801144495
6805,0.7925,5.1925,0.06601430615164522,0.34563662374821175
6806,0.735,5.2,0.0689442060085837,0.35937052932761093
6807,0.865,5.2125,0.07205722460658083,0.37539341917024327
6808,0.6675,5.1875,0.05566809728183119,0.288412017167382
6809,0.745,5.20125,0.07434620886981402,0.3868383404864092
6810,0.895,5.21,0.07462088698140201,0.3891273247496424
6811,0.89,5.2,0.07416309012875537,0.3868383404864092
6812,0.8775,5.1875,0.05850643776824035,0.30443490701001436
6813,0.95,5.215,0.07919885550786838,0.4120171673819743
6814,1.0175,5.18375,0.08478397711015738,0.4394849785407726
6815,0.7775,5.19375,0.06519027181688127,0.33648068669527903
6816,0.7125,5.195,0.059330472103004295,0.30672389127324756
6817,0.73,5.1875,0.06079542203147354,0.3158798283261803
6818,0.865,5.18125,0.05704148783977111,0.2952789699570816
6819,0.88,5.21,0.07333905579399143,0.38226037195994284
6820,0.665,5.195,0.05539341917024321,0.288412017167382
6821,0.7575,5.20375,0.059971387696709594,0.3113018597997139
6822,0.715,5.18625,0.059605150214592284,0.30672389127324756
6823,0.805,5.19875,0.06711301859799715,0.34792560801144495
6824,0.7825,5.2025,0.0689442060085837,0.35937052932761093
6825,0.7775,5.20875,0.06482403433476396,0.33648068669527903
6826,0.7175,5.1925,0.05978826895565094,0.3113018597997139
6827,0.7075,5.21125,0.07581115879828328,0.3937052932761088
6828,0.71,5.2075,0.07810014306151646,0.40515021459227474
6829,0.9075,5.20125,0.07562804005722461,0.3937052932761088
6830,0.7275,5.1975,0.06564806866952791,0.3410586552217454
6831,0.67,5.21,0.07205722460658083,0.37539341917024327
6832,0.78,5.2125,0.06500715307582261,0.33648068669527903
6833,0.6675,5.215,0.07141630901287555,0.37081545064377686
6834,1.2175,5.16875,0.11023748211731045,0.5699570815450644
6835,0.855,5.2075,0.07123319027181689,0.37081545064377686
6836,0.685,5.215,0.06812017167381974,0.3570815450643777
6837,0.7575,5.2025,0.05832331902718169,0.30443490701001436
6838,0.68,5.18,0.0566752503576538,0.2929899856938484
6839,0.725,5.2125,0.07169098712446352,0.37539341917024327
6840,0.7175,5.21375,0.07352217453505008,0.38226037195994284
6841,0.905,5.20625,0.07544492131616595,0.3937052932761088
6842,0.91,5.17875,0.07581115879828328,0.3937052932761088
6843,0.8225,5.1925,0.06189413447782547,0.32274678111587984
6844,0.7625,5.2,0.06354220314735337,0.32961373390557946
6845,0.7,5.1825,0.05832331902718169,0.30443490701001436
6846,0.775,5.1975,0.059605150214592284,0.3113018597997139
6847,0.67,5.185,0.055851216022889845,0.288412017167382
6848,0.71,5.18375,0.05914735336194564,0.30672389127324756
6849,0.7425,5.205,0.059605150214592284,0.3113018597997139
6850,0.6725,5.18625,0.05603433476394851,0.288412017167382
6851,0.835,5.205,0.069585121602289,0.3639484978540773
6852,0.755,5.195,0.06482403433476396,0.33648068669527903
6853,0.875,5.205,0.07288125894134478,0.3776824034334764
6854,0.7675,5.185,0.064,0.32961373390557946
6855,0.71,5.2125,0.07645207439198856,0.3982832618025752
6856,0.9175,5.20875,0.07645207439198856,0.3982832618025752
6857,0.895,5.21375,0.07462088698140201,0.3891273247496424
6858,0.915,5.18,0.059330472103004295,0.30672389127324756
6859,0.765,5.2025,0.06372532188841203,0.32961373390557946
6860,0.675,5.1825,0.05621745350500716,0.2929899856938484
6861,0.785,5.19875,0.06271816881258942,0.32732474964234626
6862,0.6925,5.1825,0.0576824034334764,0.29985693848354794
6863,0.8575,5.205,0.07141630901287555,0.37081545064377686
6864,0.7125,5.2025,0.07352217453505008,0.38226037195994284
6865,0.675,5.215,0.07288125894134478,0.3776824034334764
6866,0.86,5.20875,0.07169098712446352,0.37539341917024327
6867,0.6725,5.215,0.07269814020028613,0.3776824034334764
6868,2.5875,5.08375,0.21626323319027183,1.0987124463519313
6869,3.8625,4.99875,0.3218311874105866,1.6091559370529327
6870,3.69,5.00625,0.33126180257510734,1.6572246065808298
6871,3.725,5.01,0.3116680972818312,1.5610872675250358
6872,3.7,5.01125,0.30837195994277544,1.5450643776824036
6873,3.815,5.005,0.31642918454935626,1.5816881258941344
6874,3.7875,5.00625,0.315788268955651,1.5816881258941344
6875,3.7875,5.0075,0.3156051502145923,1.5793991416309014
6876,3.8225,5.0075,0.315788268955651,1.5816881258941344
6877,3.7875,5.00625,0.31707010014306153,1.5862660944206008
6878,3.8025,5.00625,0.3168869814020029,1.5862660944206008
6879,3.7875,5.00625,0.3156051502145923,1.5793991416309014
6880,3.9375,4.9975,0.32705007153075827,1.634334763948498
6881,4.01,4.99875,0.3341917024320458,1.6686695278969959
6882,3.96,5,0.32997997138769675,1.6503576537911304
6883,3.9,4.9975,0.32769098712446354,1.6389127324749644
6884,3.9125,5,0.32604291845493566,1.632045779685265
6885,3.9375,5,0.32814878397711017,1.6434907010014308
6886,3.9325,4.9975,0.32668383404864093,1.632045779685265
6887,3.9375,4.99625,0.32814878397711017,1.6389127324749644
6888,3.9275,4.9975,0.32732474964234626,1.634334763948498
6889,3.9475,4.99875,0.32732474964234626,1.634334763948498
6890,3.945,4.9975,0.3287896995708155,1.6434907010014308
6891,3.965,4.9975,0.3304377682403434,1.6503576537911304
6892,3.9175,4.9975,0.3268669527896996,1.634334763948498
6893,3.95,5.00125,0.3291559370529328,1.645779685264664
6894,3.895,5,0.3245779685264664,1.6228898426323322
6895,3.925,4.9975,0.32668383404864093,1.632045779685265
6896,3.9425,4.9975,0.3285150214592275,1.6434907010014308
6897,3.9275,4.99875,0.32732474964234626,1.634334763948498
6898,3.925,5,0.3235708154506438,1.6160228898426325
6899,3.9575,5,0.3297968526466381,1.6503576537911304
6900,3.9775,4.995,0.331444921316166,1.6549356223175968
6901,3.9575,4.9975,0.3262260371959943,1.632045779685265
6902,3.9575,5,0.3254020028612304,1.6274678111587986
6903,3.9475,4.99875,0.32897281831187414,1.6434907010014308
6904,3.8975,4.99875,0.32503576537911305,1.6228898426323322
6905,3.9125,4.9975,0.32503576537911305,1.6228898426323322
6906,3.9125,4.99875,0.32604291845493566,1.632045779685265
6907,3.9325,4.99875,0.32558512160228903,1.6274678111587986
6908,3.93,4.99625,0.3275078683834049,1.634334763948498
6909,3.92,5,0.32668383404864093,1.634334763948498
6910,3.9375,4.9975,0.3245779685264664,1.6228898426323322
6911,3.9275,4.9975,0.3242117310443491,1.620600858369099
6912,3.9425,4.99875,0.3285150214592275,1.6434907010014308
6913,3.945,4.99875,0.32705007153075827,1.634334763948498
6914,3.9275,4.9975,0.3254020028612304,1.6274678111587986
6915,3.915,4.99625,0.3262260371959943,1.632045779685265
6916,3.9,4.99875,0.32503576537911305,1.6228898426323322
6917,3.9525,4.99875,0.3254020028612304,1.6274678111587986
6918,3.8825,5.00375,0.3235708154506438,1.620600858369099
6919,3.935,4.9975,0.3278741058655222,1.6389127324749644
6920,3.94,4.99625,0.32814878397711017,1.6389127324749644
6921,3.915,5,0.3262260371959943,1.632045779685265
6922,3.92,4.9975,0.32668383404864093,1.632045779685265
6923,3.875,5.00125,0.3242117310443491,1.620600858369099
6924,3.89,5,0.3242117310443491,1.620600858369099
6925,3.9125,4.9975,0.32604291845493566,1.6274678111587986
6926,3.9075,4.99875,0.32668383404864093,1.632045779685265
6927,3.93,4.9975,0.3275078683834049,1.634334763948498
6928,3.8025,5.00625,0.3168869814020029,1.5862660944206008
6929,3.7925,5.005,0.3139570815450644,1.5725321888412018
6930,3.81,5.0075,0.3175278969957082,1.5908440629470673
6931,3.7975,5.005,0.31642918454935626,1.5816881258941344
6932,3.8175,5.0075,0.31542203147353365,1.5793991416309014
6933,3.8225,5.00625,0.31853505007153077,1.5931330472103007
6934,3.8175,5.00625,0.3181688125894135,1.5931330472103007
6935,3.7875,5.0075,0.3156051502145923,1.5793991416309014
6936,3.9225,5.0075,0.3268669527896996,1.634334763948498
6937,3.81,5.0075,0.3175278969957082,1.5908440629470673
6938,3.815,5.005,0.31642918454935626,1.5816881258941344
6939,3.7775,5.0075,0.3145979971387697,1.5748211731044353
6940,3.775,5.00625,0.3145979971387697,1.5748211731044353
6941,3.7075,5.01125,0.3085550786838341,1.5450643776824036
6942,3.7275,5.0125,0.3077310443490701,1.5404864091559372
6943,3.7375,5.0125,0.31148497854077256,1.5610872675250358
6944,3.7425,5.01,0.31121030042918457,1.5610872675250358
6945,3.725,5.01125,0.3095622317596567,1.5519313304721032
6946,3.76,5.01125,0.31331616595135914,1.5725321888412018
6947,3.7525,5.00875,0.30919599427753935,1.54964234620887
6948,3.7725,5.0075,0.3126752503576538,1.563376251788269
6949,3.7275,5.00625,0.3106609442060086,1.5565092989985696
6950,3.785,5.00875,0.31230901287553653,1.563376251788269
6951,3.945,4.995,0.325859799713877,1.6274678111587986
6952,3.9175,4.9975,0.3265007153075823,1.632045779685265
6953,3.925,4.99625,0.32705007153075827,1.634334763948498
6954,3.88,5.00125,0.3239370529327611,1.620600858369099
6955,3.745,5.01125,0.31212589413447783,1.563376251788269
6956,3.7575,5.01125,0.31313304721030044,1.5679542203147354
6957,3.74,5.01,0.31148497854077256,1.5610872675250358
6958,3.73,5.01125,0.3108440629470673,1.5565092989985696
6959,3.725,5.0125,0.31038626609442066,1.5565092989985696
6960,3.7625,5.01,0.3108440629470673,1.5565092989985696
6961,3.725,5.00875,0.31038626609442066,1.5565092989985696
6962,3.7775,5.01125,0.3147811158798284,1.5793991416309014
6963,3.7225,5.01125,0.3087381974248927,1.54964234620887
6964,3.7075,5.00875,0.30892131616595137,1.54964234620887
6965,3.705,5.0125,0.3087381974248927,1.54964234620887
6966,3.71,5.0125,0.3072732474964235,1.5404864091559372
6967,3.7375,5.0125,0.31148497854077256,1.5610872675250358
6968,3.7125,5.01125,0.30937911301859805,1.54964234620887
6969,3.7175,5.0125,0.3074563662374821,1.5404864091559372
6970,3.7075,5.01125,0.30892131616595137,1.54964234620887
6971,3.705,5.0125,0.3087381974248927,1.54964234620887
6972,3.735,5.0075,0.30919599427753935,1.54964234620887
6973,3.7325,5.01,0.31102718168812593,1.5610872675250358
6974,3.7075,5.01,0.30892131616595137,1.54964234620887
6975,3.715,5.01375,0.30919599427753935,1.54964234620887
6976,3.7575,5.0125,0.3106609442060086,1.5565092989985696
6977,3.7125,5.0125,0.30937911301859805,1.5519313304721032
6978,3.755,5.0125,0.3079141630901288,1.5450643776824036
6979,3.69,5.0125,0.3087381974248927,1.54964234620887
6980,3.73,5.0125,0.3108440629470673,1.5565092989985696
6981,3.7425,5.00875,0.30809728183118745,1.5404864091559372
6982,3.74,5.01375,0.31020314735336196,1.5565092989985696
6983,3.7325,5.0075,0.31102718168812593,1.5565092989985696
6984,3.7275,5.0125,0.30892131616595137,1.54964234620887
6985,3.6575,5.015,0.31853505007153077,1.597711015736767
6986,3.7275,5.01,0.3106609442060086,1.5565092989985696
6987,3.71,5.0125,0.3106609442060086,1.5565092989985696
6988,3.775,5.01125,0.3100200286123033,1.5519313304721032
6989,3.7975,5.0075,0.31642918454935626,1.5862660944206008
6990,3.7125,5.01125,0.30937911301859805,1.5519313304721032
6991,3.71,5.01375,0.3049842632331903,1.5290414878397713
6992,3.73,5.01,0.3108440629470673,1.5565092989985696
6993,3.735,5.01,0.31121030042918457,1.5610872675250358
6994,3.755,5.01,0.3072732474964235,1.538197424892704
6995,3.6925,5.015,0.3077310443490701,1.5450643776824036
6996,3.7,5.01375,0.30837195994277544,1.5450643776824036
6997,3.6875,5.01,0.30919599427753935,1.54964234620887
6998,3.7325,5.01375,0.31102718168812593,1.5610872675250358
6999,3.625,5.0175,0.3020543633762518,1.515307582260372
7000,3.65,5.01625,0.2993991416309013,1.4992846924177399
7001,3.6625,5.01625,0.305167381974249,1.5290414878397713
7002,3.605,5.0175,0.3004062947067239,1.5084406294706727
7003,3.6525,5.0175,0.3020543633762518,1.515307582260372
7004,3.595,5.0175,0.29958226037195995,1.5038626609442063
7005,3.58,5.01875,0.2983004291845494,1.4969957081545067
7006,3.63,5.01625,0.3026952789699571,1.5198855507868385
7007,3.63,5.0175,0.30251216022889843,1.5198855507868385
7008,3.6375,5.02,0.30315307582260376,1.5221745350500717
7009,3.695,5.01625,0.30086409155937055,1.5084406294706727
7010,3.6175,5.01625,0.30141344778254653,1.5107296137339057
7011,3.6275,5.01625,0.3023290414878398,1.515307582260372
7012,3.6225,5.01875,0.30058941344778256,1.5084406294706727
7013,3.5875,5.0175,0.30141344778254653,1.5107296137339057
7014,3.5975,5.0175,0.29976537911301865,1.5038626609442063
7015,3.655,5.0175,0.2983004291845494,1.4969957081545067
7016,3.5175,5.02375,0.29646924177396283,1.4878397711015738
7017,3.6325,5.015,0.3026952789699571,1.5198855507868385
7018,3.6425,5.0175,0.3026952789699571,1.5198855507868385
7019,3.6175,5.01625,0.30141344778254653,1.5107296137339057
7020,3.5825,5.0175,0.29857510729613734,1.4969957081545067
7021,3.585,5.0225,0.2971101573676681,1.4924177396280403
7022,3.64,5.01875,0.2983004291845494,1.4969957081545067
7023,3.61,5.01625,0.30086409155937055,1.5084406294706727
7024,3.645,5.01625,0.3033361945636624,1.5221745350500717
7025,3.5825,5.01875,0.3004062947067239,1.5084406294706727
7026,3.6525,5.015,0.304343347639485,1.5267525035765381
7027,3.5925,5.01625,0.2993991416309013,1.4992846924177399
7028,3.6375,5.01625,0.3023290414878398,1.515307582260372
7029,3.64,5.01625,0.3033361945636624,1.5221745350500717
7030,1.335,5.17625,0.11124463519313306,0.576824034334764
7031,1.2525,5.175,0.10996280400572248,0.5699570815450644
7032,1.3125,5.1525,0.10941344778254651,0.5630901287553648
7033,1.335,5.17625,0.11124463519313306,0.576824034334764
7034,1.2575,5.175,0.12204864091559371,0.6294706723891274
7035,1.39,5.165,0.11582260371959945,0.5997138769670959
7036,1.2975,5.15125,0.10813161659513591,0.5585121602288985
7037,1.385,5.1525,0.10767381974248928,0.5539341917024321
7038,1.325,5.17875,0.1104206008583691,0.5699570815450644
7039,1.37,5.145,0.11417453505007154,0.58826895565093
7040,2.17,5.10375,0.1716738197424893,0.876680972818312
7041,1.3,5.165,0.10831473533619458,0.5585121602288985
7042,1.3325,5.1675,0.1110615164520744,0.5745350500715308
7043,1.265,5.16625,0.10913876967095852,0.5630901287553648
7044,1.295,5.16875,0.10794849785407726,0.5585121602288985
7045,1.3475,5.15625,0.11225178826895567,0.576824034334764
7046,1.255,5.17,0.1030958512160229,0.5333333333333334
7047,1.215,5.17,0.10126466380543635,0.5241773962804006
7048,1.2225,5.1675,0.10190557939914165,0.5241773962804006
7049,1.33,5.16125,0.11023748211731045,0.5699570815450644
7050,1.2025,5.175,0.11371673819742491,0.58826895565093
7051,1.1775,5.15375,0.09815164520743921,0.5058655221745351
7052,1.3625,5.15,0.1030958512160229,0.5333333333333334
7053,1.1575,5.18,0.1127095851216023,0.5859799713876968
7054,1.26,5.14625,0.10501859799713878,0.540200286123033
7055,1.2675,5.1625,0.10620886981402004,0.5470672389127326
7056,1.2625,5.16625,0.09393991416309014,0.4829756795422032
7057,1.31,5.18375,0.10913876967095852,0.5653791130185981
7058,1.2225,5.17375,0.09787696709585123,0.5058655221745351
7059,1.2,5.17125,0.11170243204577969,0.576824034334764
7060,1.1675,5.16125,0.09732761087267526,0.5035765379113019
7061,0.69,5.215,0.07059227467811159,0.36852646638054365
7062,0.765,5.20375,0.060246065808297576,0.3158798283261803
7063,0.7075,5.18375,0.058964234620886985,0.30672389127324756
7064,0.76,5.2075,0.06335908440629472,0.32732474964234626
7065,0.75,5.19875,0.07645207439198856,0.3982832618025752
7066,0.8275,5.17875,0.0689442060085837,0.3570815450643777
7067,0.85,5.2075,0.07086695278969958,0.36852646638054365
7068,0.8825,5.18125,0.062077253218884125,0.32274678111587984
7069,0.73,5.18625,0.06079542203147354,0.3158798283261803
7070,0.7125,5.18375,0.059330472103004295,0.30672389127324756
7071,0.78,5.1975,0.06601430615164522,0.3410586552217454
7072,0.7,5.1975,0.05832331902718169,0.30443490701001436
7073,0.8375,5.1975,0.06976824034334765,0.3639484978540773
7074,0.7,5.2025,0.07040915593705294,0.36852646638054365
7075,0.875,5.215,0.07288125894134478,0.3776824034334764
7076,0.8725,5.2125,0.07269814020028613,0.3776824034334764
7077,0.755,5.19625,0.06683834048640916,0.34792560801144495
7078,0.8675,5.215,0.07233190271816882,0.3776824034334764
7079,1.2175,5.2025,0.101447782546495,0.528755364806867
7080,0.9075,5.17875,0.060246065808297576,0.3113018597997139
7081,0.7225,5.19,0.060246065808297576,0.3113018597997139
7082,0.7125,5.18125,0.059330472103004295,0.30672389127324756
7083,0.845,5.18875,0.0683032904148784,0.3570815450643777
7084,0.85,5.19625,0.07086695278969958,0.36852646638054365
7085,0.9125,5.2125,0.07608583690987125,0.3982832618025752
7086,0.8525,5.18125,0.06143633762517883,0.3181688125894135
7087,0.8175,5.18875,0.06125321888412018,0.3181688125894135
7088,0.855,5.215,0.07123319027181689,0.37081545064377686
7089,0.6725,5.21375,0.07333905579399143,0.38226037195994284
7090,0.72,5.21,0.06335908440629472,0.32961373390557946
7091,0.7075,5.18375,0.058964234620886985,0.30672389127324756
7092,0.83,5.18875,0.05566809728183119,0.288412017167382
7093,0.7225,5.20125,0.06812017167381974,0.35250357653791137
7094,1.2475,5.19125,0.10391988555078685,0.540200286123033
7095,0.805,5.2,0.06226037195994278,0.32274678111587984
7096,0.73,5.21375,0.07251502145922747,0.3776824034334764
7097,0.7625,5.20125,0.06354220314735337,0.32961373390557946
7098,0.77,5.1975,0.07233190271816882,0.37539341917024327
7099,0.725,5.205,0.07416309012875537,0.3868383404864092
7100,0.7625,5.21125,0.06354220314735337,0.32961373390557946
7101,0.685,5.21375,0.05704148783977111,0.2952789699570816
7102,0.6975,5.21375,0.06912732474964235,0.35937052932761093
7103,0.6725,5.18625,0.05603433476394851,0.288412017167382
7104,0.7775,5.19125,0.06482403433476396,0.33648068669527903
7105,0.84,5.1875,0.055851216022889845,0.288412017167382
7106,0.87,5.21375,0.07251502145922747,0.3776824034334764
7107,0.8,5.21125,0.0666552217453505,0.34792560801144495
7108,0.675,5.215,0.07251502145922747,0.3776824034334764
7109,1.565,5.18,0.13038054363376253,0.6752503576537912
7110,0.885,5.21125,0.07370529327610874,0.38226037195994284
7111,0.8825,5.18375,0.05914735336194564,0.30672389127324756
7112,0.7375,5.18,0.06143633762517883,0.3181688125894135
7113,0.7625,5.18375,0.06354220314735337,0.32961373390557946
7114,0.7325,5.21125,0.07169098712446352,0.37539341917024327
7115,0.6725,5.18875,0.05603433476394851,0.2929899856938484
7116,0.8875,5.20625,0.07397997138769671,0.3868383404864092
7117,0.695,5.2025,0.07810014306151646,0.40515021459227474
7118,0.8125,5.215,0.06775393419170243,0.35250357653791137
7119,0.6775,5.1825,0.056492131616595144,0.2929899856938484
7120,0.765,5.2,0.05878111587982833,0.30672389127324756
7121,0.69,5.18125,0.057499284692417746,0.2952789699570816
7122,0.815,5.20125,0.06793705293276109,0.35250357653791137
7123,0.75,5.19625,0.0666552217453505,0.34563662374821175
7124,1.1225,5.17375,0.10227181688125896,0.528755364806867
7125,0.7475,5.18,0.06226037195994278,0.32274678111587984
7126,0.755,5.20875,0.07434620886981402,0.3868383404864092
7127,0.875,5.18375,0.06418311874105866,0.3341917024320458
7128,0.7175,5.18125,0.05978826895565094,0.3113018597997139
7129,0.71,5.21125,0.07544492131616595,0.3937052932761088
7130,0.6975,5.2125,0.06647210300429185,0.34563662374821175
7131,0.69,5.18125,0.057499284692417746,0.2952789699570816
7132,0.8,5.19625,0.056858369098712454,0.2952789699570816
7133,0.8775,5.18125,0.05621745350500716,0.2929899856938484
7134,0.8125,5.195,0.06775393419170243,0.35250357653791137
7135,0.845,5.185,0.056492131616595144,0.2929899856938484
7136,0.6925,5.21375,0.07416309012875537,0.3868383404864092
7137,0.67,5.19125,0.055851216022889845,0.288412017167382
7138,0.75,5.2025,0.06253505007153076,0.32732474964234626
7139,1.2225,5.18125,0.08267811158798284,0.4280400572246066
7140,0.9,5.21125,0.07498712446351932,0.3891273247496424
7141,0.9225,5.205,0.0769098712446352,0.4005722460658083
7142,0.805,5.19875,0.06253505007153076,0.32732474964234626
7143,0.73,5.19625,0.06079542203147354,0.3158798283261803
7144,0.7225,5.19375,0.060246065808297576,0.3113018597997139
7145,0.6725,5.2125,0.07141630901287555,0.37081545064377686
7146,0.755,5.21125,0.06290128755364807,0.32732474964234626
7147,0.68,5.18125,0.0566752503576538,0.2929899856938484
7148,0.71,5.21,0.06372532188841203,0.3341917024320458
7149,0.675,5.18,0.05621745350500716,0.2929899856938484
7150,0.8225,5.2,0.06857796852646639,0.3570815450643777
7151,0.8325,5.1875,0.060612303290414886,0.3158798283261803
7152,0.8425,5.20375,0.07022603719599428,0.3639484978540773
7153,0.8675,5.205,0.07233190271816882,0.37539341917024327
7154,0.98,5.1775,0.06976824034334765,0.35937052932761093
7155,0.76,5.2025,0.06335908440629472,0.32961373390557946
7156,0.885,5.2125,0.07370529327610874,0.38226037195994284
7157,0.7475,5.20875,0.06940200286123034,0.35937052932761093
7158,0.755,5.19875,0.06290128755364807,0.32732474964234626
7159,0.77,5.20375,0.06418311874105866,0.3341917024320458
7160,0.695,5.2125,0.06747925608011446,0.35250357653791137
7161,0.8725,5.1825,0.05731616595135909,0.2952789699570816
7162,0.7575,5.19,0.06308440629470673,0.32732474964234626
7163,0.8625,5.18375,0.05603433476394851,0.288412017167382
7164,0.69,5.205,0.07059227467811159,0.36852646638054365
7165,0.74,5.2075,0.061711015736766815,0.32274678111587984
7166,0.6825,5.21375,0.07123319027181689,0.37081545064377686
7167,0.6975,5.20375,0.07205722460658083,0.37539341917024327
7168,0.8225,5.215,0.06857796852646639,0.3570815450643777
7169,0.8975,5.18375,0.0785579399141631,0.4097281831187411
7170,0.8775,5.1875,0.058964234620886985,0.30672389127324756
7171,0.775,5.205,0.06454935622317597,0.33648068669527903
7172,0.7075,5.20875,0.0779170243204578,0.40515021459227474
7173,0.9025,5.17875,0.06125321888412018,0.3181688125894135
7174,0.745,5.18125,0.062077253218884125,0.32274678111587984
7175,0.855,5.18625,0.07123319027181689,0.37081545064377686
7176,0.8325,5.18625,0.060246065808297576,0.3113018597997139
7177,0.86,5.215,0.07169098712446352,0.37539341917024327
7178,0.67,5.185,0.055851216022889845,0.288412017167382
7179,0.7175,5.2125,0.06308440629470673,0.32961373390557946
7180,0.6725,5.18375,0.05603433476394851,0.288412017167382
7181,0.73,5.1875,0.06079542203147354,0.3158798283261803
7182,0.865,5.18125,0.057499284692417746,0.2952789699570816
7183,0.8325,5.20125,0.06940200286123034,0.35937052932761093
7184,0.9925,5.2075,0.08267811158798284,0.43032904148783985
7185,0.82,5.19625,0.06079542203147354,0.3158798283261803
7186,0.71,5.18875,0.05914735336194564,0.30672389127324756
7187,0.8875,5.21125,0.07397997138769671,0.3868383404864092
7188,0.9125,5.18,0.06079542203147354,0.3158798283261803
7189,0.7225,5.1925,0.060246065808297576,0.3113018597997139
7190,0.69,5.1825,0.057499284692417746,0.2952789699570816
7191,0.8275,5.19,0.05539341917024321,0.288412017167382
7192,0.8375,5.20375,0.06976824034334765,0.3639484978540773
7193,0.8725,5.21375,0.07269814020028613,0.3776824034334764
7194,0.69,5.20625,0.07269814020028613,0.3776824034334764
7195,0.865,5.215,0.07205722460658083,0.37539341917024327
7196,0.6725,5.1825,0.05603433476394851,0.288412017167382
7197,0.8025,5.195,0.061711015736766815,0.3181688125894135
7198,0.81,5.19125,0.06354220314735337,0.32961373390557946
7199,0.97,5.1925,0.08084692417739629,0.421173104434907
7200,0.755,5.205,0.06583118741058656,0.3410586552217454
7201,0.7225,5.21125,0.07205722460658083,0.37539341917024327
7202,0.8925,5.2125,0.07434620886981402,0.3868383404864092
7203,0.915,5.18,0.06079542203147354,0.3158798283261803
7204,0.8975,5.1825,0.06290128755364807,0.32732474964234626
7205,0.7725,5.19375,0.06436623748211731,0.3341917024320458
7206,0.8775,5.18125,0.05731616595135909,0.2952789699570816
7207,0.685,5.205,0.07892417739628041,0.4120171673819743
7208,0.68,5.1975,0.0566752503576538,0.2952789699570816
7209,0.72,5.20625,0.06143633762517883,0.3181688125894135
7210,0.87,5.1825,0.05814020028612304,0.29985693848354794
7211,0.8625,5.2125,0.07187410586552218,0.37539341917024327
7212,0.6675,5.21,0.05566809728183119,0.288412017167382
7213,0.695,5.21375,0.0662889842632332,0.34563662374821175
7214,0.7925,5.185,0.06601430615164522,0.3410586552217454
7215,0.8125,5.20875,0.06775393419170243,0.35250357653791137
7216,0.915,5.18,0.06143633762517883,0.3181688125894135
7217,0.905,5.2075,0.07544492131616595,0.3937052932761088
7218,0.7475,5.2,0.06226037195994278,0.32274678111587984
7219,0.72,5.2025,0.07544492131616595,0.3937052932761088
7220,0.8775,5.20875,0.07315593705293277,0.38226037195994284
7221,0.7475,5.21,0.06226037195994278,0.32274678111587984
7222,0.68,5.215,0.07086695278969958,0.37081545064377686
7223,0.68,5.18,0.0566752503576538,0.2929899856938484
7224,0.7725,5.19375,0.06436623748211731,0.3341917024320458
7225,0.8275,5.1875,0.06079542203147354,0.3158798283261803
7226,0.915,5.21125,0.0762689556509299,0.3982832618025752
7227,0.735,5.2075,0.06125321888412018,0.3181688125894135
7228,0.675,5.21375,0.07251502145922747,0.3776824034334764
7229,0.99,5.19,0.08249499284692419,0.4280400572246066
7230,0.915,5.2075,0.0762689556509299,0.3982832618025752
7231,0.91,5.17875,0.06436623748211731,0.3341917024320458
7232,0.7075,5.1825,0.058964234620886985,0.30443490701001436
7233,0.71,5.19,0.05914735336194564,0.30672389127324756
7234,0.72,5.21125,0.07333905579399143,0.38226037195994284
7235,0.6725,5.21125,0.07269814020028613,0.3776824034334764
7236,0.6775,5.18125,0.056492131616595144,0.2929899856938484
7237,0.705,5.21125,0.06500715307582261,0.33648068669527903
7238,0.68,5.21375,0.07123319027181689,0.37081545064377686
7239,0.71,5.2025,0.05914735336194564,0.30672389127324756
7240,0.675,5.21375,0.07233190271816882,0.3776824034334764
7241,0.7075,5.21125,0.064,0.3341917024320458
7242,0.67,5.18375,0.055851216022889845,0.288412017167382
7243,0.8175,5.19,0.055851216022889845,0.288412017167382
7244,0.9775,5.17625,0.07370529327610874,0.38226037195994284
7245,0.71,5.18875,0.05914735336194564,0.30672389127324756
7246,0.8175,5.19125,0.06812017167381974,0.35250357653791137
7247,0.7075,5.2075,0.07645207439198856,0.3982832618025752
7248,0.9175,5.20875,0.07645207439198856,0.3982832618025752
7249,0.9,5.18125,0.07498712446351932,0.32274678111587984
7250,0.7,5.20125,0.069585121602289,0.3639484978540773
7251,0.8575,5.21375,0.07141630901287555,0.37081545064377686
7252,0.6725,5.19125,0.05603433476394851,0.2929899856938484
7253,0.745,5.20625,0.060612303290414886,0.3158798283261803
7254,0.74,5.1875,0.061711015736766815,0.3181688125894135
7255,0.875,5.20875,0.07288125894134478,0.3776824034334764
7256,0.7675,5.195,0.06500715307582261,0.33648068669527903
7257,0.865,5.2075,0.07205722460658083,0.37539341917024327
7258,0.865,5.2075,0.07205722460658083,0.37539341917024327
7259,0.95,5.175,0.07837482117310444,0.40515021459227474
7260,0.705,5.1875,0.05878111587982833,0.30443490701001436
7261,0.7525,5.2,0.06271816881258942,0.32732474964234626
7262,0.8425,5.18875,0.06647210300429185,0.34563662374821175
7263,0.71,5.18625,0.05914735336194564,0.30672389127324756
7264,0.755,5.20125,0.06290128755364807,0.32732474964234626
7265,0.6775,5.215,0.07187410586552218,0.37539341917024327
7266,0.6775,5.18375,0.056492131616595144,0.2929899856938484
7267,0.7125,5.18375,0.059330472103004295,0.30672389127324756
7268,0.795,5.195,0.0566752503576538,0.2952789699570816
7269,0.7225,5.185,0.060246065808297576,0.3113018597997139
7270,0.8175,5.19875,0.06812017167381974,0.35250357653791137
7271,0.8675,5.18125,0.06271816881258942,0.32732474964234626
7272,0.725,5.19875,0.06775393419170243,0.35250357653791137
7273,0.8075,5.21375,0.0672961373390558,0.35250357653791137
7274,0.865,5.20375,0.08414306151645208,0.4394849785407726
7275,0.8975,5.18125,0.059330472103004295,0.30672389127324756
7276,0.77,5.2025,0.06418311874105866,0.3341917024320458
7277,0.7875,5.195,0.07022603719599428,0.3639484978540773
7278,0.8725,5.185,0.059330472103004295,0.30672389127324756
7279,0.7175,5.19125,0.05978826895565094,0.3113018597997139
7280,0.7,5.21375,0.06583118741058656,0.34563662374821175
7281,0.865,5.18375,0.05621745350500716,0.2929899856938484
7282,0.6925,5.1825,0.0576824034334764,0.29985693848354794
7283,0.8425,5.18625,0.05566809728183119,0.288412017167382
7284,0.865,5.1825,0.05731616595135909,0.2952789699570816
7285,0.6875,5.18125,0.05731616595135909,0.2952789699570816
7286,0.7825,5.1975,0.06519027181688127,0.29985693848354794
7287,0.7825,5.19125,0.06226037195994278,0.32274678111587984
7288,0.8725,5.2075,0.07269814020028613,0.3776824034334764
7289,0.94,5.19875,0.07837482117310444,0.4097281831187411
7290,0.905,5.18125,0.06189413447782547,0.32274678111587984
7291,0.71,5.18,0.05914735336194564,0.30672389127324756
7292,0.715,5.19,0.059605150214592284,0.30672389127324756
7293,0.7075,5.20625,0.07562804005722461,0.3937052932761088
7294,0.8475,5.195,0.07059227467811159,0.36852646638054365
7295,0.7875,5.195,0.06564806866952791,0.3410586552217454
7296,0.87,5.18125,0.0566752503576538,0.2929899856938484
7297,0.87,5.2075,0.07251502145922747,0.3776824034334764
7298,0.7925,5.2125,0.06601430615164522,0.34563662374821175
7299,0.675,5.2075,0.07251502145922747,0.3776824034334764
7300,0.7775,5.2125,0.06482403433476396,0.33648068669527903
7301,0.7,5.18375,0.05832331902718169,0.30443490701001436
7302,0.8875,5.18125,0.05704148783977111,0.2952789699570816
7303,0.8675,5.205,0.07233190271816882,0.37539341917024327
7304,0.93,5.20875,0.07745922746781117,0.40515021459227474
7305,0.895,5.18125,0.06253505007153076,0.32274678111587984
7306,0.7725,5.185,0.06436623748211731,0.3341917024320458
7307,0.7475,5.2,0.06226037195994278,0.32274678111587984
7308,0.7875,5.195,0.07059227467811159,0.36852646638054365
7309,0.8025,5.1925,0.06876108726752504,0.3570815450643777
7310,0.8325,5.2025,0.06940200286123034,0.35937052932761093
7311,0.75,5.1975,0.0666552217453505,0.34563662374821175
7312,0.7,5.21,0.06436623748211731,0.3341917024320458
7313,0.675,5.1925,0.05621745350500716,0.2929899856938484
7314,0.7475,5.205,0.059605150214592284,0.3113018597997139
7315,0.87,5.18375,0.05850643776824035,0.30443490701001436
7316,0.88,5.21375,0.07333905579399143,0.38226037195994284
7317,0.83,5.1875,0.06125321888412018,0.3181688125894135
7318,0.7775,5.19375,0.06354220314735337,0.32961373390557946
7319,0.8475,5.195,0.07059227467811159,0.36852646638054365
7320,0.735,5.20125,0.07498712446351932,0.3891273247496424
7321,0.92,5.18,0.06107010014306152,0.3158798283261803
7322,0.7275,5.19625,0.060612303290414886,0.3158798283261803
7323,0.7025,5.20875,0.05850643776824035,0.3982832618025752
7324,0.755,5.19875,0.07233190271816882,0.37539341917024327
7325,0.88,5.21,0.07333905579399143,0.38226037195994284
7326,0.6725,5.1825,0.05603433476394851,0.288412017167382
7327,0.74,5.205,0.061711015736766815,0.32274678111587984
7328,0.81,5.2,0.06747925608011446,0.35250357653791137
7329,0.8625,5.205,0.07187410586552218,0.37539341917024327
7330,0.85,5.18375,0.05914735336194564,0.30672389127324756
7331,0.8625,5.215,0.07187410586552218,0.37539341917024327
7332,0.67,5.18625,0.055851216022889845,0.288412017167382
7333,0.7275,5.2075,0.06079542203147354,0.3158798283261803
7334,0.7225,5.18125,0.060246065808297576,0.3113018597997139
7335,0.845,5.2075,0.07040915593705294,0.36852646638054365
7336,0.8925,5.18125,0.06290128755364807,0.32732474964234626
7337,0.7525,5.1775,0.06271816881258942,0.32732474964234626
7338,0.7175,5.17875,0.05978826895565094,0.3113018597997139
7339,0.72,5.2125,0.07416309012875537,0.3868383404864092
7340,0.8175,5.21375,0.06812017167381974,0.3570815450643777
7341,0.7275,5.20375,0.060612303290414886,0.3158798283261803
7342,0.7025,5.2125,0.06812017167381974,0.3570815450643777
7343,0.6875,5.1975,0.05731616595135909,0.2952789699570816
7344,0.7725,5.19375,0.06436623748211731,0.3341917024320458
7345,0.8625,5.18375,0.05814020028612304,0.29985693848354794
7346,0.7075,5.20125,0.06976824034334765,0.3639484978540773
7347,0.7,5.1975,0.05832331902718169,0.30443490701001436
7348,0.7575,5.20375,0.05914735336194564,0.30672389127324756
7349,0.8375,5.19125,0.059605150214592284,0.3113018597997139
7350,0.8475,5.21125,0.07059227467811159,0.36852646638054365
7351,0.835,5.18875,0.06647210300429185,0.34563662374821175
7352,0.9125,5.18125,0.06189413447782547,0.32274678111587984
7353,0.7125,5.19125,0.059330472103004295,0.30672389127324756
7354,0.71,5.21125,0.07645207439198856,0.3982832618025752
7355,0.6975,5.2125,0.06583118741058656,0.3410586552217454
7356,0.675,5.18375,0.05621745350500716,0.2929899856938484
7357,0.725,5.2075,0.06143633762517883,0.3181688125894135
7358,0.7075,5.2,0.06876108726752504,0.3570815450643777
7359,0.7975,5.215,0.06647210300429185,0.34563662374821175
7360,0.73,5.19875,0.06079542203147354,0.35250357653791137
7361,0.6925,5.2125,0.0689442060085837,0.35937052932761093
7362,0.6725,5.185,0.05603433476394851,0.288412017167382
7363,0.745,5.19125,0.062077253218884125,0.32274678111587984
7364,0.895,5.18125,0.06042918454935623,0.3113018597997139
7365,0.7475,5.1825,0.06226037195994278,0.32274678111587984
7366,0.735,5.18,0.06125321888412018,0.3181688125894135
7367,0.7375,5.20125,0.07416309012875537,0.3868383404864092
7368,0.71,5.18,0.05914735336194564,0.30672389127324756
7369,0.9,5.21125,0.07498712446351932,0.3891273247496424
7370,0.7975,5.19,0.06226037195994278,0.32274678111587984
7371,0.8825,5.2125,0.07352217453505008,0.38226037195994284
7372,0.69,5.19375,0.057499284692417746,0.29985693848354794
7373,0.6875,5.21375,0.07544492131616595,0.3937052932761088
7374,0.74,5.18875,0.061711015736766815,0.3181688125894135
7375,0.85,5.205,0.07086695278969958,0.36852646638054365
7376,0.715,5.1975,0.06683834048640916,0.34792560801144495
7377,0.8,5.21375,0.0666552217453505,0.34792560801144495
7378,0.6725,5.185,0.05603433476394851,0.288412017167382
7379,0.9875,5.17875,0.06418311874105866,0.3341917024320458
7380,0.79,5.20625,0.06583118741058656,0.3410586552217454
7381,0.7275,5.1775,0.060612303290414886,0.3158798283261803
7382,0.7825,5.19625,0.07498712446351932,0.3891273247496424
7383,0.8375,5.19125,0.059330472103004295,0.30672389127324756
7384,0.74,5.1975,0.061711015736766815,0.32274678111587984
7385,0.8325,5.18875,0.0672961373390558,0.34792560801144495
7386,0.905,5.17875,0.059971387696709594,0.3113018597997139
7387,0.75,5.2,0.06253505007153076,0.32732474964234626
7388,0.6675,5.20875,0.07269814020028613,0.3776824034334764
7389,0.735,5.205,0.060612303290414886,0.3158798283261803
7390,0.705,5.185,0.05878111587982833,0.30443490701001436
7391,0.8125,5.1925,0.05621745350500716,0.2929899856938484
7392,0.8775,5.18125,0.05731616595135909,0.2952789699570816
7393,0.82,5.2,0.0683032904148784,0.3570815450643777
7394,0.6875,5.2075,0.07269814020028613,0.3776824034334764
7395,0.81,5.19125,0.06812017167381974,0.35250357653791137
7396,0.83,5.19375,0.06912732474964235,0.35937052932761093
7397,0.785,5.20125,0.06537339055793992,0.32274678111587984
7398,0.7625,5.205,0.06436623748211731,0.3341917024320458
7399,0.82,5.20875,0.0683032904148784,0.3570815450643777
7400,0.68,5.17875,0.0566752503576538,0.2929899856938484
7401,0.8325,5.19,0.05566809728183119,0.288412017167382
7402,0.7825,5.1975,0.06519027181688127,0.33648068669527903
7403,0.8625,5.2125,0.07187410586552218,0.37539341917024327
7404,0.6775,5.21375,0.07086695278969958,0.37081545064377686
7405,0.6675,5.1875,0.05566809728183119,0.288412017167382
7406,0.8175,5.2,0.06812017167381974,0.35250357653791137
7407,0.8625,5.1825,0.05814020028612304,0.29985693848354794
7408,0.87,5.21125,0.07251502145922747,0.3776824034334764
7409,0.6825,5.19875,0.056858369098712454,0.2952789699570816
7410,0.8825,5.185,0.058964234620886985,0.30672389127324756
7411,0.71,5.19,0.05914735336194564,0.30672389127324756
7412,0.7625,5.2025,0.06354220314735337,0.32961373390557946
7413,0.7675,5.1975,0.07040915593705294,0.36852646638054365
7414,0.83,5.19375,0.06912732474964235,0.35937052932761093
7415,0.8525,5.205,0.07105007153075824,0.37081545064377686
7416,0.725,5.2025,0.06876108726752504,0.3570815450643777
7417,0.9725,5.20625,0.08103004291845495,0.421173104434907
7418,0.765,5.21125,0.06372532188841203,0.3341917024320458
7419,0.675,5.215,0.07205722460658083,0.37539341917024327
7420,0.8475,5.21375,0.07059227467811159,0.36852646638054365
7421,0.7,5.2,0.05832331902718169,0.30443490701001436
7422,0.71,5.21,0.06290128755364807,0.32732474964234626
7423,0.8775,5.18125,0.056858369098712454,0.2952789699570816
7424,0.86,5.20625,0.07169098712446352,0.37539341917024327
7425,0.7175,5.2125,0.07315593705293277,0.38226037195994284
7426,0.7125,5.2125,0.07480400572246067,0.3891273247496424
7427,0.8975,5.20125,0.07480400572246067,0.3891273247496424
7428,0.835,5.195,0.060246065808297576,0.3113018597997139
7429,0.7525,5.2075,0.06537339055793992,0.3410586552217454
7430,0.8425,5.21375,0.07022603719599428,0.36852646638054365
7431,0.72,5.19875,0.06683834048640916,0.34792560801144495
7432,0.705,5.2125,0.06500715307582261,0.33648068669527903
7433,0.6825,5.1825,0.056858369098712454,0.2952789699570816
7434,0.87,5.18125,0.07251502145922747,0.288412017167382
7435,0.745,5.19625,0.0666552217453505,0.34563662374821175
7436,0.855,5.215,0.07123319027181689,0.37081545064377686
7437,0.6825,5.1975,0.056858369098712454,0.2952789699570816
7438,0.7875,5.19625,0.05878111587982833,0.30443490701001436
7439,0.8125,5.1975,0.06775393419170243,0.35250357653791137
7440,0.805,5.18875,0.06711301859799715,0.34792560801144495
7441,0.7975,5.1975,0.062077253218884125,0.32274678111587984
7442,0.8225,5.20875,0.06857796852646639,0.3570815450643777
7443,0.915,5.2125,0.0762689556509299,0.3982832618025752
7444,0.87,5.185,0.06372532188841203,0.32961373390557946
7445,0.8325,5.20125,0.06940200286123034,0.35937052932761093
7446,0.8175,5.21375,0.06812017167381974,0.3570815450643777
7447,0.6725,5.21375,0.07205722460658083,0.37539341917024327
7448,0.7275,5.2075,0.060612303290414886,0.3158798283261803
7449,0.6875,5.1825,0.05731616595135909,0.2952789699570816
7450,0.7875,5.19625,0.05731616595135909,0.2952789699570816
7451,0.725,5.1875,0.06042918454935623,0.3158798283261803
7452,0.87,5.2075,0.07251502145922747,0.3776824034334764
7453,0.7775,5.19375,0.06454935622317597,0.3341917024320458
7454,0.855,5.21375,0.07123319027181689,0.37081545064377686
7455,0.745,5.18125,0.062077253218884125,0.32274678111587984
7456,0.8425,5.1925,0.06042918454935623,0.3158798283261803
7457,0.715,5.185,0.059605150214592284,0.30672389127324756
7458,0.7425,5.19875,0.06189413447782547,0.32274678111587984
7459,0.74,5.20125,0.07333905579399143,0.38226037195994284
7460,0.675,5.2075,0.07462088698140201,0.3891273247496424
7461,0.69,5.2,0.057499284692417746,0.29985693848354794
7462,0.725,5.20875,0.06290128755364807,0.32732474964234626
7463,0.86,5.18375,0.05850643776824035,0.30443490701001436
7464,0.8,5.1975,0.0666552217453505,0.34563662374821175
7465,0.8375,5.1875,0.05603433476394851,0.2929899856938484
7466,0.74,5.1975,0.0672961373390558,0.34792560801144495
7467,0.925,5.1875,0.07709298998569386,0.4005722460658083
7468,0.815,5.19125,0.05566809728183119,0.288412017167382
7469,0.875,5.17875,0.05850643776824035,0.30443490701001436
7470,0.745,5.18875,0.062077253218884125,0.32274678111587984
7471,0.8775,5.18375,0.07315593705293277,0.32961373390557946
7472,0.9075,5.18,0.06143633762517883,0.3181688125894135
7473,0.885,5.2,0.07370529327610874,0.38226037195994284
7474,0.83,5.1925,0.06912732474964235,0.35937052932761093
7475,0.8875,5.185,0.055851216022889845,0.288412017167382
7476,0.685,5.18125,0.05704148783977111,0.2952789699570816
7477,0.835,5.21375,0.069585121602289,0.3639484978540773
7478,0.675,5.21625,0.07187410586552218,0.37539341917024327
7479,0.6975,5.19875,0.05814020028612304,0.30443490701001436
7480,0.825,5.1925,0.06876108726752504,0.3570815450643777
7481,0.8825,5.18125,0.056858369098712454,0.2952789699570816
7482,0.8625,5.215,0.07187410586552218,0.37539341917024327
7483,0.67,5.18875,0.055851216022889845,0.288412017167382
7484,0.7725,5.1975,0.05795708154506438,0.29985693848354794
7485,0.865,5.19875,0.07205722460658083,0.37539341917024327
7486,0.87,5.1975,0.07251502145922747,0.37539341917024327
7487,0.89,5.18375,0.05878111587982833,0.30443490701001436
7488,0.7125,5.19,0.059330472103004295,0.30672389127324756
7489,0.825,5.21,0.06876108726752504,0.35937052932761093
7490,0.7775,5.1925,0.06290128755364807,0.32732474964234626
7491,0.88,5.2125,0.07333905579399143,0.38226037195994284
7492,0.8125,5.2125,0.06775393419170243,0.35250357653791137
7493,0.67,5.21375,0.07288125894134478,0.3776824034334764
7494,0.785,5.19875,0.05731616595135909,0.2952789699570816
7495,0.755,5.19125,0.06290128755364807,0.32732474964234626
7496,0.8675,5.18375,0.056492131616595144,0.2929899856938484
7497,0.6775,5.2075,0.07141630901287555,0.37081545064377686
7498,0.83,5.21375,0.06912732474964235,0.35937052932761093
7499,0.6775,5.205,0.07105007153075824,0.37081545064377686
7500,0.815,5.19,0.0672961373390558,0.34792560801144495
7501,0.7325,5.17875,0.06107010014306152,0.3158798283261803
7502,0.7525,5.2075,0.07187410586552218,0.37539341917024327
7503,0.7325,5.20875,0.07022603719599428,0.36852646638054365
7504,0.915,5.21125,0.0762689556509299,0.3982832618025752
7505,0.875,5.1825,0.05566809728183119,0.288412017167382
7506,0.7575,5.19375,0.06482403433476396,0.33648068669527903
7507,0.8575,5.21625,0.07141630901287555,0.37081545064377686
7508,0.6875,5.205,0.05731616595135909,0.3891273247496424
7509,0.685,5.21375,0.06747925608011446,0.35250357653791137
7510,0.675,5.18,0.05621745350500716,0.2929899856938484
7511,0.8,5.19875,0.0666552217453505,0.34563662374821175
7512,0.7675,5.19375,0.06418311874105866,0.3341917024320458
7513,0.855,5.21375,0.07123319027181689,0.37081545064377686
7514,0.6725,5.19125,0.05603433476394851,0.2929899856938484
7515,0.9075,5.18125,0.059330472103004295,0.30672389127324756
7516,0.725,5.18,0.06042918454935623,0.3113018597997139
7517,0.8975,5.20375,0.07480400572246067,0.3891273247496424
7518,0.7075,5.2075,0.07874105865522175,0.4097281831187411
7519,0.8025,5.20875,0.06683834048640916,0.34792560801144495
7520,1.3225,5.18375,0.11023748211731045,0.5699570815450644
7521,0.79,5.19625,0.05704148783977111,0.2952789699570816
7522,0.69,5.18125,0.057499284692417746,0.2952789699570816
7523,0.7975,5.1975,0.06647210300429185,0.34563662374821175
7524,0.88,5.1825,0.056492131616595144,0.2929899856938484
7525,0.7575,5.1925,0.06308440629470673,0.32732474964234626
7526,0.8425,5.215,0.07022603719599428,0.36852646638054365
7527,0.675,5.21375,0.07169098712446352,0.37539341917024327
7528,0.765,5.21125,0.06372532188841203,0.3341917024320458
7529,0.71,5.185,0.05914735336194564,0.30672389127324756
7530,0.775,5.19625,0.07123319027181689,0.37081545064377686
7531,0.725,5.2025,0.07397997138769671,0.3868383404864092
7532,0.7925,5.18875,0.06601430615164522,0.3410586552217454
7533,0.735,5.21125,0.07022603719599428,0.36852646638054365
7534,0.7075,5.21,0.07874105865522175,0.4097281831187411
7535,0.8725,5.21125,0.07269814020028613,0.3776824034334764
7536,0.785,5.1925,0.06537339055793992,0.3410586552217454
7537,0.6775,5.215,0.07059227467811159,0.36852646638054365
7538,0.7925,5.21,0.06601430615164522,0.34563662374821175
7539,0.685,5.215,0.069585121602289,0.3639484978540773
7540,0.8425,5.18875,0.05521030042918455,0.2861230329041488
7541,0.69,5.1825,0.057499284692417746,0.2952789699570816
7542,0.83,5.19125,0.05566809728183119,0.288412017167382
7543,0.7725,5.1925,0.06454935622317597,0.3341917024320458
7544,0.8525,5.215,0.07105007153075824,0.37081545064377686
7545,0.925,5.17875,0.07709298998569386,0.30672389127324756
7546,0.9075,5.17875,0.05978826895565094,0.3113018597997139
7547,0.74,5.18,0.061711015736766815,0.3181688125894135
7548,0.7075,5.1825,0.058964234620886985,0.30443490701001436
7549,0.78,5.19375,0.07059227467811159,0.36852646638054365
7550,0.8775,5.2075,0.07315593705293277,0.38226037195994284
7551,0.87,5.215,0.07251502145922747,0.3776824034334764
7552,0.68,5.205,0.07059227467811159,0.36852646638054365
7553,0.8275,5.215,0.0689442060085837,0.35937052932761093
7554,0.6825,5.18,0.056858369098712454,0.2952789699570816
7555,0.755,5.20125,0.05878111587982833,0.30672389127324756
7556,0.675,5.18375,0.05621745350500716,0.2929899856938484
7557,0.7,5.18375,0.05832331902718169,0.30443490701001436
7558,0.7825,5.1975,0.0566752503576538,0.2952789699570816
7559,0.69,5.18125,0.057499284692417746,0.2952789699570816
7560,0.715,5.1775,0.059605150214592284,0.30672389127324756
7561,0.8725,5.185,0.07498712446351932,0.3891273247496424
7562,0.705,5.19,0.05878111587982833,0.30443490701001436
7563,0.705,5.19,0.05878111587982833,0.30443490701001436
7564,0.7075,5.21125,0.07480400572246067,0.3891273247496424
7565,0.865,5.21125,0.07205722460658083,0.37539341917024327
7566,0.7275,5.205,0.060612303290414886,0.3158798283261803
7567,0.7525,5.20375,0.06876108726752504,0.3570815450643777
7568,0.755,5.21125,0.06290128755364807,0.32732474964234626
7569,0.6725,5.18375,0.05603433476394851,0.288412017167382
7570,0.7725,5.20125,0.059330472103004295,0.30672389127324756
7571,0.8675,5.185,0.06226037195994278,0.32274678111587984
7572,0.7575,5.19,0.06308440629470673,0.32732474964234626
7573,0.8325,5.18875,0.05539341917024321,0.288412017167382
7574,0.67,5.21125,0.07233190271816882,0.3776824034334764
7575,0.725,5.1775,0.06042918454935623,0.3113018597997139
7576,0.7025,5.2075,0.0762689556509299,0.3982832618025752
7577,0.7075,5.20625,0.0769098712446352,0.4005722460658083
7578,0.795,5.18625,0.0662889842632332,0.34563662374821175
7579,0.71,5.20875,0.07745922746781117,0.40515021459227474
7580,0.6725,5.215,0.07205722460658083,0.37539341917024327
7581,0.73,5.20375,0.06079542203147354,0.3158798283261803
7582,0.68,5.2125,0.0566752503576538,0.36852646638054365
7583,0.7875,5.19625,0.056492131616595144,0.2929899856938484
7584,0.7025,5.18375,0.05850643776824035,0.30443490701001436
7585,0.8275,5.2,0.0689442060085837,0.35937052932761093
7586,0.865,5.1825,0.057499284692417746,0.2952789699570816
7587,0.8725,5.21375,0.07269814020028613,0.3776824034334764
7588,0.6675,5.19,0.05566809728183119,0.288412017167382
7589,0.6725,5.21375,0.07315593705293277,0.38226037195994284
7590,0.835,5.195,0.069585121602289,0.35937052932761093
7591,0.7325,5.18,0.06107010014306152,0.3158798283261803
7592,0.71,5.205,0.07562804005722461,0.3937052932761088
7593,0.9075,5.2025,0.07562804005722461,0.3937052932761088
7594,0.765,5.185,0.06372532188841203,0.32961373390557946
7595,0.7775,5.19875,0.05795708154506438,0.29985693848354794
7596,0.6825,5.1825,0.056858369098712454,0.2952789699570816
7597,0.84,5.2025,0.07004291845493563,0.3639484978540773
7598,0.8675,5.18125,0.06143633762517883,0.3181688125894135
7599,0.745,5.19,0.062077253218884125,0.32274678111587984
7600,0.8625,5.2125,0.07187410586552218,0.37539341917024327
7601,0.6775,5.215,0.07315593705293277,0.38226037195994284
7602,0.7975,5.2125,0.06647210300429185,0.34563662374821175
7603,0.675,5.18375,0.05621745350500716,0.2929899856938484
7604,0.8725,5.1825,0.06042918454935623,0.3158798283261803
7605,0.71,5.19,0.05914735336194564,0.30672389127324756
7606,0.7125,5.19125,0.059330472103004295,0.30672389127324756
7607,0.705,5.20875,0.0762689556509299,0.3982832618025752
7608,0.7625,5.1975,0.07169098712446352,0.37081545064377686
7609,0.78,5.1875,0.06500715307582261,0.33648068669527903
7610,0.7025,5.21,0.064,0.3341917024320458
7611,0.825,5.19,0.05566809728183119,0.288412017167382
7612,0.87,5.20625,0.07251502145922747,0.3776824034334764
7613,0.8075,5.18875,0.060612303290414886,0.3158798283261803
7614,0.7075,5.2025,0.06976824034334765,0.3639484978540773
7615,0.8025,5.2125,0.06683834048640916,0.34792560801144495
7616,0.6925,5.21375,0.06683834048640916,0.34792560801144495
7617,0.8525,5.18625,0.055851216022889845,0.288412017167382
7618,0.7725,5.19375,0.06436623748211731,0.3341917024320458
7619,0.8825,5.18,0.07352217453505008,0.3181688125894135
7620,0.8325,5.1925,0.059605150214592284,0.3113018597997139
7621,0.73,5.195,0.06079542203147354,0.3158798283261803
7622,0.905,5.20625,0.07544492131616595,0.3937052932761088
7623,0.765,5.2025,0.06454935622317597,0.33648068669527903
7624,0.9075,5.2125,0.07562804005722461,0.3937052932761088
7625,0.8775,5.21375,0.07315593705293277,0.38226037195994284
7626,0.7075,5.2,0.0683032904148784,0.3570815450643777
7627,0.7475,5.20875,0.06226037195994278,0.32274678111587984
7628,0.6725,5.185,0.05603433476394851,0.288412017167382
7629,0.8125,5.1925,0.05914735336194564,0.30672389127324756
7630,0.71,5.18375,0.05914735336194564,0.30672389127324756
7631,0.8675,5.21375,0.07233190271816882,0.3776824034334764
7632,0.7025,5.2025,0.07251502145922747,0.3776824034334764
7633,0.885,5.21,0.07370529327610874,0.38226037195994284
7634,0.875,5.21375,0.07288125894134478,0.3776824034334764
7635,0.9075,5.18,0.06079542203147354,0.3158798283261803
7636,0.7075,5.1825,0.058964234620886985,0.30443490701001436
7637,0.7075,5.185,0.058964234620886985,0.30672389127324756
7638,0.74,5.2,0.07370529327610874,0.38226037195994284
7639,0.8675,5.1975,0.07233190271816882,0.37539341917024327
7640,0.745,5.19,0.062077253218884125,0.32274678111587984
7641,0.78,5.19125,0.06253505007153076,0.32732474964234626
7642,0.89,5.2075,0.07416309012875537,0.3868383404864092
7643,0.885,5.215,0.07370529327610874,0.38226037195994284
7644,0.725,5.2,0.07040915593705294,0.36852646638054365
7645,0.68,5.21625,0.07187410586552218,0.37539341917024327
7646,0.69,5.19875,0.057499284692417746,0.29985693848354794
7647,0.8025,5.19375,0.06226037195994278,0.32274678111587984
7648,0.6675,5.20875,0.07370529327610874,0.38226037195994284
7649,0.71,5.2,0.05914735336194564,0.30672389127324756
7650,0.825,5.19125,0.07205722460658083,0.37539341917024327
7651,0.7725,5.195,0.07004291845493563,0.3639484978540773
7652,0.775,5.18,0.06454935622317597,0.3341917024320458
7653,0.82,5.19,0.06747925608011446,0.34792560801144495
7654,0.88,5.18125,0.06290128755364807,0.32732474964234626
7655,0.74,5.18875,0.061711015736766815,0.3181688125894135
7656,0.8625,5.1825,0.07187410586552218,0.288412017167382
7657,0.7325,5.19875,0.0666552217453505,0.34563662374821175
7658,0.8875,5.21125,0.07397997138769671,0.3868383404864092
7659,0.74,5.2075,0.061711015736766815,0.32274678111587984
7660,0.6675,5.21125,0.07333905579399143,0.38226037195994284
7661,0.73,5.20875,0.06079542203147354,0.3158798283261803
7662,0.6775,5.18125,0.056492131616595144,0.2929899856938484
7663,0.6675,5.21125,0.07544492131616595,0.3937052932761088
7664,0.8,5.21375,0.0666552217453505,0.34792560801144495
7665,0.74,5.1975,0.061711015736766815,0.32274678111587984
7666,0.795,5.1925,0.07004291845493563,0.3639484978540773
7667,0.84,5.1925,0.07004291845493563,0.3639484978540773
7668,0.715,5.19125,0.059605150214592284,0.3113018597997139
7669,0.8975,5.1825,0.06253505007153076,0.32274678111587984
7670,0.67,5.1925,0.055851216022889845,0.288412017167382
7671,0.6975,5.1825,0.05814020028612304,0.29985693848354794
7672,0.805,5.19375,0.05603433476394851,0.2929899856938484
7673,0.775,5.19375,0.06454935622317597,0.3341917024320458
7674,0.845,5.21625,0.07040915593705294,0.36852646638054365
7675,0.735,5.19875,0.06775393419170243,0.35250357653791137
7676,0.7675,5.21,0.064,0.3341917024320458
7677,0.725,5.1875,0.06042918454935623,0.3158798283261803
7678,0.8775,5.18125,0.05731616595135909,0.2952789699570816
7679,0.8075,5.19625,0.0672961373390558,0.34792560801144495
7680,0.8075,5.18875,0.0672961373390558,0.34792560801144495
7681,0.7325,5.21,0.06857796852646639,0.3570815450643777
7682,0.73,5.20375,0.07498712446351932,0.3891273247496424
7683,0.825,5.19125,0.06876108726752504,0.3570815450643777
7684,0.735,5.21,0.06940200286123034,0.35937052932761093
7685,0.675,5.21375,0.07105007153075824,0.37081545064377686
7686,0.7625,5.21,0.06354220314735337,0.32961373390557946
7687,0.7075,5.21125,0.06271816881258942,0.32732474964234626
7688,0.75,5.205,0.05878111587982833,0.30672389127324756
7689,0.8,5.19875,0.0666552217453505,0.34563662374821175
7690,0.8275,5.18625,0.05914735336194564,0.30672389127324756
7691,0.6725,5.215,0.07187410586552218,0.37539341917024327
7692,0.6975,5.20125,0.05814020028612304,0.30443490701001436
7693,0.78,5.19625,0.06500715307582261,0.32732474964234626
7694,0.84,5.18375,0.05832331902718169,0.30443490701001436
7695,0.725,5.195,0.06042918454935623,0.3158798283261803
7696,0.8775,5.2125,0.07315593705293277,0.38226037195994284
7697,0.9025,5.1825,0.06271816881258942,0.32732474964234626
7698,0.71,5.18125,0.05914735336194564,0.30672389127324756
7699,0.7225,5.19,0.060246065808297576,0.3113018597997139
7700,0.69,5.2025,0.069585121602289,0.3639484978540773
7701,0.86,5.21375,0.07169098712446352,0.37539341917024327
7702,0.71,5.20125,0.05914735336194564,0.30672389127324756
7703,0.7325,5.205,0.06189413447782547,0.32274678111587984
7704,0.7775,5.19375,0.06482403433476396,0.33648068669527903
7705,0.87,5.2125,0.07251502145922747,0.3776824034334764
7706,0.69,5.205,0.07141630901287555,0.37081545064377686
7707,0.8425,5.215,0.07022603719599428,0.36852646638054365
7708,0.675,5.185,0.05621745350500716,0.2929899856938484
7709,0.6975,5.21375,0.06711301859799715,0.34792560801144495
7710,0.9175,5.21,0.07645207439198856,0.3982832618025752
7711,0.845,5.195,0.07040915593705294,0.36852646638054365
7712,0.78,5.2025,0.06308440629470673,0.32961373390557946
7713,0.8725,5.2125,0.07269814020028613,0.3776824034334764
7714,0.91,5.2125,0.07581115879828328,0.3937052932761088
7715,0.72,5.20875,0.06189413447782547,0.32274678111587984
7716,0.665,5.18875,0.05539341917024321,0.288412017167382
7717,0.8025,5.19875,0.06683834048640916,0.34792560801144495
7718,0.7,5.2125,0.06436623748211731,0.3341917024320458
7719,0.81,5.19,0.055851216022889845,0.288412017167382
7720,0.85,5.20625,0.07086695278969958,0.36852646638054365
7721,0.6925,5.20375,0.07004291845493563,0.3639484978540773
7722,0.68,5.215,0.07205722460658083,0.37539341917024327
7723,0.7425,5.20625,0.06189413447782547,0.32274678111587984
7724,0.68,5.21375,0.07397997138769671,0.3868383404864092
7725,0.895,5.18,0.060246065808297576,0.3113018597997139
7726,0.71,5.1925,0.05914735336194564,0.30672389127324756
7727,0.7825,5.195,0.07169098712446352,0.37081545064377686
7728,0.7075,5.20625,0.07608583690987125,0.3982832618025752
7729,0.845,5.1825,0.07040915593705294,0.3639484978540773
7730,0.715,5.20875,0.059605150214592284,0.32732474964234626
7731,0.7825,5.1975,0.0576824034334764,0.29985693848354794
7732,0.7275,5.1875,0.060612303290414886,0.3158798283261803
7733,0.9125,5.21,0.07608583690987125,0.3982832618025752
7734,0.68,5.21375,0.06940200286123034,0.35937052932761093
7735,0.6675,5.1925,0.05566809728183119,0.288412017167382
7736,0.8,5.195,0.0666552217453505,0.34563662374821175
7737,0.6975,5.20125,0.07205722460658083,0.37539341917024327
7738,0.8225,5.21375,0.06857796852646639,0.3570815450643777
7739,0.695,5.19125,0.05795708154506438,0.29985693848354794
7740,0.86,5.18375,0.06418311874105866,0.3341917024320458
7741,0.81,5.19,0.06747925608011446,0.34792560801144495
7742,0.7625,5.18375,0.06354220314735337,0.32961373390557946
7743,0.71,5.21,0.07581115879828328,0.3937052932761088
7744,0.72,5.18125,0.059971387696709594,0.3113018597997139
7745,0.67,5.185,0.055851216022889845,0.288412017167382
7746,0.6825,5.21375,0.07370529327610874,0.38226037195994284
7747,0.72,5.2025,0.059971387696709594,0.3113018597997139
7748,0.7225,5.18875,0.060246065808297576,0.3113018597997139
7749,0.8425,5.185,0.059330472103004295,0.30672389127324756
7750,0.8925,5.2125,0.07434620886981402,0.3868383404864092
7751,0.675,5.195,0.05621745350500716,0.2929899856938484
7752,0.71,5.21,0.06793705293276109,0.35250357653791137
7753,0.6775,5.1825,0.056492131616595144,0.2929899856938484
7754,0.76,5.19375,0.06335908440629472,0.32961373390557946
7755,0.71,5.21,0.07562804005722461,0.3937052932761088
7756,0.71,5.21,0.07709298998569386,0.4005722460658083
7757,0.925,5.2075,0.07709298998569386,0.4005722460658083
7758,0.7825,5.20125,0.06308440629470673,0.32732474964234626
7759,0.8,5.19875,0.06107010014306152,0.3181688125894135
7760,0.8175,5.2125,0.06812017167381974,0.3570815450643777
7761,0.67,5.215,0.07333905579399143,0.38226037195994284
7762,0.85,5.18625,0.055851216022889845,0.288412017167382
7763,0.7825,5.1925,0.06519027181688127,0.33648068669527903
7764,0.71,5.21125,0.06290128755364807,0.32732474964234626
7765,0.8625,5.1825,0.05850643776824035,0.30443490701001436
7766,0.7725,5.195,0.06436623748211731,0.3341917024320458
7767,0.8625,5.1825,0.05832331902718169,0.30443490701001436
7768,0.745,5.205,0.06290128755364807,0.32732474964234626
7769,0.67,5.18875,0.055851216022889845,0.288412017167382
7770,0.915,5.2075,0.0762689556509299,0.3982832618025752
7771,0.835,5.19375,0.05914735336194564,0.30672389127324756
7772,0.7775,5.205,0.06482403433476396,0.33648068669527903
7773,0.92,5.20875,0.07663519313304722,0.3982832618025752
7774,0.725,5.21125,0.07251502145922747,0.3776824034334764
7775,0.8175,5.2125,0.06812017167381974,0.3570815450643777
7776,0.685,5.1825,0.05704148783977111,0.2952789699570816
7777,0.7825,5.1975,0.057499284692417746,0.29985693848354794
7778,0.735,5.1875,0.06125321888412018,0.3181688125894135
7779,0.8575,5.215,0.07141630901287555,0.37081545064377686
7780,0.67,5.2075,0.07288125894134478,0.3776824034334764
7781,0.8025,5.21375,0.06683834048640916,0.34792560801144495
7782,0.6775,5.18125,0.056492131616595144,0.2929899856938484
7783,0.86,5.1825,0.05603433476394851,0.288412017167382
7784,0.87,5.21,0.07251502145922747,0.3776824034334764
7785,0.725,5.18,0.06042918454935623,0.3113018597997139
7786,0.71,5.21125,0.07663519313304722,0.3982832618025752
7787,0.915,5.2075,0.0762689556509299,0.3982832618025752
7788,0.7425,5.18125,0.06189413447782547,0.32274678111587984
7789,0.71,5.21,0.07416309012875537,0.3868383404864092
7790,0.87,5.21,0.07251502145922747,0.3776824034334764
7791,0.8075,5.2125,0.0672961373390558,0.35250357653791137
7792,0.725,5.19875,0.06793705293276109,0.35250357653791137
7793,0.6775,5.21625,0.07141630901287555,0.37081545064377686
7794,0.825,5.215,0.06876108726752504,0.35937052932761093
7795,0.72,5.2,0.06747925608011446,0.35250357653791137
7796,0.6925,5.21375,0.06940200286123034,0.35937052932761093
7797,0.705,5.185,0.05878111587982833,0.30443490701001436
7798,0.8275,5.18875,0.05566809728183119,0.288412017167382
7799,0.8675,5.1825,0.05603433476394851,0.288412017167382
7800,0.9575,5.205,0.07974821173104436,0.41659513590844066
7801,0.7875,5.20125,0.06354220314735337,0.32961373390557946
7802,0.7125,5.2125,0.07581115879828328,0.3937052932761088
7803,0.8625,5.1975,0.07187410586552218,0.37539341917024327
7804,0.85,5.1875,0.06912732474964235,0.35937052932761093
7805,0.8325,5.18875,0.05566809728183119,0.288412017167382
7806,0.7275,5.1875,0.060612303290414886,0.3158798283261803
7807,0.865,5.185,0.07205722460658083,0.37539341917024327
7808,0.6625,5.21,0.07269814020028613,0.3776824034334764
7809,0.69,5.19625,0.057499284692417746,0.29985693848354794
7810,0.74,5.19,0.061711015736766815,0.3181688125894135
7811,0.865,5.18125,0.0566752503576538,0.2929899856938484
7812,0.79,5.19625,0.06583118741058656,0.3410586552217454
7813,0.87,5.21375,0.07251502145922747,0.3776824034334764
7814,0.74,5.1975,0.07663519313304722,0.3982832618025752
7815,0.755,5.1825,0.06290128755364807,0.32732474964234626
7816,0.715,5.18125,0.059605150214592284,0.30672389127324756
7817,0.715,5.2125,0.07480400572246067,0.3891273247496424
7818,0.735,5.18125,0.06125321888412018,0.3181688125894135
7819,0.7175,5.18,0.05978826895565094,0.3113018597997139
7820,0.705,5.2125,0.06436623748211731,0.3341917024320458
7821,0.67,5.1925,0.055851216022889845,0.288412017167382
7822,0.6825,5.185,0.056858369098712454,0.2952789699570816
7823,0.855,5.18375,0.05539341917024321,0.288412017167382
7824,0.8775,5.195,0.07315593705293277,0.3776824034334764
7825,0.85,5.205,0.07086695278969958,0.36852646638054365
7826,0.7925,5.19,0.061711015736766815,0.3181688125894135
7827,0.81,5.2,0.06747925608011446,0.35250357653791137
7828,0.735,5.2075,0.06125321888412018,0.3181688125894135
7829,0.75,5.20375,0.05978826895565094,0.3113018597997139
7830,0.7225,5.2125,0.07169098712446352,0.37539341917024327
7831,0.9175,5.20875,0.07645207439198856,0.3982832618025752
7832,0.8175,5.195,0.06042918454935623,0.3158798283261803
7833,0.7675,5.205,0.06436623748211731,0.3341917024320458
7834,0.8925,5.21125,0.07434620886981402,0.3868383404864092
7835,0.8775,5.18125,0.05621745350500716,0.2929899856938484
7836,0.8375,5.18875,0.06107010014306152,0.3158798283261803
7837,0.85,5.20625,0.07086695278969958,0.36852646638054365
7838,0.7825,5.1925,0.06436623748211731,0.3341917024320458
7839,0.69,5.215,0.07837482117310444,0.4097281831187411
7840,0.725,5.18625,0.06042918454935623,0.3158798283261803
7841,0.84,5.18625,0.059330472103004295,0.30672389127324756
7842,0.69,5.20125,0.0689442060085837,0.35937052932761093
7843,0.7825,5.21125,0.06519027181688127,0.3410586552217454
7844,0.68,5.215,0.0566752503576538,0.2929899856938484
7845,0.7575,5.2075,0.08038912732474965,0.421173104434907
7846,0.8975,5.2025,0.07480400572246067,0.3891273247496424
7847,0.91,5.2075,0.07581115879828328,0.3937052932761088
7848,0.9,5.18125,0.059330472103004295,0.30672389127324756
7849,0.72,5.19375,0.059971387696709594,0.3113018597997139
7850,0.6725,5.18375,0.05603433476394851,0.288412017167382
7851,0.7,5.215,0.06583118741058656,0.34563662374821175
7852,0.685,5.1975,0.05704148783977111,0.2952789699570816
7853,0.7275,5.1875,0.060612303290414886,0.3158798283261803
7854,0.7875,5.1975,0.056492131616595144,0.2929899856938484
7855,0.73,5.18875,0.06079542203147354,0.3158798283261803
7856,0.88,5.2125,0.07333905579399143,0.38226037195994284
7857,0.67,5.2125,0.07205722460658083,0.37539341917024327
7858,0.8275,5.215,0.0689442060085837,0.35937052932761093
7859,0.6675,5.18875,0.05566809728183119,0.288412017167382
7860,0.7075,5.21,0.0762689556509299,0.3982832618025752
7861,0.8725,5.19875,0.07269814020028613,0.3776824034334764
7862,0.8225,5.19125,0.06857796852646639,0.3570815450643777
7863,0.7825,5.20125,0.06271816881258942,0.32732474964234626
7864,0.895,5.2125,0.07462088698140201,0.3891273247496424
7865,0.8075,5.1975,0.0672961373390558,0.34792560801144495
7866,0.8275,5.185,0.061711015736766815,0.3181688125894135
7867,0.675,5.215,0.07141630901287555,0.37081545064377686
7868,0.8875,5.21375,0.07397997138769671,0.3868383404864092
7869,0.675,5.21375,0.07745922746781117,0.40515021459227474
7870,0.7275,5.2075,0.060612303290414886,0.3158798283261803
7871,0.6675,5.1875,0.05566809728183119,0.288412017167382
7872,0.7025,5.20875,0.06647210300429185,0.34563662374821175
7873,0.8625,5.185,0.055851216022889845,0.288412017167382
7874,0.81,5.2,0.06747925608011446,0.35250357653791137
7875,0.8175,5.195,0.06519027181688127,0.33648068669527903
7876,0.7425,5.20875,0.06711301859799715,0.34792560801144495
7877,0.7325,5.19625,0.06107010014306152,0.3181688125894135
7878,0.84,5.19375,0.06940200286123034,0.35937052932761093
7879,0.9025,5.18125,0.06189413447782547,0.32274678111587984
7880,0.6875,5.1825,0.05731616595135909,0.2952789699570816
7881,0.855,5.1825,0.07123319027181689,0.37081545064377686
7882,0.675,5.21,0.08313590844062949,0.43032904148783985
7883,0.825,5.21375,0.06876108726752504,0.35937052932761093
7884,0.6675,5.1825,0.05566809728183119,0.288412017167382
7885,0.7075,5.21125,0.06876108726752504,0.35937052932761093
7886,0.6675,5.18125,0.05566809728183119,0.288412017167382
7887,0.76,5.1925,0.06335908440629472,0.32961373390557946
7888,0.8725,5.18375,0.0566752503576538,0.2929899856938484
7889,0.7775,5.195,0.06482403433476396,0.33648068669527903
7890,0.755,5.1825,0.06290128755364807,0.32732474964234626
7891,0.7075,5.21125,0.07517024320457798,0.3891273247496424
7892,0.9025,5.205,0.07517024320457798,0.3891273247496424
7893,0.885,5.2,0.07370529327610874,0.38226037195994284
7894,0.755,5.205,0.06482403433476396,0.33648068669527903
7895,0.9375,5.2,0.07810014306151646,0.40515021459227474
7896,0.875,5.21375,0.07288125894134478,0.3776824034334764
7897,0.7125,5.2025,0.069585121602289,0.3639484978540773
7898,0.815,5.2125,0.06793705293276109,0.35250357653791137
7899,0.6775,5.18125,0.056492131616595144,0.2929899856938484
7900,0.77,5.2,0.05795708154506438,0.29985693848354794
7901,0.7175,5.1875,0.05978826895565094,0.3113018597997139
7902,0.85,5.215,0.07086695278969958,0.37081545064377686
7903,0.6775,5.20375,0.07040915593705294,0.36852646638054365
7904,0.695,5.2125,0.06775393419170243,0.35250357653791137
7905,0.9625,5.2075,0.080206008583691,0.41659513590844066
7906,0.7425,5.2,0.07352217453505008,0.38226037195994284
7907,0.84,5.1875,0.06601430615164522,0.3410586552217454
7908,0.715,5.17875,0.059605150214592284,0.30672389127324756
7909,0.7575,5.19875,0.07233190271816882,0.37539341917024327
7910,1.015,5.1775,0.06583118741058656,0.3410586552217454
7911,0.745,5.19,0.062077253218884125,0.32274678111587984
7912,0.885,5.17875,0.07123319027181689,0.36852646638054365
7913,0.72,5.2,0.06747925608011446,0.35250357653791137
7914,0.845,5.21625,0.07040915593705294,0.36852646638054365
7915,0.68,5.21625,0.07040915593705294,0.36852646638054365
7916,0.67,5.215,0.07397997138769671,0.3868383404864092
7917,0.67,5.185,0.055851216022889845,0.288412017167382
7918,0.735,5.205,0.06125321888412018,0.38226037195994284
7919,0.8525,5.1825,0.05603433476394851,0.288412017167382
7920,0.7925,5.2,0.06601430615164522,0.34563662374821175
7921,0.8525,5.21,0.07105007153075824,0.37081545064377686
7922,0.8475,5.1875,0.05878111587982833,0.30443490701001436
7923,0.76,5.205,0.06335908440629472,0.32961373390557946
7924,0.9225,5.21125,0.0769098712446352,0.4005722460658083
7925,0.905,5.185,0.06226037195994278,0.32274678111587984
7926,0.83,5.20375,0.06912732474964235,0.35937052932761093
7927,0.7875,5.21125,0.06564806866952791,0.3410586552217454
7928,0.675,5.2075,0.07205722460658083,0.37539341917024327
7929,0.7575,5.21375,0.06308440629470673,0.32961373390557946
7930,0.67,5.19,0.055851216022889845,0.288412017167382
7931,0.68,5.215,0.069585121602289,0.3639484978540773
7932,0.6825,5.19625,0.056858369098712454,0.2952789699570816
7933,0.71,5.185,0.05914735336194564,0.30672389127324756
7934,0.7925,5.1975,0.0566752503576538,0.2952789699570816
7935,0.825,5.20875,0.06876108726752504,0.35937052932761093
7936,0.76,5.185,0.06335908440629472,0.32961373390557946
7937,0.7125,5.2125,0.07517024320457798,0.3891273247496424
7938,0.8775,5.19875,0.07315593705293277,0.3776824034334764
7939,0.805,5.19,0.06711301859799715,0.34792560801144495
7940,0.78,5.20125,0.06775393419170243,0.35250357653791137
7941,0.745,5.18625,0.062077253218884125,0.32274678111587984
7942,0.86,5.2075,0.07169098712446352,0.37539341917024327
7943,0.805,5.19,0.061711015736766815,0.3181688125894135
7944,0.695,5.2025,0.07022603719599428,0.3639484978540773
7945,0.835,5.215,0.069585121602289,0.3639484978540773
7946,0.6675,5.21375,0.07169098712446352,0.37539341917024327
7947,0.7925,5.1975,0.056492131616595144,0.2929899856938484
7948,0.6875,5.18125,0.05731616595135909,0.2952789699570816
7949,0.8725,5.18125,0.05621745350500716,0.2929899856938484
7950,0.78,5.2075,0.07581115879828328,0.3937052932761088
7951,0.92,5.20625,0.07663519313304722,0.3982832618025752
7952,0.845,5.18875,0.058964234620886985,0.30672389127324756
7953,0.7525,5.20625,0.06564806866952791,0.3410586552217454
7954,0.9175,5.21,0.07645207439198856,0.3982832618025752
7955,0.89,5.185,0.06372532188841203,0.32961373390557946
7956,0.7475,5.205,0.059605150214592284,0.3113018597997139
7957,0.685,5.1825,0.05704148783977111,0.2952789699570816
7958,0.8575,5.205,0.07141630901287555,0.37081545064377686
7959,0.8475,5.18375,0.05850643776824035,0.30443490701001436
7960,0.8825,5.2125,0.07352217453505008,0.38226037195994284
7961,0.6825,5.18125,0.056858369098712454,0.2952789699570816
7962,0.7425,5.205,0.05978826895565094,0.3113018597997139
7963,0.6825,5.18375,0.056858369098712454,0.2952789699570816
7964,0.6925,5.18,0.0576824034334764,0.29985693848354794
7965,0.7575,5.20125,0.07745922746781117,0.4005722460658083
7966,0.8975,5.2025,0.07480400572246067,0.3891273247496424
7967,0.885,5.20125,0.07370529327610874,0.38226037195994284
7968,1.1525,5.185,0.11957653791130188,0.6180257510729614
7969,0.91,5.205,0.07581115879828328,0.3937052932761088
7970,0.8325,5.20125,0.06940200286123034,0.35937052932761093
7971,0.665,5.20875,0.07205722460658083,0.37539341917024327
7972,0.735,5.20625,0.06125321888412018,0.3181688125894135
7973,0.7175,5.1875,0.05978826895565094,0.3113018597997139
7974,0.875,5.1825,0.05603433476394851,0.288412017167382
7975,0.8075,5.2,0.0672961373390558,0.34792560801144495
7976,0.875,5.215,0.07288125894134478,0.3776824034334764
7977,0.675,5.215,0.07205722460658083,0.37539341917024327
7978,0.7075,5.2025,0.058964234620886985,0.30672389127324756
7979,0.7,5.185,0.05832331902718169,0.30443490701001436
7980,0.725,5.2125,0.0812131616595136,0.4234620886981402
7981,0.705,5.2075,0.07498712446351932,0.3891273247496424
7982,0.835,5.1875,0.069585121602289,0.35937052932761093
7983,0.71,5.20625,0.0762689556509299,0.3982832618025752
7984,0.7275,5.20125,0.07581115879828328,0.3937052932761088
7985,0.74,5.18125,0.061711015736766815,0.3181688125894135
7986,0.73,5.21125,0.07645207439198856,0.3982832618025752
7987,0.8425,5.185,0.07141630901287555,0.37081545064377686
7988,0.805,5.1975,0.06711301859799715,0.34792560801144495
7989,0.8325,5.1875,0.060612303290414886,0.3158798283261803
7990,0.6825,5.215,0.06857796852646639,0.3570815450643777
7991,0.6825,5.18125,0.056858369098712454,0.2952789699570816
7992,0.8475,5.1875,0.05566809728183119,0.288412017167382
7993,0.8225,5.1875,0.05978826895565094,0.3113018597997139
7994,0.775,5.2125,0.06454935622317597,0.33648068669527903
7995,0.8925,5.18625,0.07434620886981402,0.3868383404864092
7996,0.735,5.21,0.0689442060085837,0.35937052932761093
7997,0.92,5.21,0.07663519313304722,0.3982832618025752
7998,0.8575,5.19875,0.07141630901287555,0.37081545064377686
7999,0.9025,5.18125,0.06079542203147354,0.3158798283261803
8000,0.6775,5.1825,0.056492131616595144,0.2929899856938484
8001,0.685,5.18125,0.05704148783977111,0.2952789699570816
8002,0.835,5.19,0.05566809728183119,0.288412017167382
8003,0.71,5.185,0.05914735336194564,0.30672389127324756
8004,0.8425,5.215,0.07022603719599428,0.36852646638054365
8005,0.67,5.21375,0.07233190271816882,0.3776824034334764
8006,0.8075,5.215,0.0672961373390558,0.35250357653791137
8007,0.7625,5.1925,0.06354220314735337,0.32961373390557946
8008,0.8425,5.18625,0.05566809728183119,0.288412017167382
8009,0.82,5.20125,0.0683032904148784,0.3570815450643777
8010,0.88,5.19875,0.07333905579399143,0.38226037195994284
8011,0.7375,5.21,0.06711301859799715,0.34792560801144495
8012,0.905,5.21375,0.07544492131616595,0.3937052932761088
8013,0.8225,5.20875,0.06857796852646639,0.3570815450643777
8014,0.91,5.18,0.06564806866952791,0.3410586552217454
8015,0.755,5.18,0.06290128755364807,0.32732474964234626
8016,0.7525,5.1925,0.06271816881258942,0.32732474964234626
8017,0.82,5.1925,0.05539341917024321,0.288412017167382
8018,1.425,5.14875,0.08103004291845495,0.41659513590844066
8019,0.8225,5.2,0.06857796852646639,0.3570815450643777
8020,0.7425,5.195,0.06454935622317597,0.3341917024320458
8021,0.665,5.2125,0.07251502145922747,0.3776824034334764
8022,0.6625,5.1875,0.05521030042918455,0.2861230329041488
8023,0.6875,5.21375,0.06857796852646639,0.3570815450643777
8024,0.825,5.19,0.05621745350500716,0.2929899856938484
8025,0.7075,5.18125,0.058964234620886985,0.30443490701001436
8026,0.74,5.2,0.07288125894134478,0.3776824034334764
8027,0.7325,5.20125,0.07370529327610874,0.38226037195994284
8028,0.8275,5.19,0.0689442060085837,0.3570815450643777
8029,0.7575,5.20625,0.06500715307582261,0.33648068669527903
8030,0.6925,5.21,0.07956509298998571,0.41659513590844066
8031,0.6825,5.1825,0.056858369098712454,0.2952789699570816
8032,0.82,5.19125,0.0683032904148784,0.3570815450643777
8033,0.785,5.19125,0.06253505007153076,0.32732474964234626
8034,0.8575,5.20625,0.07141630901287555,0.37081545064377686
8035,0.6725,5.1875,0.05603433476394851,0.2929899856938484
8036,0.7075,5.21125,0.06335908440629472,0.32961373390557946
8037,0.6925,5.19875,0.0576824034334764,0.29985693848354794
8038,0.7575,5.1925,0.06308440629470673,0.32732474964234626
8039,0.8575,5.1825,0.05621745350500716,0.2929899856938484
8040,0.755,5.2025,0.06290128755364807,0.32732474964234626
8041,0.745,5.20125,0.062077253218884125,0.32274678111587984
8042,2.0375,5.125,0.19996566523605153,1.0231759656652362
8043,2.5375,5.09,0.2115021459227468,1.0758226037195995
8044,2.5575,5.08625,0.2131502145922747,1.0849785407725323
8045,3.9175,4.9975,0.29582832618025756,1.478683834048641
8046,3.9275,5.00125,0.32732474964234626,1.6389127324749644
8047,4.195,4.98125,0.34957367668097283,1.7396280400572248
8048,4.2225,4.98,0.34920743919885555,1.7396280400572248
8049,3.9525,4.9975,0.3293390557939915,1.645779685264664
8050,4.08,4.99,0.33995994277539343,1.6961373390557941
8051,4.0925,4.98875,0.33858655221745354,1.6869814020028615
8052,4.0875,4.98625,0.34060085836909876,1.698426323319027
8053,4.2125,4.98,0.3510386266094421,1.7487839771101577
8054,4.2375,4.9775,0.352961373390558,1.755650929899857
8055,4.26,4.9775,0.352961373390558,1.755650929899857
8056,4.2525,4.98,0.3543347639484979,1.767095851216023
8057,4.24,4.9775,0.34920743919885555,1.7373390557939916
8058,4.2275,4.98,0.35149642346208876,1.7510729613733906
8059,4.24,4.98,0.3533276108726753,1.7579399141630905
8060,4.1975,4.98125,0.35085550786838343,1.7487839771101577
8061,4.245,4.97875,0.3516795422031474,1.7510729613733906
8062,4.2475,4.98,0.3539685264663806,1.7625178826895567
8063,4.23,4.9775,0.35122174535050077,1.7487839771101577
8064,4.24,4.9775,0.35149642346208876,1.7510729613733906
8065,4.2575,4.97875,0.3547925608011445,1.767095851216023
8066,4.22,4.9775,0.3525035765379113,1.755650929899857
8067,4.205,4.9825,0.3639484978540773,1.8151645207439202
8068,4.1825,4.9825,0.3485665236051502,1.7373390557939916
8069,4.2375,4.97875,0.35314449213161664,1.7579399141630905
8070,4.2625,4.97875,0.3493905579399142,1.7396280400572248
8071,4.2225,4.97875,0.35186266094420604,1.7510729613733906
8072,4.23,4.98,0.3525035765379113,1.755650929899857
8073,4.2175,4.98,0.3520457796852647,1.7510729613733906
8074,4.245,4.98,0.3537854077253219,1.7625178826895567
8075,4.2375,4.97875,0.35314449213161664,1.7579399141630905
8076,4.245,4.9775,0.3535107296137339,1.7579399141630905
8077,4.2425,4.98,0.3535107296137339,1.7579399141630905
8078,4.2575,4.9775,0.3547925608011445,1.767095851216023
8079,4.2575,4.97375,0.3525035765379113,1.755650929899857
8080,4.2425,4.975,0.3535107296137339,1.7579399141630905
8081,4.28,4.97625,0.3566237482117311,1.7739628040057225
8082,4.2575,4.9775,0.3520457796852647,1.7510729613733906
8083,4.21,4.97875,0.35085550786838343,1.7487839771101577
8084,4.245,4.97875,0.3537854077253219,1.7625178826895567
8085,4.2475,4.97875,0.35186266094420604,1.7510729613733906
8086,4.2225,4.9775,0.35186266094420604,1.7510729613733906
8087,4.2125,4.9775,0.3510386266094421,1.7487839771101577
8088,4.2475,4.98,0.3503977110157368,1.7442060085836912
8089,4.2325,4.97875,0.35268669527897,1.755650929899857
8090,4.2175,4.97625,0.35149642346208876,1.7487839771101577
8091,4.2575,4.9775,0.3503977110157368,1.7442060085836912
8092,4.22,4.98125,0.35232045779685267,1.755650929899857
8093,4.2325,4.97625,0.35268669527897,1.755650929899857
8094,4.225,4.98125,0.35021459227467816,1.7442060085836912
8095,4.2325,4.97875,0.3510386266094421,1.7487839771101577
8096,4.2475,4.9775,0.3539685264663806,1.7625178826895567
8097,3.945,4.9975,0.325859799713877,1.6274678111587986
8098,3.96,4.995,0.3297968526466381,1.645779685264664
8099,3.9325,4.99625,0.32769098712446354,1.6389127324749644
8100,3.9425,4.9925,0.34224892703862664,1.7098712446351934
8101,3.9375,4.9975,0.3296137339055794,1.645779685264664
8102,3.95,4.99375,0.3291559370529328,1.6434907010014308
8103,3.96,4.9975,0.3254020028612304,1.6274678111587986
8104,3.835,5.0025,0.31853505007153077,1.5931330472103007
8105,3.8175,5.005,0.3181688125894135,1.5931330472103007
8106,3.8075,5.005,0.3172532188841202,1.5748211731044353
8107,3.7525,5.00625,0.3160629470672389,1.5816881258941344
8108,3.8025,5.00625,0.3168869814020029,1.5862660944206008
8109,3.8325,5.005,0.31935908440629474,1.597711015736767
8110,3.805,5.005,0.31853505007153077,1.5931330472103007
8111,3.81,5.005,0.3175278969957082,1.5908440629470673
8112,3.8225,5.00625,0.31853505007153077,1.5931330472103007
8113,3.8175,5.005,0.3162460658082976,1.5816881258941344
8114,3.7975,5.005,0.31642918454935626,1.5816881258941344
8115,3.805,5.00625,0.31707010014306153,1.5862660944206008
8116,3.795,5.00625,0.31414020028612305,1.5725321888412018
8117,3.7975,5.005,0.31642918454935626,1.5816881258941344
8118,3.79,5.01125,0.315788268955651,1.5816881258941344
8119,3.82,5.00375,0.3162460658082976,1.5816881258941344
8120,3.8025,5.005,0.3168869814020029,1.5862660944206008
8121,3.815,5.0075,0.3178941344778255,1.5908440629470673
8122,3.815,5.005,0.3160629470672389,1.5816881258941344
8123,3.8075,5.00625,0.3172532188841202,1.5908440629470673
8124,3.81,5.005,0.3175278969957082,1.5908440629470673
8125,3.84,5.00375,0.3175278969957082,1.5908440629470673
8126,3.7975,5.00375,0.31642918454935626,1.5816881258941344
8127,3.7775,5.0075,0.3147811158798284,1.5748211731044353
8128,3.81,5.00625,0.31670386266094425,1.5862660944206008
8129,3.795,5.005,0.3162460658082976,1.5816881258941344
8130,3.795,5.005,0.3162460658082976,1.5816881258941344
8131,3.785,5.00625,0.315238912732475,1.5793991416309014
8132,3.815,5.00375,0.31670386266094425,1.5862660944206008
8133,3.7775,5.00625,0.3147811158798284,1.5748211731044353
8134,3.79,5.005,0.31313304721030044,1.5679542203147354
8135,3.81,5.005,0.3178941344778255,1.5908440629470673
8136,3.815,5.005,0.3178941344778255,1.5908440629470673
8137,3.8125,5.005,0.320824034334764,1.6045779685264665
8138,3.825,5.00375,0.3183519313304721,1.5931330472103007
8139,3.8075,5.005,0.3172532188841202,1.5862660944206008
8140,3.805,5.005,0.31771101573676686,1.5908440629470673
8141,3.8275,5.005,0.31771101573676686,1.5908440629470673
8142,3.805,5.0025,0.31707010014306153,1.5862660944206008
8143,3.7825,5.0075,0.315238912732475,1.5816881258941344
8144,3.815,5.00375,0.3172532188841202,1.5862660944206008
8145,3.7975,5.0075,0.31642918454935626,1.5862660944206008
8146,3.825,5.00625,0.31871816881258946,1.5931330472103007
8147,3.805,5.00625,0.3139570815450644,1.5725321888412018
8148,3.815,5.00125,0.3178941344778255,1.5908440629470673
8149,3.8225,5.005,0.31853505007153077,1.5931330472103007
8150,3.8325,5.005,0.3181688125894135,1.5931330472103007
8151,3.805,5.00625,0.31707010014306153,1.5862660944206008
8152,3.8175,5.005,0.3181688125894135,1.5931330472103007
8153,3.815,5.005,0.31642918454935626,1.5816881258941344
8154,3.79,5.00625,0.315788268955651,1.5816881258941344
8155,3.8175,5.005,0.3181688125894135,1.5931330472103007
8156,3.8075,5.00375,0.31853505007153077,1.5931330472103007
8157,3.7875,5.00625,0.3156051502145923,1.5793991416309014
8158,3.8,5.0025,0.31670386266094425,1.5816881258941344
8159,3.835,5.005,0.3181688125894135,1.5931330472103007
8160,3.8275,5.0025,0.31899284692417745,1.597711015736767
8161,3.8,5.00375,0.31670386266094425,1.5862660944206008
8162,3.8275,5.00625,0.3147811158798284,1.5748211731044353
8163,3.795,5.0025,0.3162460658082976,1.5816881258941344
8164,3.8325,5.00625,0.31935908440629474,1.597711015736767
8165,3.8275,5.005,0.3178941344778255,1.5908440629470673
8166,3.7275,5.01,0.3106609442060086,1.5565092989985696
8167,3.74,5.0075,0.3116680972818312,1.5610872675250358
8168,4.0075,4.99,0.3319027181688126,1.6572246065808298
8169,3.7625,5.00875,0.3118512160228899,1.5610872675250358
8170,3.755,5.0075,0.3129499284692418,1.5679542203147354
8171,3.76,5.0075,0.31102718168812593,1.5565092989985696
8172,3.7475,5.01,0.3116680972818312,1.5610872675250358
8173,3.7475,5.00875,0.31230901287553653,1.563376251788269
8174,3.755,5.01,0.31020314735336196,1.5519313304721032
8175,3.745,5.00875,0.31148497854077256,1.5610872675250358
8176,3.7525,5.0075,0.3126752503576538,1.563376251788269
8177,3.8075,4.9925,0.3160629470672389,1.5793991416309014
8178,3.7725,5.00875,0.31230901287553653,1.563376251788269
8179,3.7425,5.00875,0.3118512160228899,1.5610872675250358
8180,3.745,5.01,0.31212589413447783,1.5565092989985696
8181,3.7625,5.01,0.31313304721030044,1.5679542203147354
8182,3.7825,5.00875,0.315238912732475,1.5793991416309014
8183,3.7375,5.01,0.31148497854077256,1.5610872675250358
8184,3.74,5.01,0.31102718168812593,1.5610872675250358
8185,3.7525,5.00625,0.3126752503576538,1.563376251788269
8186,3.735,5.0075,0.31121030042918457,1.5610872675250358
8187,3.8825,5.01,0.31249213161659517,1.563376251788269
8188,3.7675,5.00625,0.3139570815450644,1.5725321888412018
8189,3.7525,5.00875,0.3126752503576538,1.5679542203147354
8190,3.73,5.01125,0.30919599427753935,1.54964234620887
8191,3.74,5.0125,0.3116680972818312,1.563376251788269
8192,3.7,5.0125,0.30837195994277544,1.5450643776824036
8193,3.725,5.01125,0.31102718168812593,1.5610872675250358
8194,3.7625,5.01,0.3134992846924178,1.5725321888412018
8195,3.7525,5.0075,0.3126752503576538,1.563376251788269
8196,3.765,5.00875,0.31414020028612305,1.5748211731044353
8197,3.75,5.00875,0.31249213161659517,1.563376251788269
8198,3.75,5.00875,0.31249213161659517,1.563376251788269
8199,3.7125,5.0125,0.31148497854077256,1.5610872675250358
8200,3.7275,5.0125,0.3106609442060086,1.5565092989985696
8201,3.7725,5.01,0.31441487839771104,1.5748211731044353
8202,3.74,5.01,0.30937911301859805,1.54964234620887
8203,3.75,5.00875,0.31249213161659517,1.563376251788269
8204,3.7425,5.00875,0.3118512160228899,1.5610872675250358
8205,1.4875,5.145,0.11371673819742491,0.5859799713876968
8206,1.205,5.17875,0.11774535050071532,0.6111587982832619
8207,1.1875,5.15625,0.09897567954220315,0.5104434907010015
8208,1.2925,5.1675,0.10272961373390559,0.5333333333333334
8209,1.4075,5.1475,0.10245493562231761,0.528755364806867
8210,1.4225,5.18,0.11856938483547927,0.6157367668097282
8211,1.2475,5.1675,0.1020886981402003,0.528755364806867
8212,1.1425,5.18125,0.10456080114449214,0.540200286123033
8213,1.305,5.16875,0.10877253218884121,0.5630901287553648
8214,1.12,5.18375,0.1104206008583691,0.5745350500715308
8215,2.135,5.11125,0.18275250357653794,0.9339055793991416
8216,1.385,5.16375,0.11545636623748214,0.5974248927038627
8217,1.2175,5.17375,0.101447782546495,0.6226037195994278
8218,1.375,5.15,0.10126466380543635,0.5218884120171675
8219,1.245,5.175,0.1037367668097282,0.5356223175965666
8220,1.31,5.1525,0.10913876967095852,0.5630901287553648
8221,1.2775,5.165,0.11206866952789701,0.576824034334764
8222,1.2475,5.175,0.10391988555078685,0.5356223175965666
8223,1.2675,5.1525,0.10565951359084408,0.5447782546494994
8224,1.1975,5.17625,0.11875250357653792,0.6157367668097282
8225,1.1625,5.1525,0.09686981402002862,0.4989985693848355
8226,1.305,5.185,0.10877253218884121,0.5630901287553648
8227,1.3125,5.155,0.09329899856938484,0.48068669527897
8228,1.3075,5.1825,0.10895565092989987,0.5653791130185981
8229,1.28,5.16625,0.10666666666666667,0.5516452074391989
8230,1.12,5.18375,0.10666666666666667,0.5516452074391989
8231,1.345,5.17875,0.11206866952789701,0.5814020028612304
8232,1.1475,5.1525,0.09558798283261803,0.492131616595136
8233,1.1525,5.1775,0.11087839771101575,0.5745350500715308
8234,1.1775,5.155,0.09815164520743921,0.5058655221745351
8235,1.21,5.16,0.1008068669527897,0.5218884120171675
8236,1.3475,5.155,0.10108154506437769,0.5218884120171675
8237,0.91,5.20375,0.07581115879828328,0.3937052932761088
8238,0.7625,5.18125,0.06354220314735337,0.32961373390557946
8239,0.8075,5.1975,0.06253505007153076,0.32732474964234626
8240,0.83,5.20875,0.06912732474964235,0.35937052932761093
8241,0.77,5.21,0.06418311874105866,0.3341917024320458
8242,0.7075,5.21125,0.06372532188841203,0.3341917024320458
8243,0.8775,5.18125,0.05731616595135909,0.2952789699570816
8244,0.8175,5.1975,0.06812017167381974,0.35250357653791137
8245,0.735,5.1975,0.06747925608011446,0.35250357653791137
8246,0.6725,5.2125,0.07205722460658083,0.37539341917024327
8247,0.6675,5.18625,0.05566809728183119,0.288412017167382
8248,0.735,5.20625,0.06226037195994278,0.32274678111587984
8249,0.745,5.1975,0.06747925608011446,0.35250357653791137
8250,1.275,5.19625,0.10620886981402004,0.5516452074391989
8251,0.92,5.18,0.06519027181688127,0.33648068669527903
8252,0.9125,5.17875,0.059605150214592284,0.30672389127324756
8253,0.71,5.19,0.05914735336194564,0.30672389127324756
8254,0.7075,5.2075,0.058964234620886985,0.4005722460658083
8255,0.7125,5.21125,0.0785579399141631,0.4097281831187411
8256,0.8675,5.21125,0.07233190271816882,0.3776824034334764
8257,0.755,5.20875,0.06290128755364807,0.32732474964234626
8258,0.7375,5.205,0.06143633762517883,0.3181688125894135
8259,0.6725,5.1825,0.05603433476394851,0.288412017167382
8260,0.8175,5.19875,0.06812017167381974,0.35250357653791137
8261,0.8025,5.19125,0.06519027181688127,0.33648068669527903
8262,0.885,5.21125,0.07370529327610874,0.38226037195994284
8263,0.675,5.1875,0.05621745350500716,0.2929899856938484
8264,0.785,5.1975,0.05914735336194564,0.30672389127324756
8265,0.975,5.185,0.0812131616595136,0.421173104434907
8266,0.8575,5.195,0.07141630901287555,0.37081545064377686
8267,0.725,5.21125,0.07251502145922747,0.3776824034334764
8268,0.905,5.2125,0.07544492131616595,0.3937052932761088
8269,0.75,5.18125,0.06253505007153076,0.32274678111587984
8270,0.7375,5.21125,0.07040915593705294,0.36852646638054365
8271,0.695,5.18375,0.05795708154506438,0.29985693848354794
8272,0.735,5.18875,0.06125321888412018,0.3181688125894135
8273,0.8575,5.18375,0.058964234620886985,0.30672389127324756
8274,0.845,5.205,0.07040915593705294,0.36852646638054365
8275,0.9,5.21375,0.07498712446351932,0.3891273247496424
8276,0.6725,5.21375,0.07269814020028613,0.3776824034334764
8277,0.6775,5.19125,0.056492131616595144,0.2929899856938484
8278,0.86,5.20625,0.07169098712446352,0.37539341917024327
8279,0.74,5.19625,0.06601430615164522,0.3410586552217454
8280,0.8,5.205,0.09293276108726753,0.4829756795422032
8281,0.905,5.19875,0.07544492131616595,0.3937052932761088
8282,0.84,5.1925,0.059971387696709594,0.3113018597997139
8283,0.7575,5.2075,0.06583118741058656,0.3410586552217454
8284,0.8875,5.20875,0.07397997138769671,0.3868383404864092
8285,0.91,5.1775,0.06042918454935623,0.3113018597997139
8286,0.8025,5.19,0.062077253218884125,0.32274678111587984
8287,0.8675,5.215,0.07233190271816882,0.3776824034334764
8288,0.7,5.21,0.07892417739628041,0.4120171673819743
8289,0.865,5.1825,0.05603433476394851,0.288412017167382
8290,0.8725,5.20625,0.07269814020028613,0.3776824034334764
8291,0.6825,5.205,0.056858369098712454,0.37081545064377686
8292,0.6775,5.215,0.07205722460658083,0.37539341917024327
8293,0.7675,5.21,0.064,0.3341917024320458
8294,0.725,5.2075,0.06042918454935623,0.3158798283261803
8295,0.885,5.19,0.069585121602289,0.35937052932761093
8296,0.7625,5.20375,0.06354220314735337,0.32961373390557946
8297,0.795,5.20625,0.0662889842632332,0.34563662374821175
8298,0.9275,5.17625,0.06436623748211731,0.3341917024320458
8299,0.745,5.18125,0.062077253218884125,0.32274678111587984
8300,0.73,5.17875,0.06079542203147354,0.3158798283261803
8301,0.7625,5.20125,0.059330472103004295,0.30672389127324756
8302,0.815,5.19875,0.06793705293276109,0.35250357653791137
8303,0.845,5.21375,0.07040915593705294,0.36852646638054365
8304,0.72,5.20875,0.06418311874105866,0.3341917024320458
8305,0.6725,5.18875,0.05603433476394851,0.2929899856938484
8306,0.765,5.19125,0.06372532188841203,0.32961373390557946
8307,0.8875,5.1825,0.057499284692417746,0.2952789699570816
8308,0.8125,5.19875,0.06775393419170243,0.35250357653791137
8309,0.83,5.2,0.06912732474964235,0.35937052932761093
8310,0.955,5.17625,0.07059227467811159,0.3639484978540773
8311,0.8075,5.18875,0.0672961373390558,0.34792560801144495
8312,0.725,5.1775,0.06042918454935623,0.3113018597997139
8313,0.71,5.21125,0.0762689556509299,0.3982832618025752
8314,0.895,5.20125,0.07462088698140201,0.3868383404864092
8315,0.84,5.19375,0.07004291845493563,0.3639484978540773
8316,0.78,5.1975,0.05704148783977111,0.2952789699570816
8317,0.7225,5.19875,0.06793705293276109,0.35250357653791137
8318,0.8725,5.2125,0.07269814020028613,0.3776824034334764
8319,0.67,5.21,0.07288125894134478,0.3776824034334764
8320,0.6775,5.215,0.07105007153075824,0.37081545064377686
8321,0.675,5.19125,0.05621745350500716,0.2929899856938484
8322,0.7325,5.20625,0.06042918454935623,0.3158798283261803
8323,0.875,5.18125,0.056858369098712454,0.2952789699570816
8324,0.8425,5.20125,0.07022603719599428,0.3639484978540773
8325,0.9825,5.17375,0.07169098712446352,0.37081545064377686
8326,0.8475,5.19,0.05914735336194564,0.30672389127324756
8327,0.73,5.19375,0.06079542203147354,0.3158798283261803
8328,0.7975,5.19375,0.07086695278969958,0.36852646638054365
8329,0.7975,5.1925,0.06876108726752504,0.3570815450643777
8330,0.74,5.18,0.061711015736766815,0.3181688125894135
8331,0.715,5.2125,0.059605150214592284,0.30672389127324756
8332,0.8675,5.1825,0.056492131616595144,0.2929899856938484
8333,0.71,5.18375,0.05914735336194564,0.30672389127324756
8334,0.87,5.205,0.07251502145922747,0.3776824034334764
8335,0.7025,5.2025,0.07123319027181689,0.37081545064377686
8336,0.85,5.215,0.07086695278969958,0.37081545064377686
8337,0.6925,5.18125,0.0576824034334764,0.29985693848354794
8338,0.84,5.185,0.05603433476394851,0.288412017167382
8339,0.8675,5.2125,0.07233190271816882,0.3776824034334764
8340,0.915,5.20375,0.0762689556509299,0.3982832618025752
8341,0.875,5.18625,0.06143633762517883,0.3181688125894135
8342,0.7375,5.19375,0.06143633762517883,0.3181688125894135
8343,0.7475,5.2025,0.06226037195994278,0.32274678111587984
8344,0.925,5.17875,0.06537339055793992,0.33648068669527903
8345,0.7625,5.19875,0.06354220314735337,0.32961373390557946
8346,0.67,5.1925,0.055851216022889845,0.288412017167382
8347,0.7225,5.2075,0.06226037195994278,0.32274678111587984
8348,0.705,5.18375,0.05878111587982833,0.30443490701001436
8349,0.8725,5.2125,0.07269814020028613,0.3776824034334764
8350,0.6675,5.2125,0.07333905579399143,0.38226037195994284
8351,0.7525,5.21,0.06271816881258942,0.32732474964234626
8352,0.7825,5.19625,0.06519027181688127,0.33648068669527903
8353,0.865,5.1825,0.0576824034334764,0.29985693848354794
8354,0.6775,5.21,0.07288125894134478,0.3776824034334764
8355,0.9675,5.2075,0.08066380543633764,0.421173104434907
8356,0.88,5.18375,0.058964234620886985,0.30672389127324756
8357,0.88,5.185,0.058964234620886985,0.30672389127324756
8358,0.8275,5.20875,0.0689442060085837,0.35937052932761093
8359,0.8575,5.1875,0.06454935622317597,0.3341917024320458
8360,0.8225,5.195,0.060246065808297576,0.3113018597997139
8361,0.69,5.1825,0.057499284692417746,0.2952789699570816
8362,0.7925,5.19625,0.0576824034334764,0.29985693848354794
8363,0.8625,5.1825,0.05832331902718169,0.30443490701001436
8364,0.805,5.19625,0.06711301859799715,0.34792560801144495
8365,0.785,5.1925,0.06372532188841203,0.32961373390557946
8366,0.68,5.21375,0.07004291845493563,0.3639484978540773
8367,0.8075,5.2125,0.0672961373390558,0.35250357653791137
8368,0.68,5.215,0.0566752503576538,0.2929899856938484
8369,0.6725,5.215,0.07498712446351932,0.3891273247496424
8370,2.0475,5.14375,0.1706666666666667,0.876680972818312
8371,0.71,5.18875,0.05914735336194564,0.30672389127324756
8372,0.7125,5.205,0.07709298998569386,0.4005722460658083
8373,0.87,5.2125,0.07251502145922747,0.3776824034334764
8374,0.875,5.21125,0.07288125894134478,0.3776824034334764
8375,0.9075,5.17875,0.06125321888412018,0.3181688125894135
8376,0.7925,5.19375,0.06601430615164522,0.3410586552217454
8377,0.8525,5.21375,0.07105007153075824,0.37081545064377686
8378,0.6725,5.21125,0.07333905579399143,0.38226037195994284
8379,0.7925,5.19125,0.06601430615164522,0.3410586552217454
8380,0.6875,5.1825,0.05731616595135909,0.2952789699570816
8381,0.82,5.1925,0.058964234620886985,0.30672389127324756
8382,0.8225,5.2,0.06857796852646639,0.3570815450643777
8383,0.735,5.205,0.06125321888412018,0.3181688125894135
8384,0.6725,5.21375,0.07397997138769671,0.3868383404864092
8385,0.97,5.20625,0.08084692417739629,0.421173104434907
8386,0.805,5.18875,0.06711301859799715,0.34792560801144495
8387,0.7525,5.20625,0.0672961373390558,0.34792560801144495
8388,0.8975,5.2125,0.07480400572246067,0.3891273247496424
8389,0.9375,5.2075,0.07810014306151646,0.40515021459227474
8390,0.8375,5.19,0.06775393419170243,0.35250357653791137
8391,0.665,5.20875,0.07397997138769671,0.3868383404864092
8392,0.8125,5.21375,0.06775393419170243,0.35250357653791137
8393,0.6925,5.2125,0.06775393419170243,0.35250357653791137
8394,0.83,5.18875,0.05566809728183119,0.288412017167382
8395,0.7625,5.1825,0.06354220314735337,0.32961373390557946
8396,0.8075,5.19375,0.056858369098712454,0.2952789699570816
8397,0.6675,5.20875,0.07333905579399143,0.38226037195994284
8398,0.7225,5.2025,0.060246065808297576,0.3158798283261803
8399,0.7075,5.21,0.06354220314735337,0.32961373390557946
8400,0.9,5.19875,0.07352217453505008,0.38226037195994284
8401,0.87,5.21,0.07251502145922747,0.3776824034334764
8402,0.855,5.1875,0.058964234620886985,0.30672389127324756
8403,0.8825,5.18375,0.058964234620886985,0.30672389127324756
8404,0.71,5.1875,0.05914735336194564,0.30672389127324756
8405,0.725,5.21125,0.06042918454935623,0.3113018597997139
8406,0.69,5.21375,0.0672961373390558,0.35250357653791137
8407,0.675,5.18375,0.05621745350500716,0.2929899856938484
8408,0.7025,5.18,0.05850643776824035,0.30443490701001436
8409,0.75,5.20375,0.06372532188841203,0.32961373390557946
8410,0.8375,5.20375,0.06976824034334765,0.3639484978540773
8411,0.67,5.1925,0.055851216022889845,0.288412017167382
8412,0.6925,5.21375,0.06793705293276109,0.35250357653791137
8413,0.675,5.18375,0.05621745350500716,0.2929899856938484
8414,0.77,5.195,0.06418311874105866,0.3341917024320458
8415,0.9075,5.18125,0.06335908440629472,0.32961373390557946
8416,0.7125,5.18,0.059330472103004295,0.30672389127324756
8417,0.7175,5.1925,0.05978826895565094,0.3113018597997139
8418,0.7075,5.20625,0.07727610872675252,0.4005722460658083
8419,0.78,5.18375,0.06500715307582261,0.33648068669527903
8420,0.83,5.1925,0.06912732474964235,0.35937052932761093
8421,0.8475,5.185,0.05566809728183119,0.288412017167382
8422,0.8375,5.20125,0.06976824034334765,0.3639484978540773
8423,0.745,5.2075,0.062077253218884125,0.32274678111587984
8424,0.7775,5.19875,0.059971387696709594,0.3113018597997139
8425,0.88,5.20875,0.07333905579399143,0.38226037195994284
8426,0.8,5.21375,0.0666552217453505,0.34792560801144495
8427,0.75,5.19625,0.0662889842632332,0.34563662374821175
8428,0.6675,5.2125,0.07288125894134478,0.3776824034334764
8429,0.735,5.20625,0.06125321888412018,0.3181688125894135
8430,0.7925,5.19875,0.061711015736766815,0.32274678111587984
8431,0.73,5.21125,0.07141630901287555,0.37081545064377686
8432,0.905,5.2125,0.07544492131616595,0.3937052932761088
8433,0.905,5.18125,0.05978826895565094,0.3113018597997139
8434,0.8125,5.1975,0.06143633762517883,0.3181688125894135
8435,0.7125,5.19125,0.059330472103004295,0.30672389127324756
8436,0.685,5.215,0.07040915593705294,0.36852646638054365
8437,0.83,5.18875,0.05566809728183119,0.288412017167382
8438,0.7975,5.19625,0.06647210300429185,0.34563662374821175
8439,0.83,5.18625,0.06042918454935623,0.3158798283261803
8440,0.7,5.2125,0.06793705293276109,0.35250357653791137
8441,0.7075,5.185,0.058964234620886985,0.30672389127324756
8442,0.88,5.18,0.07333905579399143,0.3158798283261803
8443,0.6725,5.2075,0.07233190271816882,0.37539341917024327
8444,0.865,5.215,0.07205722460658083,0.37539341917024327
8445,0.745,5.20125,0.062077253218884125,0.32274678111587984
8446,0.8725,5.18375,0.06308440629470673,0.32732474964234626
8447,0.725,5.1775,0.06042918454935623,0.3113018597997139
8448,0.7125,5.18375,0.059330472103004295,0.30672389127324756
8449,0.765,5.1975,0.07187410586552218,0.37539341917024327
8450,0.745,5.18375,0.062077253218884125,0.32274678111587984
8451,0.6725,5.1925,0.05603433476394851,0.2929899856938484
8452,0.71,5.21,0.06519027181688127,0.3410586552217454
8453,0.75,5.19125,0.06253505007153076,0.32732474964234626
8454,0.8725,5.2075,0.07269814020028613,0.3776824034334764
8455,0.685,5.20375,0.07040915593705294,0.36852646638054365
8456,0.775,5.2125,0.06454935622317597,0.33648068669527903
8457,0.6925,5.18375,0.0576824034334764,0.29985693848354794
8458,0.785,5.19875,0.05704148783977111,0.2952789699570816
8459,0.7275,5.18875,0.060612303290414886,0.3158798283261803
8460,1.015,5.20875,0.08460085836909872,0.44177396280400577
8461,0.785,5.20125,0.06418311874105866,0.3341917024320458
8462,0.81,5.2075,0.06747925608011446,0.35250357653791137
8463,0.8425,5.21125,0.07022603719599428,0.36852646638054365
8464,0.775,5.195,0.07562804005722461,0.3937052932761088
8465,0.8725,5.19875,0.07269814020028613,0.3776824034334764
8466,0.8825,5.2125,0.07352217453505008,0.38226037195994284
8467,0.7,5.2025,0.069585121602289,0.3639484978540773
8468,0.68,5.215,0.07233190271816882,0.3776824034334764
8469,0.875,5.215,0.07288125894134478,0.3776824034334764
8470,0.705,5.21,0.07352217453505008,0.38226037195994284
8471,0.725,5.2075,0.062077253218884125,0.32274678111587984
8472,0.6925,5.1825,0.0576824034334764,0.29985693848354794
8473,0.7775,5.19875,0.057499284692417746,0.29985693848354794
8474,0.8775,5.18125,0.05704148783977111,0.2952789699570816
8475,0.86,5.2025,0.07169098712446352,0.37081545064377686
8476,0.7275,5.20375,0.08084692417739629,0.421173104434907
8477,0.7375,5.2025,0.07416309012875537,0.3868383404864092
8478,0.82,5.19125,0.0683032904148784,0.3570815450643777
8479,0.78,5.2025,0.06500715307582261,0.32274678111587984
8480,0.7275,5.21125,0.07169098712446352,0.37539341917024327
8481,0.8225,5.2125,0.06857796852646639,0.3570815450643777
8482,0.745,5.17625,0.062077253218884125,0.32274678111587984
8483,0.85,5.185,0.055851216022889845,0.288412017167382
8484,0.8325,5.2025,0.06940200286123034,0.35937052932761093
8485,0.8175,5.215,0.06812017167381974,0.3570815450643777
8486,0.6775,5.215,0.07205722460658083,0.37539341917024327
8487,0.7375,5.20625,0.06143633762517883,0.3181688125894135
8488,0.685,5.18,0.05704148783977111,0.2952789699570816
8489,0.7675,5.2,0.05878111587982833,0.30672389127324756
8490,0.705,5.18375,0.05878111587982833,0.30443490701001436
8491,0.905,5.21,0.07544492131616595,0.3937052932761088
8492,0.9175,5.1775,0.059971387696709594,0.3113018597997139
8493,0.7325,5.18125,0.06107010014306152,0.3158798283261803
8494,0.7125,5.1825,0.059330472103004295,0.30672389127324756
8495,0.705,5.20875,0.07581115879828328,0.3937052932761088
8496,0.805,5.20125,0.06711301859799715,0.34792560801144495
8497,0.875,5.21125,0.07288125894134478,0.3776824034334764
8498,0.69,5.20375,0.07086695278969958,0.36852646638054365
8499,0.8775,5.21375,0.07315593705293277,0.38226037195994284
8500,0.67,5.185,0.055851216022889845,0.288412017167382
8501,0.7375,5.205,0.062077253218884125,0.32274678111587984
8502,0.665,5.1925,0.05539341917024321,0.288412017167382
8503,0.685,5.18125,0.05704148783977111,0.2952789699570816
8504,0.8375,5.1875,0.059605150214592284,0.30672389127324756
8505,0.7325,5.19875,0.06775393419170243,0.35250357653791137
8506,0.7075,5.19,0.058964234620886985,0.30672389127324756
8507,0.7175,5.2125,0.07581115879828328,0.3937052932761088
8508,0.7275,5.2125,0.07352217453505008,0.38226037195994284
8509,0.835,5.21125,0.069585121602289,0.3639484978540773
8510,0.7925,5.195,0.06976824034334765,0.3639484978540773
8511,0.6675,5.2125,0.07397997138769671,0.3868383404864092
8512,0.6775,5.19625,0.056492131616595144,0.2929899856938484
8513,0.7025,5.2125,0.06583118741058656,0.3410586552217454
8514,0.865,5.185,0.05704148783977111,0.2952789699570816
8515,0.8075,5.19625,0.0672961373390558,0.34792560801144495
8516,0.825,5.1875,0.06876108726752504,0.3158798283261803
8517,0.6875,5.21375,0.07123319027181689,0.37081545064377686
8518,0.6825,5.1825,0.056858369098712454,0.2952789699570816
8519,0.75,5.19125,0.06253505007153076,0.32732474964234626
8520,0.8825,5.18125,0.0566752503576538,0.2929899856938484
8521,0.945,5.21125,0.07874105865522175,0.4097281831187411
8522,0.865,5.21125,0.07205722460658083,0.37539341917024327
8523,0.9025,5.17875,0.06143633762517883,0.3181688125894135
8524,0.76,5.1825,0.06335908440629472,0.32961373390557946
8525,0.705,5.1825,0.05878111587982833,0.30443490701001436
8526,0.695,5.21,0.07288125894134478,0.3776824034334764
8527,0.815,5.2125,0.06793705293276109,0.35250357653791137
8528,0.7125,5.2025,0.059330472103004295,0.30672389127324756
8529,0.6775,5.21125,0.07581115879828328,0.3937052932761088
8530,0.885,5.21,0.07370529327610874,0.38226037195994284
8531,0.8725,5.2125,0.07269814020028613,0.3776824034334764
8532,0.7025,5.20125,0.06940200286123034,0.35937052932761093
8533,0.7925,5.2125,0.06601430615164522,0.34563662374821175
8534,0.6875,5.18125,0.05731616595135909,0.2952789699570816
8535,0.88,5.18125,0.05621745350500716,0.2929899856938484
8536,0.8075,5.20875,0.0672961373390558,0.34792560801144495
8537,0.785,5.20625,0.06537339055793992,0.3410586552217454
8538,0.89,5.1825,0.06253505007153076,0.32274678111587984
8539,0.75,5.1825,0.06253505007153076,0.32274678111587984
8540,0.7175,5.17875,0.05978826895565094,0.3113018597997139
8541,0.7075,5.21,0.06857796852646639,0.3570815450643777
8542,0.86,5.18375,0.05795708154506438,0.29985693848354794
8543,0.865,5.2075,0.07205722460658083,0.37539341917024327
8544,0.7575,5.195,0.07022603719599428,0.3639484978540773
8545,0.675,5.21375,0.07416309012875537,0.3868383404864092
8546,0.77,5.21125,0.06418311874105866,0.3341917024320458
8547,0.67,5.21375,0.07187410586552218,0.37539341917024327
8548,0.87,5.18375,0.055851216022889845,0.288412017167382
8549,0.8175,5.2,0.06812017167381974,0.35250357653791137
8550,0.7525,5.19625,0.06454935622317597,0.3341917024320458
8551,0.9125,5.17875,0.06747925608011446,0.34792560801144495
8552,0.705,5.18625,0.05878111587982833,0.30443490701001436
8553,0.73,5.21125,0.07040915593705294,0.36852646638054365
8554,0.7175,5.2125,0.0762689556509299,0.3982832618025752
8555,0.9175,5.2075,0.07645207439198856,0.3982832618025752
8556,0.87,5.2125,0.07251502145922747,0.3776824034334764
8557,0.67,5.21125,0.07086695278969958,0.36852646638054365
8558,0.755,5.21,0.06290128755364807,0.32732474964234626
8559,0.6775,5.18125,0.056492131616595144,0.2929899856938484
8560,0.865,5.1825,0.05621745350500716,0.2929899856938484
8561,0.9275,5.20375,0.07727610872675252,0.4005722460658083
8562,0.7325,5.20625,0.06107010014306152,0.3181688125894135
8563,0.695,5.21375,0.06747925608011446,0.35250357653791137
8564,0.6675,5.19,0.05566809728183119,0.288412017167382
8565,0.72,5.18625,0.059971387696709594,0.3113018597997139
8566,0.865,5.18875,0.07059227467811159,0.36852646638054365
8567,0.775,5.18625,0.06454935622317597,0.3341917024320458
8568,0.7325,5.18,0.06107010014306152,0.3158798283261803
8569,0.7125,5.21125,0.08084692417739629,0.421173104434907
8570,0.8975,5.2025,0.07480400572246067,0.3891273247496424
8571,0.765,5.21125,0.06372532188841203,0.3341917024320458
8572,0.67,5.21125,0.07333905579399143,0.38226037195994284
8573,0.7525,5.21,0.06271816881258942,0.32732474964234626
8574,0.7175,5.1875,0.05978826895565094,0.3113018597997139
8575,0.87,5.1825,0.057499284692417746,0.2952789699570816
8576,0.8575,5.205,0.07141630901287555,0.37081545064377686
8577,0.735,5.20625,0.06125321888412018,0.3181688125894135
8578,0.725,5.2075,0.062077253218884125,0.32274678111587984
8579,0.88,5.18125,0.05621745350500716,0.2929899856938484
8580,0.8,5.1975,0.0666552217453505,0.34563662374821175
8581,0.8325,5.19125,0.07269814020028613,0.3776824034334764
8582,0.8675,5.1875,0.069585121602289,0.35937052932761093
8583,0.755,5.1825,0.06290128755364807,0.32732474964234626
8584,0.71,5.21,0.08167095851216023,0.4234620886981402
8585,0.74,5.20125,0.07434620886981402,0.3868383404864092
8586,0.84,5.195,0.07004291845493563,0.3639484978540773
8587,0.9125,5.18625,0.06519027181688127,0.33648068669527903
8588,0.7575,5.19625,0.06537339055793992,0.3410586552217454
8589,0.875,5.21125,0.07288125894134478,0.3776824034334764
8590,0.6675,5.21125,0.05566809728183119,0.37081545064377686
8591,0.76,5.20125,0.05832331902718169,0.30443490701001436
8592,0.84,5.2025,0.07004291845493563,0.3639484978540773
8593,0.845,5.20375,0.07040915593705294,0.36852646638054365
8594,0.705,5.20125,0.06857796852646639,0.3570815450643777
8595,0.8675,5.215,0.07233190271816882,0.3776824034334764
8596,0.7425,5.18125,0.06189413447782547,0.32274678111587984
8597,0.74,5.21,0.07022603719599428,0.36852646638054365
8598,0.91,5.21125,0.07581115879828328,0.3937052932761088
8599,0.8775,5.2,0.07315593705293277,0.3776824034334764
8600,0.8975,5.18125,0.05914735336194564,0.30672389127324756
8601,0.7525,5.1875,0.06271816881258942,0.32732474964234626
8602,0.8425,5.2025,0.07022603719599428,0.3639484978540773
8603,0.8475,5.18375,0.05603433476394851,0.288412017167382
8604,0.845,5.20375,0.07040915593705294,0.36852646638054365
8605,0.77,5.21125,0.06418311874105866,0.3341917024320458
8606,0.72,5.2075,0.06143633762517883,0.3181688125894135
8607,0.665,5.18875,0.05539341917024321,0.288412017167382
8608,0.8425,5.20125,0.07022603719599428,0.3639484978540773
8609,0.8125,5.19,0.06290128755364807,0.32732474964234626
8610,0.86,5.215,0.07169098712446352,0.37539341917024327
8611,0.7325,5.1975,0.06107010014306152,0.3181688125894135
8612,0.905,5.18125,0.059605150214592284,0.30672389127324756
8613,0.7325,5.18,0.06107010014306152,0.3158798283261803
8614,0.765,5.18375,0.06372532188841203,0.32961373390557946
8615,0.715,5.21125,0.07462088698140201,0.3891273247496424
8616,0.69,5.215,0.0672961373390558,0.35250357653791137
8617,0.6675,5.185,0.05566809728183119,0.288412017167382
8618,0.8825,5.18125,0.0566752503576538,0.2929899856938484
8619,1.2375,5.1675,0.12021745350500716,0.6226037195994278
8620,0.685,5.18125,0.05704148783977111,0.2952789699570816
8621,0.8375,5.1875,0.05566809728183119,0.288412017167382
8622,0.8075,5.1925,0.056858369098712454,0.2952789699570816
8623,0.8275,5.20125,0.0689442060085837,0.35937052932761093
8624,0.6875,5.20375,0.07544492131616595,0.3937052932761088
8625,0.6875,5.21375,0.06876108726752504,0.35937052932761093
8626,0.8675,5.19875,0.07233190271816882,0.37539341917024327
8627,0.9,5.18125,0.05878111587982833,0.30443490701001436
8628,0.9,5.18125,0.059605150214592284,0.30672389127324756
8629,0.715,5.17875,0.059605150214592284,0.30672389127324756
8630,0.7175,5.17875,0.05978826895565094,0.3113018597997139
8631,0.7575,5.2025,0.05832331902718169,0.30443490701001436
8632,0.695,5.18875,0.05795708154506438,0.29985693848354794
8633,0.7925,5.1975,0.06601430615164522,0.3410586552217454
8634,0.86,5.18375,0.05795708154506438,0.29985693848354794
8635,0.8575,5.20625,0.07141630901287555,0.37081545064377686
8636,0.83,5.215,0.06912732474964235,0.35937052932761093
8637,0.6875,5.215,0.06876108726752504,0.35937052932761093
8638,0.685,5.18125,0.05704148783977111,0.2952789699570816
8639,0.82,5.20125,0.0683032904148784,0.3570815450643777
8640,0.79,5.19125,0.06354220314735337,0.32961373390557946
8641,0.7475,5.2,0.06226037195994278,0.32274678111587984
8642,0.785,5.2025,0.06537339055793992,0.3410586552217454
8643,0.89,5.1825,0.06079542203147354,0.3158798283261803
8644,0.7075,5.1825,0.058964234620886985,0.30443490701001436
8645,0.7075,5.18375,0.058964234620886985,0.30672389127324756
8646,0.6675,5.21375,0.07269814020028613,0.3776824034334764
8647,0.7225,5.2075,0.060246065808297576,0.3158798283261803
8648,0.7675,5.1925,0.064,0.3341917024320458
8649,0.86,5.18375,0.05795708154506438,0.29985693848354794
8650,0.85,5.205,0.07086695278969958,0.36852646638054365
8651,0.68,5.19625,0.0566752503576538,0.2952789699570816
8652,0.675,5.21375,0.07187410586552218,0.37539341917024327
8653,0.71,5.21125,0.06683834048640916,0.34792560801144495
8654,0.6675,5.19,0.05566809728183119,0.288412017167382
8655,0.72,5.2075,0.06189413447782547,0.32274678111587984
8656,0.8275,5.1925,0.07352217453505008,0.38226037195994284
8657,0.8525,5.19625,0.07105007153075824,0.36852646638054365
8658,0.87,5.1875,0.058964234620886985,0.30672389127324756
8659,0.7875,5.2025,0.06335908440629472,0.32961373390557946
8660,0.75,5.2,0.06253505007153076,0.32732474964234626
8661,0.7,5.2025,0.0769098712446352,0.4005722460658083
8662,0.6725,5.215,0.07251502145922747,0.3776824034334764
8663,0.7975,5.215,0.06647210300429185,0.34563662374821175
8664,0.6725,5.215,0.0779170243204578,0.40515021459227474
8665,0.78,5.1975,0.0566752503576538,0.2952789699570816
8666,0.8125,5.19875,0.06775393419170243,0.35250357653791137
8667,0.8575,5.18375,0.07141630901287555,0.37081545064377686
8668,0.6675,5.21375,0.07434620886981402,0.3868383404864092
8669,0.755,5.195,0.06290128755364807,0.32732474964234626
8670,0.7225,5.185,0.060246065808297576,0.3113018597997139
8671,0.71,5.2075,0.07562804005722461,0.3937052932761088
8672,0.8,5.18875,0.0666552217453505,0.34563662374821175
8673,0.8,5.19,0.0666552217453505,0.34563662374821175
8674,0.7525,5.20625,0.06601430615164522,0.34563662374821175
8675,0.855,5.21,0.07123319027181689,0.37081545064377686
8676,0.865,5.215,0.07205722460658083,0.37539341917024327
8677,0.695,5.2025,0.07004291845493563,0.3639484978540773
8678,0.8025,5.2125,0.06683834048640916,0.34792560801144495
8679,0.6775,5.18375,0.056492131616595144,0.2929899856938484
8680,0.815,5.1925,0.05603433476394851,0.2929899856938484
8681,0.7225,5.18625,0.060246065808297576,0.3113018597997139
8682,0.865,5.21375,0.07205722460658083,0.37539341917024327
8683,0.7175,5.21,0.07141630901287555,0.37081545064377686
8684,0.72,5.185,0.059971387696709594,0.3113018597997139
8685,0.7875,5.195,0.06564806866952791,0.3410586552217454
8686,0.7075,5.21125,0.07544492131616595,0.3937052932761088
8687,0.8775,5.2125,0.07315593705293277,0.38226037195994284
8688,0.8175,5.2075,0.06812017167381974,0.3570815450643777
8689,0.7575,5.19875,0.07233190271816882,0.37539341917024327
8690,0.7575,5.1975,0.07251502145922747,0.37539341917024327
8691,0.875,5.21125,0.07288125894134478,0.3776824034334764
8692,0.7175,5.2,0.0689442060085837,0.35937052932761093
8693,0.6925,5.215,0.06711301859799715,0.34792560801144495
8694,0.67,5.18625,0.055851216022889845,0.288412017167382
8695,0.765,5.2,0.05814020028612304,0.30443490701001436
8696,0.815,5.19,0.061711015736766815,0.3181688125894135
8697,0.815,5.21375,0.06793705293276109,0.35250357653791137
8698,0.685,5.20625,0.07141630901287555,0.37081545064377686
8699,0.6975,5.2125,0.06564806866952791,0.3410586552217454
8700,0.7,5.18375,0.05832331902718169,0.30443490701001436
8701,0.705,5.2075,0.0769098712446352,0.4005722460658083
8702,0.7075,5.21125,0.07608583690987125,0.3982832618025752
8703,0.9175,5.20625,0.07645207439198856,0.3982832618025752
8704,0.875,5.18625,0.07288125894134478,0.3776824034334764
8705,0.9,5.18125,0.05914735336194564,0.30672389127324756
8706,0.815,5.21375,0.06793705293276109,0.35250357653791137
8707,0.67,5.1875,0.055851216022889845,0.288412017167382
8708,0.775,5.2025,0.0576824034334764,0.29985693848354794
8709,0.845,5.20125,0.07040915593705294,0.36852646638054365
8710,0.785,5.21125,0.06537339055793992,0.3410586552217454
8711,0.675,5.215,0.07141630901287555,0.37081545064377686
8712,0.77,5.21,0.06418311874105866,0.3341917024320458
8713,0.745,5.2075,0.062077253218884125,0.32274678111587984
8714,0.665,5.21125,0.07205722460658083,0.37539341917024327
8715,0.7,5.19875,0.05832331902718169,0.30443490701001436
8716,0.915,5.21125,0.0762689556509299,0.3982832618025752
8717,0.925,5.17875,0.06125321888412018,0.3181688125894135
8718,0.7,5.1875,0.05832331902718169,0.30443490701001436
8719,0.7375,5.185,0.06143633762517883,0.3181688125894135
8720,0.8775,5.18375,0.06354220314735337,0.32961373390557946
8721,0.8425,5.20125,0.07022603719599428,0.3639484978540773
8722,0.835,5.215,0.069585121602289,0.3639484978540773
8723,0.7275,5.20625,0.08167095851216023,0.4234620886981402
8724,0.87,5.2125,0.07251502145922747,0.3776824034334764
8725,0.705,5.20125,0.05878111587982833,0.30672389127324756
8726,0.685,5.21375,0.06940200286123034,0.35937052932761093
8727,0.8125,5.19375,0.05704148783977111,0.2952789699570816
8728,0.7,5.18375,0.05832331902718169,0.30443490701001436
8729,0.87,5.18125,0.06143633762517883,0.3181688125894135
8730,0.685,5.20625,0.07169098712446352,0.37539341917024327
8731,0.81,5.19125,0.06747925608011446,0.34792560801144495
8732,0.8625,5.19,0.06042918454935623,0.3158798283261803
8733,0.7675,5.20375,0.06372532188841203,0.32961373390557946
8734,0.7275,5.19625,0.060612303290414886,0.3158798283261803
8735,0.78,5.195,0.07022603719599428,0.3639484978540773
8736,0.67,5.21375,0.07169098712446352,0.37539341917024327
8737,0.68,5.195,0.0566752503576538,0.2952789699570816
8738,0.7875,5.19625,0.0566752503576538,0.2952789699570816
8739,0.8125,5.19,0.06189413447782547,0.32274678111587984
8740,0.88,5.21125,0.07333905579399143,0.38226037195994284
8741,0.8075,5.18875,0.0672961373390558,0.35250357653791137
8742,0.67,5.215,0.07288125894134478,0.3776824034334764
8743,0.6775,5.195,0.056492131616595144,0.2929899856938484
8744,0.7075,5.1825,0.058964234620886985,0.30443490701001436
8745,0.7525,5.2025,0.05878111587982833,0.30672389127324756
8746,0.8675,5.2075,0.07233190271816882,0.37539341917024327
8747,0.9075,5.205,0.07562804005722461,0.3937052932761088
8748,0.905,5.18,0.06042918454935623,0.3113018597997139
8749,0.79,5.18625,0.06583118741058656,0.3410586552217454
8750,0.7625,5.1825,0.06354220314735337,0.32961373390557946
8751,0.6775,5.215,0.07086695278969958,0.37081545064377686
8752,0.685,5.2,0.05704148783977111,0.2952789699570816
8753,0.7525,5.19125,0.06271816881258942,0.32732474964234626
8754,0.7625,5.20125,0.05795708154506438,0.29985693848354794
8755,0.84,5.2025,0.07004291845493563,0.3639484978540773
8756,0.755,5.2075,0.06290128755364807,0.32732474964234626
8757,0.685,5.21375,0.06876108726752504,0.35937052932761093
8758,0.68,5.18625,0.0566752503576538,0.2929899856938484
8759,0.7625,5.19125,0.06354220314735337,0.32961373390557946
8760,0.855,5.185,0.05603433476394851,0.288412017167382
8761,0.7825,5.205,0.06519027181688127,0.33648068669527903
8762,0.7225,5.195,0.060246065808297576,0.3113018597997139
8763,0.74,5.2,0.07352217453505008,0.38226037195994284
8764,0.715,5.21125,0.07581115879828328,0.3937052932761088
8765,0.915,5.2125,0.0762689556509299,0.3982832618025752
8766,0.7975,5.19,0.061711015736766815,0.3181688125894135
8767,0.69,5.21375,0.06775393419170243,0.35250357653791137
8768,0.67,5.18375,0.055851216022889845,0.288412017167382
8769,0.8175,5.19125,0.05539341917024321,0.288412017167382
8770,0.7175,5.2075,0.06253505007153076,0.32732474964234626
8771,0.7225,5.1875,0.060246065808297576,0.3113018597997139
8772,0.88,5.18,0.06253505007153076,0.32274678111587984
8773,0.6675,5.21125,0.07434620886981402,0.3868383404864092
8774,0.8525,5.21375,0.07105007153075824,0.37081545064377686
8775,0.6675,5.2125,0.07315593705293277,0.38226037195994284
8776,0.9425,5.17875,0.06482403433476396,0.33648068669527903
8777,0.875,5.19875,0.07288125894134478,0.3776824034334764
8778,0.785,5.2,0.06537339055793992,0.33648068669527903
8779,0.795,5.2,0.06271816881258942,0.32732474964234626
8780,0.8025,5.2075,0.06683834048640916,0.34792560801144495
8781,0.72,5.205,0.059971387696709594,0.3113018597997139
8782,0.74,5.205,0.060612303290414886,0.3158798283261803
8783,0.7175,5.185,0.05978826895565094,0.3113018597997139
8784,0.87,5.2075,0.07251502145922747,0.3776824034334764
8785,0.6725,5.215,0.07269814020028613,0.3776824034334764
8786,0.67,5.19125,0.055851216022889845,0.288412017167382
8787,0.7675,5.19375,0.064,0.3341917024320458
8788,0.865,5.18375,0.061711015736766815,0.3181688125894135
8789,0.8525,5.205,0.07105007153075824,0.37081545064377686
8790,0.7575,5.21,0.06308440629470673,0.32961373390557946
8791,0.86,5.185,0.06519027181688127,0.33648068669527903
8792,0.7425,5.1825,0.06189413447782547,0.32274678111587984
8793,0.7825,5.18625,0.06519027181688127,0.33648068669527903
8794,0.7875,5.2025,0.0662889842632332,0.34563662374821175
8795,0.7075,5.185,0.058964234620886985,0.30672389127324756
8796,0.67,5.18625,0.055851216022889845,0.288412017167382
8797,0.685,5.2125,0.06775393419170243,0.35250357653791137
8798,0.67,5.19,0.055851216022889845,0.288412017167382
8799,0.7675,5.1925,0.064,0.3341917024320458
8800,0.855,5.185,0.05566809728183119,0.288412017167382
8801,0.7375,5.1975,0.06857796852646639,0.3570815450643777
8802,0.7875,5.2125,0.06564806866952791,0.3410586552217454
8803,0.6675,5.21125,0.07269814020028613,0.3776824034334764
8804,0.7,5.215,0.07709298998569386,0.4005722460658083
8805,0.7175,5.185,0.05978826895565094,0.3113018597997139
8806,0.715,5.21125,0.07544492131616595,0.3937052932761088
8807,0.7775,5.19375,0.07059227467811159,0.36852646638054365
8808,0.8425,5.1925,0.07022603719599428,0.3639484978540773
8809,0.7675,5.20375,0.06436623748211731,0.3341917024320458
8810,0.77,5.20375,0.06683834048640916,0.34792560801144495
8811,0.7275,5.20625,0.060612303290414886,0.3158798283261803
8812,0.6925,5.21375,0.0672961373390558,0.35250357653791137
8813,0.8475,5.18625,0.05566809728183119,0.288412017167382
8814,0.97,5.20125,0.08084692417739629,0.421173104434907
8815,0.8275,5.18875,0.0689442060085837,0.288412017167382
8816,0.8525,5.18375,0.058964234620886985,0.30672389127324756
8817,0.8775,5.215,0.07315593705293277,0.38226037195994284
8818,0.7225,5.20375,0.060246065808297576,0.3158798283261803
8819,0.6975,5.2125,0.06537339055793992,0.3410586552217454
8820,0.87,5.215,0.07251502145922747,0.3776824034334764
8821,0.87,5.19875,0.07251502145922747,0.3776824034334764
8822,0.8225,5.19375,0.060246065808297576,0.3113018597997139
8823,0.7275,5.1975,0.060612303290414886,0.3158798283261803
8824,0.725,5.19625,0.06042918454935623,0.3158798283261803
8825,0.72,5.21,0.07333905579399143,0.38226037195994284
8826,0.8625,5.21375,0.07187410586552218,0.37539341917024327
8827,0.6675,5.1825,0.05566809728183119,0.288412017167382
8828,0.73,5.20875,0.06290128755364807,0.32732474964234626
8829,0.6775,5.1875,0.056492131616595144,0.2929899856938484
8830,0.6875,5.18125,0.05731616595135909,0.2952789699570816
8831,0.765,5.20125,0.059971387696709594,0.3113018597997139
8832,0.7225,5.195,0.060246065808297576,0.3113018597997139
8833,0.7125,5.18375,0.059330472103004295,0.30672389127324756
8834,0.8,5.19375,0.05621745350500716,0.2929899856938484
8835,0.875,5.21,0.07288125894134478,0.3776824034334764
8836,0.7825,5.2025,0.06519027181688127,0.33648068669527903
8837,0.88,5.18375,0.06308440629470673,0.32732474964234626
8838,0.8775,5.18375,0.06308440629470673,0.32732474964234626
8839,0.7125,5.18125,0.059330472103004295,0.30672389127324756
8840,0.705,5.20875,0.07608583690987125,0.3982832618025752
8841,0.6775,5.205,0.07141630901287555,0.37081545064377686
8842,0.8225,5.21375,0.06857796852646639,0.3570815450643777
8843,0.68,5.215,0.069585121602289,0.3639484978540773
8844,0.7625,5.2025,0.05850643776824035,0.30443490701001436
8845,0.8475,5.2025,0.07059227467811159,0.36852646638054365
8846,0.695,5.20375,0.07919885550786838,0.4120171673819743
8847,0.6875,5.21375,0.0683032904148784,0.3570815450643777
8848,0.675,5.185,0.05621745350500716,0.2929899856938484
8849,0.7975,5.19375,0.05621745350500716,0.2929899856938484
8850,0.845,5.18375,0.05850643776824035,0.30443490701001436
8851,0.72,5.19375,0.059971387696709594,0.3113018597997139
8852,0.73,5.2025,0.06079542203147354,0.3868383404864092
8853,0.725,5.20375,0.07416309012875537,0.3868383404864092
8854,0.92,5.20625,0.07663519313304722,0.3982832618025752
8855,0.805,5.19,0.06711301859799715,0.34792560801144495
8856,0.6825,5.215,0.0683032904148784,0.3570815450643777
8857,0.7025,5.18375,0.05850643776824035,0.30443490701001436
8858,0.8475,5.20375,0.07059227467811159,0.36852646638054365
8859,0.6975,5.2025,0.0689442060085837,0.35937052932761093
8860,0.7925,5.21375,0.06601430615164522,0.34563662374821175
8861,0.7525,5.19125,0.06271816881258942,0.32732474964234626
8862,0.8575,5.1825,0.05795708154506438,0.29985693848354794
8863,0.8575,5.21625,0.07141630901287555,0.37081545064377686
8864,0.6725,5.185,0.05603433476394851,0.288412017167382
8865,0.7425,5.20625,0.060246065808297576,0.3158798283261803
8866,0.9475,5.205,0.07892417739628041,0.4120171673819743
8867,0.8675,5.19875,0.07233190271816882,0.37539341917024327
8868,0.84,5.19125,0.05914735336194564,0.30672389127324756
8869,0.7025,5.1875,0.05850643776824035,0.30443490701001436
8870,0.8875,5.2125,0.07397997138769671,0.3868383404864092
8871,0.8475,5.1875,0.06271816881258942,0.32732474964234626
8872,0.755,5.1925,0.06290128755364807,0.32732474964234626
8873,0.8775,5.21375,0.07315593705293277,0.38226037195994284
8874,0.7925,5.19125,0.0683032904148784,0.3570815450643777
8875,0.85,5.21375,0.07086695278969958,0.37081545064377686
8876,0.71,5.185,0.05914735336194564,0.30672389127324756
8877,0.7725,5.20125,0.05814020028612304,0.30443490701001436
8878,0.7,5.2025,0.06940200286123034,0.35937052932761093
8879,0.865,5.21375,0.07205722460658083,0.37539341917024327
8880,0.67,5.21375,0.07315593705293277,0.38226037195994284
8881,0.7475,5.19875,0.07333905579399143,0.38226037195994284
8882,0.7425,5.18125,0.06189413447782547,0.32274678111587984
8883,0.7175,5.21125,0.07169098712446352,0.37539341917024327
8884,0.825,5.205,0.07645207439198856,0.3982832618025752
8885,0.9125,5.21375,0.07608583690987125,0.3982832618025752
8886,1.0125,5.17625,0.06683834048640916,0.34563662374821175
8887,0.7075,5.19875,0.06793705293276109,0.35250357653791137
8888,0.84,5.215,0.07004291845493563,0.3639484978540773
8889,0.665,5.2125,0.05539341917024321,0.3776824034334764
8890,0.7125,5.21,0.06537339055793992,0.3410586552217454
8891,0.685,5.1975,0.05704148783977111,0.2952789699570816
8892,0.7025,5.18375,0.05850643776824035,0.30443490701001436
8893,0.8125,5.1875,0.060246065808297576,0.3113018597997139
8894,0.8125,5.21125,0.06775393419170243,0.35250357653791137
8895,0.7275,5.1825,0.060612303290414886,0.3158798283261803
8896,0.855,5.1875,0.07040915593705294,0.3639484978540773
8897,0.8,5.19,0.0666552217453505,0.34563662374821175
8898,0.735,5.18125,0.06125321888412018,0.3181688125894135
8899,0.715,5.2125,0.07333905579399143,0.38226037195994284
8900,0.785,5.20625,0.06537339055793992,0.3410586552217454
8901,0.875,5.21125,0.07288125894134478,0.3776824034334764
8902,0.795,5.19125,0.062077253218884125,0.32274678111587984
8903,0.82,5.215,0.0683032904148784,0.3570815450643777
8904,0.67,5.185,0.055851216022889845,0.288412017167382
8905,0.705,5.21,0.06601430615164522,0.34563662374821175
8906,0.6775,5.19625,0.056492131616595144,0.2929899856938484
8907,0.8275,5.20125,0.0689442060085837,0.35937052932761093
8908,0.87,5.18125,0.05731616595135909,0.2952789699570816
8909,0.875,5.215,0.07288125894134478,0.3776824034334764
8910,0.6625,5.18875,0.05521030042918455,0.2861230329041488
8911,0.7375,5.205,0.07874105865522175,0.4097281831187411
8912,0.815,5.18875,0.06793705293276109,0.35250357653791137
8913,0.755,5.1825,0.06290128755364807,0.32732474964234626
8914,0.7075,5.21125,0.07462088698140201,0.3891273247496424
8915,0.705,5.2075,0.07581115879828328,0.3937052932761088
8916,0.75,5.19125,0.06253505007153076,0.32732474964234626
8917,0.865,5.1825,0.06372532188841203,0.32961373390557946
8918,0.69,5.2025,0.06912732474964235,0.35937052932761093
8919,0.73,5.2075,0.06079542203147354,0.3158798283261803
8920,0.72,5.20125,0.07544492131616595,0.3937052932761088
8921,0.685,5.21375,0.0683032904148784,0.3570815450643777
8922,0.685,5.18125,0.05704148783977111,0.2952789699570816
8923,0.8775,5.18125,0.05603433476394851,0.288412017167382
8924,0.665,5.21,0.07315593705293277,0.38226037195994284
8925,0.7425,5.2075,0.06189413447782547,0.32274678111587984
8926,0.945,5.1775,0.064,0.32961373390557946
8927,0.9175,5.18,0.05914735336194564,0.30672389127324756
8928,0.72,5.18,0.059971387696709594,0.3113018597997139
8929,0.715,5.18125,0.059605150214592284,0.30672389127324756
8930,0.7275,5.21125,0.07169098712446352,0.37539341917024327
8931,0.855,5.21375,0.07123319027181689,0.37081545064377686
8932,0.6725,5.19375,0.05603433476394851,0.2929899856938484
8933,0.7225,5.20875,0.06189413447782547,0.32274678111587984
8934,0.695,5.1825,0.05795708154506438,0.29985693848354794
8935,0.765,5.18,0.06372532188841203,0.32961373390557946
8936,0.695,5.2125,0.06519027181688127,0.3410586552217454
8937,0.6725,5.18375,0.05603433476394851,0.288412017167382
8938,0.7025,5.18125,0.05850643776824035,0.30443490701001436
8939,0.72,5.21,0.06290128755364807,0.32732474964234626
8940,0.685,5.18125,0.05704148783977111,0.2952789699570816
8941,0.9025,5.20875,0.07517024320457798,0.3891273247496424
8942,0.92,5.18,0.059971387696709594,0.3113018597997139
8943,0.725,5.185,0.06042918454935623,0.3158798283261803
8944,0.735,5.19625,0.06125321888412018,0.3181688125894135
8945,0.735,5.20125,0.07397997138769671,0.3868383404864092
8946,0.9175,5.1875,0.07645207439198856,0.3982832618025752
8947,0.88,5.20625,0.07333905579399143,0.38226037195994284
8948,0.7975,5.18875,0.06290128755364807,0.32732474964234626
8949,0.895,5.2125,0.07462088698140201,0.3891273247496424
8950,0.7925,5.21125,0.06601430615164522,0.34563662374821175
8951,0.69,5.2125,0.07105007153075824,0.37081545064377686
8952,0.715,5.20875,0.062077253218884125,0.32274678111587984
8953,0.6725,5.185,0.05603433476394851,0.288412017167382
8954,0.7325,5.20625,0.06079542203147354,0.3158798283261803
8955,0.8625,5.18375,0.055851216022889845,0.288412017167382
8956,0.7625,5.2025,0.06354220314735337,0.32961373390557946
8957,0.9175,5.18,0.06079542203147354,0.3158798283261803
8958,0.91,5.18125,0.059330472103004295,0.30672389127324756
8959,0.7075,5.1875,0.058964234620886985,0.30672389127324756
8960,0.7475,5.19875,0.07251502145922747,0.3776824034334764
8961,0.72,5.19875,0.0672961373390558,0.34792560801144495
8962,0.865,5.215,0.07205722460658083,0.37539341917024327
8963,0.7175,5.2,0.0683032904148784,0.3570815450643777
8964,0.745,5.2025,0.060612303290414886,0.3158798283261803
8965,0.825,5.2025,0.06876108726752504,0.3570815450643777
8966,0.865,5.1825,0.07205722460658083,0.37539341917024327
8967,0.69,5.205,0.07086695278969958,0.36852646638054365
8968,0.8275,5.215,0.0689442060085837,0.35937052932761093
8969,0.6775,5.1825,0.056492131616595144,0.2929899856938484
8970,0.6725,5.21375,0.07123319027181689,0.37081545064377686
8971,1.22,5.17125,0.10163090128755366,0.5241773962804006
8972,0.7075,5.1925,0.058964234620886985,0.30672389127324756
8973,0.82,5.1925,0.06812017167381974,0.35250357653791137
8974,0.79,5.1875,0.06583118741058656,0.3410586552217454
8975,0.7175,5.17875,0.05978826895565094,0.3113018597997139
8976,0.7025,5.2125,0.07352217453505008,0.38226037195994284
8977,0.735,5.1875,0.06125321888412018,0.3181688125894135
8978,0.8575,5.21375,0.07141630901287555,0.37081545064377686
8979,0.67,5.20875,0.07233190271816882,0.37539341917024327
8980,0.7425,5.2075,0.06189413447782547,0.32274678111587984
8981,0.6775,5.1825,0.056492131616595144,0.2929899856938484
8982,0.8275,5.19125,0.05566809728183119,0.288412017167382
8983,0.785,5.19625,0.06537339055793992,0.3410586552217454
8984,0.8275,5.20125,0.0689442060085837,0.35937052932761093
8985,0.87,5.18375,0.05603433476394851,0.288412017167382
8986,0.875,5.18875,0.07288125894134478,0.3776824034334764
8987,0.88,5.21125,0.07333905579399143,0.38226037195994284
8988,0.89,5.18375,0.058964234620886985,0.30672389127324756
8989,0.9225,5.1775,0.059971387696709594,0.3113018597997139
8990,0.7225,5.18,0.060246065808297576,0.3113018597997139
8991,0.76,5.19625,0.08267811158798284,0.43032904148783985
8992,0.6725,5.215,0.07169098712446352,0.37539341917024327
8993,0.705,5.2,0.05878111587982833,0.30672389127324756
8994,0.67,5.21375,0.07169098712446352,0.37539341917024327
8995,0.6675,5.2125,0.07233190271816882,0.3776824034334764
8996,0.755,5.2075,0.06290128755364807,0.32732474964234626
8997,0.68,5.21375,0.07059227467811159,0.36852646638054365
8998,0.85,5.185,0.055851216022889845,0.288412017167382
8999,0.8025,5.1975,0.06683834048640916,0.34792560801144495
9000,0.725,5.2,0.06812017167381974,0.35250357653791137
9001,0.7175,5.20125,0.07416309012875537,0.3868383404864092
9002,0.875,5.2,0.07288125894134478,0.3776824034334764
9003,0.915,5.18125,0.0762689556509299,0.30672389127324756
9004,0.835,5.195,0.059971387696709594,0.3113018597997139
9005,0.915,5.21125,0.0762689556509299,0.3982832618025752
9006,0.8175,5.19125,0.06812017167381974,0.35250357653791137
9007,0.69,5.205,0.07352217453505008,0.38226037195994284
9008,0.89,5.21125,0.07416309012875537,0.3868383404864092
9009,0.685,5.2,0.05704148783977111,0.2952789699570816
9010,0.675,5.215,0.07169098712446352,0.37539341917024327
9011,0.6725,5.19,0.05603433476394851,0.2929899856938484
9012,0.8525,5.20875,0.07105007153075824,0.37081545064377686
9013,0.71,5.2025,0.06857796852646639,0.3570815450643777
9014,0.78,5.2125,0.06500715307582261,0.33648068669527903
9015,0.82,5.205,0.0683032904148784,0.3570815450643777
9016,0.805,5.2,0.06482403433476396,0.33648068669527903
9017,0.895,5.20625,0.07462088698140201,0.3891273247496424
9018,0.9025,5.2025,0.07517024320457798,0.3891273247496424
9019,1.0525,5.1625,0.08606580829756796,0.44177396280400577
9020,0.95,5.215,0.07919885550786838,0.4120171673819743
9021,0.84,5.19,0.07004291845493563,0.3639484978540773
9022,0.86,5.18375,0.05832331902718169,0.30443490701001436
9023,0.835,5.215,0.069585121602289,0.3639484978540773
9024,0.6675,5.18625,0.05566809728183119,0.288412017167382
9025,0.7625,5.2,0.05795708154506438,0.29985693848354794
9026,0.8325,5.18625,0.059330472103004295,0.30672389127324756
9027,0.8575,5.21,0.07141630901287555,0.37081545064377686
9028,0.6625,5.21,0.07333905579399143,0.38226037195994284
9029,0.735,5.20625,0.06079542203147354,0.3158798283261803
9030,0.715,5.18625,0.059605150214592284,0.30672389127324756
9031,0.7175,5.21125,0.07269814020028613,0.3776824034334764
9032,0.7025,5.21,0.0769098712446352,0.4005722460658083
9033,0.8775,5.20125,0.07315593705293277,0.3776824034334764
9034,0.855,5.19125,0.059330472103004295,0.30672389127324756
9035,0.77,5.20625,0.06537339055793992,0.3410586552217454
9036,0.745,5.20125,0.062077253218884125,0.32274678111587984
9037,0.755,5.20125,0.0662889842632332,0.34563662374821175
9038,0.845,5.18375,0.05878111587982833,0.30443490701001436
9039,0.88,5.21125,0.07333905579399143,0.38226037195994284
9040,0.6825,5.205,0.056858369098712454,0.37539341917024327
9041,0.69,5.215,0.06747925608011446,0.35250357653791137
9042,0.6775,5.1975,0.056492131616595144,0.2929899856938484
9043,0.7175,5.185,0.05978826895565094,0.3113018597997139
9044,0.8525,5.18125,0.05731616595135909,0.2952789699570816
9045,0.8575,5.205,0.07141630901287555,0.37081545064377686
9046,0.87,5.195,0.07251502145922747,0.37539341917024327
9047,0.7975,5.20125,0.06189413447782547,0.32274678111587984
9048,0.84,5.21,0.07004291845493563,0.3639484978540773
9049,0.89,5.21,0.07416309012875537,0.3868383404864092
9050,0.8625,5.18375,0.06335908440629472,0.32961373390557946
9051,0.76,5.18,0.06335908440629472,0.32961373390557946
9052,0.8125,5.19875,0.06775393419170243,0.35250357653791137
9053,0.715,5.19875,0.06711301859799715,0.34792560801144495
9054,0.83,5.215,0.06912732474964235,0.35937052932761093
9055,0.6675,5.195,0.05566809728183119,0.288412017167382
9056,0.7225,5.2075,0.06253505007153076,0.32732474964234626
9057,0.7175,5.205,0.05978826895565094,0.3113018597997139
9058,0.7025,5.18375,0.05850643776824035,0.30443490701001436
9059,0.87,5.18125,0.0566752503576538,0.2929899856938484
9060,0.8575,5.20875,0.07141630901287555,0.37081545064377686
9061,0.8625,5.19875,0.07187410586552218,0.37539341917024327
9062,0.91,5.17875,0.059971387696709594,0.3113018597997139
9063,0.855,5.19,0.05878111587982833,0.30443490701001436
9064,0.735,5.19625,0.06125321888412018,0.3181688125894135
9065,0.865,5.1875,0.07123319027181689,0.37081545064377686
9066,0.865,5.185,0.06042918454935623,0.3158798283261803
9067,0.685,5.18625,0.05704148783977111,0.2952789699570816
9068,0.685,5.21375,0.06812017167381974,0.3570815450643777
9069,0.885,5.1825,0.05603433476394851,0.288412017167382
9070,1.16,5.1525,0.09668669527896996,0.4989985693848355
9071,0.7475,5.20375,0.059971387696709594,0.3113018597997139
9072,0.8475,5.185,0.05878111587982833,0.30443490701001436
9073,0.8575,5.21625,0.07141630901287555,0.37081545064377686
9074,0.6875,5.20375,0.069585121602289,0.3639484978540773
9075,0.685,5.21625,0.07141630901287555,0.37081545064377686
9076,0.9175,5.2125,0.07645207439198856,0.3982832618025752
9077,0.975,5.175,0.0812131616595136,0.3113018597997139
9078,0.8675,5.1825,0.06308440629470673,0.32732474964234626
9079,0.7725,5.185,0.06436623748211731,0.3341917024320458
9080,0.7375,5.18125,0.06143633762517883,0.3181688125894135
9081,0.745,5.20875,0.06747925608011446,0.35250357653791137
9082,0.725,5.1875,0.06042918454935623,0.3158798283261803
9083,0.88,5.21125,0.07333905579399143,0.38226037195994284
9084,0.6725,5.2125,0.07434620886981402,0.3868383404864092
9085,0.815,5.20875,0.06793705293276109,0.35250357653791137
9086,0.67,5.18125,0.055851216022889845,0.288412017167382
9087,0.8025,5.19375,0.05603433476394851,0.2929899856938484
9088,0.8025,5.1975,0.06683834048640916,0.34792560801144495
9089,0.765,5.21,0.06372532188841203,0.3341917024320458
9090,0.6775,5.21375,0.07004291845493563,0.3639484978540773
9091,0.9325,5.20875,0.07773390557939915,0.40515021459227474
9092,0.9125,5.21,0.07608583690987125,0.3982832618025752
9093,0.89,5.18625,0.058964234620886985,0.30672389127324756
9094,0.71,5.18375,0.05914735336194564,0.30672389127324756
9095,0.7275,5.19625,0.060612303290414886,0.3158798283261803
9096,0.7775,5.19375,0.06418311874105866,0.3341917024320458
9097,0.795,5.215,0.0662889842632332,0.34563662374821175
9098,0.8175,5.2,0.06812017167381974,0.35250357653791137
9099,0.675,5.2075,0.07205722460658083,0.37539341917024327
9100,0.71,5.205,0.05914735336194564,0.30672389127324756
9101,0.6975,5.18375,0.05814020028612304,0.29985693848354794
9102,0.8425,5.185,0.05566809728183119,0.288412017167382
9103,0.6925,5.20125,0.06940200286123034,0.35937052932761093
9104,0.865,5.2125,0.07205722460658083,0.37539341917024327
9105,0.6725,5.21375,0.07251502145922747,0.3776824034334764
9106,0.7075,5.21,0.0769098712446352,0.4005722460658083
9107,0.91,5.21125,0.07581115879828328,0.3937052932761088
9108,0.8975,5.1825,0.05914735336194564,0.30672389127324756
9109,0.86,5.19,0.05878111587982833,0.30443490701001436
9110,0.765,5.20125,0.06372532188841203,0.32961373390557946
9111,0.8425,5.185,0.07397997138769671,0.38226037195994284
9112,0.7575,5.2,0.05850643776824035,0.30443490701001436
9113,0.6675,5.1825,0.05566809728183119,0.288412017167382
9114,0.7825,5.19875,0.06519027181688127,0.30443490701001436
9115,0.875,5.18125,0.05566809728183119,0.288412017167382
9116,0.7825,5.195,0.06519027181688127,0.33648068669527903
9117,0.8725,5.21375,0.07269814020028613,0.3776824034334764
9118,0.69,5.21375,0.06564806866952791,0.3410586552217454
9119,0.69,5.1825,0.057499284692417746,0.2952789699570816
9120,1.2675,5.1625,0.10565951359084408,0.5447782546494994
9121,0.765,5.20875,0.07187410586552218,0.37539341917024327
9122,0.92,5.2125,0.07663519313304722,0.4005722460658083
9123,0.8425,5.19375,0.07022603719599428,0.3639484978540773
9124,0.765,5.205,0.06683834048640916,0.34792560801144495
9125,0.73,5.195,0.06079542203147354,0.3158798283261803
9126,0.77,5.17625,0.06418311874105866,0.3341917024320458
9127,0.715,5.2075,0.06253505007153076,0.32732474964234626
9128,0.8075,5.2125,0.0672961373390558,0.35250357653791137
9129,0.6825,5.18125,0.056858369098712454,0.2952789699570816
9130,0.84,5.18625,0.05566809728183119,0.288412017167382
9131,0.7375,5.19,0.06143633762517883,0.3181688125894135
9132,0.88,5.21,0.07333905579399143,0.38226037195994284
9133,0.79,5.19125,0.06308440629470673,0.32732474964234626
9134,0.8675,5.21125,0.07233190271816882,0.3776824034334764
9135,0.6875,5.20125,0.05731616595135909,0.2952789699570816
9136,0.7425,5.2075,0.07773390557939915,0.40515021459227474
9137,0.7575,5.185,0.06308440629470673,0.32732474964234626
9138,0.77,5.185,0.06418311874105866,0.3341917024320458
9139,0.715,5.21,0.07663519313304722,0.3982832618025752
9140,0.7125,5.21,0.07498712446351932,0.3891273247496424
9141,0.955,5.20875,0.07956509298998571,0.41659513590844066
9142,0.7375,5.19375,0.06418311874105866,0.3341917024320458
9143,0.68,5.215,0.07040915593705294,0.36852646638054365
9144,0.6725,5.18125,0.05603433476394851,0.288412017167382
9145,0.71,5.20875,0.06372532188841203,0.3341917024320458
9146,0.815,5.18875,0.061711015736766815,0.3181688125894135
9147,0.855,5.2125,0.07123319027181689,0.37081545064377686
9148,0.82,5.1875,0.07462088698140201,0.3868383404864092
9149,0.6675,5.21375,0.07315593705293277,0.38226037195994284
9150,0.6925,5.2,0.0576824034334764,0.29985693848354794
9151,0.745,5.205,0.07892417739628041,0.4120171673819743
9152,0.865,5.18625,0.06418311874105866,0.3341917024320458
9153,0.7475,5.18,0.06226037195994278,0.32274678111587984
9154,0.72,5.17625,0.059971387696709594,0.3113018597997139
9155,0.705,5.21125,0.07709298998569386,0.4005722460658083
9156,0.9125,5.2025,0.07608583690987125,0.3982832618025752
9157,0.6775,5.19625,0.056492131616595144,0.2929899856938484
9158,0.6825,5.21125,0.07205722460658083,0.37539341917024327
9159,0.6625,5.19,0.05521030042918455,0.2861230329041488
9160,0.755,5.1925,0.06290128755364807,0.32732474964234626
9161,0.8175,5.19125,0.06226037195994278,0.32274678111587984
9162,0.8775,5.2125,0.07315593705293277,0.38226037195994284
9163,0.67,5.1925,0.055851216022889845,0.288412017167382
9164,0.785,5.19625,0.05603433476394851,0.2929899856938484
9165,0.68,5.1825,0.0566752503576538,0.2929899856938484
9166,0.7975,5.1875,0.06647210300429185,0.34563662374821175
9167,0.7625,5.20625,0.06519027181688127,0.33648068669527903
9168,0.835,5.21125,0.069585121602289,0.3639484978540773
9169,0.8775,5.21375,0.07315593705293277,0.38226037195994284
9170,0.965,5.17375,0.07004291845493563,0.3639484978540773
9171,0.705,5.185,0.05878111587982833,0.30443490701001436
9172,0.7725,5.195,0.06436623748211731,0.3341917024320458
9173,0.865,5.18125,0.059971387696709594,0.3113018597997139
9174,0.865,5.215,0.07205722460658083,0.37539341917024327
9175,0.6825,5.19875,0.056858369098712454,0.2952789699570816
9176,0.78,5.2,0.05878111587982833,0.30672389127324756
9177,0.8725,5.1825,0.055851216022889845,0.288412017167382
9178,0.8325,5.20375,0.06940200286123034,0.35937052932761093
9179,0.8725,5.18125,0.05731616595135909,0.2952789699570816
9180,0.6725,5.2125,0.07315593705293277,0.38226037195994284
9181,0.93,5.2025,0.07745922746781117,0.4005722460658083
9182,0.8525,5.19625,0.064,0.3341917024320458
9183,0.7275,5.21125,0.07269814020028613,0.3776824034334764
9184,0.8925,5.215,0.07434620886981402,0.3868383404864092
9185,0.915,5.18,0.060612303290414886,0.3158798283261803
9186,0.885,5.18375,0.06271816881258942,0.32732474964234626
9187,0.77,5.1775,0.06418311874105866,0.3341917024320458
9188,0.77,5.2025,0.05832331902718169,0.30443490701001436
9189,0.6875,5.215,0.06683834048640916,0.34792560801144495
9190,0.6725,5.1925,0.05603433476394851,0.2929899856938484
9191,0.6825,5.215,0.056858369098712454,0.2952789699570816
9192,0.87,5.1825,0.055851216022889845,0.288412017167382
9193,0.7725,5.1925,0.06436623748211731,0.3341917024320458
9194,0.7625,5.19625,0.06354220314735337,0.32961373390557946
9195,0.845,5.18625,0.05539341917024321,0.288412017167382
9196,1.185,5.17,0.0987925608011445,0.5104434907010015
9197,0.95,5.2075,0.07919885550786838,0.4120171673819743
9198,0.91,5.17875,0.06189413447782547,0.3181688125894135
9199,0.805,5.19,0.06711301859799715,0.34792560801144495
9200,0.8025,5.19125,0.06683834048640916,0.34792560801144495
9201,0.7475,5.20875,0.06564806866952791,0.3410586552217454
9202,0.67,5.18375,0.055851216022889845,0.288412017167382
9203,0.785,5.1975,0.06537339055793992,0.3410586552217454
9204,0.81,5.18875,0.060612303290414886,0.3158798283261803
9205,0.8475,5.21125,0.07059227467811159,0.36852646638054365
9206,0.86,5.21,0.07169098712446352,0.37539341917024327
9207,0.6725,5.20875,0.07205722460658083,0.37539341917024327
9208,0.72,5.205,0.059971387696709594,0.3113018597997139
9209,0.6775,5.1825,0.056492131616595144,0.2929899856938484
9210,0.8525,5.18625,0.05539341917024321,0.288412017167382
9211,0.7875,5.20125,0.06564806866952791,0.3410586552217454
9212,0.8975,5.21125,0.07480400572246067,0.3891273247496424
9213,0.9025,5.18125,0.06107010014306152,0.3158798283261803
9214,0.815,5.1975,0.06372532188841203,0.32961373390557946
9215,0.8925,5.21125,0.07434620886981402,0.3868383404864092
9216,0.85,5.18625,0.064,0.3341917024320458
9217,3.93,4.9975,0.32476108726752506,1.6228898426323322
9218,3.865,5.005,0.3221058655221746,1.613733905579399
9219,3.6075,5.02,0.3016881258941345,1.515307582260372
9220,3.795,4.99875,0.3221058655221746,1.6091559370529327
9221,3.62,5.015,0.3016881258941345,1.5107296137339057
9222,3.67,5.0175,0.3026952789699571,1.5198855507868385
9223,3.63,5.01625,0.30187124463519316,1.515307582260372
9224,3.6375,5.015,0.30315307582260376,1.5198855507868385
9225,3.6425,5.01625,0.3016881258941345,1.515307582260372
9226,3.6625,5.0175,0.2991244635193133,1.4992846924177399
9227,3.6025,5.0175,0.3002231759656653,1.5084406294706727
9228,3.6475,5.015,0.3039771101573677,1.5267525035765381
9229,3.625,5.01875,0.30004005722460664,1.5084406294706727
9230,3.585,5.01625,0.29875822603719604,1.4992846924177399
9231,3.72,5.0125,0.3100200286123033,1.5519313304721032
9232,3.73,5.0125,0.3129499284692418,1.5679542203147354
9233,3.7725,5.00875,0.31441487839771104,1.5748211731044353
9234,3.7375,5.0125,0.31148497854077256,1.5610872675250358
9235,3.745,5.01125,0.3100200286123033,1.5519313304721032
9236,3.6825,5.0125,0.3069070100143062,1.538197424892704
9237,3.705,5.01375,0.3087381974248927,1.54964234620887
9238,3.7525,5.0075,0.3069070100143062,1.538197424892704
9239,3.6325,5.01125,0.3026952789699571,1.515307582260372
9240,3.7425,5.01125,0.3118512160228899,1.563376251788269
9241,3.7425,5.01,0.3116680972818312,1.5610872675250358
9242,3.705,5.01,0.3087381974248927,1.5450643776824036
9243,3.7275,5.01,0.3106609442060086,1.5565092989985696
9244,3.7375,5.01125,0.3116680972818312,1.5610872675250358
9245,3.71,5.01,0.30919599427753935,1.54964234620887
9246,3.7025,5.01125,0.3085550786838341,1.5450643776824036
9247,3.7475,5.00875,0.30937911301859805,1.54964234620887
9248,3.735,5.01125,0.31121030042918457,1.5610872675250358
9249,3.69,5.01,0.3074563662374821,1.5404864091559372
9250,3.75,5.01,0.31331616595135914,1.5725321888412018
9251,3.7675,5.00875,0.31313304721030044,1.5679542203147354
9252,3.69,5.00875,0.3074563662374821,1.5404864091559372
9253,3.7225,5.01375,0.30892131616595137,1.54964234620887
9254,3.745,5.01,0.31331616595135914,1.5725321888412018
9255,3.7375,5.01,0.31148497854077256,1.5610872675250358
9256,3.7325,5.01,0.3087381974248927,1.5450643776824036
9257,3.7425,5.01125,0.31148497854077256,1.5610872675250358
9258,3.7225,5.01,0.31020314735336196,1.5519313304721032
9259,3.725,5.01125,0.30937911301859805,1.54964234620887
9260,3.7475,5.0075,0.3134992846924178,1.5725321888412018
9261,3.755,5.00875,0.3129499284692418,1.5679542203147354
9262,3.735,5.0075,0.3108440629470673,1.5565092989985696
9263,3.7375,5.00875,0.3095622317596567,1.54964234620887
9264,3.7925,5.01125,0.3160629470672389,1.5816881258941344
9265,3.715,5.01125,0.3095622317596567,1.5519313304721032
9266,3.73,5.01,0.3108440629470673,1.5565092989985696
9267,3.7975,5.0075,0.31642918454935626,1.5862660944206008
9268,3.715,5.0125,0.3095622317596567,1.5519313304721032
9269,3.75,5.0075,0.31038626609442066,1.5519313304721032
9270,3.77,5.01,0.31414020028612305,1.5748211731044353
9271,3.665,5.0175,0.30544206008583696,1.5336194563662375
9272,3.655,5.0175,0.304343347639485,1.5267525035765381
9273,3.65,5.0175,0.30416022889842637,1.5267525035765381
9274,3.64,5.01625,0.3033361945636624,1.5221745350500717
9275,3.64,5.015,0.304618025751073,1.5267525035765381
9276,3.69,5.01625,0.3074563662374821,1.5404864091559372
9277,3.615,5.01625,0.3012303290414879,1.5107296137339057
9278,3.655,5.01375,0.30544206008583696,1.5290414878397713
9279,3.66,5.015,0.3049842632331903,1.5290414878397713
9280,3.6375,5.01375,0.30315307582260376,1.5198855507868385
9281,3.64,5.01625,0.30351931330472104,1.5221745350500717
9282,3.61,5.01625,0.30086409155937055,1.5084406294706727
9283,3.68,5.01625,0.3066323319027182,1.538197424892704
9284,3.6375,5.015,0.29793419170243207,1.4924177396280403
9285,3.6375,5.01625,0.30315307582260376,1.5198855507868385
9286,3.6275,5.0175,0.3023290414878398,1.515307582260372
9287,3.6525,5.0125,0.3033361945636624,1.5198855507868385
9288,3.645,5.015,0.3004062947067239,1.5084406294706727
9289,3.6575,5.01375,0.30480114449213164,1.5267525035765381
9290,3.6525,5.0175,0.3039771101573677,1.5267525035765381
9291,3.665,5.01375,0.3098369098712447,1.5519313304721032
9292,3.655,5.01625,0.304618025751073,1.5267525035765381
9293,3.66,5.01375,0.30351931330472104,1.5221745350500717
9294,3.6425,5.01625,0.3079141630901288,1.5450643776824036
9295,3.6475,5.01375,0.3039771101573677,1.5221745350500717
9296,3.65,5.01875,0.30480114449213164,1.5290414878397713
9297,3.66,5.01625,0.3049842632331903,1.5290414878397713
9298,3.635,5.015,0.30287839771101577,1.5198855507868385
9299,3.6275,5.0175,0.30251216022889843,1.5198855507868385
9300,3.6475,5.0175,0.305167381974249,1.5290414878397713
9301,3.6075,5.01625,0.30058941344778256,1.5084406294706727
9302,3.6375,5.015,0.30315307582260376,1.5084406294706727
9303,3.635,5.01875,0.29747639484978544,1.4924177396280403
9304,3.62,5.0175,0.3016881258941345,1.515307582260372
9305,3.6575,5.01625,0.30480114449213164,1.5290414878397713
9306,3.655,5.01625,0.3023290414878398,1.515307582260372
9307,3.655,5.01375,0.304618025751073,1.5267525035765381
9308,3.66,5.015,0.3049842632331903,1.5290414878397713
9309,3.655,5.015,0.30379399141630903,1.5221745350500717
9310,3.68,5.01625,0.3066323319027182,1.538197424892704
9311,3.665,5.015,0.30544206008583696,1.5290414878397713
9312,3.65,5.015,0.3012303290414879,1.5107296137339057
9313,3.585,5.0175,0.29875822603719604,1.4992846924177399
9314,3.63,5.01625,0.30251216022889843,1.5198855507868385
9315,3.6525,5.015,0.3010472103004292,1.5107296137339057
9316,3.6575,5.0175,0.30480114449213164,1.5290414878397713
9317,3.605,5.0125,0.3004062947067239,1.5084406294706727
9318,3.6675,5.0125,0.30416022889842637,1.5267525035765381
9319,3.69,5.0175,0.3074563662374821,1.5404864091559372
9320,3.6175,5.015,0.30141344778254653,1.5107296137339057
9321,3.655,5.01625,0.30416022889842637,1.5267525035765381
9322,3.63,5.0175,0.30251216022889843,1.5198855507868385
9323,3.595,5.01875,0.29958226037195995,1.5038626609442063
9324,3.6225,5.01875,0.3016881258941345,1.515307582260372
9325,3.6325,5.01375,0.304343347639485,1.5267525035765381
9326,3.6375,5.0175,0.30315307582260376,1.5221745350500717
9327,3.6375,5.01625,0.3056251788268956,1.5336194563662375
9328,3.65,5.01625,0.30141344778254653,1.5107296137339057
9329,3.655,5.01625,0.304618025751073,1.5267525035765381
9330,3.62,5.0175,0.30058941344778256,1.5084406294706727
9331,3.6325,5.015,0.3026952789699571,1.5198855507868385
9332,3.6,5.01875,0.30004005722460664,1.5084406294706727
9333,3.675,5.02,0.30058941344778256,1.5084406294706727
9334,3.6225,5.015,0.30187124463519316,1.515307582260372
9335,3.6025,5.015,0.3002231759656653,1.5038626609442063
9336,3.635,5.0175,0.3023290414878398,1.515307582260372
9337,3.6575,5.01625,0.30251216022889843,1.5198855507868385
9338,3.675,5.01375,0.3062660944206009,1.5336194563662375
9339,3.6575,5.0125,0.30480114449213164,1.4992846924177399
9340,3.645,5.01625,0.3033361945636624,1.5221745350500717
9341,3.6125,5.015,0.3010472103004292,1.5107296137339057
9342,3.6925,5.01625,0.3077310443490701,1.5450643776824036
9343,3.6625,5.015,0.30315307582260376,1.5198855507868385
9344,3.5725,5.015,0.29775107296137343,1.4924177396280403
9345,3.6125,5.0175,0.3010472103004292,1.5107296137339057
9346,3.5975,5.0175,0.29857510729613734,1.4969957081545067
9347,3.67,5.0175,0.30580829756795425,1.5336194563662375
9348,3.625,5.015,0.3020543633762518,1.515307582260372
9349,3.6125,5.02,0.30141344778254653,1.5107296137339057
9350,3.655,5.0175,0.304618025751073,1.5290414878397713
9351,3.605,5.0175,0.3004062947067239,1.5084406294706727
9352,3.63,5.0175,0.3004062947067239,1.5084406294706727
9353,3.63,5.0175,0.30251216022889843,1.5198855507868385
9354,3.6275,5.015,0.3023290414878398,1.515307582260372
9355,3.595,5.01625,0.29775107296137343,1.4924177396280403
9356,3.69,5.0175,0.3074563662374821,1.5404864091559372
9357,3.63,5.01875,0.30251216022889843,1.5198855507868385
9358,3.6475,5.0175,0.30141344778254653,1.5107296137339057
9359,3.875,5.0075,0.32292989985693854,1.6160228898426325
9360,3.6175,5.0175,0.30141344778254653,1.5107296137339057
9361,3.6075,5.01875,0.2983004291845494,1.4969957081545067
9362,3.5925,5.015,0.2993991416309013,1.4992846924177399
9363,3.61,5.01875,0.30086409155937055,1.5107296137339057
9364,3.5825,5.0175,0.30004005722460664,1.5038626609442063
9365,3.6275,5.0175,0.304343347639485,1.5267525035765381
9366,3.575,5.01875,0.29793419170243207,1.4969957081545067
9367,3.6025,5.015,0.30058941344778256,1.5084406294706727
9368,3.6175,5.015,0.30004005722460664,1.5038626609442063
9369,3.59,5.01,0.2991244635193133,1.4992846924177399
9370,3.5575,5.01625,0.3012303290414879,1.5107296137339057
9371,3.6375,5.015,0.30379399141630903,1.5221745350500717
9372,3.595,5.0175,0.29958226037195995,1.5038626609442063
9373,3.63,5.015,0.2989413447782547,1.4992846924177399
9374,3.6275,5.01875,0.3026952789699571,1.5198855507868385
9375,3.59,5.02125,0.2991244635193133,1.4992846924177399
9376,3.5925,5.02,0.2993991416309013,1.4924177396280403
9377,3.6425,5.0175,0.3020543633762518,1.515307582260372
9378,1.2875,5.15375,0.10730758226037197,0.5516452074391989
9379,1.3325,5.15125,0.1110615164520744,0.5745350500715308
9380,1.3825,5.15125,0.10767381974248928,0.5539341917024321
9381,1.3775,5.17875,0.11481545064377684,0.5974248927038627
9382,1.2325,5.14875,0.10272961373390559,0.528755364806867
9383,1.2725,5.16125,0.10666666666666667,0.5516452074391989
9384,1.14,5.155,0.09503862660944207,0.492131616595136
9385,1.27,5.18375,0.10584263233190273,0.5470672389127326
9386,1.2375,5.1675,0.09604577968526468,0.49442060085836914
9387,1.3175,5.18375,0.10977968526466382,0.5699570815450644
9388,1.765,5.1075,0.14704434907010017,0.7507868383404865
9389,2.07,5.115,0.17707582260371962,0.9064377682403434
9390,1.2475,5.1525,0.10391988555078685,0.5356223175965666
9391,1.355,5.17875,0.11289270386266095,0.5859799713876968
9392,1.175,5.18125,0.11124463519313306,0.576824034334764
9393,1.22,5.15125,0.10163090128755366,0.5241773962804006
9394,1.345,5.1825,0.11206866952789701,0.5814020028612304
9395,1.27,5.165,0.09934191702432046,0.5127324749642347
9396,1.39,5.17625,0.11582260371959945,0.5997138769670959
9397,1.135,5.155,0.09458082975679544,0.4875536480686696
9398,1.2175,5.1675,0.10684978540772533,0.5516452074391989
9399,1.1425,5.15375,0.09522174535050072,0.492131616595136
9400,1.335,5.18125,0.11124463519313306,0.576824034334764
9401,1.205,5.17375,0.09833476394849787,0.5104434907010015
9402,1.115,5.185,0.10895565092989987,0.5653791130185981
9403,1.2825,5.16875,0.10684978540772533,0.5516452074391989
9404,1.1875,5.18,0.10227181688125896,0.528755364806867
9405,1.115,5.185,0.10959656652360517,0.5699570815450644
9406,1.545,5.14125,0.12873247496423462,0.6592274678111589
9407,1.2,5.17375,0.11921030042918457,0.6157367668097282
9408,1.395,5.15375,0.09751072961373392,0.5035765379113019
9409,1.3575,5.18125,0.11316738197424894,0.5859799713876968
9410,0.8375,5.1925,0.06079542203147354,0.3158798283261803
9411,0.76,5.2075,0.06711301859799715,0.34792560801144495
9412,0.845,5.19625,0.07040915593705294,0.36852646638054365
9413,0.675,5.21375,0.07745922746781117,0.40515021459227474
9414,0.7975,5.19375,0.0566752503576538,0.2929899856938484
9415,0.705,5.18375,0.05878111587982833,0.30443490701001436
9416,0.8525,5.1825,0.07105007153075824,0.37081545064377686
9417,0.6825,5.2075,0.07233190271816882,0.37539341917024327
9418,0.745,5.2075,0.062077253218884125,0.32274678111587984
9419,0.7775,5.19375,0.06482403433476396,0.33648068669527903
9420,0.72,5.20875,0.06271816881258942,0.32732474964234626
9421,0.9825,5.2075,0.08185407725321889,0.4280400572246066
9422,0.8225,5.20875,0.06857796852646639,0.3570815450643777
9423,0.8025,5.195,0.06940200286123034,0.35937052932761093
9424,0.735,5.18125,0.06125321888412018,0.3181688125894135
9425,0.7725,5.18375,0.06436623748211731,0.3341917024320458
9426,0.7525,5.2075,0.0672961373390558,0.34792560801144495
9427,0.735,5.1875,0.06125321888412018,0.3181688125894135
9428,0.8825,5.21125,0.07352217453505008,0.38226037195994284
9429,0.6725,5.21125,0.07517024320457798,0.3891273247496424
9430,0.85,5.21375,0.07086695278969958,0.37081545064377686
9431,0.685,5.195,0.05704148783977111,0.2952789699570816
9432,0.675,5.20875,0.07352217453505008,0.38226037195994284
9433,0.7225,5.2025,0.060246065808297576,0.3158798283261803
9434,0.7575,5.1925,0.06308440629470673,0.32732474964234626
9435,0.875,5.1825,0.056492131616595144,0.2929899856938484
9436,0.825,5.17875,0.06876108726752504,0.3570815450643777
9437,0.74,5.18,0.061711015736766815,0.3181688125894135
9438,0.8225,5.195,0.06189413447782547,0.32274678111587984
9439,0.77,5.2025,0.06372532188841203,0.32961373390557946
9440,0.8975,5.20625,0.07480400572246067,0.3891273247496424
9441,0.92,5.18,0.06079542203147354,0.3158798283261803
9442,0.745,5.195,0.06583118741058656,0.3410586552217454
9443,0.8775,5.2125,0.07315593705293277,0.38226037195994284
9444,0.6825,5.20625,0.0762689556509299,0.3982832618025752
9445,0.6875,5.21375,0.069585121602289,0.3639484978540773
9446,0.69,5.18125,0.057499284692417746,0.2952789699570816
9447,0.7525,5.20375,0.060246065808297576,0.3158798283261803
9448,0.9125,5.18125,0.0566752503576538,0.2929899856938484
9449,0.86,5.205,0.07169098712446352,0.37081545064377686
9450,0.87,5.18125,0.061711015736766815,0.3181688125894135
9451,0.855,5.19375,0.08212875536480688,0.4280400572246066
9452,0.72,5.17875,0.059971387696709594,0.3113018597997139
9453,0.7525,5.2075,0.06271816881258942,0.32732474964234626
9454,0.775,5.205,0.064,0.3341917024320458
9455,0.7875,5.20625,0.06564806866952791,0.3410586552217454
9456,0.73,5.19375,0.06079542203147354,0.3158798283261803
9457,0.675,5.21375,0.07169098712446352,0.37539341917024327
9458,0.755,5.2075,0.06290128755364807,0.32732474964234626
9459,0.675,5.1825,0.05621745350500716,0.2929899856938484
9460,0.72,5.21,0.06500715307582261,0.33648068669527903
9461,0.7275,5.18875,0.060612303290414886,0.3158798283261803
9462,0.87,5.2125,0.07251502145922747,0.3776824034334764
9463,0.6725,5.20375,0.07205722460658083,0.37539341917024327
9464,0.87,5.21625,0.07251502145922747,0.3776824034334764
9465,0.685,5.1825,0.05704148783977111,0.2952789699570816
9466,0.84,5.19875,0.06976824034334765,0.3639484978540773
9467,0.795,5.1875,0.0662889842632332,0.34563662374821175
9468,0.7775,5.185,0.06482403433476396,0.33648068669527903
9469,0.7275,5.2125,0.07205722460658083,0.37539341917024327
9470,0.9325,5.21,0.07773390557939915,0.40515021459227474
9471,0.7875,5.1875,0.06564806866952791,0.3410586552217454
9472,0.7575,5.19875,0.05850643776824035,0.30443490701001436
9473,0.7,5.1825,0.05832331902718169,0.30443490701001436
9474,0.855,5.20375,0.07123319027181689,0.37081545064377686
9475,0.68,5.2075,0.07233190271816882,0.37539341917024327
9476,0.7,5.2125,0.06601430615164522,0.34563662374821175
9477,0.825,5.2025,0.06876108726752504,0.3570815450643777
9478,0.79,5.19125,0.06253505007153076,0.32732474964234626
9479,0.6825,5.2075,0.07169098712446352,0.37539341917024327
9480,0.735,5.20875,0.06125321888412018,0.3181688125894135
9481,0.8175,5.20625,0.08643204577968527,0.45092989985693854
9482,0.7925,5.20125,0.06335908440629472,0.32961373390557946
9483,0.85,5.21,0.07086695278969958,0.36852646638054365
9484,0.745,5.2,0.07397997138769671,0.3868383404864092
9485,0.86,5.185,0.06418311874105866,0.3341917024320458
9486,0.825,5.19125,0.06876108726752504,0.3570815450643777
9487,0.7675,5.2,0.05814020028612304,0.30443490701001436
9488,0.8425,5.18375,0.059605150214592284,0.30672389127324756
9489,0.8325,5.215,0.06940200286123034,0.3639484978540773
9490,0.67,5.21125,0.055851216022889845,0.38226037195994284
9491,0.69,5.2125,0.06683834048640916,0.34792560801144495
9492,0.675,5.18375,0.05621745350500716,0.2929899856938484
9493,0.825,5.20125,0.06876108726752504,0.3570815450643777
9494,0.7,5.2025,0.06976824034334765,0.3639484978540773
9495,0.865,5.215,0.07205722460658083,0.37539341917024327
9496,0.785,5.18125,0.06537339055793992,0.33648068669527903
9497,0.8925,5.18125,0.05978826895565094,0.3113018597997139
9498,0.725,5.19125,0.06042918454935623,0.3158798283261803
9499,0.7325,5.1975,0.06107010014306152,0.3181688125894135
9500,0.7125,5.2025,0.07517024320457798,0.3891273247496424
9501,0.7675,5.185,0.064,0.32961373390557946
9502,0.735,5.18875,0.06125321888412018,0.3181688125894135
9503,0.84,5.1825,0.056492131616595144,0.2929899856938484
9504,0.7975,5.19625,0.06647210300429185,0.34563662374821175
9505,0.855,5.2075,0.07123319027181689,0.37081545064377686
9506,0.755,5.19625,0.06500715307582261,0.33648068669527903
9507,0.8525,5.215,0.07105007153075824,0.37081545064377686
9508,0.6825,5.18375,0.056858369098712454,0.2952789699570816
9509,0.7925,5.19625,0.05704148783977111,0.2952789699570816
9510,0.8175,5.19875,0.06812017167381974,0.35250357653791137
9511,1,5.185,0.08331902718168814,0.43032904148783985
9512,0.9075,5.18125,0.0662889842632332,0.34563662374821175
9513,0.9275,5.17875,0.05978826895565094,0.3113018597997139
9514,0.72,5.17875,0.059971387696709594,0.3113018597997139
9515,0.73,5.21375,0.07187410586552218,0.37539341917024327
9516,0.765,5.20625,0.0666552217453505,0.34792560801144495
9517,0.86,5.20875,0.07169098712446352,0.37539341917024327
9518,0.69,5.20625,0.07169098712446352,0.37539341917024327
9519,0.86,5.185,0.055851216022889845,0.288412017167382
9520,0.785,5.19625,0.06537339055793992,0.3410586552217454
9521,0.8075,5.1925,0.056492131616595144,0.2929899856938484
9522,0.8025,5.19375,0.06372532188841203,0.32961373390557946
9523,0.835,5.21375,0.069585121602289,0.3639484978540773
9524,0.6725,5.215,0.07333905579399143,0.38226037195994284
9525,0.74,5.20375,0.05914735336194564,0.30672389127324756
9526,0.8075,5.1925,0.0672961373390558,0.34792560801144495
9527,0.885,5.18375,0.07370529327610874,0.30672389127324756
9528,0.84,5.19,0.05914735336194564,0.30672389127324756
9529,0.7075,5.18375,0.058964234620886985,0.30672389127324756
9530,0.845,5.21,0.07040915593705294,0.36852646638054365
9531,0.8775,5.1875,0.05878111587982833,0.30443490701001436
9532,0.695,5.1825,0.05795708154506438,0.29985693848354794
9533,0.8575,5.2075,0.07141630901287555,0.37081545064377686
9534,0.67,5.21125,0.07288125894134478,0.3776824034334764
9535,0.865,5.21125,0.07205722460658083,0.37539341917024327
9536,0.6775,5.1825,0.056492131616595144,0.2929899856938484
9537,0.735,5.205,0.060612303290414886,0.3158798283261803
9538,0.725,5.2025,0.06042918454935623,0.3158798283261803
9539,0.7325,5.18625,0.06107010014306152,0.3158798283261803
9540,0.91,5.17875,0.05704148783977111,0.2952789699570816
9541,0.8175,5.17375,0.06812017167381974,0.35250357653791137
9542,0.895,5.21375,0.07462088698140201,0.3891273247496424
9543,0.885,5.185,0.06436623748211731,0.3341917024320458
9544,0.715,5.18125,0.059605150214592284,0.30672389127324756
9545,0.7675,5.2,0.064,0.3341917024320458
9546,0.9,5.18125,0.06290128755364807,0.32732474964234626
9547,0.875,5.215,0.07288125894134478,0.3776824034334764
9548,0.7725,5.20875,0.06436623748211731,0.3341917024320458
9549,0.6775,5.21,0.07416309012875537,0.3868383404864092
9550,0.885,5.21125,0.07370529327610874,0.38226037195994284
9551,0.855,5.215,0.07123319027181689,0.37081545064377686
9552,0.665,5.21125,0.07251502145922747,0.3776824034334764
9553,0.735,5.20625,0.06042918454935623,0.3158798283261803
9554,0.6675,5.18375,0.05566809728183119,0.288412017167382
9555,0.7375,5.20625,0.06079542203147354,0.3158798283261803
9556,0.995,5.1825,0.06857796852646639,0.3570815450643777
9557,0.905,5.21125,0.07544492131616595,0.3937052932761088
9558,0.91,5.18125,0.06500715307582261,0.33648068669527903
9559,0.92,5.1775,0.060246065808297576,0.3113018597997139
9560,0.7175,5.19,0.05978826895565094,0.3113018597997139
9561,0.7225,5.2075,0.0779170243204578,0.40515021459227474
9562,0.695,5.2025,0.06775393419170243,0.35250357653791137
9563,0.77,5.21,0.06418311874105866,0.3341917024320458
9564,0.6775,5.215,0.056492131616595144,0.3776824034334764
9565,0.795,5.19625,0.056492131616595144,0.2929899856938484
9566,0.75,5.19,0.06253505007153076,0.32732474964234626
9567,0.8825,5.20875,0.07352217453505008,0.38226037195994284
9568,0.8175,5.19,0.06125321888412018,0.3181688125894135
9569,0.855,5.21375,0.07123319027181689,0.37081545064377686
9570,0.6725,5.18375,0.05603433476394851,0.288412017167382
9571,0.73,5.20875,0.07141630901287555,0.37081545064377686
9572,0.78,5.185,0.06500715307582261,0.33648068669527903
9573,0.705,5.185,0.05878111587982833,0.30443490701001436
9574,0.705,5.2075,0.0762689556509299,0.3982832618025752
9575,0.8525,5.19625,0.07105007153075824,0.36852646638054365
9576,0.8075,5.19125,0.0672961373390558,0.34792560801144495
9577,0.87,5.185,0.0576824034334764,0.29985693848354794
9578,0.73,5.18875,0.06079542203147354,0.3158798283261803
9579,0.8575,5.20625,0.07141630901287555,0.37081545064377686
9580,0.725,5.195,0.06436623748211731,0.3341917024320458
9581,0.8475,5.215,0.07059227467811159,0.36852646638054365
9582,0.685,5.18,0.05704148783977111,0.2952789699570816
9583,0.87,5.1825,0.0566752503576538,0.2929899856938484
9584,0.86,5.20625,0.07169098712446352,0.37539341917024327
9585,0.885,5.2125,0.07370529327610874,0.38226037195994284
9586,0.7275,5.2025,0.07462088698140201,0.3891273247496424
9587,0.72,5.18375,0.059971387696709594,0.3113018597997139
9588,0.7125,5.18875,0.059330472103004295,0.30672389127324756
9589,0.71,5.21,0.07581115879828328,0.3937052932761088
9590,0.725,5.20625,0.07544492131616595,0.3937052932761088
9591,0.8625,5.19875,0.07187410586552218,0.37539341917024327
9592,0.79,5.19375,0.056492131616595144,0.2929899856938484
9593,1.905,5.15375,0.15043204577968528,0.7759656652360516
9594,1.36,5.16125,0.1133505007153076,0.5859799713876968
9595,2.0425,5.09875,0.17771673819742492,0.9064377682403434
9596,1.4275,5.14875,0.10538483547925609,0.5447782546494994
9597,0.8975,5.20125,0.07480400572246067,0.3891273247496424
9598,0.805,5.19625,0.06683834048640916,0.34792560801144495
9599,0.7675,5.20625,0.06976824034334765,0.3639484978540773
9600,0.705,5.18625,0.05878111587982833,0.30443490701001436
9601,0.8575,5.1925,0.09128469241773964,0.4715307582260372
9602,0.7325,5.2125,0.07663519313304722,0.4005722460658083
9603,0.925,5.2075,0.07709298998569386,0.4005722460658083
9604,0.9075,5.21,0.07562804005722461,0.3937052932761088
9605,0.9,5.18125,0.06354220314735337,0.32961373390557946
9606,0.77,5.18375,0.06418311874105866,0.3341917024320458
9607,0.7725,5.1925,0.06436623748211731,0.3341917024320458
9608,0.77,5.195,0.06436623748211731,0.3341917024320458
9609,0.87,5.2025,0.07251502145922747,0.3776824034334764
9610,0.8825,5.21625,0.07352217453505008,0.38226037195994284
9611,0.6675,5.2125,0.07315593705293277,0.38226037195994284
9612,0.87,5.20875,0.07251502145922747,0.3776824034334764
9613,0.6875,5.1925,0.05731616595135909,0.2952789699570816
9614,0.6975,5.2125,0.07434620886981402,0.3868383404864092
9615,0.695,5.2,0.05795708154506438,0.29985693848354794
9616,0.6975,5.1925,0.05814020028612304,0.29985693848354794
9617,0.7775,5.19875,0.0785579399141631,0.4097281831187411
9618,0.7825,5.185,0.06519027181688127,0.33648068669527903
9619,0.76,5.18375,0.06335908440629472,0.32961373390557946
9620,0.7925,5.2075,0.07059227467811159,0.36852646638054365
9621,0.9575,5.2125,0.07974821173104436,0.41659513590844066
9622,0.875,5.20875,0.07288125894134478,0.3776824034334764
9623,0.8425,5.19,0.06711301859799715,0.34792560801144495
9624,0.88,5.215,0.07333905579399143,0.38226037195994284
9625,0.895,5.21125,0.07462088698140201,0.3891273247496424
9626,0.675,5.2075,0.07352217453505008,0.38226037195994284
9627,0.68,5.215,0.06940200286123034,0.3639484978540773
9628,0.6775,5.18125,0.056492131616595144,0.2929899856938484
9629,0.6925,5.2125,0.06857796852646639,0.3570815450643777
9630,0.8625,5.1875,0.055851216022889845,0.288412017167382
9631,0.905,5.2,0.07544492131616595,0.3937052932761088
9632,0.725,5.2125,0.07663519313304722,0.4005722460658083
9633,0.72,5.20625,0.07956509298998571,0.4120171673819743
9634,0.8025,5.205,0.06683834048640916,0.34792560801144495
9635,0.785,5.19,0.06912732474964235,0.35937052932761093
9636,0.7675,5.1975,0.07141630901287555,0.37081545064377686
9637,0.8425,5.2025,0.07022603719599428,0.3639484978540773
9638,0.845,5.1875,0.06683834048640916,0.34563662374821175
9639,0.6875,5.20875,0.07251502145922747,0.3776824034334764
9640,0.8225,5.21375,0.06857796852646639,0.3570815450643777
9641,0.6825,5.2025,0.056858369098712454,0.2952789699570816
9642,0.7,5.21375,0.06912732474964235,0.35937052932761093
9643,0.7325,5.2025,0.06107010014306152,0.3181688125894135
9644,0.7025,5.18125,0.05850643776824035,0.30443490701001436
9645,0.745,5.205,0.060246065808297576,0.3158798283261803
9646,0.6875,5.17875,0.05731616595135909,0.2952789699570816
9647,0.8425,5.21125,0.07022603719599428,0.36852646638054365
9648,0.835,5.1875,0.07040915593705294,0.3639484978540773
9649,0.7575,5.18125,0.06308440629470673,0.32732474964234626
9650,0.71,5.1825,0.05914735336194564,0.30672389127324756
9651,0.715,5.21125,0.07663519313304722,0.3982832618025752
9652,0.9725,5.20375,0.08103004291845495,0.421173104434907
9653,0.6925,5.19125,0.0576824034334764,0.29985693848354794
9654,1.345,5.16875,0.1266266094420601,0.6569384835479257
9655,1.3075,5.14875,0.10895565092989987,0.5630901287553648
9656,0.7575,5.1925,0.06308440629470673,0.32732474964234626
9657,0.855,5.18625,0.05603433476394851,0.288412017167382
9658,0.88,5.2025,0.07333905579399143,0.38226037195994284
9659,0.905,5.215,0.07544492131616595,0.3937052932761088
9660,0.6725,5.20625,0.07333905579399143,0.38226037195994284
9661,0.8325,5.2125,0.06940200286123034,0.35937052932761093
9662,0.835,5.1925,0.069585121602289,0.35937052932761093
9663,0.71,5.2075,0.07745922746781117,0.40515021459227474
9664,0.905,5.18375,0.06912732474964235,0.35937052932761093
9665,0.77,5.17875,0.06418311874105866,0.3341917024320458
9666,0.71,5.2075,0.0769098712446352,0.4005722460658083
9667,0.68,5.21125,0.07434620886981402,0.3868383404864092
9668,0.68,5.18125,0.0566752503576538,0.2929899856938484
9669,0.8225,5.1925,0.05731616595135909,0.2952789699570816
9670,0.85,5.18375,0.06042918454935623,0.3158798283261803
9671,0.955,5.20625,0.07956509298998571,0.4120171673819743
9672,0.68,5.2075,0.07086695278969958,0.36852646638054365
9673,0.6875,5.21,0.07269814020028613,0.3776824034334764
9674,0.815,5.21375,0.06793705293276109,0.35250357653791137
9675,0.6975,5.21125,0.06812017167381974,0.3570815450643777
9676,0.705,5.2125,0.07169098712446352,0.37539341917024327
9677,0.9425,5.20625,0.0785579399141631,0.4097281831187411
9678,0.7125,5.21125,0.059330472103004295,0.30672389127324756
9679,0.7075,5.2075,0.07581115879828328,0.3937052932761088
9680,0.875,5.1975,0.07288125894134478,0.3776824034334764
9681,0.7925,5.18875,0.06601430615164522,0.3410586552217454
9682,0.6925,5.21,0.07022603719599428,0.36852646638054365
9683,0.8875,5.2075,0.07397997138769671,0.3868383404864092
9684,0.7375,5.20375,0.06143633762517883,0.3181688125894135
9685,0.6675,5.21125,0.07370529327610874,0.38226037195994284
9686,0.8,5.21375,0.0666552217453505,0.34792560801144495
9687,0.6925,5.19,0.0576824034334764,0.29985693848354794
9688,0.71,5.21,0.07040915593705294,0.36852646638054365
9689,0.7075,5.20125,0.058964234620886985,0.30672389127324756
9690,0.68,5.18375,0.0566752503576538,0.2929899856938484
9691,0.7375,5.2075,0.06079542203147354,0.3158798283261803
9692,0.7325,5.19125,0.06107010014306152,0.3181688125894135
9693,0.75,5.17875,0.06253505007153076,0.32274678111587984
9694,0.745,5.21,0.07205722460658083,0.37539341917024327
9695,0.895,5.2,0.07462088698140201,0.3868383404864092
9696,0.7525,5.18125,0.06271816881258942,0.32732474964234626
9697,0.6875,5.21375,0.06775393419170243,0.35250357653791137
9698,0.835,5.2125,0.069585121602289,0.3639484978540773
9699,0.725,5.20125,0.06042918454935623,0.3158798283261803
9700,0.705,5.2125,0.07288125894134478,0.3776824034334764
9701,0.7475,5.20125,0.05978826895565094,0.3113018597997139
9702,0.7825,5.17875,0.06519027181688127,0.33648068669527903
9703,1.3575,5.14,0.10520171673819743,0.540200286123033
9704,1.58,5.1475,0.11225178826895567,0.576824034334764
9705,0.7625,5.18125,0.06354220314735337,0.32961373390557946
9706,0.76,5.20625,0.06683834048640916,0.34792560801144495
9707,0.77,5.1975,0.07141630901287555,0.37081545064377686
9708,0.915,5.20625,0.0762689556509299,0.3982832618025752
9709,0.9125,5.17875,0.06107010014306152,0.3158798283261803
9710,0.92,5.17875,0.06042918454935623,0.3113018597997139
9711,0.7325,5.17875,0.06107010014306152,0.3158798283261803
9712,0.73,5.205,0.06107010014306152,0.3181688125894135
9713,0.705,5.21125,0.064,0.3341917024320458
9714,0.765,5.1925,0.06372532188841203,0.32961373390557946
9715,0.8225,5.18625,0.06857796852646639,0.30672389127324756
9716,0.6725,5.21,0.07352217453505008,0.38226037195994284
9717,0.6725,5.19125,0.05603433476394851,0.2929899856938484
9718,0.8125,5.19875,0.06775393419170243,0.35250357653791137
9719,0.7275,5.20125,0.0689442060085837,0.35937052932761093
9720,0.8275,5.2125,0.0689442060085837,0.35937052932761093
9721,1.2525,5.17875,0.10437768240343348,0.540200286123033
9722,0.7825,5.2025,0.064,0.3341917024320458
9723,0.91,5.2125,0.07581115879828328,0.3937052932761088
9724,0.7375,5.1975,0.06143633762517883,0.3181688125894135
9725,0.8525,5.1875,0.06647210300429185,0.34563662374821175
9726,0.855,5.1975,0.07123319027181689,0.37081545064377686
9727,0.8475,5.20625,0.07059227467811159,0.36852646638054365
9728,0.6675,5.21,0.07370529327610874,0.38226037195994284
9729,0.695,5.2025,0.05795708154506438,0.29985693848354794
9730,0.6925,5.18125,0.0576824034334764,0.29985693848354794
9731,0.8175,5.1925,0.05603433476394851,0.2929899856938484
9732,0.705,5.18375,0.05878111587982833,0.30443490701001436
9733,0.8725,5.2125,0.07269814020028613,0.3776824034334764
9734,0.665,5.20625,0.07205722460658083,0.37539341917024327
9735,0.72,5.20375,0.059971387696709594,0.3113018597997139
9736,0.7875,5.18625,0.06564806866952791,0.3410586552217454
9737,0.71,5.21125,0.08331902718168814,0.4349070100143062
9738,0.8975,5.21,0.07480400572246067,0.3891273247496424
9739,0.8875,5.20125,0.07397997138769671,0.3868383404864092
9740,0.7175,5.2125,0.07517024320457798,0.3891273247496424
9741,0.72,5.20375,0.07480400572246067,0.3891273247496424
9742,0.885,5.2125,0.07370529327610874,0.38226037195994284
9743,0.7325,5.2025,0.08167095851216023,0.4234620886981402
9744,0.69,5.21375,0.06912732474964235,0.35937052932761093
9745,0.675,5.18125,0.05621745350500716,0.2929899856938484
9746,0.8525,5.185,0.05603433476394851,0.288412017167382
9747,0.6975,5.20375,0.07040915593705294,0.36852646638054365
9748,0.8725,5.21375,0.07269814020028613,0.3776824034334764
9749,0.72,5.2,0.06775393419170243,0.35250357653791137
9750,0.6825,5.2125,0.0689442060085837,0.35937052932761093
9751,0.665,5.19,0.05539341917024321,0.288412017167382
9752,0.84,5.19125,0.07004291845493563,0.35250357653791137
9753,0.8175,5.1925,0.0689442060085837,0.3570815450643777
9754,0.72,5.18125,0.059971387696709594,0.3113018597997139
9755,0.7125,5.1825,0.059330472103004295,0.30672389127324756
9756,0.72,5.20375,0.07581115879828328,0.3937052932761088
9757,0.8875,5.21375,0.07397997138769671,0.3868383404864092
9758,0.6725,5.18375,0.05603433476394851,0.288412017167382
9759,0.845,5.185,0.05603433476394851,0.288412017167382
9760,0.76,5.19125,0.06335908440629472,0.32961373390557946
9761,0.88,5.21125,0.07333905579399143,0.38226037195994284
9762,0.695,5.2025,0.07086695278969958,0.36852646638054365
9763,0.8325,5.21375,0.06940200286123034,0.35937052932761093
9764,0.69,5.1825,0.057499284692417746,0.2952789699570816
9765,0.875,5.1825,0.05603433476394851,0.288412017167382
9766,0.745,5.18875,0.062077253218884125,0.32274678111587984
9767,0.73,5.18,0.06079542203147354,0.3158798283261803
9768,0.785,5.20375,0.06500715307582261,0.33648068669527903
9769,0.8075,5.20875,0.0672961373390558,0.34792560801144495
9770,0.8275,5.20875,0.0689442060085837,0.35937052932761093
9771,1.255,5.1675,0.08395994277539343,0.4349070100143062
9772,0.7625,5.19125,0.06354220314735337,0.32961373390557946
9773,0.8525,5.2125,0.07105007153075824,0.37081545064377686
9774,0.6975,5.21375,0.06601430615164522,0.34563662374821175
9775,0.7025,5.18375,0.05850643776824035,0.30443490701001436
9776,0.9025,5.2125,0.07517024320457798,0.3891273247496424
9777,0.7225,5.2,0.06775393419170243,0.35250357653791137
9778,0.6875,5.215,0.07333905579399143,0.38226037195994284
9779,0.6725,5.18625,0.05603433476394851,0.288412017167382
9780,0.8175,5.19,0.05566809728183119,0.288412017167382
9781,0.74,5.19625,0.06436623748211731,0.3341917024320458
9782,0.745,5.18625,0.062077253218884125,0.32274678111587984
9783,0.71,5.20375,0.07581115879828328,0.3937052932761088
9784,0.855,5.1875,0.0689442060085837,0.3570815450643777
9785,0.72,5.17875,0.059971387696709594,0.3113018597997139
9786,0.73,5.21,0.07105007153075824,0.37081545064377686
9787,0.6925,5.21125,0.08066380543633764,0.421173104434907
9788,0.6725,5.19125,0.05603433476394851,0.2929899856938484
9789,0.6675,5.21125,0.05566809728183119,0.3776824034334764
9790,0.6825,5.215,0.07086695278969958,0.37081545064377686
9791,0.7025,5.2,0.05850643776824035,0.30443490701001436
9792,0.69,5.18,0.057499284692417746,0.2952789699570816
9793,0.835,5.18625,0.055851216022889845,0.288412017167382
9794,0.865,5.20875,0.07205722460658083,0.37539341917024327
9795,0.67,5.18875,0.055851216022889845,0.288412017167382
9796,0.705,5.21,0.06454935622317597,0.33648068669527903
9797,0.845,5.21,0.07040915593705294,0.36852646638054365
9798,0.7925,5.205,0.06601430615164522,0.34563662374821175
9799,0.81,5.1925,0.06940200286123034,0.35937052932761093
9800,0.7775,5.185,0.06482403433476396,0.33648068669527903
9801,0.74,5.18125,0.061711015736766815,0.3181688125894135
9802,0.7775,5.1975,0.056858369098712454,0.2952789699570816
9803,0.685,5.18125,0.05704148783977111,0.2952789699570816
9804,0.8725,5.21125,0.07269814020028613,0.3776824034334764
9805,0.7425,5.2,0.06812017167381974,0.35250357653791137
9806,0.7425,5.2075,0.06189413447782547,0.32274678111587984
9807,0.72,5.18625,0.059971387696709594,0.3113018597997139
9808,0.85,5.185,0.05795708154506438,0.29985693848354794
9809,0.83,5.2,0.06912732474964235,0.35937052932761093
9810,0.855,5.215,0.07123319027181689,0.37081545064377686
9811,0.6725,5.20875,0.07233190271816882,0.37539341917024327
9812,0.7375,5.18,0.06143633762517883,0.3181688125894135
9813,0.7075,5.1875,0.058964234620886985,0.30672389127324756
9814,0.7125,5.205,0.08414306151645208,0.4394849785407726
9815,0.715,5.2075,0.07480400572246067,0.3891273247496424
9816,0.8725,5.1975,0.07269814020028613,0.3776824034334764
9817,0.845,5.18625,0.055851216022889845,0.288412017167382
9818,0.815,5.195,0.0666552217453505,0.34563662374821175
9819,0.8725,5.21,0.07269814020028613,0.3776824034334764
9820,0.755,5.195,0.06436623748211731,0.3341917024320458
9821,0.68,5.20875,0.07608583690987125,0.3982832618025752
9822,0.88,5.20875,0.07333905579399143,0.38226037195994284
9823,0.8425,5.185,0.059330472103004295,0.30672389127324756
9824,0.6675,5.21,0.0785579399141631,0.4097281831187411
9825,0.7825,5.21375,0.06519027181688127,0.3410586552217454
9826,0.6725,5.20625,0.07187410586552218,0.37539341917024327
9827,0.725,5.20375,0.07462088698140201,0.3891273247496424
9828,0.91,5.2125,0.07581115879828328,0.3937052932761088
9829,0.7925,5.19375,0.06601430615164522,0.34563662374821175
9830,0.74,5.2,0.07251502145922747,0.3776824034334764
9831,0.905,5.20625,0.07544492131616595,0.3937052932761088
9832,0.7525,5.2075,0.06271816881258942,0.32732474964234626
9833,0.695,5.21375,0.0689442060085837,0.35937052932761093
9834,0.86,5.19125,0.07169098712446352,0.37081545064377686
9835,0.7325,5.18875,0.06107010014306152,0.3158798283261803
9836,0.8525,5.18125,0.05704148783977111,0.2952789699570816
9837,0.855,5.20625,0.07123319027181689,0.37081545064377686
9838,0.8125,5.2125,0.06775393419170243,0.35250357653791137
9839,0.6725,5.215,0.07333905579399143,0.38226037195994284
9840,0.72,5.2025,0.059971387696709594,0.3113018597997139
9841,0.725,5.1875,0.06042918454935623,0.3158798283261803
9842,0.7475,5.2075,0.0672961373390558,0.34792560801144495
9843,0.725,5.19375,0.06042918454935623,0.3158798283261803
9844,0.735,5.1975,0.06125321888412018,0.3181688125894135
9845,0.7725,5.195,0.07169098712446352,0.37081545064377686
9846,0.745,5.18125,0.062077253218884125,0.32274678111587984
9847,0.8025,5.2,0.06683834048640916,0.34792560801144495
9848,0.88,5.18125,0.05621745350500716,0.2929899856938484
9849,0.8525,5.205,0.07105007153075824,0.37081545064377686
9850,0.715,5.2025,0.059605150214592284,0.3113018597997139
9851,0.6825,5.21375,0.06793705293276109,0.35250357653791137
9852,0.8475,5.1875,0.05539341917024321,0.288412017167382
9853,0.77,5.19375,0.06418311874105866,0.3341917024320458
9854,0.88,5.1825,0.057499284692417746,0.2952789699570816
9855,0.6825,5.215,0.069585121602289,0.3639484978540773
9856,0.6975,5.18125,0.05814020028612304,0.29985693848354794
9857,0.715,5.2025,0.07517024320457798,0.3891273247496424
9858,0.8625,5.18625,0.06454935622317597,0.3341917024320458
9859,0.76,5.1825,0.06335908440629472,0.32961373390557946
9860,0.79,5.2,0.06271816881258942,0.32732474964234626
9861,0.7675,5.20375,0.064,0.3341917024320458
9862,0.6725,5.19625,0.05603433476394851,0.2929899856938484
9863,0.69,5.2125,0.06711301859799715,0.34792560801144495
9864,0.7475,5.2025,0.06079542203147354,0.3158798283261803
9865,0.685,5.1825,0.05704148783977111,0.2952789699570816
9866,0.795,5.1925,0.0662889842632332,0.34563662374821175
9867,0.69,5.205,0.07040915593705294,0.36852646638054365
9868,0.675,5.195,0.05621745350500716,0.2929899856938484
9869,0.7875,5.195,0.06564806866952791,0.3410586552217454
9870,0.8075,5.19,0.06189413447782547,0.32274678111587984
9871,0.9225,5.21,0.0769098712446352,0.4005722460658083
9872,0.705,5.1825,0.05878111587982833,0.30443490701001436
9873,0.715,5.2125,0.07416309012875537,0.3868383404864092
9874,0.895,5.2125,0.07462088698140201,0.3891273247496424
9875,0.815,5.1925,0.06793705293276109,0.35250357653791137
9876,0.7175,5.2125,0.07205722460658083,0.37539341917024327
9877,0.71,5.2025,0.05914735336194564,0.30672389127324756
9878,0.7275,5.1875,0.060612303290414886,0.3158798283261803
9879,0.83,5.18625,0.060246065808297576,0.3113018597997139
9880,0.84,5.215,0.07004291845493563,0.3639484978540773
9881,0.67,5.18375,0.055851216022889845,0.288412017167382
9882,0.8675,5.1825,0.05704148783977111,0.2952789699570816
9883,0.87,5.21375,0.07251502145922747,0.3776824034334764
9884,0.715,5.205,0.059605150214592284,0.3113018597997139
9885,0.7175,5.2075,0.06189413447782547,0.32274678111587984
9886,0.6875,5.18125,0.05731616595135909,0.2952789699570816
9887,0.715,5.18,0.059605150214592284,0.30672389127324756
9888,0.7125,5.2125,0.07581115879828328,0.3937052932761088
9889,0.7325,5.21375,0.07480400572246067,0.3891273247496424
9890,0.91,5.2125,0.07581115879828328,0.3937052932761088
9891,0.8875,5.18375,0.058964234620886985,0.30672389127324756
9892,0.8825,5.1825,0.057499284692417746,0.2952789699570816
9893,0.82,5.2,0.0683032904148784,0.3570815450643777
9894,0.765,5.195,0.06537339055793992,0.3410586552217454
9895,0.715,5.21,0.06519027181688127,0.3410586552217454
9896,0.6875,5.18125,0.05731616595135909,0.2952789699570816
9897,0.8625,5.18375,0.05566809728183119,0.288412017167382
9898,0.6925,5.205,0.07169098712446352,0.37081545064377686
9899,0.8675,5.21375,0.07233190271816882,0.3776824034334764
9900,1.3575,5.16625,0.11664663805436339,0.6042918454935623
9901,0.85,5.1825,0.09897567954220315,0.5127324749642347
9902,0.715,5.17875,0.059605150214592284,0.30672389127324756
9903,0.7775,5.19625,0.06482403433476396,0.37081545064377686
9904,0.725,5.20375,0.07608583690987125,0.3982832618025752
9905,0.895,5.2,0.07462088698140201,0.3868383404864092
9906,0.9175,5.21125,0.07645207439198856,0.3982832618025752
9907,0.7875,5.195,0.05603433476394851,0.2929899856938484
9908,0.755,5.1925,0.06290128755364807,0.32732474964234626
9909,0.87,5.20875,0.07251502145922747,0.3776824034334764
9910,0.6725,5.20875,0.07288125894134478,0.3776824034334764
9911,0.7125,5.20375,0.059330472103004295,0.30672389127324756
9912,0.7,5.18375,0.05832331902718169,0.30443490701001436
9913,0.83,5.19125,0.05539341917024321,0.288412017167382
9914,0.785,5.19625,0.06537339055793992,0.3410586552217454
9915,0.8875,5.21375,0.07397997138769671,0.3868383404864092
9916,0.6675,5.21,0.07416309012875537,0.3868383404864092
9917,0.7425,5.18125,0.06189413447782547,0.32274678111587984
9918,0.71,5.18625,0.05914735336194564,0.30672389127324756
9919,0.7125,5.2075,0.07663519313304722,0.3982832618025752
9920,0.8825,5.20125,0.07352217453505008,0.38226037195994284
9921,0.7675,5.18375,0.064,0.32961373390557946
9922,0.67,5.215,0.07187410586552218,0.37539341917024327
9923,0.675,5.18375,0.05621745350500716,0.2929899856938484
9924,0.7075,5.185,0.058964234620886985,0.30672389127324756
9925,0.8325,5.18625,0.05539341917024321,0.288412017167382
9926,0.68,5.20625,0.07169098712446352,0.37539341917024327
9927,0.7275,5.205,0.060612303290414886,0.3158798283261803
9928,0.6725,5.21375,0.07269814020028613,0.3776824034334764
9929,0.7025,5.2125,0.06482403433476396,0.33648068669527903
9930,0.6975,5.1825,0.05814020028612304,0.29985693848354794
9931,0.8825,5.18125,0.06189413447782547,0.32274678111587984
9932,0.905,5.1825,0.05914735336194564,0.30672389127324756
9933,0.765,5.18375,0.06372532188841203,0.32961373390557946
9934,0.7425,5.20875,0.06711301859799715,0.34792560801144495
9935,0.7525,5.19875,0.07233190271816882,0.37539341917024327
9936,0.76,5.18375,0.06335908440629472,0.32961373390557946
9937,0.77,5.1975,0.05704148783977111,0.2952789699570816
9938,0.8475,5.18625,0.058964234620886985,0.30672389127324756
9939,0.8725,5.215,0.07269814020028613,0.3776824034334764
9940,0.6725,5.21625,0.05603433476394851,0.37539341917024327
9941,0.855,5.18375,0.057499284692417746,0.2952789699570816
9942,0.75,5.19125,0.06253505007153076,0.32732474964234626
9943,0.88,5.215,0.07333905579399143,0.38226037195994284
9944,0.6775,5.215,0.07123319027181689,0.37081545064377686
9945,0.6875,5.1825,0.05731616595135909,0.2952789699570816
9946,0.785,5.195,0.06537339055793992,0.3410586552217454
9947,0.7125,5.21125,0.07462088698140201,0.3891273247496424
9948,0.915,5.20875,0.0762689556509299,0.3982832618025752
9949,0.83,5.1925,0.06912732474964235,0.35937052932761093
9950,0.7225,5.21125,0.07269814020028613,0.3776824034334764
9951,0.895,5.20125,0.07462088698140201,0.3868383404864092
9952,0.875,5.21125,0.07288125894134478,0.3776824034334764
9953,0.6975,5.205,0.07040915593705294,0.36852646638054365
9954,1.31,5.14625,0.10913876967095852,0.5630901287553648
9955,0.755,5.2125,0.06290128755364807,0.32732474964234626
9956,0.7275,5.20625,0.06079542203147354,0.3158798283261803
9957,0.67,5.18375,0.055851216022889845,0.288412017167382
9958,0.815,5.2,0.06793705293276109,0.35250357653791137
9959,0.7725,5.1925,0.06812017167381974,0.35250357653791137
9960,0.8625,5.215,0.07187410586552218,0.37539341917024327
9961,0.67,5.1825,0.055851216022889845,0.288412017167382
9962,0.7075,5.205,0.07919885550786838,0.4120171673819743
9963,0.7025,5.21,0.0769098712446352,0.4005722460658083
9964,0.7475,5.2,0.06226037195994278,0.32274678111587984
9965,0.715,5.20625,0.0762689556509299,0.3982832618025752
9966,0.7175,5.21,0.07269814020028613,0.3776824034334764
9967,0.8825,5.2125,0.07352217453505008,0.38226037195994284
9968,0.6725,5.21,0.07288125894134478,0.3776824034334764
9969,0.725,5.2075,0.06271816881258942,0.32732474964234626
9970,0.7275,5.1875,0.060612303290414886,0.3158798283261803
9971,0.8725,5.18125,0.05621745350500716,0.2929899856938484
9972,0.8625,5.18375,0.056492131616595144,0.2929899856938484
9973,0.79,5.195,0.06583118741058656,0.3410586552217454
9974,0.845,5.185,0.05878111587982833,0.30443490701001436
9975,0.6675,5.21,0.07233190271816882,0.37539341917024327
9976,0.83,5.215,0.06912732474964235,0.35937052932761093
9977,0.79,5.2,0.06583118741058656,0.32732474964234626
9978,0.7125,5.2125,0.07517024320457798,0.3891273247496424
9979,0.9225,5.20875,0.0769098712446352,0.4005722460658083
9980,0.905,5.20375,0.07544492131616595,0.3937052932761088
9981,0.805,5.19625,0.060612303290414886,0.3158798283261803
9982,1.165,5.15125,0.09705293276108727,0.4989985693848355
9983,0.7375,5.18875,0.06143633762517883,0.3181688125894135
9984,0.865,5.185,0.05621745350500716,0.2929899856938484
9985,0.8275,5.2,0.0689442060085837,0.35937052932761093
9986,0.85,5.215,0.07086695278969958,0.37081545064377686
9987,0.7325,5.19875,0.06683834048640916,0.34792560801144495
9988,0.845,5.215,0.07040915593705294,0.36852646638054365
9989,0.6725,5.185,0.05603433476394851,0.288412017167382
9990,0.85,5.185,0.05566809728183119,0.288412017167382
9991,0.7825,5.195,0.06519027181688127,0.33648068669527903
9992,0.7575,5.18375,0.06308440629470673,0.32732474964234626
9993,0.7225,5.21,0.07086695278969958,0.36852646638054365
9994,0.9175,5.20875,0.07645207439198856,0.3982832618025752
9995,0.8825,5.2,0.07352217453505008,0.38226037195994284
9996,0.9525,5.18125,0.0683032904148784,0.35250357653791137
9997,0.715,5.1875,0.059605150214592284,0.30672389127324756
9998,0.8275,5.20125,0.0689442060085837,0.35937052932761093
9999,0.8425,5.18875,0.06482403433476396,0.33648068669527903
