Sample,EVM1 VSHUNT Results (mV),EVM1 VBUS Results (V),EVM1 CURRENT Results (A),EVM1 POWER Results (W)
0,4.47,4.89,0.3701745350500716,1.8105865522174538
1,4.45,4.8875,0.37081545064377686,1.8105865522174538
2,4.46,4.88875,0.3716394849785408,1.8151645207439202
3,4.46,4.89,0.3709985693848355,1.8151645207439202
4,4.4725,4.88875,0.3727381974248927,1.8220314735336196
5,4.4225,4.885,0.36852646638054365,1.7991416309012878
6,4.4675,4.88875,0.37337911301859805,1.826609442060086
7,4.4775,4.88875,0.37310443490701006,1.8220314735336196
8,4.465,4.8875,0.37209728183118745,1.8197424892703866
9,4.4625,4.8875,0.37209728183118745,1.8197424892703866
10,4.48,4.88875,0.37337911301859805,1.826609442060086
11,4.46,4.89,0.3716394849785408,1.8197424892703866
12,4.4725,4.88875,0.3722804005722461,1.8197424892703866
13,4.4725,4.8875,0.37246351931330474,1.8197424892703866
14,4.4675,4.88875,0.3722804005722461,1.8197424892703866
15,4.4625,4.89125,0.3701745350500716,1.8105865522174538
16,4.445,4.8875,0.3727381974248927,1.8220314735336196
17,4.4525,4.8875,0.3709985693848355,1.8105865522174538
18,4.4675,4.8875,0.3722804005722461,1.8197424892703866
19,4.4625,4.88625,0.3714563662374822,1.8151645207439202
20,4.4675,4.88875,0.3722804005722461,1.8197424892703866
21,4.5,4.88875,0.37209728183118745,1.8197424892703866
22,4.4975,4.88875,0.37337911301859805,1.826609442060086
23,4.4725,4.88875,0.3727381974248927,1.8220314735336196
24,4.47,4.89,0.3729213161659514,1.8220314735336196
25,4.475,4.8875,0.3735622317596567,1.826609442060086
26,4.4725,4.8875,0.3727381974248927,1.8220314735336196
27,4.485,4.8875,0.37374535050071533,1.826609442060086
28,4.4525,4.88875,0.373928469241774,1.826609442060086
29,4.4675,4.8875,0.3722804005722461,1.8197424892703866
30,4.46,4.89,0.3716394849785408,1.8197424892703866
31,4.4725,4.88875,0.37337911301859805,1.826609442060086
32,4.4775,4.88875,0.37310443490701006,1.8220314735336196
33,4.475,4.8875,0.3729213161659514,1.8220314735336196
34,4.465,4.8875,0.3735622317596567,1.826609442060086
35,4.4675,4.8875,0.3722804005722461,1.8197424892703866
36,4.4775,4.88875,0.37310443490701006,1.8220314735336196
37,4.4875,4.88875,0.3722804005722461,1.8197424892703866
38,4.465,4.88875,0.37209728183118745,1.8197424892703866
39,4.455,4.88875,0.3712732474964235,1.8151645207439202
40,4.4775,4.88625,0.3719141630901288,1.8197424892703866
41,4.4725,4.88875,0.3727381974248927,1.8220314735336196
42,4.4725,4.88875,0.3727381974248927,1.8220314735336196
43,4.48,4.8875,0.3706323319027182,1.8105865522174538
44,4.475,4.8875,0.3729213161659514,1.8220314735336196
45,4.4725,4.88875,0.3727381974248927,1.8220314735336196
46,4.4575,4.88875,0.3729213161659514,1.8220314735336196
47,4.47,4.89125,0.3722804005722461,1.8220314735336196
48,4.495,4.89,0.3745693848354793,1.8311874105865524
49,4.4675,4.88875,0.3727381974248927,1.8220314735336196
50,4.455,4.89,0.37246351931330474,1.8220314735336196
51,4.4625,4.88875,0.3719141630901288,1.8197424892703866
52,4.48,4.89,0.37337911301859805,1.826609442060086
53,4.4725,4.8875,0.37209728183118745,1.8197424892703866
54,4.4875,4.88875,0.373928469241774,1.826609442060086
55,4.47,4.8875,0.3722804005722461,1.8197424892703866
56,4.4775,4.88875,0.3719141630901288,1.8197424892703866
57,4.4725,4.8875,0.3727381974248927,1.8220314735336196
58,4.47,4.88875,0.3719141630901288,1.8197424892703866
59,4.46,4.8875,0.3704492131616596,1.8105865522174538
60,4.485,4.8875,0.37374535050071533,1.826609442060086
61,4.49,4.89125,0.37420314735336196,1.8311874105865524
62,4.465,4.88875,0.37374535050071533,1.826609442060086
63,4.4875,4.89,0.373928469241774,1.8311874105865524
64,4.4875,4.89,0.373928469241774,1.8311874105865524
65,4.47,4.88875,0.37337911301859805,1.826609442060086
66,4.4375,4.8875,0.36980829756795425,1.8082975679542206
67,4.47,4.8875,0.37246351931330474,1.8197424892703866
68,4.4625,4.8875,0.3716394849785408,1.8151645207439202
69,4.4725,4.88875,0.3727381974248927,1.8220314735336196
70,4.4625,4.8875,0.3719141630901288,1.8197424892703866
71,4.455,4.8875,0.3712732474964235,1.8151645207439202
72,4.45,4.8875,0.37081545064377686,1.8105865522174538
73,4.4675,4.88875,0.3722804005722461,1.8197424892703866
74,4.4775,4.88875,0.3722804005722461,1.8197424892703866
75,4.46,4.89,0.3716394849785408,1.8197424892703866
76,4.4725,4.88875,0.3727381974248927,1.8220314735336196
77,4.4675,4.8875,0.3729213161659514,1.8220314735336196
78,4.48,4.8875,0.37337911301859805,1.826609442060086
79,4.465,4.88875,0.37209728183118745,1.8197424892703866
80,4.4575,4.88875,0.37374535050071533,1.826609442060086
81,4.4675,4.88875,0.3719141630901288,1.8197424892703866
82,4.48,4.88875,0.37337911301859805,1.826609442060086
83,4.48,4.88875,0.3716394849785408,1.8151645207439202
84,4.47,4.89,0.3735622317596567,1.826609442060086
85,4.46,4.8875,0.3716394849785408,1.8151645207439202
86,4.4725,4.88875,0.3722804005722461,1.8197424892703866
87,4.4675,4.88875,0.3722804005722461,1.8197424892703866
88,4.475,4.8875,0.3729213161659514,1.8220314735336196
89,4.475,4.8875,0.37081545064377686,1.8105865522174538
90,4.4775,4.8875,0.37246351931330474,1.8197424892703866
91,4.49,4.88625,0.37420314735336196,1.8311874105865524
92,4.47,4.88875,0.37209728183118745,1.8197424892703866
93,4.4725,4.88625,0.3729213161659514,1.8220314735336196
94,4.4725,4.8875,0.3727381974248927,1.8220314735336196
95,4.47,4.8875,0.37246351931330474,1.8197424892703866
96,4.4725,4.88875,0.37374535050071533,1.826609442060086
97,4.475,4.89,0.3729213161659514,1.8220314735336196
98,4.465,4.89,0.37209728183118745,1.8197424892703866
99,4.48,4.8875,0.3712732474964235,1.8151645207439202
100,4.4625,4.89,0.3719141630901288,1.8197424892703866
101,4.47,4.88875,0.37246351931330474,1.8220314735336196
102,4.47,4.88875,0.3727381974248927,1.8220314735336196
103,4.48,4.88875,0.37337911301859805,1.826609442060086
104,4.4725,4.89,0.3727381974248927,1.8220314735336196
105,4.475,4.8875,0.37246351931330474,1.8197424892703866
106,4.4775,4.89,0.37310443490701006,1.8220314735336196
107,4.4775,4.8875,0.37310443490701006,1.8220314735336196
108,4.47,4.89,0.3735622317596567,1.826609442060086
109,4.4675,4.88875,0.3722804005722461,1.8197424892703866
110,4.4725,4.89,0.3727381974248927,1.8220314735336196
111,4.46,4.88875,0.37246351931330474,1.8220314735336196
112,4.4725,4.89,0.3727381974248927,1.8220314735336196
113,4.48,4.8875,0.37337911301859805,1.826609442060086
114,4.4675,4.8875,0.3729213161659514,1.8220314735336196
115,4.475,4.8875,0.3722804005722461,1.8197424892703866
116,4.4725,4.88875,0.3727381974248927,1.8220314735336196
117,4.4625,4.89,0.37246351931330474,1.8220314735336196
118,4.4725,4.8875,0.3727381974248927,1.8220314735336196
119,4.4575,4.88875,0.3714563662374822,1.8151645207439202
120,4.4625,4.8875,0.3735622317596567,1.826609442060086
121,4.47,4.88875,0.37246351931330474,1.8220314735336196
122,4.4775,4.88875,0.37310443490701006,1.8220314735336196
123,4.4575,4.88875,0.37246351931330474,1.8220314735336196
124,4.485,4.88875,0.3719141630901288,1.8197424892703866
125,4.475,4.89125,0.3729213161659514,1.8220314735336196
126,4.47,4.88875,0.37081545064377686,1.8105865522174538
127,4.47,4.8875,0.37209728183118745,1.8197424892703866
128,4.4725,4.8875,0.3727381974248927,1.8220314735336196
129,4.475,4.8875,0.3729213161659514,1.8220314735336196
130,4.4575,4.8875,0.3729213161659514,1.8220314735336196
131,4.4725,4.88875,0.3727381974248927,1.8220314735336196
132,4.46,4.8875,0.3716394849785408,1.8151645207439202
133,4.4725,4.88875,0.3729213161659514,1.8220314735336196
134,4.4775,4.88875,0.37310443490701006,1.8220314735336196
135,4.4575,4.88875,0.3714563662374822,1.8151645207439202
136,4.46,4.89,0.3727381974248927,1.8220314735336196
137,4.465,4.8875,0.37209728183118745,1.8197424892703866
138,4.47,4.89,0.37246351931330474,1.8220314735336196
139,4.4675,4.88875,0.37209728183118745,1.8197424892703866
140,4.4525,4.88875,0.3709985693848355,1.8151645207439202
141,4.4675,4.8875,0.3722804005722461,1.8197424892703866
142,4.465,4.88875,0.3722804005722461,1.8197424892703866
143,4.455,4.88875,0.3712732474964235,1.8151645207439202
144,4.465,4.89,0.37209728183118745,1.8197424892703866
145,4.4575,4.88875,0.3729213161659514,1.8220314735336196
146,4.4725,4.8875,0.3727381974248927,1.8220314735336196
147,4.4725,4.89,0.3727381974248927,1.8220314735336196
148,4.485,4.8875,0.3716394849785408,1.8151645207439202
149,4.4825,4.88875,0.3722804005722461,1.8197424892703866
150,4.465,4.88875,0.37209728183118745,1.8197424892703866
151,4.4725,4.89,0.3722804005722461,1.8197424892703866
152,4.4725,4.88875,0.3714563662374822,1.8151645207439202
153,4.4625,4.89,0.3719141630901288,1.8197424892703866
154,4.4575,4.88875,0.3727381974248927,1.8220314735336196
155,4.46,4.88875,0.3727381974248927,1.8220314735336196
156,4.4625,4.89,0.3719141630901288,1.8197424892703866
157,4.4625,4.89,0.3719141630901288,1.8197424892703866
158,4.47,4.89,0.3722804005722461,1.8197424892703866
159,4.4725,4.88875,0.3727381974248927,1.8220314735336196
160,4.4575,4.89,0.37246351931330474,1.8220314735336196
161,4.465,4.88875,0.37246351931330474,1.8220314735336196
162,4.4625,4.8875,0.3719141630901288,1.8197424892703866
163,4.4675,4.88875,0.3722804005722461,1.8197424892703866
164,4.445,4.88875,0.3758512160228899,1.838054363376252
165,4.47,4.8875,0.37246351931330474,1.8197424892703866
166,4.4625,4.88875,0.3719141630901288,1.8197424892703866
167,4.4775,4.88875,0.3716394849785408,1.8151645207439202
168,4.4675,4.88875,0.3722804005722461,1.8197424892703866
169,4.4625,4.89,0.3719141630901288,1.8197424892703866
170,4.4625,4.8875,0.37310443490701006,1.8220314735336196
171,4.4625,4.89,0.3719141630901288,1.8197424892703866
172,4.4575,4.88875,0.3714563662374822,1.8151645207439202
173,4.4725,4.8925,0.3719141630901288,1.8197424892703866
174,4.425,4.89,0.36870958512160235,1.8037195994277542
175,4.4525,4.8875,0.3709985693848355,1.8105865522174538
176,4.4675,4.88875,0.3712732474964235,1.8151645207439202
177,4.44,4.89,0.3699914163090129,1.8082975679542206
178,4.4475,4.8875,0.3706323319027182,1.8105865522174538
179,4.46,4.88875,0.37246351931330474,1.8220314735336196
180,4.4625,4.8925,0.3719141630901288,1.8197424892703866
181,4.4625,4.88875,0.3719141630901288,1.8197424892703866
182,4.43,4.91625,0.3568984263233191,1.755650929899857
183,4.475,4.88625,0.3729213161659514,1.8220314735336196
184,4.47,4.8875,0.37246351931330474,1.8197424892703866
185,4.4725,4.88875,0.3716394849785408,1.8151645207439202
186,3.825,4.89125,0.37374535050071533,1.826609442060086
187,4.4725,4.8875,0.3727381974248927,1.8220314735336196
188,4.4025,4.93,0.31148497854077256,1.5336194563662375
189,4.4625,4.88625,0.37374535050071533,1.826609442060086
190,4.47,4.8875,0.37246351931330474,1.8197424892703866
191,4.48,4.8875,0.37337911301859805,1.826609442060086
192,4.4675,4.89,0.37337911301859805,1.826609442060086
193,4.46,4.88875,0.3716394849785408,1.8151645207439202
194,4.4575,4.89125,0.3722804005722461,1.8220314735336196
195,4.48,4.8875,0.37374535050071533,1.826609442060086
196,4.4575,4.88875,0.3714563662374822,1.8151645207439202
197,4.15,4.8875,0.34581974248927044,1.8220314735336196
198,4.475,4.89,0.37246351931330474,1.8220314735336196
199,4.4625,4.8875,0.3719141630901288,1.8197424892703866
200,4.4675,4.8875,0.3722804005722461,1.8197424892703866
201,4.465,4.89,0.3714563662374822,1.8151645207439202
202,4.48,4.88875,0.37337911301859805,1.826609442060086
203,4.475,4.8875,0.3729213161659514,1.8220314735336196
204,4.4825,4.88625,0.3729213161659514,1.8220314735336196
205,4.4775,4.88875,0.37310443490701006,1.8220314735336196
206,4.465,4.8875,0.37209728183118745,1.8197424892703866
207,4.475,4.8875,0.3727381974248927,1.8220314735336196
208,4.46,4.8875,0.3716394849785408,1.8151645207439202
209,4.4725,4.8875,0.3727381974248927,1.8220314735336196
210,4.485,4.8875,0.37246351931330474,1.8197424892703866
211,4.47,4.8875,0.37246351931330474,1.8197424892703866
212,4.455,4.8875,0.3712732474964235,1.8151645207439202
213,4.4675,4.8875,0.37209728183118745,1.8197424892703866
214,4.48,4.88625,0.37337911301859805,1.8220314735336196
215,4.4825,4.8875,0.3735622317596567,1.826609442060086
216,4.4725,4.8875,0.3722804005722461,1.8197424892703866
217,4.465,4.8875,0.37209728183118745,1.8197424892703866
218,4.465,4.88625,0.37209728183118745,1.8197424892703866
219,4.4675,4.8875,0.3709985693848355,1.8105865522174538
220,4.4675,4.88875,0.3714563662374822,1.8151645207439202
221,4.46,4.88875,0.3716394849785408,1.8151645207439202
222,4.4725,4.89,0.37209728183118745,1.8197424892703866
223,4.475,4.89,0.3709985693848355,1.8151645207439202
224,4.46,4.88625,0.3716394849785408,1.8151645207439202
225,4.4575,4.8875,0.3722804005722461,1.8197424892703866
226,4.475,4.88625,0.37310443490701006,1.8220314735336196
227,4.4725,4.8875,0.3727381974248927,1.8220314735336196
228,4.4775,4.89,0.3729213161659514,1.8220314735336196
229,4.475,4.88875,0.3729213161659514,1.8220314735336196
230,4.465,4.8875,0.37209728183118745,1.8197424892703866
231,4.4675,4.88625,0.3722804005722461,1.8197424892703866
232,4.48,4.8875,0.3722804005722461,1.8197424892703866
233,4.4725,4.88875,0.3727381974248927,1.8220314735336196
234,4.4825,4.8875,0.3735622317596567,1.826609442060086
235,4.48,4.88875,0.37337911301859805,1.826609442060086
236,4.4625,4.8875,0.3719141630901288,1.8197424892703866
237,4.465,4.88875,0.37209728183118745,1.8197424892703866
238,4.4725,4.8875,0.3727381974248927,1.8220314735336196
239,4.455,4.8875,0.3712732474964235,1.8151645207439202
240,4.4675,4.88875,0.3722804005722461,1.8197424892703866
241,4.4675,4.88875,0.37209728183118745,1.8197424892703866
242,4.4575,4.88875,0.3714563662374822,1.8151645207439202
243,4.4775,4.8875,0.37310443490701006,1.8220314735336196
244,4.4725,4.8875,0.3722804005722461,1.8197424892703866
245,4.4675,4.88875,0.3722804005722461,1.8197424892703866
246,4.4775,4.8875,0.37310443490701006,1.8220314735336196
247,4.47,4.88875,0.3745693848354793,1.8311874105865524
248,4.4675,4.88875,0.3722804005722461,1.8197424892703866
249,4.47,4.8875,0.37246351931330474,1.8197424892703866
250,4.4725,4.88625,0.3716394849785408,1.8151645207439202
251,4.46,4.88875,0.3716394849785408,1.8151645207439202
252,4.49,4.88625,0.37420314735336196,1.8311874105865524
253,4.48,4.8875,0.3729213161659514,1.8220314735336196
254,4.48,4.88875,0.3701745350500716,1.8105865522174538
255,4.475,4.88625,0.3729213161659514,1.8220314735336196
256,4.4675,4.89,0.37246351931330474,1.8220314735336196
257,4.4525,4.88875,0.37337911301859805,1.826609442060086
258,4.4725,4.8875,0.3727381974248927,1.8220314735336196
259,4.45,4.8875,0.37246351931330474,1.8197424892703866
260,4.4725,4.88875,0.3729213161659514,1.8220314735336196
261,4.465,4.88625,0.37209728183118745,1.8197424892703866
262,4.49,4.8875,0.3719141630901288,1.8197424892703866
263,4.4625,4.88875,0.3719141630901288,1.8197424892703866
264,4.4675,4.8875,0.3722804005722461,1.8197424892703866
265,4.4875,4.8875,0.3727381974248927,1.8220314735336196
266,4.4875,4.89,0.37209728183118745,1.8197424892703866
267,4.4775,4.8875,0.37310443490701006,1.8220314735336196
268,4.4575,4.8875,0.3714563662374822,1.8151645207439202
269,4.4575,4.88625,0.37337911301859805,1.8220314735336196
270,4.4725,4.88625,0.3727381974248927,1.8220314735336196
271,4.4825,4.8875,0.3735622317596567,1.826609442060086
272,4.4675,4.88875,0.37337911301859805,1.826609442060086
273,4.4725,4.8875,0.3727381974248927,1.8220314735336196
274,4.47,4.88875,0.37246351931330474,1.8220314735336196
275,4.4875,4.8875,0.3716394849785408,1.8151645207439202
276,4.47,4.8875,0.37246351931330474,1.8197424892703866
277,4.47,4.88875,0.37246351931330474,1.8220314735336196
278,4.4575,4.8875,0.3729213161659514,1.8220314735336196
279,4.4725,4.89,0.3727381974248927,1.8220314735336196
280,4.4675,4.88625,0.3722804005722461,1.8197424892703866
281,4.4725,4.8875,0.3706323319027182,1.8105865522174538
282,4.4825,4.8875,0.3735622317596567,1.826609442060086
283,4.475,4.8875,0.3729213161659514,1.8220314735336196
284,4.4575,4.88875,0.3735622317596567,1.826609442060086
285,4.4775,4.8875,0.37310443490701006,1.8220314735336196
286,4.4825,4.88875,0.3735622317596567,1.826609442060086
287,4.4575,4.88625,0.37310443490701006,1.8220314735336196
288,4.475,4.88875,0.3719141630901288,1.8197424892703866
289,4.4925,4.8875,0.37438626609442066,1.8311874105865524
290,4.46,4.88875,0.3727381974248927,1.8220314735336196
291,4.4625,4.88625,0.37246351931330474,1.8197424892703866
292,4.4725,4.8875,0.3727381974248927,1.8220314735336196
293,4.4725,4.8875,0.37337911301859805,1.826609442060086
294,4.4725,4.89,0.3719141630901288,1.8197424892703866
295,4.485,4.8875,0.37374535050071533,1.826609442060086
296,4.46,4.8875,0.3716394849785408,1.8151645207439202
297,4.4875,4.88625,0.3722804005722461,1.8197424892703866
298,4.4675,4.88625,0.3722804005722461,1.8197424892703866
299,4.4725,4.8875,0.37310443490701006,1.8220314735336196
300,4.475,4.88875,0.37209728183118745,1.8197424892703866
301,4.47,4.8875,0.37246351931330474,1.8197424892703866
302,4.48,4.8875,0.37337911301859805,1.826609442060086
303,4.465,4.8875,0.3729213161659514,1.8220314735336196
304,4.4825,4.8875,0.3735622317596567,1.826609442060086
305,4.47,4.88875,0.37246351931330474,1.8220314735336196
306,4.47,4.88625,0.3714563662374822,1.8151645207439202
307,4.47,4.88625,0.37246351931330474,1.8197424892703866
308,4.4625,4.88875,0.3719141630901288,1.8197424892703866
309,4.475,4.8875,0.3735622317596567,1.826609442060086
310,4.4725,4.8875,0.3727381974248927,1.8220314735336196
311,4.4875,4.8875,0.373928469241774,1.826609442060086
312,4.45,4.88625,0.37374535050071533,1.826609442060086
313,4.4925,4.8875,0.37438626609442066,1.8311874105865524
314,4.48,4.88875,0.37337911301859805,1.826609442060086
315,4.4575,4.89,0.37475250357653794,1.8334763948497856
316,4.4675,4.88625,0.3722804005722461,1.8197424892703866
317,4.4675,4.88875,0.3722804005722461,1.8197424892703866
318,4.4725,4.8875,0.3716394849785408,1.8151645207439202
319,4.48,4.8875,0.37337911301859805,1.826609442060086
320,4.4625,4.8875,0.3719141630901288,1.8197424892703866
321,4.465,4.88875,0.37337911301859805,1.826609442060086
322,4.485,4.8875,0.3758512160228899,1.838054363376252
323,4.47,4.8875,0.37246351931330474,1.8197424892703866
324,4.475,4.8875,0.37246351931330474,1.8197424892703866
325,4.4675,4.8875,0.3729213161659514,1.8220314735336196
326,4.465,4.8875,0.37209728183118745,1.8197424892703866
327,4.47,4.8875,0.373928469241774,1.826609442060086
328,4.4625,4.8875,0.37337911301859805,1.826609442060086
329,4.4925,4.8875,0.37438626609442066,1.8311874105865524
330,4.4625,4.8875,0.373928469241774,1.826609442060086
331,4.4775,4.8875,0.3716394849785408,1.8151645207439202
332,4.4825,4.8875,0.3735622317596567,1.826609442060086
333,4.47,4.8875,0.37337911301859805,1.826609442060086
334,4.4725,4.8875,0.37246351931330474,1.8197424892703866
335,4.4775,4.88875,0.37310443490701006,1.8220314735336196
336,4.465,4.8875,0.37209728183118745,1.8197424892703866
337,4.47,4.8875,0.3729213161659514,1.8220314735336196
338,4.48,4.88875,0.37337911301859805,1.826609442060086
339,4.47,4.8875,0.37246351931330474,1.8197424892703866
340,4.485,4.88625,0.37209728183118745,1.8197424892703866
341,4.465,4.88875,0.37209728183118745,1.8197424892703866
342,4.47,4.8875,0.37246351931330474,1.8197424892703866
343,4.48,4.8875,0.37310443490701006,1.8220314735336196
344,4.4775,4.8875,0.37310443490701006,1.8220314735336196
345,4.4725,4.8875,0.3727381974248927,1.8220314735336196
346,4.485,4.8875,0.37246351931330474,1.8197424892703866
347,4.475,4.88875,0.3729213161659514,1.8220314735336196
348,4.47,4.88875,0.37246351931330474,1.8220314735336196
349,4.485,4.88625,0.3714563662374822,1.8151645207439202
350,4.465,4.88625,0.37209728183118745,1.8197424892703866
351,4.47,4.8875,0.37246351931330474,1.8197424892703866
352,4.4825,4.88875,0.3735622317596567,1.826609442060086
353,4.465,4.88875,0.37209728183118745,1.8197424892703866
354,4.47,4.8875,0.37246351931330474,1.8197424892703866
355,4.475,4.88875,0.37310443490701006,1.8220314735336196
356,4.47,4.8875,0.37246351931330474,1.8197424892703866
357,4.47,4.8875,0.37246351931330474,1.8197424892703866
358,4.4625,4.8875,0.3722804005722461,1.8197424892703866
359,4.4725,4.8875,0.373928469241774,1.826609442060086
360,4.465,4.8875,0.37209728183118745,1.8197424892703866
361,4.4725,4.8875,0.3722804005722461,1.8197424892703866
362,4.465,4.88875,0.3729213161659514,1.8220314735336196
363,4.4675,4.88875,0.3722804005722461,1.8197424892703866
364,4.475,4.8875,0.3735622317596567,1.826609442060086
365,4.475,4.88625,0.3719141630901288,1.8197424892703866
366,4.48,4.88875,0.37337911301859805,1.826609442060086
367,4.485,4.8875,0.3712732474964235,1.8151645207439202
368,4.4725,4.88875,0.3727381974248927,1.8220314735336196
369,4.48,4.8875,0.37337911301859805,1.826609442060086
370,4.48,4.8875,0.37337911301859805,1.826609442060086
371,4.48,4.88875,0.37337911301859805,1.826609442060086
372,4.485,4.88875,0.37374535050071533,1.826609442060086
373,4.4725,4.8875,0.3727381974248927,1.8220314735336196
374,4.475,4.8875,0.37374535050071533,1.826609442060086
375,4.4725,4.8875,0.3727381974248927,1.8220314735336196
376,4.48,4.8875,0.37337911301859805,1.826609442060086
377,4.4825,4.89,0.37246351931330474,1.8220314735336196
378,4.48,4.8875,0.37337911301859805,1.826609442060086
379,4.46,4.88625,0.3716394849785408,1.8151645207439202
380,4.4825,4.89,0.3729213161659514,1.8220314735336196
381,4.4725,4.89,0.3727381974248927,1.8220314735336196
382,4.4725,4.88625,0.3727381974248927,1.8220314735336196
383,4.4775,4.8875,0.3719141630901288,1.8197424892703866
384,4.48,4.8875,0.37337911301859805,1.826609442060086
385,4.47,4.88625,0.37246351931330474,1.8197424892703866
386,4.4775,4.8875,0.3716394849785408,1.8151645207439202
387,4.4875,4.88625,0.373928469241774,1.826609442060086
388,4.485,4.8875,0.37374535050071533,1.826609442060086
389,4.465,4.88875,0.37246351931330474,1.8220314735336196
390,4.47,4.8875,0.37246351931330474,1.8197424892703866
391,4.465,4.88875,0.37209728183118745,1.8197424892703866
392,4.4825,4.8875,0.3729213161659514,1.8220314735336196
393,4.4625,4.8875,0.3729213161659514,1.8220314735336196
394,4.4675,4.8875,0.3722804005722461,1.8197424892703866
395,4.48,4.88875,0.3727381974248927,1.8220314735336196
396,4.4675,4.89,0.3727381974248927,1.8220314735336196
397,4.4725,4.8875,0.3727381974248927,1.8220314735336196
398,4.4825,4.88875,0.37246351931330474,1.8220314735336196
399,4.49,4.8875,0.37310443490701006,1.8220314735336196
400,4.4675,4.8875,0.3722804005722461,1.8197424892703866
401,4.4725,4.8875,0.3727381974248927,1.8220314735336196
402,4.46,4.8875,0.37310443490701006,1.8220314735336196
403,4.4825,4.8875,0.3735622317596567,1.826609442060086
404,4.4625,4.8875,0.3719141630901288,1.8197424892703866
405,4.4725,4.8875,0.37310443490701006,1.8220314735336196
406,4.47,4.88625,0.37246351931330474,1.8197424892703866
407,4.475,4.89,0.3729213161659514,1.8220314735336196
408,4.4625,4.88625,0.37374535050071533,1.826609442060086
409,4.47,4.88875,0.37246351931330474,1.8220314735336196
410,4.49,4.89,0.37420314735336196,1.8311874105865524
411,4.465,4.88875,0.37337911301859805,1.826609442060086
412,4.47,4.88875,0.37246351931330474,1.8220314735336196
413,4.475,4.89,0.3729213161659514,1.8220314735336196
414,4.4775,4.8875,0.3716394849785408,1.8151645207439202
415,4.4725,4.89,0.3727381974248927,1.8220314735336196
416,4.48,4.89,0.37337911301859805,1.826609442060086
417,4.495,4.8875,0.3727381974248927,1.8220314735336196
418,4.475,4.88625,0.3729213161659514,1.8220314735336196
419,4.48,4.8875,0.37337911301859805,1.826609442060086
420,4.485,4.8875,0.37310443490701006,1.8220314735336196
421,4.485,4.8875,0.37374535050071533,1.826609442060086
422,4.4625,4.8875,0.3719141630901288,1.8197424892703866
423,4.475,4.88875,0.3729213161659514,1.8220314735336196
424,4.48,4.8875,0.37337911301859805,1.826609442060086
425,4.4825,4.88625,0.3735622317596567,1.826609442060086
426,4.4825,4.8875,0.37310443490701006,1.8220314735336196
427,4.48,4.8875,0.37246351931330474,1.8197424892703866
428,4.485,4.88875,0.37374535050071533,1.826609442060086
429,4.4975,4.885,0.37310443490701006,1.8220314735336196
430,4.4925,4.88875,0.3722804005722461,1.8197424892703866
431,4.475,4.8875,0.3729213161659514,1.8220314735336196
432,4.4575,4.89,0.3729213161659514,1.8220314735336196
433,4.5,4.88625,0.373928469241774,1.826609442060086
434,4.5,4.8875,0.37502718168812593,1.8334763948497856
435,4.4775,4.8875,0.373928469241774,1.826609442060086
436,4.47,4.8875,0.3712732474964235,1.8151645207439202
437,4.4625,4.88625,0.3719141630901288,1.8197424892703866
438,4.48,4.8875,0.37337911301859805,1.8220314735336196
439,4.485,4.8875,0.37246351931330474,1.8197424892703866
440,4.4875,4.88625,0.373928469241774,1.826609442060086
441,4.4725,4.8875,0.3727381974248927,1.8220314735336196
442,4.4675,4.88875,0.37209728183118745,1.8197424892703866
443,4.4975,4.88625,0.37475250357653794,1.8311874105865524
444,4.4925,4.88625,0.37438626609442066,1.8311874105865524
445,4.4825,4.88625,0.3722804005722461,1.8197424892703866
446,4.485,4.88875,0.37374535050071533,1.826609442060086
447,4.485,4.88625,0.37374535050071533,1.826609442060086
448,4.4725,4.885,0.37374535050071533,1.826609442060086
449,4.4725,4.88625,0.3727381974248927,1.8220314735336196
450,4.4475,4.8875,0.3706323319027182,1.8105865522174538
451,4.465,4.8875,0.37420314735336196,1.8311874105865524
452,4.4625,4.88875,0.3719141630901288,1.8197424892703866
453,4.4625,4.8875,0.3719141630901288,1.8197424892703866
454,4.4675,4.88875,0.3727381974248927,1.8220314735336196
455,4.475,4.8875,0.3729213161659514,1.8220314735336196
456,4.4825,4.88875,0.3735622317596567,1.826609442060086
457,4.4625,4.89,0.37374535050071533,1.826609442060086
458,4.47,4.88875,0.37246351931330474,1.8220314735336196
459,4.46,4.8875,0.3716394849785408,1.8151645207439202
460,4.465,4.8875,0.3727381974248927,1.8220314735336196
461,4.47,4.8875,0.37246351931330474,1.8197424892703866
462,4.4925,4.88875,0.37438626609442066,1.8311874105865524
463,4.4775,4.8875,0.37438626609442066,1.8311874105865524
464,4.475,4.88875,0.3727381974248927,1.8220314735336196
465,4.4675,4.88625,0.3722804005722461,1.8197424892703866
466,4.48,4.8875,0.3722804005722461,1.8197424892703866
467,4.485,4.885,0.37310443490701006,1.8220314735336196
468,4.4825,4.88875,0.3735622317596567,1.826609442060086
469,4.4725,4.88875,0.37246351931330474,1.8220314735336196
470,4.4875,4.88875,0.37374535050071533,1.826609442060086
471,4.49,4.8875,0.37420314735336196,1.8311874105865524
472,4.475,4.8875,0.3727381974248927,1.8220314735336196
473,4.4675,4.8875,0.373928469241774,1.826609442060086
474,4.485,4.88625,0.37374535050071533,1.826609442060086
475,4.4775,4.8875,0.37310443490701006,1.8220314735336196
476,4.4675,4.88625,0.37539341917024327,1.8334763948497856
477,4.4725,4.88625,0.3727381974248927,1.8220314735336196
478,4.465,4.88875,0.37209728183118745,1.8197424892703866
479,4.455,4.88875,0.37337911301859805,1.826609442060086
480,4.4675,4.88875,0.3722804005722461,1.8197424892703866
481,4.4625,4.88875,0.3719141630901288,1.8197424892703866
482,4.505,4.88625,0.3729213161659514,1.8220314735336196
483,4.4675,4.8875,0.3722804005722461,1.8197424892703866
484,4.4675,4.88875,0.3722804005722461,1.8197424892703866
485,4.475,4.88625,0.3735622317596567,1.826609442060086
486,4.4875,4.88625,0.373928469241774,1.826609442060086
487,4.465,4.88875,0.37209728183118745,1.8197424892703866
488,4.4975,4.88625,0.37374535050071533,1.826609442060086
489,4.4875,4.88875,0.373928469241774,1.826609442060086
490,4.48,4.88875,0.37337911301859805,1.826609442060086
491,4.48,4.88875,0.37337911301859805,1.826609442060086
492,4.475,4.8875,0.3729213161659514,1.8220314735336196
493,4.48,4.88875,0.37337911301859805,1.826609442060086
494,4.485,4.8875,0.3727381974248927,1.8220314735336196
495,4.465,4.8875,0.37337911301859805,1.826609442060086
496,4.4725,4.8875,0.3727381974248927,1.8220314735336196
497,4.4625,4.8875,0.373928469241774,1.826609442060086
498,4.475,4.8875,0.3727381974248927,1.8220314735336196
499,4.455,4.88625,0.3712732474964235,1.8151645207439202
500,4.5,4.885,0.37081545064377686,1.8105865522174538
501,4.47,4.88875,0.37374535050071533,1.826609442060086
502,4.4775,4.8875,0.37310443490701006,1.8220314735336196
503,4.4575,4.8875,0.3729213161659514,1.8220314735336196
504,4.4675,4.8875,0.37209728183118745,1.8197424892703866
505,4.5175,4.8875,0.37649213161659517,1.840343347639485
506,4.4675,4.8875,0.3712732474964235,1.8151645207439202
507,4.4725,4.88625,0.37246351931330474,1.8197424892703866
508,4.5,4.88625,0.37502718168812593,1.8334763948497856
509,4.475,4.8875,0.3729213161659514,1.8220314735336196
510,4.4775,4.8875,0.37246351931330474,1.8197424892703866
511,4.46,4.885,0.3716394849785408,1.8151645207439202
512,4.4725,4.88875,0.3727381974248927,1.8220314735336196
513,4.4675,4.88875,0.3714563662374822,1.8151645207439202
514,4.475,4.88875,0.3729213161659514,1.8220314735336196
515,4.4825,4.8875,0.3735622317596567,1.826609442060086
516,4.475,4.88875,0.3729213161659514,1.8220314735336196
517,4.4675,4.8875,0.3722804005722461,1.8197424892703866
518,4.4725,4.8875,0.3727381974248927,1.8220314735336196
519,4.475,4.88875,0.373928469241774,1.826609442060086
520,4.4625,4.8875,0.3719141630901288,1.8197424892703866
521,4.475,4.88875,0.3729213161659514,1.8220314735336196
522,4.4675,4.88625,0.3727381974248927,1.8220314735336196
523,4.4675,4.8875,0.3722804005722461,1.8197424892703866
524,4.485,4.8875,0.37374535050071533,1.826609442060086
525,4.475,4.8875,0.3735622317596567,1.826609442060086
526,4.4925,4.8875,0.37438626609442066,1.8311874105865524
527,4.4725,4.8875,0.3727381974248927,1.8220314735336196
528,4.4775,4.8875,0.3735622317596567,1.826609442060086
529,4.4775,4.8875,0.3722804005722461,1.8197424892703866
530,4.4775,4.8875,0.37310443490701006,1.8220314735336196
531,4.4725,4.8875,0.37502718168812593,1.8334763948497856
532,4.4775,4.88875,0.3729213161659514,1.8220314735336196
533,4.47,4.88625,0.37246351931330474,1.8197424892703866
534,4.485,4.88875,0.373928469241774,1.826609442060086
535,4.475,4.88875,0.3727381974248927,1.8220314735336196
536,4.47,4.8875,0.37246351931330474,1.8197424892703866
537,4.48,4.8875,0.373928469241774,1.826609442060086
538,4.47,4.8875,0.3735622317596567,1.826609442060086
539,4.475,4.8875,0.3729213161659514,1.8220314735336196
540,4.4675,4.88875,0.37420314735336196,1.8311874105865524
541,4.4825,4.88625,0.37246351931330474,1.8197424892703866
542,4.48,4.8875,0.37337911301859805,1.826609442060086
543,4.475,4.8875,0.3729213161659514,1.8220314735336196
544,4.4725,4.8875,0.3722804005722461,1.8197424892703866
545,4.465,4.8875,0.37209728183118745,1.8197424892703866
546,4.4725,4.88875,0.3727381974248927,1.8220314735336196
547,4.4675,4.88875,0.3722804005722461,1.8197424892703866
548,4.465,4.88875,0.37209728183118745,1.8197424892703866
549,4.475,4.8875,0.3729213161659514,1.8220314735336196
550,4.4775,4.8875,0.37310443490701006,1.8220314735336196
551,4.485,4.89,0.37374535050071533,1.826609442060086
552,4.48,4.88875,0.37337911301859805,1.826609442060086
553,4.4825,4.88625,0.37420314735336196,1.8311874105865524
554,4.4675,4.8875,0.3722804005722461,1.8197424892703866
555,4.4825,4.88875,0.3735622317596567,1.826609442060086
556,4.46,4.88875,0.37374535050071533,1.826609442060086
557,4.485,4.8875,0.37374535050071533,1.826609442060086
558,4.46,4.8875,0.3716394849785408,1.8151645207439202
559,4.4825,4.88875,0.3727381974248927,1.8220314735336196
560,4.4675,4.88875,0.3722804005722461,1.8197424892703866
561,4.4775,4.8875,0.37310443490701006,1.8220314735336196
562,4.485,4.8875,0.37337911301859805,1.826609442060086
563,4.48,4.8875,0.37337911301859805,1.826609442060086
564,4.47,4.8875,0.37246351931330474,1.8197424892703866
565,4.49,4.8875,0.37337911301859805,1.826609442060086
566,4.4825,4.8875,0.37337911301859805,1.826609442060086
567,4.4875,4.88625,0.373928469241774,1.826609442060086
568,4.475,4.8875,0.3727381974248927,1.8220314735336196
569,4.475,4.8875,0.3722804005722461,1.8197424892703866
570,4.4675,4.8875,0.3722804005722461,1.8197424892703866
571,4.49,4.8875,0.37310443490701006,1.8220314735336196
572,4.4725,4.8875,0.3735622317596567,1.826609442060086
573,4.46,4.89,0.3716394849785408,1.8197424892703866
574,4.48,4.8875,0.37246351931330474,1.8197424892703866
575,4.4625,4.8875,0.37374535050071533,1.826609442060086
576,4.48,4.88875,0.37337911301859805,1.826609442060086
577,4.4725,4.8875,0.3727381974248927,1.8220314735336196
578,4.4725,4.88875,0.37310443490701006,1.8220314735336196
579,4.48,4.88875,0.37337911301859805,1.826609442060086
580,4.48,4.8875,0.37337911301859805,1.826609442060086
581,4.46,4.8875,0.37374535050071533,1.826609442060086
582,4.49,4.8875,0.37420314735336196,1.8311874105865524
583,4.475,4.8875,0.3729213161659514,1.8220314735336196
584,4.4775,4.8875,0.3729213161659514,1.8220314735336196
585,4.4725,4.8875,0.3727381974248927,1.8220314735336196
586,4.48,4.88625,0.37337911301859805,1.8220314735336196
587,4.4725,4.8875,0.37337911301859805,1.826609442060086
588,4.475,4.88625,0.3729213161659514,1.8220314735336196
589,4.46,4.88875,0.3716394849785408,1.8151645207439202
590,4.47,4.89,0.37374535050071533,1.826609442060086
591,4.475,4.8875,0.3729213161659514,1.8220314735336196
592,4.49,4.8875,0.37420314735336196,1.8311874105865524
593,4.485,4.8875,0.37209728183118745,1.8197424892703866
594,4.475,4.8875,0.3729213161659514,1.8220314735336196
595,4.4675,4.88625,0.3722804005722461,1.8197424892703866
596,4.4675,4.8875,0.37337911301859805,1.826609442060086
597,4.475,4.88875,0.3729213161659514,1.8220314735336196
598,4.4875,4.88875,0.373928469241774,1.826609442060086
599,4.4925,4.8875,0.3727381974248927,1.8220314735336196
600,4.465,4.88625,0.37337911301859805,1.8220314735336196
601,4.485,4.8875,0.37374535050071533,1.826609442060086
602,4.4825,4.88625,0.3729213161659514,1.8220314735336196
603,4.4825,4.8875,0.37337911301859805,1.826609442060086
604,4.4825,4.88625,0.3735622317596567,1.826609442060086
605,4.475,4.8875,0.37246351931330474,1.8197424892703866
606,4.4675,4.8875,0.37420314735336196,1.8311874105865524
607,4.4875,4.88875,0.373928469241774,1.826609442060086
608,4.4725,4.8875,0.3727381974248927,1.8220314735336196
609,4.4625,4.88625,0.37374535050071533,1.826609442060086
610,4.4825,4.88625,0.3735622317596567,1.826609442060086
611,4.465,4.88875,0.37209728183118745,1.8197424892703866
612,4.48,4.88625,0.373928469241774,1.826609442060086
613,4.475,4.8875,0.3729213161659514,1.8220314735336196
614,4.48,4.88875,0.37337911301859805,1.826609442060086
615,4.465,4.88875,0.37209728183118745,1.8197424892703866
616,4.4625,4.8875,0.3719141630901288,1.8197424892703866
617,4.4625,4.88625,0.3719141630901288,1.8197424892703866
618,4.485,4.8875,0.37310443490701006,1.8220314735336196
619,4.4775,4.88875,0.37310443490701006,1.8220314735336196
620,4.48,4.8875,0.37337911301859805,1.826609442060086
621,4.475,4.8875,0.3727381974248927,1.8220314735336196
622,4.465,4.88625,0.37209728183118745,1.8197424892703866
623,4.4725,4.8875,0.3727381974248927,1.8220314735336196
624,4.4625,4.88875,0.37310443490701006,1.8220314735336196
625,4.475,4.8875,0.3729213161659514,1.8220314735336196
626,4.4725,4.8875,0.3727381974248927,1.8220314735336196
627,4.47,4.8875,0.3719141630901288,1.8197424892703866
628,4.49,4.8875,0.37420314735336196,1.8311874105865524
629,4.4625,4.88875,0.3719141630901288,1.8197424892703866
630,4.4675,4.8875,0.3729213161659514,1.8220314735336196
631,4.47,4.8875,0.37246351931330474,1.8197424892703866
632,4.475,4.8875,0.3729213161659514,1.8220314735336196
633,4.4975,4.8875,0.3727381974248927,1.8220314735336196
634,4.4875,4.8875,0.37337911301859805,1.826609442060086
635,4.485,4.88875,0.37374535050071533,1.826609442060086
636,4.4675,4.88875,0.37209728183118745,1.8197424892703866
637,4.475,4.8875,0.37420314735336196,1.8311874105865524
638,4.475,4.8875,0.3729213161659514,1.8220314735336196
639,4.4675,4.8875,0.3722804005722461,1.8197424892703866
640,4.4625,4.8875,0.37374535050071533,1.826609442060086
641,4.455,4.8875,0.3712732474964235,1.8151645207439202
642,4.465,4.8875,0.37310443490701006,1.8220314735336196
643,4.465,4.8875,0.37310443490701006,1.8220314735336196
644,4.4775,4.88875,0.37310443490701006,1.8220314735336196
645,4.4725,4.8875,0.3727381974248927,1.826609442060086
646,4.4775,4.88875,0.37420314735336196,1.8311874105865524
647,4.4725,4.88625,0.3727381974248927,1.8220314735336196
648,4.4775,4.8875,0.37310443490701006,1.8220314735336196
649,4.47,4.885,0.3729213161659514,1.8220314735336196
650,4.475,4.88875,0.3729213161659514,1.8220314735336196
651,4.47,4.88625,0.37246351931330474,1.8197424892703866
652,4.4875,4.8875,0.3729213161659514,1.8220314735336196
653,4.475,4.8875,0.3729213161659514,1.8220314735336196
654,4.475,4.8875,0.3729213161659514,1.8220314735336196
655,4.4675,4.88625,0.37337911301859805,1.8220314735336196
656,4.48,4.88625,0.37337911301859805,1.8220314735336196
657,4.475,4.8875,0.3729213161659514,1.8220314735336196
658,4.4875,4.8875,0.3722804005722461,1.8197424892703866
659,4.46,4.8875,0.3716394849785408,1.8151645207439202
660,4.475,4.8875,0.3729213161659514,1.8220314735336196
661,4.485,4.8875,0.3719141630901288,1.8197424892703866
662,4.4725,4.8875,0.3727381974248927,1.8220314735336196
663,4.47,4.88875,0.37246351931330474,1.8220314735336196
664,4.47,4.8875,0.37209728183118745,1.8197424892703866
665,4.4875,4.8875,0.373928469241774,1.826609442060086
666,4.4775,4.8875,0.37310443490701006,1.8220314735336196
667,4.4625,4.8875,0.3719141630901288,1.8197424892703866
668,4.5,4.8875,0.3727381974248927,1.8220314735336196
669,4.49,4.88875,0.37420314735336196,1.8311874105865524
670,4.47,4.88875,0.37337911301859805,1.826609442060086
671,4.48,4.89,0.3714563662374822,1.8151645207439202
672,4.475,4.8875,0.3729213161659514,1.8220314735336196
673,4.4825,4.88625,0.3735622317596567,1.826609442060086
674,4.4575,4.89,0.37337911301859805,1.826609442060086
675,4.4825,4.8875,0.3735622317596567,1.826609442060086
676,4.46,4.89,0.37310443490701006,1.8220314735336196
677,4.4825,4.88875,0.3722804005722461,1.8197424892703866
678,4.49,4.88625,0.37420314735336196,1.8311874105865524
679,4.4675,4.8875,0.3712732474964235,1.8151645207439202
680,4.48,4.89,0.37081545064377686,1.8151645207439202
681,4.4725,4.8875,0.3727381974248927,1.8220314735336196
682,4.4425,4.8875,0.3701745350500716,1.8082975679542206
683,4.4525,4.8875,0.3722804005722461,1.8197424892703866
684,4.465,4.88875,0.37209728183118745,1.8197424892703866
685,4.4875,4.88875,0.373928469241774,1.826609442060086
686,4.5075,4.8875,0.37209728183118745,1.8197424892703866
687,4.4925,4.88625,0.37438626609442066,1.8311874105865524
688,4.4575,4.89,0.3714563662374822,1.8151645207439202
689,4.465,4.88875,0.3719141630901288,1.8197424892703866
690,4.475,4.8875,0.3729213161659514,1.8220314735336196
691,4.45,4.88875,0.37081545064377686,1.8105865522174538
692,4.4675,4.89,0.3716394849785408,1.8197424892703866
693,4.48,4.8875,0.37337911301859805,1.826609442060086
694,4.4825,4.8875,0.3735622317596567,1.826609442060086
695,4.485,4.88875,0.3729213161659514,1.8220314735336196
696,4.4825,4.8875,0.3735622317596567,1.826609442060086
697,4.4825,4.8875,0.3735622317596567,1.826609442060086
698,4.46,4.8875,0.3727381974248927,1.8220314735336196
699,4.4725,4.8875,0.3727381974248927,1.8220314735336196
700,4.495,4.8875,0.3745693848354793,1.8311874105865524
701,4.4775,4.88875,0.37337911301859805,1.826609442060086
702,4.465,4.88875,0.3745693848354793,1.8311874105865524
703,4.475,4.88625,0.3729213161659514,1.8220314735336196
704,4.455,4.88625,0.3745693848354793,1.8311874105865524
705,4.4725,4.88875,0.3745693848354793,1.8311874105865524
706,4.495,4.8875,0.3745693848354793,1.8311874105865524
707,4.4775,4.88875,0.3722804005722461,1.8197424892703866
708,4.4775,4.88875,0.3727381974248927,1.8220314735336196
709,4.475,4.8875,0.3729213161659514,1.8220314735336196
710,4.4675,4.8875,0.37310443490701006,1.8220314735336196
711,4.465,4.8875,0.37209728183118745,1.8197424892703866
712,4.4925,4.88625,0.37438626609442066,1.8311874105865524
713,4.4825,4.88625,0.37337911301859805,1.8220314735336196
714,4.4725,4.8875,0.37438626609442066,1.8311874105865524
715,4.52,4.88875,0.3766752503576538,1.840343347639485
716,4.5025,4.8875,0.3752103004291846,1.8334763948497856
717,4.4875,4.88625,0.37420314735336196,1.8311874105865524
718,4.47,4.88625,0.37246351931330474,1.8197424892703866
719,4.4825,4.8875,0.3735622317596567,1.826609442060086
720,4.4675,4.8875,0.3727381974248927,1.8220314735336196
721,4.47,4.8875,0.37246351931330474,1.8197424892703866
722,4.4825,4.8875,0.3735622317596567,1.826609442060086
723,4.4725,4.88625,0.3758512160228899,1.838054363376252
724,4.47,4.88875,0.37246351931330474,1.8220314735336196
725,4.48,4.89,0.37337911301859805,1.826609442060086
726,4.4725,4.8875,0.37420314735336196,1.8311874105865524
727,4.4825,4.8875,0.3735622317596567,1.826609442060086
728,4.495,4.88625,0.3745693848354793,1.8311874105865524
729,4.4725,4.88625,0.37475250357653794,1.8311874105865524
730,4.4725,4.8875,0.3727381974248927,1.8220314735336196
731,4.47,4.8875,0.37246351931330474,1.8197424892703866
732,4.4725,4.8875,0.37475250357653794,1.8311874105865524
733,4.4725,4.8875,0.3727381974248927,1.8220314735336196
734,4.4575,4.8875,0.3714563662374822,1.8151645207439202
735,4.475,4.88625,0.3719141630901288,1.8197424892703866
736,4.4775,4.8875,0.37310443490701006,1.8220314735336196
737,4.475,4.8875,0.3729213161659514,1.8220314735336196
738,4.47,4.8875,0.37374535050071533,1.826609442060086
739,4.48,4.88625,0.37246351931330474,1.8197424892703866
740,4.4825,4.88875,0.3735622317596567,1.826609442060086
741,4.4675,4.8875,0.373928469241774,1.826609442060086
742,4.48,4.88625,0.37337911301859805,1.8220314735336196
743,4.485,4.8875,0.37374535050071533,1.826609442060086
744,4.4775,4.8875,0.37246351931330474,1.8197424892703866
745,4.475,4.8875,0.37438626609442066,1.8311874105865524
746,4.475,4.88875,0.3729213161659514,1.8220314735336196
747,4.475,4.88625,0.37539341917024327,1.8334763948497856
748,4.4875,4.88875,0.3727381974248927,1.8220314735336196
749,4.4825,4.8875,0.3735622317596567,1.826609442060086
750,4.48,4.8875,0.37337911301859805,1.826609442060086
751,4.4775,4.88625,0.37209728183118745,1.8197424892703866
752,4.4875,4.8875,0.373928469241774,1.826609442060086
753,4.4825,4.88625,0.3735622317596567,1.826609442060086
754,4.48,4.8875,0.37420314735336196,1.8311874105865524
755,4.495,4.8875,0.3745693848354793,1.8311874105865524
756,4.47,4.8875,0.37246351931330474,1.8197424892703866
757,4.485,4.8875,0.37310443490701006,1.8220314735336196
758,4.485,4.88625,0.37374535050071533,1.826609442060086
759,4.485,4.8875,0.37374535050071533,1.826609442060086
760,4.475,4.88625,0.37420314735336196,1.8311874105865524
761,4.495,4.8875,0.3745693848354793,1.8311874105865524
762,4.4875,4.8875,0.373928469241774,1.826609442060086
763,4.4825,4.8875,0.3758512160228899,1.838054363376252
764,4.47,4.8875,0.37246351931330474,1.8197424892703866
765,4.4775,4.88875,0.37310443490701006,1.8220314735336196
766,4.4725,4.8875,0.373928469241774,1.826609442060086
767,4.47,4.8875,0.37246351931330474,1.8197424892703866
768,4.47,4.88875,0.37246351931330474,1.8220314735336196
769,4.48,4.88875,0.37337911301859805,1.826609442060086
770,4.4725,4.8875,0.3727381974248927,1.8220314735336196
771,4.4775,4.8875,0.37310443490701006,1.8220314735336196
772,4.4725,4.8875,0.3722804005722461,1.8197424892703866
773,4.4875,4.8875,0.3722804005722461,1.8197424892703866
774,4.4725,4.88625,0.3727381974248927,1.8220314735336196
775,4.48,4.8875,0.37337911301859805,1.826609442060086
776,4.485,4.8875,0.37420314735336196,1.8311874105865524
777,4.4725,4.8875,0.3727381974248927,1.8220314735336196
778,4.4725,4.8875,0.3735622317596567,1.826609442060086
779,4.485,4.8875,0.3722804005722461,1.8197424892703866
780,4.48,4.8875,0.37337911301859805,1.826609442060086
781,4.4725,4.88875,0.37310443490701006,1.8220314735336196
782,4.485,4.8875,0.37209728183118745,1.8197424892703866
783,4.47,4.8875,0.37246351931330474,1.8197424892703866
784,4.4675,4.8875,0.3722804005722461,1.8151645207439202
785,4.475,4.8875,0.3716394849785408,1.8151645207439202
786,4.48,4.8875,0.37337911301859805,1.826609442060086
787,4.485,4.8875,0.37374535050071533,1.826609442060086
788,4.49,4.8875,0.3729213161659514,1.8220314735336196
789,4.4675,4.8875,0.3722804005722461,1.8197424892703866
790,4.4825,4.88875,0.3735622317596567,1.826609442060086
791,4.495,4.8875,0.3727381974248927,1.8220314735336196
792,4.475,4.8875,0.3729213161659514,1.8220314735336196
793,4.48,4.88875,0.37337911301859805,1.826609442060086
794,4.4625,4.8875,0.37337911301859805,1.826609442060086
795,4.4875,4.8875,0.373928469241774,1.826609442060086
796,4.48,4.8875,0.37337911301859805,1.826609442060086
797,4.4825,4.88625,0.3735622317596567,1.826609442060086
798,4.4775,4.8875,0.37310443490701006,1.8220314735336196
799,4.4625,4.88875,0.3719141630901288,1.8197424892703866
800,4.485,4.88625,0.37310443490701006,1.8220314735336196
801,4.49,4.8875,0.37420314735336196,1.8311874105865524
802,4.4775,4.8875,0.37310443490701006,1.8220314735336196
803,4.475,4.8875,0.3709985693848355,1.8105865522174538
804,4.4825,4.8875,0.3735622317596567,1.826609442060086
805,4.4775,4.88875,0.37310443490701006,1.8220314735336196
806,4.47,4.8875,0.373928469241774,1.826609442060086
807,4.48,4.8875,0.37310443490701006,1.8220314735336196
808,4.4675,4.8875,0.3722804005722461,1.8197424892703866
809,4.4825,4.88875,0.3729213161659514,1.8220314735336196
810,4.48,4.88875,0.37374535050071533,1.826609442060086
811,4.4625,4.88875,0.3719141630901288,1.8197424892703866
812,4.48,4.8875,0.37420314735336196,1.8311874105865524
813,4.4825,4.8875,0.3727381974248927,1.8220314735336196
814,4.47,4.8875,0.37246351931330474,1.8197424892703866
815,4.485,4.88625,0.37337911301859805,1.8220314735336196
816,4.48,4.88875,0.3727381974248927,1.8220314735336196
817,4.47,4.88875,0.37246351931330474,1.8220314735336196
818,4.475,4.8875,0.3729213161659514,1.8220314735336196
819,4.48,4.88875,0.3727381974248927,1.8220314735336196
820,4.4775,4.8875,0.37310443490701006,1.8220314735336196
821,4.47,4.8875,0.37246351931330474,1.8197424892703866
822,4.4675,4.8875,0.37337911301859805,1.826609442060086
823,4.4775,4.88875,0.37310443490701006,1.8220314735336196
824,4.48,4.8875,0.37337911301859805,1.826609442060086
825,4.48,4.8875,0.3722804005722461,1.8197424892703866
826,4.48,4.8875,0.37337911301859805,1.826609442060086
827,4.4925,4.8875,0.37438626609442066,1.8311874105865524
828,4.48,4.8875,0.373928469241774,1.826609442060086
829,4.4775,4.8875,0.37310443490701006,1.8220314735336196
830,4.4825,4.88875,0.3735622317596567,1.826609442060086
831,4.4725,4.8875,0.373928469241774,1.826609442060086
832,4.48,4.8875,0.37337911301859805,1.826609442060086
833,4.4825,4.8875,0.3735622317596567,1.826609442060086
834,4.4625,4.88625,0.37310443490701006,1.8220314735336196
835,4.475,4.8875,0.3729213161659514,1.8220314735336196
836,4.475,4.88875,0.3729213161659514,1.8220314735336196
837,4.4875,4.8875,0.37337911301859805,1.826609442060086
838,4.47,4.8875,0.37246351931330474,1.8197424892703866
839,4.4775,4.88625,0.37310443490701006,1.8220314735336196
840,4.485,4.88875,0.37246351931330474,1.8220314735336196
841,4.475,4.88875,0.37420314735336196,1.8311874105865524
842,4.4825,4.88875,0.3735622317596567,1.826609442060086
843,4.49,4.885,0.37420314735336196,1.826609442060086
844,4.46,4.88875,0.3735622317596567,1.826609442060086
845,4.485,4.8875,0.37374535050071533,1.826609442060086
846,4.47,4.88625,0.3729213161659514,1.8220314735336196
847,4.485,4.88625,0.3729213161659514,1.8220314735336196
848,4.4725,4.8875,0.3727381974248927,1.8220314735336196
849,4.4775,4.8875,0.37374535050071533,1.826609442060086
850,4.4725,4.88625,0.3727381974248927,1.8220314735336196
851,4.48,4.8875,0.37337911301859805,1.826609442060086
852,4.47,4.8875,0.37246351931330474,1.8197424892703866
853,4.48,4.88875,0.3729213161659514,1.8220314735336196
854,4.4775,4.88875,0.37310443490701006,1.8220314735336196
855,4.4875,4.88875,0.373928469241774,1.826609442060086
856,4.495,4.8875,0.3729213161659514,1.8220314735336196
857,4.48,4.88875,0.37337911301859805,1.826609442060086
858,4.4775,4.8875,0.37310443490701006,1.8220314735336196
859,4.49,4.8875,0.3735622317596567,1.826609442060086
860,4.48,4.88625,0.37337911301859805,1.8220314735336196
861,4.465,4.8875,0.37209728183118745,1.8197424892703866
862,4.465,4.8875,0.3727381974248927,1.8220314735336196
863,4.4725,4.88625,0.3727381974248927,1.8220314735336196
864,4.485,4.8875,0.37374535050071533,1.826609442060086
865,4.4625,4.8875,0.3729213161659514,1.8220314735336196
866,4.4725,4.8875,0.3727381974248927,1.8220314735336196
867,4.48,4.88875,0.37337911301859805,1.826609442060086
868,4.4825,4.8875,0.37337911301859805,1.826609442060086
869,4.4725,4.88625,0.3727381974248927,1.8220314735336196
870,4.47,4.88875,0.37246351931330474,1.8220314735336196
871,4.48,4.88625,0.37337911301859805,1.8220314735336196
872,4.485,4.88875,0.37374535050071533,1.826609442060086
873,4.485,4.88875,0.37374535050071533,1.826609442060086
874,4.47,4.8875,0.37310443490701006,1.8220314735336196
875,4.475,4.8875,0.37374535050071533,1.826609442060086
876,4.495,4.8875,0.3745693848354793,1.8311874105865524
877,4.4675,4.8875,0.3729213161659514,1.8220314735336196
878,4.4825,4.88875,0.3735622317596567,1.826609442060086
879,4.4725,4.8875,0.3727381974248927,1.8220314735336196
880,4.49,4.8875,0.37438626609442066,1.8311874105865524
881,4.48,4.88875,0.37246351931330474,1.8220314735336196
882,4.48,4.8875,0.37337911301859805,1.826609442060086
883,4.4725,4.88625,0.37438626609442066,1.8311874105865524
884,4.485,4.8875,0.37310443490701006,1.8220314735336196
885,4.485,4.8875,0.37374535050071533,1.826609442060086
886,4.485,4.8875,0.37310443490701006,1.8220314735336196
887,4.4875,4.88625,0.3727381974248927,1.8220314735336196
888,4.475,4.8875,0.3729213161659514,1.8220314735336196
889,4.49,4.8875,0.37420314735336196,1.8311874105865524
890,4.4925,4.8875,0.37337911301859805,1.826609442060086
891,4.485,4.8875,0.37374535050071533,1.826609442060086
892,4.48,4.88875,0.37337911301859805,1.826609442060086
893,4.4775,4.8875,0.37209728183118745,1.8197424892703866
894,4.475,4.8875,0.3729213161659514,1.8220314735336196
895,4.475,4.89,0.3729213161659514,1.8220314735336196
896,4.47,4.8875,0.37246351931330474,1.8197424892703866
897,4.4875,4.8875,0.373928469241774,1.826609442060086
898,4.4775,4.885,0.37310443490701006,1.8220314735336196
899,4.4775,4.8875,0.37209728183118745,1.8197424892703866
900,4.485,4.8875,0.37374535050071533,1.826609442060086
901,4.485,4.88875,0.37374535050071533,1.826609442060086
902,4.47,4.8875,0.37310443490701006,1.8220314735336196
903,4.4775,4.885,0.37310443490701006,1.8220314735336196
904,4.495,4.8875,0.3745693848354793,1.8311874105865524
905,4.5,4.88625,0.37374535050071533,1.826609442060086
906,4.485,4.885,0.37374535050071533,1.826609442060086
907,4.47,4.8875,0.37246351931330474,1.8197424892703866
908,4.4775,4.88875,0.37337911301859805,1.826609442060086
909,4.4725,4.8875,0.3727381974248927,1.8220314735336196
910,4.48,4.88875,0.37337911301859805,1.826609442060086
911,4.4925,4.8875,0.37246351931330474,1.8197424892703866
912,4.495,4.88875,0.37420314735336196,1.8311874105865524
913,4.48,4.885,0.37337911301859805,1.8220314735336196
914,4.495,4.88625,0.37374535050071533,1.826609442060086
915,4.49,4.885,0.37310443490701006,1.8220314735336196
916,4.485,4.8875,0.37374535050071533,1.826609442060086
917,4.49,4.8875,0.3727381974248927,1.8220314735336196
918,4.4825,4.8875,0.37539341917024327,1.8334763948497856
919,4.465,4.88875,0.37209728183118745,1.8197424892703866
920,4.4725,4.8875,0.37438626609442066,1.8311874105865524
921,4.4675,4.88625,0.3735622317596567,1.826609442060086
922,4.4875,4.8875,0.373928469241774,1.826609442060086
923,4.4725,4.8875,0.3727381974248927,1.8220314735336196
924,4.4875,4.89,0.37337911301859805,1.826609442060086
925,4.475,4.88875,0.3729213161659514,1.8220314735336196
926,4.505,4.885,0.37539341917024327,1.8334763948497856
927,4.4825,4.885,0.3727381974248927,1.8220314735336196
928,4.475,4.88875,0.3729213161659514,1.8220314735336196
929,4.4675,4.8875,0.3722804005722461,1.8197424892703866
930,4.465,4.88875,0.3745693848354793,1.8311874105865524
931,4.4875,4.8875,0.373928469241774,1.826609442060086
932,4.4775,4.88625,0.37310443490701006,1.8220314735336196
933,4.475,4.88875,0.37337911301859805,1.826609442060086
934,4.4975,4.88625,0.37475250357653794,1.8311874105865524
935,4.4625,4.8875,0.3719141630901288,1.8197424892703866
936,4.5025,4.8875,0.373928469241774,1.826609442060086
937,4.505,4.88875,0.37539341917024327,1.8334763948497856
938,4.495,4.8875,0.3745693848354793,1.8311874105865524
939,4.48,4.8875,0.37209728183118745,1.8197424892703866
940,4.46,4.8875,0.3716394849785408,1.8151645207439202
941,4.485,4.885,0.37374535050071533,1.826609442060086
942,4.4775,4.88875,0.373928469241774,1.826609442060086
943,4.46,4.8875,0.3716394849785408,1.8151645207439202
944,4.47,4.8875,0.37246351931330474,1.8197424892703866
945,4.4875,4.8875,0.37337911301859805,1.826609442060086
946,4.4775,4.88375,0.3735622317596567,1.8220314735336196
947,4.48,4.88875,0.37337911301859805,1.826609442060086
948,4.465,4.88625,0.37438626609442066,1.8311874105865524
949,4.4675,4.8875,0.3745693848354793,1.8311874105865524
950,4.49,4.88875,0.37420314735336196,1.8311874105865524
951,4.4825,4.88875,0.37310443490701006,1.8220314735336196
952,4.4925,4.8875,0.37246351931330474,1.8197424892703866
953,4.46,4.8875,0.3716394849785408,1.8151645207439202
954,4.4975,4.88625,0.3745693848354793,1.8311874105865524
955,4.5,4.88625,0.37246351931330474,1.8197424892703866
956,4.495,4.8875,0.3745693848354793,1.8311874105865524
957,4.4825,4.8875,0.37374535050071533,1.826609442060086
958,4.4575,4.8875,0.3719141630901288,1.8197424892703866
959,4.5025,4.8875,0.3752103004291846,1.8334763948497856
960,4.48,4.89,0.37337911301859805,1.826609442060086
961,4.49,4.8875,0.37310443490701006,1.8220314735336196
962,4.5075,4.8875,0.3756680972818312,1.838054363376252
963,4.4625,4.88875,0.3719141630901288,1.8197424892703866
964,4.4775,4.88625,0.373928469241774,1.826609442060086
965,4.475,4.8875,0.3729213161659514,1.8220314735336196
966,4.465,4.8875,0.37209728183118745,1.8197424892703866
967,4.485,4.88625,0.37337911301859805,1.8220314735336196
968,4.4875,4.885,0.373928469241774,1.826609442060086
969,4.485,4.885,0.37374535050071533,1.826609442060086
970,4.505,4.8875,0.3719141630901288,1.8197424892703866
971,4.4775,4.88625,0.37310443490701006,1.8220314735336196
972,4.46,4.88625,0.3716394849785408,1.8151645207439202
973,4.465,4.88875,0.37310443490701006,1.8220314735336196
974,4.4875,4.8875,0.373928469241774,1.826609442060086
975,4.4675,4.88875,0.3722804005722461,1.8197424892703866
976,4.475,4.8875,0.3722804005722461,1.8197424892703866
977,4.49,4.8875,0.37420314735336196,1.8311874105865524
978,4.4675,4.8875,0.3722804005722461,1.8197424892703866
979,4.5025,4.8875,0.37337911301859805,1.826609442060086
980,4.4725,4.8875,0.37374535050071533,1.826609442060086
981,4.475,4.8875,0.3729213161659514,1.8220314735336196
982,4.4875,4.8875,0.37337911301859805,1.826609442060086
983,4.46,4.885,0.37374535050071533,1.826609442060086
984,4.47,4.8875,0.37246351931330474,1.8197424892703866
985,4.4775,4.8875,0.37337911301859805,1.826609442060086
986,4.4825,4.8875,0.3722804005722461,1.8197424892703866
987,4.4675,4.88875,0.3722804005722461,1.8197424892703866
988,4.4775,4.88625,0.3727381974248927,1.8220314735336196
989,4.4875,4.8875,0.3722804005722461,1.8197424892703866
990,4.47,4.8875,0.37246351931330474,1.8197424892703866
991,4.475,4.8875,0.37420314735336196,1.8311874105865524
992,4.475,4.8875,0.37209728183118745,1.8197424892703866
993,4.4625,4.88875,0.3719141630901288,1.8197424892703866
994,4.475,4.8875,0.3729213161659514,1.8220314735336196
995,4.48,4.8875,0.37374535050071533,1.826609442060086
996,4.475,4.8875,0.3729213161659514,1.8220314735336196
997,4.475,4.88875,0.3729213161659514,1.8220314735336196
998,4.48,4.88625,0.37337911301859805,1.8220314735336196
999,4.495,4.88875,0.3745693848354793,1.8311874105865524
1000,4.48,4.8875,0.37337911301859805,1.826609442060086
1001,4.485,4.8875,0.37420314735336196,1.8311874105865524
1002,4.4575,4.8875,0.3714563662374822,1.8151645207439202
1003,4.4775,4.8875,0.37310443490701006,1.8220314735336196
1004,4.4825,4.8875,0.3722804005722461,1.8197424892703866
1005,4.48,4.8875,0.37337911301859805,1.826609442060086
1006,4.4675,4.885,0.3722804005722461,1.8197424892703866
1007,4.49,4.885,0.3719141630901288,1.8151645207439202
1008,4.475,4.8875,0.3729213161659514,1.8220314735336196
1009,4.4625,4.88875,0.3719141630901288,1.8197424892703866
1010,4.475,4.8875,0.37438626609442066,1.8311874105865524
1011,4.47,4.8875,0.37246351931330474,1.8197424892703866
1012,4.4625,4.88875,0.3719141630901288,1.8197424892703866
1013,4.4875,4.8875,0.3735622317596567,1.826609442060086
1014,4.48,4.8875,0.3716394849785408,1.8151645207439202
1015,4.475,4.8875,0.3729213161659514,1.8220314735336196
1016,4.4875,4.8875,0.3727381974248927,1.8220314735336196
1017,4.47,4.8875,0.3745693848354793,1.8311874105865524
1018,4.475,4.8875,0.3729213161659514,1.8220314735336196
1019,4.485,4.88625,0.3722804005722461,1.8197424892703866
1020,4.4775,4.88875,0.37209728183118745,1.8197424892703866
1021,4.48,4.8875,0.37337911301859805,1.826609442060086
1022,4.4725,4.8875,0.37374535050071533,1.826609442060086
1023,4.4625,4.88875,0.37246351931330474,1.8220314735336196
1024,2.04,5.08,0.1700257510729614,0.8629470672389129
1025,2.43,5.04875,0.19016881258941346,0.9590844062947069
1026,2.0825,5.0875,0.16627181688125897,0.8469241773962805
1027,2.0025,5.0875,0.16691273247496424,0.8469241773962805
1028,2,5.08875,0.16663805436337628,0.8469241773962805
1029,2.03,5.08,0.1670958512160229,0.8469241773962805
1030,1.8425,5.09875,0.15354506437768242,0.7828326180257512
1031,3.31,4.97625,0.27586838340486414,1.3733905579399142
1032,3.255,4.98375,0.21855221745350503,1.0872675250357655
1033,1.9925,5.09625,0.16599713876967098,0.8469241773962805
1034,1.97,5.08625,0.16416595135908443,0.8354792560801145
1035,2.0075,5.0825,0.16599713876967098,0.8446351931330472
1036,1.955,5.085,0.16288412017167384,0.8286123032904149
1037,1.9075,5.095,0.15894706723891275,0.8103004291845495
1038,1.9,5.09625,0.16288412017167384,0.8286123032904149
1039,1.9325,5.085,0.1610529327610873,0.817167381974249
1040,2.0375,5.09,0.1697510729613734,0.8629470672389129
1041,1.855,5.09875,0.15208011444921318,0.7759656652360516
1042,1.8725,5.1,0.15601716738197427,0.7942775393419171
1043,1.8875,5.09875,0.15729899856938484,0.8034334763948499
1044,1.885,5.09625,0.15519313304721033,0.7919885550786839
1045,1.8625,5.09625,0.15519313304721033,0.7919885550786839
1046,2.375,5.02,0.1979513590844063,0.9934191702432047
1047,1.9,5.095,0.15793991416309014,0.8057224606580831
1048,1.9225,5.09125,0.16022889842632335,0.817167381974249
1049,1.9325,5.0925,0.1610529327610873,0.8217453505007154
1050,1.9225,5.0925,0.1587639484978541,0.8103004291845495
1051,1.9075,5.095,0.15729899856938484,0.8034334763948499
1052,1.835,5.09875,0.15290414878397712,0.7805436337625179
1053,1.84,5.09875,0.15729899856938484,0.8034334763948499
1054,1.8375,5.09875,0.15372818311874106,0.7828326180257512
1055,1.9225,5.08,0.16022889842632335,0.8148783977110158
1056,1.8525,5.1,0.15336194563662375,0.7828326180257512
1057,1.8425,5.09875,0.15272103004291848,0.7805436337625179
1058,1.8475,5.10125,0.15400286123032905,0.7828326180257512
1059,1.835,5.1,0.15601716738197427,0.7942775393419171
1060,1.845,5.1,0.15501001430615166,0.7919885550786839
1061,2.3125,5.055,0.19273247496423465,0.9751072961373392
1062,1.9,5.095,0.15830615164520745,0.8057224606580831
1063,1.8975,5.09625,0.1581230329041488,0.8057224606580831
1064,1.9,5.09625,0.15830615164520745,0.8057224606580831
1065,1.885,5.09625,0.1571158798283262,0.8034334763948499
1066,1.945,5.09,0.15958798283261805,0.8148783977110158
1067,1.8325,5.0875,0.15272103004291848,0.7759656652360516
1068,1.835,5.095,0.15290414878397712,0.7805436337625179
1069,1.8275,5.10125,0.15418597997138772,0.7874105865522176
1070,1.8275,5.0975,0.15226323319027182,0.7759656652360516
1071,1.85,5.09875,0.15418597997138772,0.7874105865522176
1072,1.8775,5.0975,0.1558340486409156,0.7942775393419171
1073,1.835,5.09625,0.15290414878397712,0.7805436337625179
1074,1.8325,5.1,0.15272103004291848,0.7805436337625179
1075,1.8425,5.1,0.1530872675250358,0.7805436337625179
1076,2.0325,5.06625,0.1693848354792561,0.8583690987124465
1077,1.96,5.0925,0.16334191702432047,0.8331902718168813
1078,1.9425,5.09,0.15766523605150215,0.8034334763948499
1079,1.8875,5.095,0.15729899856938484,0.8034334763948499
1080,1.8875,5.095,0.15729899856938484,0.8034334763948499
1081,1.9,5.09625,0.15793991416309014,0.8057224606580831
1082,1.8875,5.0975,0.15729899856938484,0.8034334763948499
1083,1.905,5.09375,0.1587639484978541,0.8103004291845495
1084,1.85,5.10125,0.1530872675250358,0.7805436337625179
1085,1.8275,5.10125,0.15372818311874106,0.7828326180257512
1086,1.875,5.09875,0.15629184549356226,0.7942775393419171
1087,1.9725,5.09,0.16004577968526468,0.8148783977110158
1088,1.8575,5.1,0.15290414878397712,0.7805436337625179
1089,1.8425,5.10125,0.15354506437768242,0.7828326180257512
1090,1.855,5.09875,0.1525379113018598,0.7759656652360516
1091,2.0875,5.07875,0.16563090128755367,0.8400572246065808
1092,1.9325,5.09125,0.1610529327610873,0.8217453505007154
1093,1.905,5.095,0.15766523605150215,0.8034334763948499
1094,1.8975,5.095,0.15766523605150215,0.8034334763948499
1095,1.935,5.09375,0.16123605150214593,0.8217453505007154
1096,1.905,5.09375,0.1587639484978541,0.817167381974249
1097,1.895,5.095,0.1564749642346209,0.7988555078683836
1098,1.895,5.0925,0.15793991416309014,0.8034334763948499
1099,1.8525,5.10125,0.15436909871244636,0.7874105865522176
1100,1.86,5.0975,0.15436909871244636,0.7874105865522176
1101,1.8375,5.09875,0.1530872675250358,0.7805436337625179
1102,1.89,5.0975,0.1574821173104435,0.8034334763948499
1103,1.8825,5.09625,0.15793991416309014,0.8057224606580831
1104,1.84,5.1,0.15336194563662375,0.7828326180257512
1105,1.8325,5.1,0.15272103004291848,0.7805436337625179
1106,2.0925,5.08375,0.16791988555078685,0.8560801144492132
1107,1.97,5.09125,0.16416595135908443,0.8354792560801145
1108,1.9125,5.095,0.15940486409155938,0.8148783977110158
1109,1.965,5.08875,0.16251788268955653,0.8286123032904149
1110,1.8875,5.09,0.15729899856938484,0.7988555078683836
1111,1.8875,5.09375,0.15729899856938484,0.8034334763948499
1112,1.82,5.10125,0.15436909871244636,0.7874105865522176
1113,1.8975,5.0875,0.1581230329041488,0.8057224606580831
1114,1.8475,5.1,0.15400286123032905,0.7828326180257512
1115,1.86,5.09875,0.15519313304721033,0.7919885550786839
1116,1.8425,5.1,0.15354506437768242,0.7828326180257512
1117,1.895,5.0975,0.15793991416309014,0.8057224606580831
1118,1.85,5.0975,0.15436909871244636,0.7874105865522176
1119,1.8325,5.09875,0.15629184549356226,0.7942775393419171
1120,1.8775,5.09625,0.1564749642346209,0.7988555078683836
1121,2.16,5.08125,0.1703919885550787,0.8652360515021461
1122,1.885,5.095,0.16288412017167384,0.8286123032904149
1123,1.9025,5.095,0.15858082975679544,0.8057224606580831
1124,1.895,5.0975,0.15913018597997142,0.8103004291845495
1125,1.91,5.09375,0.15894706723891275,0.8103004291845495
1126,1.9675,5.08875,0.16398283261802576,0.8354792560801145
1127,1.9475,5.1,0.15519313304721033,0.7919885550786839
1128,1.845,5.1,0.15372818311874106,0.7828326180257512
1129,1.845,5.10125,0.15372818311874106,0.7828326180257512
1130,1.8725,5.09875,0.15729899856938484,0.8034334763948499
1131,1.8725,5.0975,0.15729899856938484,0.8034334763948499
1132,1.8425,5.1,0.15354506437768242,0.7828326180257512
1133,1.84,5.10125,0.15336194563662375,0.7828326180257512
1134,1.85,5.1,0.154826895565093,0.7919885550786839
1135,1.89,5.09625,0.1574821173104435,0.8034334763948499
1136,2.1775,5.075,0.18147067238912734,0.9224606580829757
1137,2.0825,5.0875,0.1697510729613734,0.8629470672389129
1138,1.91,5.09625,0.15913018597997142,0.8103004291845495
1139,1.965,5.09375,0.16370815450643778,0.8331902718168813
1140,1.89,5.09375,0.16288412017167384,0.8286123032904149
1141,3.3575,4.98875,0.2798054363376252,1.393991416309013
1142,3.38,4.98375,0.28163662374821175,1.4031473533619458
1143,3.2825,4.9875,0.277516452074392,1.3848354792560802
1144,1.9775,5.0925,0.1648068669527897,0.8400572246065808
1145,1.9175,5.09625,0.1597711015736767,0.8148783977110158
1146,2.0325,5.09125,0.16416595135908443,0.8354792560801145
1147,1.9125,5.09375,0.15940486409155938,0.8148783977110158
1148,1.8925,5.09625,0.15766523605150215,0.8034334763948499
1149,1.8325,5.1,0.15729899856938484,0.8034334763948499
1150,1.8525,5.1,0.15436909871244636,0.7874105865522176
1151,2.145,5.08625,0.1787238912732475,0.9064377682403434
1152,1.97,5.09,0.16462374821173106,0.8354792560801145
1153,1.89,5.095,0.1574821173104435,0.8034334763948499
1154,1.895,5.095,0.15793991416309014,0.8057224606580831
1155,1.8925,5.095,0.15913018597997142,0.8103004291845495
1156,1.8975,5.09375,0.160412017167382,0.817167381974249
1157,1.8575,5.1,0.154826895565093,0.7919885550786839
1158,1.8475,5.0975,0.15565092989985696,0.7942775393419171
1159,1.8525,5.0975,0.15629184549356226,0.7942775393419171
1160,1.875,5.1,0.15629184549356226,0.7988555078683836
1161,1.855,5.09625,0.1571158798283262,0.8034334763948499
1162,1.845,5.09875,0.1564749642346209,0.7988555078683836
1163,1.88,5.09875,0.15665808297567957,0.7988555078683836
1164,1.875,5.09625,0.15601716738197427,0.7942775393419171
1165,1.86,5.09375,0.15436909871244636,0.7874105865522176
1166,2.135,5.07625,0.17789985693848356,0.9041487839771103
1167,2.035,5.0875,0.16956795422031476,0.8400572246065808
1168,1.9375,5.09,0.16187696709585123,0.8240343347639486
1169,1.9125,5.09125,0.15940486409155938,0.8103004291845495
1170,1.9975,5.09,0.1664549356223176,0.8469241773962805
1171,1.9175,5.0925,0.16059513590844066,0.817167381974249
1172,1.925,5.09375,0.160412017167382,0.817167381974249
1173,1.9275,5.0925,0.16059513590844066,0.817167381974249
1174,1.935,5.09375,0.16004577968526468,0.8148783977110158
1175,1.875,5.09625,0.15629184549356226,0.7942775393419171
1176,1.85,5.0975,0.15418597997138772,0.7874105865522176
1177,1.865,5.09875,0.15400286123032905,0.7828326180257512
1178,1.8625,5.0975,0.15519313304721033,0.7919885550786839
1179,1.855,5.09625,0.15455221745350503,0.7874105865522176
1180,1.88,5.0975,0.15400286123032905,0.7828326180257512
1181,1.9875,5.07375,0.16563090128755367,0.8400572246065808
1182,2.0175,5.0875,0.16810300429184552,0.8560801144492132
1183,1.9225,5.09375,0.15793991416309014,0.8057224606580831
1184,1.895,5.09125,0.15793991416309014,0.8034334763948499
1185,1.93,5.09375,0.16086981402002862,0.817167381974249
1186,1.93,5.0925,0.15830615164520745,0.8057224606580831
1187,1.8375,5.09625,0.1530872675250358,0.7805436337625179
1188,1.87,5.0975,0.1558340486409156,0.7942775393419171
1189,1.89,5.10125,0.15372818311874106,0.7828326180257512
1190,1.855,5.0975,0.15400286123032905,0.7828326180257512
1191,1.89,5.09875,0.1574821173104435,0.8034334763948499
1192,1.88,5.1,0.15354506437768242,0.7828326180257512
1193,1.865,5.1,0.15372818311874106,0.7828326180257512
1194,1.855,5.0975,0.15455221745350503,0.7874105865522176
1195,1.8775,5.1,0.15436909871244636,0.7874105865522176
1196,2.1825,5.0825,0.16416595135908443,0.8331902718168813
1197,1.9825,5.09,0.16517310443490701,0.8400572246065808
1198,1.9,5.09375,0.15793991416309014,0.8057224606580831
1199,1.93,5.095,0.15830615164520745,0.8057224606580831
1200,1.9,5.09375,0.15830615164520745,0.8057224606580831
1201,1.9,5.09625,0.15830615164520745,0.8057224606580831
1202,1.8825,5.095,0.15436909871244636,0.7874105865522176
1203,1.855,5.10125,0.15455221745350503,0.7874105865522176
1204,1.8425,5.0975,0.15354506437768242,0.7828326180257512
1205,1.8525,5.09875,0.15372818311874106,0.7828326180257512
1206,1.85,5.1,0.15418597997138772,0.7874105865522176
1207,1.9025,5.09625,0.15858082975679544,0.8057224606580831
1208,1.835,5.1,0.1530872675250358,0.7805436337625179
1209,1.885,5.09625,0.1571158798283262,0.8034334763948499
1210,1.8425,5.1,0.15354506437768242,0.7828326180257512
1211,2.03,5.095,0.15766523605150215,0.8034334763948499
1212,1.9775,5.09125,0.1648068669527897,0.8400572246065808
1213,1.895,5.095,0.15793991416309014,0.8057224606580831
1214,1.9075,5.09625,0.15793991416309014,0.8057224606580831
1215,1.9025,5.09375,0.15858082975679544,0.8057224606580831
1216,1.8925,5.09375,0.15766523605150215,0.8034334763948499
1217,1.86,5.09625,0.154826895565093,0.7874105865522176
1218,1.8325,5.09875,0.15272103004291848,0.7805436337625179
1219,1.8875,5.0975,0.15729899856938484,0.8034334763948499
1220,1.8425,5.09875,0.15162231759656655,0.7736766809728184
1221,1.84,5.10125,0.15336194563662375,0.7828326180257512
1222,1.8375,5.1,0.1530872675250358,0.7805436337625179
1223,1.8375,5.10125,0.15354506437768242,0.7828326180257512
1224,1.8425,5.09875,0.15290414878397712,0.7805436337625179
1225,1.84,5.1,0.15336194563662375,0.7828326180257512
1226,2.01,5.0975,0.1568412017167382,0.7988555078683836
1227,1.9925,5.0775,0.16352503576537913,0.8286123032904149
1228,1.8875,5.095,0.15729899856938484,0.8034334763948499
1229,1.9,5.09625,0.15766523605150215,0.8034334763948499
1230,1.9025,5.09375,0.1571158798283262,0.7988555078683836
1231,1.89,5.09625,0.1574821173104435,0.8034334763948499
1232,1.8325,5.10375,0.15436909871244636,0.7874105865522176
1233,1.845,5.09875,0.1525379113018598,0.7759656652360516
1234,1.8325,5.09875,0.15272103004291848,0.7805436337625179
1235,1.85,5.1,0.15290414878397712,0.7805436337625179
1236,1.835,5.09875,0.15290414878397712,0.7805436337625179
1237,1.995,5.09,0.16627181688125897,0.8469241773962805
1238,1.845,5.09875,0.15372818311874106,0.7828326180257512
1239,1.84,5.1,0.15272103004291848,0.7805436337625179
1240,1.8375,5.1,0.1530872675250358,0.7805436337625179
1241,1.9075,5.09375,0.15894706723891275,0.8103004291845495
1242,1.955,5.09125,0.16398283261802576,0.8354792560801145
1243,1.94,5.0925,0.16169384835479259,0.8240343347639486
1244,1.905,5.09625,0.1587639484978541,0.8103004291845495
1245,1.8975,5.095,0.1568412017167382,0.7988555078683836
1246,1.8825,5.095,0.1568412017167382,0.7988555078683836
1247,1.9,5.09375,0.15830615164520745,0.8057224606580831
1248,1.84,5.10125,0.1530872675250358,0.7805436337625179
1249,1.835,5.10125,0.15290414878397712,0.7805436337625179
1250,1.84,5.1,0.15336194563662375,0.7828326180257512
1251,1.84,5.10125,0.15336194563662375,0.7828326180257512
1252,1.855,5.095,0.15455221745350503,0.7874105865522176
1253,1.835,5.1,0.15290414878397712,0.7805436337625179
1254,1.83,5.1,0.1525379113018598,0.7759656652360516
1255,1.8425,5.10125,0.15354506437768242,0.7828326180257512
1256,1.8825,5.09625,0.1568412017167382,0.7988555078683836
1257,1.97,5.09,0.16233476394849788,0.8240343347639486
1258,1.9,5.095,0.1568412017167382,0.7988555078683836
1259,1.9425,5.09125,0.16187696709585123,0.8240343347639486
1260,1.9,5.09625,0.15766523605150215,0.8034334763948499
1261,1.9,5.09625,0.1574821173104435,0.8034334763948499
1262,1.8325,5.10125,0.15272103004291848,0.7805436337625179
1263,1.8325,5.1,0.15272103004291848,0.7805436337625179
1264,1.84,5.1,0.1525379113018598,0.7759656652360516
1265,1.82,5.1,0.15162231759656655,0.7736766809728184
1266,1.9075,5.09875,0.1530872675250358,0.7805436337625179
1267,1.82,5.1,0.1525379113018598,0.7759656652360516
1268,1.8775,5.09875,0.1564749642346209,0.7988555078683836
1269,1.8875,5.1,0.15418597997138772,0.7874105865522176
1270,1.8275,5.1,0.15290414878397712,0.7805436337625179
1271,1.8825,5.0975,0.1568412017167382,0.7988555078683836
1272,1.965,5.08875,0.16370815450643778,0.8331902718168813
1273,1.89,5.09625,0.15766523605150215,0.8034334763948499
1274,1.89,5.0975,0.1574821173104435,0.8034334763948499
1275,1.8975,5.09625,0.1581230329041488,0.8057224606580831
1276,1.885,5.0975,0.1581230329041488,0.8057224606580831
1277,1.8275,5.1,0.15226323319027182,0.7759656652360516
1278,2.4225,5.0675,0.2018884120171674,1.0231759656652362
1279,3.235,5.0025,0.27586838340486414,1.3802575107296138
1280,3.17,4.98625,0.26414878397711017,1.3161659513590847
1281,1.92,5.09625,0.16004577968526468,0.8148783977110158
1282,1.885,5.09625,0.15958798283261805,0.8148783977110158
1283,1.9275,5.09375,0.16059513590844066,0.817167381974249
1284,1.9475,5.0925,0.16233476394849788,0.8240343347639486
1285,1.895,5.09625,0.15793991416309014,0.8057224606580831
1286,1.835,5.09875,0.15290414878397712,0.7805436337625179
1287,2.06,5.08125,0.1716738197424893,0.8743919885550788
1288,1.8775,5.0975,0.15913018597997142,0.8103004291845495
1289,1.895,5.09625,0.15793991416309014,0.8057224606580831
1290,1.9125,5.09875,0.15940486409155938,0.8148783977110158
1291,1.89,5.095,0.15830615164520745,0.8057224606580831
1292,1.8575,5.0975,0.1558340486409156,0.7942775393419171
1293,1.875,5.09375,0.15629184549356226,0.7942775393419171
1294,1.8725,5.09875,0.15143919885550788,0.7736766809728184
1295,1.825,5.1,0.15290414878397712,0.7805436337625179
1296,1.835,5.09875,0.15290414878397712,0.7805436337625179
1297,1.825,5.09875,0.1571158798283262,0.8034334763948499
1298,1.8625,5.0975,0.154826895565093,0.7874105865522176
1299,1.8875,5.09625,0.15729899856938484,0.8034334763948499
1300,1.8675,5.09875,0.15208011444921318,0.7759656652360516
1301,1.825,5.10125,0.15400286123032905,0.7828326180257512
1302,1.9675,5.09,0.16398283261802576,0.8354792560801145
1303,1.8925,5.095,0.16086981402002862,0.8217453505007154
1304,1.92,5.0925,0.1620600858369099,0.8240343347639486
1305,1.8925,5.09625,0.15766523605150215,0.8034334763948499
1306,1.89,5.09625,0.1574821173104435,0.8034334763948499
1307,1.8375,5.09875,0.15418597997138772,0.7874105865522176
1308,1.85,5.095,0.15418597997138772,0.7828326180257512
1309,1.885,5.0975,0.1571158798283262,0.8034334763948499
1310,1.82,5.1,0.15272103004291848,0.7805436337625179
1311,1.8225,5.09875,0.15189699570815451,0.7759656652360516
1312,1.835,5.1,0.15290414878397712,0.7805436337625179
1313,1.88,5.095,0.15665808297567957,0.7988555078683836
1314,1.865,5.09375,0.15537625178826897,0.7919885550786839
1315,1.965,5.09625,0.16370815450643778,0.8331902718168813
1316,1.865,5.09625,0.15208011444921318,0.7759656652360516
1317,1.955,5.09125,0.16288412017167384,0.8286123032904149
1318,2.005,5.09,0.1670958512160229,0.8515021459227468
1319,1.9025,5.0925,0.16370815450643778,0.8331902718168813
1320,1.895,5.09125,0.15793991416309014,0.8034334763948499
1321,1.8925,5.0975,0.15766523605150215,0.8034334763948499
1322,1.835,5.10125,0.15336194563662375,0.7828326180257512
1323,1.8325,5.10125,0.15272103004291848,0.7805436337625179
1324,1.8775,5.1,0.1564749642346209,0.7988555078683836
1325,1.875,5.09625,0.15372818311874106,0.7828326180257512
1326,1.8375,5.1,0.1530872675250358,0.7805436337625179
1327,1.8425,5.10125,0.15354506437768242,0.7828326180257512
1328,1.9575,5.09875,0.15665808297567957,0.7988555078683836
1329,1.84,5.0975,0.1568412017167382,0.7988555078683836
1330,1.9425,5.095,0.16187696709585123,0.8240343347639486
1331,1.865,5.1,0.15400286123032905,0.7828326180257512
1332,1.9525,5.09125,0.16370815450643778,0.8331902718168813
1333,3.9125,4.9325,0.32604291845493566,1.6091559370529327
1334,4.455,4.89,0.37081545064377686,1.8151645207439202
1335,4.4325,4.89125,0.37081545064377686,1.8151645207439202
1336,4.4275,4.8925,0.36898426323319033,1.8037195994277542
1337,4.4575,4.89,0.3714563662374822,1.8151645207439202
1338,4.4625,4.89,0.3719141630901288,1.8197424892703866
1339,4.465,4.89,0.37209728183118745,1.8197424892703866
1340,4.455,4.8925,0.3712732474964235,1.8037195994277542
1341,4.435,4.89,0.3714563662374822,1.8151645207439202
1342,4.4625,4.88875,0.3719141630901288,1.8197424892703866
1343,4.47,4.89,0.37246351931330474,1.8220314735336196
1344,4.4675,4.88875,0.37246351931330474,1.8220314735336196
1345,4.5025,4.89,0.3752103004291846,1.8334763948497856
1346,4.4475,4.8875,0.3706323319027182,1.8105865522174538
1347,4.4675,4.88625,0.37420314735336196,1.8311874105865524
1348,4.48,4.8875,0.37337911301859805,1.826609442060086
1349,4.4825,4.8875,0.3735622317596567,1.826609442060086
1350,4.4775,4.8875,0.37310443490701006,1.8220314735336196
1351,4.495,4.8875,0.3745693848354793,1.8311874105865524
1352,4.5,4.88625,0.37502718168812593,1.8334763948497856
1353,4.495,4.88625,0.37539341917024327,1.8334763948497856
1354,4.4925,4.88625,0.37438626609442066,1.8311874105865524
1355,4.515,4.8875,0.3762174535050072,1.838054363376252
1356,4.4925,4.8875,0.37539341917024327,1.8334763948497856
1357,4.49,4.88625,0.37420314735336196,1.8311874105865524
1358,4.5025,4.88625,0.3752103004291846,1.8334763948497856
1359,4.5,4.88625,0.373928469241774,1.826609442060086
1360,4.51,4.88625,0.3758512160228899,1.838054363376252
1361,4.4925,4.88625,0.37438626609442066,1.8311874105865524
1362,4.4925,4.885,0.3758512160228899,1.838054363376252
1363,4.51,4.88625,0.37475250357653794,1.8311874105865524
1364,4.505,4.88625,0.37539341917024327,1.8334763948497856
1365,4.5,4.885,0.373928469241774,1.826609442060086
1366,4.505,4.88625,0.3745693848354793,1.8311874105865524
1367,4.5125,4.88625,0.37603433476394854,1.838054363376252
1368,4.505,4.885,0.3745693848354793,1.8311874105865524
1369,4.5,4.88625,0.3766752503576538,1.840343347639485
1370,4.51,4.88625,0.3758512160228899,1.838054363376252
1371,4.5125,4.8875,0.3766752503576538,1.840343347639485
1372,4.51,4.88625,0.3752103004291846,1.8334763948497856
1373,4.5075,4.885,0.3756680972818312,1.8334763948497856
1374,4.51,4.885,0.3735622317596567,1.826609442060086
1375,4.505,4.885,0.37649213161659517,1.838054363376252
1376,4.505,4.885,0.37539341917024327,1.8334763948497856
1377,4.5,4.885,0.37502718168812593,1.8334763948497856
1378,4.5125,4.88625,0.3745693848354793,1.8311874105865524
1379,4.5125,4.88625,0.37603433476394854,1.838054363376252
1380,4.51,4.88625,0.3758512160228899,1.838054363376252
1381,4.51,4.88625,0.37603433476394854,1.838054363376252
1382,4.5075,4.88625,0.3756680972818312,1.8334763948497856
1383,4.505,4.885,0.37539341917024327,1.8334763948497856
1384,4.4975,4.885,0.3762174535050072,1.838054363376252
1385,4.515,4.885,0.3762174535050072,1.838054363376252
1386,4.515,4.88625,0.3762174535050072,1.838054363376252
1387,4.5225,4.885,0.3758512160228899,1.838054363376252
1388,4.515,4.88625,0.3762174535050072,1.838054363376252
1389,4.5025,4.885,0.3752103004291846,1.8334763948497856
1390,4.495,4.88625,0.3758512160228899,1.838054363376252
1391,4.515,4.885,0.3762174535050072,1.838054363376252
1392,4.5125,4.885,0.37603433476394854,1.838054363376252
1393,4.4975,4.88375,0.37704148783977115,1.840343347639485
1394,4.5175,4.885,0.37649213161659517,1.838054363376252
1395,4.51,4.885,0.3758512160228899,1.838054363376252
1396,4.495,4.88625,0.37539341917024327,1.8334763948497856
1397,4.5,4.88625,0.3758512160228899,1.838054363376252
1398,4.51,4.885,0.3758512160228899,1.838054363376252
1399,4.5225,4.88625,0.37475250357653794,1.8311874105865524
1400,4.5175,4.885,0.37649213161659517,1.838054363376252
1401,4.5125,4.885,0.37603433476394854,1.838054363376252
1402,4.53,4.88625,0.3758512160228899,1.838054363376252
1403,4.515,4.88625,0.37539341917024327,1.8334763948497856
1404,4.515,4.885,0.3762174535050072,1.838054363376252
1405,4.5025,4.885,0.37539341917024327,1.8334763948497856
1406,4.505,4.88625,0.37475250357653794,1.8311874105865524
1407,4.5075,4.88625,0.3756680972818312,1.8334763948497856
1408,4.51,4.88625,0.3762174535050072,1.838054363376252
1409,4.5175,4.885,0.37603433476394854,1.838054363376252
1410,4.5175,4.885,0.37649213161659517,1.838054363376252
1411,4.5025,4.885,0.3752103004291846,1.8334763948497856
1412,4.51,4.88625,0.3752103004291846,1.8334763948497856
1413,4.505,4.88625,0.37539341917024327,1.8334763948497856
1414,4.505,4.885,0.37539341917024327,1.8334763948497856
1415,4.505,4.88625,0.3758512160228899,1.838054363376252
1416,4.5075,4.88625,0.3756680972818312,1.8334763948497856
1417,4.52,4.885,0.3766752503576538,1.840343347639485
1418,4.51,4.88625,0.37539341917024327,1.8334763948497856
1419,4.5225,4.885,0.3768583690987125,1.840343347639485
1420,4.53,4.88625,0.3774992846924178,1.8449213161659515
1421,4.5175,4.88375,0.3758512160228899,1.8334763948497856
1422,4.52,4.885,0.3766752503576538,1.840343347639485
1423,4.505,4.88375,0.37539341917024327,1.8334763948497856
1424,4.5,4.88625,0.37502718168812593,1.8334763948497856
1425,4.5075,4.88625,0.3756680972818312,1.8334763948497856
1426,4.52,4.885,0.3766752503576538,1.840343347639485
1427,4.52,4.885,0.37475250357653794,1.8311874105865524
1428,4.515,4.88375,0.3762174535050072,1.838054363376252
1429,4.515,4.88375,0.3762174535050072,1.838054363376252
1430,4.5025,4.885,0.37603433476394854,1.838054363376252
1431,4.525,4.885,0.37704148783977115,1.840343347639485
1432,4.5025,4.885,0.3752103004291846,1.8334763948497856
1433,4.515,4.885,0.3756680972818312,1.8334763948497856
1434,4.505,4.88375,0.3758512160228899,1.8334763948497856
1435,4.5325,4.885,0.3776824034334764,1.8449213161659515
1436,4.5175,4.885,0.3752103004291846,1.8334763948497856
1437,4.5075,4.88625,0.3762174535050072,1.838054363376252
1438,4.5175,4.88625,0.37649213161659517,1.840343347639485
1439,4.52,4.885,0.3758512160228899,1.838054363376252
1440,4.5075,4.885,0.37539341917024327,1.8334763948497856
1441,4.5275,4.885,0.37731616595135914,1.840343347639485
1442,4.5025,4.885,0.37731616595135914,1.840343347639485
1443,4.5225,4.88375,0.3756680972818312,1.8334763948497856
1444,4.4875,4.88375,0.373928469241774,1.826609442060086
1445,4.5025,4.88375,0.3752103004291846,1.8334763948497856
1446,4.51,4.885,0.37438626609442066,1.8311874105865524
1447,4.515,4.885,0.3762174535050072,1.838054363376252
1448,4.5175,4.885,0.37649213161659517,1.838054363376252
1449,4.5,4.88625,0.3762174535050072,1.838054363376252
1450,4.5175,4.88375,0.37649213161659517,1.838054363376252
1451,4.515,4.88375,0.3762174535050072,1.838054363376252
1452,4.51,4.885,0.3756680972818312,1.8334763948497856
1453,4.5075,4.885,0.3756680972818312,1.8334763948497856
1454,4.515,4.885,0.3762174535050072,1.838054363376252
1455,4.5025,4.885,0.3766752503576538,1.840343347639485
1456,4.515,4.88625,0.3762174535050072,1.838054363376252
1457,4.5175,4.88375,0.37649213161659517,1.838054363376252
1458,4.51,4.88625,0.37539341917024327,1.8334763948497856
1459,4.5075,4.885,0.3756680972818312,1.8334763948497856
1460,4.5125,4.88625,0.37603433476394854,1.838054363376252
1461,4.525,4.885,0.3762174535050072,1.838054363376252
1462,4.52,4.885,0.3766752503576538,1.840343347639485
1463,4.51,4.885,0.3758512160228899,1.838054363376252
1464,4.525,4.885,0.3756680972818312,1.8334763948497856
1465,4.5175,4.885,0.37649213161659517,1.838054363376252
1466,4.52,4.885,0.3766752503576538,1.840343347639485
1467,4.515,4.88625,0.37539341917024327,1.8334763948497856
1468,4.5025,4.885,0.37502718168812593,1.8334763948497856
1469,4.515,4.885,0.3762174535050072,1.838054363376252
1470,4.505,4.88625,0.3768583690987125,1.840343347639485
1471,4.515,4.88625,0.37603433476394854,1.838054363376252
1472,4.51,4.885,0.3758512160228899,1.838054363376252
1473,4.5175,4.885,0.37502718168812593,1.8334763948497856
1474,4.525,4.88375,0.37649213161659517,1.838054363376252
1475,4.515,4.885,0.3762174535050072,1.838054363376252
1476,4.515,4.885,0.3758512160228899,1.838054363376252
1477,4.52,4.88625,0.37502718168812593,1.8334763948497856
1478,4.515,4.885,0.3762174535050072,1.838054363376252
1479,4.515,4.88625,0.37539341917024327,1.8334763948497856
1480,4.5175,4.88375,0.3766752503576538,1.840343347639485
1481,4.505,4.885,0.37539341917024327,1.8334763948497856
1482,4.505,4.885,0.37539341917024327,1.8334763948497856
1483,4.52,4.885,0.3758512160228899,1.838054363376252
1484,4.515,4.885,0.3762174535050072,1.838054363376252
1485,4.525,4.885,0.37704148783977115,1.840343347639485
1486,4.5275,4.885,0.3758512160228899,1.838054363376252
1487,4.51,4.885,0.3758512160228899,1.838054363376252
1488,4.525,4.885,0.37704148783977115,1.840343347639485
1489,4.5275,4.885,0.3762174535050072,1.838054363376252
1490,4.5125,4.885,0.37603433476394854,1.838054363376252
1491,4.52,4.88375,0.3766752503576538,1.840343347639485
1492,4.53,4.88625,0.3768583690987125,1.840343347639485
1493,4.5125,4.885,0.37603433476394854,1.838054363376252
1494,4.505,4.885,0.37539341917024327,1.8334763948497856
1495,4.52,4.88625,0.3768583690987125,1.840343347639485
1496,4.52,4.885,0.3766752503576538,1.840343347639485
1497,4.51,4.885,0.3758512160228899,1.838054363376252
1498,4.495,4.885,0.3766752503576538,1.840343347639485
1499,4.515,4.885,0.3762174535050072,1.838054363376252
1500,4.52,4.885,0.3766752503576538,1.840343347639485
1501,4.5025,4.885,0.3752103004291846,1.8334763948497856
1502,4.5275,4.885,0.3758512160228899,1.838054363376252
1503,4.515,4.885,0.3762174535050072,1.838054363376252
1504,4.5225,4.88375,0.3768583690987125,1.840343347639485
1505,4.5125,4.885,0.37649213161659517,1.838054363376252
1506,4.51,4.885,0.3758512160228899,1.838054363376252
1507,4.5125,4.88625,0.37603433476394854,1.838054363376252
1508,4.51,4.88375,0.3768583690987125,1.840343347639485
1509,4.51,4.88625,0.3758512160228899,1.838054363376252
1510,4.495,4.88625,0.3766752503576538,1.840343347639485
1511,4.51,4.88375,0.3766752503576538,1.840343347639485
1512,4.535,4.885,0.3779570815450644,1.8449213161659515
1513,4.51,4.88375,0.37649213161659517,1.838054363376252
1514,4.5125,4.885,0.3768583690987125,1.840343347639485
1515,4.515,4.88375,0.3762174535050072,1.838054363376252
1516,4.5025,4.885,0.3752103004291846,1.838054363376252
1517,4.5125,4.88375,0.3779570815450644,1.8449213161659515
1518,4.53,4.885,0.3774992846924178,1.8449213161659515
1519,4.5225,4.885,0.3768583690987125,1.840343347639485
1520,4.515,4.88375,0.3768583690987125,1.840343347639485
1521,4.5325,4.88375,0.3776824034334764,1.8449213161659515
1522,4.53,4.885,0.3774992846924178,1.8449213161659515
1523,4.52,4.885,0.37475250357653794,1.8311874105865524
1524,4.5025,4.885,0.3752103004291846,1.8334763948497856
1525,4.515,4.885,0.3762174535050072,1.838054363376252
1526,4.52,4.88375,0.37539341917024327,1.8334763948497856
1527,4.5225,4.88375,0.3768583690987125,1.840343347639485
1528,4.5225,4.885,0.3768583690987125,1.840343347639485
1529,4.515,4.885,0.37814020028612305,1.8494992846924179
1530,4.52,4.88625,0.3766752503576538,1.840343347639485
1531,4.515,4.885,0.3762174535050072,1.838054363376252
1532,4.5125,4.885,0.3758512160228899,1.838054363376252
1533,4.515,4.88375,0.3762174535050072,1.838054363376252
1534,4.505,4.885,0.37539341917024327,1.8334763948497856
1535,4.505,4.88625,0.3779570815450644,1.8449213161659515
1536,4.515,4.88375,0.3762174535050072,1.838054363376252
1537,4.51,4.88625,0.3758512160228899,1.838054363376252
1538,4.5175,4.88375,0.37603433476394854,1.838054363376252
1539,4.5125,4.88375,0.37731616595135914,1.840343347639485
1540,4.5075,4.88375,0.3756680972818312,1.8334763948497856
1541,4.515,4.88375,0.3762174535050072,1.838054363376252
1542,4.5175,4.88625,0.37603433476394854,1.838054363376252
1543,4.5075,4.88375,0.3756680972818312,1.8334763948497856
1544,4.5075,4.885,0.37603433476394854,1.838054363376252
1545,4.5225,4.885,0.3774992846924178,1.8449213161659515
1546,4.51,4.885,0.3758512160228899,1.838054363376252
1547,4.5025,4.88375,0.3776824034334764,1.8449213161659515
1548,4.5175,4.88375,0.37649213161659517,1.838054363376252
1549,4.5075,4.88625,0.3756680972818312,1.8334763948497856
1550,4.515,4.885,0.3762174535050072,1.840343347639485
1551,4.5075,4.885,0.3762174535050072,1.838054363376252
1552,4.525,4.88375,0.37704148783977115,1.840343347639485
1553,4.5125,4.885,0.37603433476394854,1.838054363376252
1554,4.5225,4.885,0.37649213161659517,1.838054363376252
1555,4.52,4.8825,0.3766752503576538,1.838054363376252
1556,4.505,4.885,0.37539341917024327,1.8334763948497856
1557,4.5225,4.88375,0.37704148783977115,1.840343347639485
1558,4.52,4.885,0.3766752503576538,1.840343347639485
1559,4.5125,4.88375,0.37603433476394854,1.838054363376252
1560,4.5275,4.885,0.3758512160228899,1.838054363376252
1561,4.52,4.885,0.3766752503576538,1.840343347639485
1562,4.53,4.885,0.3774992846924178,1.8449213161659515
1563,4.5225,4.88625,0.37649213161659517,1.840343347639485
1564,4.5275,4.885,0.37731616595135914,1.840343347639485
1565,4.52,4.88375,0.3766752503576538,1.840343347639485
1566,4.515,4.885,0.3758512160228899,1.838054363376252
1567,4.5075,4.885,0.3756680972818312,1.8334763948497856
1568,4.52,4.8825,0.3766752503576538,1.838054363376252
1569,4.5325,4.885,0.37539341917024327,1.8334763948497856
1570,4.52,4.88375,0.3766752503576538,1.840343347639485
1571,4.5275,4.88375,0.37731616595135914,1.840343347639485
1572,4.51,4.885,0.37649213161659517,1.838054363376252
1573,4.5225,4.885,0.3766752503576538,1.840343347639485
1574,4.51,4.885,0.3758512160228899,1.838054363376252
1575,4.515,4.885,0.3768583690987125,1.840343347639485
1576,4.515,4.88375,0.37603433476394854,1.838054363376252
1577,4.51,4.885,0.3758512160228899,1.838054363376252
1578,4.53,4.88625,0.37603433476394854,1.838054363376252
1579,4.5075,4.8825,0.3762174535050072,1.838054363376252
1580,4.52,4.885,0.3766752503576538,1.840343347639485
1581,4.505,4.885,0.37704148783977115,1.840343347639485
1582,4.53,4.88375,0.3762174535050072,1.838054363376252
1583,4.5125,4.88375,0.37603433476394854,1.838054363376252
1584,4.5175,4.88375,0.37603433476394854,1.838054363376252
1585,4.545,4.885,0.37603433476394854,1.838054363376252
1586,4.5275,4.88375,0.37731616595135914,1.840343347639485
1587,4.515,4.8825,0.3762174535050072,1.8334763948497856
1588,4.5225,4.885,0.3779570815450644,1.8449213161659515
1589,4.52,4.8825,0.3766752503576538,1.838054363376252
1590,4.51,4.8825,0.3758512160228899,1.8334763948497856
1591,4.5275,4.8825,0.37731616595135914,1.840343347639485
1592,4.5125,4.885,0.37603433476394854,1.838054363376252
1593,4.5225,4.88375,0.3768583690987125,1.840343347639485
1594,4.52,4.88375,0.37649213161659517,1.838054363376252
1595,4.5225,4.885,0.3768583690987125,1.840343347639485
1596,4.52,4.885,0.3766752503576538,1.840343347639485
1597,4.525,4.88375,0.3762174535050072,1.838054363376252
1598,4.515,4.88375,0.3762174535050072,1.838054363376252
1599,4.535,4.88625,0.3779570815450644,1.8449213161659515
1600,4.5225,4.88375,0.3758512160228899,1.8334763948497856
1601,4.52,4.8825,0.3766752503576538,1.838054363376252
1602,4.5475,4.885,0.378964234620887,1.8517882689556513
1603,4.5175,4.885,0.37731616595135914,1.840343347639485
1604,4.52,4.88625,0.3766752503576538,1.840343347639485
1605,4.54,4.8825,0.37832331902718175,1.8494992846924179
1606,4.5,4.88625,0.37704148783977115,1.840343347639485
1607,4.5125,4.88375,0.37603433476394854,1.838054363376252
1608,4.5225,4.88375,0.3768583690987125,1.840343347639485
1609,4.5125,4.885,0.3758512160228899,1.838054363376252
1610,4.5275,4.88375,0.3756680972818312,1.8334763948497856
1611,4.515,4.88375,0.3762174535050072,1.838054363376252
1612,4.52,4.8825,0.3766752503576538,1.838054363376252
1613,4.5225,4.88375,0.3768583690987125,1.840343347639485
1614,4.5225,4.885,0.3768583690987125,1.840343347639485
1615,4.525,4.88375,0.3762174535050072,1.838054363376252
1616,4.52,4.885,0.37731616595135914,1.840343347639485
1617,4.5375,4.885,0.37814020028612305,1.8494992846924179
1618,4.5425,4.88375,0.37731616595135914,1.840343347639485
1619,4.5,4.885,0.3774992846924178,1.8449213161659515
1620,4.5225,4.885,0.3768583690987125,1.840343347639485
1621,4.495,4.88625,0.3745693848354793,1.838054363376252
1622,4.535,4.88375,0.3752103004291846,1.8334763948497856
1623,4.53,4.885,0.3774992846924178,1.8449213161659515
1624,4.51,4.885,0.3758512160228899,1.838054363376252
1625,4.52,4.885,0.37704148783977115,1.840343347639485
1626,4.5325,4.88375,0.3776824034334764,1.8449213161659515
1627,4.535,4.885,0.3779570815450644,1.8449213161659515
1628,4.525,4.885,0.3766752503576538,1.840343347639485
1629,4.5325,4.88625,0.3776824034334764,1.8449213161659515
1630,4.5075,4.885,0.3756680972818312,1.8334763948497856
1631,4.535,4.88375,0.37704148783977115,1.840343347639485
1632,4.5025,4.885,0.3752103004291846,1.8334763948497856
1633,4.5125,4.88375,0.37603433476394854,1.838054363376252
1634,4.515,4.885,0.37603433476394854,1.838054363376252
1635,4.525,4.88375,0.37704148783977115,1.840343347639485
1636,4.5275,4.88375,0.37731616595135914,1.840343347639485
1637,4.525,4.885,0.3756680972818312,1.8334763948497856
1638,4.535,4.88375,0.3779570815450644,1.8449213161659515
1639,4.51,4.885,0.3758512160228899,1.838054363376252
1640,4.505,4.885,0.37832331902718175,1.8494992846924179
1641,4.515,4.885,0.3762174535050072,1.838054363376252
1642,4.5075,4.88625,0.3756680972818312,1.8334763948497856
1643,4.49,4.885,0.3766752503576538,1.840343347639485
1644,4.515,4.88625,0.3758512160228899,1.838054363376252
1645,4.5025,4.88375,0.3752103004291846,1.8334763948497856
1646,4.5325,4.88375,0.37539341917024327,1.8334763948497856
1647,4.525,4.88375,0.37475250357653794,1.8311874105865524
1648,4.5175,4.885,0.37649213161659517,1.838054363376252
1649,4.5225,4.88375,0.3776824034334764,1.8449213161659515
1650,4.53,4.88375,0.37539341917024327,1.8334763948497856
1651,4.505,4.885,0.37539341917024327,1.8334763948497856
1652,4.52,4.88375,0.3787811158798284,1.8494992846924179
1653,4.52,4.8825,0.37649213161659517,1.838054363376252
1654,4.52,4.8825,0.3766752503576538,1.838054363376252
1655,4.5025,4.8825,0.37814020028612305,1.8449213161659515
1656,4.52,4.88625,0.37704148783977115,1.840343347639485
1657,4.53,4.885,0.3774992846924178,1.8449213161659515
1658,4.515,4.885,0.3762174535050072,1.838054363376252
1659,4.5175,4.88375,0.37704148783977115,1.840343347639485
1660,4.515,4.885,0.3762174535050072,1.838054363376252
1661,4.485,4.88625,0.37374535050071533,1.826609442060086
1662,4.51,4.885,0.3758512160228899,1.838054363376252
1663,4.52,4.8825,0.3766752503576538,1.838054363376252
1664,4.545,4.8825,0.3787811158798284,1.8494992846924179
1665,4.505,4.885,0.37603433476394854,1.838054363376252
1666,4.525,4.885,0.37704148783977115,1.840343347639485
1667,4.535,4.88625,0.3779570815450644,1.8449213161659515
1668,4.51,4.8825,0.3762174535050072,1.838054363376252
1669,4.5275,4.885,0.37731616595135914,1.840343347639485
1670,4.515,4.885,0.3762174535050072,1.838054363376252
1671,4.515,4.885,0.37704148783977115,1.840343347639485
1672,4.51,4.885,0.3758512160228899,1.838054363376252
1673,4.5225,4.8825,0.3768583690987125,1.840343347639485
1674,4.53,4.885,0.3776824034334764,1.8449213161659515
1675,4.52,4.885,0.3766752503576538,1.840343347639485
1676,4.5275,4.885,0.37731616595135914,1.840343347639485
1677,4.525,4.88625,0.37704148783977115,1.840343347639485
1678,4.5075,4.885,0.3756680972818312,1.8334763948497856
1679,4.5275,4.88375,0.37731616595135914,1.840343347639485
1680,4.5125,4.885,0.3774992846924178,1.8449213161659515
1681,4.52,4.885,0.3776824034334764,1.8449213161659515
1682,4.5175,4.88375,0.37649213161659517,1.838054363376252
1683,4.525,4.885,0.3762174535050072,1.838054363376252
1684,4.525,4.88625,0.37704148783977115,1.840343347639485
1685,4.505,4.88375,0.37539341917024327,1.8334763948497856
1686,4.5075,4.8825,0.37649213161659517,1.838054363376252
1687,4.5175,4.88375,0.37539341917024327,1.8334763948497856
1688,4.5275,4.885,0.37731616595135914,1.840343347639485
1689,4.52,4.88375,0.3752103004291846,1.8334763948497856
1690,4.52,4.88375,0.3758512160228899,1.8334763948497856
1691,4.52,4.885,0.3766752503576538,1.840343347639485
1692,4.5275,4.8825,0.37731616595135914,1.838054363376252
1693,4.5225,4.885,0.37438626609442066,1.8311874105865524
1694,4.5425,4.88375,0.3785064377682404,1.8494992846924179
1695,4.525,4.885,0.37704148783977115,1.840343347639485
1696,4.515,4.8825,0.37649213161659517,1.838054363376252
1697,4.5175,4.88375,0.37649213161659517,1.838054363376252
1698,4.5225,4.88625,0.3768583690987125,1.840343347639485
1699,4.5125,4.8825,0.37475250357653794,1.8311874105865524
1700,4.515,4.885,0.3762174535050072,1.838054363376252
1701,4.52,4.88375,0.3766752503576538,1.840343347639485
1702,4.52,4.885,0.37603433476394854,1.838054363376252
1703,4.5125,4.885,0.37603433476394854,1.838054363376252
1704,4.525,4.885,0.37704148783977115,1.840343347639485
1705,4.5175,4.8825,0.3776824034334764,1.8449213161659515
1706,4.53,4.8825,0.3774992846924178,1.840343347639485
1707,4.5125,4.885,0.37603433476394854,1.838054363376252
1708,4.525,4.885,0.378964234620887,1.8517882689556513
1709,4.5525,4.885,0.37933047210300436,1.8517882689556513
1710,4.53,4.885,0.3774992846924178,1.8449213161659515
1711,4.5075,4.885,0.3779570815450644,1.8449213161659515
1712,4.515,4.88375,0.3762174535050072,1.838054363376252
1713,4.52,4.88375,0.3766752503576538,1.840343347639485
1714,4.5125,4.885,0.37731616595135914,1.840343347639485
1715,4.52,4.88375,0.3756680972818312,1.8334763948497856
1716,4.52,4.885,0.3766752503576538,1.840343347639485
1717,4.535,4.88375,0.37438626609442066,1.8311874105865524
1718,4.5075,4.88375,0.37704148783977115,1.840343347639485
1719,4.53,4.885,0.3774992846924178,1.8449213161659515
1720,4.5275,4.88375,0.3768583690987125,1.840343347639485
1721,4.5175,4.88375,0.3785064377682404,1.8494992846924179
1722,4.5225,4.885,0.3768583690987125,1.840343347639485
1723,4.5275,4.88375,0.37704148783977115,1.840343347639485
1724,4.5275,4.88375,0.37649213161659517,1.838054363376252
1725,4.525,4.88375,0.37704148783977115,1.840343347639485
1726,4.5175,4.885,0.37438626609442066,1.8311874105865524
1727,4.5325,4.885,0.3774992846924178,1.8449213161659515
1728,4.5275,4.885,0.37731616595135914,1.840343347639485
1729,4.5175,4.885,0.37649213161659517,1.838054363376252
1730,4.515,4.88375,0.3762174535050072,1.838054363376252
1731,4.515,4.88625,0.3762174535050072,1.838054363376252
1732,4.52,4.885,0.3766752503576538,1.840343347639485
1733,4.52,4.885,0.3762174535050072,1.838054363376252
1734,4.515,4.88375,0.3762174535050072,1.838054363376252
1735,4.5175,4.885,0.37649213161659517,1.838054363376252
1736,4.52,4.885,0.3762174535050072,1.838054363376252
1737,4.5125,4.88375,0.37603433476394854,1.838054363376252
1738,4.515,4.88375,0.3762174535050072,1.838054363376252
1739,4.525,4.88375,0.37731616595135914,1.840343347639485
1740,4.5225,4.885,0.3768583690987125,1.840343347639485
1741,4.52,4.885,0.3766752503576538,1.840343347639485
1742,4.5275,4.885,0.3766752503576538,1.840343347639485
1743,4.525,4.88375,0.37704148783977115,1.840343347639485
1744,4.52,4.8825,0.3766752503576538,1.838054363376252
1745,4.5125,4.885,0.37704148783977115,1.840343347639485
1746,4.52,4.88375,0.3766752503576538,1.840343347639485
1747,4.5225,4.885,0.3768583690987125,1.840343347639485
1748,4.5325,4.88375,0.3766752503576538,1.840343347639485
1749,4.52,4.88375,0.37649213161659517,1.838054363376252
1750,4.525,4.88375,0.37704148783977115,1.840343347639485
1751,4.5125,4.8825,0.37649213161659517,1.838054363376252
1752,4.52,4.8825,0.37731616595135914,1.840343347639485
1753,4.5225,4.88375,0.3768583690987125,1.840343347639485
1754,4.53,4.885,0.3756680972818312,1.8334763948497856
1755,4.52,4.88375,0.37649213161659517,1.838054363376252
1756,4.53,4.88625,0.3774992846924178,1.8449213161659515
1757,4.525,4.88375,0.37704148783977115,1.840343347639485
1758,4.5325,4.8825,0.37649213161659517,1.838054363376252
1759,4.515,4.88375,0.3762174535050072,1.838054363376252
1760,4.5275,4.885,0.3766752503576538,1.840343347639485
1761,4.52,4.885,0.3779570815450644,1.8449213161659515
1762,4.51,4.885,0.3758512160228899,1.838054363376252
1763,4.525,4.885,0.37704148783977115,1.840343347639485
1764,4.5175,4.88375,0.3768583690987125,1.840343347639485
1765,4.5125,4.885,0.37603433476394854,1.838054363376252
1766,4.515,4.885,0.3762174535050072,1.838054363376252
1767,4.51,4.885,0.37704148783977115,1.840343347639485
1768,4.5225,4.885,0.3768583690987125,1.840343347639485
1769,4.505,4.885,0.37539341917024327,1.8334763948497856
1770,4.53,4.885,0.3758512160228899,1.838054363376252
1771,4.51,4.88375,0.3758512160228899,1.8334763948497856
1772,4.5175,4.88375,0.37649213161659517,1.838054363376252
1773,4.5175,4.88375,0.37814020028612305,1.8449213161659515
1774,4.5275,4.88375,0.37731616595135914,1.840343347639485
1775,4.5325,4.88625,0.3776824034334764,1.8449213161659515
1776,4.525,4.88375,0.3758512160228899,1.8334763948497856
1777,4.5225,4.885,0.3768583690987125,1.840343347639485
1778,4.51,4.88375,0.3758512160228899,1.8334763948497856
1779,4.5125,4.8825,0.3768583690987125,1.840343347639485
1780,4.5275,4.88375,0.37731616595135914,1.840343347639485
1781,4.5225,4.88375,0.3768583690987125,1.840343347639485
1782,4.5075,4.88625,0.37704148783977115,1.840343347639485
1783,4.51,4.88375,0.3758512160228899,1.8334763948497856
1784,4.525,4.8825,0.37704148783977115,1.840343347639485
1785,4.515,4.885,0.37731616595135914,1.840343347639485
1786,4.51,4.8825,0.3768583690987125,1.840343347639485
1787,4.52,4.885,0.3766752503576538,1.840343347639485
1788,4.53,4.885,0.3768583690987125,1.840343347639485
1789,4.5125,4.885,0.37649213161659517,1.838054363376252
1790,4.5025,4.885,0.3752103004291846,1.8334763948497856
1791,4.53,4.885,0.3758512160228899,1.838054363376252
1792,4.525,4.885,0.3774992846924178,1.8449213161659515
1793,4.515,4.885,0.3762174535050072,1.838054363376252
1794,4.5075,4.8825,0.37704148783977115,1.840343347639485
1795,4.515,4.88375,0.3762174535050072,1.838054363376252
1796,4.535,4.885,0.3779570815450644,1.8449213161659515
1797,4.53,4.88375,0.3774992846924178,1.840343347639485
1798,4.5075,4.88375,0.3779570815450644,1.8449213161659515
1799,4.525,4.88375,0.37704148783977115,1.840343347639485
1800,4.505,4.8825,0.37539341917024327,1.8334763948497856
1801,4.53,4.8825,0.3768583690987125,1.840343347639485
1802,4.5125,4.8825,0.37603433476394854,1.838054363376252
1803,4.52,4.8825,0.3766752503576538,1.838054363376252
1804,4.53,4.885,0.37603433476394854,1.838054363376252
1805,4.525,4.88375,0.37704148783977115,1.840343347639485
1806,4.52,4.88375,0.3766752503576538,1.840343347639485
1807,4.53,4.885,0.37502718168812593,1.8334763948497856
1808,4.5,4.88625,0.37502718168812593,1.8334763948497856
1809,4.5175,4.8825,0.37649213161659517,1.838054363376252
1810,4.5075,4.88375,0.3779570815450644,1.8449213161659515
1811,4.515,4.88625,0.3762174535050072,1.838054363376252
1812,4.5275,4.88375,0.37731616595135914,1.840343347639485
1813,4.525,4.885,0.3762174535050072,1.838054363376252
1814,4.5075,4.885,0.3756680972818312,1.8334763948497856
1815,4.5275,4.885,0.37731616595135914,1.840343347639485
1816,4.515,4.885,0.3756680972818312,1.8334763948497856
1817,4.515,4.88375,0.3762174535050072,1.838054363376252
1818,4.5275,4.88625,0.37731616595135914,1.8449213161659515
1819,4.51,4.88375,0.37832331902718175,1.8494992846924179
1820,4.5275,4.885,0.3779570815450644,1.8449213161659515
1821,4.5025,4.88375,0.3752103004291846,1.8334763948497856
1822,4.535,4.88375,0.3768583690987125,1.840343347639485
1823,4.5125,4.8825,0.3776824034334764,1.8449213161659515
1824,4.5225,4.88375,0.3768583690987125,1.840343347639485
1825,4.53,4.88375,0.37649213161659517,1.838054363376252
1826,4.5125,4.885,0.3776824034334764,1.8449213161659515
1827,4.525,4.88375,0.37704148783977115,1.840343347639485
1828,4.5225,4.88375,0.37603433476394854,1.838054363376252
1829,4.5175,4.885,0.37704148783977115,1.840343347639485
1830,4.5175,4.88375,0.37649213161659517,1.838054363376252
1831,4.5225,4.88625,0.37603433476394854,1.838054363376252
1832,4.515,4.88375,0.3756680972818312,1.8334763948497856
1833,4.5275,4.8825,0.37731616595135914,1.840343347639485
1834,4.5175,4.88375,0.37649213161659517,1.838054363376252
1835,4.5275,4.885,0.3762174535050072,1.838054363376252
1836,4.5325,4.885,0.3776824034334764,1.8449213161659515
1837,4.51,4.885,0.3758512160228899,1.838054363376252
1838,4.5075,4.88375,0.37704148783977115,1.840343347639485
1839,4.52,4.88375,0.3766752503576538,1.840343347639485
1840,4.52,4.88375,0.3766752503576538,1.840343347639485
1841,4.53,4.88375,0.37731616595135914,1.840343347639485
1842,4.5275,4.88375,0.37731616595135914,1.840343347639485
1843,4.535,4.885,0.3779570815450644,1.8449213161659515
1844,4.535,4.885,0.3768583690987125,1.840343347639485
1845,4.5275,4.88375,0.37731616595135914,1.840343347639485
1846,4.5125,4.88375,0.37603433476394854,1.838054363376252
1847,4.5075,4.88375,0.37704148783977115,1.840343347639485
1848,4.52,4.88375,0.3766752503576538,1.840343347639485
1849,4.5225,4.88375,0.3768583690987125,1.840343347639485
1850,4.5375,4.88375,0.3766752503576538,1.840343347639485
1851,4.515,4.885,0.3762174535050072,1.838054363376252
1852,4.5125,4.8825,0.37603433476394854,1.838054363376252
1853,4.5375,4.88375,0.37539341917024327,1.8334763948497856
1854,4.5375,4.88375,0.37814020028612305,1.8449213161659515
1855,4.535,4.88375,0.3779570815450644,1.8449213161659515
1856,4.5375,4.88375,0.37649213161659517,1.838054363376252
1857,4.5125,4.88375,0.37649213161659517,1.838054363376252
1858,4.5275,4.88375,0.37731616595135914,1.840343347639485
1859,4.52,4.8825,0.37832331902718175,1.8494992846924179
1860,4.5175,4.88375,0.37649213161659517,1.838054363376252
1861,4.52,4.88375,0.3766752503576538,1.840343347639485
1862,4.525,4.885,0.3766752503576538,1.840343347639485
1863,4.525,4.88375,0.37603433476394854,1.838054363376252
1864,4.5175,4.88375,0.37649213161659517,1.838054363376252
1865,4.545,4.88375,0.37731616595135914,1.840343347639485
1866,4.5175,4.88375,0.3774992846924178,1.8449213161659515
1867,4.53,4.885,0.3774992846924178,1.8449213161659515
1868,4.53,4.885,0.3774992846924178,1.840343347639485
1869,4.52,4.885,0.37704148783977115,1.840343347639485
1870,4.52,4.88375,0.3766752503576538,1.840343347639485
1871,4.5275,4.88375,0.37731616595135914,1.840343347639485
1872,4.515,4.88375,0.3752103004291846,1.8334763948497856
1873,4.53,4.8825,0.3774992846924178,1.840343347639485
1874,4.5225,4.88375,0.3768583690987125,1.840343347639485
1875,4.52,4.8825,0.3779570815450644,1.8449213161659515
1876,4.525,4.885,0.37704148783977115,1.840343347639485
1877,4.5225,4.88375,0.3768583690987125,1.840343347639485
1878,4.5225,4.885,0.37539341917024327,1.8334763948497856
1879,4.5425,4.88375,0.3785064377682404,1.8494992846924179
1880,4.5225,4.885,0.3768583690987125,1.840343347639485
1881,4.5325,4.88375,0.3762174535050072,1.838054363376252
1882,4.5125,4.88375,0.37603433476394854,1.838054363376252
1883,4.515,4.885,0.3762174535050072,1.838054363376252
1884,4.53,4.885,0.37603433476394854,1.838054363376252
1885,4.5225,4.885,0.3768583690987125,1.840343347639485
1886,4.52,4.8825,0.3766752503576538,1.838054363376252
1887,4.51,4.8825,0.3766752503576538,1.838054363376252
1888,4.53,4.88375,0.3774992846924178,1.8449213161659515
1889,4.53,4.88375,0.3774992846924178,1.8449213161659515
1890,4.5225,4.885,0.37438626609442066,1.8311874105865524
1891,4.525,4.885,0.3756680972818312,1.8334763948497856
1892,4.515,4.88375,0.3762174535050072,1.838054363376252
1893,4.52,4.88375,0.3768583690987125,1.840343347639485
1894,4.5225,4.88375,0.3779570815450644,1.8449213161659515
1895,4.5225,4.885,0.3768583690987125,1.840343347639485
1896,4.5225,4.885,0.3758512160228899,1.838054363376252
1897,4.5325,4.885,0.3758512160228899,1.838054363376252
1898,4.525,4.885,0.37704148783977115,1.840343347639485
1899,4.5225,4.8825,0.3787811158798284,1.8494992846924179
1900,4.525,4.88375,0.37704148783977115,1.840343347639485
1901,4.5175,4.885,0.37649213161659517,1.838054363376252
1902,4.53,4.88375,0.37502718168812593,1.8311874105865524
1903,4.5275,4.88375,0.37731616595135914,1.840343347639485
1904,4.52,4.885,0.3766752503576538,1.840343347639485
1905,4.5275,4.8825,0.37731616595135914,1.840343347639485
1906,4.5225,4.885,0.37649213161659517,1.838054363376252
1907,4.525,4.88375,0.37704148783977115,1.840343347639485
1908,4.5325,4.88375,0.3776824034334764,1.8449213161659515
1909,4.5225,4.885,0.3766752503576538,1.840343347639485
1910,4.5275,4.88375,0.37731616595135914,1.840343347639485
1911,4.525,4.885,0.37704148783977115,1.840343347639485
1912,4.525,4.88375,0.3768583690987125,1.840343347639485
1913,4.5225,4.8825,0.3768583690987125,1.840343347639485
1914,4.525,4.88375,0.37704148783977115,1.840343347639485
1915,4.5275,4.885,0.3766752503576538,1.840343347639485
1916,4.5175,4.88375,0.37649213161659517,1.838054363376252
1917,4.53,4.885,0.3774992846924178,1.8449213161659515
1918,4.5225,4.88375,0.3756680972818312,1.8334763948497856
1919,4.5125,4.8825,0.37603433476394854,1.838054363376252
1920,4.515,4.8825,0.3762174535050072,1.838054363376252
1921,4.5325,4.885,0.37649213161659517,1.838054363376252
1922,4.5225,4.88375,0.3768583690987125,1.840343347639485
1923,4.52,4.88375,0.3766752503576538,1.840343347639485
1924,4.535,4.8825,0.3766752503576538,1.838054363376252
1925,4.515,4.885,0.3762174535050072,1.838054363376252
1926,4.51,4.885,0.3758512160228899,1.838054363376252
1927,4.5175,4.88375,0.37704148783977115,1.840343347639485
1928,4.53,4.88375,0.3768583690987125,1.840343347639485
1929,4.53,4.88375,0.3774992846924178,1.8449213161659515
1930,4.5175,4.88375,0.3768583690987125,1.840343347639485
1931,4.51,4.885,0.37603433476394854,1.838054363376252
1932,4.52,4.885,0.3766752503576538,1.840343347639485
1933,4.5125,4.885,0.3766752503576538,1.840343347639485
1934,4.51,4.88375,0.37731616595135914,1.840343347639485
1935,4.5225,4.88375,0.3768583690987125,1.840343347639485
1936,4.53,4.88375,0.37731616595135914,1.840343347639485
1937,4.51,4.88625,0.37704148783977115,1.840343347639485
1938,4.51,4.885,0.3758512160228899,1.838054363376252
1939,4.5275,4.88375,0.37731616595135914,1.840343347639485
1940,4.52,4.885,0.37731616595135914,1.840343347639485
1941,4.5375,4.8825,0.37814020028612305,1.8449213161659515
1942,4.525,4.8825,0.37704148783977115,1.840343347639485
1943,4.5225,4.8825,0.3758512160228899,1.8334763948497856
1944,4.525,4.88375,0.37704148783977115,1.840343347639485
1945,4.5275,4.885,0.37731616595135914,1.840343347639485
1946,4.52,4.885,0.3768583690987125,1.840343347639485
1947,4.5125,4.88375,0.37603433476394854,1.838054363376252
1948,4.525,4.8825,0.37704148783977115,1.840343347639485
1949,4.55,4.8825,0.3768583690987125,1.840343347639485
1950,4.52,4.885,0.3766752503576538,1.840343347639485
1951,4.5175,4.88375,0.37649213161659517,1.838054363376252
1952,4.505,4.885,0.3766752503576538,1.840343347639485
1953,4.52,4.8825,0.3766752503576538,1.838054363376252
1954,4.5225,4.885,0.3768583690987125,1.840343347639485
1955,4.52,4.885,0.37704148783977115,1.840343347639485
1956,4.5175,4.885,0.37649213161659517,1.838054363376252
1957,4.5275,4.88375,0.37731616595135914,1.840343347639485
1958,4.535,4.885,0.3766752503576538,1.840343347639485
1959,4.5275,4.885,0.37731616595135914,1.840343347639485
1960,4.545,4.885,0.3787811158798284,1.8494992846924179
1961,4.515,4.8825,0.3774992846924178,1.840343347639485
1962,4.51,4.88625,0.37704148783977115,1.840343347639485
1963,4.525,4.885,0.37704148783977115,1.840343347639485
1964,4.52,4.88375,0.37731616595135914,1.840343347639485
1965,4.53,4.885,0.3768583690987125,1.840343347639485
1966,4.5225,4.8825,0.3768583690987125,1.840343347639485
1967,4.535,4.885,0.37731616595135914,1.840343347639485
1968,4.5225,4.885,0.3758512160228899,1.838054363376252
1969,4.525,4.88375,0.37704148783977115,1.840343347639485
1970,4.52,4.88375,0.3776824034334764,1.8449213161659515
1971,4.5225,4.8825,0.3774992846924178,1.840343347639485
1972,4.5275,4.88375,0.37731616595135914,1.840343347639485
1973,4.52,4.885,0.37603433476394854,1.838054363376252
1974,4.505,4.88375,0.37814020028612305,1.8449213161659515
1975,4.5275,4.885,0.37731616595135914,1.840343347639485
1976,4.53,4.88375,0.3774992846924178,1.8449213161659515
1977,4.5075,4.885,0.3779570815450644,1.8449213161659515
1978,4.555,4.885,0.3796051502145923,1.8517882689556513
1979,4.53,4.88375,0.3774992846924178,1.8449213161659515
1980,4.51,4.8825,0.3756680972818312,1.8334763948497856
1981,4.535,4.885,0.3779570815450644,1.8449213161659515
1982,4.515,4.885,0.3762174535050072,1.838054363376252
1983,4.5375,4.88375,0.37539341917024327,1.8334763948497856
1984,4.5075,4.885,0.3756680972818312,1.8334763948497856
1985,4.5375,4.885,0.37814020028612305,1.8494992846924179
1986,4.4925,4.8825,0.37704148783977115,1.840343347639485
1987,4.51,4.885,0.3758512160228899,1.838054363376252
1988,4.5225,4.88375,0.3768583690987125,1.840343347639485
1989,4.52,4.885,0.37814020028612305,1.8494992846924179
1990,4.5125,4.885,0.37603433476394854,1.838054363376252
1991,4.53,4.885,0.3774992846924178,1.8449213161659515
1992,4.52,4.88625,0.3779570815450644,1.8449213161659515
1993,4.535,4.885,0.3779570815450644,1.8449213161659515
1994,4.5375,4.88375,0.37814020028612305,1.8449213161659515
1995,4.5325,4.885,0.3758512160228899,1.838054363376252
1996,4.515,4.885,0.3768583690987125,1.840343347639485
1997,4.5325,4.88375,0.3776824034334764,1.8449213161659515
1998,4.525,4.885,0.37704148783977115,1.840343347639485
1999,4.5175,4.8825,0.3785064377682404,1.8494992846924179
2000,4.5125,4.885,0.37603433476394854,1.838054363376252
2001,4.54,4.88375,0.3774992846924178,1.8449213161659515
2002,4.525,4.88625,0.37704148783977115,1.840343347639485
2003,4.525,4.88375,0.37704148783977115,1.840343347639485
2004,4.515,4.8875,0.37731616595135914,1.8449213161659515
2005,4.505,4.88375,0.3776824034334764,1.8449213161659515
2006,4.52,4.885,0.3766752503576538,1.840343347639485
2007,4.5175,4.8825,0.3766752503576538,1.838054363376252
2008,4.5125,4.88125,0.37502718168812593,1.8311874105865524
2009,4.5325,4.885,0.3776824034334764,1.8449213161659515
2010,4.535,4.885,0.3779570815450644,1.8449213161659515
2011,4.53,4.88625,0.37603433476394854,1.838054363376252
2012,4.515,4.88375,0.3762174535050072,1.838054363376252
2013,4.5275,4.8825,0.37731616595135914,1.840343347639485
2014,4.5575,4.88375,0.3768583690987125,1.840343347639485
2015,4.5075,4.88625,0.3756680972818312,1.8334763948497856
2016,4.54,4.885,0.37832331902718175,1.8494992846924179
2017,4.5,4.885,0.3768583690987125,1.840343347639485
2018,4.52,4.88375,0.3766752503576538,1.840343347639485
2019,4.5425,4.88375,0.3785064377682404,1.8494992846924179
2020,4.4925,4.885,0.3768583690987125,1.840343347639485
2021,4.535,4.885,0.3779570815450644,1.8449213161659515
2022,4.5475,4.88375,0.378964234620887,1.8517882689556513
2023,4.52,4.88375,0.3766752503576538,1.840343347639485
2024,4.5125,4.88625,0.37603433476394854,1.838054363376252
2025,4.495,4.885,0.3745693848354793,1.8311874105865524
2026,4.5025,4.885,0.37539341917024327,1.8334763948497856
2027,4.53,4.885,0.3774992846924178,1.8449213161659515
2028,4.5225,4.88625,0.3768583690987125,1.840343347639485
2029,4.525,4.88375,0.3762174535050072,1.838054363376252
2030,4.5225,4.885,0.3768583690987125,1.840343347639485
2031,4.5175,4.88625,0.37649213161659517,1.840343347639485
2032,4.5025,4.88625,0.37814020028612305,1.8494992846924179
2033,4.51,4.88625,0.37539341917024327,1.8334763948497856
2034,4.525,4.8825,0.37704148783977115,1.840343347639485
2035,4.145,4.965,0.3402346208869814,1.6869814020028615
2036,4.515,4.885,0.37603433476394854,1.838054363376252
2037,4.5375,4.8825,0.37814020028612305,1.8449213161659515
2038,4.5225,4.88375,0.37814020028612305,1.8449213161659515
2039,4.505,4.885,0.37649213161659517,1.838054363376252
2040,4.5175,4.88625,0.37649213161659517,1.840343347639485
2041,4.515,4.88375,0.3758512160228899,1.8334763948497856
2042,4.5275,4.88375,0.3766752503576538,1.840343347639485
2043,4.525,4.88375,0.37704148783977115,1.840343347639485
2044,4.5025,4.88625,0.3752103004291846,1.8334763948497856
2045,4.5225,4.885,0.37603433476394854,1.838054363376252
2046,4.525,4.88625,0.37704148783977115,1.840343347639485
2047,4.52,4.88375,0.3766752503576538,1.840343347639485
2048,4.505,4.8825,0.3796051502145923,1.8517882689556513
2049,4.505,4.88625,0.37539341917024327,1.8334763948497856
2050,4.53,4.885,0.3774992846924178,1.8449213161659515
2051,4.5325,4.88375,0.3762174535050072,1.838054363376252
2052,4.5225,4.885,0.3768583690987125,1.840343347639485
2053,4.5075,4.88625,0.3756680972818312,1.8334763948497856
2054,4.5025,4.885,0.3752103004291846,1.8334763948497856
2055,4.5125,4.885,0.37603433476394854,1.838054363376252
2056,4.5175,4.885,0.37649213161659517,1.838054363376252
2057,4.525,4.885,0.3774992846924178,1.8449213161659515
2058,4.5175,4.88375,0.37649213161659517,1.838054363376252
2059,4.5125,4.8825,0.37603433476394854,1.838054363376252
2060,4.5075,4.88625,0.3779570815450644,1.8449213161659515
2061,4.51,4.885,0.3758512160228899,1.838054363376252
2062,4.52,4.88625,0.3766752503576538,1.840343347639485
2063,4.5125,4.88625,0.3768583690987125,1.840343347639485
2064,3.735,4.91125,0.31121030042918457,1.5290414878397713
2065,4.52,4.88375,0.3766752503576538,1.840343347639485
2066,4.5125,4.88375,0.37731616595135914,1.840343347639485
2067,4.5075,4.88625,0.37731616595135914,1.8449213161659515
2068,4.5075,4.885,0.3756680972818312,1.8334763948497856
2069,4.5125,4.885,0.37649213161659517,1.838054363376252
2070,4.52,4.885,0.3762174535050072,1.838054363376252
2071,4.525,4.88375,0.37704148783977115,1.840343347639485
2072,4.525,4.88375,0.3796051502145923,1.8517882689556513
2073,4.51,4.885,0.3762174535050072,1.838054363376252
2074,4.5075,4.88375,0.3756680972818312,1.8334763948497856
2075,4.51,4.88375,0.37704148783977115,1.840343347639485
2076,4.525,4.88625,0.37603433476394854,1.838054363376252
2077,4.5075,4.885,0.3756680972818312,1.8334763948497856
2078,4.5025,4.88375,0.37731616595135914,1.840343347639485
2079,4.515,4.885,0.37603433476394854,1.838054363376252
2080,4.5,4.88375,0.37502718168812593,1.8311874105865524
2081,4.5075,4.885,0.3756680972818312,1.8334763948497856
2082,4.5125,4.88375,0.3774992846924178,1.8449213161659515
2083,4.5125,4.885,0.37603433476394854,1.838054363376252
2084,4.5,4.88375,0.37502718168812593,1.8311874105865524
2085,4.5075,4.8825,0.37603433476394854,1.838054363376252
2086,4.51,4.885,0.3758512160228899,1.838054363376252
2087,4.5225,4.88375,0.3768583690987125,1.840343347639485
2088,4.51,4.885,0.3758512160228899,1.838054363376252
2089,4.525,4.8875,0.37704148783977115,1.840343347639485
2090,4.515,4.885,0.3762174535050072,1.838054363376252
2091,4.51,4.885,0.3766752503576538,1.840343347639485
2092,4.5275,4.885,0.37731616595135914,1.840343347639485
2093,4.5125,4.885,0.37603433476394854,1.838054363376252
2094,4.5175,4.885,0.3762174535050072,1.838054363376252
2095,4.52,4.88625,0.3766752503576538,1.840343347639485
2096,4.525,4.885,0.37704148783977115,1.840343347639485
2097,4.51,4.88625,0.37731616595135914,1.8449213161659515
2098,4.525,4.88375,0.37704148783977115,1.840343347639485
2099,4.525,4.88625,0.37704148783977115,1.840343347639485
2100,4.4975,4.885,0.3766752503576538,1.840343347639485
2101,4.525,4.88625,0.37704148783977115,1.840343347639485
2102,4.505,4.885,0.37539341917024327,1.8334763948497856
2103,4.3925,4.96625,0.3106609442060086,1.5404864091559372
2104,4.525,4.8825,0.3766752503576538,1.838054363376252
2105,4.5175,4.885,0.37649213161659517,1.838054363376252
2106,4.5275,4.885,0.3768583690987125,1.840343347639485
2107,4.505,4.885,0.3766752503576538,1.840343347639485
2108,4.51,4.885,0.3758512160228899,1.838054363376252
2109,4.5125,4.885,0.3762174535050072,1.838054363376252
2110,4.515,4.88375,0.3779570815450644,1.8449213161659515
2111,4.51,4.885,0.3758512160228899,1.838054363376252
2112,4.5125,4.885,0.37649213161659517,1.838054363376252
2113,4.495,4.88375,0.3766752503576538,1.840343347639485
2114,4.5075,4.885,0.3756680972818312,1.8334763948497856
2115,4.525,4.88375,0.37704148783977115,1.840343347639485
2116,4.4975,4.88375,0.3758512160228899,1.8334763948497856
2117,4.52,4.8875,0.3766752503576538,1.840343347639485
2118,4.5225,4.885,0.3768583690987125,1.840343347639485
2119,4.51,4.88375,0.3766752503576538,1.840343347639485
2120,4.5075,4.88375,0.3756680972818312,1.8334763948497856
2121,4.4875,4.885,0.373928469241774,1.826609442060086
2122,4.5125,4.885,0.3756680972818312,1.8334763948497856
2123,4.52,4.88375,0.3766752503576538,1.840343347639485
2124,4.52,4.885,0.3766752503576538,1.840343347639485
2125,4.5125,4.88375,0.37731616595135914,1.840343347639485
2126,4.5225,4.88375,0.3768583690987125,1.840343347639485
2127,4.5275,4.88375,0.37731616595135914,1.840343347639485
2128,4.49,4.88375,0.3752103004291846,1.8334763948497856
2129,4.515,4.88625,0.3762174535050072,1.838054363376252
2130,4.5325,4.88375,0.3776824034334764,1.8449213161659515
2131,4.51,4.88375,0.37649213161659517,1.838054363376252
2132,4.53,4.885,0.3774992846924178,1.8449213161659515
2133,4.5425,4.885,0.3785064377682404,1.8494992846924179
2134,4.52,4.88375,0.3779570815450644,1.8449213161659515
2135,4.525,4.88375,0.37704148783977115,1.840343347639485
2136,4.52,4.88375,0.3766752503576538,1.840343347639485
2137,4.5075,4.8825,0.3756680972818312,1.8334763948497856
2138,4.51,4.885,0.37649213161659517,1.838054363376252
2139,4.5275,4.885,0.37731616595135914,1.840343347639485
2140,4.51,4.885,0.3758512160228899,1.838054363376252
2141,4.5125,4.885,0.3766752503576538,1.840343347639485
2142,4.515,4.88375,0.3762174535050072,1.838054363376252
2143,4.525,4.88375,0.3762174535050072,1.838054363376252
2144,4.54,4.88375,0.37603433476394854,1.838054363376252
2145,4.525,4.88375,0.37704148783977115,1.840343347639485
2146,4.275,4.96125,0.31542203147353365,1.563376251788269
2147,4.5025,4.88625,0.37603433476394854,1.838054363376252
2148,4.525,4.88375,0.37704148783977115,1.840343347639485
2149,4.51,4.88375,0.3762174535050072,1.838054363376252
2150,4.5225,4.88375,0.37603433476394854,1.838054363376252
2151,4.5275,4.885,0.37731616595135914,1.840343347639485
2152,4.5175,4.885,0.37649213161659517,1.838054363376252
2153,4.515,4.88375,0.37704148783977115,1.840343347639485
2154,4.515,4.88375,0.3762174535050072,1.838054363376252
2155,4.505,4.885,0.37539341917024327,1.8334763948497856
2156,4.5175,4.885,0.3762174535050072,1.838054363376252
2157,4.495,4.88625,0.3745693848354793,1.8311874105865524
2158,4.5175,4.88625,0.37649213161659517,1.840343347639485
2159,4.515,4.885,0.37539341917024327,1.8334763948497856
2160,4.5275,4.88375,0.37731616595135914,1.840343347639485
2161,4.52,4.88375,0.3766752503576538,1.840343347639485
2162,4.5175,4.88375,0.3776824034334764,1.8449213161659515
2163,4.52,4.885,0.3766752503576538,1.840343347639485
2164,4.52,4.885,0.3766752503576538,1.840343347639485
2165,4.5325,4.885,0.37649213161659517,1.838054363376252
2166,4.5125,4.88375,0.37603433476394854,1.838054363376252
2167,4.53,4.88375,0.3774992846924178,1.8449213161659515
2168,4.505,4.885,0.3774992846924178,1.8449213161659515
2169,4.525,4.885,0.37704148783977115,1.840343347639485
2170,4.535,4.885,0.3779570815450644,1.8449213161659515
2171,4.52,4.88375,0.3776824034334764,1.8449213161659515
2172,4.515,4.885,0.37603433476394854,1.838054363376252
2173,4.525,4.885,0.37704148783977115,1.840343347639485
2174,4.52,4.88375,0.3758512160228899,1.8334763948497856
2175,4.5025,4.88375,0.3774992846924178,1.8449213161659515
2176,4.5225,4.88625,0.3768583690987125,1.840343347639485
2177,4.5325,4.8825,0.3758512160228899,1.8334763948497856
2178,4.5275,4.88375,0.3768583690987125,1.840343347639485
2179,4.515,4.885,0.3762174535050072,1.838054363376252
2180,4.52,4.885,0.3762174535050072,1.838054363376252
2181,4.5125,4.885,0.3762174535050072,1.838054363376252
2182,4.525,4.885,0.37704148783977115,1.840343347639485
2183,4.535,4.885,0.3766752503576538,1.840343347639485
2184,4.5325,4.885,0.37704148783977115,1.840343347639485
2185,4.535,4.885,0.3779570815450644,1.8449213161659515
2186,4.535,4.88375,0.3779570815450644,1.840343347639485
2187,4.5375,4.88375,0.37832331902718175,1.8494992846924179
2188,4.505,4.88375,0.37539341917024327,1.8334763948497856
2189,4.515,4.885,0.3762174535050072,1.838054363376252
2190,4.55,4.88375,0.37814020028612305,1.8449213161659515
2191,4.515,4.8825,0.3762174535050072,1.838054363376252
2192,4.5225,4.88375,0.3768583690987125,1.840343347639485
2193,4.53,4.885,0.3752103004291846,1.8334763948497856
2194,4.515,4.885,0.3762174535050072,1.838054363376252
2195,4.53,4.88625,0.3774992846924178,1.8449213161659515
2196,4.52,4.885,0.3766752503576538,1.840343347639485
2197,4.5225,4.885,0.3768583690987125,1.840343347639485
2198,4.505,4.885,0.37539341917024327,1.8334763948497856
2199,4.535,4.88375,0.37704148783977115,1.840343347639485
2200,4.52,4.88625,0.3766752503576538,1.840343347639485
2201,4.5225,4.8825,0.3768583690987125,1.840343347639485
2202,4.54,4.88375,0.3768583690987125,1.840343347639485
2203,4.5225,4.88375,0.3768583690987125,1.840343347639485
2204,4.54,4.88375,0.37832331902718175,1.8494992846924179
2205,4.5125,4.885,0.3774992846924178,1.8449213161659515
2206,4.52,4.88375,0.3766752503576538,1.840343347639485
2207,4.52,4.8825,0.3766752503576538,1.838054363376252
2208,4.5225,4.88375,0.37649213161659517,1.838054363376252
2209,4.525,4.88375,0.3766752503576538,1.840343347639485
2210,4.545,4.88375,0.3787811158798284,1.8494992846924179
2211,4.535,4.88375,0.3756680972818312,1.8334763948497856
2212,4.52,4.88375,0.3766752503576538,1.840343347639485
2213,4.535,4.885,0.3779570815450644,1.8449213161659515
2214,4.5275,4.88625,0.37814020028612305,1.8494992846924179
2215,4.5175,4.885,0.37814020028612305,1.8494992846924179
2216,4.5175,4.88625,0.37649213161659517,1.840343347639485
2217,4.5325,4.88375,0.37603433476394854,1.838054363376252
2218,4.52,4.88375,0.3762174535050072,1.838054363376252
2219,4.505,4.88375,0.37539341917024327,1.8334763948497856
2220,4.515,4.88375,0.3762174535050072,1.838054363376252
2221,4.515,4.885,0.37649213161659517,1.838054363376252
2222,4.52,4.88375,0.3766752503576538,1.840343347639485
2223,4.515,4.885,0.3762174535050072,1.838054363376252
2224,4.525,4.885,0.37649213161659517,1.838054363376252
2225,4.53,4.885,0.3774992846924178,1.8449213161659515
2226,4.5175,4.88375,0.37649213161659517,1.838054363376252
2227,4.5275,4.88375,0.37704148783977115,1.840343347639485
2228,4.53,4.8825,0.3774992846924178,1.840343347639485
2229,4.5275,4.885,0.37731616595135914,1.840343347639485
2230,4.5325,4.885,0.37933047210300436,1.8517882689556513
2231,4.5125,4.88375,0.37603433476394854,1.838054363376252
2232,4.5275,4.885,0.37731616595135914,1.840343347639485
2233,4.5125,4.885,0.3756680972818312,1.8334763948497856
2234,4.5325,4.885,0.3776824034334764,1.8449213161659515
2235,4.51,4.885,0.3758512160228899,1.838054363376252
2236,4.515,4.88375,0.37704148783977115,1.840343347639485
2237,4.505,4.88375,0.37539341917024327,1.8334763948497856
2238,4.51,4.885,0.3758512160228899,1.838054363376252
2239,4.5325,4.8825,0.3774992846924178,1.840343347639485
2240,4.52,4.88375,0.3766752503576538,1.840343347639485
2241,4.5275,4.88375,0.37731616595135914,1.840343347639485
2242,4.52,4.88375,0.3774992846924178,1.8449213161659515
2243,4.53,4.885,0.3758512160228899,1.838054363376252
2244,4.53,4.88375,0.3774992846924178,1.8449213161659515
2245,4.5225,4.88375,0.3768583690987125,1.840343347639485
2246,4.52,4.88375,0.37539341917024327,1.8334763948497856
2247,4.5225,4.885,0.3768583690987125,1.840343347639485
2248,4.525,4.885,0.3774992846924178,1.8449213161659515
2249,4.5225,4.885,0.37814020028612305,1.8494992846924179
2250,4.505,4.885,0.37539341917024327,1.8334763948497856
2251,4.5125,4.88375,0.378964234620887,1.8517882689556513
2252,4.5275,4.885,0.37649213161659517,1.838054363376252
2253,4.52,4.88625,0.3766752503576538,1.840343347639485
2254,4.5175,4.88375,0.3774992846924178,1.8449213161659515
2255,4.525,4.885,0.3766752503576538,1.840343347639485
2256,4.5225,4.885,0.3768583690987125,1.840343347639485
2257,4.5225,4.885,0.3768583690987125,1.840343347639485
2258,4.515,4.885,0.37704148783977115,1.840343347639485
2259,4.5225,4.88375,0.3768583690987125,1.840343347639485
2260,4.52,4.88375,0.3766752503576538,1.840343347639485
2261,4.5225,4.885,0.3776824034334764,1.8449213161659515
2262,4.5125,4.88375,0.37603433476394854,1.838054363376252
2263,4.535,4.8825,0.3779570815450644,1.8449213161659515
2264,4.5175,4.88625,0.3766752503576538,1.840343347639485
2265,4.5325,4.885,0.3776824034334764,1.8449213161659515
2266,4.52,4.885,0.3766752503576538,1.840343347639485
2267,4.525,4.885,0.3752103004291846,1.8334763948497856
2268,4.535,4.88375,0.3779570815450644,1.8449213161659515
2269,4.5275,4.88375,0.37731616595135914,1.840343347639485
2270,4.5225,4.885,0.3768583690987125,1.840343347639485
2271,4.5225,4.88375,0.3768583690987125,1.840343347639485
2272,4.5225,4.885,0.3768583690987125,1.840343347639485
2273,4.5175,4.885,0.37649213161659517,1.838054363376252
2274,4.515,4.88375,0.3762174535050072,1.838054363376252
2275,4.525,4.88375,0.37704148783977115,1.840343347639485
2276,4.53,4.88375,0.37704148783977115,1.840343347639485
2277,4.525,4.885,0.37704148783977115,1.840343347639485
2278,4.5225,4.885,0.3768583690987125,1.840343347639485
2279,4.5325,4.885,0.3756680972818312,1.8334763948497856
2280,4.5225,4.8825,0.3768583690987125,1.840343347639485
2281,4.52,4.88375,0.3766752503576538,1.840343347639485
2282,4.5125,4.88375,0.3756680972818312,1.8334763948497856
2283,4.515,4.88375,0.3768583690987125,1.840343347639485
2284,4.52,4.88625,0.3766752503576538,1.840343347639485
2285,4.535,4.885,0.37649213161659517,1.838054363376252
2286,4.525,4.88375,0.37704148783977115,1.840343347639485
2287,4.5175,4.8825,0.37649213161659517,1.838054363376252
2288,4.515,4.88375,0.37814020028612305,1.8449213161659515
2289,4.515,4.88375,0.3762174535050072,1.838054363376252
2290,4.52,4.885,0.3766752503576538,1.840343347639485
2291,4.5375,4.88375,0.37814020028612305,1.840343347639485
2292,4.52,4.885,0.3766752503576538,1.840343347639485
2293,4.5325,4.88625,0.3776824034334764,1.8449213161659515
2294,4.5275,4.885,0.37731616595135914,1.840343347639485
2295,4.5175,4.885,0.37731616595135914,1.840343347639485
2296,4.525,4.885,0.37704148783977115,1.840343347639485
2297,4.5125,4.885,0.37603433476394854,1.838054363376252
2298,4.515,4.885,0.3766752503576538,1.840343347639485
2299,4.52,4.885,0.3766752503576538,1.840343347639485
2300,4.53,4.885,0.3774992846924178,1.8449213161659515
2301,4.5225,4.885,0.3768583690987125,1.840343347639485
2302,4.525,4.8825,0.37704148783977115,1.840343347639485
2303,4.5275,4.88375,0.37731616595135914,1.840343347639485
2304,4.505,4.88625,0.37731616595135914,1.8449213161659515
2305,4.525,4.885,0.37704148783977115,1.840343347639485
2306,4.52,4.885,0.3766752503576538,1.840343347639485
2307,4.4925,4.88375,0.37704148783977115,1.840343347639485
2308,4.525,4.88375,0.37704148783977115,1.840343347639485
2309,4.53,4.8825,0.3774992846924178,1.840343347639485
2310,4.5375,4.88375,0.3774992846924178,1.8449213161659515
2311,4.525,4.88625,0.37704148783977115,1.840343347639485
2312,4.5175,4.885,0.37649213161659517,1.838054363376252
2313,4.5275,4.8825,0.37731616595135914,1.840343347639485
2314,4.5125,4.88375,0.37603433476394854,1.838054363376252
2315,4.5225,4.88375,0.3768583690987125,1.840343347639485
2316,4.53,4.885,0.3762174535050072,1.838054363376252
2317,4.54,4.88625,0.37649213161659517,1.840343347639485
2318,4.5375,4.885,0.37814020028612305,1.8494992846924179
2319,4.5325,4.88375,0.37704148783977115,1.840343347639485
2320,4.535,4.88375,0.37603433476394854,1.838054363376252
2321,4.52,4.88375,0.3766752503576538,1.840343347639485
2322,4.52,4.88375,0.37704148783977115,1.840343347639485
2323,4.52,4.88375,0.37603433476394854,1.838054363376252
2324,4.505,4.8825,0.37539341917024327,1.8334763948497856
2325,4.51,4.88375,0.37731616595135914,1.840343347639485
2326,4.5125,4.88375,0.3776824034334764,1.8449213161659515
2327,4.515,4.88375,0.3762174535050072,1.838054363376252
2328,4.535,4.8825,0.3779570815450644,1.8449213161659515
2329,4.5325,4.8825,0.37649213161659517,1.838054363376252
2330,4.5325,4.885,0.3776824034334764,1.8449213161659515
2331,4.5225,4.885,0.3768583690987125,1.840343347639485
2332,4.5425,4.88375,0.37704148783977115,1.840343347639485
2333,4.5175,4.88375,0.37649213161659517,1.838054363376252
2334,4.525,4.88375,0.37704148783977115,1.840343347639485
2335,4.52,4.8825,0.3776824034334764,1.8449213161659515
2336,4.515,4.885,0.3762174535050072,1.838054363376252
2337,4.5125,4.88625,0.37603433476394854,1.838054363376252
2338,4.535,4.885,0.37814020028612305,1.8494992846924179
2339,4.52,4.885,0.3766752503576538,1.840343347639485
2340,4.53,4.88375,0.3774992846924178,1.8449213161659515
2341,4.5125,4.885,0.3774992846924178,1.8449213161659515
2342,4.5425,4.885,0.3785064377682404,1.8494992846924179
2343,4.545,4.885,0.3787811158798284,1.8494992846924179
2344,4.5225,4.88375,0.3774992846924178,1.8449213161659515
2345,4.5225,4.88625,0.3768583690987125,1.840343347639485
2346,4.5225,4.885,0.3768583690987125,1.840343347639485
2347,4.515,4.885,0.3766752503576538,1.840343347639485
2348,4.505,4.8825,0.3762174535050072,1.838054363376252
2349,4.535,4.8825,0.3779570815450644,1.8449213161659515
2350,4.5125,4.88375,0.37704148783977115,1.840343347639485
2351,4.505,4.88375,0.3756680972818312,1.8334763948497856
2352,4.53,4.885,0.3774992846924178,1.8449213161659515
2353,4.5075,4.885,0.3766752503576538,1.840343347639485
2354,4.5225,4.885,0.3774992846924178,1.8449213161659515
2355,4.52,4.88375,0.3766752503576538,1.840343347639485
2356,4.525,4.88375,0.37603433476394854,1.838054363376252
2357,4.54,4.885,0.3776824034334764,1.8449213161659515
2358,4.515,4.8825,0.3762174535050072,1.838054363376252
2359,4.52,4.88375,0.3766752503576538,1.840343347639485
2360,4.51,4.885,0.37704148783977115,1.840343347639485
2361,4.525,4.885,0.37704148783977115,1.840343347639485
2362,4.5225,4.88375,0.3768583690987125,1.840343347639485
2363,4.545,4.885,0.37649213161659517,1.838054363376252
2364,4.5125,4.885,0.37603433476394854,1.838054363376252
2365,4.5375,4.885,0.37814020028612305,1.8494992846924179
2366,4.5475,4.885,0.3762174535050072,1.838054363376252
2367,4.4975,4.885,0.37475250357653794,1.8311874105865524
2368,4.515,4.8825,0.3762174535050072,1.838054363376252
2369,4.5675,4.88625,0.37704148783977115,1.840343347639485
2370,4.5025,4.88375,0.3752103004291846,1.8334763948497856
2371,4.51,4.88375,0.3758512160228899,1.8334763948497856
2372,4.485,4.885,0.3762174535050072,1.838054363376252
2373,4.5225,4.885,0.3768583690987125,1.840343347639485
2374,4.5375,4.88375,0.37814020028612305,1.8449213161659515
2375,4.525,4.885,0.3774992846924178,1.8449213161659515
2376,4.5225,4.88375,0.3768583690987125,1.840343347639485
2377,4.5425,4.88625,0.3785064377682404,1.8494992846924179
2378,4.535,4.885,0.37704148783977115,1.840343347639485
2379,4.525,4.88375,0.37704148783977115,1.840343347639485
2380,4.5125,4.8825,0.37603433476394854,1.838054363376252
2381,4.5,4.88375,0.37704148783977115,1.840343347639485
2382,4.5275,4.885,0.37731616595135914,1.840343347639485
2383,4.5175,4.88375,0.37649213161659517,1.838054363376252
2384,4.5275,4.885,0.3768583690987125,1.840343347639485
2385,4.505,4.88375,0.3774992846924178,1.8449213161659515
2386,4.535,4.885,0.3779570815450644,1.8449213161659515
2387,4.53,4.88625,0.3762174535050072,1.838054363376252
2388,4.505,4.885,0.3774992846924178,1.8449213161659515
2389,4.5325,4.88375,0.3776824034334764,1.8449213161659515
2390,4.5275,4.8825,0.3779570815450644,1.8449213161659515
2391,4.53,4.88375,0.37814020028612305,1.8449213161659515
2392,4.53,4.885,0.3774992846924178,1.8449213161659515
2393,4.52,4.885,0.3762174535050072,1.838054363376252
2394,4.5275,4.885,0.3768583690987125,1.840343347639485
2395,4.5325,4.885,0.3776824034334764,1.8449213161659515
2396,4.54,4.88375,0.37832331902718175,1.8334763948497856
2397,4.5275,4.88625,0.3776824034334764,1.8449213161659515
2398,4.525,4.88625,0.37704148783977115,1.840343347639485
2399,4.525,4.88375,0.37704148783977115,1.840343347639485
2400,4.5225,4.885,0.3756680972818312,1.8334763948497856
2401,4.505,4.88625,0.37539341917024327,1.8334763948497856
2402,4.52,4.88375,0.3766752503576538,1.840343347639485
2403,4.525,4.88375,0.37914735336194566,1.8517882689556513
2404,4.5425,4.885,0.3785064377682404,1.8494992846924179
2405,4.4875,4.88625,0.373928469241774,1.826609442060086
2406,2.31,5.065,0.19584549356223177,0.9934191702432047
2407,2.34,5.04,0.19502145922746783,0.9819742489270388
2408,2.0125,5.0775,0.1677367668097282,0.8515021459227468
2409,2.0075,5.08625,0.1670958512160229,0.8515021459227468
2410,2.015,5.08,0.16791988555078685,0.8515021459227468
2411,2.04,5.08625,0.1700257510729614,0.8652360515021461
2412,2.445,5.05125,0.18769670958512163,0.9499284692417741
2413,2.025,5.07875,0.1687439198855508,0.8583690987124465
2414,3.255,4.9825,0.2712904148783977,1.3505007153075823
2415,2.2775,5.065,0.1873304721030043,0.9499284692417741
2416,2.0125,5.08875,0.1677367668097282,0.8560801144492132
2417,2.9,5.0125,0.2416251788268956,1.2108726752503578
2418,2.1075,5.08875,0.1670958512160229,0.8515021459227468
2419,1.9925,5.08875,0.16810300429184552,0.8560801144492132
2420,2.075,5.0825,0.17295565092989987,0.876680972818312
2421,2.0425,5.08625,0.1697510729613734,0.8629470672389129
2422,2.06,5.08375,0.17313876967095854,0.8812589413447783
2423,1.855,5.0975,0.15455221745350503,0.7874105865522176
2424,1.855,5.09875,0.15400286123032905,0.7828326180257512
2425,1.85,5.09875,0.15372818311874106,0.7828326180257512
2426,1.865,5.1,0.15537625178826897,0.7919885550786839
2427,2.9825,5.01,0.21562231759656655,1.080400572246066
2428,2.025,5.0825,0.17478683834048642,0.888125894134478
2429,1.9225,5.08875,0.16022889842632335,0.8148783977110158
2430,1.9775,5.0875,0.16169384835479259,0.8217453505007154
2431,1.9025,5.0975,0.15913018597997142,0.8103004291845495
2432,1.915,5.095,0.15958798283261805,0.8148783977110158
2433,1.8925,5.095,0.15766523605150215,0.8034334763948499
2434,1.85,5.1,0.15372818311874106,0.7828326180257512
2435,1.85,5.09875,0.15418597997138772,0.7874105865522176
2436,1.85,5.09875,0.15418597997138772,0.7874105865522176
2437,1.855,5.09875,0.15629184549356226,0.7942775393419171
2438,1.8875,5.095,0.15729899856938484,0.8034334763948499
2439,1.8875,5.0975,0.15729899856938484,0.8034334763948499
2440,1.84,5.10125,0.15372818311874106,0.7828326180257512
2441,1.84,5.1,0.15336194563662375,0.7828326180257512
2442,2.105,5.0825,0.17542775393419172,0.8927038626609443
2443,1.905,5.09375,0.1610529327610873,0.8217453505007154
2444,1.9425,5.09125,0.16187696709585123,0.8240343347639486
2445,1.9,5.0875,0.15830615164520745,0.8057224606580831
2446,1.91,5.09625,0.15858082975679544,0.8057224606580831
2447,1.895,5.09375,0.15793991416309014,0.8057224606580831
2448,1.8525,5.1,0.15436909871244636,0.7874105865522176
2449,1.89,5.09625,0.15629184549356226,0.7942775393419171
2450,1.84,5.095,0.15336194563662375,0.7805436337625179
2451,1.8425,5.09875,0.15354506437768242,0.7828326180257512
2452,1.8425,5.09875,0.1530872675250358,0.7805436337625179
2453,1.8525,5.1,0.15372818311874106,0.7828326180257512
2454,1.855,5.09875,0.15455221745350503,0.7874105865522176
2455,1.8925,5.0975,0.15793991416309014,0.8057224606580831
2456,1.945,5.09375,0.15336194563662375,0.7805436337625179
2457,2.0875,5.08875,0.17396280400572248,0.8858369098712447
2458,1.895,5.09375,0.15858082975679544,0.8057224606580831
2459,1.9,5.095,0.15940486409155938,0.8148783977110158
2460,1.93,5.0925,0.16086981402002862,0.817167381974249
2461,1.9475,5.09125,0.16352503576537913,0.8331902718168813
2462,1.895,5.095,0.1587639484978541,0.8103004291845495
2463,1.85,5.1,0.15418597997138772,0.7874105865522176
2464,1.8425,5.09875,0.15354506437768242,0.7828326180257512
2465,1.8625,5.09375,0.15601716738197427,0.7942775393419171
2466,1.9175,5.09625,0.1597711015736767,0.8148783977110158
2467,1.8425,5.1,0.15354506437768242,0.7828326180257512
2468,1.8375,5.1,0.15418597997138772,0.7874105865522176
2469,1.86,5.09625,0.15501001430615166,0.7919885550786839
2470,1.855,5.0975,0.15455221745350503,0.7874105865522176
2471,1.895,5.095,0.1587639484978541,0.8103004291845495
2472,2.135,5.07375,0.17789985693848356,0.9041487839771103
2473,1.9,5.095,0.15830615164520745,0.8057224606580831
2474,1.9025,5.09375,0.15940486409155938,0.8148783977110158
2475,1.9725,5.09125,0.16434907010014307,0.8354792560801145
2476,1.9125,5.09125,0.15940486409155938,0.8103004291845495
2477,1.9025,5.095,0.15793991416309014,0.8057224606580831
2478,1.84,5.1,0.15336194563662375,0.7828326180257512
2479,1.84,5.09875,0.15336194563662375,0.7828326180257512
2480,1.8325,5.09875,0.1568412017167382,0.7988555078683836
2481,1.895,5.0975,0.15793991416309014,0.8057224606580831
2482,1.905,5.0925,0.1587639484978541,0.8103004291845495
2483,1.8475,5.10125,0.15372818311874106,0.7828326180257512
2484,1.835,5.09875,0.15290414878397712,0.7805436337625179
2485,1.865,5.1,0.15537625178826897,0.7919885550786839
2486,1.9025,5.0975,0.15830615164520745,0.8057224606580831
2487,2.11,5.06625,0.17579399141630903,0.888125894134478
2488,1.9025,5.09375,0.15858082975679544,0.8057224606580831
2489,1.9,5.09625,0.1587639484978541,0.8103004291845495
2490,1.8975,5.09625,0.1587639484978541,0.8103004291845495
2491,1.9275,5.095,0.16059513590844066,0.817167381974249
2492,1.9325,5.0925,0.15858082975679544,0.8057224606580831
2493,1.835,5.09875,0.15354506437768242,0.7828326180257512
2494,1.8325,5.09875,0.15272103004291848,0.7805436337625179
2495,1.845,5.09625,0.15601716738197427,0.7942775393419171
2496,1.865,5.09625,0.15665808297567957,0.7988555078683836
2497,1.8875,5.095,0.15729899856938484,0.8034334763948499
2498,1.9325,5.1,0.15354506437768242,0.7828326180257512
2499,1.8425,5.09875,0.15354506437768242,0.7828326180257512
2500,1.835,5.09875,0.15290414878397712,0.7805436337625179
2501,1.8675,5.0975,0.15565092989985696,0.7942775393419171
2502,2.2025,5.08,0.1935565092989986,0.9819742489270388
2503,1.925,5.09375,0.160412017167382,0.817167381974249
2504,1.9575,5.0925,0.16315879828326182,0.8331902718168813
2505,1.8925,5.095,0.15858082975679544,0.8057224606580831
2506,1.9025,5.09625,0.15858082975679544,0.8057224606580831
2507,1.905,5.0975,0.1587639484978541,0.8103004291845495
2508,1.9,5.09625,0.15565092989985696,0.7942775393419171
2509,1.8775,5.09625,0.1564749642346209,0.7988555078683836
2510,1.8925,5.09625,0.15766523605150215,0.8034334763948499
2511,1.8425,5.0975,0.1525379113018598,0.7759656652360516
2512,1.835,5.09875,0.15290414878397712,0.7805436337625179
2513,1.86,5.10125,0.15501001430615166,0.7919885550786839
2514,1.885,5.09625,0.1610529327610873,0.8217453505007154
2515,1.85,5.10125,0.15418597997138772,0.7874105865522176
2516,1.8425,5.1,0.15354506437768242,0.7828326180257512
2517,2.3025,5.05875,0.20939628040057226,1.057510729613734
2518,2.02,5.08875,0.16837768240343348,0.8560801144492132
2519,1.9275,5.09375,0.16059513590844066,0.817167381974249
2520,1.9425,5.09375,0.16352503576537913,0.8331902718168813
2521,1.905,5.09,0.1587639484978541,0.8057224606580831
2522,1.95,5.09125,0.16251788268955653,0.8286123032904149
2523,1.9075,5.1025,0.15629184549356226,0.7988555078683836
2524,1.8525,5.0975,0.15629184549356226,0.7942775393419171
2525,1.9975,5.095,0.1664549356223176,0.8469241773962805
2526,1.8475,5.1025,0.15418597997138772,0.7874105865522176
2527,1.8575,5.09625,0.15436909871244636,0.7874105865522176
2528,1.845,5.09875,0.15372818311874106,0.7828326180257512
2529,1.8975,5.09625,0.1568412017167382,0.7988555078683836
2530,1.8975,5.09625,0.15858082975679544,0.8057224606580831
2531,2.85,5.00875,0.23750500715307585,1.187982832618026
2532,3.4525,4.96625,0.27687553648068675,1.3756795422031474
2533,3.295,4.98625,0.2773333333333334,1.3848354792560802
2534,3.3475,4.9775,0.27898140200286126,1.3871244635193134
2535,3.39,4.98875,0.2827353361945637,1.4100143061516455
2536,2.015,5.08875,0.1706666666666667,0.8698140200286124
2537,1.9225,5.085,0.16022889842632335,0.8148783977110158
2538,1.9325,5.09,0.1610529327610873,0.8217453505007154
2539,2.01,5.09625,0.16022889842632335,0.817167381974249
2540,1.9475,5.09125,0.16233476394849788,0.8240343347639486
2541,2.0375,5.0875,0.1697510729613734,0.8629470672389129
2542,1.845,5.1,0.15537625178826897,0.7919885550786839
2543,1.8525,5.10125,0.15436909871244636,0.7874105865522176
2544,1.8775,5.09625,0.1564749642346209,0.7988555078683836
2545,1.9175,5.09375,0.1597711015736767,0.8148783977110158
2546,1.8425,5.09875,0.15354506437768242,0.7828326180257512
2547,2.2225,5.04625,0.1852246065808298,0.9339055793991416
2548,1.9775,5.08875,0.16517310443490701,0.8400572246065808
2549,1.925,5.09375,0.160412017167382,0.817167381974249
2550,1.955,5.09625,0.16288412017167384,0.8286123032904149
2551,1.9725,5.095,0.16086981402002862,0.8217453505007154
2552,1.91,5.095,0.15913018597997142,0.8103004291845495
2553,1.8625,5.10125,0.15519313304721033,0.7919885550786839
2554,1.8475,5.1,0.15372818311874106,0.7828326180257512
2555,1.915,5.09375,0.15958798283261805,0.8148783977110158
2556,1.9,5.0975,0.15830615164520745,0.8057224606580831
2557,1.8425,5.1,0.1564749642346209,0.7988555078683836
2558,1.8575,5.09375,0.15519313304721033,0.7919885550786839
2559,1.875,5.10125,0.15629184549356226,0.7988555078683836
2560,1.8625,5.09125,0.16370815450643778,0.8331902718168813
2561,1.8725,5.0975,0.15629184549356226,0.7942775393419171
2562,2.115,5.0525,0.17625178826895566,0.888125894134478
2563,1.995,5.08125,0.1720400572246066,0.8743919885550788
2564,1.9175,5.09125,0.16856080114449215,0.8583690987124465
2565,1.9125,5.09375,0.15940486409155938,0.8148783977110158
2566,1.9225,5.095,0.1587639484978541,0.8103004291845495
2567,1.955,5.09125,0.1620600858369099,0.8240343347639486
2568,1.855,5.09875,0.15455221745350503,0.7874105865522176
2569,1.8525,5.0975,0.15418597997138772,0.7874105865522176
2570,1.88,5.09625,0.15629184549356226,0.7942775393419171
2571,1.8525,5.0975,0.15436909871244636,0.7874105865522176
2572,1.905,5.09625,0.1587639484978541,0.8103004291845495
2573,1.8825,5.09625,0.15565092989985696,0.7942775393419171
2574,1.875,5.095,0.15629184549356226,0.7942775393419171
2575,1.86,5.09625,0.15501001430615166,0.7919885550786839
2576,1.885,5.10125,0.1558340486409156,0.7942775393419171
2577,2.4575,5.01875,0.20481831187410587,1.0277539341917024
2578,2.025,5.085,0.1687439198855508,0.8583690987124465
2579,2.35,5.06625,0.18183690987124465,0.9224606580829757
2580,1.9325,5.08125,0.1610529327610873,0.817167381974249
2581,1.9425,5.095,0.16187696709585123,0.8240343347639486
2582,1.9375,5.095,0.15913018597997142,0.8103004291845495
2583,1.8775,5.09875,0.1564749642346209,0.7988555078683836
2584,1.875,5.09625,0.15629184549356226,0.7942775393419171
2585,1.8525,5.0975,0.1530872675250358,0.7805436337625179
2586,1.8725,5.09875,0.15601716738197427,0.7942775393419171
2587,1.8775,5.1,0.1564749642346209,0.7988555078683836
2588,1.8775,5.09875,0.15501001430615166,0.7919885550786839
2589,1.895,5.09875,0.15793991416309014,0.8057224606580831
2590,1.85,5.09625,0.15418597997138772,0.7874105865522176
2591,1.865,5.1,0.15418597997138772,0.7874105865522176
2592,2.0375,5.07125,0.1697510729613734,0.8629470672389129
2593,1.9625,5.08625,0.16352503576537913,0.8331902718168813
2594,1.9225,5.09125,0.1620600858369099,0.8240343347639486
2595,1.92,5.0925,0.1597711015736767,0.8148783977110158
2596,1.905,5.0925,0.1587639484978541,0.8103004291845495
2597,1.9075,5.09375,0.15830615164520745,0.8057224606580831
2598,1.885,5.1,0.1571158798283262,0.8034334763948499
2599,2.09,5.085,0.17414592274678115,0.8858369098712447
2600,1.9125,5.0975,0.15372818311874106,0.7828326180257512
2601,1.8625,5.10125,0.154826895565093,0.7919885550786839
2602,1.855,5.10125,0.15455221745350503,0.7874105865522176
2603,1.8475,5.0975,0.1564749642346209,0.7988555078683836
2604,1.88,5.0975,0.1571158798283262,0.8034334763948499
2605,1.9025,5.095,0.15858082975679544,0.8057224606580831
2606,1.8375,5.10125,0.1530872675250358,0.7828326180257512
2607,2.27,5.0825,0.1697510729613734,0.8629470672389129
2608,1.9075,5.09625,0.15894706723891275,0.8103004291845495
2609,1.9325,5.08875,0.1610529327610873,0.8217453505007154
2610,1.95,5.09125,0.1620600858369099,0.8240343347639486
2611,1.97,5.08875,0.16416595135908443,0.8354792560801145
2612,1.905,5.09625,0.1587639484978541,0.8103004291845495
2613,1.85,5.10125,0.15336194563662375,0.7828326180257512
2614,1.855,5.1,0.15455221745350503,0.7874105865522176
2615,1.855,5.09875,0.15455221745350503,0.7874105865522176
2616,1.9275,5.09625,0.15958798283261805,0.8148783977110158
2617,1.845,5.09875,0.15372818311874106,0.7828326180257512
2618,1.845,5.09875,0.15372818311874106,0.7828326180257512
2619,1.85,5.1,0.15436909871244636,0.7874105865522176
2620,1.8525,5.10125,0.15436909871244636,0.7874105865522176
2621,1.9125,5.0975,0.15940486409155938,0.8148783977110158
2622,2.26,5.0825,0.1697510729613734,0.8629470672389129
2623,1.9025,5.08875,0.15858082975679544,0.8057224606580831
2624,1.95,5.0925,0.16251788268955653,0.8286123032904149
2625,1.9125,5.095,0.15830615164520745,0.8057224606580831
2626,1.935,5.095,0.16123605150214593,0.8217453505007154
2627,1.97,5.09,0.16416595135908443,0.8354792560801145
2628,1.8475,5.1,0.15354506437768242,0.7828326180257512
2629,1.8525,5.1,0.15354506437768242,0.7828326180257512
2630,1.8325,5.09875,0.15272103004291848,0.7805436337625179
2631,1.8925,5.0975,0.1568412017167382,0.7988555078683836
2632,1.88,5.095,0.15629184549356226,0.7942775393419171
2633,1.8425,5.09625,0.15354506437768242,0.7828326180257512
2634,1.9025,5.1,0.1530872675250358,0.7805436337625179
2635,1.84,5.09875,0.15400286123032905,0.7828326180257512
2636,1.89,5.09375,0.1574821173104435,0.8034334763948499
2637,2.1275,5.07375,0.17121602288984264,0.8698140200286124
2638,1.99,5.09,0.1664549356223176,0.8469241773962805
2639,1.895,5.09375,0.15793991416309014,0.8057224606580831
2640,1.9125,5.09625,0.15766523605150215,0.8034334763948499
2641,2.7975,5.0275,0.22789127324749645,1.1467811158798284
2642,2.33,5.05,0.1941974248927039,0.9819742489270388
2643,3.3775,4.98375,0.2814535050071531,1.4031473533619458
2644,2.9625,4.98625,0.2685436337625179,1.3390557939914165
2645,2.74,5.06375,0.22834907010014308,1.1559370529327613
2646,2.14,5.0825,0.1783576537911302,0.9064377682403434
2647,1.995,5.08375,0.15830615164520745,0.8057224606580831
2648,1.9125,5.095,0.15940486409155938,0.8148783977110158
2649,1.9825,5.08125,0.16517310443490701,0.8400572246065808
2650,1.905,5.095,0.15830615164520745,0.8057224606580831
2651,1.9825,5.08625,0.16517310443490701,0.8400572246065808
2652,2.1225,5.07375,0.17689270386266095,0.8972818311874107
2653,2.0775,5.08875,0.15858082975679544,0.8057224606580831
2654,1.895,5.09625,0.15793991416309014,0.8057224606580831
2655,1.89,5.09625,0.1574821173104435,0.8034334763948499
2656,1.955,5.09375,0.1587639484978541,0.8103004291845495
2657,1.9225,5.09375,0.16022889842632335,0.817167381974249
2658,1.8375,5.1,0.1530872675250358,0.7805436337625179
2659,1.845,5.10125,0.1525379113018598,0.7759656652360516
2660,1.84,5.1,0.15336194563662375,0.7828326180257512
2661,1.86,5.0925,0.15501001430615166,0.7874105865522176
2662,1.8975,5.1,0.15226323319027182,0.7759656652360516
2663,1.84,5.10125,0.1530872675250358,0.7805436337625179
2664,1.84,5.10125,0.15336194563662375,0.7828326180257512
2665,1.835,5.0975,0.15372818311874106,0.7828326180257512
2666,1.885,5.095,0.1574821173104435,0.8034334763948499
2667,2.01,5.0775,0.16746208869814022,0.8515021459227468
2668,1.9,5.09375,0.1568412017167382,0.7988555078683836
2669,1.8975,5.09375,0.1568412017167382,0.7988555078683836
2670,1.9125,5.0925,0.15940486409155938,0.8103004291845495
2671,1.94,5.0925,0.15958798283261805,0.8148783977110158
2672,1.885,5.0975,0.15766523605150215,0.8034334763948499
2673,1.8225,5.10125,0.15189699570815451,0.7759656652360516
2674,1.84,5.10125,0.154826895565093,0.7919885550786839
2675,1.8425,5.09875,0.15226323319027182,0.7759656652360516
2676,1.8625,5.0975,0.15519313304721033,0.7919885550786839
2677,1.8775,5.09875,0.1564749642346209,0.7988555078683836
2678,1.8325,5.1,0.15400286123032905,0.7828326180257512
2679,1.83,5.1025,0.1525379113018598,0.7805436337625179
2680,1.9025,5.09875,0.15858082975679544,0.8103004291845495
2681,1.8425,5.1,0.15455221745350503,0.7874105865522176
2682,2.0825,5.08125,0.17350500715307585,0.8812589413447783
2683,1.9175,5.09125,0.1597711015736767,0.8148783977110158
2684,1.9075,5.09625,0.1564749642346209,0.7988555078683836
2685,1.885,5.09625,0.1571158798283262,0.8034334763948499
2686,1.8975,5.09625,0.1581230329041488,0.8057224606580831
2687,1.9075,5.09375,0.16334191702432047,0.8331902718168813
2688,1.855,5.09375,0.15455221745350503,0.7874105865522176
2689,1.85,5.1025,0.15418597997138772,0.7874105865522176
2690,1.965,5.0975,0.15455221745350503,0.7874105865522176
2691,1.8775,5.0975,0.1564749642346209,0.7988555078683836
2692,1.8975,5.09625,0.1581230329041488,0.8057224606580831
2693,1.8425,5.10125,0.15336194563662375,0.7828326180257512
2694,1.8475,5.10125,0.15400286123032905,0.7828326180257512
2695,1.825,5.09875,0.15208011444921318,0.7759656652360516
2696,1.83,5.09875,0.15565092989985696,0.7942775393419171
2697,2.0725,5.0775,0.17268097281831188,0.876680972818312
2698,1.9825,5.08875,0.16517310443490701,0.8400572246065808
2699,1.9625,5.095,0.1564749642346209,0.7988555078683836
2700,1.9375,5.09125,0.16398283261802576,0.8354792560801145
2701,1.89,5.09625,0.1574821173104435,0.8034334763948499
2702,1.8975,5.09625,0.15940486409155938,0.8148783977110158
2703,1.8725,5.0975,0.15400286123032905,0.7828326180257512
2704,1.84,5.0975,0.15336194563662375,0.7805436337625179
2705,1.8425,5.09875,0.15372818311874106,0.7828326180257512
2706,1.84,5.10125,0.15436909871244636,0.7874105865522176
2707,1.8325,5.09875,0.15272103004291848,0.7805436337625179
2708,1.9,5.09625,0.15565092989985696,0.7942775393419171
2709,1.8775,5.09375,0.15272103004291848,0.7759656652360516
2710,1.835,5.1,0.15290414878397712,0.7805436337625179
2711,1.8225,5.10125,0.15537625178826897,0.7919885550786839
2712,2.1825,5.075,0.1658140200286123,0.8400572246065808
2713,1.9475,5.09375,0.16233476394849788,0.8240343347639486
2714,1.935,5.09125,0.16123605150214593,0.8217453505007154
2715,3.4725,5.00375,0.25041487839771104,1.2520743919885553
2716,4.01,4.93375,0.3341917024320458,1.6503576537911304
2717,4.475,4.89,0.3729213161659514,1.8220314735336196
2718,4.4575,4.8875,0.37209728183118745,1.8197424892703866
2719,4.445,4.89125,0.3704492131616596,1.8105865522174538
2720,4.4575,4.89,0.3714563662374822,1.8151645207439202
2721,4.4525,4.89,0.37209728183118745,1.8197424892703866
2722,4.4825,4.88875,0.3735622317596567,1.826609442060086
2723,4.4825,4.88875,0.3735622317596567,1.826609442060086
2724,4.4825,4.8875,0.3735622317596567,1.826609442060086
2725,4.4675,4.8875,0.3722804005722461,1.8197424892703866
2726,4.49,4.8875,0.37420314735336196,1.8311874105865524
2727,4.5025,4.88625,0.3752103004291846,1.8334763948497856
2728,4.5075,4.8875,0.3756680972818312,1.838054363376252
2729,4.5025,4.88625,0.3752103004291846,1.8334763948497856
2730,4.515,4.8875,0.37420314735336196,1.8311874105865524
2731,4.5075,4.88625,0.3756680972818312,1.8334763948497856
2732,4.51,4.885,0.3758512160228899,1.838054363376252
2733,4.51,4.885,0.37649213161659517,1.838054363376252
2734,4.5125,4.88625,0.3745693848354793,1.8311874105865524
2735,4.5125,4.885,0.37603433476394854,1.838054363376252
2736,4.5,4.885,0.3758512160228899,1.838054363376252
2737,4.505,4.8875,0.37502718168812593,1.8334763948497856
2738,4.52,4.88625,0.3766752503576538,1.840343347639485
2739,4.5125,4.885,0.37502718168812593,1.8334763948497856
2740,4.5175,4.88375,0.37603433476394854,1.838054363376252
2741,4.515,4.885,0.3762174535050072,1.838054363376252
2742,4.515,4.885,0.3766752503576538,1.840343347639485
2743,4.5,4.885,0.3762174535050072,1.838054363376252
2744,4.51,4.88625,0.3758512160228899,1.838054363376252
2745,4.5125,4.885,0.3758512160228899,1.838054363376252
2746,4.51,4.88625,0.3752103004291846,1.8334763948497856
2747,4.515,4.885,0.3762174535050072,1.838054363376252
2748,4.5125,4.885,0.37603433476394854,1.838054363376252
2749,4.495,4.88625,0.37603433476394854,1.838054363376252
2750,4.5,4.885,0.37502718168812593,1.8334763948497856
2751,4.495,4.8875,0.3745693848354793,1.8311874105865524
2752,4.4975,4.88625,0.3756680972818312,1.8334763948497856
2753,4.495,4.885,0.3745693848354793,1.8311874105865524
2754,4.5025,4.8875,0.3752103004291846,1.8334763948497856
2755,4.495,4.8875,0.37475250357653794,1.8311874105865524
2756,4.505,4.88625,0.37539341917024327,1.8334763948497856
2757,4.5075,4.8875,0.3756680972818312,1.838054363376252
2758,4.5,4.8875,0.3745693848354793,1.8311874105865524
2759,4.5125,4.88625,0.37603433476394854,1.838054363376252
2760,4.4975,4.8875,0.37475250357653794,1.8311874105865524
2761,4.505,4.885,0.3756680972818312,1.8334763948497856
2762,4.5025,4.8875,0.3752103004291846,1.8334763948497856
2763,4.4975,4.8875,0.37475250357653794,1.8311874105865524
2764,4.4925,4.88625,0.37475250357653794,1.8311874105865524
2765,4.5,4.88625,0.37502718168812593,1.8334763948497856
2766,4.5,4.8875,0.37502718168812593,1.8334763948497856
2767,4.5025,4.88625,0.37502718168812593,1.8334763948497856
2768,4.505,4.88625,0.37539341917024327,1.8334763948497856
2769,4.5075,4.88625,0.3756680972818312,1.8334763948497856
2770,4.5075,4.885,0.37539341917024327,1.8334763948497856
2771,4.4825,4.88625,0.3756680972818312,1.8334763948497856
2772,4.51,4.88625,0.3758512160228899,1.838054363376252
2773,4.5225,4.88625,0.3752103004291846,1.8334763948497856
2774,4.4925,4.88625,0.37539341917024327,1.8334763948497856
2775,4.5175,4.88625,0.37649213161659517,1.840343347639485
2776,4.525,4.88625,0.3752103004291846,1.8334763948497856
2777,4.5125,4.885,0.37649213161659517,1.838054363376252
2778,4.5225,4.88625,0.3768583690987125,1.840343347639485
2779,4.4975,4.885,0.3774992846924178,1.8449213161659515
2780,4.5175,4.885,0.3758512160228899,1.838054363376252
2781,4.5025,4.885,0.3752103004291846,1.8334763948497856
2782,4.5075,4.88625,0.3756680972818312,1.840343347639485
2783,4.5025,4.88625,0.3752103004291846,1.8334763948497856
2784,4.51,4.885,0.3758512160228899,1.838054363376252
2785,4.525,4.8875,0.37704148783977115,1.840343347639485
2786,4.5025,4.88375,0.37704148783977115,1.840343347639485
2787,4.5125,4.88625,0.37603433476394854,1.838054363376252
2788,4.5125,4.885,0.37603433476394854,1.838054363376252
2789,4.5125,4.88625,0.3766752503576538,1.840343347639485
2790,4.505,4.88625,0.37539341917024327,1.8334763948497856
2791,4.5275,4.88375,0.37731616595135914,1.840343347639485
2792,4.51,4.88625,0.3766752503576538,1.840343347639485
2793,4.53,4.88625,0.3774992846924178,1.8449213161659515
2794,4.5175,4.88625,0.37649213161659517,1.840343347639485
2795,4.515,4.885,0.37649213161659517,1.838054363376252
2796,4.52,4.885,0.3766752503576538,1.840343347639485
2797,4.52,4.885,0.3766752503576538,1.840343347639485
2798,4.52,4.88625,0.3774992846924178,1.8449213161659515
2799,4.5225,4.885,0.3768583690987125,1.840343347639485
2800,4.5125,4.885,0.37603433476394854,1.838054363376252
2801,4.52,4.885,0.3768583690987125,1.840343347639485
2802,4.51,4.88375,0.3758512160228899,1.8334763948497856
2803,4.535,4.885,0.3779570815450644,1.8449213161659515
2804,4.525,4.885,0.3756680972818312,1.8334763948497856
2805,4.5,4.885,0.37704148783977115,1.840343347639485
2806,4.53,4.885,0.3774992846924178,1.8449213161659515
2807,4.5125,4.885,0.3776824034334764,1.8449213161659515
2808,4.515,4.885,0.37649213161659517,1.838054363376252
2809,4.505,4.885,0.37539341917024327,1.8334763948497856
2810,4.525,4.88625,0.37649213161659517,1.840343347639485
2811,4.53,4.88375,0.3762174535050072,1.838054363376252
2812,4.5225,4.88375,0.3768583690987125,1.840343347639485
2813,4.525,4.88375,0.37731616595135914,1.840343347639485
2814,4.51,4.885,0.3785064377682404,1.8494992846924179
2815,4.5225,4.885,0.3768583690987125,1.840343347639485
2816,4.5275,4.885,0.3766752503576538,1.840343347639485
2817,4.52,4.885,0.3779570815450644,1.8449213161659515
2818,4.52,4.885,0.3766752503576538,1.840343347639485
2819,4.51,4.885,0.3758512160228899,1.838054363376252
2820,4.5225,4.88625,0.37731616595135914,1.8449213161659515
2821,4.5225,4.88375,0.3768583690987125,1.840343347639485
2822,4.53,4.885,0.3774992846924178,1.8449213161659515
2823,4.5275,4.885,0.37649213161659517,1.838054363376252
2824,4.5175,4.885,0.37649213161659517,1.838054363376252
2825,4.5275,4.88375,0.37731616595135914,1.840343347639485
2826,4.52,4.885,0.37814020028612305,1.8494992846924179
2827,4.525,4.885,0.37704148783977115,1.840343347639485
2828,4.51,4.88625,0.3758512160228899,1.838054363376252
2829,4.5375,4.885,0.3762174535050072,1.838054363376252
2830,4.5125,4.885,0.37603433476394854,1.838054363376252
2831,4.5325,4.885,0.3776824034334764,1.8449213161659515
2832,4.53,4.885,0.37603433476394854,1.838054363376252
2833,4.515,4.88375,0.3762174535050072,1.838054363376252
2834,4.5075,4.885,0.3756680972818312,1.8334763948497856
2835,4.5025,4.88625,0.3774992846924178,1.8449213161659515
2836,4.51,4.88375,0.3758512160228899,1.8334763948497856
2837,4.5175,4.885,0.37649213161659517,1.838054363376252
2838,4.51,4.885,0.37731616595135914,1.840343347639485
2839,4.5075,4.88375,0.3766752503576538,1.840343347639485
2840,4.5325,4.8825,0.3776824034334764,1.8449213161659515
2841,4.5275,4.885,0.3766752503576538,1.840343347639485
2842,4.5225,4.8825,0.3768583690987125,1.840343347639485
2843,4.52,4.885,0.3766752503576538,1.840343347639485
2844,4.515,4.88375,0.3766752503576538,1.840343347639485
2845,4.52,4.885,0.3768583690987125,1.840343347639485
2846,4.5225,4.885,0.3768583690987125,1.840343347639485
2847,4.5125,4.885,0.3776824034334764,1.8449213161659515
2848,4.515,4.885,0.3766752503576538,1.840343347639485
2849,4.56,4.88375,0.37997138769670963,1.8563662374821175
2850,4.5175,4.885,0.3766752503576538,1.840343347639485
2851,4.515,4.88375,0.37731616595135914,1.840343347639485
2852,4.5225,4.885,0.3768583690987125,1.840343347639485
2853,4.5225,4.88625,0.3768583690987125,1.8517882689556513
2854,4.515,4.885,0.3776824034334764,1.8449213161659515
2855,4.54,4.88375,0.37832331902718175,1.8494992846924179
2856,4.53,4.88375,0.3774992846924178,1.8449213161659515
2857,4.51,4.885,0.3779570815450644,1.8449213161659515
2858,4.5575,4.88375,0.379788268955651,1.8563662374821175
2859,4.53,4.885,0.3774992846924178,1.8449213161659515
2860,4.5125,4.885,0.3776824034334764,1.8449213161659515
2861,4.525,4.885,0.37704148783977115,1.840343347639485
2862,4.53,4.88375,0.3774992846924178,1.8449213161659515
2863,4.53,4.88625,0.3762174535050072,1.838054363376252
2864,4.5225,4.885,0.3768583690987125,1.840343347639485
2865,4.5,4.8825,0.37502718168812593,1.8311874105865524
2866,4.5225,4.885,0.37731616595135914,1.840343347639485
2867,4.525,4.88375,0.37704148783977115,1.840343347639485
2868,4.5275,4.885,0.37731616595135914,1.840343347639485
2869,4.5325,4.88375,0.3776824034334764,1.8449213161659515
2870,4.5125,4.885,0.37603433476394854,1.838054363376252
2871,4.52,4.885,0.3766752503576538,1.840343347639485
2872,4.5125,4.885,0.37539341917024327,1.8334763948497856
2873,4.52,4.885,0.3766752503576538,1.840343347639485
2874,4.5275,4.88625,0.37731616595135914,1.8449213161659515
2875,4.5225,4.88375,0.3768583690987125,1.840343347639485
2876,4.5275,4.885,0.3768583690987125,1.840343347639485
2877,4.5225,4.885,0.3768583690987125,1.840343347639485
2878,4.5175,4.885,0.37814020028612305,1.8494992846924179
2879,4.5175,4.8825,0.3774992846924178,1.840343347639485
2880,4.5225,4.885,0.3768583690987125,1.840343347639485
2881,4.5175,4.88625,0.3756680972818312,1.8334763948497856
2882,4.535,4.88375,0.3768583690987125,1.840343347639485
2883,4.52,4.885,0.3766752503576538,1.840343347639485
2884,4.5275,4.88375,0.3779570815450644,1.8449213161659515
2885,4.52,4.885,0.37704148783977115,1.840343347639485
2886,4.53,4.88625,0.3774992846924178,1.8449213161659515
2887,4.5275,4.885,0.3758512160228899,1.838054363376252
2888,4.5125,4.885,0.3779570815450644,1.8449213161659515
2889,4.5325,4.885,0.3776824034334764,1.8449213161659515
2890,4.525,4.885,0.37704148783977115,1.840343347639485
2891,4.53,4.88375,0.3768583690987125,1.840343347639485
2892,4.5275,4.88375,0.37731616595135914,1.840343347639485
2893,4.535,4.88375,0.3779570815450644,1.8449213161659515
2894,4.5275,4.88375,0.37649213161659517,1.838054363376252
2895,4.5375,4.885,0.37814020028612305,1.8494992846924179
2896,4.54,4.885,0.37832331902718175,1.8494992846924179
2897,4.5275,4.885,0.3762174535050072,1.838054363376252
2898,4.51,4.88375,0.3758512160228899,1.8334763948497856
2899,4.5225,4.885,0.3768583690987125,1.840343347639485
2900,4.52,4.885,0.3779570815450644,1.8449213161659515
2901,4.515,4.885,0.3762174535050072,1.838054363376252
2902,4.5275,4.885,0.37731616595135914,1.840343347639485
2903,4.535,4.885,0.37704148783977115,1.840343347639485
2904,4.52,4.885,0.3766752503576538,1.840343347639485
2905,4.51,4.88375,0.3758512160228899,1.8334763948497856
2906,4.54,4.88625,0.3774992846924178,1.8449213161659515
2907,4.525,4.88375,0.37704148783977115,1.840343347639485
2908,4.5225,4.885,0.3768583690987125,1.840343347639485
2909,4.515,4.885,0.3776824034334764,1.8449213161659515
2910,4.525,4.88375,0.37704148783977115,1.840343347639485
2911,4.5275,4.885,0.37731616595135914,1.840343347639485
2912,4.515,4.88375,0.37814020028612305,1.8449213161659515
2913,4.52,4.88375,0.37704148783977115,1.840343347639485
2914,4.5325,4.88375,0.3776824034334764,1.8449213161659515
2915,4.53,4.885,0.37814020028612305,1.8494992846924179
2916,4.5225,4.88375,0.37649213161659517,1.838054363376252
2917,4.525,4.88375,0.37704148783977115,1.840343347639485
2918,4.535,4.88375,0.37649213161659517,1.838054363376252
2919,4.51,4.88375,0.37731616595135914,1.840343347639485
2920,4.54,4.885,0.37832331902718175,1.8494992846924179
2921,4.5175,4.885,0.37731616595135914,1.840343347639485
2922,4.5375,4.8825,0.3768583690987125,1.840343347639485
2923,4.5325,4.885,0.3776824034334764,1.8449213161659515
2924,4.53,4.8825,0.3774992846924178,1.8449213161659515
2925,4.5175,4.8825,0.3768583690987125,1.840343347639485
2926,4.525,4.885,0.37704148783977115,1.840343347639485
2927,4.5325,4.8875,0.3776824034334764,1.8449213161659515
2928,4.54,4.885,0.3768583690987125,1.840343347639485
2929,4.5275,4.88375,0.37731616595135914,1.840343347639485
2930,4.55,4.885,0.37914735336194566,1.8517882689556513
2931,4.515,4.885,0.3768583690987125,1.840343347639485
2932,4.525,4.885,0.37704148783977115,1.840343347639485
2933,4.5175,4.885,0.37649213161659517,1.838054363376252
2934,4.5275,4.885,0.3774992846924178,1.8449213161659515
2935,4.49,4.885,0.37420314735336196,1.826609442060086
2936,4.525,4.88375,0.37704148783977115,1.840343347639485
2937,4.545,4.885,0.3768583690987125,1.840343347639485
2938,4.5,4.885,0.37502718168812593,1.8334763948497856
2939,4.5375,4.88375,0.37814020028612305,1.8449213161659515
2940,4.52,4.88625,0.3768583690987125,1.840343347639485
2941,4.5475,4.885,0.378964234620887,1.8517882689556513
2942,4.51,4.88375,0.3758512160228899,1.8334763948497856
2943,4.5225,4.885,0.37704148783977115,1.840343347639485
2944,4.535,4.8825,0.3779570815450644,1.8449213161659515
2945,4.525,4.8825,0.37704148783977115,1.840343347639485
2946,4.5325,4.885,0.3774992846924178,1.8449213161659515
2947,4.5175,4.885,0.3768583690987125,1.840343347639485
2948,4.515,4.885,0.3762174535050072,1.838054363376252
2949,4.5075,4.88375,0.3779570815450644,1.8449213161659515
2950,4.54,4.885,0.3762174535050072,1.838054363376252
2951,4.515,4.88375,0.3762174535050072,1.838054363376252
2952,4.5225,4.88625,0.37997138769670963,1.8563662374821175
2953,4.5275,4.885,0.37704148783977115,1.840343347639485
2954,4.54,4.885,0.37832331902718175,1.8494992846924179
2955,4.5275,4.885,0.3776824034334764,1.8449213161659515
2956,4.53,4.88375,0.3779570815450644,1.8449213161659515
2957,4.525,4.885,0.37704148783977115,1.840343347639485
2958,4.5125,4.885,0.37933047210300436,1.8517882689556513
2959,4.5275,4.885,0.3758512160228899,1.838054363376252
2960,4.54,4.88375,0.37832331902718175,1.8494992846924179
2961,4.54,4.8825,0.37832331902718175,1.8494992846924179
2962,4.505,4.88375,0.3779570815450644,1.8449213161659515
2963,4.54,4.885,0.37832331902718175,1.8494992846924179
2964,4.515,4.885,0.3762174535050072,1.838054363376252
2965,4.515,4.88375,0.3762174535050072,1.838054363376252
2966,4.5175,4.88375,0.37649213161659517,1.838054363376252
2967,4.5325,4.88375,0.3776824034334764,1.8449213161659515
2968,4.5475,4.88625,0.3779570815450644,1.8449213161659515
2969,4.5475,4.885,0.378964234620887,1.8517882689556513
2970,4.515,4.885,0.3762174535050072,1.838054363376252
2971,4.5275,4.88375,0.3779570815450644,1.8449213161659515
2972,4.525,4.885,0.37704148783977115,1.840343347639485
2973,4.535,4.88375,0.3779570815450644,1.8449213161659515
2974,4.5125,4.885,0.37649213161659517,1.838054363376252
2975,4.52,4.88375,0.3766752503576538,1.840343347639485
2976,4.525,4.885,0.37704148783977115,1.840343347639485
2977,4.5175,4.88375,0.3776824034334764,1.8449213161659515
2978,4.5225,4.885,0.3768583690987125,1.840343347639485
2979,4.5175,4.8825,0.37649213161659517,1.838054363376252
2980,4.545,4.885,0.3756680972818312,1.8334763948497856
2981,4.53,4.885,0.3774992846924178,1.8449213161659515
2982,4.5575,4.88375,0.379788268955651,1.8563662374821175
2983,4.5375,4.8825,0.37603433476394854,1.838054363376252
2984,4.52,4.88375,0.3779570815450644,1.8449213161659515
2985,4.5125,4.885,0.37603433476394854,1.838054363376252
2986,4.53,4.885,0.37731616595135914,1.840343347639485
2987,4.5375,4.88625,0.37603433476394854,1.838054363376252
2988,4.525,4.885,0.37704148783977115,1.840343347639485
2989,4.5275,4.8825,0.37832331902718175,1.8494992846924179
2990,4.515,4.88375,0.37539341917024327,1.8334763948497856
2991,4.5275,4.885,0.37731616595135914,1.840343347639485
2992,4.52,4.88375,0.378964234620887,1.8517882689556513
2993,4.535,4.88375,0.3779570815450644,1.8449213161659515
2994,4.545,4.885,0.3787811158798284,1.8494992846924179
2995,4.5475,4.88375,0.378964234620887,1.8449213161659515
2996,4.535,4.8825,0.3776824034334764,1.8449213161659515
2997,4.5125,4.88375,0.37603433476394854,1.838054363376252
2998,4.525,4.88375,0.37704148783977115,1.840343347639485
2999,4.5375,4.885,0.3758512160228899,1.838054363376252
3000,4.525,4.885,0.37704148783977115,1.840343347639485
3001,4.5225,4.88375,0.3768583690987125,1.840343347639485
3002,4.525,4.88375,0.37832331902718175,1.8494992846924179
3003,4.5,4.885,0.37502718168812593,1.8334763948497856
3004,4.5325,4.88375,0.3776824034334764,1.8449213161659515
3005,4.5325,4.885,0.3774992846924178,1.8449213161659515
3006,4.53,4.88375,0.3774992846924178,1.8449213161659515
3007,4.515,4.885,0.3762174535050072,1.838054363376252
3008,4.5275,4.88375,0.3758512160228899,1.8334763948497856
3009,4.5325,4.885,0.3776824034334764,1.8449213161659515
3010,4.5225,4.8825,0.3768583690987125,1.840343347639485
3011,4.5225,4.88625,0.3766752503576538,1.840343347639485
3012,4.5275,4.88375,0.37731616595135914,1.840343347639485
3013,4.5275,4.885,0.37731616595135914,1.840343347639485
3014,4.5325,4.885,0.37814020028612305,1.8494992846924179
3015,4.5125,4.88375,0.37603433476394854,1.838054363376252
3016,4.5175,4.885,0.37649213161659517,1.838054363376252
3017,4.5225,4.885,0.37814020028612305,1.8494992846924179
3018,4.535,4.885,0.3774992846924178,1.8449213161659515
3019,4.535,4.8825,0.3779570815450644,1.8449213161659515
3020,4.5275,4.885,0.37649213161659517,1.838054363376252
3021,4.54,4.885,0.3779570815450644,1.8449213161659515
3022,4.525,4.8825,0.37704148783977115,1.840343347639485
3023,4.5375,4.885,0.3776824034334764,1.8449213161659515
3024,4.5275,4.88375,0.3779570815450644,1.8449213161659515
3025,4.52,4.885,0.3766752503576538,1.840343347639485
3026,4.535,4.885,0.37704148783977115,1.840343347639485
3027,4.53,4.885,0.37731616595135914,1.840343347639485
3028,4.5275,4.885,0.37731616595135914,1.840343347639485
3029,4.52,4.88375,0.3785064377682404,1.8494992846924179
3030,4.525,4.88375,0.3779570815450644,1.8449213161659515
3031,4.5125,4.8825,0.37603433476394854,1.838054363376252
3032,4.54,4.8825,0.37832331902718175,1.8494992846924179
3033,4.5175,4.885,0.3774992846924178,1.8449213161659515
3034,4.5325,4.885,0.3776824034334764,1.8449213161659515
3035,4.5325,4.88375,0.3776824034334764,1.8449213161659515
3036,4.5275,4.88375,0.37731616595135914,1.840343347639485
3037,4.525,4.885,0.37704148783977115,1.840343347639485
3038,4.5175,4.88625,0.37649213161659517,1.840343347639485
3039,4.5275,4.885,0.3768583690987125,1.840343347639485
3040,4.53,4.885,0.3774992846924178,1.8449213161659515
3041,4.525,4.885,0.37704148783977115,1.840343347639485
3042,4.54,4.88375,0.37704148783977115,1.840343347639485
3043,4.52,4.88375,0.3766752503576538,1.840343347639485
3044,4.53,4.88375,0.3774992846924178,1.8449213161659515
3045,4.53,4.88375,0.3787811158798284,1.8494992846924179
3046,4.54,4.88375,0.37832331902718175,1.8494992846924179
3047,4.53,4.88375,0.3774992846924178,1.8449213161659515
3048,4.515,4.8825,0.37731616595135914,1.840343347639485
3049,4.5175,4.88375,0.37649213161659517,1.838054363376252
3050,4.53,4.885,0.3774992846924178,1.8449213161659515
3051,4.535,4.885,0.37603433476394854,1.838054363376252
3052,4.5175,4.8825,0.3776824034334764,1.8449213161659515
3053,4.5375,4.885,0.37814020028612305,1.8494992846924179
3054,4.535,4.88375,0.3768583690987125,1.840343347639485
3055,4.525,4.885,0.37704148783977115,1.840343347639485
3056,4.5225,4.885,0.3768583690987125,1.840343347639485
3057,4.5225,4.88375,0.3768583690987125,1.840343347639485
3058,4.52,4.885,0.37731616595135914,1.840343347639485
3059,4.525,4.88375,0.37704148783977115,1.840343347639485
3060,4.535,4.885,0.37649213161659517,1.838054363376252
3061,4.5325,4.88375,0.3774992846924178,1.8449213161659515
3062,4.5375,4.88375,0.37814020028612305,1.8449213161659515
3063,4.54,4.885,0.37832331902718175,1.8494992846924179
3064,4.535,4.88375,0.37731616595135914,1.840343347639485
3065,4.535,4.88375,0.3779570815450644,1.8449213161659515
3066,4.53,4.88375,0.3774992846924178,1.8449213161659515
3067,4.5125,4.885,0.37731616595135914,1.840343347639485
3068,4.55,4.885,0.37914735336194566,1.8517882689556513
3069,4.5275,4.88375,0.37731616595135914,1.840343347639485
3070,4.5275,4.885,0.37731616595135914,1.840343347639485
3071,4.5275,4.885,0.37731616595135914,1.840343347639485
3072,4.53,4.885,0.3774992846924178,1.8449213161659515
3073,4.52,4.88375,0.37704148783977115,1.840343347639485
3074,4.535,4.88625,0.3779570815450644,1.8449213161659515
3075,4.535,4.8825,0.3779570815450644,1.8449213161659515
3076,4.515,4.88375,0.3776824034334764,1.8449213161659515
3077,4.5375,4.88375,0.37814020028612305,1.8449213161659515
3078,4.5325,4.885,0.3776824034334764,1.8449213161659515
3079,4.5325,4.885,0.37814020028612305,1.8494992846924179
3080,4.52,4.88375,0.3766752503576538,1.840343347639485
3081,4.5375,4.885,0.37814020028612305,1.8494992846924179
3082,4.545,4.88375,0.37704148783977115,1.840343347639485
3083,4.53,4.8825,0.3774992846924178,1.840343347639485
3084,4.525,4.885,0.37704148783977115,1.840343347639485
3085,4.525,4.88375,0.37731616595135914,1.840343347639485
3086,4.51,4.88625,0.3758512160228899,1.838054363376252
3087,4.51,4.8825,0.3758512160228899,1.8334763948497856
3088,4.54,4.88625,0.37502718168812593,1.8334763948497856
3089,4.53,4.885,0.3762174535050072,1.838054363376252
3090,4.5325,4.88375,0.3776824034334764,1.8449213161659515
3091,4.52,4.88375,0.3766752503576538,1.840343347639485
3092,4.535,4.885,0.3766752503576538,1.840343347639485
3093,4.5275,4.88375,0.37731616595135914,1.840343347639485
3094,4.5175,4.885,0.3787811158798284,1.8494992846924179
3095,4.5225,4.88375,0.3774992846924178,1.8449213161659515
3096,4.5225,4.885,0.3768583690987125,1.840343347639485
3097,4.53,4.88625,0.37704148783977115,1.840343347639485
3098,4.5475,4.8825,0.37814020028612305,1.8449213161659515
3099,4.51,4.885,0.3758512160228899,1.838054363376252
3100,4.53,4.8825,0.3774992846924178,1.840343347639485
3101,4.51,4.88375,0.3785064377682404,1.8494992846924179
3102,4.5325,4.8825,0.3776824034334764,1.8449213161659515
3103,4.5375,4.885,0.37814020028612305,1.8494992846924179
3104,4.5325,4.885,0.3774992846924178,1.8449213161659515
3105,4.54,4.8825,0.37832331902718175,1.8494992846924179
3106,4.55,4.885,0.37914735336194566,1.8517882689556513
3107,4.525,4.88375,0.3762174535050072,1.838054363376252
3108,4.52,4.885,0.3766752503576538,1.840343347639485
3109,4.53,4.88375,0.3774992846924178,1.8449213161659515
3110,4.5325,4.885,0.37704148783977115,1.840343347639485
3111,4.525,4.88375,0.37704148783977115,1.840343347639485
3112,4.5125,4.88375,0.37603433476394854,1.838054363376252
3113,4.5275,4.8825,0.37704148783977115,1.840343347639485
3114,4.515,4.885,0.3762174535050072,1.838054363376252
3115,4.515,4.885,0.3762174535050072,1.838054363376252
3116,4.5325,4.88375,0.3766752503576538,1.840343347639485
3117,4.5275,4.88375,0.37731616595135914,1.840343347639485
3118,4.525,4.885,0.37704148783977115,1.840343347639485
3119,4.5275,4.885,0.37814020028612305,1.8494992846924179
3120,4.5175,4.885,0.37649213161659517,1.838054363376252
3121,4.53,4.885,0.3774992846924178,1.8449213161659515
3122,4.5225,4.885,0.3776824034334764,1.8449213161659515
3123,4.515,4.885,0.3776824034334764,1.8449213161659515
3124,4.5475,4.88375,0.378964234620887,1.8517882689556513
3125,4.52,4.88375,0.3774992846924178,1.8449213161659515
3126,4.5275,4.8825,0.3768583690987125,1.840343347639485
3127,4.515,4.885,0.3762174535050072,1.838054363376252
3128,4.5175,4.885,0.3774992846924178,1.8449213161659515
3129,4.5375,4.8825,0.3768583690987125,1.840343347639485
3130,4.5225,4.88375,0.3768583690987125,1.840343347639485
3131,4.5375,4.885,0.37649213161659517,1.838054363376252
3132,4.5375,4.88375,0.3774992846924178,1.8449213161659515
3133,4.5275,4.88625,0.37731616595135914,1.8449213161659515
3134,4.55,4.8825,0.3779570815450644,1.8449213161659515
3135,4.515,4.885,0.37649213161659517,1.838054363376252
3136,4.53,4.8825,0.3774992846924178,1.840343347639485
3137,4.5425,4.88375,0.3785064377682404,1.8494992846924179
3138,4.535,4.88375,0.3766752503576538,1.840343347639485
3139,4.5325,4.885,0.3776824034334764,1.8449213161659515
3140,4.525,4.885,0.37704148783977115,1.840343347639485
3141,4.525,4.88375,0.37704148783977115,1.840343347639485
3142,4.53,4.885,0.3774992846924178,1.8449213161659515
3143,4.53,4.88375,0.3774992846924178,1.8449213161659515
3144,4.5375,4.885,0.37832331902718175,1.8494992846924179
3145,4.53,4.88625,0.3774992846924178,1.8449213161659515
3146,4.54,4.885,0.37832331902718175,1.8494992846924179
3147,4.5225,4.88375,0.3774992846924178,1.8449213161659515
3148,4.5375,4.885,0.37814020028612305,1.8494992846924179
3149,4.515,4.88375,0.3762174535050072,1.838054363376252
3150,4.515,4.8825,0.37731616595135914,1.840343347639485
3151,4.5225,4.88375,0.3768583690987125,1.840343347639485
3152,4.545,4.88375,0.3787811158798284,1.8494992846924179
3153,4.54,4.88375,0.3758512160228899,1.8334763948497856
3154,4.53,4.8825,0.3774992846924178,1.840343347639485
3155,4.5025,4.8825,0.3752103004291846,1.8311874105865524
3156,4.5275,4.88375,0.3774992846924178,1.8449213161659515
3157,4.5275,4.88375,0.37731616595135914,1.840343347639485
3158,4.5275,4.885,0.37731616595135914,1.840343347639485
3159,4.54,4.8825,0.3774992846924178,1.840343347639485
3160,4.5375,4.88375,0.3758512160228899,1.8334763948497856
3161,4.535,4.88375,0.3779570815450644,1.8449213161659515
3162,4.52,4.88375,0.3779570815450644,1.8449213161659515
3163,4.535,4.88375,0.37731616595135914,1.840343347639485
3164,4.5575,4.8825,0.379788268955651,1.8517882689556513
3165,4.52,4.88375,0.3796051502145923,1.8517882689556513
3166,4.5375,4.88375,0.37731616595135914,1.840343347639485
3167,4.5275,4.88375,0.37731616595135914,1.840343347639485
3168,4.5325,4.885,0.37704148783977115,1.840343347639485
3169,4.515,4.8825,0.37704148783977115,1.840343347639485
3170,4.545,4.885,0.3787811158798284,1.8494992846924179
3171,4.5275,4.88375,0.37731616595135914,1.838054363376252
3172,4.5375,4.88375,0.37704148783977115,1.840343347639485
3173,4.5075,4.885,0.3756680972818312,1.8334763948497856
3174,4.535,4.88375,0.3779570815450644,1.8449213161659515
3175,4.515,4.885,0.37649213161659517,1.838054363376252
3176,4.54,4.8825,0.37832331902718175,1.8494992846924179
3177,4.53,4.885,0.3774992846924178,1.8449213161659515
3178,4.5325,4.88375,0.3766752503576538,1.840343347639485
3179,4.505,4.885,0.37539341917024327,1.8334763948497856
3180,4.5425,4.885,0.3785064377682404,1.8494992846924179
3181,4.5275,4.88375,0.37731616595135914,1.840343347639485
3182,4.5225,4.88375,0.3768583690987125,1.840343347639485
3183,4.5375,4.88375,0.37814020028612305,1.8449213161659515
3184,4.545,4.885,0.37814020028612305,1.8494992846924179
3185,4.5375,4.885,0.37814020028612305,1.8494992846924179
3186,4.54,4.885,0.37832331902718175,1.8494992846924179
3187,4.5525,4.8825,0.3774992846924178,1.840343347639485
3188,4.535,4.885,0.3779570815450644,1.8449213161659515
3189,4.525,4.885,0.37704148783977115,1.840343347639485
3190,4.5325,4.8825,0.37704148783977115,1.840343347639485
3191,4.5425,4.88375,0.3785064377682404,1.8494992846924179
3192,4.54,4.88375,0.37832331902718175,1.8494992846924179
3193,4.535,4.88375,0.37832331902718175,1.8494992846924179
3194,4.5325,4.88375,0.3766752503576538,1.840343347639485
3195,4.53,4.885,0.3774992846924178,1.8449213161659515
3196,4.5325,4.885,0.37704148783977115,1.840343347639485
3197,4.53,4.885,0.37731616595135914,1.840343347639485
3198,4.5325,4.88375,0.3776824034334764,1.8449213161659515
3199,4.53,4.885,0.3768583690987125,1.840343347639485
3200,4.53,4.88375,0.3774992846924178,1.8449213161659515
3201,4.5175,4.88375,0.37649213161659517,1.838054363376252
3202,4.5275,4.88375,0.3768583690987125,1.840343347639485
3203,4.535,4.88375,0.37704148783977115,1.840343347639485
3204,4.535,4.88375,0.3779570815450644,1.8449213161659515
3205,4.52,4.885,0.3766752503576538,1.8449213161659515
3206,4.525,4.885,0.37814020028612305,1.8494992846924179
3207,4.535,4.885,0.3779570815450644,1.8449213161659515
3208,4.515,4.88625,0.3762174535050072,1.838054363376252
3209,4.5125,4.885,0.37704148783977115,1.840343347639485
3210,4.5275,4.885,0.37731616595135914,1.840343347639485
3211,4.5275,4.88375,0.37731616595135914,1.840343347639485
3212,4.53,4.8825,0.37832331902718175,1.8494992846924179
3213,4.52,4.88375,0.3766752503576538,1.840343347639485
3214,4.51,4.885,0.3758512160228899,1.838054363376252
3215,4.52,4.88375,0.3766752503576538,1.840343347639485
3216,4.535,4.885,0.3779570815450644,1.8449213161659515
3217,4.5375,4.88375,0.37814020028612305,1.8449213161659515
3218,4.52,4.88375,0.3779570815450644,1.8449213161659515
3219,4.5275,4.88375,0.37731616595135914,1.840343347639485
3220,4.535,4.88375,0.3779570815450644,1.8449213161659515
3221,4.53,4.88375,0.3774992846924178,1.8449213161659515
3222,4.515,4.8825,0.3762174535050072,1.838054363376252
3223,4.545,4.88375,0.3787811158798284,1.8494992846924179
3224,4.525,4.88375,0.37814020028612305,1.8449213161659515
3225,4.535,4.88375,0.3779570815450644,1.8449213161659515
3226,4.52,4.88375,0.3766752503576538,1.840343347639485
3227,4.5375,4.885,0.37832331902718175,1.8494992846924179
3228,4.5175,4.8825,0.3768583690987125,1.840343347639485
3229,4.5225,4.88375,0.3768583690987125,1.840343347639485
3230,4.5325,4.88375,0.3762174535050072,1.838054363376252
3231,4.515,4.885,0.37649213161659517,1.838054363376252
3232,4.5275,4.88375,0.37731616595135914,1.840343347639485
3233,4.5225,4.88375,0.3774992846924178,1.8449213161659515
3234,4.5225,4.88375,0.3779570815450644,1.8449213161659515
3235,4.53,4.88375,0.3774992846924178,1.8449213161659515
3236,4.5225,4.8825,0.3776824034334764,1.8449213161659515
3237,4.53,4.88375,0.37603433476394854,1.838054363376252
3238,4.5375,4.88375,0.37814020028612305,1.8449213161659515
3239,4.52,4.885,0.3768583690987125,1.840343347639485
3240,4.54,4.8825,0.37731616595135914,1.840343347639485
3241,4.5375,4.88375,0.37814020028612305,1.8449213161659515
3242,4.5175,4.8825,0.37649213161659517,1.838054363376252
3243,4.54,4.8825,0.37649213161659517,1.838054363376252
3244,4.525,4.8825,0.37704148783977115,1.840343347639485
3245,4.5225,4.88375,0.3768583690987125,1.840343347639485
3246,4.5275,4.88375,0.37704148783977115,1.840343347639485
3247,4.525,4.885,0.37704148783977115,1.840343347639485
3248,4.5325,4.88375,0.3776824034334764,1.8449213161659515
3249,4.545,4.8825,0.37832331902718175,1.8494992846924179
3250,4.52,4.88375,0.3766752503576538,1.840343347639485
3251,4.5325,4.8825,0.3776824034334764,1.8449213161659515
3252,4.5275,4.885,0.3774992846924178,1.8449213161659515
3253,4.535,4.88375,0.3779570815450644,1.8449213161659515
3254,4.51,4.88375,0.3758512160228899,1.8334763948497856
3255,4.545,4.88375,0.37814020028612305,1.8449213161659515
3256,4.5275,4.885,0.37731616595135914,1.840343347639485
3257,4.53,4.885,0.3774992846924178,1.8449213161659515
3258,4.525,4.885,0.37539341917024327,1.8334763948497856
3259,4.54,4.88375,0.37832331902718175,1.8494992846924179
3260,4.525,4.88375,0.37704148783977115,1.840343347639485
3261,4.53,4.885,0.37914735336194566,1.8517882689556513
3262,4.5225,4.885,0.3768583690987125,1.840343347639485
3263,4.525,4.885,0.37704148783977115,1.840343347639485
3264,4.525,4.88375,0.3766752503576538,1.840343347639485
3265,4.53,4.885,0.3779570815450644,1.8449213161659515
3266,4.525,4.88375,0.37704148783977115,1.840343347639485
3267,4.5225,4.88375,0.3768583690987125,1.840343347639485
3268,4.5525,4.88375,0.37704148783977115,1.840343347639485
3269,4.5325,4.88375,0.3776824034334764,1.8449213161659515
3270,4.5375,4.8825,0.3785064377682404,1.8494992846924179
3271,4.54,4.88375,0.3774992846924178,1.8449213161659515
3272,4.5325,4.885,0.3776824034334764,1.8449213161659515
3273,4.52,4.88625,0.37731616595135914,1.8449213161659515
3274,4.5325,4.885,0.3758512160228899,1.838054363376252
3275,4.52,4.885,0.3766752503576538,1.840343347639485
3276,4.51,4.88375,0.3758512160228899,1.840343347639485
3277,4.5325,4.8825,0.3762174535050072,1.838054363376252
3278,4.5275,4.88375,0.37731616595135914,1.840343347639485
3279,4.53,4.88375,0.3774992846924178,1.8449213161659515
3280,4.5375,4.885,0.37704148783977115,1.840343347639485
3281,4.525,4.885,0.37704148783977115,1.840343347639485
3282,4.5275,4.88375,0.37731616595135914,1.840343347639485
3283,4.535,4.885,0.3774992846924178,1.8449213161659515
3284,4.525,4.885,0.37704148783977115,1.840343347639485
3285,4.5425,4.88625,0.3785064377682404,1.8494992846924179
3286,4.53,4.88375,0.3774992846924178,1.8449213161659515
3287,4.5225,4.8825,0.3768583690987125,1.840343347639485
3288,4.52,4.88375,0.3766752503576538,1.840343347639485
3289,4.52,4.885,0.3774992846924178,1.8449213161659515
3290,4.525,4.88375,0.37704148783977115,1.840343347639485
3291,4.525,4.885,0.37704148783977115,1.840343347639485
3292,4.5275,4.885,0.3758512160228899,1.838054363376252
3293,4.545,4.885,0.3787811158798284,1.8494992846924179
3294,4.515,4.88375,0.3762174535050072,1.838054363376252
3295,4.52,4.88375,0.378964234620887,1.8517882689556513
3296,4.5275,4.885,0.37731616595135914,1.840343347639485
3297,4.54,4.8825,0.37832331902718175,1.8494992846924179
3298,4.5375,4.885,0.3774992846924178,1.8449213161659515
3299,4.5375,4.88375,0.3768583690987125,1.840343347639485
3300,4.535,4.88375,0.3779570815450644,1.8449213161659515
3301,4.53,4.88375,0.37832331902718175,1.8494992846924179
3302,4.5225,4.88375,0.37731616595135914,1.840343347639485
3303,4.5225,4.885,0.3768583690987125,1.840343347639485
3304,4.525,4.88375,0.37704148783977115,1.840343347639485
3305,4.515,4.88375,0.37603433476394854,1.838054363376252
3306,4.525,4.88375,0.37704148783977115,1.840343347639485
3307,4.5325,4.88375,0.37914735336194566,1.8517882689556513
3308,4.5325,4.885,0.378964234620887,1.8517882689556513
3309,4.505,4.88375,0.37539341917024327,1.8334763948497856
3310,4.53,4.88375,0.3779570815450644,1.8449213161659515
3311,4.525,4.88375,0.3774992846924178,1.8449213161659515
3312,4.5125,4.885,0.37603433476394854,1.838054363376252
3313,4.525,4.88375,0.37704148783977115,1.840343347639485
3314,4.5225,4.885,0.37649213161659517,1.838054363376252
3315,4.535,4.88375,0.3779570815450644,1.8449213161659515
3316,4.515,4.885,0.3762174535050072,1.838054363376252
3317,4.5275,4.88375,0.3776824034334764,1.8449213161659515
3318,4.54,4.885,0.37832331902718175,1.8494992846924179
3319,4.5325,4.88375,0.3776824034334764,1.8449213161659515
3320,4.525,4.88375,0.37731616595135914,1.840343347639485
3321,4.5375,4.88375,0.37814020028612305,1.8449213161659515
3322,4.52,4.88375,0.3766752503576538,1.840343347639485
3323,4.5325,4.8825,0.37649213161659517,1.838054363376252
3324,4.5175,4.88375,0.37649213161659517,1.838054363376252
3325,4.525,4.88375,0.37704148783977115,1.840343347639485
3326,4.53,4.88375,0.3762174535050072,1.838054363376252
3327,4.5175,4.88375,0.37649213161659517,1.838054363376252
3328,4.54,4.885,0.37832331902718175,1.8494992846924179
3329,4.5275,4.88375,0.3762174535050072,1.838054363376252
3330,4.53,4.88375,0.3774992846924178,1.8449213161659515
3331,4.535,4.885,0.3779570815450644,1.8449213161659515
3332,4.53,4.885,0.3776824034334764,1.8449213161659515
3333,4.5175,4.885,0.37649213161659517,1.838054363376252
3334,4.5375,4.88375,0.37814020028612305,1.8449213161659515
3335,4.53,4.885,0.37814020028612305,1.8494992846924179
3336,4.535,4.8825,0.3779570815450644,1.8449213161659515
3337,4.5275,4.88375,0.37731616595135914,1.840343347639485
3338,4.5425,4.88375,0.3774992846924178,1.8449213161659515
3339,4.5275,4.88375,0.3776824034334764,1.8449213161659515
3340,4.5225,4.885,0.3768583690987125,1.840343347639485
3341,4.5425,4.885,0.3779570815450644,1.8449213161659515
3342,4.5325,4.88375,0.37731616595135914,1.840343347639485
3343,4.54,4.885,0.37832331902718175,1.8494992846924179
3344,4.5375,4.8825,0.3776824034334764,1.8449213161659515
3345,4.5275,4.88375,0.3758512160228899,1.8334763948497856
3346,4.53,4.88375,0.3774992846924178,1.8449213161659515
3347,4.5225,4.885,0.3768583690987125,1.840343347639485
3348,4.53,4.88375,0.3766752503576538,1.840343347639485
3349,4.525,4.885,0.37704148783977115,1.840343347639485
3350,4.52,4.88375,0.3766752503576538,1.840343347639485
3351,4.53,4.8825,0.3785064377682404,1.8494992846924179
3352,4.52,4.8825,0.3766752503576538,1.838054363376252
3353,4.525,4.88375,0.37704148783977115,1.840343347639485
3354,4.535,4.88375,0.3758512160228899,1.8334763948497856
3355,4.515,4.885,0.3762174535050072,1.838054363376252
3356,4.53,4.8825,0.3774992846924178,1.840343347639485
3357,4.525,4.885,0.3796051502145923,1.8517882689556513
3358,4.52,4.885,0.3766752503576538,1.840343347639485
3359,4.5275,4.88375,0.37731616595135914,1.840343347639485
3360,4.5275,4.8825,0.3768583690987125,1.840343347639485
3361,4.53,4.885,0.3774992846924178,1.8449213161659515
3362,4.52,4.885,0.3766752503576538,1.840343347639485
3363,4.515,4.885,0.3774992846924178,1.8449213161659515
3364,4.5325,4.88375,0.3776824034334764,1.8449213161659515
3365,4.525,4.885,0.37704148783977115,1.840343347639485
3366,4.5375,4.88375,0.37731616595135914,1.840343347639485
3367,4.525,4.885,0.37704148783977115,1.840343347639485
3368,4.5375,4.885,0.37814020028612305,1.8494992846924179
3369,4.525,4.88375,0.3779570815450644,1.8449213161659515
3370,4.5275,4.88375,0.3774992846924178,1.8449213161659515
3371,4.535,4.88375,0.3779570815450644,1.8449213161659515
3372,4.525,4.8825,0.37731616595135914,1.840343347639485
3373,4.5125,4.88375,0.3774992846924178,1.8449213161659515
3374,4.51,4.885,0.3758512160228899,1.838054363376252
3375,4.525,4.88625,0.3766752503576538,1.840343347639485
3376,4.5125,4.88375,0.37832331902718175,1.8494992846924179
3377,4.5275,4.885,0.37731616595135914,1.840343347639485
3378,4.525,4.885,0.37832331902718175,1.8494992846924179
3379,4.5375,4.885,0.3758512160228899,1.838054363376252
3380,4.52,4.88375,0.3766752503576538,1.840343347639485
3381,4.5375,4.885,0.3774992846924178,1.8449213161659515
3382,4.525,4.88375,0.37704148783977115,1.840343347639485
3383,4.535,4.88375,0.3779570815450644,1.8449213161659515
3384,4.5325,4.8825,0.3776824034334764,1.8449213161659515
3385,4.5325,4.88375,0.37649213161659517,1.838054363376252
3386,4.5175,4.88625,0.37649213161659517,1.840343347639485
3387,4.5275,4.88375,0.37731616595135914,1.840343347639485
3388,4.5375,4.885,0.3768583690987125,1.840343347639485
3389,4.5275,4.88375,0.37731616595135914,1.840343347639485
3390,4.53,4.885,0.3774992846924178,1.8449213161659515
3391,4.535,4.88375,0.37731616595135914,1.840343347639485
3392,4.535,4.885,0.3779570815450644,1.8449213161659515
3393,4.5425,4.88375,0.3785064377682404,1.8494992846924179
3394,4.5375,4.88375,0.3766752503576538,1.840343347639485
3395,4.51,4.88375,0.3758512160228899,1.8334763948497856
3396,4.545,4.885,0.3787811158798284,1.8494992846924179
3397,4.54,4.885,0.3774992846924178,1.8449213161659515
3398,4.5175,4.885,0.37649213161659517,1.838054363376252
3399,4.52,4.88375,0.3766752503576538,1.840343347639485
3400,4.5375,4.88625,0.37649213161659517,1.840343347639485
3401,4.52,4.88375,0.3766752503576538,1.840343347639485
3402,4.5325,4.885,0.3776824034334764,1.8449213161659515
3403,4.53,4.88375,0.3776824034334764,1.8449213161659515
3404,4.5375,4.88375,0.3774992846924178,1.8449213161659515
3405,4.5325,4.88375,0.3776824034334764,1.8449213161659515
3406,4.5125,4.885,0.37704148783977115,1.840343347639485
3407,4.5225,4.885,0.37704148783977115,1.840343347639485
3408,4.5275,4.88625,0.37731616595135914,1.8449213161659515
3409,4.54,4.8825,0.3768583690987125,1.840343347639485
3410,4.5275,4.8825,0.3776824034334764,1.8449213161659515
3411,4.525,4.8825,0.37704148783977115,1.840343347639485
3412,4.5375,4.88375,0.3776824034334764,1.8449213161659515
3413,4.515,4.885,0.37603433476394854,1.838054363376252
3414,4.535,4.88375,0.3779570815450644,1.8449213161659515
3415,4.525,4.885,0.3779570815450644,1.8449213161659515
3416,4.545,4.8825,0.37832331902718175,1.8494992846924179
3417,4.515,4.88375,0.3762174535050072,1.838054363376252
3418,4.535,4.88625,0.3779570815450644,1.8449213161659515
3419,4.525,4.885,0.3776824034334764,1.8449213161659515
3420,4.5225,4.88375,0.3768583690987125,1.840343347639485
3421,4.53,4.885,0.3774992846924178,1.8449213161659515
3422,4.535,4.885,0.3766752503576538,1.840343347639485
3423,4.53,4.88375,0.3774992846924178,1.8449213161659515
3424,4.525,4.8825,0.37704148783977115,1.840343347639485
3425,4.52,4.88375,0.37649213161659517,1.838054363376252
3426,4.52,4.88375,0.3766752503576538,1.840343347639485
3427,4.52,4.88375,0.3766752503576538,1.840343347639485
3428,4.5275,4.88375,0.3768583690987125,1.840343347639485
3429,4.54,4.885,0.37832331902718175,1.8494992846924179
3430,4.5225,4.885,0.3768583690987125,1.840343347639485
3431,4.535,4.885,0.37731616595135914,1.840343347639485
3432,4.5375,4.885,0.37814020028612305,1.8494992846924179
3433,4.515,4.88625,0.3762174535050072,1.838054363376252
3434,4.5125,4.885,0.37814020028612305,1.8494992846924179
3435,4.525,4.88375,0.37704148783977115,1.840343347639485
3436,4.535,4.885,0.3779570815450644,1.8449213161659515
3437,4.5225,4.88375,0.37731616595135914,1.840343347639485
3438,4.5375,4.885,0.37814020028612305,1.8494992846924179
3439,4.535,4.88375,0.3779570815450644,1.8449213161659515
3440,4.525,4.885,0.37704148783977115,1.840343347639485
3441,4.5325,4.885,0.3766752503576538,1.840343347639485
3442,4.5325,4.88375,0.3776824034334764,1.8449213161659515
3443,4.53,4.88375,0.37814020028612305,1.8449213161659515
3444,4.5275,4.885,0.3768583690987125,1.840343347639485
3445,4.5375,4.88375,0.37814020028612305,1.8449213161659515
3446,4.54,4.88375,0.3768583690987125,1.840343347639485
3447,4.535,4.885,0.3779570815450644,1.8449213161659515
3448,4.5125,4.88625,0.37603433476394854,1.838054363376252
3449,4.52,4.88375,0.3776824034334764,1.8449213161659515
3450,4.53,4.885,0.37704148783977115,1.840343347639485
3451,4.5225,4.885,0.3768583690987125,1.840343347639485
3452,4.54,4.88375,0.37832331902718175,1.840343347639485
3453,4.5425,4.885,0.3762174535050072,1.838054363376252
3454,4.53,4.88375,0.3774992846924178,1.8449213161659515
3455,4.52,4.88375,0.3766752503576538,1.840343347639485
3456,4.5375,4.885,0.3779570815450644,1.8449213161659515
3457,4.525,4.88625,0.37704148783977115,1.840343347639485
3458,4.5175,4.88375,0.37649213161659517,1.838054363376252
3459,4.525,4.885,0.3762174535050072,1.838054363376252
3460,4.5125,4.885,0.37603433476394854,1.838054363376252
3461,4.525,4.8825,0.37704148783977115,1.840343347639485
3462,4.525,4.88375,0.37731616595135914,1.840343347639485
3463,4.5275,4.88375,0.37731616595135914,1.840343347639485
3464,4.525,4.885,0.37704148783977115,1.840343347639485
3465,4.5225,4.885,0.3779570815450644,1.8449213161659515
3466,4.5275,4.88375,0.37731616595135914,1.840343347639485
3467,4.5325,4.88625,0.3776824034334764,1.8449213161659515
3468,4.53,4.88625,0.37731616595135914,1.8449213161659515
3469,4.52,4.88375,0.3766752503576538,1.840343347639485
3470,4.5175,4.88375,0.37649213161659517,1.838054363376252
3471,4.53,4.88375,0.3787811158798284,1.8494992846924179
3472,4.5375,4.885,0.37814020028612305,1.8494992846924179
3473,4.5175,4.885,0.37649213161659517,1.838054363376252
3474,4.515,4.885,0.3766752503576538,1.840343347639485
3475,4.525,4.88375,0.3762174535050072,1.838054363376252
3476,4.535,4.8825,0.3779570815450644,1.8449213161659515
3477,4.5225,4.88625,0.3774992846924178,1.8449213161659515
3478,4.515,4.88375,0.37814020028612305,1.8449213161659515
3479,4.525,4.88375,0.37704148783977115,1.840343347639485
3480,4.5225,4.88375,0.37814020028612305,1.8449213161659515
3481,4.525,4.88375,0.3768583690987125,1.840343347639485
3482,4.54,4.88375,0.37832331902718175,1.8494992846924179
3483,4.5225,4.885,0.3766752503576538,1.840343347639485
3484,4.5075,4.885,0.3774992846924178,1.8449213161659515
3485,4.535,4.885,0.3779570815450644,1.8449213161659515
3486,4.525,4.885,0.3766752503576538,1.840343347639485
3487,4.5425,4.88375,0.3774992846924178,1.8449213161659515
3488,4.5075,4.88375,0.3756680972818312,1.8334763948497856
3489,4.5275,4.88375,0.37731616595135914,1.840343347639485
3490,4.52,4.88625,0.3768583690987125,1.840343347639485
3491,4.52,4.88375,0.3766752503576538,1.840343347639485
3492,4.515,4.88625,0.3762174535050072,1.838054363376252
3493,4.52,4.88375,0.3762174535050072,1.838054363376252
3494,4.51,4.88375,0.3758512160228899,1.8334763948497856
3495,4.52,4.88375,0.3766752503576538,1.840343347639485
3496,4.5325,4.8825,0.3762174535050072,1.838054363376252
3497,4.5325,4.88375,0.3776824034334764,1.8449213161659515
3498,4.54,4.8825,0.37832331902718175,1.8494992846924179
3499,4.5,4.885,0.3785064377682404,1.8494992846924179
3500,4.515,4.885,0.3762174535050072,1.838054363376252
3501,4.5075,4.88375,0.3756680972818312,1.8334763948497856
3502,4.535,4.88375,0.37731616595135914,1.840343347639485
3503,4.505,4.885,0.37539341917024327,1.8334763948497856
3504,4.525,4.885,0.37704148783977115,1.840343347639485
3505,4.5225,4.88625,0.3762174535050072,1.838054363376252
3506,4.5425,4.885,0.3785064377682404,1.8494992846924179
3507,4.54,4.885,0.37832331902718175,1.8494992846924179
3508,4.5125,4.88375,0.3776824034334764,1.8449213161659515
3509,4.525,4.88375,0.37704148783977115,1.840343347639485
3510,4.5225,4.88375,0.3768583690987125,1.840343347639485
3511,4.525,4.88375,0.3774992846924178,1.8449213161659515
3512,4.52,4.885,0.3787811158798284,1.8494992846924179
3513,4.5225,4.885,0.3768583690987125,1.840343347639485
3514,4.5325,4.885,0.37832331902718175,1.8494992846924179
3515,4.49,4.885,0.3776824034334764,1.8449213161659515
3516,4.5275,4.88375,0.37731616595135914,1.840343347639485
3517,4.515,4.88375,0.3776824034334764,1.8449213161659515
3518,4.52,4.885,0.37649213161659517,1.838054363376252
3519,4.5175,4.88625,0.37649213161659517,1.840343347639485
3520,4.525,4.8825,0.37539341917024327,1.8334763948497856
3521,4.52,4.885,0.37731616595135914,1.840343347639485
3522,4.515,4.885,0.3762174535050072,1.838054363376252
3523,4.5425,4.88625,0.3785064377682404,1.8449213161659515
3524,4.515,4.8875,0.37814020028612305,1.8494992846924179
3525,4.5175,4.88375,0.37649213161659517,1.838054363376252
3526,4.5175,4.88625,0.37649213161659517,1.840343347639485
3527,4.525,4.88375,0.37704148783977115,1.840343347639485
3528,4.495,4.88625,0.3745693848354793,1.8311874105865524
3529,4.4975,4.88625,0.37475250357653794,1.8311874105865524
3530,4.54,4.885,0.37603433476394854,1.838054363376252
3531,4.535,4.88625,0.3779570815450644,1.8449213161659515
3532,4.52,4.88375,0.3766752503576538,1.840343347639485
3533,4.51,4.885,0.3768583690987125,1.840343347639485
3534,4.5225,4.885,0.3768583690987125,1.840343347639485
3535,4.53,4.88375,0.3774992846924178,1.8449213161659515
3536,4.53,4.885,0.3762174535050072,1.838054363376252
3537,4.51,4.88625,0.3758512160228899,1.838054363376252
3538,4.5275,4.88375,0.37731616595135914,1.840343347639485
3539,4.5175,4.885,0.37649213161659517,1.838054363376252
3540,4.51,4.885,0.3758512160228899,1.838054363376252
3541,4.5325,4.885,0.3776824034334764,1.8449213161659515
3542,4.525,4.885,0.3762174535050072,1.838054363376252
3543,4.525,4.88375,0.37704148783977115,1.840343347639485
3544,4.52,4.885,0.3766752503576538,1.840343347639485
3545,4.525,4.885,0.37704148783977115,1.840343347639485
3546,4.515,4.88375,0.3762174535050072,1.838054363376252
3547,4.52,4.88625,0.3766752503576538,1.840343347639485
3548,4.535,4.885,0.3766752503576538,1.840343347639485
3549,4.535,4.88375,0.37731616595135914,1.840343347639485
3550,4.5225,4.88375,0.3768583690987125,1.840343347639485
3551,4.5275,4.88375,0.3752103004291846,1.8334763948497856
3552,4.515,4.88625,0.37603433476394854,1.838054363376252
3553,4.5125,4.8875,0.37603433476394854,1.838054363376252
3554,4.5075,4.88625,0.3762174535050072,1.838054363376252
3555,4.485,4.945,0.363307582260372,1.7968526466380543
3556,4.525,4.88625,0.37704148783977115,1.840343347639485
3557,4.515,4.88625,0.37704148783977115,1.840343347639485
3558,4.5225,4.885,0.3776824034334764,1.8449213161659515
3559,4.505,4.88625,0.37539341917024327,1.8334763948497856
3560,4.5375,4.885,0.37814020028612305,1.8494992846924179
3561,4.515,4.885,0.37475250357653794,1.8311874105865524
3562,4.53,4.88625,0.3774992846924178,1.8449213161659515
3563,4.5125,4.885,0.37603433476394854,1.838054363376252
3564,4.515,4.885,0.37731616595135914,1.840343347639485
3565,4.4925,4.88375,0.37438626609442066,1.8311874105865524
3566,4.51,4.8875,0.3758512160228899,1.838054363376252
3567,4.51,4.885,0.3776824034334764,1.8449213161659515
3568,4.48,4.88375,0.37337911301859805,1.8220314735336196
3569,4.525,4.88375,0.37704148783977115,1.840343347639485
3570,4.5025,4.885,0.3762174535050072,1.838054363376252
3571,4.54,4.88625,0.37832331902718175,1.8494992846924179
3572,4.515,4.885,0.3762174535050072,1.838054363376252
3573,4.52,4.89,0.37475250357653794,1.8334763948497856
3574,4.535,4.885,0.3779570815450644,1.8449213161659515
3575,4.525,4.88625,0.37704148783977115,1.840343347639485
3576,4.54,4.885,0.3766752503576538,1.840343347639485
3577,4.525,4.885,0.37704148783977115,1.840343347639485
3578,4.535,4.885,0.3779570815450644,1.8449213161659515
3579,4.515,4.885,0.3776824034334764,1.8449213161659515
3580,4.5275,4.8825,0.37731616595135914,1.840343347639485
3581,4.5225,4.885,0.3768583690987125,1.840343347639485
3582,4.5075,4.88375,0.378964234620887,1.8517882689556513
3583,4.5075,4.8875,0.37603433476394854,1.838054363376252
3584,4.53,4.885,0.3774992846924178,1.8449213161659515
3585,4.5,4.88625,0.3768583690987125,1.840343347639485
3586,4.51,4.885,0.3762174535050072,1.838054363376252
3587,4.5225,4.885,0.3768583690987125,1.840343347639485
3588,4.53,4.885,0.37649213161659517,1.838054363376252
3589,4.53,4.885,0.3768583690987125,1.840343347639485
3590,4.5325,4.885,0.3776824034334764,1.8449213161659515
3591,4.5325,4.885,0.37704148783977115,1.840343347639485
3592,4.515,4.88375,0.3762174535050072,1.838054363376252
3593,4.52,4.88625,0.3766752503576538,1.840343347639485
3594,4.535,4.88625,0.3779570815450644,1.8449213161659515
3595,4.5425,4.885,0.3762174535050072,1.838054363376252
3596,4.535,4.88625,0.3779570815450644,1.8449213161659515
3597,4.5025,4.885,0.3752103004291846,1.8334763948497856
3598,4.495,4.8825,0.3779570815450644,1.8449213161659515
3599,4.53,4.885,0.3774992846924178,1.8449213161659515
3600,4.525,4.885,0.37704148783977115,1.840343347639485
3601,4.5125,4.885,0.37603433476394854,1.838054363376252
3602,4.52,4.88375,0.3766752503576538,1.840343347639485
3603,4.54,4.8825,0.37832331902718175,1.8494992846924179
3604,4.51,4.88375,0.3776824034334764,1.8449213161659515
3605,4.5075,4.8825,0.3756680972818312,1.8334763948497856
3606,4.5275,4.8825,0.37731616595135914,1.840343347639485
3607,4.5175,4.885,0.3766752503576538,1.840343347639485
3608,4.5825,4.885,0.3818941344778255,1.8632331902718169
3609,4.5225,4.885,0.3768583690987125,1.840343347639485
3610,4.505,4.885,0.37649213161659517,1.838054363376252
3611,4.5175,4.88625,0.37649213161659517,1.840343347639485
3612,4.5275,4.8825,0.37731616595135914,1.840343347639485
3613,4.5025,4.8875,0.3766752503576538,1.840343347639485
3614,4.5375,4.88375,0.37814020028612305,1.8449213161659515
3615,4.5125,4.885,0.37603433476394854,1.838054363376252
3616,4.5225,4.88375,0.3774992846924178,1.8449213161659515
3617,4.5275,4.885,0.37814020028612305,1.8494992846924179
3618,4.53,4.885,0.3774992846924178,1.8449213161659515
3619,4.52,4.88625,0.3774992846924178,1.8449213161659515
3620,4.51,4.885,0.3758512160228899,1.838054363376252
3621,4.51,4.885,0.3758512160228899,1.838054363376252
3622,4.505,4.885,0.37731616595135914,1.840343347639485
3623,4.5225,4.88625,0.3776824034334764,1.8449213161659515
3624,4.5275,4.885,0.37731616595135914,1.840343347639485
3625,4.525,4.88625,0.3762174535050072,1.838054363376252
3626,4.515,4.885,0.37649213161659517,1.838054363376252
3627,4.5125,4.8875,0.37603433476394854,1.838054363376252
3628,4.515,4.88625,0.3774992846924178,1.8449213161659515
3629,4.51,4.885,0.3785064377682404,1.8494992846924179
3630,4.5225,4.88375,0.3768583690987125,1.840343347639485
3631,4.525,4.8825,0.37704148783977115,1.840343347639485
3632,4.515,4.885,0.37603433476394854,1.838054363376252
3633,4.5175,4.885,0.37649213161659517,1.838054363376252
3634,4.525,4.88625,0.37704148783977115,1.840343347639485
3635,4.5275,4.88625,0.3766752503576538,1.840343347639485
3636,4.53,4.885,0.3774992846924178,1.8449213161659515
3637,4.5275,4.885,0.37731616595135914,1.840343347639485
3638,4.5375,4.88375,0.3774992846924178,1.8449213161659515
3639,4.505,4.88625,0.37539341917024327,1.8334763948497856
3640,4.52,4.885,0.3766752503576538,1.840343347639485
3641,4.5075,4.88375,0.37731616595135914,1.840343347639485
3642,4.5425,4.88375,0.3785064377682404,1.8494992846924179
3643,4.5225,4.885,0.3768583690987125,1.840343347639485
3644,4.5125,4.885,0.37731616595135914,1.840343347639485
3645,4.535,4.88375,0.3779570815450644,1.8449213161659515
3646,4.5125,4.885,0.37603433476394854,1.838054363376252
3647,4.5325,4.885,0.3766752503576538,1.840343347639485
3648,4.52,4.88375,0.3766752503576538,1.840343347639485
3649,4.53,4.885,0.3774992846924178,1.8449213161659515
3650,4.525,4.885,0.3762174535050072,1.838054363376252
3651,4.525,4.885,0.3768583690987125,1.840343347639485
3652,4.525,4.885,0.37704148783977115,1.840343347639485
3653,4.5225,4.885,0.3776824034334764,1.8449213161659515
3654,4.5225,4.88625,0.3762174535050072,1.838054363376252
3655,4.5225,4.885,0.3768583690987125,1.840343347639485
3656,4.5325,4.88375,0.37704148783977115,1.840343347639485
3657,4.535,4.885,0.37649213161659517,1.838054363376252
3658,4.5175,4.88375,0.37649213161659517,1.838054363376252
3659,4.5125,4.885,0.3774992846924178,1.8449213161659515
3660,4.51,4.88375,0.37814020028612305,1.8449213161659515
3661,4.52,4.885,0.3766752503576538,1.840343347639485
3662,4.525,4.88625,0.37704148783977115,1.840343347639485
3663,4.53,4.885,0.3766752503576538,1.840343347639485
3664,4.5225,4.88625,0.3768583690987125,1.840343347639485
3665,4.53,4.88375,0.3774992846924178,1.8449213161659515
3666,4.515,4.88375,0.37832331902718175,1.8494992846924179
3667,4.5125,4.88375,0.37603433476394854,1.838054363376252
3668,4.5225,4.885,0.3768583690987125,1.840343347639485
3669,4.51,4.88625,0.37704148783977115,1.840343347639485
3670,4.5175,4.885,0.37649213161659517,1.838054363376252
3671,4.5125,4.885,0.37603433476394854,1.838054363376252
3672,4.5125,4.885,0.37704148783977115,1.840343347639485
3673,4.515,4.8875,0.3762174535050072,1.838054363376252
3674,4.53,4.885,0.3774992846924178,1.8449213161659515
3675,4.5225,4.885,0.3774992846924178,1.8449213161659515
3676,4.5275,4.88625,0.37731616595135914,1.8449213161659515
3677,4.525,4.8825,0.37704148783977115,1.840343347639485
3678,4.2475,4.91125,0.37704148783977115,1.8517882689556513
3679,4.5175,4.885,0.37649213161659517,1.838054363376252
3680,4.505,4.885,0.37539341917024327,1.8334763948497856
3681,4.53,4.88375,0.37649213161659517,1.838054363376252
3682,4.485,4.88625,0.37374535050071533,1.826609442060086
3683,4.5125,4.88625,0.37603433476394854,1.838054363376252
3684,4.5225,4.88375,0.3762174535050072,1.838054363376252
3685,4.5225,4.885,0.3768583690987125,1.840343347639485
3686,4.5075,4.885,0.3756680972818312,1.8334763948497856
3687,4.53,4.885,0.37704148783977115,1.840343347639485
3688,4.5475,4.88625,0.37731616595135914,1.8449213161659515
3689,4.5025,4.885,0.3752103004291846,1.8334763948497856
3690,4.495,4.8875,0.37649213161659517,1.840343347639485
3691,4.515,4.885,0.37649213161659517,1.838054363376252
3692,4.535,4.885,0.3779570815450644,1.8449213161659515
3693,4.53,4.88625,0.37539341917024327,1.8334763948497856
3694,4.5375,4.88375,0.37704148783977115,1.840343347639485
3695,4.52,4.885,0.3766752503576538,1.840343347639485
3696,4.505,4.88375,0.3774992846924178,1.8449213161659515
3697,4.51,4.885,0.37731616595135914,1.840343347639485
3698,4.5175,4.885,0.37649213161659517,1.838054363376252
3699,4.535,4.88375,0.3779570815450644,1.8449213161659515
3700,4.54,4.885,0.37649213161659517,1.838054363376252
3701,4.54,4.88375,0.37832331902718175,1.8494992846924179
3702,4.5225,4.8825,0.3768583690987125,1.840343347639485
3703,4.5475,4.88375,0.3774992846924178,1.8449213161659515
3704,4.5175,4.88375,0.37649213161659517,1.838054363376252
3705,4.52,4.88625,0.3766752503576538,1.840343347639485
3706,4.5425,4.88375,0.37731616595135914,1.840343347639485
3707,4.5375,4.88625,0.37814020028612305,1.8494992846924179
3708,4.525,4.885,0.37704148783977115,1.840343347639485
3709,4.5275,4.88375,0.37731616595135914,1.840343347639485
3710,4.5225,4.88375,0.3768583690987125,1.840343347639485
3711,4.5375,4.88375,0.37814020028612305,1.8449213161659515
3712,4.545,4.88375,0.3779570815450644,1.8449213161659515
3713,4.5275,4.885,0.37731616595135914,1.840343347639485
3714,4.5525,4.885,0.37933047210300436,1.8517882689556513
3715,4.5175,4.88625,0.3758512160228899,1.838054363376252
3716,4.5225,4.8825,0.3768583690987125,1.840343347639485
3717,4.5225,4.885,0.3768583690987125,1.840343347639485
3718,4.515,4.88375,0.37603433476394854,1.838054363376252
3719,4.5275,4.885,0.37731616595135914,1.840343347639485
3720,4.535,4.88375,0.3779570815450644,1.8449213161659515
3721,4.5275,4.88375,0.37603433476394854,1.838054363376252
3722,4.54,4.88375,0.3787811158798284,1.8494992846924179
3723,4.5425,4.88375,0.3785064377682404,1.8494992846924179
3724,4.525,4.88375,0.37704148783977115,1.840343347639485
3725,4.525,4.88375,0.3774992846924178,1.8449213161659515
3726,4.5275,4.885,0.37731616595135914,1.840343347639485
3727,4.5225,4.88625,0.3768583690987125,1.840343347639485
3728,4.535,4.885,0.3776824034334764,1.8449213161659515
3729,4.5225,4.88375,0.3768583690987125,1.840343347639485
3730,4.535,4.885,0.3774992846924178,1.8449213161659515
3731,4.5325,4.885,0.37603433476394854,1.838054363376252
3732,4.5325,4.885,0.3776824034334764,1.8449213161659515
3733,4.535,4.885,0.3779570815450644,1.8449213161659515
3734,4.5325,4.885,0.37704148783977115,1.840343347639485
3735,4.5175,4.88375,0.37649213161659517,1.838054363376252
3736,4.515,4.88625,0.3762174535050072,1.838054363376252
3737,4.5225,4.885,0.3785064377682404,1.8494992846924179
3738,4.52,4.885,0.3766752503576538,1.840343347639485
3739,4.515,4.885,0.3762174535050072,1.838054363376252
3740,4.5225,4.885,0.3768583690987125,1.840343347639485
3741,4.545,4.88375,0.3787811158798284,1.8494992846924179
3742,4.53,4.88375,0.3774992846924178,1.8449213161659515
3743,4.545,4.885,0.3766752503576538,1.840343347639485
3744,4.535,4.885,0.3779570815450644,1.8449213161659515
3745,4.53,4.885,0.3774992846924178,1.8449213161659515
3746,4.5225,4.885,0.3779570815450644,1.8449213161659515
3747,4.5125,4.885,0.37603433476394854,1.838054363376252
3748,4.5325,4.88375,0.3776824034334764,1.8449213161659515
3749,4.515,4.885,0.3779570815450644,1.8449213161659515
3750,4.5275,4.88625,0.37731616595135914,1.8449213161659515
3751,4.5275,4.88375,0.37731616595135914,1.840343347639485
3752,4.535,4.88375,0.37704148783977115,1.840343347639485
3753,4.5425,4.88375,0.3785064377682404,1.8494992846924179
3754,4.52,4.885,0.3766752503576538,1.840343347639485
3755,4.5225,4.88375,0.3766752503576538,1.840343347639485
3756,4.5425,4.88375,0.3785064377682404,1.8494992846924179
3757,4.525,4.885,0.37704148783977115,1.840343347639485
3758,4.5225,4.885,0.3774992846924178,1.8449213161659515
3759,4.525,4.88375,0.37704148783977115,1.840343347639485
3760,4.52,4.885,0.3766752503576538,1.840343347639485
3761,4.5375,4.88375,0.3768583690987125,1.840343347639485
3762,4.515,4.885,0.3774992846924178,1.8449213161659515
3763,4.5225,4.8825,0.3768583690987125,1.840343347639485
3764,4.535,4.885,0.37649213161659517,1.838054363376252
3765,4.525,4.885,0.37704148783977115,1.840343347639485
3766,4.53,4.885,0.3774992846924178,1.8449213161659515
3767,4.53,4.88375,0.3768583690987125,1.840343347639485
3768,4.52,4.885,0.37649213161659517,1.838054363376252
3769,4.535,4.885,0.3779570815450644,1.8449213161659515
3770,4.525,4.885,0.37704148783977115,1.8449213161659515
3771,4.5375,4.885,0.3766752503576538,1.840343347639485
3772,4.5225,4.885,0.3768583690987125,1.840343347639485
3773,4.5275,4.8825,0.37731616595135914,1.840343347639485
3774,4.54,4.885,0.37814020028612305,1.8494992846924179
3775,4.5375,4.88375,0.37814020028612305,1.8449213161659515
3776,4.5225,4.88375,0.3768583690987125,1.840343347639485
3777,4.525,4.88375,0.37814020028612305,1.8449213161659515
3778,4.5275,4.885,0.37731616595135914,1.840343347639485
3779,4.535,4.885,0.3779570815450644,1.8449213161659515
3780,4.5225,4.88375,0.37603433476394854,1.838054363376252
3781,4.5175,4.8825,0.37649213161659517,1.838054363376252
3782,4.5275,4.88375,0.37731616595135914,1.840343347639485
3783,4.52,4.885,0.37603433476394854,1.838054363376252
3784,4.525,4.885,0.37704148783977115,1.840343347639485
3785,2.395,5.05,0.19959942775393422,1.009442060085837
3786,2.1325,5.0875,0.1687439198855508,0.8583690987124465
3787,2.0425,5.08,0.17020886981402006,0.8652360515021461
3788,2.0275,5.07375,0.16892703862660946,0.8583690987124465
3789,2.6525,5.04125,0.20628326180257514,1.0391988555078686
3790,2.0375,5.08375,0.1697510729613734,0.8629470672389129
3791,2.0775,5.07375,0.17313876967095854,0.876680972818312
3792,2.0375,5.08625,0.16791988555078685,0.8560801144492132
3793,3.4925,4.97125,0.288961373390558,1.4374821173104437
3794,2.2775,5.05625,0.18980257510729615,0.9590844062947069
3795,2.03,5.08625,0.16810300429184552,0.8560801144492132
3796,2.0525,5.0875,0.16892703862660946,0.8583690987124465
3797,2.0225,5.075,0.16856080114449215,0.8560801144492132
3798,2.015,5.08625,0.1697510729613734,0.8629470672389129
3799,2.5725,5.05,0.1941974248927039,0.9819742489270388
3800,1.8975,5.09125,0.1581230329041488,0.8057224606580831
3801,1.9475,5.09375,0.1620600858369099,0.8240343347639486
3802,1.9775,5.095,0.16123605150214593,0.8217453505007154
3803,1.915,5.095,0.15958798283261805,0.8148783977110158
3804,1.9225,5.09375,0.1587639484978541,0.8103004291845495
3805,1.8575,5.09875,0.15400286123032905,0.7828326180257512
3806,1.855,5.09875,0.15455221745350503,0.7874105865522176
3807,1.8725,5.09875,0.15601716738197427,0.7942775393419171
3808,2.0125,5.0875,0.17954792560801147,0.9155937052932762
3809,1.945,5.085,0.1620600858369099,0.8240343347639486
3810,1.9225,5.09625,0.16022889842632335,0.817167381974249
3811,1.9175,5.09375,0.1587639484978541,0.8103004291845495
3812,1.93,5.095,0.16086981402002862,0.8217453505007154
3813,1.97,5.08875,0.16416595135908443,0.8354792560801145
3814,1.915,5.09875,0.15372818311874106,0.7828326180257512
3815,1.855,5.09875,0.15455221745350503,0.7874105865522176
3816,1.855,5.1,0.15455221745350503,0.7874105865522176
3817,1.8525,5.0975,0.1571158798283262,0.8034334763948499
3818,1.8825,5.09625,0.1568412017167382,0.7988555078683836
3819,1.8775,5.0925,0.1564749642346209,0.7942775393419171
3820,1.8525,5.1,0.15336194563662375,0.7828326180257512
3821,1.87,5.09875,0.1558340486409156,0.7942775393419171
3822,1.8875,5.095,0.15729899856938484,0.8034334763948499
3823,2.04,5.085,0.17121602288984264,0.8698140200286124
3824,1.9125,5.09375,0.15940486409155938,0.8148783977110158
3825,1.92,5.09375,0.16004577968526468,0.8148783977110158
3826,1.9225,5.0925,0.15940486409155938,0.8103004291845495
3827,1.9075,5.095,0.1597711015736767,0.8148783977110158
3828,1.91,5.09375,0.15913018597997142,0.8103004291845495
3829,1.8925,5.09625,0.15766523605150215,0.8034334763948499
3830,1.8975,5.0975,0.15766523605150215,0.8034334763948499
3831,1.85,5.0975,0.15418597997138772,0.7874105865522176
3832,1.8575,5.09875,0.15336194563662375,0.7828326180257512
3833,1.86,5.09875,0.1530872675250358,0.7805436337625179
3834,1.8525,5.09875,0.15436909871244636,0.7874105865522176
3835,1.8625,5.09625,0.1564749642346209,0.7988555078683836
3836,1.915,5.09625,0.1571158798283262,0.8034334763948499
3837,1.845,5.0975,0.15372818311874106,0.7828326180257512
3838,2.0075,5.0875,0.16727896995708155,0.8515021459227468
3839,1.9075,5.095,0.15858082975679544,0.8057224606580831
3840,1.92,5.09375,0.16004577968526468,0.8148783977110158
3841,1.9675,5.09,0.16398283261802576,0.8331902718168813
3842,1.955,5.0925,0.15894706723891275,0.8103004291845495
3843,1.9075,5.09625,0.15894706723891275,0.8103004291845495
3844,1.8475,5.10125,0.15400286123032905,0.7828326180257512
3845,1.845,5.1,0.154826895565093,0.7919885550786839
3846,1.875,5.0975,0.15629184549356226,0.7942775393419171
3847,1.9225,5.09625,0.16022889842632335,0.817167381974249
3848,1.9225,5.1,0.154826895565093,0.7919885550786839
3849,1.8425,5.1,0.15354506437768242,0.7828326180257512
3850,1.8525,5.10125,0.15436909871244636,0.7874105865522176
3851,1.855,5.09875,0.15519313304721033,0.7919885550786839
3852,1.86,5.095,0.15501001430615166,0.7919885550786839
3853,1.975,5.0875,0.16462374821173106,0.8354792560801145
3854,1.905,5.09625,0.1587639484978541,0.8103004291845495
3855,1.9075,5.095,0.15894706723891275,0.8103004291845495
3856,1.95,5.09125,0.16251788268955653,0.8286123032904149
3857,1.9675,5.09,0.15913018597997142,0.8103004291845495
3858,1.9075,5.09,0.15894706723891275,0.8103004291845495
3859,1.8525,5.10125,0.15436909871244636,0.7874105865522176
3860,1.85,5.1,0.15354506437768242,0.7828326180257512
3861,1.8525,5.10125,0.15436909871244636,0.7874105865522176
3862,1.875,5.09625,0.15629184549356226,0.7942775393419171
3863,1.88,5.1,0.15372818311874106,0.7828326180257512
3864,1.8375,5.10125,0.15436909871244636,0.7874105865522176
3865,1.87,5.0975,0.1558340486409156,0.7942775393419171
3866,1.8775,5.09625,0.15629184549356226,0.7942775393419171
3867,1.8725,5.0975,0.1571158798283262,0.8034334763948499
3868,2.13,5.07875,0.17753361945636625,0.8995708154506439
3869,1.9325,5.09375,0.16086981402002862,0.817167381974249
3870,1.9625,5.09375,0.15858082975679544,0.8057224606580831
3871,1.9075,5.095,0.15894706723891275,0.8103004291845495
3872,1.97,5.09125,0.16004577968526468,0.8148783977110158
3873,1.96,5.09125,0.1627010014306152,0.8286123032904149
3874,1.8425,5.09375,0.15354506437768242,0.7828326180257512
3875,1.855,5.09875,0.15455221745350503,0.7874105865522176
3876,1.8425,5.09875,0.15418597997138772,0.7874105865522176
3877,1.8275,5.10125,0.15226323319027182,0.7759656652360516
3878,1.905,5.095,0.1587639484978541,0.8103004291845495
3879,1.895,5.1,0.1568412017167382,0.7988555078683836
3880,2.1,5.07,0.17496995708154509,0.888125894134478
3881,1.9075,5.09625,0.15894706723891275,0.8103004291845495
3882,1.9175,5.0925,0.1658140200286123,0.8446351931330472
3883,2.075,5.0875,0.17295565092989987,0.8812589413447783
3884,1.9825,5.0925,0.16517310443490701,0.8400572246065808
3885,2.0425,5.095,0.15858082975679544,0.8057224606580831
3886,1.9125,5.0975,0.15940486409155938,0.8148783977110158
3887,1.9175,5.095,0.1597711015736767,0.8148783977110158
3888,1.92,5.09375,0.16288412017167384,0.8286123032904149
3889,1.8875,5.0975,0.15729899856938484,0.8034334763948499
3890,1.945,5.07625,0.1620600858369099,0.8217453505007154
3891,1.8375,5.10125,0.15455221745350503,0.7874105865522176
3892,1.8575,5.10125,0.154826895565093,0.7919885550786839
3893,1.8475,5.1,0.15400286123032905,0.7828326180257512
3894,1.9025,5.0975,0.15830615164520745,0.8057224606580831
3895,1.9,5.095,0.15830615164520745,0.8057224606580831
3896,1.8425,5.09875,0.15354506437768242,0.7828326180257512
3897,1.845,5.1,0.15418597997138772,0.7874105865522176
3898,1.965,5.09,0.17377968526466384,0.8858369098712447
3899,1.9325,5.085,0.1610529327610873,0.817167381974249
3900,1.9375,5.09125,0.16334191702432047,0.8331902718168813
3901,1.935,5.09,0.15793991416309014,0.8034334763948499
3902,1.915,5.09625,0.15958798283261805,0.8148783977110158
3903,1.8975,5.09375,0.1581230329041488,0.8057224606580831
3904,1.8925,5.09625,0.15629184549356226,0.7942775393419171
3905,1.875,5.09625,0.15629184549356226,0.7942775393419171
3906,1.895,5.095,0.15400286123032905,0.7828326180257512
3907,1.885,5.1,0.15372818311874106,0.7828326180257512
3908,1.845,5.1,0.15372818311874106,0.7828326180257512
3909,1.8425,5.1,0.15455221745350503,0.7874105865522176
3910,1.845,5.1,0.15729899856938484,0.8034334763948499
3911,1.885,5.0975,0.1571158798283262,0.8034334763948499
3912,1.8975,5.1,0.1581230329041488,0.8057224606580831
3913,2.63,5.035,0.20646638054363378,1.0391988555078686
3914,1.9025,5.08875,0.15858082975679544,0.8057224606580831
3915,1.89,5.09375,0.1574821173104435,0.8034334763948499
3916,1.91,5.09625,0.1614191702432046,0.8217453505007154
3917,1.95,5.08875,0.16251788268955653,0.8286123032904149
3918,1.9,5.0875,0.15830615164520745,0.8057224606580831
3919,1.845,5.1,0.15501001430615166,0.7919885550786839
3920,1.8475,5.09875,0.15400286123032905,0.7828326180257512
3921,1.845,5.09875,0.15372818311874106,0.7828326180257512
3922,1.8775,5.0975,0.15858082975679544,0.8103004291845495
3923,1.8925,5.09625,0.15766523605150215,0.8034334763948499
3924,1.8825,5.08625,0.1568412017167382,0.7988555078683836
3925,1.915,5.1,0.15601716738197427,0.7942775393419171
3926,1.855,5.09875,0.15455221745350503,0.7874105865522176
3927,1.8525,5.1,0.15436909871244636,0.7874105865522176
3928,2.785,5.02875,0.22184835479256082,1.1147353361945638
3929,1.91,5.095,0.15913018597997142,0.8103004291845495
3930,1.905,5.09625,0.1587639484978541,0.8103004291845495
3931,1.905,5.095,0.15894706723891275,0.8103004291845495
3932,1.92,5.09625,0.16004577968526468,0.8148783977110158
3933,1.945,5.0925,0.1620600858369099,0.8240343347639486
3934,1.9225,5.09125,0.1587639484978541,0.8103004291845495
3935,1.8425,5.1,0.15501001430615166,0.7919885550786839
3936,1.8575,5.09875,0.154826895565093,0.7874105865522176
3937,1.9125,5.095,0.15858082975679544,0.8057224606580831
3938,1.8875,5.1,0.15501001430615166,0.7919885550786839
3939,1.865,5.1,0.15537625178826897,0.7919885550786839
3940,1.8425,5.1,0.1571158798283262,0.8034334763948499
3941,1.8925,5.0975,0.15519313304721033,0.7919885550786839
3942,1.885,5.09625,0.1571158798283262,0.8034334763948499
3943,2.7,5.03,0.22184835479256082,1.117024320457797
3944,1.9175,5.0925,0.16416595135908443,0.8354792560801145
3945,1.9075,5.09,0.15894706723891275,0.8103004291845495
3946,1.905,5.09625,0.1587639484978541,0.817167381974249
3947,1.9075,5.095,0.15940486409155938,0.8148783977110158
3948,1.9125,5.09625,0.15940486409155938,0.8148783977110158
3949,1.8825,5.09875,0.1568412017167382,0.7988555078683836
3950,1.9075,5.095,0.15858082975679544,0.8057224606580831
3951,1.8775,5.09375,0.1564749642346209,0.7988555078683836
3952,1.8525,5.09875,0.15436909871244636,0.7874105865522176
3953,1.8525,5.0975,0.1574821173104435,0.8034334763948499
3954,1.8375,5.0975,0.1530872675250358,0.7805436337625179
3955,1.9125,5.095,0.15940486409155938,0.8148783977110158
3956,1.8525,5.0975,0.154826895565093,0.7874105865522176
3957,1.8525,5.09875,0.15436909871244636,0.7874105865522176
3958,2.25,5.09375,0.18751359084406297,0.9567954220314737
3959,1.9,5.09375,0.16059513590844066,0.817167381974249
3960,1.915,5.09375,0.15958798283261805,0.8148783977110158
3961,1.995,5.09,0.16627181688125897,0.8469241773962805
3962,1.935,5.09125,0.16187696709585123,0.8240343347639486
3963,1.98,5.09,0.16498998569384837,0.8400572246065808
3964,1.8825,5.09875,0.1568412017167382,0.7988555078683836
3965,1.875,5.09625,0.1564749642346209,0.7988555078683836
3966,1.8775,5.09625,0.1564749642346209,0.7988555078683836
3967,1.8775,5.0975,0.1564749642346209,0.7988555078683836
3968,1.8825,5.09875,0.15565092989985696,0.7942775393419171
3969,1.9175,5.0925,0.1571158798283262,0.7988555078683836
3970,1.8675,5.09625,0.15565092989985696,0.7942775393419171
3971,1.9375,5.09375,0.1558340486409156,0.7942775393419171
3972,1.8825,5.0975,0.1558340486409156,0.7942775393419171
3973,2.805,5.02625,0.2337510729613734,1.1742489270386267
3974,1.985,5.095,0.1627010014306152,0.8286123032904149
3975,2.0025,5.09125,0.16086981402002862,0.817167381974249
3976,1.935,5.09125,0.16123605150214593,0.8217453505007154
3977,1.9475,5.09125,0.16123605150214593,0.8217453505007154
3978,1.97,5.0925,0.15858082975679544,0.8057224606580831
3979,1.8725,5.09625,0.15601716738197427,0.7942775393419171
3980,1.8525,5.09875,0.15766523605150215,0.8034334763948499
3981,2.9875,5.03625,0.23329327610872677,1.1742489270386267
3982,2.9525,4.9925,0.24602002861230332,1.2291845493562235
3983,3.0125,5.02875,0.2510557939914163,1.249785407725322
3984,2.1675,5.08125,0.16462374821173106,0.8354792560801145
3985,1.8975,5.08125,0.1581230329041488,0.8034334763948499
3986,1.935,5.09125,0.16123605150214593,0.8217453505007154
3987,1.9425,5.09375,0.15913018597997142,0.8103004291845495
3988,1.965,5.07375,0.16370815450643778,0.8286123032904149
3989,1.93,5.09375,0.16086981402002862,0.817167381974249
3990,1.95,5.095,0.15940486409155938,0.8148783977110158
3991,1.9825,5.0875,0.16517310443490701,0.8400572246065808
3992,1.905,5.09125,0.1587639484978541,0.8103004291845495
3993,1.935,5.095,0.15830615164520745,0.8057224606580831
3994,1.8475,5.09875,0.15400286123032905,0.7828326180257512
3995,1.8575,5.09875,0.154826895565093,0.7874105865522176
3996,1.8625,5.1,0.15400286123032905,0.7828326180257512
3997,1.8425,5.1,0.15354506437768242,0.7828326180257512
3998,1.8475,5.0975,0.15400286123032905,0.7828326180257512
3999,1.8375,5.10125,0.15400286123032905,0.7828326180257512
4000,1.855,5.1,0.15455221745350503,0.7874105865522176
4001,1.8525,5.09875,0.15436909871244636,0.7874105865522176
4002,1.855,5.1,0.15455221745350503,0.7874105865522176
4003,2.835,5.01375,0.23622317596566525,1.1856938483547927
4004,1.915,5.095,0.15958798283261805,0.8148783977110158
4005,1.9575,5.09375,0.1597711015736767,0.8148783977110158
4006,1.91,5.09375,0.15894706723891275,0.8103004291845495
4007,1.9075,5.095,0.15894706723891275,0.8103004291845495
4008,1.8975,5.095,0.1597711015736767,0.8148783977110158
4009,1.835,5.1,0.15436909871244636,0.7874105865522176
4010,1.85,5.1,0.15418597997138772,0.7874105865522176
4011,1.845,5.09875,0.15372818311874106,0.7828326180257512
4012,1.8575,5.09875,0.15400286123032905,0.7828326180257512
4013,1.85,5.09875,0.15418597997138772,0.7874105865522176
4014,1.8525,5.1,0.15436909871244636,0.7874105865522176
4015,1.8375,5.1,0.15436909871244636,0.7874105865522176
4016,1.855,5.10125,0.15455221745350503,0.7874105865522176
4017,1.855,5.09875,0.15455221745350503,0.7828326180257512
4018,2.6525,5.06625,0.1706666666666667,0.8652360515021461
4019,1.9125,5.095,0.15940486409155938,0.8148783977110158
4020,1.9025,5.095,0.15858082975679544,0.8057224606580831
4021,1.9025,5.09375,0.1587639484978541,0.8103004291845495
4022,1.9175,5.0975,0.1597711015736767,0.8148783977110158
4023,1.91,5.09625,0.15913018597997142,0.8103004291845495
4024,1.86,5.09875,0.15336194563662375,0.7828326180257512
4025,1.85,5.09875,0.15418597997138772,0.7874105865522176
4026,1.8375,5.10125,0.1530872675250358,0.7805436337625179
4027,1.8625,5.1,0.15418597997138772,0.7874105865522176
4028,1.8525,5.10125,0.15436909871244636,0.7874105865522176
4029,1.865,5.09375,0.15537625178826897,0.7919885550786839
4030,1.8475,5.1,0.15354506437768242,0.7828326180257512
4031,1.84,5.09875,0.15336194563662375,0.7828326180257512
4032,1.8675,5.1025,0.15565092989985696,0.7942775393419171
4033,2.665,5.0325,0.21919313304721033,1.1032904148783977
4034,1.8975,5.09375,0.1581230329041488,0.8057224606580831
4035,1.8925,5.095,0.15766523605150215,0.8034334763948499
4036,1.9675,5.09625,0.15940486409155938,0.8148783977110158
4037,1.9675,5.08875,0.16398283261802576,0.8354792560801145
4038,1.9,5.09375,0.15830615164520745,0.8057224606580831
4039,1.835,5.1,0.15354506437768242,0.7828326180257512
4040,1.835,5.10125,0.15400286123032905,0.7828326180257512
4041,1.8425,5.09875,0.15354506437768242,0.7828326180257512
4042,1.86,5.10125,0.15400286123032905,0.7828326180257512
4043,1.8475,5.1,0.1530872675250358,0.7805436337625179
4044,1.8425,5.09875,0.15354506437768242,0.7828326180257512
4045,1.8575,5.1,0.15372818311874106,0.7828326180257512
4046,1.8825,5.0975,0.15455221745350503,0.7874105865522176
4047,1.8475,5.09875,0.15400286123032905,0.7828326180257512
4048,2.0475,5.08,0.17295565092989987,0.876680972818312
4049,1.9,5.0975,0.15894706723891275,0.8103004291845495
4050,1.9175,5.09625,0.1597711015736767,0.8148783977110158
4051,1.8925,5.095,0.15940486409155938,0.8148783977110158
4052,1.9675,5.0975,0.15913018597997142,0.8103004291845495
4053,1.9075,5.09625,0.15894706723891275,0.8103004291845495
4054,1.88,5.095,0.15665808297567957,0.7988555078683836
4055,1.85,5.1,0.15336194563662375,0.7828326180257512
4056,1.825,5.1,0.15208011444921318,0.7759656652360516
4057,1.855,5.1,0.15455221745350503,0.7874105865522176
4058,1.8375,5.1,0.15336194563662375,0.7828326180257512
4059,1.84,5.10125,0.15336194563662375,0.7828326180257512
4060,1.855,5.1,0.15455221745350503,0.7874105865522176
4061,1.8525,5.0975,0.1530872675250358,0.7805436337625179
4062,1.8525,5.095,0.15436909871244636,0.7874105865522176
4063,2.69,5.03,0.22413733905579403,1.128469241773963
4064,1.89,5.095,0.15913018597997142,0.8103004291845495
4065,1.8975,5.09625,0.1581230329041488,0.8057224606580831
4066,1.915,5.09625,0.15958798283261805,0.8148783977110158
4067,1.9025,5.09625,0.15766523605150215,0.8034334763948499
4068,1.9,5.095,0.15830615164520745,0.8057224606580831
4069,1.8425,5.1,0.15354506437768242,0.7828326180257512
4070,1.8325,5.10125,0.15372818311874106,0.7828326180257512
4071,1.86,5.09625,0.15501001430615166,0.7919885550786839
4072,1.935,5.085,0.16123605150214593,0.8217453505007154
4073,1.8275,5.1,0.15455221745350503,0.7874105865522176
4074,1.83,5.1,0.1525379113018598,0.7759656652360516
4075,1.8275,5.09875,0.15226323319027182,0.7759656652360516
4076,1.8325,5.1,0.15400286123032905,0.7828326180257512
4077,1.8375,5.09875,0.15400286123032905,0.7828326180257512
4078,2.1325,5.0675,0.17771673819742492,0.8995708154506439
4079,1.9025,5.09625,0.15894706723891275,0.8103004291845495
4080,1.945,5.09625,0.1581230329041488,0.8057224606580831
4081,1.9025,5.09625,0.15858082975679544,0.8057224606580831
4082,1.895,5.095,0.15830615164520745,0.8057224606580831
4083,1.915,5.0975,0.1581230329041488,0.8057224606580831
4084,1.8425,5.09875,0.15354506437768242,0.7828326180257512
4085,1.85,5.1,0.15418597997138772,0.7874105865522176
4086,1.8475,5.09875,0.15354506437768242,0.7828326180257512
4087,1.845,5.1,0.15372818311874106,0.7828326180257512
4088,1.8525,5.09875,0.15436909871244636,0.7805436337625179
4089,1.84,5.1,0.154826895565093,0.7919885550786839
4090,1.835,5.1,0.15290414878397712,0.7805436337625179
4091,1.845,5.1,0.15372818311874106,0.7828326180257512
4092,1.855,5.09875,0.15272103004291848,0.7805436337625179
4093,2.0825,5.0625,0.17350500715307585,0.876680972818312
4094,3.5975,4.96375,0.29976537911301865,1.4878397711015738
4095,2.9925,5.01,0.2569155937052933,1.286409155937053
4096,3.93,4.93375,0.3275078683834049,1.6160228898426325
4097,4.48,4.88875,0.37337911301859805,1.826609442060086
4098,4.4825,4.88625,0.37420314735336196,1.8311874105865524
4099,4.48,4.8875,0.37337911301859805,1.826609442060086
4100,4.495,4.8875,0.3745693848354793,1.8311874105865524
4101,4.4575,4.88875,0.3727381974248927,1.8220314735336196
4102,4.49,4.8875,0.37420314735336196,1.8311874105865524
4103,4.4925,4.88875,0.37438626609442066,1.8311874105865524
4104,4.51,4.88625,0.3752103004291846,1.8334763948497856
4105,4.52,4.88875,0.3766752503576538,1.840343347639485
4106,4.525,4.8875,0.37704148783977115,1.840343347639485
4107,4.5125,4.8875,0.37438626609442066,1.8311874105865524
4108,4.51,4.885,0.3758512160228899,1.838054363376252
4109,4.505,4.885,0.37539341917024327,1.8334763948497856
4110,4.51,4.88625,0.3756680972818312,1.8334763948497856
4111,4.5125,4.885,0.3756680972818312,1.8334763948497856
4112,4.51,4.88625,0.3758512160228899,1.838054363376252
4113,4.52,4.8875,0.3762174535050072,1.838054363376252
4114,4.5075,4.8875,0.3766752503576538,1.840343347639485
4115,4.5075,4.885,0.3756680972818312,1.8334763948497856
4116,4.53,4.88625,0.3768583690987125,1.840343347639485
4117,4.5275,4.885,0.37603433476394854,1.838054363376252
4118,4.505,4.88375,0.37539341917024327,1.8334763948497856
4119,4.52,4.885,0.3766752503576538,1.840343347639485
4120,4.525,4.885,0.3762174535050072,1.838054363376252
4121,4.5125,4.88375,0.37603433476394854,1.838054363376252
4122,4.53,4.88375,0.3774992846924178,1.8449213161659515
4123,4.54,4.88375,0.37933047210300436,1.8517882689556513
4124,4.5375,4.885,0.37814020028612305,1.8494992846924179
4125,4.52,4.885,0.3766752503576538,1.840343347639485
4126,4.5475,4.885,0.3766752503576538,1.840343347639485
4127,4.5525,4.88375,0.37933047210300436,1.8517882689556513
4128,4.535,4.88375,0.3779570815450644,1.8449213161659515
4129,4.5025,4.88625,0.3779570815450644,1.8449213161659515
4130,4.5575,4.88375,0.379788268955651,1.8563662374821175
4131,4.52,4.885,0.3766752503576538,1.840343347639485
4132,4.545,4.885,0.3785064377682404,1.8494992846924179
4133,4.5375,4.88375,0.37814020028612305,1.8449213161659515
4134,4.55,4.88375,0.37914735336194566,1.8517882689556513
4135,4.5375,4.88375,0.3762174535050072,1.838054363376252
4136,4.5225,4.885,0.3768583690987125,1.840343347639485
4137,4.5325,4.885,0.3776824034334764,1.8449213161659515
4138,4.525,4.885,0.37731616595135914,1.840343347639485
4139,4.505,4.88625,0.37539341917024327,1.8334763948497856
4140,4.525,4.885,0.37704148783977115,1.840343347639485
4141,4.515,4.88625,0.37649213161659517,1.840343347639485
4142,4.5375,4.885,0.37814020028612305,1.8494992846924179
4143,4.5325,4.88625,0.3776824034334764,1.8449213161659515
4144,4.525,4.88375,0.37704148783977115,1.840343347639485
4145,4.5125,4.88375,0.3758512160228899,1.8334763948497856
4146,4.5075,4.88375,0.3756680972818312,1.8334763948497856
4147,4.5375,4.88375,0.37914735336194566,1.8517882689556513
4148,4.54,4.88375,0.37832331902718175,1.8494992846924179
4149,4.535,4.88375,0.3779570815450644,1.8449213161659515
4150,4.5275,4.885,0.3806123032904149,1.860944206008584
4151,4.54,4.885,0.37832331902718175,1.8494992846924179
4152,4.545,4.8825,0.3787811158798284,1.8494992846924179
4153,4.54,4.885,0.3776824034334764,1.8449213161659515
4154,4.53,4.885,0.3785064377682404,1.8494992846924179
4155,4.5575,4.8825,0.379788268955651,1.8517882689556513
4156,4.5325,4.8825,0.3796051502145923,1.8517882689556513
4157,4.545,4.8825,0.37997138769670963,1.8563662374821175
4158,4.525,4.88375,0.37704148783977115,1.840343347639485
4159,4.5475,4.88375,0.378964234620887,1.838054363376252
4160,4.5275,4.88375,0.37914735336194566,1.8517882689556513
4161,4.5425,4.88375,0.3785064377682404,1.8494992846924179
4162,4.5425,4.8825,0.3785064377682404,1.8494992846924179
4163,4.5525,4.8825,0.3785064377682404,1.8494992846924179
4164,4.53,4.885,0.3774992846924178,1.8449213161659515
4165,4.53,4.88375,0.3774992846924178,1.8449213161659515
4166,4.525,4.885,0.37933047210300436,1.8517882689556513
4167,4.545,4.88375,0.3787811158798284,1.8494992846924179
4168,4.54,4.8825,0.37832331902718175,1.8494992846924179
4169,4.5325,4.8825,0.37731616595135914,1.840343347639485
4170,4.54,4.88375,0.37832331902718175,1.8494992846924179
4171,4.5375,4.88375,0.37814020028612305,1.8449213161659515
4172,4.545,4.88375,0.3787811158798284,1.8494992846924179
4173,4.54,4.885,0.37832331902718175,1.8494992846924179
4174,4.54,4.88375,0.37832331902718175,1.8494992846924179
4175,4.5425,4.8825,0.37832331902718175,1.8494992846924179
4176,4.545,4.8825,0.3787811158798284,1.8494992846924179
4177,4.555,4.88375,0.3796051502145923,1.8517882689556513
4178,4.545,4.88375,0.3779570815450644,1.8449213161659515
4179,4.545,4.88375,0.3787811158798284,1.8494992846924179
4180,4.545,4.88375,0.3787811158798284,1.8494992846924179
4181,4.5475,4.885,0.3768583690987125,1.840343347639485
4182,4.5475,4.88375,0.37731616595135914,1.840343347639485
4183,4.54,4.885,0.37832331902718175,1.8494992846924179
4184,4.545,4.88375,0.3766752503576538,1.840343347639485
4185,4.5425,4.88375,0.37914735336194566,1.8517882689556513
4186,4.5475,4.8825,0.378964234620887,1.8494992846924179
4187,4.55,4.885,0.3776824034334764,1.8449213161659515
4188,4.5525,4.88375,0.3776824034334764,1.8449213161659515
4189,4.55,4.88375,0.37914735336194566,1.8517882689556513
4190,4.5475,4.8825,0.37832331902718175,1.8494992846924179
4191,4.54,4.88375,0.37933047210300436,1.8517882689556513
4192,4.535,4.88375,0.3779570815450644,1.8449213161659515
4193,4.5475,4.88375,0.3779570815450644,1.8449213161659515
4194,4.535,4.88375,0.3787811158798284,1.8494992846924179
4195,4.55,4.88375,0.37914735336194566,1.8517882689556513
4196,4.545,4.88375,0.3787811158798284,1.8494992846924179
4197,4.5475,4.88375,0.37832331902718175,1.8494992846924179
4198,4.54,4.88375,0.37832331902718175,1.8494992846924179
4199,4.5375,4.88375,0.37814020028612305,1.8449213161659515
4200,4.5375,4.885,0.37814020028612305,1.8494992846924179
4201,4.545,4.8825,0.3787811158798284,1.8494992846924179
4202,4.5525,4.88375,0.37933047210300436,1.8517882689556513
4203,4.535,4.88375,0.37914735336194566,1.8517882689556513
4204,4.55,4.88375,0.37914735336194566,1.8517882689556513
4205,4.55,4.885,0.37914735336194566,1.8517882689556513
4206,4.54,4.8825,0.37832331902718175,1.8494992846924179
4207,4.545,4.88375,0.3787811158798284,1.8494992846924179
4208,4.5425,4.88375,0.3785064377682404,1.8494992846924179
4209,4.5425,4.88375,0.3796051502145923,1.8517882689556513
4210,4.5425,4.88375,0.3785064377682404,1.8494992846924179
4211,4.5375,4.8825,0.37814020028612305,1.8449213161659515
4212,4.535,4.88375,0.37832331902718175,1.8494992846924179
4213,4.55,4.88375,0.37914735336194566,1.8517882689556513
4214,4.54,4.88375,0.37832331902718175,1.8494992846924179
4215,4.5575,4.8825,0.3785064377682404,1.8494992846924179
4216,4.5425,4.8825,0.3785064377682404,1.8494992846924179
4217,4.545,4.88375,0.3787811158798284,1.8494992846924179
4218,4.535,4.88375,0.3806123032904149,1.860944206008584
4219,4.5425,4.8825,0.3796051502145923,1.8517882689556513
4220,4.56,4.88375,0.37997138769670963,1.8563662374821175
4221,4.55,4.8825,0.37814020028612305,1.8449213161659515
4222,4.5475,4.885,0.37933047210300436,1.8517882689556513
4223,4.5425,4.8825,0.3785064377682404,1.8494992846924179
4224,4.5525,4.8825,0.3779570815450644,1.8449213161659515
4225,4.55,4.8825,0.37832331902718175,1.8494992846924179
4226,4.5475,4.8825,0.378964234620887,1.8494992846924179
4227,4.5525,4.885,0.37914735336194566,1.8517882689556513
4228,4.55,4.8825,0.3779570815450644,1.8449213161659515
4229,4.545,4.8825,0.3787811158798284,1.8494992846924179
4230,4.55,4.88375,0.37914735336194566,1.8517882689556513
4231,4.5475,4.88375,0.37914735336194566,1.8517882689556513
4232,4.5475,4.885,0.378964234620887,1.8517882689556513
4233,4.5275,4.88375,0.37731616595135914,1.840343347639485
4234,4.54,4.88375,0.3787811158798284,1.8494992846924179
4235,4.5525,4.8825,0.37933047210300436,1.8517882689556513
4236,4.535,4.8825,0.3779570815450644,1.8449213161659515
4237,4.5225,4.8825,0.37933047210300436,1.8517882689556513
4238,4.5425,4.88375,0.3785064377682404,1.8494992846924179
4239,4.545,4.88375,0.3787811158798284,1.8494992846924179
4240,4.5625,4.8825,0.37933047210300436,1.8517882689556513
4241,4.5475,4.88375,0.378964234620887,1.8517882689556513
4242,4.545,4.8825,0.3787811158798284,1.8494992846924179
4243,4.54,4.88375,0.37832331902718175,1.8494992846924179
4244,4.545,4.88125,0.3787811158798284,1.8494992846924179
4245,4.5275,4.88375,0.37731616595135914,1.840343347639485
4246,4.5475,4.88375,0.379788268955651,1.8563662374821175
4247,4.55,4.885,0.37914735336194566,1.8517882689556513
4248,4.555,4.8825,0.3796051502145923,1.8517882689556513
4249,4.5425,4.88375,0.3779570815450644,1.8449213161659515
4250,4.5475,4.88125,0.378964234620887,1.8494992846924179
4251,4.5525,4.8825,0.37933047210300436,1.8517882689556513
4252,4.55,4.8825,0.3796051502145923,1.8517882689556513
4253,4.535,4.88375,0.3776824034334764,1.8449213161659515
4254,4.5475,4.8825,0.378964234620887,1.8494992846924179
4255,4.5475,4.88375,0.3796051502145923,1.8517882689556513
4256,4.545,4.8825,0.379788268955651,1.8517882689556513
4257,4.5525,4.8825,0.37933047210300436,1.8517882689556513
4258,4.5375,4.885,0.3779570815450644,1.8449213161659515
4259,4.5525,4.88375,0.3796051502145923,1.8517882689556513
4260,4.55,4.8825,0.37914735336194566,1.8517882689556513
4261,4.5375,4.88375,0.37914735336194566,1.8517882689556513
4262,4.5575,4.88375,0.37933047210300436,1.8517882689556513
4263,4.55,4.88375,0.37914735336194566,1.8517882689556513
4264,4.5375,4.88125,0.37933047210300436,1.8517882689556513
4265,4.5475,4.8825,0.3787811158798284,1.8494992846924179
4266,4.5325,4.88375,0.3776824034334764,1.8449213161659515
4267,4.5275,4.88375,0.37731616595135914,1.840343347639485
4268,4.5475,4.8825,0.37914735336194566,1.8517882689556513
4269,4.5525,4.88375,0.37933047210300436,1.8517882689556513
4270,4.545,4.88375,0.3787811158798284,1.8494992846924179
4271,4.5475,4.8825,0.37933047210300436,1.8517882689556513
4272,4.5425,4.8825,0.3785064377682404,1.8494992846924179
4273,4.5425,4.88375,0.3785064377682404,1.8494992846924179
4274,4.5575,4.88125,0.3774992846924178,1.840343347639485
4275,4.5475,4.885,0.378964234620887,1.8517882689556513
4276,4.5475,4.8825,0.378964234620887,1.8494992846924179
4277,4.5575,4.8825,0.37933047210300436,1.8517882689556513
4278,4.535,4.88375,0.3779570815450644,1.8449213161659515
4279,4.545,4.8825,0.3787811158798284,1.8494992846924179
4280,4.5525,4.88125,0.37933047210300436,1.8517882689556513
4281,4.55,4.8825,0.37914735336194566,1.8517882689556513
4282,4.55,4.8825,0.37914735336194566,1.8517882689556513
4283,4.545,4.8825,0.37832331902718175,1.8494992846924179
4284,4.5425,4.885,0.3785064377682404,1.8494992846924179
4285,4.5475,4.8825,0.378964234620887,1.8494992846924179
4286,4.53,4.88375,0.3796051502145923,1.8517882689556513
4287,4.55,4.88375,0.3779570815450644,1.8449213161659515
4288,4.53,4.8825,0.3774992846924178,1.840343347639485
4289,4.5375,4.88375,0.37933047210300436,1.8517882689556513
4290,4.545,4.885,0.37997138769670963,1.8563662374821175
4291,4.55,4.8825,0.37914735336194566,1.8517882689556513
4292,4.5375,4.8825,0.37814020028612305,1.8449213161659515
4293,4.535,4.88375,0.3787811158798284,1.8494992846924179
4294,4.5625,4.88375,0.3802460658082976,1.8563662374821175
4295,4.5525,4.8825,0.379788268955651,1.8517882689556513
4296,4.5525,4.88375,0.3776824034334764,1.8449213161659515
4297,4.545,4.8825,0.3787811158798284,1.8494992846924179
4298,4.55,4.8825,0.37914735336194566,1.8517882689556513
4299,4.535,4.8825,0.379788268955651,1.8517882689556513
4300,4.5375,4.88,0.37814020028612305,1.8449213161659515
4301,4.5625,4.88375,0.3802460658082976,1.8563662374821175
4302,4.5575,4.8825,0.37933047210300436,1.8517882689556513
4303,4.545,4.8825,0.3787811158798284,1.8494992846924179
4304,4.55,4.8825,0.37914735336194566,1.8517882689556513
4305,4.555,4.8825,0.378964234620887,1.8494992846924179
4306,4.545,4.88125,0.3787811158798284,1.8494992846924179
4307,4.5425,4.88375,0.3785064377682404,1.8494992846924179
4308,4.5375,4.8825,0.3785064377682404,1.8494992846924179
4309,4.545,4.8825,0.3787811158798284,1.8494992846924179
4310,4.55,4.88125,0.37914735336194566,1.8494992846924179
4311,4.5475,4.88125,0.3787811158798284,1.8494992846924179
4312,4.5575,4.88125,0.379788268955651,1.8517882689556513
4313,4.545,4.8825,0.3787811158798284,1.8494992846924179
4314,4.5475,4.885,0.3802460658082976,1.8563662374821175
4315,4.5375,4.8825,0.37814020028612305,1.8449213161659515
4316,4.5525,4.8825,0.37933047210300436,1.8517882689556513
4317,4.545,4.88375,0.378964234620887,1.8517882689556513
4318,4.545,4.8825,0.3787811158798284,1.8494992846924179
4319,4.535,4.88375,0.3779570815450644,1.8449213161659515
4320,4.5275,4.88375,0.37997138769670963,1.8563662374821175
4321,4.5525,4.88375,0.37933047210300436,1.8517882689556513
4322,4.565,4.88375,0.38042918454935626,1.8563662374821175
4323,4.5525,4.8825,0.37933047210300436,1.8517882689556513
4324,4.555,4.88125,0.37914735336194566,1.8494992846924179
4325,4.5575,4.88375,0.379788268955651,1.8563662374821175
4326,4.55,4.8825,0.37914735336194566,1.8517882689556513
4327,4.5375,4.8825,0.37832331902718175,1.8494992846924179
4328,4.5375,4.88375,0.37814020028612305,1.8449213161659515
4329,4.54,4.88375,0.3796051502145923,1.8517882689556513
4330,4.56,4.88125,0.37914735336194566,1.8494992846924179
4331,4.54,4.8825,0.37832331902718175,1.8494992846924179
4332,4.5425,4.8825,0.37914735336194566,1.8517882689556513
4333,4.5475,4.8825,0.3787811158798284,1.8494992846924179
4334,4.54,4.8825,0.37832331902718175,1.8494992846924179
4335,4.5475,4.8825,0.3796051502145923,1.8517882689556513
4336,4.5475,4.8825,0.37914735336194566,1.8517882689556513
4337,4.5625,4.88375,0.3802460658082976,1.8563662374821175
4338,4.54,4.8825,0.37832331902718175,1.8494992846924179
4339,4.5375,4.8825,0.37832331902718175,1.8494992846924179
4340,4.5425,4.88375,0.3785064377682404,1.8494992846924179
4341,4.5425,4.88375,0.3785064377682404,1.8494992846924179
4342,4.5425,4.8825,0.379788268955651,1.8517882689556513
4343,4.535,4.8825,0.3779570815450644,1.8449213161659515
4344,4.5575,4.8825,0.379788268955651,1.8517882689556513
4345,4.55,4.88375,0.37997138769670963,1.8563662374821175
4346,4.5475,4.88375,0.378964234620887,1.8517882689556513
4347,4.56,4.88375,0.37997138769670963,1.8563662374821175
4348,4.55,4.88375,0.3787811158798284,1.8494992846924179
4349,4.55,4.88125,0.37914735336194566,1.8494992846924179
4350,4.55,4.88,0.37914735336194566,1.8494992846924179
4351,4.5375,4.8825,0.37814020028612305,1.8449213161659515
4352,4.5525,4.8825,0.37933047210300436,1.8517882689556513
4353,4.5425,4.8825,0.3785064377682404,1.8494992846924179
4354,4.5525,4.8825,0.37933047210300436,1.8517882689556513
4355,4.5575,4.8825,0.379788268955651,1.8517882689556513
4356,4.5425,4.88375,0.3785064377682404,1.8494992846924179
4357,4.545,4.8825,0.38042918454935626,1.8563662374821175
4358,4.54,4.88125,0.37914735336194566,1.8494992846924179
4359,4.54,4.88125,0.37832331902718175,1.8449213161659515
4360,4.55,4.88375,0.37832331902718175,1.8494992846924179
4361,4.5425,4.8825,0.37914735336194566,1.8517882689556513
4362,4.5425,4.88375,0.3785064377682404,1.8494992846924179
4363,4.545,4.8825,0.37914735336194566,1.8517882689556513
4364,4.5375,4.88375,0.37914735336194566,1.8517882689556513
4365,4.5525,4.88375,0.37933047210300436,1.8517882689556513
4366,4.535,4.88375,0.37914735336194566,1.8517882689556513
4367,4.555,4.8825,0.37933047210300436,1.8517882689556513
4368,4.5375,4.88375,0.37814020028612305,1.8449213161659515
4369,4.545,4.88375,0.3796051502145923,1.8517882689556513
4370,4.545,4.88375,0.378964234620887,1.8517882689556513
4371,4.55,4.88375,0.37914735336194566,1.8517882689556513
4372,4.54,4.8825,0.37832331902718175,1.8494992846924179
4373,4.5475,4.8825,0.3802460658082976,1.8563662374821175
4374,4.5525,4.88375,0.37933047210300436,1.8517882689556513
4375,4.5525,4.88375,0.37933047210300436,1.8517882689556513
4376,4.555,4.88375,0.3796051502145923,1.8517882689556513
4377,4.55,4.8825,0.37914735336194566,1.8517882689556513
4378,4.5575,4.8825,0.379788268955651,1.8517882689556513
4379,4.5425,4.8825,0.37832331902718175,1.8494992846924179
4380,4.55,4.8825,0.37914735336194566,1.8517882689556513
4381,4.55,4.8825,0.37914735336194566,1.8517882689556513
4382,4.54,4.8825,0.3796051502145923,1.8517882689556513
4383,4.5575,4.8825,0.379788268955651,1.8517882689556513
4384,4.56,4.88125,0.37997138769670963,1.8563662374821175
4385,4.5425,4.8825,0.379788268955651,1.8517882689556513
4386,4.5325,4.8825,0.3776824034334764,1.8449213161659515
4387,4.5575,4.88125,0.379788268955651,1.8517882689556513
4388,4.565,4.8825,0.379788268955651,1.8517882689556513
4389,4.55,4.8825,0.37914735336194566,1.8517882689556513
4390,4.54,4.88375,0.37832331902718175,1.8494992846924179
4391,4.545,4.8825,0.378964234620887,1.8494992846924179
4392,4.5525,4.88375,0.37933047210300436,1.8517882689556513
4393,4.55,4.88375,0.37914735336194566,1.8517882689556513
4394,4.5375,4.8825,0.37814020028612305,1.8449213161659515
4395,4.55,4.88375,0.3796051502145923,1.8517882689556513
4396,4.5475,4.88375,0.378964234620887,1.8517882689556513
4397,4.555,4.8825,0.37933047210300436,1.8517882689556513
4398,4.56,4.88375,0.3776824034334764,1.8449213161659515
4399,4.5525,4.88375,0.37933047210300436,1.8517882689556513
4400,4.55,4.88375,0.3787811158798284,1.8494992846924179
4401,4.5575,4.8825,0.37832331902718175,1.8494992846924179
4402,4.5475,4.8825,0.378964234620887,1.8494992846924179
4403,4.55,4.8825,0.3796051502145923,1.8517882689556513
4404,4.5475,4.88375,0.378964234620887,1.8517882689556513
4405,4.5575,4.8825,0.379788268955651,1.8517882689556513
4406,4.5525,4.88375,0.37933047210300436,1.8517882689556513
4407,4.5475,4.8825,0.3796051502145923,1.8517882689556513
4408,4.585,4.8825,0.38207725321888414,1.8632331902718169
4409,4.55,4.8825,0.37914735336194566,1.8517882689556513
4410,4.545,4.8825,0.3787811158798284,1.8494992846924179
4411,4.5525,4.8825,0.37933047210300436,1.8517882689556513
4412,4.5425,4.8825,0.3785064377682404,1.8494992846924179
4413,4.545,4.88125,0.37914735336194566,1.8494992846924179
4414,4.5475,4.8825,0.378964234620887,1.8494992846924179
4415,4.55,4.88375,0.37914735336194566,1.8517882689556513
4416,4.555,4.8825,0.37832331902718175,1.8494992846924179
4417,4.55,4.88125,0.37914735336194566,1.8494992846924179
4418,4.5575,4.8825,0.379788268955651,1.8517882689556513
4419,4.5575,4.88375,0.378964234620887,1.8517882689556513
4420,4.55,4.8825,0.37914735336194566,1.8517882689556513
4421,4.5575,4.8825,0.379788268955651,1.8517882689556513
4422,4.5625,4.88125,0.379788268955651,1.8517882689556513
4423,4.535,4.8825,0.3779570815450644,1.8449213161659515
4424,4.5375,4.8825,0.37814020028612305,1.8449213161659515
4425,4.5325,4.88375,0.3785064377682404,1.8494992846924179
4426,4.5425,4.8825,0.3785064377682404,1.8494992846924179
4427,4.5525,4.8825,0.37933047210300436,1.8517882689556513
4428,4.5525,4.88375,0.379788268955651,1.8563662374821175
4429,4.5425,4.88375,0.3785064377682404,1.8494992846924179
4430,4.5325,4.8825,0.3776824034334764,1.8449213161659515
4431,4.5425,4.88375,0.379788268955651,1.8563662374821175
4432,4.56,4.8825,0.37933047210300436,1.8517882689556513
4433,4.5375,4.8825,0.37814020028612305,1.8449213161659515
4434,4.5525,4.8825,0.3796051502145923,1.8517882689556513
4435,4.5325,4.8825,0.37832331902718175,1.8494992846924179
4436,4.55,4.88125,0.37914735336194566,1.8494992846924179
4437,4.54,4.8825,0.37933047210300436,1.8517882689556513
4438,4.5525,4.88125,0.37914735336194566,1.8494992846924179
4439,4.5575,4.8825,0.379788268955651,1.8517882689556513
4440,4.56,4.88,0.37814020028612305,1.8449213161659515
4441,4.545,4.8825,0.3779570815450644,1.8449213161659515
4442,4.54,4.8825,0.37832331902718175,1.8494992846924179
4443,4.5475,4.8825,0.378964234620887,1.8517882689556513
4444,4.555,4.88125,0.3785064377682404,1.8494992846924179
4445,4.5525,4.8825,0.37933047210300436,1.8517882689556513
4446,4.5325,4.88375,0.3776824034334764,1.8449213161659515
4447,4.5425,4.88375,0.3785064377682404,1.8494992846924179
4448,4.56,4.8825,0.37997138769670963,1.8563662374821175
4449,4.5475,4.8825,0.378964234620887,1.8494992846924179
4450,4.5475,4.8825,0.379788268955651,1.8517882689556513
4451,4.55,4.88375,0.37914735336194566,1.8517882689556513
4452,4.5525,4.88125,0.37933047210300436,1.8517882689556513
4453,4.5375,4.8825,0.3787811158798284,1.8494992846924179
4454,4.54,4.8825,0.37832331902718175,1.8494992846924179
4455,4.545,4.885,0.3787811158798284,1.8494992846924179
4456,4.54,4.88125,0.3807954220314736,1.860944206008584
4457,4.5575,4.88375,0.379788268955651,1.8563662374821175
4458,4.5475,4.88375,0.378964234620887,1.8517882689556513
4459,4.5575,4.88125,0.3785064377682404,1.8494992846924179
4460,4.565,4.8825,0.38042918454935626,1.8563662374821175
4461,4.5525,4.8825,0.37933047210300436,1.8517882689556513
4462,4.5425,4.8825,0.3787811158798284,1.8494992846924179
4463,4.5475,4.88375,0.378964234620887,1.8517882689556513
4464,4.555,4.88125,0.3796051502145923,1.8517882689556513
4465,4.555,4.8825,0.37832331902718175,1.8494992846924179
4466,4.5775,4.88375,0.37832331902718175,1.8494992846924179
4467,4.555,4.88375,0.3796051502145923,1.8517882689556513
4468,4.55,4.8825,0.37933047210300436,1.8517882689556513
4469,4.5325,4.8825,0.37933047210300436,1.8517882689556513
4470,4.5525,4.8825,0.37933047210300436,1.8517882689556513
4471,4.5525,4.88375,0.3787811158798284,1.8494992846924179
4472,4.5525,4.8825,0.3796051502145923,1.8517882689556513
4473,4.56,4.88375,0.37997138769670963,1.8563662374821175
4474,4.56,4.88375,0.37832331902718175,1.8494992846924179
4475,4.5375,4.8825,0.37933047210300436,1.8517882689556513
4476,4.5475,4.88375,0.378964234620887,1.8517882689556513
4477,4.5375,4.8825,0.3796051502145923,1.8517882689556513
4478,4.5525,4.88375,0.3779570815450644,1.8449213161659515
4479,4.5575,4.88125,0.379788268955651,1.8517882689556513
4480,4.5525,4.8825,0.37933047210300436,1.8517882689556513
4481,4.5575,4.88125,0.3785064377682404,1.8494992846924179
4482,4.5525,4.88125,0.37933047210300436,1.8517882689556513
4483,4.5675,4.88375,0.3806123032904149,1.860944206008584
4484,4.5475,4.88375,0.3779570815450644,1.8449213161659515
4485,4.545,4.885,0.3787811158798284,1.8494992846924179
4486,4.5525,4.8825,0.37933047210300436,1.8517882689556513
4487,4.55,4.8825,0.378964234620887,1.8494992846924179
4488,4.545,4.8825,0.3787811158798284,1.8494992846924179
4489,4.55,4.8825,0.37914735336194566,1.8517882689556513
4490,4.5475,4.8825,0.3806123032904149,1.860944206008584
4491,4.54,4.88125,0.37832331902718175,1.8449213161659515
4492,4.5575,4.885,0.379788268955651,1.8563662374821175
4493,4.5725,4.88375,0.3779570815450644,1.8449213161659515
4494,4.5425,4.8825,0.3785064377682404,1.8494992846924179
4495,4.56,4.88125,0.37997138769670963,1.8563662374821175
4496,4.55,4.88375,0.3806123032904149,1.860944206008584
4497,4.5375,4.8825,0.37814020028612305,1.8449213161659515
4498,4.5475,4.88375,0.378964234620887,1.8517882689556513
4499,4.53,4.8825,0.37914735336194566,1.8517882689556513
4500,4.5625,4.88125,0.3787811158798284,1.8494992846924179
4501,4.5625,4.8825,0.3802460658082976,1.8563662374821175
4502,4.5675,4.88,0.3796051502145923,1.8517882689556513
4503,4.5475,4.8825,0.3787811158798284,1.8494992846924179
4504,4.5525,4.88375,0.37933047210300436,1.8517882689556513
4505,4.5475,4.88375,0.37933047210300436,1.8517882689556513
4506,4.5525,4.8825,0.3802460658082976,1.8563662374821175
4507,4.55,4.8825,0.37914735336194566,1.8517882689556513
4508,4.5475,4.8825,0.37914735336194566,1.8517882689556513
4509,4.535,4.88375,0.3787811158798284,1.8494992846924179
4510,4.5675,4.88375,0.3806123032904149,1.860944206008584
4511,4.5625,4.88375,0.378964234620887,1.8517882689556513
4512,4.5575,4.8825,0.3787811158798284,1.8494992846924179
4513,4.54,4.8825,0.37832331902718175,1.8494992846924179
4514,4.55,4.8825,0.37914735336194566,1.8517882689556513
4515,4.55,4.8825,0.3787811158798284,1.8494992846924179
4516,4.5525,4.88125,0.37933047210300436,1.8517882689556513
4517,4.54,4.8825,0.37832331902718175,1.8494992846924179
4518,4.555,4.8825,0.3802460658082976,1.8563662374821175
4519,4.5675,4.88125,0.3806123032904149,1.8563662374821175
4520,4.545,4.8825,0.3787811158798284,1.8494992846924179
4521,4.5425,4.88375,0.3796051502145923,1.8517882689556513
4522,4.5575,4.8825,0.379788268955651,1.8517882689556513
4523,4.56,4.8825,0.37997138769670963,1.8563662374821175
4524,4.5675,4.8825,0.3785064377682404,1.8494992846924179
4525,4.5525,4.8825,0.37933047210300436,1.8517882689556513
4526,4.5575,4.88375,0.379788268955651,1.8563662374821175
4527,4.5475,4.88125,0.37914735336194566,1.8494992846924179
4528,4.55,4.8825,0.37914735336194566,1.8517882689556513
4529,4.5675,4.8825,0.3806123032904149,1.860944206008584
4530,4.54,4.8825,0.378964234620887,1.8494992846924179
4531,4.5475,4.885,0.378964234620887,1.8517882689556513
4532,4.555,4.8825,0.3796051502145923,1.8517882689556513
4533,4.5675,4.8825,0.378964234620887,1.8494992846924179
4534,4.545,4.8825,0.3787811158798284,1.8494992846924179
4535,4.5525,4.88375,0.37933047210300436,1.8517882689556513
4536,4.56,4.88375,0.37914735336194566,1.8517882689556513
4537,4.5525,4.8825,0.37933047210300436,1.8517882689556513
4538,4.565,4.88125,0.38042918454935626,1.8563662374821175
4539,4.5325,4.88375,0.3796051502145923,1.8517882689556513
4540,4.555,4.88,0.37933047210300436,1.8517882689556513
4541,4.555,4.8825,0.3796051502145923,1.8517882689556513
4542,4.5475,4.88375,0.3802460658082976,1.8563662374821175
4543,4.52,4.8825,0.3806123032904149,1.860944206008584
4544,4.52,4.8825,0.3766752503576538,1.838054363376252
4545,4.5675,4.8825,0.379788268955651,1.8517882689556513
4546,4.545,4.88375,0.379788268955651,1.8563662374821175
4547,4.5775,4.8825,0.38143633762517887,1.8632331902718169
4548,4.565,4.88375,0.38042918454935626,1.8517882689556513
4549,4.56,4.8825,0.379788268955651,1.8517882689556513
4550,4.5375,4.88125,0.37814020028612305,1.8449213161659515
4551,4.56,4.88125,0.37997138769670963,1.8563662374821175
4552,4.56,4.885,0.3779570815450644,1.8449213161659515
4553,4.56,4.88125,0.37997138769670963,1.8563662374821175
4554,4.575,4.8825,0.3812532188841202,1.860944206008584
4555,4.555,4.8825,0.3779570815450644,1.8449213161659515
4556,4.57,4.8825,0.3807954220314736,1.860944206008584
4557,4.56,4.8825,0.37997138769670963,1.8563662374821175
4558,4.555,4.88375,0.3802460658082976,1.8563662374821175
4559,4.5525,4.8825,0.37933047210300436,1.8517882689556513
4560,4.56,4.88125,0.37997138769670963,1.8563662374821175
4561,4.5425,4.88375,0.37933047210300436,1.8517882689556513
4562,4.54,4.8825,0.37832331902718175,1.8494992846924179
4563,4.5525,4.8825,0.37933047210300436,1.8517882689556513
4564,4.54,4.8825,0.37997138769670963,1.8563662374821175
4565,4.565,4.8825,0.38042918454935626,1.8563662374821175
4566,4.5725,4.8825,0.38107010014306153,1.860944206008584
4567,4.5525,4.8825,0.379788268955651,1.8517882689556513
4568,4.555,4.8825,0.3796051502145923,1.8517882689556513
4569,4.545,4.8825,0.3787811158798284,1.8494992846924179
4570,4.5525,4.88125,0.37933047210300436,1.8517882689556513
4571,4.56,4.8825,0.3787811158798284,1.8494992846924179
4572,4.5675,4.8825,0.3806123032904149,1.860944206008584
4573,4.55,4.8825,0.379788268955651,1.8517882689556513
4574,4.5575,4.8825,0.379788268955651,1.8517882689556513
4575,4.535,4.8825,0.3779570815450644,1.8449213161659515
4576,4.5575,4.8825,0.378964234620887,1.8494992846924179
4577,4.5475,4.88125,0.37914735336194566,1.8494992846924179
4578,4.5525,4.8825,0.37933047210300436,1.8517882689556513
4579,4.5575,4.8825,0.3787811158798284,1.8494992846924179
4580,4.55,4.8825,0.3802460658082976,1.8563662374821175
4581,4.5875,4.8825,0.38226037195994284,1.8678111587982833
4582,4.5575,4.8825,0.378964234620887,1.8494992846924179
4583,4.5425,4.8825,0.379788268955651,1.8517882689556513
4584,4.55,4.8825,0.37914735336194566,1.8517882689556513
4585,4.5625,4.8825,0.3802460658082976,1.8563662374821175
4586,4.545,4.88125,0.3812532188841202,1.860944206008584
4587,4.5525,4.88125,0.37933047210300436,1.8517882689556513
4588,4.5575,4.88375,0.379788268955651,1.8563662374821175
4589,4.5525,4.8825,0.379788268955651,1.8517882689556513
4590,4.54,4.8825,0.37832331902718175,1.8494992846924179
4591,4.5575,4.8825,0.379788268955651,1.8517882689556513
4592,4.555,4.88375,0.379788268955651,1.8563662374821175
4593,4.565,4.8825,0.38042918454935626,1.8563662374821175
4594,4.555,4.8825,0.3796051502145923,1.8517882689556513
4595,4.5625,4.88125,0.3785064377682404,1.8494992846924179
4596,4.5625,4.8825,0.3802460658082976,1.8563662374821175
4597,4.55,4.8825,0.37914735336194566,1.8517882689556513
4598,4.55,4.88375,0.378964234620887,1.8517882689556513
4599,4.5525,4.8825,0.37933047210300436,1.8517882689556513
4600,4.555,4.88125,0.3796051502145923,1.8517882689556513
4601,4.5525,4.8825,0.37914735336194566,1.8517882689556513
4602,4.5725,4.8825,0.38107010014306153,1.860944206008584
4603,4.5375,4.8825,0.37814020028612305,1.8449213161659515
4604,4.56,4.885,0.37914735336194566,1.8517882689556513
4605,4.5625,4.8825,0.3802460658082976,1.8563662374821175
4606,4.5625,4.88125,0.3802460658082976,1.8563662374821175
4607,4.54,4.8825,0.37933047210300436,1.8517882689556513
4608,4.55,4.88375,0.37997138769670963,1.8563662374821175
4609,4.5775,4.88375,0.38143633762517887,1.8632331902718169
4610,4.5525,4.8825,0.3802460658082976,1.8563662374821175
4611,4.5625,4.88125,0.379788268955651,1.8517882689556513
4612,4.54,4.88125,0.37832331902718175,1.8449213161659515
4613,4.5475,4.8825,0.3785064377682404,1.8494992846924179
4614,4.545,4.8825,0.37933047210300436,1.8517882689556513
4615,4.565,4.8825,0.38042918454935626,1.8563662374821175
4616,4.55,4.8825,0.37914735336194566,1.8517882689556513
4617,4.555,4.88375,0.3776824034334764,1.8449213161659515
4618,4.56,4.8825,0.37997138769670963,1.8563662374821175
4619,4.56,4.8825,0.37997138769670963,1.8494992846924179
4620,4.5425,4.8825,0.379788268955651,1.8517882689556513
4621,4.5625,4.8825,0.3802460658082976,1.8563662374821175
4622,4.555,4.88125,0.3796051502145923,1.8517882689556513
4623,4.55,4.8825,0.379788268955651,1.8517882689556513
4624,4.5675,4.88125,0.3806123032904149,1.8563662374821175
4625,4.5525,4.8825,0.37933047210300436,1.8517882689556513
4626,4.5425,4.88125,0.3807954220314736,1.860944206008584
4627,4.55,4.88125,0.37914735336194566,1.8494992846924179
4628,4.545,4.8825,0.3787811158798284,1.8494992846924179
4629,4.5475,4.88375,0.3785064377682404,1.8494992846924179
4630,4.5525,4.88125,0.37933047210300436,1.8517882689556513
4631,4.5525,4.8825,0.37933047210300436,1.8517882689556513
4632,4.5325,4.88375,0.3787811158798284,1.8494992846924179
4633,4.5375,4.8825,0.37814020028612305,1.8449213161659515
4634,4.53,4.88375,0.3774992846924178,1.8449213161659515
4635,4.5425,4.8825,0.3785064377682404,1.8494992846924179
4636,4.5625,4.8825,0.3802460658082976,1.8563662374821175
4637,4.54,4.8825,0.37832331902718175,1.8494992846924179
4638,4.5625,4.8825,0.378964234620887,1.8494992846924179
4639,4.55,4.8825,0.37914735336194566,1.8517882689556513
4640,4.5625,4.8825,0.3802460658082976,1.8563662374821175
4641,4.5575,4.8825,0.37832331902718175,1.8494992846924179
4642,4.555,4.88125,0.37997138769670963,1.8563662374821175
4643,4.5425,4.88125,0.3785064377682404,1.8494992846924179
4644,4.57,4.88,0.379788268955651,1.8517882689556513
4645,4.55,4.8825,0.378964234620887,1.8494992846924179
4646,4.5525,4.8825,0.37933047210300436,1.8517882689556513
4647,4.56,4.8825,0.3802460658082976,1.8563662374821175
4648,4.5525,4.8825,0.379788268955651,1.8517882689556513
4649,4.5725,4.8825,0.38107010014306153,1.860944206008584
4650,4.5375,4.8825,0.3779570815450644,1.8449213161659515
4651,4.55,4.88375,0.3807954220314736,1.860944206008584
4652,4.53,4.8825,0.3774992846924178,1.840343347639485
4653,4.55,4.88375,0.3785064377682404,1.8494992846924179
4654,4.55,4.88125,0.37832331902718175,1.8449213161659515
4655,4.525,4.88375,0.37704148783977115,1.840343347639485
4656,4.5375,4.88375,0.37814020028612305,1.8449213161659515
4657,4.5475,4.8825,0.37914735336194566,1.8517882689556513
4658,4.55,4.8825,0.37914735336194566,1.8517882689556513
4659,4.545,4.8825,0.3787811158798284,1.8494992846924179
4660,4.535,4.885,0.37914735336194566,1.8517882689556513
4661,4.5625,4.8825,0.3802460658082976,1.8563662374821175
4662,4.5525,4.88375,0.37933047210300436,1.8517882689556513
4663,4.535,4.88375,0.3796051502145923,1.8517882689556513
4664,4.555,4.8825,0.3796051502145923,1.8517882689556513
4665,4.5575,4.8825,0.379788268955651,1.8517882689556513
4666,4.5375,4.8825,0.3785064377682404,1.8494992846924179
4667,4.5375,4.8825,0.37814020028612305,1.8449213161659515
4668,4.545,4.88375,0.3787811158798284,1.8494992846924179
4669,4.5375,4.88375,0.37933047210300436,1.8517882689556513
4670,4.55,4.88125,0.37914735336194566,1.8494992846924179
4671,4.5525,4.8825,0.37933047210300436,1.8517882689556513
4672,4.55,4.8825,0.3787811158798284,1.8494992846924179
4673,4.56,4.8825,0.37997138769670963,1.8563662374821175
4674,4.5475,4.8825,0.378964234620887,1.8494992846924179
4675,4.5325,4.8825,0.37933047210300436,1.8517882689556513
4676,4.5625,4.885,0.3802460658082976,1.8563662374821175
4677,4.5575,4.8825,0.379788268955651,1.8517882689556513
4678,4.545,4.8825,0.3806123032904149,1.860944206008584
4679,4.5475,4.8825,0.3787811158798284,1.8494992846924179
4680,4.5725,4.8825,0.38107010014306153,1.860944206008584
4681,4.54,4.88375,0.3774992846924178,1.8449213161659515
4682,4.5575,4.88125,0.378964234620887,1.8494992846924179
4683,4.565,4.8825,0.38042918454935626,1.8563662374821175
4684,4.5525,4.8825,0.38042918454935626,1.8563662374821175
4685,4.5525,4.8825,0.37933047210300436,1.8517882689556513
4686,4.5725,4.8825,0.38107010014306153,1.860944206008584
4687,4.56,4.88125,0.379788268955651,1.8517882689556513
4688,4.5425,4.8825,0.3785064377682404,1.8494992846924179
4689,4.53,4.88375,0.3774992846924178,1.8449213161659515
4690,4.5625,4.8825,0.3802460658082976,1.8563662374821175
4691,4.5525,4.88375,0.3785064377682404,1.8494992846924179
4692,4.5525,4.8825,0.37933047210300436,1.8517882689556513
4693,4.535,4.8825,0.3779570815450644,1.8449213161659515
4694,4.5575,4.88125,0.378964234620887,1.8494992846924179
4695,4.5775,4.88375,0.38143633762517887,1.8632331902718169
4696,4.5525,4.8825,0.37933047210300436,1.8517882689556513
4697,4.5525,4.88375,0.3796051502145923,1.8517882689556513
4698,4.5425,4.8825,0.3785064377682404,1.8494992846924179
4699,4.5625,4.88375,0.3802460658082976,1.8563662374821175
4700,4.555,4.8825,0.37832331902718175,1.8494992846924179
4701,4.555,4.88125,0.3796051502145923,1.8517882689556513
4702,4.5525,4.88375,0.37933047210300436,1.8517882689556513
4703,4.5525,4.8825,0.379788268955651,1.8517882689556513
4704,4.575,4.88375,0.3812532188841202,1.860944206008584
4705,4.5425,4.8825,0.3785064377682404,1.8494992846924179
4706,4.5625,4.88375,0.378964234620887,1.8517882689556513
4707,4.5475,4.88375,0.378964234620887,1.8517882689556513
4708,4.5425,4.8825,0.3785064377682404,1.8494992846924179
4709,4.5575,4.8825,0.37914735336194566,1.8517882689556513
4710,4.55,4.8825,0.37914735336194566,1.8517882689556513
4711,4.56,4.88125,0.37997138769670963,1.8563662374821175
4712,4.5425,4.8825,0.3787811158798284,1.8494992846924179
4713,4.5475,4.8825,0.378964234620887,1.8494992846924179
4714,4.55,4.8825,0.37914735336194566,1.8517882689556513
4715,4.5575,4.8825,0.37997138769670963,1.8563662374821175
4716,4.54,4.88125,0.38042918454935626,1.8563662374821175
4717,4.5325,4.8825,0.3776824034334764,1.8449213161659515
4718,4.5475,4.8825,0.38226037195994284,1.8678111587982833
4719,4.55,4.88375,0.38107010014306153,1.860944206008584
4720,4.555,4.8825,0.3796051502145923,1.8517882689556513
4721,4.5475,4.8825,0.37997138769670963,1.8563662374821175
4722,4.5525,4.88375,0.38042918454935626,1.8563662374821175
4723,4.5425,4.8825,0.3785064377682404,1.8494992846924179
4724,4.545,4.88375,0.3806123032904149,1.860944206008584
4725,4.55,4.8825,0.3787811158798284,1.8494992846924179
4726,4.5625,4.88125,0.3802460658082976,1.8563662374821175
4727,4.5325,4.8825,0.3776824034334764,1.8449213161659515
4728,4.5575,4.8825,0.378964234620887,1.8494992846924179
4729,4.5525,4.8825,0.37933047210300436,1.8517882689556513
4730,4.5475,4.8825,0.378964234620887,1.8494992846924179
4731,4.5475,4.8825,0.3787811158798284,1.8494992846924179
4732,4.5675,4.88125,0.3806123032904149,1.8563662374821175
4733,4.545,4.8825,0.3787811158798284,1.8494992846924179
4734,4.5525,4.8825,0.37832331902718175,1.8494992846924179
4735,4.5525,4.8825,0.37933047210300436,1.8517882689556513
4736,4.5475,4.8825,0.378964234620887,1.8494992846924179
4737,4.555,4.88375,0.37704148783977115,1.840343347639485
4738,4.5575,4.88375,0.379788268955651,1.8563662374821175
4739,4.55,4.8825,0.37914735336194566,1.8517882689556513
4740,4.555,4.8825,0.378964234620887,1.8494992846924179
4741,4.5675,4.8825,0.3806123032904149,1.860944206008584
4742,4.545,4.8825,0.3787811158798284,1.8494992846924179
4743,4.5625,4.8825,0.38042918454935626,1.8563662374821175
4744,4.565,4.88125,0.38042918454935626,1.8563662374821175
4745,4.55,4.8825,0.37914735336194566,1.8517882689556513
4746,4.55,4.8825,0.3787811158798284,1.8494992846924179
4747,4.565,4.8825,0.38042918454935626,1.8563662374821175
4748,4.5475,4.8825,0.378964234620887,1.8494992846924179
4749,4.5575,4.8825,0.3802460658082976,1.8563662374821175
4750,4.55,4.8825,0.38042918454935626,1.8563662374821175
4751,4.5425,4.8825,0.3785064377682404,1.8494992846924179
4752,4.545,4.88375,0.3818941344778255,1.8632331902718169
4753,4.55,4.8825,0.38107010014306153,1.860944206008584
4754,4.5325,4.8825,0.3776824034334764,1.8449213161659515
4755,4.545,4.8825,0.3785064377682404,1.8494992846924179
4756,4.54,4.88125,0.38042918454935626,1.8563662374821175
4757,4.5675,4.8825,0.3806123032904149,1.860944206008584
4758,4.5575,4.8825,0.3796051502145923,1.8517882689556513
4759,4.5575,4.8825,0.37997138769670963,1.8563662374821175
4760,4.5475,4.88125,0.378964234620887,1.8494992846924179
4761,4.54,4.88125,0.37832331902718175,1.8494992846924179
4762,4.5625,4.88125,0.38171101573676686,1.8632331902718169
4763,4.5575,4.8825,0.379788268955651,1.8517882689556513
4764,4.5425,4.88125,0.3785064377682404,1.8494992846924179
4765,4.56,4.8825,0.3802460658082976,1.8563662374821175
4766,4.5575,4.8825,0.379788268955651,1.8517882689556513
4767,4.53,4.88375,0.3774992846924178,1.8449213161659515
4768,4.5575,4.88375,0.37997138769670963,1.8563662374821175
4769,4.5425,4.8825,0.3785064377682404,1.8494992846924179
4770,4.5475,4.88375,0.378964234620887,1.8517882689556513
4771,4.555,4.88125,0.37914735336194566,1.8494992846924179
4772,4.5525,4.88125,0.37933047210300436,1.8517882689556513
4773,4.555,4.8825,0.3796051502145923,1.8517882689556513
4774,4.555,4.8825,0.37997138769670963,1.8563662374821175
4775,4.5475,4.88125,0.378964234620887,1.8494992846924179
4776,4.555,4.8825,0.3796051502145923,1.8517882689556513
4777,4.5575,4.8825,0.3779570815450644,1.8449213161659515
4778,4.5425,4.8825,0.3785064377682404,1.8494992846924179
4779,4.5525,4.8825,0.37933047210300436,1.8517882689556513
4780,4.5475,4.8825,0.37997138769670963,1.8563662374821175
4781,4.5425,4.88375,0.3785064377682404,1.8494992846924179
4782,4.5575,4.88375,0.379788268955651,1.8563662374821175
4783,4.5675,4.8825,0.37832331902718175,1.8494992846924179
4784,4.55,4.8825,0.378964234620887,1.8494992846924179
4785,4.5675,4.88375,0.3806123032904149,1.860944206008584
4786,4.55,4.8825,0.3802460658082976,1.8563662374821175
4787,4.5525,4.8825,0.37933047210300436,1.8517882689556513
4788,4.55,4.8825,0.37914735336194566,1.8517882689556513
4789,4.545,4.8825,0.378964234620887,1.8494992846924179
4790,4.5575,4.8825,0.3796051502145923,1.8517882689556513
4791,4.5575,4.88125,0.379788268955651,1.8517882689556513
4792,4.545,4.88375,0.37933047210300436,1.8517882689556513
4793,4.56,4.8825,0.37933047210300436,1.8517882689556513
4794,4.5525,4.88375,0.37933047210300436,1.8517882689556513
4795,4.5525,4.8825,0.37933047210300436,1.8494992846924179
4796,4.5525,4.8825,0.3787811158798284,1.8494992846924179
4797,4.5475,4.8825,0.378964234620887,1.8494992846924179
4798,4.545,4.8825,0.3787811158798284,1.8494992846924179
4799,4.5475,4.8825,0.37914735336194566,1.8517882689556513
4800,4.54,4.8825,0.37832331902718175,1.8494992846924179
4801,4.5575,4.8825,0.379788268955651,1.8517882689556513
4802,4.5675,4.8825,0.37914735336194566,1.8517882689556513
4803,4.555,4.88375,0.3796051502145923,1.8517882689556513
4804,4.5475,4.88375,0.378964234620887,1.8517882689556513
4805,4.55,4.8825,0.3787811158798284,1.8494992846924179
4806,4.55,4.8825,0.37914735336194566,1.8517882689556513
4807,4.5625,4.88375,0.3802460658082976,1.8563662374821175
4808,4.5575,4.88375,0.378964234620887,1.8517882689556513
4809,4.5525,4.8825,0.37933047210300436,1.8517882689556513
4810,4.5525,4.88375,0.37933047210300436,1.8517882689556513
4811,4.5575,4.8825,0.37914735336194566,1.8517882689556513
4812,4.56,4.8825,0.37997138769670963,1.8563662374821175
4813,4.57,4.8825,0.3807954220314736,1.860944206008584
4814,4.55,4.88375,0.3787811158798284,1.8494992846924179
4815,4.565,4.8825,0.38042918454935626,1.8563662374821175
4816,4.5525,4.88375,0.37933047210300436,1.8517882689556513
4817,4.56,4.8825,0.37933047210300436,1.8517882689556513
4818,4.555,4.885,0.37914735336194566,1.8517882689556513
4819,4.5575,4.88375,0.379788268955651,1.8563662374821175
4820,4.5325,4.8825,0.3796051502145923,1.8517882689556513
4821,4.55,4.885,0.3787811158798284,1.8494992846924179
4822,4.5475,4.8825,0.378964234620887,1.8494992846924179
4823,4.555,4.8825,0.379788268955651,1.8517882689556513
4824,4.5275,4.88375,0.3796051502145923,1.8517882689556513
4825,4.5575,4.88125,0.379788268955651,1.8517882689556513
4826,4.555,4.8825,0.3787811158798284,1.8494992846924179
4827,4.5375,4.8825,0.379788268955651,1.8517882689556513
4828,4.5425,4.88125,0.3785064377682404,1.8494992846924179
4829,4.55,4.8825,0.37814020028612305,1.8449213161659515
4830,4.545,4.8825,0.3796051502145923,1.8517882689556513
4831,4.55,4.8825,0.37914735336194566,1.8517882689556513
4832,4.555,4.88375,0.3796051502145923,1.8517882689556513
4833,4.5575,4.88375,0.37997138769670963,1.8563662374821175
4834,4.5475,4.88375,0.378964234620887,1.8517882689556513
4835,4.5475,4.88375,0.378964234620887,1.8517882689556513
4836,4.5625,4.8825,0.3796051502145923,1.8517882689556513
4837,4.55,4.88375,0.37914735336194566,1.8517882689556513
4838,4.5425,4.88375,0.3785064377682404,1.8494992846924179
4839,4.5675,4.8825,0.37933047210300436,1.8517882689556513
4840,4.55,4.8825,0.37914735336194566,1.8517882689556513
4841,4.5525,4.88125,0.37933047210300436,1.8517882689556513
4842,4.5475,4.8825,0.38042918454935626,1.8563662374821175
4843,4.5525,4.88375,0.37933047210300436,1.8517882689556513
4844,4.5725,4.885,0.38107010014306153,1.860944206008584
4845,4.55,4.88375,0.37933047210300436,1.8517882689556513
4846,4.5625,4.8825,0.3802460658082976,1.8563662374821175
4847,4.5725,4.8825,0.38107010014306153,1.860944206008584
4848,4.525,4.885,0.37933047210300436,1.8517882689556513
4849,4.575,4.88125,0.3812532188841202,1.860944206008584
4850,4.5575,4.88375,0.379788268955651,1.8563662374821175
4851,4.54,4.8825,0.37914735336194566,1.8517882689556513
4852,4.555,4.88375,0.3796051502145923,1.8517882689556513
4853,4.55,4.8825,0.37914735336194566,1.8517882689556513
4854,4.5725,4.8825,0.378964234620887,1.8494992846924179
4855,4.56,4.88375,0.3787811158798284,1.8494992846924179
4856,4.54,4.88375,0.37832331902718175,1.8494992846924179
4857,4.555,4.88375,0.378964234620887,1.8517882689556513
4858,4.5525,4.88125,0.3806123032904149,1.8563662374821175
4859,4.56,4.88125,0.37997138769670963,1.8563662374821175
4860,4.545,4.8825,0.37933047210300436,1.8517882689556513
4861,4.5675,4.88375,0.37914735336194566,1.8517882689556513
4862,4.55,4.8825,0.37914735336194566,1.8517882689556513
4863,4.545,4.88125,0.378964234620887,1.8494992846924179
4864,4.545,4.8825,0.37933047210300436,1.8517882689556513
4865,4.535,4.8825,0.3779570815450644,1.8449213161659515
4866,4.565,4.88375,0.378964234620887,1.8517882689556513
4867,4.5625,4.8825,0.3802460658082976,1.8563662374821175
4868,4.5525,4.88125,0.37933047210300436,1.8517882689556513
4869,4.5725,4.88375,0.38107010014306153,1.860944206008584
4870,4.57,4.8825,0.3787811158798284,1.8494992846924179
4871,4.545,4.88375,0.3787811158798284,1.8494992846924179
4872,4.5675,4.8825,0.3806123032904149,1.860944206008584
4873,4.55,4.8825,0.378964234620887,1.8494992846924179
4874,4.5325,4.8825,0.3776824034334764,1.8449213161659515
4875,4.5325,4.88375,0.3776824034334764,1.8449213161659515
4876,4.5225,4.8825,0.3796051502145923,1.8517882689556513
4877,4.555,4.88375,0.3796051502145923,1.8517882689556513
4878,4.5275,4.88375,0.37731616595135914,1.840343347639485
4879,4.5475,4.88375,0.3806123032904149,1.860944206008584
4880,4.5575,4.88125,0.379788268955651,1.8517882689556513
4881,4.56,4.8825,0.37997138769670963,1.8563662374821175
4882,4.5525,4.88375,0.379788268955651,1.8563662374821175
4883,4.54,4.88375,0.37832331902718175,1.8494992846924179
4884,4.55,4.8825,0.37914735336194566,1.8517882689556513
4885,4.5475,4.8825,0.379788268955651,1.8517882689556513
4886,4.53,4.88125,0.3774992846924178,1.840343347639485
4887,4.5475,4.88375,0.378964234620887,1.8517882689556513
4888,4.5475,4.88375,0.37997138769670963,1.8563662374821175
4889,4.5625,4.885,0.3802460658082976,1.8563662374821175
4890,4.56,4.8825,0.37997138769670963,1.8563662374821175
4891,4.57,4.8825,0.379788268955651,1.8517882689556513
4892,4.56,4.88375,0.3796051502145923,1.8517882689556513
4893,4.5525,4.88125,0.37933047210300436,1.8517882689556513
4894,4.5475,4.88375,0.38042918454935626,1.8563662374821175
4895,4.5775,4.8825,0.38042918454935626,1.8563662374821175
4896,4.5575,4.8825,0.379788268955651,1.8517882689556513
4897,4.5525,4.885,0.378964234620887,1.8517882689556513
4898,4.555,4.88375,0.37814020028612305,1.8449213161659515
4899,4.53,4.8825,0.3774992846924178,1.840343347639485
4900,4.5475,4.8825,0.3796051502145923,1.8517882689556513
4901,4.555,4.8825,0.37814020028612305,1.8449213161659515
4902,4.555,4.8825,0.3796051502145923,1.8517882689556513
4903,4.585,4.88375,0.38207725321888414,1.8517882689556513
4904,4.55,4.8825,0.3774992846924178,1.840343347639485
4905,4.56,4.8825,0.37997138769670963,1.8563662374821175
4906,4.555,4.8825,0.3796051502145923,1.8517882689556513
4907,4.5575,4.8825,0.3802460658082976,1.8563662374821175
4908,4.55,4.8825,0.37914735336194566,1.8517882689556513
4909,4.5275,4.8825,0.37731616595135914,1.840343347639485
4910,4.5675,4.8825,0.3779570815450644,1.8449213161659515
4911,4.55,4.8825,0.37914735336194566,1.8517882689556513
4912,4.56,4.8825,0.37997138769670963,1.8563662374821175
4913,4.5575,4.88375,0.37914735336194566,1.8517882689556513
4914,4.555,4.88125,0.3796051502145923,1.8517882689556513
4915,4.5825,4.88125,0.3818941344778255,1.8632331902718169
4916,4.5475,4.88375,0.38042918454935626,1.8563662374821175
4917,4.5575,4.8825,0.379788268955651,1.8517882689556513
4918,4.545,4.8825,0.3787811158798284,1.8494992846924179
4919,4.5625,4.8825,0.3785064377682404,1.8494992846924179
4920,4.5625,4.88375,0.3802460658082976,1.8563662374821175
4921,4.55,4.88375,0.37914735336194566,1.8517882689556513
4922,4.5525,4.8825,0.37997138769670963,1.8563662374821175
4923,4.55,4.88375,0.37914735336194566,1.8517882689556513
4924,4.545,4.8825,0.3787811158798284,1.8494992846924179
4925,4.5775,4.88125,0.379788268955651,1.8517882689556513
4926,4.5725,4.8825,0.3796051502145923,1.8517882689556513
4927,4.5575,4.8825,0.379788268955651,1.8517882689556513
4928,4.5275,4.885,0.37933047210300436,1.8517882689556513
4929,4.56,4.8825,0.3774992846924178,1.840343347639485
4930,4.5275,4.8825,0.37731616595135914,1.840343347639485
4931,4.5475,4.88375,0.378964234620887,1.8517882689556513
4932,4.5475,4.8825,0.3807954220314736,1.860944206008584
4933,4.565,4.8825,0.38042918454935626,1.8563662374821175
4934,4.5725,4.88125,0.379788268955651,1.8517882689556513
4935,4.5725,4.88125,0.37997138769670963,1.8563662374821175
4936,4.555,4.8825,0.3796051502145923,1.8517882689556513
4937,4.5425,4.8825,0.3785064377682404,1.8517882689556513
4938,4.555,4.8825,0.38107010014306153,1.860944206008584
4939,4.5625,4.88125,0.3802460658082976,1.8563662374821175
4940,4.56,4.88375,0.37997138769670963,1.8563662374821175
4941,4.5525,4.88375,0.38143633762517887,1.8632331902718169
4942,4.5475,4.88375,0.378964234620887,1.8517882689556513
4943,4.525,4.88375,0.37704148783977115,1.840343347639485
4944,4.565,4.8825,0.3796051502145923,1.8517882689556513
4945,4.5525,4.8825,0.37933047210300436,1.8517882689556513
4946,4.565,4.8825,0.38042918454935626,1.8563662374821175
4947,4.5725,4.8825,0.379788268955651,1.8517882689556513
4948,4.5575,4.88,0.379788268955651,1.8517882689556513
4949,4.545,4.88125,0.3787811158798284,1.8494992846924179
4950,4.5525,4.8825,0.37832331902718175,1.8494992846924179
4951,4.54,4.8825,0.37832331902718175,1.8494992846924179
4952,4.5475,4.8825,0.378964234620887,1.8494992846924179
4953,4.5525,4.8825,0.37832331902718175,1.8494992846924179
4954,4.5575,4.88125,0.379788268955651,1.8517882689556513
4955,4.545,4.88375,0.3787811158798284,1.8494992846924179
4956,4.555,4.8825,0.37933047210300436,1.8517882689556513
4957,4.525,4.88125,0.37704148783977115,1.840343347639485
4958,4.57,4.8825,0.3807954220314736,1.860944206008584
4959,4.54,4.8825,0.37914735336194566,1.8517882689556513
4960,4.5425,4.8825,0.3796051502145923,1.8517882689556513
4961,4.54,4.8825,0.37832331902718175,1.8494992846924179
4962,4.56,4.88375,0.378964234620887,1.8517882689556513
4963,4.5525,4.8825,0.3802460658082976,1.8563662374821175
4964,4.5425,4.88375,0.3785064377682404,1.8494992846924179
4965,4.535,4.8825,0.3787811158798284,1.8494992846924179
4966,4.5525,4.8825,0.3802460658082976,1.8563662374821175
4967,4.54,4.8825,0.37832331902718175,1.8494992846924179
4968,4.55,4.88125,0.38042918454935626,1.8563662374821175
4969,4.5325,4.88125,0.3796051502145923,1.8517882689556513
4970,4.585,4.8825,0.38207725321888414,1.8632331902718169
4971,4.5525,4.8825,0.37832331902718175,1.8494992846924179
4972,4.575,4.8825,0.37832331902718175,1.8494992846924179
4973,4.5325,4.88125,0.3776824034334764,1.8449213161659515
4974,4.545,4.88,0.3787811158798284,1.8494992846924179
4975,4.5375,4.8825,0.38143633762517887,1.8632331902718169
4976,4.5375,4.8825,0.37814020028612305,1.8449213161659515
4977,4.5475,4.88125,0.378964234620887,1.8494992846924179
4978,4.5725,4.885,0.3774992846924178,1.8449213161659515
4979,4.58,4.88375,0.38171101573676686,1.8632331902718169
4980,4.5475,4.8825,0.378964234620887,1.8494992846924179
4981,4.53,4.88125,0.3779570815450644,1.8449213161659515
4982,4.5625,4.8825,0.3802460658082976,1.8563662374821175
4983,4.5475,4.8825,0.378964234620887,1.8494992846924179
4984,4.5525,4.8825,0.3806123032904149,1.860944206008584
4985,4.5625,4.88125,0.3802460658082976,1.8563662374821175
4986,4.5475,4.88375,0.378964234620887,1.8517882689556513
4987,4.5325,4.88375,0.379788268955651,1.8563662374821175
4988,4.5425,4.8825,0.3785064377682404,1.8494992846924179
4989,4.555,4.8825,0.3796051502145923,1.8517882689556513
4990,4.5625,4.88125,0.378964234620887,1.8494992846924179
4991,4.565,4.88375,0.38042918454935626,1.8563662374821175
4992,4.5675,4.8825,0.3806123032904149,1.860944206008584
4993,4.5525,4.88125,0.38143633762517887,1.860944206008584
4994,4.55,4.8825,0.37914735336194566,1.8517882689556513
4995,4.555,4.885,0.3796051502145923,1.8517882689556513
4996,4.5475,4.8825,0.37814020028612305,1.8449213161659515
4997,4.5825,4.885,0.3785064377682404,1.8494992846924179
4998,4.555,4.88125,0.3796051502145923,1.8517882689556513
4999,4.5625,4.8825,0.37933047210300436,1.8517882689556513
5000,4.57,4.88125,0.3802460658082976,1.8563662374821175
5001,4.55,4.88375,0.37914735336194566,1.8517882689556513
5002,4.56,4.8825,0.37832331902718175,1.8494992846924179
5003,4.53,4.8825,0.3796051502145923,1.8517882689556513
5004,4.5525,4.8825,0.37933047210300436,1.8517882689556513
5005,4.555,4.88125,0.3785064377682404,1.8494992846924179
5006,4.54,4.8825,0.37731616595135914,1.840343347639485
5007,4.5575,4.88125,0.379788268955651,1.8517882689556513
5008,4.5425,4.8825,0.3785064377682404,1.8494992846924179
5009,4.54,4.88125,0.379788268955651,1.8517882689556513
5010,4.545,4.88,0.3787811158798284,1.8494992846924179
5011,4.5575,4.8825,0.379788268955651,1.8517882689556513
5012,4.5575,4.88125,0.3774992846924178,1.840343347639485
5013,4.5375,4.88125,0.37814020028612305,1.8449213161659515
5014,4.555,4.8825,0.3796051502145923,1.8517882689556513
5015,4.555,4.8825,0.3806123032904149,1.860944206008584
5016,4.555,4.8825,0.3796051502145923,1.8517882689556513
5017,4.5675,4.8825,0.3806123032904149,1.860944206008584
5018,4.535,4.8825,0.3776824034334764,1.8449213161659515
5019,4.565,4.88125,0.38042918454935626,1.8563662374821175
5020,4.5675,4.8825,0.3806123032904149,1.860944206008584
5021,4.525,4.8825,0.3796051502145923,1.8517882689556513
5022,4.5275,4.88375,0.37731616595135914,1.840343347639485
5023,4.5525,4.8825,0.37933047210300436,1.8517882689556513
5024,4.5575,4.8825,0.37814020028612305,1.8449213161659515
5025,4.55,4.8825,0.37914735336194566,1.8517882689556513
5026,4.565,4.88125,0.38042918454935626,1.8563662374821175
5027,4.5325,4.88125,0.3787811158798284,1.8494992846924179
5028,4.5375,4.88375,0.37814020028612305,1.8449213161659515
5029,4.565,4.88375,0.38042918454935626,1.8563662374821175
5030,4.5575,4.8825,0.3787811158798284,1.8494992846924179
5031,4.5425,4.88125,0.38107010014306153,1.860944206008584
5032,4.54,4.8825,0.37832331902718175,1.8494992846924179
5033,4.5575,4.8825,0.378964234620887,1.8494992846924179
5034,4.5625,4.8825,0.37832331902718175,1.8494992846924179
5035,4.565,4.88375,0.38042918454935626,1.8563662374821175
5036,4.5525,4.8825,0.3785064377682404,1.8494992846924179
5037,4.5525,4.88375,0.3807954220314736,1.860944206008584
5038,4.5375,4.8825,0.37814020028612305,1.8449213161659515
5039,4.5375,4.8825,0.37649213161659517,1.838054363376252
5040,4.545,4.8825,0.3779570815450644,1.8449213161659515
5041,4.5575,4.88375,0.379788268955651,1.8563662374821175
5042,4.545,4.88375,0.37997138769670963,1.8563662374821175
5043,4.5475,4.88375,0.3807954220314736,1.860944206008584
5044,4.55,4.8825,0.37914735336194566,1.8517882689556513
5045,4.5575,4.8825,0.379788268955651,1.8517882689556513
5046,4.555,4.88375,0.37814020028612305,1.8449213161659515
5047,4.5625,4.8825,0.3802460658082976,1.8563662374821175
5048,4.5425,4.88,0.3785064377682404,1.8494992846924179
5049,4.56,4.8825,0.3779570815450644,1.8449213161659515
5050,4.5525,4.8825,0.37933047210300436,1.8517882689556513
5051,4.565,4.8825,0.38042918454935626,1.8563662374821175
5052,4.5525,4.88125,0.3802460658082976,1.8563662374821175
5053,4.57,4.8825,0.3807954220314736,1.860944206008584
5054,4.55,4.8825,0.37914735336194566,1.8517882689556513
5055,4.5575,4.885,0.3802460658082976,1.8563662374821175
5056,4.555,4.88375,0.3796051502145923,1.8517882689556513
5057,4.5675,4.8825,0.3806123032904149,1.860944206008584
5058,4.5375,4.8825,0.37704148783977115,1.840343347639485
5059,4.5525,4.885,0.37933047210300436,1.8517882689556513
5060,4.52,4.8825,0.3766752503576538,1.838054363376252
5061,4.5575,4.88375,0.37914735336194566,1.8517882689556513
5062,4.5575,4.88125,0.379788268955651,1.8517882689556513
5063,4.54,4.8825,0.37832331902718175,1.8494992846924179
5064,4.54,4.88375,0.3806123032904149,1.860944206008584
5065,4.56,4.8825,0.37997138769670963,1.8563662374821175
5066,4.5675,4.8825,0.3806123032904149,1.860944206008584
5067,4.5525,4.8825,0.3787811158798284,1.8494992846924179
5068,4.555,4.88125,0.379788268955651,1.8517882689556513
5069,4.5725,4.88375,0.38107010014306153,1.860944206008584
5070,4.54,4.8825,0.3787811158798284,1.8494992846924179
5071,4.54,4.88375,0.378964234620887,1.8517882689556513
5072,4.5575,4.8825,0.379788268955651,1.8517882689556513
5073,4.5425,4.88125,0.3796051502145923,1.8517882689556513
5074,4.54,4.88625,0.38042918454935626,1.860944206008584
5075,4.5575,4.8825,0.379788268955651,1.8517882689556513
5076,4.565,4.8825,0.37731616595135914,1.840343347639485
5077,4.5425,4.88,0.3774992846924178,1.840343347639485
5078,4.56,4.88375,0.37997138769670963,1.8563662374821175
5079,4.5525,4.88375,0.3807954220314736,1.860944206008584
5080,4.5575,4.88375,0.3787811158798284,1.8494992846924179
5081,4.5675,4.8825,0.3806123032904149,1.860944206008584
5082,4.5625,4.88125,0.3802460658082976,1.8563662374821175
5083,4.5575,4.88125,0.37832331902718175,1.8449213161659515
5084,4.5525,4.8825,0.37933047210300436,1.8517882689556513
5085,4.55,4.8825,0.37914735336194566,1.8517882689556513
5086,4.535,4.88125,0.38042918454935626,1.8563662374821175
5087,4.575,4.8825,0.3812532188841202,1.860944206008584
5088,4.565,4.8825,0.38042918454935626,1.8563662374821175
5089,4.54,4.88375,0.38042918454935626,1.8563662374821175
5090,4.57,4.88375,0.3807954220314736,1.860944206008584
5091,4.5225,4.88125,0.3768583690987125,1.840343347639485
5092,4.5525,4.8825,0.3807954220314736,1.860944206008584
5093,4.555,4.8825,0.3796051502145923,1.8517882689556513
5094,4.5575,4.88125,0.379788268955651,1.8517882689556513
5095,4.5475,4.88375,0.378964234620887,1.8517882689556513
5096,4.545,4.88625,0.3787811158798284,1.8517882689556513
5097,4.5425,4.88375,0.3785064377682404,1.8494992846924179
5098,4.55,4.88375,0.3776824034334764,1.8449213161659515
5099,4.545,4.8825,0.3787811158798284,1.8494992846924179
5100,4.525,4.88375,0.37704148783977115,1.840343347639485
5101,4.525,4.885,0.3779570815450644,1.8449213161659515
5102,4.53,4.88125,0.3802460658082976,1.8563662374821175
5103,4.5725,4.885,0.38107010014306153,1.860944206008584
5104,4.5425,4.8825,0.37914735336194566,1.8517882689556513
5105,4.54,4.88375,0.37914735336194566,1.8517882689556513
5106,4.5575,4.88375,0.379788268955651,1.8563662374821175
5107,4.525,4.8825,0.3785064377682404,1.8494992846924179
5108,4.545,4.88375,0.3787811158798284,1.8494992846924179
5109,4.545,4.885,0.3787811158798284,1.8494992846924179
5110,4.5325,4.885,0.378964234620887,1.8517882689556513
5111,4.5325,4.885,0.37832331902718175,1.8494992846924179
5112,4.5425,4.885,0.3785064377682404,1.8494992846924179
5113,4.56,4.885,0.3787811158798284,1.8494992846924179
5114,4.56,4.88375,0.3779570815450644,1.8449213161659515
5115,4.5375,4.885,0.37814020028612305,1.8494992846924179
5116,4.55,4.8825,0.37914735336194566,1.8517882689556513
5117,4.535,4.8825,0.378964234620887,1.8494992846924179
5118,4.565,4.885,0.38042918454935626,1.860944206008584
5119,4.545,4.8825,0.3787811158798284,1.8494992846924179
5120,4.5225,4.8825,0.37814020028612305,1.8449213161659515
5121,4.53,4.88375,0.3774992846924178,1.8449213161659515
5122,4.555,4.8825,0.3796051502145923,1.8517882689556513
5123,4.5375,4.8825,0.37832331902718175,1.8494992846924179
5124,4.5375,4.88125,0.37814020028612305,1.8449213161659515
5125,4.555,4.885,0.3796051502145923,1.8517882689556513
5126,4.5475,4.88375,0.3796051502145923,1.8517882689556513
5127,4.5575,4.885,0.379788268955651,1.8563662374821175
5128,4.525,4.88375,0.37704148783977115,1.840343347639485
5129,4.5625,4.885,0.3776824034334764,1.8449213161659515
5130,4.535,4.8825,0.3779570815450644,1.8449213161659515
5131,4.535,4.88375,0.3779570815450644,1.8449213161659515
5132,4.5425,4.8825,0.3779570815450644,1.8449213161659515
5133,4.565,4.8825,0.38042918454935626,1.8563662374821175
5134,4.545,4.8825,0.3787811158798284,1.8494992846924179
5135,4.5275,4.88375,0.37814020028612305,1.8449213161659515
5136,4.53,4.8825,0.3774992846924178,1.840343347639485
5137,4.56,4.885,0.37997138769670963,1.8563662374821175
5138,4.5175,4.88125,0.3768583690987125,1.840343347639485
5139,4.555,4.88375,0.3787811158798284,1.8494992846924179
5140,4.54,4.88375,0.37832331902718175,1.8494992846924179
5141,4.545,4.885,0.3787811158798284,1.8494992846924179
5142,4.54,4.88375,0.3787811158798284,1.8494992846924179
5143,4.55,4.8825,0.37914735336194566,1.8517882689556513
5144,4.555,4.8825,0.378964234620887,1.8494992846924179
5145,4.56,4.88375,0.3776824034334764,1.8449213161659515
5146,4.5475,4.885,0.378964234620887,1.8517882689556513
5147,4.5325,4.88625,0.3774992846924178,1.8449213161659515
5148,4.55,4.8825,0.37933047210300436,1.8517882689556513
5149,4.535,4.8825,0.3779570815450644,1.8449213161659515
5150,4.5425,4.885,0.3785064377682404,1.8449213161659515
5151,2.2825,5.0625,0.19566237482117313,0.9911301859799715
5152,2.32,5.0675,0.19337339055793992,0.9796852646638056
5153,2.0625,5.09,0.17185693848354794,0.8743919885550788
5154,2.1675,5.07125,0.1706666666666667,0.8652360515021461
5155,2.0825,5.0675,0.17350500715307585,0.876680972818312
5156,2.13,5.08,0.17753361945636625,0.8995708154506439
5157,1.875,5.0925,0.17643490701001432,0.8995708154506439
5158,1.9425,5.08875,0.16187696709585123,0.8240343347639486
5159,3.2725,4.9975,0.27266380543633767,1.3619456366237483
5160,3.355,4.995,0.2718397711015737,1.357367668097282
5161,2.13,5.08375,0.17753361945636625,0.9041487839771103
5162,2.085,5.09125,0.17377968526466384,0.8858369098712447
5163,1.94,5.08625,0.16434907010014307,0.8354792560801145
5164,1.9475,5.08125,0.16233476394849788,0.8240343347639486
5165,1.99,5.09,0.1658140200286123,0.8446351931330472
5166,1.945,5.08875,0.16123605150214593,0.8217453505007154
5167,1.9925,5.085,0.16599713876967098,0.8446351931330472
5168,1.9125,5.09875,0.15940486409155938,0.8148783977110158
5169,1.9825,5.09,0.15629184549356226,0.7942775393419171
5170,1.925,5.08875,0.160412017167382,0.817167381974249
5171,1.905,5.09,0.1587639484978541,0.8057224606580831
5172,1.8975,5.095,0.15290414878397712,0.7805436337625179
5173,1.8875,5.09375,0.15601716738197427,0.7942775393419171
5174,2.12,5.08,0.17670958512160231,0.8972818311874107
5175,2.055,5.09,0.1587639484978541,0.8057224606580831
5176,2.0375,5.08625,0.1610529327610873,0.817167381974249
5177,2.0425,5.07875,0.17020886981402006,0.8652360515021461
5178,2.0175,5.0775,0.16288412017167384,0.8286123032904149
5179,1.84,5.105,0.16288412017167384,0.8331902718168813
5180,1.95,5.11125,0.16251788268955653,0.8286123032904149
5181,1.8075,5.11,0.16233476394849788,0.8286123032904149
5182,1.91,5.105,0.15766523605150215,0.8057224606580831
5183,1.745,5.085,0.14539628040057226,0.7393419170243205
5184,1.88,5.1075,0.15354506437768242,0.7828326180257512
5185,1.9675,5.085,0.14557939914163093,0.7393419170243205
5186,1.8275,5.07625,0.15226323319027182,0.7736766809728184
5187,1.965,5.10375,0.16370815450643778,0.8354792560801145
5188,1.965,5.08,0.14997424892703864,0.7622317596566525
5189,2.015,5.08125,0.16791988555078685,0.8560801144492132
5190,1.9125,5.09,0.15940486409155938,0.8103004291845495
5191,1.94,5.095,0.1597711015736767,0.8148783977110158
5192,1.9875,5.09375,0.16563090128755367,0.8446351931330472
5193,1.9175,5.085,0.1597711015736767,0.8148783977110158
5194,1.95,5.09625,0.15455221745350503,0.7874105865522176
5195,1.8425,5.0975,0.15354506437768242,0.7828326180257512
5196,1.8525,5.095,0.15436909871244636,0.7874105865522176
5197,1.885,5.09625,0.15913018597997142,0.8103004291845495
5198,1.8825,5.09375,0.1568412017167382,0.7988555078683836
5199,1.8725,5.09625,0.15601716738197427,0.7942775393419171
5200,1.8525,5.0975,0.15501001430615166,0.7919885550786839
5201,1.87,5.09875,0.1558340486409156,0.7942775393419171
5202,1.9025,5.09875,0.15858082975679544,0.8103004291845495
5203,1.925,5.095,0.15501001430615166,0.7919885550786839
5204,1.98,5.08875,0.16498998569384837,0.8400572246065808
5205,1.925,5.095,0.160412017167382,0.817167381974249
5206,2.0425,5.09125,0.16920171673819745,0.8629470672389129
5207,1.9375,5.09375,0.1614191702432046,0.8217453505007154
5208,1.93,5.09375,0.16086981402002862,0.817167381974249
5209,1.9475,5.09,0.1614191702432046,0.8217453505007154
5210,1.8725,5.0975,0.15519313304721033,0.7919885550786839
5211,1.855,5.10125,0.15455221745350503,0.7874105865522176
5212,1.885,5.09875,0.1558340486409156,0.7942775393419171
5213,1.855,5.1,0.15455221745350503,0.7874105865522176
5214,1.885,5.09875,0.1571158798283262,0.8034334763948499
5215,1.91,5.09875,0.15830615164520745,0.8057224606580831
5216,1.9275,5.0925,0.16022889842632335,0.817167381974249
5217,1.8625,5.09375,0.15519313304721033,0.7919885550786839
5218,1.8525,5.09875,0.15372818311874106,0.7828326180257512
5219,1.985,5.0875,0.16663805436337628,0.8469241773962805
5220,1.9375,5.095,0.1614191702432046,0.8217453505007154
5221,1.9975,5.09375,0.1664549356223176,0.8354792560801145
5222,2.0925,5.09,0.1677367668097282,0.8560801144492132
5223,1.9225,5.09375,0.16022889842632335,0.817167381974249
5224,2.0175,5.09125,0.16810300429184552,0.8560801144492132
5225,1.855,5.1,0.15501001430615166,0.7919885550786839
5226,1.8925,5.0975,0.15766523605150215,0.8034334763948499
5227,1.96,5.0875,0.16334191702432047,0.8331902718168813
5228,1.855,5.09875,0.15418597997138772,0.7874105865522176
5229,1.8575,5.09875,0.154826895565093,0.7874105865522176
5230,1.84,5.09875,0.15336194563662375,0.7828326180257512
5231,1.8525,5.09875,0.1587639484978541,0.8103004291845495
5232,1.9,5.0975,0.15830615164520745,0.8057224606580831
5233,1.915,5.0925,0.15958798283261805,0.8148783977110158
5234,1.995,5.085,0.16370815450643778,0.8331902718168813
5235,1.915,5.095,0.15958798283261805,0.8148783977110158
5236,1.9075,5.09375,0.15894706723891275,0.8103004291845495
5237,1.905,5.095,0.160412017167382,0.817167381974249
5238,1.9325,5.095,0.1610529327610873,0.8217453505007154
5239,1.9275,5.09,0.16059513590844066,0.817167381974249
5240,1.8625,5.09875,0.15501001430615166,0.7919885550786839
5241,1.835,5.09625,0.15290414878397712,0.7805436337625179
5242,1.87,5.1025,0.1558340486409156,0.7942775393419171
5243,1.885,5.0975,0.1581230329041488,0.8057224606580831
5244,1.89,5.09,0.15336194563662375,0.7805436337625179
5245,1.8575,5.0975,0.154826895565093,0.7874105865522176
5246,1.8425,5.10125,0.154826895565093,0.7919885550786839
5247,2.08,5.09625,0.16434907010014307,0.8354792560801145
5248,1.8425,5.10125,0.15354506437768242,0.7828326180257512
5249,2.0375,5.075,0.181653791130186,0.9224606580829757
5250,1.965,5.09,0.16462374821173106,0.8354792560801145
5251,1.8775,5.09,0.1564749642346209,0.7942775393419171
5252,1.92,5.095,0.15793991416309014,0.8057224606580831
5253,1.905,5.09625,0.15830615164520745,0.8057224606580831
5254,1.9175,5.0925,0.1597711015736767,0.8148783977110158
5255,1.86,5.095,0.15766523605150215,0.8034334763948499
5256,1.9325,5.1,0.15290414878397712,0.7805436337625179
5257,1.86,5.10125,0.15501001430615166,0.7919885550786839
5258,1.8375,5.09125,0.1530872675250358,0.7805436337625179
5259,1.925,5.09875,0.1587639484978541,0.8103004291845495
5260,1.8925,5.0975,0.15766523605150215,0.8034334763948499
5261,2.415,5.0225,0.2012474964234621,1.0117310443490701
5262,3.4225,4.9825,0.27229756795422033,1.357367668097282
5263,3.36,4.97,0.27998855507868387,1.3917024320457798
5264,2.81,5.03125,0.23420886981402006,1.17653791130186
5265,2.8375,4.98875,0.28108726752503577,1.4031473533619458
5266,2.0125,5.08375,0.1677367668097282,0.8515021459227468
5267,1.91,5.095,0.15913018597997142,0.8103004291845495
5268,1.9025,5.0975,0.16288412017167384,0.8286123032904149
5269,1.905,5.09375,0.1587639484978541,0.8103004291845495
5270,1.9175,5.09,0.1597711015736767,0.8148783977110158
5271,1.96,5.09,0.1587639484978541,0.8057224606580831
5272,1.865,5.1025,0.15537625178826897,0.7919885550786839
5273,1.855,5.09875,0.15455221745350503,0.7874105865522176
5274,1.835,5.1,0.15354506437768242,0.7828326180257512
5275,1.88,5.10125,0.15665808297567957,0.7988555078683836
5276,1.8675,5.09625,0.15565092989985696,0.7942775393419171
5277,1.8925,5.1,0.15455221745350503,0.7874105865522176
5278,1.8425,5.10125,0.15354506437768242,0.7828326180257512
5279,1.99,5.0825,0.1658140200286123,0.8446351931330472
5280,1.94,5.09125,0.1620600858369099,0.8240343347639486
5281,1.93,5.0925,0.16352503576537913,0.8331902718168813
5282,1.9175,5.0925,0.1597711015736767,0.8148783977110158
5283,1.9225,5.09375,0.16059513590844066,0.817167381974249
5284,1.9675,5.09,0.17478683834048642,0.888125894134478
5285,1.9225,5.09625,0.16022889842632335,0.817167381974249
5286,1.8725,5.09625,0.1571158798283262,0.8034334763948499
5287,1.86,5.0975,0.15418597997138772,0.7874105865522176
5288,1.865,5.1,0.15537625178826897,0.7919885550786839
5289,1.855,5.1,0.15418597997138772,0.7874105865522176
5290,1.85,5.09375,0.15913018597997142,0.8103004291845495
5291,1.8675,5.09875,0.15565092989985696,0.7942775393419171
5292,1.9175,5.09875,0.1597711015736767,0.7874105865522176
5293,1.9325,5.0975,0.15537625178826897,0.7919885550786839
5294,2.005,5.09,0.1670958512160229,0.8515021459227468
5295,1.8925,5.09375,0.15766523605150215,0.8034334763948499
5296,1.9375,5.09125,0.1648068669527897,0.8400572246065808
5297,1.9025,5.09375,0.15858082975679544,0.8057224606580831
5298,1.9125,5.08875,0.15940486409155938,0.8103004291845495
5299,1.9075,5.095,0.1597711015736767,0.8148783977110158
5300,1.8425,5.10125,0.15354506437768242,0.7828326180257512
5301,1.86,5.0975,0.15501001430615166,0.7919885550786839
5302,1.8375,5.10125,0.15455221745350503,0.7874105865522176
5303,1.85,5.09625,0.15418597997138772,0.7874105865522176
5304,1.8525,5.0975,0.15436909871244636,0.7874105865522176
5305,1.855,5.0975,0.1574821173104435,0.8034334763948499
5306,1.8525,5.09375,0.15436909871244636,0.7874105865522176
5307,1.855,5.1,0.15455221745350503,0.7874105865522176
5308,1.83,5.1,0.15455221745350503,0.7874105865522176
5309,2.0025,5.08625,0.16691273247496424,0.8469241773962805
5310,1.9425,5.08875,0.16187696709585123,0.8240343347639486
5311,1.935,5.0925,0.15913018597997142,0.8103004291845495
5312,1.9275,5.09625,0.16059513590844066,0.817167381974249
5313,1.9075,5.08625,0.15894706723891275,0.8103004291845495
5314,1.94,5.09625,0.160412017167382,0.817167381974249
5315,1.8575,5.1,0.15601716738197427,0.7942775393419171
5316,2.0525,5.085,0.171032904148784,0.8698140200286124
5317,1.8425,5.1,0.154826895565093,0.7919885550786839
5318,1.855,5.10125,0.15455221745350503,0.7874105865522176
5319,1.84,5.09875,0.15336194563662375,0.7828326180257512
5320,1.8875,5.09875,0.1568412017167382,0.7988555078683836
5321,1.885,5.09625,0.1610529327610873,0.8217453505007154
5322,1.855,5.09875,0.15455221745350503,0.7874105865522176
5323,1.955,5.09,0.16627181688125897,0.8469241773962805
5324,1.995,5.09,0.16892703862660946,0.8583690987124465
5325,1.94,5.09625,0.16169384835479259,0.8240343347639486
5326,1.9375,5.0925,0.16416595135908443,0.8354792560801145
5327,1.9675,5.0975,0.15958798283261805,0.8148783977110158
5328,1.9025,5.095,0.15858082975679544,0.8057224606580831
5329,1.9025,5.09375,0.15858082975679544,0.8057224606580831
5330,1.84,5.10125,0.1568412017167382,0.7988555078683836
5331,1.89,5.0975,0.1574821173104435,0.8034334763948499
5332,1.9125,5.0975,0.15940486409155938,0.8148783977110158
5333,1.9075,5.09875,0.15519313304721033,0.7919885550786839
5334,1.86,5.10125,0.15501001430615166,0.7919885550786839
5335,1.85,5.10125,0.15418597997138772,0.7874105865522176
5336,1.9175,5.09875,0.1614191702432046,0.8217453505007154
5337,1.9025,5.095,0.15858082975679544,0.8057224606580831
5338,1.835,5.09875,0.15290414878397712,0.7805436337625179
5339,1.9875,5.09,0.1935565092989986,0.9865522174535051
5340,1.9175,5.09625,0.1597711015736767,0.8148783977110158
5341,1.9375,5.09375,0.1614191702432046,0.8217453505007154
5342,1.96,5.09,0.1627010014306152,0.8286123032904149
5343,1.9,5.09625,0.15830615164520745,0.8057224606580831
5344,1.92,5.09375,0.16004577968526468,0.8148783977110158
5345,1.8625,5.09875,0.15418597997138772,0.7874105865522176
5346,1.8725,5.1,0.15601716738197427,0.7942775393419171
5347,1.9075,5.09625,0.15894706723891275,0.8103004291845495
5348,1.9075,5.0925,0.15665808297567957,0.7988555078683836
5349,1.8825,5.09625,0.1568412017167382,0.7988555078683836
5350,1.8625,5.1,0.15519313304721033,0.7919885550786839
5351,1.8575,5.09625,0.15629184549356226,0.7942775393419171
5352,1.8675,5.09625,0.16123605150214593,0.8217453505007154
5353,1.9225,5.09625,0.16022889842632335,0.817167381974249
5354,2.135,5.0625,0.23210300429184552,1.1742489270386267
5355,1.9075,5.09125,0.16251788268955653,0.8286123032904149
5356,1.9675,5.09,0.16398283261802576,0.8354792560801145
5357,1.9325,5.09125,0.1620600858369099,0.8240343347639486
5358,1.9475,5.08875,0.16352503576537913,0.8331902718168813
5359,1.9725,5.09,0.16434907010014307,0.8354792560801145
5360,1.8825,5.09625,0.15766523605150215,0.8034334763948499
5361,1.8575,5.0975,0.15665808297567957,0.7988555078683836
5362,1.8725,5.09375,0.15601716738197427,0.7942775393419171
5363,1.89,5.09625,0.1574821173104435,0.7988555078683836
5364,1.8725,5.09625,0.154826895565093,0.7874105865522176
5365,1.86,5.09625,0.15501001430615166,0.7919885550786839
5366,1.8925,5.09875,0.15766523605150215,0.8034334763948499
5367,1.8725,5.09625,0.16004577968526468,0.8148783977110158
5368,1.8975,5.09625,0.1581230329041488,0.8057224606580831
5369,2.91,5.03625,0.24254077253218886,1.2223175965665238
5370,2.0275,5.0775,0.16663805436337628,0.8469241773962805
5371,2.5725,4.98875,0.21434048640915596,1.0689556509299
5372,3.1475,4.9725,0.26231759656652365,1.3047210300429186
5373,3.07,5.0075,0.23018025751072962,1.1513590844062949
5374,2.0875,5.0725,0.17396280400572248,0.8812589413447783
5375,2.01,5.09,0.16746208869814022,0.8515021459227468
5376,1.9125,5.09375,0.15894706723891275,0.8103004291845495
5377,1.9425,5.09375,0.16187696709585123,0.8240343347639486
5378,1.95,5.09375,0.16251788268955653,0.8286123032904149
5379,2.0225,5.09375,0.1614191702432046,0.8217453505007154
5380,1.85,5.0975,0.15418597997138772,0.7874105865522176
5381,1.87,5.09375,0.1558340486409156,0.7942775393419171
5382,1.885,5.1,0.15519313304721033,0.7919885550786839
5383,1.8475,5.09625,0.15400286123032905,0.7828326180257512
5384,2.0625,5.075,0.17185693848354794,0.8743919885550788
5385,1.9525,5.09625,0.15913018597997142,0.8103004291845495
5386,1.9775,5.09125,0.15858082975679544,0.8057224606580831
5387,1.91,5.09,0.15913018597997142,0.8103004291845495
5388,1.935,5.095,0.16086981402002862,0.8217453505007154
5389,1.9475,5.09375,0.15858082975679544,0.8057224606580831
5390,1.84,5.09625,0.15336194563662375,0.7805436337625179
5391,1.8725,5.1,0.15455221745350503,0.7874105865522176
5392,1.895,5.1,0.154826895565093,0.7919885550786839
5393,1.8425,5.09625,0.15354506437768242,0.7828326180257512
5394,1.8425,5.1,0.15455221745350503,0.7874105865522176
5395,1.8725,5.1,0.15519313304721033,0.7919885550786839
5396,1.8625,5.1,0.15519313304721033,0.7919885550786839
5397,1.87,5.1,0.1558340486409156,0.7828326180257512
5398,1.87,5.1,0.15601716738197427,0.7942775393419171
5399,2.6975,5.0625,0.2247782546494993,1.1353361945636626
5400,1.895,5.0925,0.15793991416309014,0.8034334763948499
5401,1.94,5.095,0.1597711015736767,0.8148783977110158
5402,1.91,5.09625,0.15913018597997142,0.8103004291845495
5403,1.9075,5.095,0.15894706723891275,0.8103004291845495
5404,1.9625,5.09375,0.15913018597997142,0.8103004291845495
5405,1.8575,5.1,0.154826895565093,0.7919885550786839
5406,1.85,5.1,0.15418597997138772,0.7874105865522176
5407,1.855,5.1,0.15519313304721033,0.7919885550786839
5408,1.8675,5.1,0.15565092989985696,0.7942775393419171
5409,1.85,5.1,0.15418597997138772,0.7874105865522176
5410,1.89,5.1,0.15455221745350503,0.7874105865522176
5411,1.845,5.09875,0.15372818311874106,0.7828326180257512
5412,1.85,5.1,0.15418597997138772,0.7874105865522176
5413,1.8525,5.1,0.15537625178826897,0.7919885550786839
5414,2.6625,5.06625,0.22184835479256082,1.1261802575107296
5415,1.9175,5.09625,0.1597711015736767,0.8148783977110158
5416,1.905,5.095,0.15958798283261805,0.8148783977110158
5417,1.9025,5.095,0.15858082975679544,0.8057224606580831
5418,1.9025,5.09,0.15858082975679544,0.8057224606580831
5419,1.9125,5.095,0.16004577968526468,0.8148783977110158
5420,1.85,5.09875,0.15501001430615166,0.7919885550786839
5421,1.85,5.0975,0.15418597997138772,0.7874105865522176
5422,1.8475,5.1,0.15208011444921318,0.7759656652360516
5423,1.84,5.0975,0.15519313304721033,0.7919885550786839
5424,1.9425,5.08875,0.16187696709585123,0.8240343347639486
5425,1.865,5.1,0.154826895565093,0.7919885550786839
5426,1.8375,5.09875,0.15418597997138772,0.7874105865522176
5427,1.85,5.0975,0.15418597997138772,0.7874105865522176
5428,1.8625,5.1,0.15519313304721033,0.7919885550786839
5429,2.0025,5.08875,0.16727896995708155,0.8515021459227468
5430,1.9125,5.09375,0.15940486409155938,0.8148783977110158
5431,1.8975,5.09625,0.1587639484978541,0.8103004291845495
5432,1.9075,5.095,0.15729899856938484,0.8034334763948499
5433,1.9125,5.095,0.15940486409155938,0.8148783977110158
5434,1.9025,5.09625,0.15858082975679544,0.8057224606580831
5435,1.855,5.1,0.154826895565093,0.7919885550786839
5436,1.85,5.1,0.15418597997138772,0.7874105865522176
5437,1.8375,5.09875,0.1530872675250358,0.7805436337625179
5438,1.915,5.1,0.15372818311874106,0.7828326180257512
5439,1.84,5.09875,0.15336194563662375,0.7828326180257512
5440,1.8325,5.09375,0.15272103004291848,0.7759656652360516
5441,1.8525,5.1,0.15336194563662375,0.7828326180257512
5442,1.8475,5.09875,0.15400286123032905,0.7828326180257512
5443,1.8475,5.1,0.15400286123032905,0.7828326180257512
5444,2.13,5.08375,0.16956795422031476,0.8629470672389129
5445,1.9,5.095,0.15830615164520745,0.8057224606580831
5446,1.8875,5.09375,0.15729899856938484,0.8034334763948499
5447,1.9,5.09625,0.1581230329041488,0.8057224606580831
5448,1.9425,5.0925,0.16187696709585123,0.8240343347639486
5449,1.8825,5.095,0.1568412017167382,0.7988555078683836
5450,1.89,5.09875,0.15336194563662375,0.7828326180257512
5451,1.8525,5.09875,0.15436909871244636,0.7874105865522176
5452,2.21,5.065,0.18412589413447786,0.9339055793991416
5453,1.82,5.1,0.15830615164520745,0.8057224606580831
5454,1.9375,5.10875,0.1614191702432046,0.8240343347639486
5455,1.9275,5.11625,0.16059513590844066,0.8217453505007154
5456,1.8825,5.09,0.15537625178826897,0.7919885550786839
5457,1.7775,5.105,0.160412017167382,0.817167381974249
5458,1.94,5.1125,0.16169384835479259,0.8240343347639486
5459,2.6025,5.03875,0.21397424892703865,1.0758226037195995
5460,1.975,5.095,0.15830615164520745,0.8057224606580831
5461,4.26,4.90625,0.35497567954220316,1.7396280400572248
5462,3.92,4.935,0.3239370529327611,1.597711015736767
5463,4.49,4.88375,0.37914735336194566,1.8517882689556513
5464,4.5325,4.88375,0.3776824034334764,1.8449213161659515
5465,4.55,4.885,0.37997138769670963,1.8563662374821175
5466,4.545,4.8825,0.3776824034334764,1.8449213161659515
5467,4.5375,4.88375,0.37814020028612305,1.8449213161659515
5468,4.5375,4.88375,0.37814020028612305,1.8449213161659515
5469,4.5475,4.885,0.37914735336194566,1.8517882689556513
5470,4.56,4.885,0.37997138769670963,1.8563662374821175
5471,4.515,4.885,0.3762174535050072,1.838054363376252
5472,4.525,4.8875,0.378964234620887,1.8517882689556513
5473,4.515,4.8825,0.3762174535050072,1.838054363376252
5474,4.52,4.88375,0.3766752503576538,1.840343347639485
5475,4.5475,4.8875,0.3774992846924178,1.8449213161659515
5476,4.5375,4.88625,0.37814020028612305,1.8494992846924179
5477,4.52,4.8825,0.3766752503576538,1.838054363376252
5478,4.5525,4.885,0.378964234620887,1.8517882689556513
5479,4.535,4.8825,0.3779570815450644,1.8449213161659515
5480,4.54,4.8825,0.37832331902718175,1.8494992846924179
5481,4.5475,4.88375,0.37814020028612305,1.8449213161659515
5482,4.55,4.88375,0.37914735336194566,1.8517882689556513
5483,4.5575,4.8825,0.379788268955651,1.8517882689556513
5484,4.54,4.885,0.37832331902718175,1.8494992846924179
5485,4.5525,4.88375,0.37933047210300436,1.8517882689556513
5486,4.5575,4.88375,0.379788268955651,1.8563662374821175
5487,4.5525,4.8825,0.3787811158798284,1.8494992846924179
5488,4.5475,4.88375,0.378964234620887,1.8517882689556513
5489,4.5575,4.88375,0.379788268955651,1.8563662374821175
5490,4.525,4.88375,0.3787811158798284,1.8494992846924179
5491,4.5525,4.88375,0.37997138769670963,1.8563662374821175
5492,4.55,4.885,0.37914735336194566,1.8517882689556513
5493,4.5375,4.885,0.37832331902718175,1.8494992846924179
5494,4.5575,4.8825,0.37997138769670963,1.8563662374821175
5495,4.56,4.88375,0.37997138769670963,1.8563662374821175
5496,4.555,4.88375,0.3776824034334764,1.8449213161659515
5497,4.55,4.8825,0.3779570815450644,1.8449213161659515
5498,4.515,4.8825,0.3762174535050072,1.838054363376252
5499,4.555,4.88125,0.379788268955651,1.8517882689556513
5500,4.5275,4.88625,0.3802460658082976,1.8563662374821175
5501,4.55,4.8825,0.37914735336194566,1.8517882689556513
5502,4.565,4.885,0.3802460658082976,1.8563662374821175
5503,4.5175,4.8825,0.3785064377682404,1.8494992846924179
5504,4.53,4.88375,0.3774992846924178,1.8449213161659515
5505,4.55,4.8825,0.37914735336194566,1.8563662374821175
5506,4.5425,4.885,0.378964234620887,1.8517882689556513
5507,4.555,4.88375,0.3796051502145923,1.8517882689556513
5508,4.555,4.88375,0.3796051502145923,1.8517882689556513
5509,4.5675,4.8825,0.3787811158798284,1.8494992846924179
5510,4.5425,4.8825,0.3785064377682404,1.8494992846924179
5511,4.545,4.8825,0.3787811158798284,1.8494992846924179
5512,4.5275,4.885,0.37997138769670963,1.8563662374821175
5513,4.5475,4.8825,0.378964234620887,1.8494992846924179
5514,4.565,4.88375,0.38042918454935626,1.8563662374821175
5515,4.5575,4.8825,0.37933047210300436,1.8517882689556513
5516,4.55,4.88375,0.37914735336194566,1.8517882689556513
5517,4.5425,4.885,0.3785064377682404,1.8494992846924179
5518,4.55,4.88375,0.3779570815450644,1.8449213161659515
5519,4.5375,4.885,0.37814020028612305,1.8494992846924179
5520,4.54,4.88375,0.37832331902718175,1.8494992846924179
5521,4.545,4.88375,0.3779570815450644,1.8449213161659515
5522,4.5175,4.8825,0.37649213161659517,1.838054363376252
5523,4.55,4.88375,0.37914735336194566,1.8517882689556513
5524,4.5675,4.88375,0.3785064377682404,1.8494992846924179
5525,4.5525,4.88375,0.37933047210300436,1.8517882689556513
5526,4.5375,4.8825,0.37814020028612305,1.8449213161659515
5527,4.5475,4.885,0.37832331902718175,1.8494992846924179
5528,4.5625,4.88375,0.37997138769670963,1.8563662374821175
5529,4.55,4.88375,0.37914735336194566,1.8517882689556513
5530,4.515,4.88375,0.37997138769670963,1.8563662374821175
5531,4.54,4.885,0.3802460658082976,1.8563662374821175
5532,4.5475,4.885,0.378964234620887,1.8517882689556513
5533,4.55,4.8825,0.3787811158798284,1.8494992846924179
5534,4.5375,4.8825,0.3787811158798284,1.8494992846924179
5535,4.5525,4.8825,0.37933047210300436,1.8517882689556513
5536,4.5475,4.8825,0.3785064377682404,1.8494992846924179
5537,4.53,4.88375,0.37997138769670963,1.8563662374821175
5538,4.5475,4.8825,0.378964234620887,1.8494992846924179
5539,4.565,4.885,0.38042918454935626,1.8494992846924179
5540,4.565,4.8825,0.3774992846924178,1.840343347639485
5541,4.53,4.88375,0.3774992846924178,1.8449213161659515
5542,4.5425,4.88375,0.3785064377682404,1.8494992846924179
5543,4.545,4.885,0.3785064377682404,1.8494992846924179
5544,4.545,4.8825,0.3787811158798284,1.8494992846924179
5545,4.5275,4.88125,0.37731616595135914,1.840343347639485
5546,4.5475,4.885,0.378964234620887,1.8517882689556513
5547,4.5475,4.88375,0.378964234620887,1.8517882689556513
5548,4.54,4.88375,0.37832331902718175,1.8494992846924179
5549,4.555,4.88375,0.37814020028612305,1.8449213161659515
5550,4.555,4.88375,0.3796051502145923,1.8517882689556513
5551,4.545,4.8825,0.3787811158798284,1.8494992846924179
5552,4.52,4.8825,0.3779570815450644,1.8449213161659515
5553,4.5325,4.88375,0.3776824034334764,1.8449213161659515
5554,4.54,4.885,0.37832331902718175,1.8494992846924179
5555,4.535,4.88375,0.378964234620887,1.8517882689556513
5556,4.52,4.885,0.3766752503576538,1.840343347639485
5557,4.55,4.8825,0.37914735336194566,1.8517882689556513
5558,4.545,4.8825,0.37933047210300436,1.8517882689556513
5559,4.5875,4.8825,0.38226037195994284,1.8678111587982833
5560,4.5675,4.88375,0.3806123032904149,1.860944206008584
5561,4.5575,4.88375,0.3776824034334764,1.8449213161659515
5562,4.55,4.8825,0.379788268955651,1.8517882689556513
5563,4.52,4.88375,0.3766752503576538,1.840343347639485
5564,4.55,4.8825,0.37832331902718175,1.8494992846924179
5565,4.555,4.885,0.3796051502145923,1.8517882689556513
5566,4.545,4.8825,0.3787811158798284,1.8494992846924179
5567,4.54,4.885,0.37832331902718175,1.8494992846924179
5568,4.5425,4.88375,0.3806123032904149,1.860944206008584
5569,4.535,4.885,0.3779570815450644,1.8449213161659515
5570,4.5475,4.88375,0.37704148783977115,1.840343347639485
5571,4.545,4.8825,0.3787811158798284,1.8494992846924179
5572,4.5425,4.88375,0.3785064377682404,1.8494992846924179
5573,4.545,4.8825,0.3806123032904149,1.860944206008584
5574,4.535,4.885,0.378964234620887,1.8517882689556513
5575,4.55,4.8825,0.37914735336194566,1.8517882689556513
5576,4.5525,4.8825,0.37933047210300436,1.8517882689556513
5577,4.535,4.88375,0.37914735336194566,1.8517882689556513
5578,4.5425,4.88375,0.3785064377682404,1.8494992846924179
5579,4.5425,4.885,0.3785064377682404,1.8494992846924179
5580,4.55,4.88375,0.37704148783977115,1.840343347639485
5581,4.55,4.8825,0.37914735336194566,1.8517882689556513
5582,4.5425,4.8825,0.3785064377682404,1.8494992846924179
5583,4.5425,4.885,0.3766752503576538,1.840343347639485
5584,4.555,4.88375,0.3796051502145923,1.8517882689556513
5585,4.5575,4.88375,0.379788268955651,1.8563662374821175
5586,4.545,4.88375,0.37832331902718175,1.8494992846924179
5587,4.5475,4.88375,0.378964234620887,1.8517882689556513
5588,4.5475,4.8825,0.378964234620887,1.8494992846924179
5589,4.54,4.88375,0.37814020028612305,1.8449213161659515
5590,4.5575,4.88375,0.379788268955651,1.8563662374821175
5591,4.5425,4.8825,0.3785064377682404,1.8494992846924179
5592,4.56,4.88375,0.379788268955651,1.8563662374821175
5593,4.5425,4.8825,0.3785064377682404,1.8494992846924179
5594,4.5625,4.8825,0.3802460658082976,1.8563662374821175
5595,4.5425,4.8825,0.3802460658082976,1.8563662374821175
5596,4.5275,4.8825,0.37731616595135914,1.840343347639485
5597,4.5575,4.8825,0.379788268955651,1.8517882689556513
5598,4.5425,4.8825,0.37832331902718175,1.8494992846924179
5599,4.545,4.88375,0.3785064377682404,1.8494992846924179
5600,4.5475,4.8825,0.378964234620887,1.8494992846924179
5601,4.545,4.8825,0.37914735336194566,1.8517882689556513
5602,4.5525,4.88375,0.3785064377682404,1.8494992846924179
5603,4.56,4.8825,0.37997138769670963,1.8563662374821175
5604,4.54,4.885,0.3796051502145923,1.8517882689556513
5605,4.5475,4.88375,0.37933047210300436,1.8517882689556513
5606,4.5375,4.88375,0.37814020028612305,1.8449213161659515
5607,4.545,4.88375,0.3787811158798284,1.8494992846924179
5608,4.56,4.88375,0.3796051502145923,1.8517882689556513
5609,4.5625,4.88375,0.3802460658082976,1.8563662374821175
5610,4.5575,4.885,0.379788268955651,1.840343347639485
5611,4.545,4.88375,0.379788268955651,1.8563662374821175
5612,4.5425,4.88375,0.3785064377682404,1.8494992846924179
5613,4.5575,4.8825,0.379788268955651,1.8517882689556513
5614,4.545,4.88375,0.37914735336194566,1.8517882689556513
5615,4.555,4.885,0.3796051502145923,1.8517882689556513
5616,4.5475,4.8825,0.378964234620887,1.8494992846924179
5617,4.555,4.88375,0.378964234620887,1.8517882689556513
5618,4.55,4.88375,0.37914735336194566,1.8517882689556513
5619,4.5525,4.8825,0.37933047210300436,1.8517882689556513
5620,4.5525,4.88375,0.378964234620887,1.8517882689556513
5621,4.545,4.88375,0.3787811158798284,1.8494992846924179
5622,4.54,4.8825,0.37832331902718175,1.8494992846924179
5623,4.5575,4.88375,0.379788268955651,1.8563662374821175
5624,4.5675,4.88375,0.3806123032904149,1.860944206008584
5625,4.56,4.8825,0.37997138769670963,1.8563662374821175
5626,4.55,4.88375,0.37914735336194566,1.8517882689556513
5627,4.5675,4.88375,0.3806123032904149,1.860944206008584
5628,4.545,4.88375,0.3787811158798284,1.8494992846924179
5629,4.5575,4.8825,0.3796051502145923,1.8517882689556513
5630,4.555,4.885,0.3796051502145923,1.8517882689556513
5631,4.55,4.88375,0.37914735336194566,1.8517882689556513
5632,4.56,4.8825,0.379788268955651,1.8517882689556513
5633,4.5625,4.8825,0.3785064377682404,1.8494992846924179
5634,4.5525,4.88125,0.37933047210300436,1.8517882689556513
5635,4.545,4.8825,0.38107010014306153,1.860944206008584
5636,4.55,4.88375,0.3796051502145923,1.8517882689556513
5637,4.555,4.8825,0.3796051502145923,1.8517882689556513
5638,4.55,4.8825,0.3807954220314736,1.860944206008584
5639,4.55,4.88375,0.3787811158798284,1.8494992846924179
5640,4.56,4.88375,0.37997138769670963,1.8563662374821175
5641,4.5575,4.8825,0.37832331902718175,1.8494992846924179
5642,4.565,4.88375,0.378964234620887,1.8517882689556513
5643,4.5475,4.88375,0.378964234620887,1.8517882689556513
5644,4.555,4.88375,0.38226037195994284,1.8678111587982833
5645,4.56,4.8825,0.379788268955651,1.8517882689556513
5646,4.565,4.88125,0.38042918454935626,1.8563662374821175
5647,4.5525,4.8825,0.37933047210300436,1.8517882689556513
5648,4.55,4.8825,0.37914735336194566,1.8517882689556513
5649,4.5475,4.8825,0.378964234620887,1.8494992846924179
5650,4.56,4.8825,0.37997138769670963,1.8563662374821175
5651,4.5625,4.8825,0.3802460658082976,1.8563662374821175
5652,4.555,4.8825,0.3796051502145923,1.8517882689556513
5653,4.5575,4.8825,0.379788268955651,1.8517882689556513
5654,4.5525,4.88375,0.37914735336194566,1.8517882689556513
5655,4.55,4.88375,0.37914735336194566,1.8517882689556513
5656,4.5725,4.8825,0.38107010014306153,1.860944206008584
5657,4.56,4.88375,0.3779570815450644,1.8449213161659515
5658,4.55,4.88375,0.37914735336194566,1.8517882689556513
5659,4.5525,4.8825,0.37933047210300436,1.8517882689556513
5660,4.5675,4.8825,0.3785064377682404,1.8494992846924179
5661,4.555,4.8825,0.3796051502145923,1.8517882689556513
5662,4.5425,4.8825,0.3785064377682404,1.8494992846924179
5663,4.53,4.8825,0.37814020028612305,1.8449213161659515
5664,4.5625,4.88375,0.3802460658082976,1.8563662374821175
5665,4.555,4.88375,0.3796051502145923,1.8517882689556513
5666,4.5525,4.88125,0.3787811158798284,1.8494992846924179
5667,4.56,4.88375,0.37997138769670963,1.8563662374821175
5668,4.545,4.885,0.3787811158798284,1.8494992846924179
5669,4.555,4.88375,0.3796051502145923,1.8517882689556513
5670,4.5625,4.8825,0.3787811158798284,1.8494992846924179
5671,4.5525,4.8825,0.37933047210300436,1.8517882689556513
5672,4.5575,4.8825,0.3802460658082976,1.8563662374821175
5673,4.5575,4.8825,0.378964234620887,1.8494992846924179
5674,4.5575,4.8825,0.379788268955651,1.8517882689556513
5675,4.55,4.88375,0.37814020028612305,1.8449213161659515
5676,4.55,4.88375,0.37914735336194566,1.8517882689556513
5677,4.555,4.8825,0.3796051502145923,1.8517882689556513
5678,4.555,4.8825,0.37914735336194566,1.8517882689556513
5679,4.5625,4.8825,0.379788268955651,1.8517882689556513
5680,4.5575,4.8825,0.379788268955651,1.8517882689556513
5681,4.54,4.8825,0.37832331902718175,1.8632331902718169
5682,4.5525,4.88375,0.37933047210300436,1.8517882689556513
5683,4.5575,4.8825,0.379788268955651,1.8517882689556513
5684,4.56,4.8825,0.37997138769670963,1.8563662374821175
5685,4.5525,4.8825,0.379788268955651,1.8517882689556513
5686,4.5475,4.8825,0.378964234620887,1.8494992846924179
5687,4.555,4.88375,0.3796051502145923,1.8517882689556513
5688,4.5575,4.88375,0.37832331902718175,1.8494992846924179
5689,4.5575,4.8825,0.379788268955651,1.8517882689556513
5690,4.55,4.8825,0.37914735336194566,1.8517882689556513
5691,4.5525,4.8825,0.3802460658082976,1.8563662374821175
5692,4.555,4.88125,0.3796051502145923,1.8517882689556513
5693,4.555,4.885,0.3796051502145923,1.8517882689556513
5694,4.5575,4.8825,0.37997138769670963,1.8563662374821175
5695,4.56,4.885,0.37997138769670963,1.8563662374821175
5696,4.545,4.8825,0.3787811158798284,1.8494992846924179
5697,4.56,4.8825,0.37914735336194566,1.8517882689556513
5698,4.5475,4.8825,0.378964234620887,1.8494992846924179
5699,4.555,4.8825,0.3796051502145923,1.8517882689556513
5700,4.555,4.88375,0.3802460658082976,1.8563662374821175
5701,4.5425,4.8825,0.3785064377682404,1.8494992846924179
5702,4.5575,4.8825,0.379788268955651,1.8517882689556513
5703,4.5575,4.88125,0.3796051502145923,1.8517882689556513
5704,4.5575,4.8825,0.379788268955651,1.8517882689556513
5705,4.565,4.8825,0.38042918454935626,1.8563662374821175
5706,4.56,4.8825,0.37933047210300436,1.8517882689556513
5707,4.545,4.8825,0.379788268955651,1.8517882689556513
5708,4.5525,4.88375,0.37933047210300436,1.8517882689556513
5709,4.56,4.88375,0.37914735336194566,1.8517882689556513
5710,4.555,4.88375,0.3802460658082976,1.8563662374821175
5711,4.5575,4.8825,0.379788268955651,1.8517882689556513
5712,4.55,4.88375,0.3787811158798284,1.8494992846924179
5713,4.55,4.8825,0.3787811158798284,1.8494992846924179
5714,4.555,4.88375,0.3796051502145923,1.8517882689556513
5715,4.5675,4.8825,0.38042918454935626,1.8563662374821175
5716,4.5525,4.88125,0.37997138769670963,1.8563662374821175
5717,4.5575,4.8825,0.379788268955651,1.8517882689556513
5718,4.5425,4.88375,0.3785064377682404,1.8494992846924179
5719,4.5575,4.88125,0.3796051502145923,1.8517882689556513
5720,4.55,4.8825,0.37914735336194566,1.8517882689556513
5721,4.56,4.88125,0.37997138769670963,1.8563662374821175
5722,4.5475,4.88375,0.3806123032904149,1.860944206008584
5723,4.5475,4.8825,0.378964234620887,1.8494992846924179
5724,4.5525,4.8825,0.37933047210300436,1.8517882689556513
5725,4.555,4.8825,0.379788268955651,1.8517882689556513
5726,4.555,4.88375,0.3796051502145923,1.8517882689556513
5727,4.55,4.88375,0.37914735336194566,1.8517882689556513
5728,4.5625,4.8825,0.379788268955651,1.8517882689556513
5729,4.555,4.8825,0.3796051502145923,1.8517882689556513
5730,4.5675,4.8825,0.3806123032904149,1.860944206008584
5731,4.56,4.8825,0.37933047210300436,1.8517882689556513
5732,4.5575,4.8825,0.379788268955651,1.8517882689556513
5733,4.55,4.8825,0.37914735336194566,1.8517882689556513
5734,4.555,4.8825,0.3796051502145923,1.8517882689556513
5735,4.5625,4.8825,0.3802460658082976,1.8563662374821175
5736,4.575,4.8825,0.3812532188841202,1.860944206008584
5737,4.56,4.88125,0.37914735336194566,1.8494992846924179
5738,4.56,4.8825,0.37997138769670963,1.8563662374821175
5739,4.5625,4.88375,0.3802460658082976,1.8563662374821175
5740,4.55,4.8825,0.3796051502145923,1.8517882689556513
5741,4.5675,4.88125,0.37997138769670963,1.8563662374821175
5742,4.5675,4.8825,0.3806123032904149,1.860944206008584
5743,4.5475,4.88125,0.379788268955651,1.8517882689556513
5744,4.5575,4.8825,0.3796051502145923,1.8517882689556513
5745,4.56,4.8825,0.37997138769670963,1.8563662374821175
5746,4.555,4.8825,0.379788268955651,1.8517882689556513
5747,4.56,4.8825,0.37914735336194566,1.8517882689556513
5748,4.555,4.8825,0.3796051502145923,1.8517882689556513
5749,4.5525,4.88375,0.37997138769670963,1.8563662374821175
5750,4.5725,4.88375,0.3787811158798284,1.8494992846924179
5751,4.5525,4.8825,0.37933047210300436,1.8517882689556513
5752,4.5575,4.8825,0.379788268955651,1.8517882689556513
5753,4.56,4.88125,0.379788268955651,1.8517882689556513
5754,4.5675,4.88125,0.3806123032904149,1.8563662374821175
5755,4.56,4.88125,0.37997138769670963,1.8563662374821175
5756,4.5625,4.88375,0.3796051502145923,1.8517882689556513
5757,4.5625,4.8825,0.3802460658082976,1.8563662374821175
5758,4.5675,4.8825,0.3806123032904149,1.860944206008584
5759,4.5575,4.88375,0.3787811158798284,1.8494992846924179
5760,4.565,4.88375,0.38042918454935626,1.8563662374821175
5761,4.555,4.8825,0.3796051502145923,1.8517882689556513
5762,4.5625,4.88125,0.37997138769670963,1.8563662374821175
5763,4.5525,4.88375,0.37933047210300436,1.8517882689556513
5764,4.555,4.88375,0.3796051502145923,1.8517882689556513
5765,4.5525,4.88375,0.3802460658082976,1.8563662374821175
5766,4.5575,4.88375,0.379788268955651,1.8563662374821175
5767,4.54,4.88125,0.37832331902718175,1.8449213161659515
5768,4.5625,4.88125,0.379788268955651,1.8517882689556513
5769,4.545,4.88375,0.3787811158798284,1.8494992846924179
5770,4.5475,4.88375,0.378964234620887,1.8517882689556513
5771,4.555,4.88375,0.378964234620887,1.8517882689556513
5772,4.545,4.8825,0.3787811158798284,1.8494992846924179
5773,4.5625,4.88375,0.3802460658082976,1.8563662374821175
5774,4.5625,4.88375,0.37933047210300436,1.8517882689556513
5775,4.555,4.88375,0.37997138769670963,1.8563662374821175
5776,4.5625,4.8825,0.3802460658082976,1.8563662374821175
5777,4.565,4.8825,0.378964234620887,1.8494992846924179
5778,4.56,4.8825,0.37914735336194566,1.8517882689556513
5779,4.56,4.88375,0.37997138769670963,1.8563662374821175
5780,4.55,4.88375,0.379788268955651,1.8563662374821175
5781,4.55,4.8825,0.38042918454935626,1.8563662374821175
5782,4.5625,4.88125,0.3802460658082976,1.8563662374821175
5783,4.5575,4.885,0.38042918454935626,1.860944206008584
5784,4.555,4.88125,0.37914735336194566,1.8494992846924179
5785,3.705,4.96375,0.3087381974248927,1.5336194563662375
5786,4.5575,4.8825,0.3785064377682404,1.8494992846924179
5787,4.56,4.8825,0.379788268955651,1.8517882689556513
5788,4.5675,4.8825,0.3806123032904149,1.860944206008584
5789,4.555,4.8825,0.3796051502145923,1.8517882689556513
5790,4.545,4.8825,0.3802460658082976,1.8563662374821175
5791,4.55,4.8825,0.37914735336194566,1.8517882689556513
5792,4.5575,4.8825,0.379788268955651,1.8517882689556513
5793,4.55,4.88375,0.37914735336194566,1.8517882689556513
5794,4.555,4.8825,0.3796051502145923,1.8517882689556513
5795,4.55,4.88125,0.37914735336194566,1.8494992846924179
5796,4.5425,4.88375,0.3802460658082976,1.8563662374821175
5797,4.56,4.88375,0.37997138769670963,1.8563662374821175
5798,4.5525,4.8825,0.37933047210300436,1.8517882689556513
5799,4.55,4.8825,0.378964234620887,1.8494992846924179
5800,4.5575,4.885,0.379788268955651,1.8563662374821175
5801,4.555,4.88375,0.3796051502145923,1.8517882689556513
5802,4.55,4.88375,0.3796051502145923,1.8517882689556513
5803,3.915,4.96625,0.3262260371959943,1.620600858369099
5804,4.5525,4.8825,0.37933047210300436,1.8517882689556513
5805,4.565,4.8825,0.37832331902718175,1.8494992846924179
5806,4.55,4.8825,0.37914735336194566,1.8517882689556513
5807,4.5625,4.88375,0.3802460658082976,1.8563662374821175
5808,4.545,4.8825,0.37914735336194566,1.8517882689556513
5809,4.565,4.88375,0.38042918454935626,1.8563662374821175
5810,4.5525,4.88375,0.37933047210300436,1.8517882689556513
5811,4.5525,4.8825,0.37997138769670963,1.8563662374821175
5812,4.5475,4.885,0.3766752503576538,1.840343347639485
5813,4.555,4.885,0.3796051502145923,1.8517882689556513
5814,4.5575,4.8825,0.3796051502145923,1.8517882689556513
5815,4.555,4.88,0.3785064377682404,1.8494992846924179
5816,4.5625,4.8825,0.3802460658082976,1.8563662374821175
5817,4.5375,4.885,0.379788268955651,1.8563662374821175
5818,4.535,4.88375,0.3806123032904149,1.860944206008584
5819,4.5625,4.8825,0.3802460658082976,1.8563662374821175
5820,4.5675,4.8825,0.38042918454935626,1.8563662374821175
5821,4.555,4.88375,0.3806123032904149,1.860944206008584
5822,4.55,4.8825,0.37914735336194566,1.8517882689556513
5823,4.5375,4.88375,0.37814020028612305,1.8563662374821175
5824,4.5525,4.8825,0.379788268955651,1.8517882689556513
5825,4.5525,4.88375,0.37933047210300436,1.8517882689556513
5826,4.56,4.885,0.37997138769670963,1.8563662374821175
5827,4.55,4.8825,0.379788268955651,1.8517882689556513
5828,4.5575,4.88375,0.379788268955651,1.8563662374821175
5829,4.5525,4.88125,0.37933047210300436,1.8517882689556513
5830,4.5575,4.88375,0.3785064377682404,1.8494992846924179
5831,4.55,4.8825,0.37914735336194566,1.8517882689556513
5832,4.5525,4.8825,0.37933047210300436,1.8517882689556513
5833,4.5375,4.88375,0.3796051502145923,1.8517882689556513
5834,4.555,4.88375,0.3796051502145923,1.8517882689556513
5835,4.55,4.8825,0.37914735336194566,1.8517882689556513
5836,4.545,4.88375,0.378964234620887,1.8517882689556513
5837,4.54,4.88375,0.37832331902718175,1.8494992846924179
5838,4.555,4.8825,0.3796051502145923,1.8517882689556513
5839,4.545,4.8825,0.378964234620887,1.8494992846924179
5840,4.5575,4.88125,0.379788268955651,1.8517882689556513
5841,4.5475,4.8825,0.378964234620887,1.8494992846924179
5842,4.5475,4.8825,0.37933047210300436,1.8517882689556513
5843,4.555,4.8825,0.3796051502145923,1.8517882689556513
5844,4.55,4.88375,0.37914735336194566,1.8517882689556513
5845,4.565,4.8825,0.3796051502145923,1.8517882689556513
5846,4.5475,4.8875,0.37649213161659517,1.840343347639485
5847,4.5475,4.88375,0.378964234620887,1.8517882689556513
5848,4.5275,4.8825,0.37814020028612305,1.8449213161659515
5849,4.555,4.8825,0.378964234620887,1.8494992846924179
5850,4.5325,4.88375,0.3776824034334764,1.8449213161659515
5851,4.555,4.88375,0.37832331902718175,1.8494992846924179
5852,4.5525,4.88625,0.37814020028612305,1.8494992846924179
5853,4.545,4.8825,0.3787811158798284,1.8494992846924179
5854,4.5725,4.8825,0.3785064377682404,1.8494992846924179
5855,4.555,4.88375,0.37814020028612305,1.8449213161659515
5856,4.55,4.88375,0.37914735336194566,1.8517882689556513
5857,4.5675,4.8825,0.37914735336194566,1.8517882689556513
5858,4.5525,4.885,0.379788268955651,1.8563662374821175
5859,4.5525,4.8825,0.37933047210300436,1.8517882689556513
5860,4.555,4.8825,0.3796051502145923,1.8517882689556513
5861,4.5625,4.88625,0.3787811158798284,1.8517882689556513
5862,4.54,4.8825,0.37832331902718175,1.8494992846924179
5863,4.56,4.88375,0.37997138769670963,1.8563662374821175
5864,4.5525,4.88125,0.37649213161659517,1.838054363376252
5865,4.565,4.8825,0.38042918454935626,1.8563662374821175
5866,4.55,4.88375,0.37914735336194566,1.8517882689556513
5867,4.56,4.8825,0.3787811158798284,1.8494992846924179
5868,4.545,4.8825,0.3787811158798284,1.8494992846924179
5869,4.5625,4.88375,0.3802460658082976,1.8563662374821175
5870,4.5425,4.8825,0.37914735336194566,1.8517882689556513
5871,4.555,4.8825,0.3796051502145923,1.8517882689556513
5872,4.5625,4.885,0.3802460658082976,1.8563662374821175
5873,4.545,4.885,0.3796051502145923,1.8517882689556513
5874,4.5425,4.8825,0.3785064377682404,1.8494992846924179
5875,4.555,4.88125,0.3796051502145923,1.8517882689556513
5876,3.61,4.965,0.32604291845493566,1.620600858369099
5877,4.54,4.8825,0.37832331902718175,1.8494992846924179
5878,4.55,4.8825,0.37914735336194566,1.8517882689556513
5879,4.555,4.8825,0.37704148783977115,1.840343347639485
5880,4.55,4.8825,0.38042918454935626,1.8563662374821175
5881,4.565,4.88375,0.38042918454935626,1.8563662374821175
5882,4.565,4.8825,0.378964234620887,1.8494992846924179
5883,4.56,4.88625,0.37832331902718175,1.8494992846924179
5884,4.54,4.8825,0.37832331902718175,1.8494992846924179
5885,4.5475,4.8825,0.379788268955651,1.8517882689556513
5886,4.5625,4.88375,0.3806123032904149,1.860944206008584
5887,4.55,4.8825,0.37914735336194566,1.8517882689556513
5888,4.5525,4.885,0.3779570815450644,1.8449213161659515
5889,4.535,4.88375,0.37914735336194566,1.8517882689556513
5890,4.555,4.88125,0.3796051502145923,1.8517882689556513
5891,4.5525,4.8825,0.37814020028612305,1.8449213161659515
5892,4.56,4.8825,0.379788268955651,1.8517882689556513
5893,4.545,4.88375,0.3787811158798284,1.8494992846924179
5894,4.54,4.8825,0.37832331902718175,1.8449213161659515
5895,4.5575,4.88125,0.37914735336194566,1.8494992846924179
5896,4.55,4.8825,0.37914735336194566,1.8517882689556513
5897,4.5575,4.885,0.379788268955651,1.8563662374821175
5898,4.5275,4.88375,0.3806123032904149,1.860944206008584
5899,4.5825,4.88375,0.3818941344778255,1.8632331902718169
5900,4.55,4.88125,0.37914735336194566,1.8494992846924179
5901,4.5475,4.8825,0.3802460658082976,1.8563662374821175
5902,4.55,4.8825,0.37914735336194566,1.8517882689556513
5903,4.545,4.88375,0.3787811158798284,1.8494992846924179
5904,4.545,4.88375,0.3796051502145923,1.8517882689556513
5905,4.56,4.88375,0.37997138769670963,1.8563662374821175
5906,4.5725,4.88125,0.38107010014306153,1.860944206008584
5907,4.535,4.88375,0.37933047210300436,1.8517882689556513
5908,4.5375,4.88375,0.37814020028612305,1.8449213161659515
5909,4.5275,4.8825,0.37731616595135914,1.840343347639485
5910,4.575,4.88375,0.379788268955651,1.8563662374821175
5911,4.55,4.8825,0.37914735336194566,1.8517882689556513
5912,4.5425,4.8825,0.3785064377682404,1.8494992846924179
5913,4.5425,4.88375,0.37997138769670963,1.8563662374821175
5914,4.5425,4.88125,0.3785064377682404,1.8494992846924179
5915,4.55,4.8825,0.37914735336194566,1.8517882689556513
5916,4.545,4.8825,0.37814020028612305,1.8449213161659515
5917,4.56,4.8825,0.37832331902718175,1.8494992846924179
5918,4.5475,4.88125,0.378964234620887,1.8494992846924179
5919,4.5625,4.8825,0.3776824034334764,1.8449213161659515
5920,4.5425,4.88125,0.3802460658082976,1.8563662374821175
5921,4.5325,4.885,0.3776824034334764,1.8449213161659515
5922,4.565,4.8825,0.3774992846924178,1.840343347639485
5923,4.55,4.8825,0.3785064377682404,1.8494992846924179
5924,4.55,4.885,0.37914735336194566,1.8517882689556513
5925,4.6,4.8825,0.37374535050071533,1.826609442060086
5926,3.7375,4.96,0.3451788268955651,1.7144492131616598
5927,4.55,4.8825,0.37914735336194566,1.8517882689556513
5928,4.54,4.8825,0.3787811158798284,1.8494992846924179
5929,4.5475,4.8825,0.37731616595135914,1.840343347639485
5930,4.5575,4.8825,0.379788268955651,1.8517882689556513
5931,4.555,4.88375,0.3796051502145923,1.8517882689556513
5932,4.5475,4.88375,0.3796051502145923,1.8517882689556513
5933,4.5575,4.8825,0.379788268955651,1.8517882689556513
5934,4.5575,4.8825,0.379788268955651,1.8517882689556513
5935,4.5625,4.88375,0.37914735336194566,1.8517882689556513
5936,4.5475,4.88375,0.378964234620887,1.8517882689556513
5937,4.545,4.8825,0.3787811158798284,1.8494992846924179
5938,4.5575,4.88125,0.37914735336194566,1.8494992846924179
5939,4.5625,4.8825,0.3802460658082976,1.8563662374821175
5940,4.5575,4.88375,0.379788268955651,1.8563662374821175
5941,4.5675,4.88125,0.3796051502145923,1.8517882689556513
5942,4.5525,4.8825,0.37933047210300436,1.8517882689556513
5943,4.5575,4.8825,0.379788268955651,1.8517882689556513
5944,4.5675,4.8825,0.37914735336194566,1.8517882689556513
5945,4.5575,4.88125,0.379788268955651,1.8517882689556513
5946,4.56,4.88375,0.37997138769670963,1.8563662374821175
5947,4.5625,4.88125,0.3796051502145923,1.8517882689556513
5948,4.565,4.8825,0.38042918454935626,1.8563662374821175
5949,4.56,4.8825,0.37997138769670963,1.8563662374821175
5950,4.5525,4.8825,0.3807954220314736,1.860944206008584
5951,4.5575,4.8825,0.379788268955651,1.8517882689556513
5952,4.55,4.8825,0.37914735336194566,1.8517882689556513
5953,4.555,4.88125,0.379788268955651,1.8517882689556513
5954,4.565,4.8825,0.37933047210300436,1.8517882689556513
5955,4.56,4.8825,0.37997138769670963,1.8563662374821175
5956,4.5625,4.8825,0.38107010014306153,1.860944206008584
5957,4.55,4.88375,0.3802460658082976,1.8563662374821175
5958,4.5525,4.8825,0.37933047210300436,1.8517882689556513
5959,4.5575,4.8825,0.3785064377682404,1.8494992846924179
5960,4.55,4.8825,0.37914735336194566,1.8517882689556513
5961,4.5425,4.88125,0.3785064377682404,1.8494992846924179
5962,4.5525,4.8825,0.3812532188841202,1.860944206008584
5963,4.565,4.88375,0.37914735336194566,1.8517882689556513
5964,4.56,4.8825,0.37997138769670963,1.8563662374821175
5965,4.5575,4.88125,0.379788268955651,1.8494992846924179
5966,4.565,4.8825,0.37933047210300436,1.8517882689556513
5967,4.5375,4.88375,0.37814020028612305,1.8449213161659515
5968,4.545,4.8825,0.3787811158798284,1.8494992846924179
5969,4.565,4.88125,0.3785064377682404,1.8494992846924179
5970,4.57,4.88125,0.3807954220314736,1.860944206008584
5971,4.545,4.8825,0.3787811158798284,1.8494992846924179
5972,4.5575,4.8825,0.37997138769670963,1.8563662374821175
5973,4.56,4.88375,0.37997138769670963,1.8563662374821175
5974,4.56,4.8825,0.37997138769670963,1.8563662374821175
5975,4.5525,4.88125,0.37914735336194566,1.8494992846924179
5976,4.5675,4.88125,0.3806123032904149,1.8563662374821175
5977,4.56,4.8825,0.37997138769670963,1.8563662374821175
5978,4.56,4.88125,0.38042918454935626,1.8563662374821175
5979,4.55,4.8825,0.37914735336194566,1.8517882689556513
5980,4.54,4.88125,0.37832331902718175,1.8449213161659515
5981,4.5575,4.8825,0.379788268955651,1.8517882689556513
5982,4.555,4.88125,0.3796051502145923,1.8517882689556513
5983,4.56,4.8825,0.37997138769670963,1.8563662374821175
5984,4.56,4.8825,0.37832331902718175,1.8494992846924179
5985,4.555,4.8825,0.3796051502145923,1.8517882689556513
5986,4.56,4.8825,0.37997138769670963,1.8563662374821175
5987,4.545,4.8825,0.3787811158798284,1.8494992846924179
5988,4.5775,4.88125,0.37914735336194566,1.8494992846924179
5989,4.5625,4.8825,0.3802460658082976,1.8563662374821175
5990,4.57,4.88125,0.37933047210300436,1.8517882689556513
5991,4.5525,4.88125,0.379788268955651,1.8517882689556513
5992,4.555,4.88,0.3796051502145923,1.8517882689556513
5993,4.565,4.8825,0.37914735336194566,1.8517882689556513
5994,4.5825,4.8825,0.3796051502145923,1.8517882689556513
5995,4.5625,4.88375,0.3802460658082976,1.8563662374821175
5996,4.555,4.88125,0.38042918454935626,1.8563662374821175
5997,4.5725,4.88375,0.37933047210300436,1.8517882689556513
5998,4.5625,4.8825,0.3802460658082976,1.8563662374821175
5999,4.5775,4.8825,0.3779570815450644,1.8449213161659515
6000,4.5525,4.88375,0.37933047210300436,1.8517882689556513
6001,4.5625,4.88375,0.3802460658082976,1.8563662374821175
6002,4.56,4.8825,0.37997138769670963,1.8563662374821175
6003,4.55,4.88375,0.37933047210300436,1.8517882689556513
6004,4.5625,4.88375,0.3802460658082976,1.8563662374821175
6005,4.5475,4.8825,0.378964234620887,1.8494992846924179
6006,4.5875,4.88125,0.37933047210300436,1.8517882689556513
6007,4.5675,4.88125,0.3806123032904149,1.8563662374821175
6008,4.5575,4.88125,0.379788268955651,1.8517882689556513
6009,4.5525,4.8825,0.37997138769670963,1.8563662374821175
6010,4.5775,4.88125,0.38143633762517887,1.860944206008584
6011,4.57,4.8825,0.3807954220314736,1.860944206008584
6012,4.545,4.8825,0.379788268955651,1.8517882689556513
6013,4.5525,4.8825,0.37933047210300436,1.8517882689556513
6014,4.555,4.8825,0.3796051502145923,1.8517882689556513
6015,4.56,4.88375,0.3806123032904149,1.860944206008584
6016,4.5525,4.8825,0.37933047210300436,1.8517882689556513
6017,4.555,4.88125,0.3796051502145923,1.8517882689556513
6018,4.5475,4.88375,0.37914735336194566,1.8517882689556513
6019,4.55,4.8825,0.37914735336194566,1.8517882689556513
6020,4.5525,4.88125,0.37933047210300436,1.8517882689556513
6021,4.5575,4.8825,0.3802460658082976,1.8563662374821175
6022,4.5575,4.8825,0.3796051502145923,1.8517882689556513
6023,4.5475,4.88125,0.378964234620887,1.8494992846924179
6024,4.54,4.8825,0.3802460658082976,1.8563662374821175
6025,4.565,4.8825,0.38107010014306153,1.860944206008584
6026,4.565,4.8825,0.38042918454935626,1.8563662374821175
6027,4.57,4.8825,0.37914735336194566,1.8517882689556513
6028,4.58,4.88125,0.37997138769670963,1.8563662374821175
6029,4.5675,4.8825,0.3806123032904149,1.860944206008584
6030,4.5825,4.88125,0.37914735336194566,1.8494992846924179
6031,4.5825,4.8825,0.3785064377682404,1.8494992846924179
6032,4.5575,4.88375,0.379788268955651,1.8563662374821175
6033,4.5575,4.8825,0.38042918454935626,1.8563662374821175
6034,4.5725,4.88375,0.3796051502145923,1.8517882689556513
6035,4.5625,4.8825,0.3802460658082976,1.8563662374821175
6036,4.56,4.8825,0.37997138769670963,1.8517882689556513
6037,4.5575,4.88375,0.37933047210300436,1.8517882689556513
6038,4.57,4.885,0.3807954220314736,1.860944206008584
6039,4.5525,4.88125,0.37933047210300436,1.8517882689556513
6040,4.58,4.88125,0.3802460658082976,1.8563662374821175
6041,4.5525,4.88125,0.37933047210300436,1.8517882689556513
6042,4.57,4.88375,0.3807954220314736,1.860944206008584
6043,4.555,4.88125,0.3806123032904149,1.8563662374821175
6044,4.545,4.8825,0.3787811158798284,1.8494992846924179
6045,4.5725,4.88125,0.38107010014306153,1.860944206008584
6046,4.5675,4.88375,0.379788268955651,1.8563662374821175
6047,4.55,4.8825,0.37914735336194566,1.8517882689556513
6048,4.58,4.8825,0.38171101573676686,1.8632331902718169
6049,4.5725,4.88375,0.379788268955651,1.8563662374821175
6050,4.5625,4.8825,0.3802460658082976,1.8563662374821175
6051,4.56,4.88375,0.37997138769670963,1.8563662374821175
6052,4.5575,4.88125,0.3796051502145923,1.8517882689556513
6053,4.5575,4.8825,0.379788268955651,1.8517882689556513
6054,4.57,4.8825,0.3807954220314736,1.860944206008584
6055,4.5725,4.885,0.37997138769670963,1.8563662374821175
6056,4.555,4.8825,0.3796051502145923,1.8517882689556513
6057,4.5575,4.8825,0.379788268955651,1.8517882689556513
6058,4.545,4.8825,0.37997138769670963,1.8563662374821175
6059,4.5675,4.8825,0.37997138769670963,1.8563662374821175
6060,4.5625,4.8825,0.3802460658082976,1.8563662374821175
6061,4.5525,4.8825,0.37933047210300436,1.8517882689556513
6062,4.5425,4.88,0.3796051502145923,1.8517882689556513
6063,4.55,4.8825,0.37914735336194566,1.8517882689556513
6064,4.56,4.88,0.379788268955651,1.8517882689556513
6065,4.57,4.8825,0.38042918454935626,1.8563662374821175
6066,4.575,4.8825,0.3812532188841202,1.860944206008584
6067,4.5475,4.8825,0.3802460658082976,1.8563662374821175
6068,4.5625,4.88125,0.37933047210300436,1.8517882689556513
6069,4.575,4.8825,0.3812532188841202,1.860944206008584
6070,4.57,4.88125,0.3807954220314736,1.8563662374821175
6071,4.5425,4.8825,0.379788268955651,1.8517882689556513
6072,4.5625,4.8825,0.3802460658082976,1.8563662374821175
6073,4.5825,4.88125,0.3818941344778255,1.8632331902718169
6074,4.55,4.8825,0.3802460658082976,1.8563662374821175
6075,4.5575,4.88375,0.379788268955651,1.8563662374821175
6076,4.5575,4.88,0.379788268955651,1.8517882689556513
6077,4.56,4.8825,0.3796051502145923,1.8517882689556513
6078,4.5725,4.8825,0.38107010014306153,1.860944206008584
6079,4.565,4.8825,0.38042918454935626,1.8563662374821175
6080,4.5525,4.8825,0.3802460658082976,1.8563662374821175
6081,4.56,4.88125,0.37997138769670963,1.8563662374821175
6082,4.5725,4.88125,0.38107010014306153,1.860944206008584
6083,4.5575,4.88375,0.379788268955651,1.8563662374821175
6084,4.55,4.88,0.37914735336194566,1.8494992846924179
6085,4.555,4.88125,0.3796051502145923,1.8517882689556513
6086,4.5625,4.8825,0.37933047210300436,1.8517882689556513
6087,4.545,4.8825,0.3787811158798284,1.8494992846924179
6088,4.56,4.8825,0.37997138769670963,1.8563662374821175
6089,4.565,4.8825,0.37997138769670963,1.8563662374821175
6090,4.57,4.8825,0.3807954220314736,1.860944206008584
6091,4.565,4.88375,0.38042918454935626,1.8563662374821175
6092,4.5475,4.88375,0.3802460658082976,1.8563662374821175
6093,4.57,4.88125,0.37933047210300436,1.8517882689556513
6094,4.565,4.88125,0.38042918454935626,1.8563662374821175
6095,4.5525,4.8825,0.3802460658082976,1.8563662374821175
6096,4.56,4.8825,0.379788268955651,1.8517882689556513
6097,4.565,4.8825,0.38042918454935626,1.8563662374821175
6098,4.56,4.8825,0.3796051502145923,1.8517882689556513
6099,4.55,4.8825,0.37997138769670963,1.8563662374821175
6100,4.5825,4.88375,0.3818941344778255,1.8632331902718169
6101,4.535,4.8825,0.3796051502145923,1.8517882689556513
6102,4.56,4.8825,0.38143633762517887,1.8632331902718169
6103,4.57,4.8825,0.3807954220314736,1.860944206008584
6104,4.5625,4.8825,0.3796051502145923,1.8517882689556513
6105,4.5575,4.88375,0.38042918454935626,1.8563662374821175
6106,4.575,4.88125,0.3812532188841202,1.860944206008584
6107,4.56,4.88375,0.37997138769670963,1.8563662374821175
6108,4.565,4.8825,0.3796051502145923,1.8517882689556513
6109,4.55,4.8825,0.37914735336194566,1.8517882689556513
6110,4.565,4.88125,0.38042918454935626,1.8563662374821175
6111,4.56,4.88125,0.3802460658082976,1.8563662374821175
6112,4.5625,4.8825,0.3802460658082976,1.8563662374821175
6113,4.5425,4.88125,0.3785064377682404,1.8494992846924179
6114,4.5525,4.88375,0.3806123032904149,1.860944206008584
6115,4.5575,4.88125,0.379788268955651,1.8517882689556513
6116,4.5675,4.8825,0.3806123032904149,1.860944206008584
6117,4.5525,4.8825,0.37997138769670963,1.8563662374821175
6118,4.5575,4.88375,0.379788268955651,1.8563662374821175
6119,4.5525,4.8825,0.37933047210300436,1.8517882689556513
6120,4.565,4.88,0.3796051502145923,1.8517882689556513
6121,4.5625,4.88125,0.3802460658082976,1.8563662374821175
6122,4.55,4.88,0.37914735336194566,1.8494992846924179
6123,4.56,4.8825,0.3807954220314736,1.860944206008584
6124,4.54,4.88125,0.37832331902718175,1.8449213161659515
6125,4.5725,4.88125,0.38107010014306153,1.860944206008584
6126,4.56,4.8825,0.3802460658082976,1.8563662374821175
6127,4.5575,4.88125,0.379788268955651,1.8517882689556513
6128,4.55,4.88125,0.37914735336194566,1.8494992846924179
6129,4.5625,4.8825,0.37933047210300436,1.8517882689556513
6130,4.5775,4.88125,0.3787811158798284,1.8494992846924179
6131,4.58,4.8825,0.38171101573676686,1.8632331902718169
6132,4.5475,4.88375,0.3796051502145923,1.8517882689556513
6133,4.5625,4.8825,0.3806123032904149,1.860944206008584
6134,4.5575,4.8825,0.379788268955651,1.8517882689556513
6135,4.5575,4.8825,0.3807954220314736,1.860944206008584
6136,4.5625,4.88125,0.379788268955651,1.8517882689556513
6137,4.555,4.8825,0.3796051502145923,1.8517882689556513
6138,4.5625,4.8825,0.37997138769670963,1.8563662374821175
6139,4.5725,4.8825,0.38042918454935626,1.8563662374821175
6140,4.5525,4.8825,0.37933047210300436,1.8517882689556513
6141,4.56,4.88375,0.38107010014306153,1.860944206008584
6142,4.5575,4.8825,0.3812532188841202,1.860944206008584
6143,4.5625,4.8825,0.3802460658082976,1.8563662374821175
6144,4.555,4.88125,0.3796051502145923,1.8517882689556513
6145,4.5675,4.8825,0.38143633762517887,1.8632331902718169
6146,4.5575,4.8825,0.379788268955651,1.8517882689556513
6147,4.5525,4.88125,0.37933047210300436,1.8517882689556513
6148,4.56,4.8825,0.3802460658082976,1.8563662374821175
6149,4.5475,4.8825,0.378964234620887,1.8494992846924179
6150,4.5625,4.8825,0.3802460658082976,1.8563662374821175
6151,4.565,4.8825,0.3787811158798284,1.8494992846924179
6152,4.55,4.8825,0.37914735336194566,1.8517882689556513
6153,4.55,4.88375,0.37914735336194566,1.8517882689556513
6154,4.555,4.8825,0.3812532188841202,1.860944206008584
6155,4.5575,4.88375,0.379788268955651,1.8563662374821175
6156,4.55,4.88375,0.37914735336194566,1.8517882689556513
6157,4.5675,4.8825,0.3806123032904149,1.860944206008584
6158,4.5625,4.8825,0.3802460658082976,1.8563662374821175
6159,4.5575,4.8825,0.379788268955651,1.8517882689556513
6160,4.565,4.8825,0.3806123032904149,1.860944206008584
6161,4.55,4.8825,0.37914735336194566,1.8517882689556513
6162,4.5575,4.8825,0.379788268955651,1.8517882689556513
6163,4.5675,4.8825,0.3785064377682404,1.8494992846924179
6164,4.56,4.8825,0.37997138769670963,1.8563662374821175
6165,4.5575,4.8825,0.379788268955651,1.8517882689556513
6166,4.57,4.88125,0.378964234620887,1.8494992846924179
6167,4.5575,4.88125,0.379788268955651,1.8517882689556513
6168,4.5775,4.8825,0.38143633762517887,1.8632331902718169
6169,4.555,4.8825,0.37914735336194566,1.8517882689556513
6170,4.5425,4.8825,0.3796051502145923,1.8517882689556513
6171,4.555,4.8825,0.3796051502145923,1.8517882689556513
6172,4.565,4.8825,0.37997138769670963,1.8563662374821175
6173,4.55,4.88375,0.37933047210300436,1.8517882689556513
6174,4.565,4.8825,0.38042918454935626,1.8563662374821175
6175,4.5625,4.88375,0.379788268955651,1.8563662374821175
6176,4.555,4.88375,0.37933047210300436,1.8517882689556513
6177,4.55,4.8825,0.37914735336194566,1.8517882689556513
6178,4.56,4.88125,0.37997138769670963,1.8563662374821175
6179,4.56,4.8825,0.37914735336194566,1.8517882689556513
6180,4.56,4.88375,0.37997138769670963,1.8563662374821175
6181,4.5575,4.8825,0.379788268955651,1.8517882689556513
6182,4.575,4.8825,0.3806123032904149,1.860944206008584
6183,4.575,4.8825,0.3812532188841202,1.860944206008584
6184,4.565,4.88125,0.38042918454935626,1.8563662374821175
6185,4.555,4.88375,0.37914735336194566,1.8517882689556513
6186,4.565,4.8825,0.38042918454935626,1.8563662374821175
6187,4.5625,4.88375,0.3802460658082976,1.8563662374821175
6188,4.5675,4.8825,0.37997138769670963,1.8563662374821175
6189,4.5575,4.8825,0.379788268955651,1.8517882689556513
6190,4.55,4.8825,0.37914735336194566,1.8517882689556513
6191,4.5425,4.88125,0.37914735336194566,1.8494992846924179
6192,4.5675,4.88375,0.3806123032904149,1.860944206008584
6193,4.5525,4.8825,0.37933047210300436,1.8517882689556513
6194,4.5575,4.8825,0.3806123032904149,1.860944206008584
6195,4.5575,4.88375,0.379788268955651,1.8563662374821175
6196,4.56,4.8825,0.37997138769670963,1.8563662374821175
6197,4.5775,4.88125,0.3806123032904149,1.8563662374821175
6198,4.565,4.88375,0.38042918454935626,1.8563662374821175
6199,4.5525,4.88375,0.37933047210300436,1.8517882689556513
6200,4.5625,4.8825,0.3802460658082976,1.8563662374821175
6201,4.5575,4.88125,0.3806123032904149,1.8563662374821175
6202,4.55,4.88375,0.37914735336194566,1.8517882689556513
6203,4.5375,4.8825,0.37997138769670963,1.8563662374821175
6204,4.55,4.88375,0.37997138769670963,1.8563662374821175
6205,4.545,4.8825,0.3787811158798284,1.8494992846924179
6206,4.545,4.8825,0.3807954220314736,1.860944206008584
6207,4.5675,4.88125,0.379788268955651,1.8517882689556513
6208,4.5525,4.88375,0.37933047210300436,1.8517882689556513
6209,4.5675,4.8825,0.3812532188841202,1.860944206008584
6210,4.535,4.88125,0.379788268955651,1.8517882689556513
6211,4.5375,4.88,0.37814020028612305,1.8449213161659515
6212,4.5475,4.8825,0.378964234620887,1.8494992846924179
6213,4.575,4.8825,0.3787811158798284,1.8494992846924179
6214,4.5725,4.88375,0.38107010014306153,1.860944206008584
6215,4.5725,4.88125,0.38107010014306153,1.860944206008584
6216,4.5525,4.88125,0.3802460658082976,1.8563662374821175
6217,4.5325,4.8825,0.3776824034334764,1.8449213161659515
6218,4.565,4.8825,0.38042918454935626,1.8563662374821175
6219,4.56,4.8825,0.38143633762517887,1.8632331902718169
6220,4.56,4.8825,0.37997138769670963,1.8563662374821175
6221,4.5625,4.88375,0.3802460658082976,1.8563662374821175
6222,4.55,4.8825,0.3806123032904149,1.860944206008584
6223,4.58,4.8825,0.38171101573676686,1.8632331902718169
6224,4.575,4.88375,0.3812532188841202,1.860944206008584
6225,4.565,4.8825,0.3787811158798284,1.8494992846924179
6226,4.585,4.88125,0.38207725321888414,1.8632331902718169
6227,4.56,4.88125,0.37997138769670963,1.8563662374821175
6228,4.535,4.8825,0.3807954220314736,1.860944206008584
6229,4.545,4.88125,0.3787811158798284,1.8494992846924179
6230,4.5525,4.88,0.37933047210300436,1.8517882689556513
6231,4.565,4.8825,0.37914735336194566,1.8517882689556513
6232,4.5725,4.88125,0.38107010014306153,1.860944206008584
6233,4.56,4.8825,0.37997138769670963,1.8563662374821175
6234,4.5675,4.8825,0.3796051502145923,1.8517882689556513
6235,4.575,4.8825,0.3785064377682404,1.8494992846924179
6236,4.57,4.88375,0.3807954220314736,1.860944206008584
6237,4.5375,4.88125,0.37914735336194566,1.8494992846924179
6238,4.555,4.88125,0.3787811158798284,1.8494992846924179
6239,4.5475,4.8825,0.378964234620887,1.8494992846924179
6240,4.55,4.885,0.379788268955651,1.8563662374821175
6241,4.555,4.88125,0.3812532188841202,1.860944206008584
6242,4.5425,4.88375,0.3785064377682404,1.8494992846924179
6243,4.5375,4.88375,0.3802460658082976,1.8563662374821175
6244,4.565,4.88125,0.37914735336194566,1.8494992846924179
6245,4.5675,4.8825,0.3806123032904149,1.860944206008584
6246,4.565,4.8825,0.3807954220314736,1.860944206008584
6247,4.5725,4.8825,0.38107010014306153,1.860944206008584
6248,4.58,4.8825,0.38171101573676686,1.8632331902718169
6249,4.5475,4.8825,0.378964234620887,1.8494992846924179
6250,4.54,4.88,0.37997138769670963,1.8517882689556513
6251,4.5825,4.8825,0.3818941344778255,1.8632331902718169
6252,4.5475,4.88125,0.378964234620887,1.8494992846924179
6253,4.5775,4.88125,0.38143633762517887,1.860944206008584
6254,4.5575,4.8825,0.379788268955651,1.8517882689556513
6255,4.5725,4.8825,0.38107010014306153,1.860944206008584
6256,4.5475,4.88125,0.3796051502145923,1.8517882689556513
6257,4.5525,4.88375,0.37933047210300436,1.8517882689556513
6258,4.565,4.8825,0.38042918454935626,1.8563662374821175
6259,4.56,4.88125,0.3807954220314736,1.860944206008584
6260,4.56,4.8825,0.37997138769670963,1.8563662374821175
6261,4.555,4.88375,0.3796051502145923,1.8517882689556513
6262,4.585,4.88125,0.37997138769670963,1.8563662374821175
6263,4.55,4.8825,0.37914735336194566,1.8517882689556513
6264,4.5525,4.88125,0.37933047210300436,1.8517882689556513
6265,4.5225,4.88125,0.38107010014306153,1.860944206008584
6266,4.555,4.8825,0.3796051502145923,1.8517882689556513
6267,4.5725,4.8825,0.38107010014306153,1.860944206008584
6268,4.5675,4.8825,0.3812532188841202,1.860944206008584
6269,4.545,4.88375,0.3787811158798284,1.8494992846924179
6270,4.5725,4.8825,0.38107010014306153,1.860944206008584
6271,4.565,4.88375,0.3785064377682404,1.8494992846924179
6272,4.56,4.88125,0.3802460658082976,1.8563662374821175
6273,4.5375,4.8825,0.37814020028612305,1.8449213161659515
6274,4.5675,4.88125,0.38042918454935626,1.8563662374821175
6275,4.5525,4.8825,0.3802460658082976,1.8563662374821175
6276,4.5475,4.8825,0.378964234620887,1.8494992846924179
6277,4.5475,4.8825,0.3802460658082976,1.8563662374821175
6278,4.5775,4.88125,0.379788268955651,1.8517882689556513
6279,4.5625,4.8825,0.3802460658082976,1.8563662374821175
6280,4.5525,4.885,0.3785064377682404,1.8494992846924179
6281,4.5725,4.8825,0.37997138769670963,1.8563662374821175
6282,4.5575,4.8825,0.379788268955651,1.8517882689556513
6283,4.55,4.88125,0.37914735336194566,1.860944206008584
6284,4.5625,4.88375,0.3807954220314736,1.860944206008584
6285,4.5425,4.8825,0.3785064377682404,1.8494992846924179
6286,4.55,4.8825,0.37914735336194566,1.8517882689556513
6287,4.5575,4.88125,0.3806123032904149,1.8563662374821175
6288,4.5825,4.8825,0.3818941344778255,1.8632331902718169
6289,4.5525,4.8825,0.37933047210300436,1.8517882689556513
6290,4.565,4.8825,0.379788268955651,1.8517882689556513
6291,4.535,4.8825,0.3779570815450644,1.8449213161659515
6292,4.5525,4.88375,0.37933047210300436,1.8517882689556513
6293,4.5575,4.88,0.3787811158798284,1.8494992846924179
6294,4.5425,4.88125,0.3785064377682404,1.8494992846924179
6295,4.57,4.8825,0.3807954220314736,1.860944206008584
6296,4.555,4.88125,0.3802460658082976,1.8563662374821175
6297,4.565,4.88375,0.38042918454935626,1.8563662374821175
6298,4.55,4.8825,0.37914735336194566,1.8517882689556513
6299,4.565,4.8825,0.3807954220314736,1.860944206008584
6300,4.57,4.8825,0.3807954220314736,1.860944206008584
6301,4.575,4.88125,0.3812532188841202,1.860944206008584
6302,4.555,4.88375,0.3812532188841202,1.860944206008584
6303,4.5225,4.88125,0.3768583690987125,1.840343347639485
6304,4.5725,4.8825,0.38107010014306153,1.860944206008584
6305,4.5675,4.8825,0.37933047210300436,1.8517882689556513
6306,4.56,4.88125,0.3807954220314736,1.860944206008584
6307,4.56,4.8825,0.37997138769670963,1.8563662374821175
6308,4.555,4.88375,0.379788268955651,1.8563662374821175
6309,4.56,4.88125,0.3802460658082976,1.8563662374821175
6310,4.55,4.88125,0.37914735336194566,1.8494992846924179
6311,4.5625,4.8825,0.38042918454935626,1.8563662374821175
6312,4.56,4.8825,0.3812532188841202,1.860944206008584
6313,4.56,4.885,0.37997138769670963,1.8563662374821175
6314,4.5625,4.8825,0.38107010014306153,1.860944206008584
6315,4.555,4.8825,0.379788268955651,1.8517882689556513
6316,4.5575,4.8825,0.379788268955651,1.8517882689556513
6317,4.5625,4.88125,0.3785064377682404,1.8494992846924179
6318,4.5625,4.8825,0.379788268955651,1.8517882689556513
6319,4.57,4.8825,0.3807954220314736,1.860944206008584
6320,4.5425,4.88125,0.3785064377682404,1.8494992846924179
6321,4.565,4.88375,0.3806123032904149,1.860944206008584
6322,4.55,4.8825,0.37914735336194566,1.8517882689556513
6323,4.5675,4.8825,0.3806123032904149,1.860944206008584
6324,4.5575,4.885,0.3806123032904149,1.860944206008584
6325,4.5625,4.8825,0.3802460658082976,1.8563662374821175
6326,4.5575,4.8825,0.379788268955651,1.8517882689556513
6327,4.5625,4.88375,0.3802460658082976,1.8563662374821175
6328,4.5675,4.8825,0.3806123032904149,1.860944206008584
6329,4.5775,4.8825,0.38143633762517887,1.8632331902718169
6330,4.555,4.88375,0.3806123032904149,1.860944206008584
6331,4.555,4.8825,0.3796051502145923,1.8517882689556513
6332,4.56,4.8825,0.37997138769670963,1.8563662374821175
6333,4.5675,4.8825,0.37914735336194566,1.8517882689556513
6334,4.56,4.8825,0.37997138769670963,1.8563662374821175
6335,4.5725,4.8825,0.38107010014306153,1.860944206008584
6336,4.55,4.8825,0.38107010014306153,1.860944206008584
6337,4.5575,4.88125,0.379788268955651,1.8517882689556513
6338,4.5625,4.88125,0.3802460658082976,1.8563662374821175
6339,4.5675,4.88375,0.3802460658082976,1.8563662374821175
6340,4.5625,4.8825,0.3802460658082976,1.8563662374821175
6341,4.5625,4.8825,0.3802460658082976,1.8563662374821175
6342,4.5525,4.88375,0.3796051502145923,1.8517882689556513
6343,4.57,4.8825,0.37914735336194566,1.8517882689556513
6344,4.555,4.8825,0.3796051502145923,1.8517882689556513
6345,4.5625,4.88375,0.37997138769670963,1.8563662374821175
6346,4.565,4.8825,0.3802460658082976,1.8563662374821175
6347,4.5525,4.8825,0.37933047210300436,1.8517882689556513
6348,4.565,4.88125,0.38042918454935626,1.8563662374821175
6349,4.55,4.88,0.379788268955651,1.8517882689556513
6350,4.57,4.88375,0.3807954220314736,1.860944206008584
6351,4.58,4.88125,0.3796051502145923,1.8517882689556513
6352,4.57,4.8825,0.3807954220314736,1.860944206008584
6353,4.5575,4.88375,0.379788268955651,1.8563662374821175
6354,4.56,4.88125,0.37997138769670963,1.8563662374821175
6355,4.565,4.8825,0.3796051502145923,1.8517882689556513
6356,4.55,4.88375,0.37914735336194566,1.8517882689556513
6357,4.5525,4.8825,0.37933047210300436,1.8517882689556513
6358,4.5625,4.8825,0.38107010014306153,1.860944206008584
6359,4.5525,4.8825,0.37933047210300436,1.8517882689556513
6360,4.5675,4.8825,0.3806123032904149,1.860944206008584
6361,4.5475,4.8825,0.3806123032904149,1.860944206008584
6362,4.57,4.8825,0.3807954220314736,1.860944206008584
6363,4.565,4.8825,0.38042918454935626,1.8563662374821175
6364,4.565,4.88125,0.37997138769670963,1.8563662374821175
6365,4.565,4.8825,0.38042918454935626,1.8563662374821175
6366,4.5625,4.88125,0.3802460658082976,1.8563662374821175
6367,4.5525,4.8825,0.3802460658082976,1.8563662374821175
6368,4.565,4.88375,0.38042918454935626,1.8563662374821175
6369,4.56,4.88375,0.37997138769670963,1.8563662374821175
6370,4.565,4.88375,0.37997138769670963,1.8563662374821175
6371,4.5525,4.88375,0.37933047210300436,1.8517882689556513
6372,4.5625,4.8825,0.3802460658082976,1.8563662374821175
6373,4.5525,4.8825,0.37933047210300436,1.8517882689556513
6374,4.555,4.88125,0.3796051502145923,1.8517882689556513
6375,4.5625,4.8825,0.3802460658082976,1.8563662374821175
6376,4.565,4.8825,0.38042918454935626,1.8563662374821175
6377,4.575,4.8825,0.3812532188841202,1.860944206008584
6378,4.56,4.88,0.37997138769670963,1.8517882689556513
6379,4.5525,4.88375,0.37997138769670963,1.8563662374821175
6380,4.57,4.88125,0.3796051502145923,1.8517882689556513
6381,4.5825,4.88375,0.3818941344778255,1.8632331902718169
6382,4.565,4.88125,0.379788268955651,1.8517882689556513
6383,4.545,4.8825,0.37933047210300436,1.8517882689556513
6384,4.545,4.88375,0.3787811158798284,1.8494992846924179
6385,4.565,4.8825,0.3796051502145923,1.8517882689556513
6386,4.555,4.8825,0.379788268955651,1.8517882689556513
6387,4.5575,4.88375,0.379788268955651,1.8563662374821175
6388,4.5675,4.88375,0.37997138769670963,1.8563662374821175
6389,4.56,4.8825,0.38042918454935626,1.8563662374821175
6390,4.555,4.8825,0.3796051502145923,1.8517882689556513
6391,4.57,4.87875,0.3807954220314736,1.8563662374821175
6392,4.5575,4.8825,0.38042918454935626,1.8563662374821175
6393,4.5625,4.88125,0.3802460658082976,1.8563662374821175
6394,4.565,4.88375,0.38042918454935626,1.8563662374821175
6395,4.5575,4.88125,0.38042918454935626,1.8563662374821175
6396,4.5675,4.8825,0.3806123032904149,1.860944206008584
6397,4.5675,4.8825,0.3806123032904149,1.860944206008584
6398,4.535,4.8825,0.3807954220314736,1.860944206008584
6399,4.555,4.88125,0.3796051502145923,1.8517882689556513
6400,4.545,4.885,0.3787811158798284,1.8494992846924179
6401,4.5575,4.88125,0.3796051502145923,1.8517882689556513
6402,4.54,4.8825,0.37832331902718175,1.8494992846924179
6403,4.5625,4.88,0.3802460658082976,1.8563662374821175
6404,4.56,4.8825,0.3807954220314736,1.860944206008584
6405,4.5575,4.88125,0.379788268955651,1.8517882689556513
6406,4.5525,4.88375,0.37933047210300436,1.8517882689556513
6407,4.5575,4.88375,0.3796051502145923,1.8517882689556513
6408,4.55,4.8825,0.37914735336194566,1.8517882689556513
6409,4.5575,4.88125,0.379788268955651,1.8517882689556513
6410,4.56,4.8825,0.37914735336194566,1.8517882689556513
6411,4.5675,4.8825,0.3806123032904149,1.860944206008584
6412,4.5525,4.8825,0.37933047210300436,1.8517882689556513
6413,4.555,4.8825,0.38143633762517887,1.8632331902718169
6414,4.57,4.8825,0.37914735336194566,1.8517882689556513
6415,4.5625,4.8825,0.3802460658082976,1.8563662374821175
6416,4.5625,4.88375,0.38042918454935626,1.8563662374821175
6417,4.5525,4.8825,0.3802460658082976,1.8563662374821175
6418,4.5625,4.8825,0.3802460658082976,1.8563662374821175
6419,4.5425,4.8825,0.38042918454935626,1.8563662374821175
6420,4.5625,4.88125,0.3796051502145923,1.8517882689556513
6421,4.565,4.8825,0.38042918454935626,1.8563662374821175
6422,4.555,4.8825,0.379788268955651,1.8517882689556513
6423,4.555,4.88,0.3802460658082976,1.8563662374821175
6424,4.5525,4.8825,0.37933047210300436,1.8517882689556513
6425,4.5475,4.8825,0.379788268955651,1.8517882689556513
6426,4.56,4.8825,0.3796051502145923,1.8517882689556513
6427,4.5725,4.88375,0.38107010014306153,1.860944206008584
6428,4.565,4.8825,0.38042918454935626,1.8563662374821175
6429,4.5725,4.88125,0.378964234620887,1.8494992846924179
6430,4.5525,4.88125,0.37933047210300436,1.8517882689556513
6431,4.5525,4.8825,0.37933047210300436,1.8517882689556513
6432,4.555,4.88375,0.37997138769670963,1.8563662374821175
6433,4.575,4.8825,0.3812532188841202,1.860944206008584
6434,4.565,4.8825,0.38042918454935626,1.8563662374821175
6435,4.565,4.88125,0.3785064377682404,1.8494992846924179
6436,4.555,4.88375,0.3796051502145923,1.8517882689556513
6437,4.57,4.88125,0.3807954220314736,1.860944206008584
6438,4.55,4.8825,0.37997138769670963,1.8563662374821175
6439,4.555,4.8825,0.3796051502145923,1.8517882689556513
6440,4.5575,4.88125,0.379788268955651,1.8517882689556513
6441,4.5525,4.8825,0.3802460658082976,1.8563662374821175
6442,4.5675,4.8825,0.3806123032904149,1.860944206008584
6443,4.56,4.885,0.37997138769670963,1.8563662374821175
6444,4.56,4.8825,0.37997138769670963,1.8563662374821175
6445,4.56,4.8825,0.37997138769670963,1.8563662374821175
6446,4.565,4.88125,0.38042918454935626,1.8563662374821175
6447,4.5575,4.8825,0.37997138769670963,1.8563662374821175
6448,4.5625,4.88125,0.3802460658082976,1.8563662374821175
6449,4.54,4.885,0.37832331902718175,1.8494992846924179
6450,4.58,4.8825,0.38107010014306153,1.860944206008584
6451,4.5675,4.88125,0.378964234620887,1.8494992846924179
6452,4.5675,4.8825,0.3806123032904149,1.860944206008584
6453,4.55,4.8825,0.38207725321888414,1.8632331902718169
6454,4.5575,4.8825,0.38107010014306153,1.860944206008584
6455,4.5725,4.88125,0.38107010014306153,1.860944206008584
6456,4.5725,4.88375,0.3802460658082976,1.8563662374821175
6457,4.545,4.8825,0.37997138769670963,1.8563662374821175
6458,4.5675,4.88125,0.3806123032904149,1.8563662374821175
6459,4.5825,4.8825,0.37832331902718175,1.8494992846924179
6460,4.555,4.88375,0.3796051502145923,1.8517882689556513
6461,4.56,4.8825,0.37997138769670963,1.8563662374821175
6462,4.575,4.88125,0.3812532188841202,1.8563662374821175
6463,4.5675,4.88375,0.379788268955651,1.8563662374821175
6464,4.5575,4.88375,0.379788268955651,1.8563662374821175
6465,4.56,4.8825,0.37997138769670963,1.8563662374821175
6466,4.555,4.8825,0.3802460658082976,1.8563662374821175
6467,4.5375,4.8825,0.37814020028612305,1.8449213161659515
6468,4.54,4.8825,0.37832331902718175,1.8494992846924179
6469,4.56,4.88125,0.3796051502145923,1.8517882689556513
6470,4.5525,4.8825,0.37933047210300436,1.8517882689556513
6471,4.5525,4.8825,0.37933047210300436,1.8517882689556513
6472,4.5475,4.8825,0.38226037195994284,1.8678111587982833
6473,4.5625,4.8825,0.3802460658082976,1.8563662374821175
6474,4.5375,4.88375,0.37814020028612305,1.8449213161659515
6475,4.5675,4.8825,0.3802460658082976,1.8563662374821175
6476,4.56,4.8825,0.37997138769670963,1.8563662374821175
6477,4.56,4.8825,0.37997138769670963,1.8563662374821175
6478,4.555,4.8825,0.3807954220314736,1.860944206008584
6479,4.5325,4.88375,0.3776824034334764,1.8449213161659515
6480,4.5525,4.88125,0.37933047210300436,1.8517882689556513
6481,4.56,4.88125,0.379788268955651,1.8517882689556513
6482,4.56,4.8825,0.37997138769670963,1.8563662374821175
6483,4.55,4.8825,0.37914735336194566,1.8517882689556513
6484,4.565,4.8825,0.3802460658082976,1.8563662374821175
6485,4.555,4.88125,0.3785064377682404,1.8494992846924179
6486,4.5625,4.88125,0.3802460658082976,1.8563662374821175
6487,4.5525,4.8825,0.3812532188841202,1.860944206008584
6488,4.56,4.88125,0.3802460658082976,1.8563662374821175
6489,4.5475,4.8825,0.378964234620887,1.8494992846924179
6490,4.5675,4.8825,0.3768583690987125,1.840343347639485
6491,4.5575,4.88125,0.3796051502145923,1.8517882689556513
6492,4.5525,4.8825,0.37933047210300436,1.8517882689556513
6493,4.565,4.8825,0.37933047210300436,1.8517882689556513
6494,4.5575,4.8825,0.3802460658082976,1.8563662374821175
6495,4.545,4.885,0.3787811158798284,1.8494992846924179
6496,4.5725,4.8825,0.3802460658082976,1.8563662374821175
6497,4.56,4.8825,0.37997138769670963,1.8563662374821175
6498,4.56,4.88375,0.37997138769670963,1.8563662374821175
6499,4.56,4.8825,0.37997138769670963,1.8563662374821175
6500,4.5575,4.8825,0.37933047210300436,1.8517882689556513
6501,4.545,4.88375,0.3787811158798284,1.8494992846924179
6502,4.56,4.8825,0.37997138769670963,1.8563662374821175
6503,4.56,4.8825,0.3802460658082976,1.8563662374821175
6504,4.5575,4.8825,0.379788268955651,1.8517882689556513
6505,4.565,4.88,0.38042918454935626,1.8563662374821175
6506,4.56,4.8825,0.3802460658082976,1.8563662374821175
6507,4.56,4.8825,0.37997138769670963,1.8563662374821175
6508,4.5725,4.88125,0.38107010014306153,1.860944206008584
6509,4.5575,4.8825,0.379788268955651,1.8517882689556513
6510,4.56,4.88375,0.37997138769670963,1.8563662374821175
6511,4.555,4.8825,0.3796051502145923,1.8517882689556513
6512,4.575,4.8825,0.37997138769670963,1.8563662374821175
6513,4.5475,4.8825,0.378964234620887,1.8494992846924179
6514,4.56,4.8825,0.37997138769670963,1.8563662374821175
6515,4.555,4.8825,0.3812532188841202,1.860944206008584
6516,4.57,4.8825,0.3807954220314736,1.860944206008584
6517,4.5675,4.87875,0.3806123032904149,1.8563662374821175
6518,4.545,4.88125,0.37933047210300436,1.8517882689556513
6519,4.5525,4.8825,0.37933047210300436,1.8517882689556513
6520,4.545,4.8825,0.3787811158798284,1.8494992846924179
6521,2.465,5.05375,0.19163376251788272,0.9682403433476396
6522,2.025,5.0875,0.16856080114449215,0.8583690987124465
6523,2.005,5.08375,0.1670958512160229,0.8515021459227468
6524,2.265,5.065,0.1941974248927039,0.9819742489270388
6525,2.245,5.065,0.19163376251788272,0.9705293276108728
6526,2.0325,5.08875,0.1693848354792561,0.8629470672389129
6527,2,5.08875,0.1700257510729614,0.8652360515021461
6528,2.11,5.07375,0.17982260371959943,0.9110157367668098
6529,3.3275,4.98875,0.2773333333333334,1.3848354792560802
6530,2.2825,5.065,0.20646638054363378,1.0460658082975682
6531,2.115,5.08375,0.17377968526466384,0.8858369098712447
6532,2.03,5.09,0.16920171673819745,0.8629470672389129
6533,2.0125,5.08625,0.1677367668097282,0.876680972818312
6534,2.27,5.065,0.18879542203147356,0.9567954220314737
6535,2.06,5.08875,0.1716738197424893,0.8743919885550788
6536,2.0425,5.0875,0.17020886981402006,0.8652360515021461
6537,2.0675,5.08125,0.1697510729613734,0.8629470672389129
6538,2.0275,5.0875,0.16892703862660946,0.8583690987124465
6539,2.0275,5.09,0.16892703862660946,0.8583690987124465
6540,1.9975,5.0875,0.16856080114449215,0.8583690987124465
6541,1.98,5.09375,0.16498998569384837,0.8400572246065808
6542,1.965,5.0925,0.16370815450643778,0.8331902718168813
6543,1.945,5.09625,0.1627010014306152,0.8286123032904149
6544,2.095,5.09125,0.17460371959942778,0.888125894134478
6545,1.92,5.09,0.16004577968526468,0.8148783977110158
6546,1.93,5.09,0.16563090128755367,0.8446351931330472
6547,1.98,5.09125,0.16498998569384837,0.8400572246065808
6548,1.995,5.08875,0.16627181688125897,0.8469241773962805
6549,1.925,5.0925,0.16288412017167384,0.8286123032904149
6550,1.895,5.09875,0.15793991416309014,0.8057224606580831
6551,1.8925,5.09875,0.15766523605150215,0.8034334763948499
6552,1.8975,5.09125,0.1610529327610873,0.8217453505007154
6553,1.9125,5.09125,0.15940486409155938,0.8103004291845495
6554,1.9025,5.095,0.15858082975679544,0.8057224606580831
6555,2.0125,5.0825,0.16956795422031476,0.8629470672389129
6556,1.9175,5.0925,0.16251788268955653,0.8286123032904149
6557,1.95,5.09,0.16251788268955653,0.8286123032904149
6558,1.94,5.09125,0.16315879828326182,0.8286123032904149
6559,1.97,5.0875,0.1664549356223176,0.8469241773962805
6560,2.03,5.095,0.16920171673819745,0.8629470672389129
6561,1.8925,5.09625,0.1574821173104435,0.8034334763948499
6562,1.8725,5.09375,0.160412017167382,0.817167381974249
6563,1.8925,5.09875,0.15766523605150215,0.8034334763948499
6564,1.9025,5.0925,0.16627181688125897,0.8469241773962805
6565,1.9375,5.09375,0.1574821173104435,0.8034334763948499
6566,1.895,5.095,0.15793991416309014,0.8057224606580831
6567,1.8825,5.09375,0.15418597997138772,0.7828326180257512
6568,1.8825,5.09625,0.15940486409155938,0.8148783977110158
6569,1.915,5.0925,0.15958798283261805,0.8148783977110158
6570,2.065,5.0825,0.1720400572246066,0.8743919885550788
6571,1.955,5.09125,0.1610529327610873,0.8217453505007154
6572,1.925,5.09125,0.160412017167382,0.817167381974249
6573,1.945,5.09,0.1620600858369099,0.8240343347639486
6574,2.015,5.085,0.16856080114449215,0.8583690987124465
6575,1.875,5.09375,0.15629184549356226,0.7942775393419171
6576,1.9075,5.09375,0.15894706723891275,0.8103004291845495
6577,1.88,5.095,0.15372818311874106,0.7828326180257512
6578,1.8825,5.095,0.1568412017167382,0.7988555078683836
6579,1.9,5.0975,0.15830615164520745,0.8057224606580831
6580,1.88,5.09375,0.1564749642346209,0.7988555078683836
6581,1.8825,5.0975,0.1568412017167382,0.7988555078683836
6582,1.8975,5.0975,0.1581230329041488,0.8057224606580831
6583,1.8975,5.09625,0.15455221745350503,0.7874105865522176
6584,1.85,5.095,0.15418597997138772,0.7828326180257512
6585,2.0225,5.08375,0.16856080114449215,0.8560801144492132
6586,1.9575,5.08875,0.1587639484978541,0.8057224606580831
6587,1.9125,5.0925,0.15940486409155938,0.8103004291845495
6588,1.9075,5.08875,0.15894706723891275,0.8103004291845495
6589,1.945,5.09375,0.1581230329041488,0.8057224606580831
6590,1.86,5.095,0.15501001430615166,0.7919885550786839
6591,1.9,5.0975,0.15830615164520745,0.8057224606580831
6592,1.8975,5.09625,0.15336194563662375,0.7805436337625179
6593,1.8875,5.1,0.15601716738197427,0.7942775393419171
6594,1.8675,5.09875,0.15565092989985696,0.7942775393419171
6595,1.8475,5.1,0.15629184549356226,0.7988555078683836
6596,1.9025,5.09625,0.15830615164520745,0.8057224606580831
6597,1.9125,5.0975,0.15940486409155938,0.8148783977110158
6598,1.8575,5.09875,0.15537625178826897,0.7919885550786839
6599,1.8575,5.1,0.154826895565093,0.7919885550786839
6600,2.005,5.09,0.1670958512160229,0.8515021459227468
6601,1.9275,5.0925,0.16233476394849788,0.8240343347639486
6602,1.9525,5.09,0.16370815450643778,0.8331902718168813
6603,1.93,5.09375,0.16086981402002862,0.817167381974249
6604,1.9325,5.09375,0.1610529327610873,0.8103004291845495
6605,1.8525,5.1,0.15766523605150215,0.8034334763948499
6606,1.8925,5.0975,0.15766523605150215,0.8034334763948499
6607,1.9,5.09375,0.15830615164520745,0.8057224606580831
6608,1.8575,5.1,0.1571158798283262,0.8034334763948499
6609,1.865,5.1,0.15537625178826897,0.7919885550786839
6610,1.875,5.1,0.15629184549356226,0.7988555078683836
6611,1.9075,5.09625,0.15894706723891275,0.8103004291845495
6612,1.8575,5.09875,0.154826895565093,0.7874105865522176
6613,1.86,5.09875,0.15501001430615166,0.7919885550786839
6614,1.86,5.09875,0.15418597997138772,0.7874105865522176
6615,2.0075,5.09,0.16727896995708155,0.8515021459227468
6616,1.96,5.09375,0.16334191702432047,0.8331902718168813
6617,1.98,5.09,0.16004577968526468,0.8148783977110158
6618,1.9175,5.09375,0.1597711015736767,0.8148783977110158
6619,1.9275,5.0975,0.16059513590844066,0.817167381974249
6620,1.87,5.0975,0.1574821173104435,0.8034334763948499
6621,1.9025,5.095,0.15858082975679544,0.8057224606580831
6622,1.8725,5.09375,0.15601716738197427,0.7942775393419171
6623,1.855,5.1,0.15372818311874106,0.7828326180257512
6624,1.8475,5.0975,0.15400286123032905,0.7828326180257512
6625,1.865,5.1,0.15537625178826897,0.7919885550786839
6626,1.8575,5.0975,0.15793991416309014,0.8057224606580831
6627,1.875,5.09875,0.15629184549356226,0.7942775393419171
6628,1.85,5.09375,0.15418597997138772,0.7828326180257512
6629,1.8525,5.09875,0.15537625178826897,0.7919885550786839
6630,1.9825,5.09,0.16498998569384837,0.8400572246065808
6631,1.9125,5.09375,0.15940486409155938,0.8148783977110158
6632,1.9325,5.09,0.16434907010014307,0.8354792560801145
6633,1.955,5.09125,0.16251788268955653,0.8286123032904149
6634,1.9775,5.0925,0.1648068669527897,0.8400572246065808
6635,1.89,5.09125,0.16856080114449215,0.8583690987124465
6636,1.8575,5.09875,0.15372818311874106,0.7828326180257512
6637,1.855,5.09875,0.15455221745350503,0.7874105865522176
6638,1.855,5.09875,0.15729899856938484,0.8034334763948499
6639,1.8675,5.09875,0.15858082975679544,0.8103004291845495
6640,1.8575,5.09375,0.154826895565093,0.7874105865522176
6641,1.8575,5.1,0.154826895565093,0.7919885550786839
6642,1.8525,5.09875,0.15537625178826897,0.7919885550786839
6643,1.8875,5.09625,0.15729899856938484,0.8034334763948499
6644,1.91,5.09375,0.15913018597997142,0.8103004291845495
6645,1.9825,5.09,0.1664549356223176,0.8469241773962805
6646,1.9125,5.09625,0.15940486409155938,0.8148783977110158
6647,1.8975,5.09375,0.1581230329041488,0.8057224606580831
6648,1.92,5.0925,0.16352503576537913,0.8331902718168813
6649,1.9525,5.0925,0.1627010014306152,0.8286123032904149
6650,1.8475,5.0975,0.15400286123032905,0.7828326180257512
6651,2.7275,5.0275,0.21836909871244636,1.0987124463519313
6652,3.4175,4.97625,0.2847496423462089,1.4168812589413449
6653,3.3375,4.98625,0.2781573676680973,1.3871244635193134
6654,1.98,5.09,0.16563090128755367,0.8446351931330472
6655,1.9175,5.095,0.1597711015736767,0.8148783977110158
6656,1.9075,5.09375,0.15894706723891275,0.8103004291845495
6657,1.8975,5.095,0.15858082975679544,0.8057224606580831
6658,1.9025,5.09375,0.15858082975679544,0.8057224606580831
6659,1.855,5.09875,0.15455221745350503,0.7874105865522176
6660,1.98,5.09,0.1670958512160229,0.8515021459227468
6661,1.905,5.09375,0.1587639484978541,0.8103004291845495
6662,1.9325,5.0925,0.1610529327610873,0.8217453505007154
6663,1.915,5.09375,0.15913018597997142,0.8103004291845495
6664,1.91,5.09625,0.15894706723891275,0.8103004291845495
6665,1.8525,5.0975,0.15436909871244636,0.7874105865522176
6666,1.85,5.0975,0.15766523605150215,0.8034334763948499
6667,1.91,5.1,0.15400286123032905,0.7828326180257512
6668,1.8525,5.09875,0.15436909871244636,0.7874105865522176
6669,1.87,5.09875,0.15400286123032905,0.7828326180257512
6670,1.835,5.1,0.15519313304721033,0.7919885550786839
6671,1.855,5.10125,0.15455221745350503,0.7874105865522176
6672,1.8575,5.09875,0.1530872675250358,0.7805436337625179
6673,1.85,5.10125,0.15418597997138772,0.7874105865522176
6674,1.85,5.1,0.15418597997138772,0.7874105865522176
6675,1.9875,5.08625,0.16563090128755367,0.8560801144492132
6676,1.91,5.09375,0.15830615164520745,0.8057224606580831
6677,1.9075,5.095,0.15894706723891275,0.8103004291845495
6678,1.915,5.09625,0.15958798283261805,0.8148783977110158
6679,1.925,5.095,0.15913018597997142,0.8103004291845495
6680,1.8475,5.09875,0.15400286123032905,0.7828326180257512
6681,1.8625,5.09625,0.15519313304721033,0.7919885550786839
6682,1.87,5.10125,0.15400286123032905,0.7828326180257512
6683,1.87,5.1,0.1558340486409156,0.7942775393419171
6684,1.8575,5.09875,0.154826895565093,0.7874105865522176
6685,1.93,5.09375,0.16462374821173106,0.8400572246065808
6686,1.865,5.1,0.15537625178826897,0.7919885550786839
6687,1.85,5.095,0.15418597997138772,0.7828326180257512
6688,1.8625,5.09875,0.15601716738197427,0.7942775393419171
6689,1.8525,5.1,0.15436909871244636,0.7874105865522176
6690,1.99,5.09,0.1658140200286123,0.8446351931330472
6691,1.92,5.0925,0.16434907010014307,0.8354792560801145
6692,1.9,5.09375,0.15830615164520745,0.8057224606580831
6693,1.9225,5.095,0.16022889842632335,0.817167381974249
6694,1.91,5.09625,0.1597711015736767,0.8148783977110158
6695,1.9375,5.09125,0.1614191702432046,0.8217453505007154
6696,1.8375,5.09875,0.1530872675250358,0.7805436337625179
6697,1.84,5.1,0.15565092989985696,0.7942775393419171
6698,1.855,5.10125,0.15537625178826897,0.7919885550786839
6699,1.8525,5.09875,0.15436909871244636,0.7874105865522176
6700,1.8375,5.1,0.15372818311874106,0.7828326180257512
6701,1.8875,5.10125,0.15455221745350503,0.7874105865522176
6702,1.84,5.09875,0.15336194563662375,0.7828326180257512
6703,1.835,5.09875,0.15455221745350503,0.7874105865522176
6704,1.8325,5.10125,0.154826895565093,0.7919885550786839
6705,1.975,5.0875,0.16462374821173106,0.8354792560801145
6706,1.9025,5.09375,0.16334191702432047,0.8331902718168813
6707,1.935,5.095,0.15858082975679544,0.8057224606580831
6708,1.9025,5.095,0.15858082975679544,0.8057224606580831
6709,1.8975,5.09625,0.1587639484978541,0.8103004291845495
6710,2,5.0925,0.16233476394849788,0.8240343347639486
6711,1.85,5.09875,0.15418597997138772,0.7874105865522176
6712,1.8575,5.1,0.154826895565093,0.7919885550786839
6713,1.8725,5.09875,0.15418597997138772,0.7874105865522176
6714,1.8425,5.09875,0.15354506437768242,0.7828326180257512
6715,1.8425,5.09875,0.15354506437768242,0.7828326180257512
6716,1.8475,5.09875,0.15336194563662375,0.7828326180257512
6717,1.845,5.1,0.15372818311874106,0.7828326180257512
6718,1.85,5.09875,0.15418597997138772,0.7874105865522176
6719,1.845,5.09875,0.15372818311874106,0.7828326180257512
6720,2.0075,5.08875,0.16727896995708155,0.8515021459227468
6721,1.95,5.09,0.16251788268955653,0.8286123032904149
6722,1.92,5.09375,0.15940486409155938,0.8148783977110158
6723,1.905,5.095,0.1587639484978541,0.8103004291845495
6724,1.9075,5.09375,0.15894706723891275,0.8103004291845495
6725,1.91,5.095,0.15894706723891275,0.8103004291845495
6726,1.845,5.1,0.15372818311874106,0.7828326180257512
6727,1.86,5.09875,0.15501001430615166,0.7919885550786839
6728,1.8475,5.09875,0.15537625178826897,0.7919885550786839
6729,1.86,5.10125,0.15501001430615166,0.7919885550786839
6730,1.845,5.0975,0.15372818311874106,0.7828326180257512
6731,1.855,5.1,0.15858082975679544,0.8103004291845495
6732,1.8675,5.10125,0.15565092989985696,0.7942775393419171
6733,1.855,5.09875,0.15455221745350503,0.7874105865522176
6734,1.8625,5.09875,0.15629184549356226,0.7942775393419171
6735,1.975,5.09125,0.17149070100143063,0.8743919885550788
6736,1.9425,5.0925,0.16187696709585123,0.8240343347639486
6737,1.9225,5.0925,0.16233476394849788,0.8240343347639486
6738,1.95,5.095,0.1627010014306152,0.8286123032904149
6739,1.92,5.095,0.16004577968526468,0.8148783977110158
6740,1.925,5.0925,0.16187696709585123,0.8240343347639486
6741,1.8475,5.1,0.15830615164520745,0.8057224606580831
6742,1.935,5.09625,0.16123605150214593,0.8217453505007154
6743,1.855,5.0975,0.1581230329041488,0.8057224606580831
6744,1.8625,5.09875,0.15729899856938484,0.8034334763948499
6745,1.8675,5.09875,0.15565092989985696,0.7942775393419171
6746,1.8675,5.095,0.15565092989985696,0.8148783977110158
6747,1.895,5.0975,0.15729899856938484,0.8034334763948499
6748,1.8825,5.09875,0.1568412017167382,0.7988555078683836
6749,1.855,5.09875,0.15455221745350503,0.7874105865522176
6750,2.025,5.07875,0.18018884120171674,0.9155937052932762
6751,1.94,5.09375,0.16169384835479259,0.8240343347639486
6752,1.935,5.095,0.16123605150214593,0.8217453505007154
6753,1.92,5.09125,0.1597711015736767,0.8148783977110158
6754,1.9575,5.09375,0.16315879828326182,0.8331902718168813
6755,1.935,5.09125,0.16123605150214593,0.8217453505007154
6756,1.89,5.09625,0.15537625178826897,0.7919885550786839
6757,1.8925,5.09875,0.15766523605150215,0.8034334763948499
6758,1.89,5.09875,0.1574821173104435,0.8034334763948499
6759,1.86,5.09625,0.15766523605150215,0.8034334763948499
6760,1.985,5.0925,0.165447782546495,0.8446351931330472
6761,1.8825,5.09875,0.1568412017167382,0.7988555078683836
6762,1.8825,5.095,0.1564749642346209,0.7988555078683836
6763,1.885,5.09625,0.1571158798283262,0.8034334763948499
6764,1.8975,5.0975,0.1581230329041488,0.8057224606580831
6765,2.0625,5.08625,0.16727896995708155,0.8515021459227468
6766,2.01,5.0825,0.16746208869814022,0.8515021459227468
6767,1.93,5.09125,0.16086981402002862,0.817167381974249
6768,1.9425,5.09125,0.160412017167382,0.817167381974249
6769,1.945,5.09,0.1610529327610873,0.8217453505007154
6770,1.945,5.09125,0.1620600858369099,0.8240343347639486
6771,1.8925,5.09375,0.15766523605150215,0.8034334763948499
6772,1.885,5.0975,0.1564749642346209,0.7988555078683836
6773,1.89,5.09625,0.1574821173104435,0.8034334763948499
6774,1.8775,5.0975,0.154826895565093,0.7874105865522176
6775,1.89,5.09625,0.15290414878397712,0.7805436337625179
6776,1.865,5.09375,0.15537625178826897,0.7919885550786839
6777,1.8825,5.09875,0.15400286123032905,0.7828326180257512
6778,1.89,5.09625,0.15354506437768242,0.7828326180257512
6779,1.875,5.0975,0.15629184549356226,0.7942775393419171
6780,2.0825,5.08875,0.16498998569384837,0.8400572246065808
6781,1.9425,5.09,0.16169384835479259,0.8217453505007154
6782,1.9125,5.09,0.15940486409155938,0.8103004291845495
6783,1.95,5.0925,0.16251788268955653,0.8286123032904149
6784,1.94,5.095,0.15858082975679544,0.8057224606580831
6785,1.94,5.09,0.16169384835479259,0.8217453505007154
6786,1.875,5.0975,0.15629184549356226,0.7942775393419171
6787,1.8975,5.1,0.15418597997138772,0.7874105865522176
6788,1.8375,5.095,0.1530872675250358,0.7805436337625179
6789,1.8525,5.095,0.15436909871244636,0.7874105865522176
6790,1.88,5.1,0.15537625178826897,0.7919885550786839
6791,1.8575,5.09875,0.154826895565093,0.7874105865522176
6792,1.855,5.09875,0.15455221745350503,0.7874105865522176
6793,1.87,5.09875,0.15400286123032905,0.7828326180257512
6794,1.85,5.1,0.15418597997138772,0.7874105865522176
6795,2.015,5.08625,0.16791988555078685,0.8560801144492132
6796,1.9125,5.09375,0.15940486409155938,0.8148783977110158
6797,1.915,5.095,0.15958798283261805,0.8148783977110158
6798,1.9075,5.095,0.15894706723891275,0.8103004291845495
6799,1.91,5.09375,0.15940486409155938,0.8148783977110158
6800,1.9225,5.09625,0.16022889842632335,0.817167381974249
6801,1.8525,5.10125,0.15436909871244636,0.7874105865522176
6802,1.865,5.0975,0.15354506437768242,0.7828326180257512
6803,1.855,5.09875,0.15455221745350503,0.7874105865522176
6804,1.86,5.0975,0.15501001430615166,0.7919885550786839
6805,1.965,5.09,0.1697510729613734,0.8629470672389129
6806,2.6225,5.03875,0.21791130185979973,1.0987124463519313
6807,2.55,5.04375,0.2125092989985694,1.0735336194563663
6808,2.55,5.04625,0.21434048640915596,1.080400572246066
6809,2.5525,5.045,0.21269241773962805,1.0735336194563663
6810,2.5425,5.04125,0.2118683834048641,1.0689556509299
6811,2.4725,5.04875,0.2081144492131617,1.0506437768240344
6812,2.495,5.05,0.20857224606580832,1.0529327610872676
6813,2.49,5.04875,0.2074735336194564,1.0460658082975682
6814,2.51,5.04625,0.21003719599427756,1.0620886981402005
6815,2.5,5.04875,0.20710729613733908,1.0460658082975682
6816,2.5,5.0475,0.20829756795422033,1.0506437768240344
6817,2.495,5.04875,0.20793133047210302,1.0506437768240344
6818,2.485,5.05125,0.20857224606580832,1.0529327610872676
6819,2.49,5.05,0.2074735336194564,1.0460658082975682
6820,2.4925,5.0475,0.20774821173104438,1.0506437768240344
6821,2.4775,5.04875,0.20875536480686696,1.0529327610872676
6822,2.57,5.05,0.21415736766809731,1.080400572246066
6823,2.485,5.04375,0.20710729613733908,1.0460658082975682
6824,2.485,5.05,0.20774821173104438,1.0506437768240344
6825,2.4925,5.05,0.20774821173104438,1.0506437768240344
6826,2.615,5.0375,0.21791130185979973,1.0987124463519313
6827,3.0975,4.995,0.2564577968526467,1.2818311874105865
6828,2.0025,5.09125,0.16691273247496424,0.8515021459227468
6829,1.895,5.0975,0.15793991416309014,0.8057224606580831
6830,2.8725,5.01625,0.2473018597997139,1.2406294706723893
6831,3.02,5.0125,0.25169670958512164,1.261230329041488
6832,2.9225,5.015,0.24354792560801147,1.2223175965665238
6833,3.005,5.0075,0.25041487839771104,1.2520743919885553
6834,3.0175,5.01,0.25142203147353365,1.261230329041488
6835,3.9325,4.93125,0.32769098712446354,1.6160228898426325
6836,4.5475,4.8825,0.38042918454935626,1.8563662374821175
6837,4.54,4.885,0.37832331902718175,1.8494992846924179
6838,4.5575,4.88375,0.379788268955651,1.8563662374821175
6839,4.57,4.8825,0.37914735336194566,1.8517882689556513
6840,4.5525,4.8825,0.3812532188841202,1.860944206008584
6841,4.5525,4.8825,0.37933047210300436,1.8517882689556513
6842,4.56,4.88125,0.3787811158798284,1.8494992846924179
6843,4.55,4.8825,0.3787811158798284,1.8494992846924179
6844,4.525,4.885,0.37704148783977115,1.840343347639485
6845,4.535,4.88375,0.37933047210300436,1.8517882689556513
6846,4.5275,4.885,0.3802460658082976,1.8563662374821175
6847,4.5575,4.885,0.379788268955651,1.8563662374821175
6848,4.55,4.8825,0.3812532188841202,1.860944206008584
6849,4.5625,4.88375,0.379788268955651,1.8563662374821175
6850,4.56,4.88375,0.37997138769670963,1.8563662374821175
6851,4.555,4.8825,0.379788268955651,1.8517882689556513
6852,4.54,4.88,0.378964234620887,1.8494992846924179
6853,4.5625,4.88125,0.3802460658082976,1.8563662374821175
6854,4.5725,4.88375,0.38107010014306153,1.860944206008584
6855,4.58,4.885,0.38107010014306153,1.860944206008584
6856,4.5575,4.88125,0.379788268955651,1.8517882689556513
6857,4.5675,4.88,0.3806123032904149,1.8563662374821175
6858,4.56,4.88125,0.37933047210300436,1.8517882689556513
6859,4.56,4.88375,0.37997138769670963,1.8563662374821175
6860,4.54,4.8825,0.37832331902718175,1.8494992846924179
6861,4.5775,4.88,0.3807954220314736,1.860944206008584
6862,4.56,4.8825,0.37997138769670963,1.8563662374821175
6863,4.585,4.88,0.38207725321888414,1.8632331902718169
6864,4.5625,4.8825,0.38042918454935626,1.8563662374821175
6865,4.5675,4.8825,0.3806123032904149,1.860944206008584
6866,4.565,4.88125,0.38042918454935626,1.8563662374821175
6867,4.5675,4.88375,0.3818941344778255,1.8632331902718169
6868,4.575,4.88125,0.3812532188841202,1.860944206008584
6869,4.5675,4.88125,0.3806123032904149,1.8563662374821175
6870,4.555,4.88125,0.379788268955651,1.8517882689556513
6871,4.575,4.88125,0.3812532188841202,1.860944206008584
6872,4.5625,4.88125,0.3802460658082976,1.8563662374821175
6873,4.575,4.88,0.3796051502145923,1.8517882689556513
6874,4.555,4.8825,0.3796051502145923,1.8517882689556513
6875,4.5775,4.8825,0.38143633762517887,1.8632331902718169
6876,4.5575,4.88125,0.3806123032904149,1.8563662374821175
6877,4.58,4.88125,0.38143633762517887,1.860944206008584
6878,4.5875,4.88,0.38226037195994284,1.8632331902718169
6879,4.5925,4.88125,0.3807954220314736,1.860944206008584
6880,4.5825,4.88125,0.37914735336194566,1.8494992846924179
6881,4.5775,4.88,0.38143633762517887,1.860944206008584
6882,4.57,4.87875,0.38207725321888414,1.8632331902718169
6883,4.5725,4.88125,0.3807954220314736,1.860944206008584
6884,4.6,4.8825,0.38335908440629474,1.8723891273247497
6885,4.5875,4.88125,0.3818941344778255,1.8632331902718169
6886,4.585,4.88125,0.38226037195994284,1.8678111587982833
6887,4.5725,4.88125,0.38107010014306153,1.860944206008584
6888,4.59,4.8825,0.3825350500715308,1.8632331902718169
6889,4.5675,4.88,0.38171101573676686,1.8632331902718169
6890,4.575,4.88125,0.3812532188841202,1.860944206008584
6891,4.5875,4.88125,0.38226037195994284,1.8678111587982833
6892,4.5925,4.88125,0.3812532188841202,1.860944206008584
6893,4.595,4.88,0.3829012875536481,1.8678111587982833
6894,4.5975,4.88,0.38308440629470675,1.8678111587982833
6895,4.5825,4.88125,0.38308440629470675,1.8723891273247497
6896,4.5725,4.88125,0.38107010014306153,1.860944206008584
6897,4.5825,4.88125,0.3818941344778255,1.8632331902718169
6898,4.5875,4.8825,0.38271816881258947,1.8678111587982833
6899,4.5775,4.88,0.38143633762517887,1.860944206008584
6900,4.5875,4.88125,0.38226037195994284,1.8678111587982833
6901,4.5875,4.8825,0.3806123032904149,1.860944206008584
6902,4.5825,4.88125,0.3818941344778255,1.8632331902718169
6903,4.58,4.88125,0.38171101573676686,1.8632331902718169
6904,4.585,4.88125,0.38400000000000006,1.8746781115879831
6905,4.585,4.88125,0.38207725321888414,1.8632331902718169
6906,4.5875,4.88125,0.38226037195994284,1.8678111587982833
6907,4.5875,4.88125,0.3825350500715308,1.8678111587982833
6908,4.59,4.88,0.3825350500715308,1.8678111587982833
6909,4.585,4.88,0.38207725321888414,1.8632331902718169
6910,4.5725,4.8825,0.38271816881258947,1.8678111587982833
6911,4.59,4.88125,0.3807954220314736,1.860944206008584
6912,4.5775,4.88,0.38143633762517887,1.860944206008584
6913,4.5875,4.8825,0.38207725321888414,1.8632331902718169
6914,4.595,4.88125,0.38226037195994284,1.8678111587982833
6915,4.5825,4.87875,0.3818941344778255,1.8632331902718169
6916,4.5675,4.88,0.3835422031473534,1.8723891273247497
6917,4.59,4.88,0.38207725321888414,1.8632331902718169
6918,4.5775,4.88125,0.38143633762517887,1.860944206008584
6919,4.5725,4.88,0.3835422031473534,1.8723891273247497
6920,4.59,4.88125,0.38271816881258947,1.8678111587982833
6921,4.58,4.88,0.38171101573676686,1.8632331902718169
6922,4.5825,4.88,0.38207725321888414,1.8632331902718169
6923,4.585,4.88,0.3829012875536481,1.8678111587982833
6924,4.5925,4.88,0.38271816881258947,1.8678111587982833
6925,4.595,4.88,0.3829012875536481,1.8678111587982833
6926,4.5825,4.88125,0.38271816881258947,1.8678111587982833
6927,4.59,4.88,0.3825350500715308,1.8678111587982833
6928,4.5975,4.88,0.38308440629470675,1.8678111587982833
6929,4.585,4.88125,0.38107010014306153,1.860944206008584
6930,4.59,4.88125,0.3825350500715308,1.8678111587982833
6931,4.5725,4.88125,0.38107010014306153,1.860944206008584
6932,4.6025,4.88125,0.3812532188841202,1.860944206008584
6933,4.59,4.88,0.3825350500715308,1.8678111587982833
6934,4.59,4.88,0.3825350500715308,1.8678111587982833
6935,4.59,4.88,0.38143633762517887,1.860944206008584
6936,4.5875,4.88,0.38226037195994284,1.8632331902718169
6937,4.5675,4.88,0.3806123032904149,1.8563662374821175
6938,4.5725,4.8825,0.3818941344778255,1.8632331902718169
6939,4.5875,4.88,0.38226037195994284,1.8632331902718169
6940,4.585,4.88125,0.38207725321888414,1.8632331902718169
6941,4.58,4.88125,0.38171101573676686,1.8632331902718169
6942,4.5875,4.88125,0.38226037195994284,1.8678111587982833
6943,4.5875,4.88125,0.38226037195994284,1.8678111587982833
6944,4.5825,4.88125,0.3818941344778255,1.8632331902718169
6945,4.5925,4.88,0.38271816881258947,1.8678111587982833
6946,4.5825,4.88,0.3818941344778255,1.8632331902718169
6947,4.585,4.88,0.38143633762517887,1.860944206008584
6948,4.595,4.87875,0.3818941344778255,1.8632331902718169
6949,4.58,4.88,0.38171101573676686,1.8632331902718169
6950,4.5725,4.88,0.38271816881258947,1.8678111587982833
6951,4.585,4.88,0.38207725321888414,1.8632331902718169
6952,4.5775,4.88,0.38143633762517887,1.860944206008584
6953,4.585,4.88125,0.38271816881258947,1.8678111587982833
6954,4.585,4.88,0.38271816881258947,1.8678111587982833
6955,4.58,4.88,0.38171101573676686,1.8632331902718169
6956,4.595,4.88125,0.3807954220314736,1.860944206008584
6957,4.58,4.8825,0.38171101573676686,1.8632331902718169
6958,4.5825,4.88,0.3818941344778255,1.8632331902718169
6959,4.5875,4.87875,0.38226037195994284,1.8632331902718169
6960,4.5675,4.8825,0.38171101573676686,1.8632331902718169
6961,4.585,4.88125,0.38207725321888414,1.8632331902718169
6962,4.5925,4.88,0.38271816881258947,1.8678111587982833
6963,4.6,4.88,0.38308440629470675,1.8678111587982833
6964,4.595,4.88,0.3829012875536481,1.8678111587982833
6965,4.5925,4.88,0.38271816881258947,1.8678111587982833
6966,4.6125,4.88,0.38143633762517887,1.860944206008584
6967,4.565,4.88,0.38042918454935626,1.8563662374821175
6968,4.58,4.88,0.38171101573676686,1.8632331902718169
6969,4.59,4.88,0.38143633762517887,1.860944206008584
6970,4.5825,4.88,0.3818941344778255,1.8632331902718169
6971,4.5725,4.88,0.38107010014306153,1.860944206008584
6972,4.5875,4.88125,0.38207725321888414,1.8632331902718169
6973,4.5925,4.8825,0.38271816881258947,1.8678111587982833
6974,4.5875,4.88,0.38226037195994284,1.8632331902718169
6975,4.5825,4.88,0.38207725321888414,1.8632331902718169
6976,4.5975,4.87875,0.38308440629470675,1.8678111587982833
6977,4.5875,4.88,0.38226037195994284,1.8632331902718169
6978,4.605,4.88,0.38143633762517887,1.860944206008584
6979,4.6,4.88,0.38335908440629474,1.8723891273247497
6980,4.59,4.88125,0.3825350500715308,1.8678111587982833
6981,4.5925,4.88,0.38226037195994284,1.8632331902718169
6982,4.61,4.88,0.38207725321888414,1.8632331902718169
6983,4.5875,4.88,0.38226037195994284,1.8632331902718169
6984,4.58,4.88,0.38226037195994284,1.8632331902718169
6985,4.575,4.87875,0.38271816881258947,1.8678111587982833
6986,4.5925,4.88,0.38271816881258947,1.8678111587982833
6987,4.5675,4.88125,0.3825350500715308,1.8678111587982833
6988,4.5875,4.88,0.38143633762517887,1.860944206008584
6989,4.5925,4.87875,0.38271816881258947,1.8678111587982833
6990,4.5975,4.88125,0.38171101573676686,1.8632331902718169
6991,4.595,4.88,0.38143633762517887,1.860944206008584
6992,4.58,4.88,0.38171101573676686,1.8632331902718169
6993,4.595,4.88125,0.3825350500715308,1.8678111587982833
6994,4.5875,4.88,0.38207725321888414,1.8632331902718169
6995,4.58,4.88,0.38171101573676686,1.8632331902718169
6996,4.6025,4.8825,0.3835422031473534,1.8678111587982833
6997,4.6,4.88,0.3825350500715308,1.8678111587982833
6998,4.5775,4.88125,0.38143633762517887,1.860944206008584
6999,4.5825,4.88,0.3818941344778255,1.8632331902718169
7000,4.5825,4.87875,0.3812532188841202,1.860944206008584
7001,4.5825,4.88125,0.3818941344778255,1.8632331902718169
7002,4.5825,4.88,0.3818941344778255,1.8632331902718169
7003,4.595,4.87875,0.3825350500715308,1.8678111587982833
7004,4.59,4.88,0.3825350500715308,1.8678111587982833
7005,4.5975,4.87875,0.38308440629470675,1.8678111587982833
7006,4.59,4.88,0.38207725321888414,1.8632331902718169
7007,4.5775,4.88,0.38143633762517887,1.860944206008584
7008,4.5975,4.88,0.38308440629470675,1.8678111587982833
7009,4.595,4.88,0.3829012875536481,1.8678111587982833
7010,4.59,4.87875,0.3825350500715308,1.8678111587982833
7011,4.5775,4.88125,0.38143633762517887,1.860944206008584
7012,4.6,4.88,0.3812532188841202,1.860944206008584
7013,4.6025,4.88,0.3835422031473534,1.8723891273247497
7014,4.5925,4.88,0.38271816881258947,1.8678111587982833
7015,4.6225,4.87875,0.3812532188841202,1.860944206008584
7016,4.5925,4.88,0.38271816881258947,1.8678111587982833
7017,4.6025,4.88,0.3835422031473534,1.8723891273247497
7018,4.59,4.88125,0.38308440629470675,1.8723891273247497
7019,4.6,4.88125,0.38143633762517887,1.860944206008584
7020,4.59,4.88,0.3825350500715308,1.8678111587982833
7021,4.5975,4.88,0.38042918454935626,1.8563662374821175
7022,4.575,4.88,0.38207725321888414,1.8632331902718169
7023,4.5825,4.88,0.3818941344778255,1.8632331902718169
7024,4.6175,4.87875,0.38335908440629474,1.8723891273247497
7025,4.6025,4.88,0.3825350500715308,1.8678111587982833
7026,4.5775,4.87875,0.38143633762517887,1.860944206008584
7027,4.5725,4.88,0.3825350500715308,1.8678111587982833
7028,4.5875,4.88,0.38171101573676686,1.8632331902718169
7029,4.575,4.88125,0.3812532188841202,1.860944206008584
7030,4.605,4.88,0.38207725321888414,1.8632331902718169
7031,4.58,4.88,0.38271816881258947,1.8678111587982833
7032,4.5675,4.88125,0.3806123032904149,1.8563662374821175
7033,4.5775,4.87875,0.38143633762517887,1.860944206008584
7034,4.5975,4.88,0.3812532188841202,1.860944206008584
7035,4.5825,4.88,0.3818941344778255,1.8632331902718169
7036,4.61,4.87875,0.3841831187410587,1.8746781115879831
7037,4.565,4.8825,0.38335908440629474,1.8723891273247497
7038,4.595,4.88,0.3829012875536481,1.8678111587982833
7039,4.6125,4.88,0.38436623748211735,1.8746781115879831
7040,4.5775,4.88125,0.3812532188841202,1.860944206008584
7041,4.595,4.88,0.3829012875536481,1.8678111587982833
7042,4.605,4.88,0.3837253218884121,1.8723891273247497
7043,4.58,4.88,0.3812532188841202,1.860944206008584
7044,4.5725,4.88,0.38107010014306153,1.860944206008584
7045,4.5925,4.88,0.38271816881258947,1.8678111587982833
7046,4.5875,4.88125,0.38207725321888414,1.8632331902718169
7047,4.5725,4.88,0.38107010014306153,1.860944206008584
7048,4.5975,4.88,0.38308440629470675,1.8678111587982833
7049,4.59,4.87875,0.3829012875536481,1.8678111587982833
7050,4.6125,4.88,0.38436623748211735,1.8746781115879831
7051,4.5625,4.88125,0.3802460658082976,1.8563662374821175
7052,4.5875,4.88125,0.38207725321888414,1.8632331902718169
7053,4.5925,4.88,0.38271816881258947,1.8678111587982833
7054,4.5925,4.88125,0.38271816881258947,1.8678111587982833
7055,4.585,4.88,0.38308440629470675,1.8678111587982833
7056,4.58,4.88,0.38308440629470675,1.8678111587982833
7057,4.59,4.87875,0.3825350500715308,1.8678111587982833
7058,4.575,4.88,0.3835422031473534,1.8723891273247497
7059,4.6,4.88,0.38107010014306153,1.860944206008584
7060,4.5825,4.88125,0.3818941344778255,1.8632331902718169
7061,4.5975,4.87875,0.3825350500715308,1.8678111587982833
7062,4.6,4.88,0.3835422031473534,1.8723891273247497
7063,4.59,4.88,0.3825350500715308,1.8678111587982833
7064,4.595,4.88,0.38308440629470675,1.8678111587982833
7065,4.59,4.88,0.38207725321888414,1.8632331902718169
7066,4.58,4.88,0.38171101573676686,1.8632331902718169
7067,4.595,4.88,0.3829012875536481,1.8678111587982833
7068,4.6025,4.88125,0.38271816881258947,1.8678111587982833
7069,4.585,4.87875,0.38207725321888414,1.8632331902718169
7070,4.5775,4.88,0.38143633762517887,1.860944206008584
7071,4.585,4.87875,0.3818941344778255,1.8632331902718169
7072,4.59,4.88,0.3825350500715308,1.8678111587982833
7073,4.5875,4.88125,0.38226037195994284,1.8678111587982833
7074,4.5975,4.88,0.38271816881258947,1.8678111587982833
7075,4.585,4.87875,0.38207725321888414,1.8632331902718169
7076,4.58,4.88,0.38171101573676686,1.8632331902718169
7077,4.5875,4.88,0.38271816881258947,1.8678111587982833
7078,4.5925,4.87875,0.38271816881258947,1.8678111587982833
7079,4.595,4.88,0.3829012875536481,1.8678111587982833
7080,4.5975,4.88,0.3818941344778255,1.8632331902718169
7081,4.595,4.87875,0.3829012875536481,1.8678111587982833
7082,4.5925,4.87875,0.38271816881258947,1.8678111587982833
7083,4.585,4.88,0.38226037195994284,1.8632331902718169
7084,4.5925,4.88125,0.38271816881258947,1.8678111587982833
7085,4.5825,4.88,0.3818941344778255,1.8632331902718169
7086,4.595,4.88,0.38271816881258947,1.8678111587982833
7087,4.5975,4.88,0.38308440629470675,1.8678111587982833
7088,4.575,4.87875,0.3812532188841202,1.860944206008584
7089,4.585,4.88,0.38207725321888414,1.8632331902718169
7090,4.5775,4.88125,0.38226037195994284,1.8678111587982833
7091,4.58,4.87875,0.38171101573676686,1.8632331902718169
7092,4.58,4.88,0.3825350500715308,1.8678111587982833
7093,4.6,4.88,0.38226037195994284,1.8632331902718169
7094,4.595,4.88125,0.3829012875536481,1.8678111587982833
7095,4.5975,4.88,0.38335908440629474,1.8723891273247497
7096,4.5925,4.87875,0.38226037195994284,1.8632331902718169
7097,4.59,4.88,0.3825350500715308,1.8678111587982833
7098,4.585,4.87875,0.38308440629470675,1.8678111587982833
7099,4.6,4.8825,0.3829012875536481,1.8723891273247497
7100,4.595,4.87875,0.3829012875536481,1.8678111587982833
7101,4.5775,4.87875,0.3829012875536481,1.8678111587982833
7102,4.57,4.8825,0.38308440629470675,1.8723891273247497
7103,4.5825,4.87875,0.3818941344778255,1.8632331902718169
7104,4.575,4.88,0.3812532188841202,1.860944206008584
7105,4.5875,4.88125,0.3825350500715308,1.8678111587982833
7106,4.5925,4.88125,0.38271816881258947,1.8678111587982833
7107,4.5875,4.88,0.38226037195994284,1.8632331902718169
7108,4.5825,4.88,0.38143633762517887,1.860944206008584
7109,4.58,4.88125,0.38171101573676686,1.8632331902718169
7110,4.595,4.88,0.3829012875536481,1.8678111587982833
7111,4.5825,4.88,0.3818941344778255,1.8632331902718169
7112,4.5925,4.8775,0.38271816881258947,1.8678111587982833
7113,4.59,4.88,0.3825350500715308,1.8678111587982833
7114,4.595,4.88,0.3835422031473534,1.8723891273247497
7115,4.6,4.8825,0.38335908440629474,1.8723891273247497
7116,4.5775,4.88,0.38143633762517887,1.860944206008584
7117,4.605,4.88125,0.38308440629470675,1.8723891273247497
7118,4.58,4.88,0.38171101573676686,1.8632331902718169
7119,4.575,4.88125,0.3812532188841202,1.860944206008584
7120,4.595,4.88,0.3835422031473534,1.8723891273247497
7121,4.5675,4.88,0.3806123032904149,1.8563662374821175
7122,4.6025,4.88125,0.3835422031473534,1.8723891273247497
7123,4.6075,4.88125,0.38107010014306153,1.860944206008584
7124,4.5825,4.8775,0.3818941344778255,1.8632331902718169
7125,4.59,4.88,0.3825350500715308,1.8678111587982833
7126,4.59,4.88125,0.384824034334764,1.8792560801144493
7127,4.595,4.88125,0.38335908440629474,1.8723891273247497
7128,4.5825,4.88125,0.3818941344778255,1.8632331902718169
7129,4.595,4.88125,0.38271816881258947,1.8678111587982833
7130,4.5975,4.88,0.38271816881258947,1.8678111587982833
7131,4.58,4.87875,0.38171101573676686,1.8632331902718169
7132,4.5925,4.87875,0.3807954220314736,1.8563662374821175
7133,4.5925,4.87875,0.38308440629470675,1.8678111587982833
7134,4.58,4.8775,0.38171101573676686,1.860944206008584
7135,4.5875,4.88,0.3818941344778255,1.8632331902718169
7136,4.5875,4.88,0.3825350500715308,1.8678111587982833
7137,4.585,4.88125,0.38207725321888414,1.8632331902718169
7138,4.605,4.87875,0.3837253218884121,1.8746781115879831
7139,4.59,4.87875,0.3850071530758226,1.8792560801144493
7140,4.5675,4.88,0.3806123032904149,1.8563662374821175
7141,4.565,4.88,0.38042918454935626,1.8563662374821175
7142,4.59,4.87875,0.3825350500715308,1.8678111587982833
7143,4.57,4.88,0.3807954220314736,1.860944206008584
7144,4.5775,4.88125,0.38143633762517887,1.860944206008584
7145,4.61,4.88125,0.38207725321888414,1.8632331902718169
7146,4.6025,4.8825,0.3835422031473534,1.8723891273247497
7147,4.6025,4.88125,0.3835422031473534,1.8723891273247497
7148,4.5875,4.87875,0.38107010014306153,1.860944206008584
7149,4.595,4.88,0.3829012875536481,1.8678111587982833
7150,4.5675,4.88,0.3806123032904149,1.8563662374821175
7151,4.58,4.88,0.3835422031473534,1.8723891273247497
7152,4.5725,4.87875,0.38107010014306153,1.860944206008584
7153,4.5825,4.88,0.3818941344778255,1.8632331902718169
7154,4.5925,4.88,0.38335908440629474,1.8723891273247497
7155,4.5925,4.88125,0.38271816881258947,1.8678111587982833
7156,4.6075,4.87875,0.38400000000000006,1.8746781115879831
7157,4.57,4.88,0.38226037195994284,1.8632331902718169
7158,4.5975,4.88125,0.38308440629470675,1.8723891273247497
7159,4.595,4.87875,0.3829012875536481,1.8678111587982833
7160,4.5775,4.88,0.38143633762517887,1.860944206008584
7161,4.59,4.88,0.3825350500715308,1.8678111587982833
7162,4.5775,4.88125,0.38143633762517887,1.860944206008584
7163,4.585,4.88,0.38335908440629474,1.8723891273247497
7164,4.5875,4.88125,0.38400000000000006,1.8746781115879831
7165,4.5925,4.88,0.38271816881258947,1.8678111587982833
7166,4.59,4.87875,0.38107010014306153,1.860944206008584
7167,4.59,4.88,0.38107010014306153,1.860944206008584
7168,4.5975,4.88,0.38308440629470675,1.8678111587982833
7169,4.59,4.88,0.38335908440629474,1.8723891273247497
7170,4.585,4.87875,0.3829012875536481,1.8678111587982833
7171,4.6025,4.88125,0.3835422031473534,1.8723891273247497
7172,4.595,4.88,0.38226037195994284,1.8632331902718169
7173,4.58,4.88,0.38171101573676686,1.8632331902718169
7174,4.57,4.88125,0.3807954220314736,1.860944206008584
7175,4.595,4.88,0.3829012875536481,1.8563662374821175
7176,4.595,4.88,0.38537339055793995,1.8792560801144493
7177,4.6,4.87875,0.38335908440629474,1.8723891273247497
7178,4.5875,4.88,0.38226037195994284,1.8632331902718169
7179,4.5875,4.88,0.38335908440629474,1.8723891273247497
7180,4.5825,4.87875,0.3818941344778255,1.8632331902718169
7181,4.59,4.88,0.3825350500715308,1.8678111587982833
7182,4.585,4.87875,0.3837253218884121,1.8723891273247497
7183,4.5775,4.88,0.38143633762517887,1.860944206008584
7184,4.5825,4.88,0.3818941344778255,1.8632331902718169
7185,4.585,4.88125,0.3829012875536481,1.8678111587982833
7186,4.6075,4.88,0.38400000000000006,1.8746781115879831
7187,4.5975,4.88,0.38308440629470675,1.8678111587982833
7188,4.59,4.88,0.3829012875536481,1.8678111587982833
7189,4.5875,4.88125,0.38226037195994284,1.8678111587982833
7190,4.575,4.88,0.3812532188841202,1.860944206008584
7191,4.6025,4.88125,0.38171101573676686,1.8632331902718169
7192,4.5925,4.88,0.38271816881258947,1.8678111587982833
7193,4.5825,4.88,0.3818941344778255,1.8632331902718169
7194,4.5925,4.88,0.38171101573676686,1.8632331902718169
7195,4.5925,4.88,0.38271816881258947,1.8678111587982833
7196,4.585,4.88,0.38207725321888414,1.8632331902718169
7197,4.5875,4.88125,0.38143633762517887,1.860944206008584
7198,4.575,4.88,0.38107010014306153,1.860944206008584
7199,4.59,4.88,0.3825350500715308,1.8678111587982833
7200,4.59,4.88,0.3818941344778255,1.8632331902718169
7201,4.58,4.88,0.38271816881258947,1.8678111587982833
7202,4.5825,4.88,0.3818941344778255,1.8632331902718169
7203,4.595,4.88,0.38226037195994284,1.8632331902718169
7204,4.5925,4.88,0.38207725321888414,1.8632331902718169
7205,4.5775,4.87875,0.38143633762517887,1.860944206008584
7206,4.6,4.88,0.38271816881258947,1.8678111587982833
7207,4.5775,4.88125,0.38226037195994284,1.8678111587982833
7208,4.6075,4.88,0.38400000000000006,1.8746781115879831
7209,4.5825,4.88,0.38271816881258947,1.8678111587982833
7210,4.595,4.88,0.3818941344778255,1.8632331902718169
7211,4.5875,4.88,0.38226037195994284,1.8632331902718169
7212,4.5925,4.88125,0.38271816881258947,1.8678111587982833
7213,4.57,4.88,0.3825350500715308,1.8678111587982833
7214,4.5925,4.88,0.38271816881258947,1.8678111587982833
7215,4.5825,4.88,0.3818941344778255,1.8632331902718169
7216,4.6075,4.88125,0.3829012875536481,1.8678111587982833
7217,4.5925,4.88,0.38271816881258947,1.8678111587982833
7218,4.57,4.88,0.3807954220314736,1.860944206008584
7219,4.6,4.88,0.38226037195994284,1.8632331902718169
7220,4.5875,4.88125,0.38226037195994284,1.8678111587982833
7221,4.59,4.8825,0.3825350500715308,1.8678111587982833
7222,4.6075,4.88,0.38308440629470675,1.8678111587982833
7223,4.585,4.88125,0.38207725321888414,1.8632331902718169
7224,4.585,4.88,0.38207725321888414,1.8632331902718169
7225,4.5875,4.87875,0.3825350500715308,1.8678111587982833
7226,4.5875,4.8775,0.38226037195994284,1.8632331902718169
7227,4.5775,4.88,0.38143633762517887,1.860944206008584
7228,4.6,4.88,0.3829012875536481,1.8678111587982833
7229,4.5975,4.88,0.38308440629470675,1.8678111587982833
7230,4.6075,4.88,0.38400000000000006,1.8746781115879831
7231,4.5825,4.88,0.38143633762517887,1.860944206008584
7232,4.59,4.8775,0.3825350500715308,1.8678111587982833
7233,4.585,4.88125,0.38207725321888414,1.8632331902718169
7234,4.5925,4.88125,0.38207725321888414,1.8632331902718169
7235,4.585,4.88,0.3825350500715308,1.8678111587982833
7236,4.5875,4.88,0.38226037195994284,1.8632331902718169
7237,4.5975,4.88,0.38042918454935626,1.8563662374821175
7238,4.595,4.88125,0.38226037195994284,1.8678111587982833
7239,4.59,4.88,0.3825350500715308,1.8678111587982833
7240,4.6,4.88,0.38226037195994284,1.8632331902718169
7241,4.6,4.87875,0.3825350500715308,1.8678111587982833
7242,4.5925,4.88,0.38271816881258947,1.8678111587982833
7243,4.59,4.8825,0.38207725321888414,1.8632331902718169
7244,4.5875,4.88,0.38143633762517887,1.860944206008584
7245,4.59,4.88,0.3825350500715308,1.8678111587982833
7246,4.59,4.88,0.3825350500715308,1.8678111587982833
7247,4.5875,4.88,0.3818941344778255,1.8632331902718169
7248,4.5925,4.87875,0.38271816881258947,1.8678111587982833
7249,4.5875,4.87875,0.38226037195994284,1.8632331902718169
7250,4.5875,4.88,0.38107010014306153,1.860944206008584
7251,4.5925,4.87875,0.38271816881258947,1.8678111587982833
7252,4.5875,4.88125,0.38226037195994284,1.8678111587982833
7253,4.585,4.88125,0.3835422031473534,1.8723891273247497
7254,4.59,4.88,0.3825350500715308,1.8678111587982833
7255,4.5875,4.88,0.38226037195994284,1.8632331902718169
7256,4.6175,4.88,0.38171101573676686,1.8632331902718169
7257,4.58,4.88,0.38171101573676686,1.8632331902718169
7258,4.58,4.8825,0.38171101573676686,1.8632331902718169
7259,4.59,4.88,0.38171101573676686,1.8632331902718169
7260,4.585,4.88,0.38207725321888414,1.8632331902718169
7261,4.5875,4.88,0.38226037195994284,1.8632331902718169
7262,4.6025,4.88,0.38207725321888414,1.8632331902718169
7263,4.5825,4.88,0.3818941344778255,1.8632331902718169
7264,4.5775,4.88,0.38143633762517887,1.860944206008584
7265,4.5725,4.88125,0.38226037195994284,1.8678111587982833
7266,4.5925,4.88125,0.38271816881258947,1.8678111587982833
7267,4.605,4.88,0.3837253218884121,1.8723891273247497
7268,4.5925,4.88125,0.38308440629470675,1.8723891273247497
7269,4.5875,4.88,0.38308440629470675,1.8678111587982833
7270,4.605,4.88,0.3837253218884121,1.8723891273247497
7271,4.58,4.88,0.38226037195994284,1.8632331902718169
7272,4.5875,4.88,0.38271816881258947,1.8678111587982833
7273,4.5775,4.88125,0.38143633762517887,1.860944206008584
7274,4.61,4.88,0.38271816881258947,1.8678111587982833
7275,4.59,4.88125,0.384549356223176,1.8792560801144493
7276,4.62,4.88,0.3850071530758226,1.8792560801144493
7277,4.59,4.88,0.38271816881258947,1.8678111587982833
7278,4.5875,4.87875,0.38042918454935626,1.8563662374821175
7279,4.625,4.88,0.38537339055793995,1.8792560801144493
7280,4.6,4.88,0.38308440629470675,1.8678111587982833
7281,4.595,4.88,0.38308440629470675,1.8678111587982833
7282,4.605,4.87875,0.3837253218884121,1.8723891273247497
7283,4.595,4.88,0.3829012875536481,1.8678111587982833
7284,4.5775,4.88125,0.38271816881258947,1.8678111587982833
7285,4.5875,4.88125,0.38226037195994284,1.8678111587982833
7286,4.58,4.88,0.38171101573676686,1.8632331902718169
7287,4.5875,4.88125,0.38308440629470675,1.8723891273247497
7288,4.605,4.88,0.3837253218884121,1.8723891273247497
7289,4.6,4.88,0.38335908440629474,1.8723891273247497
7290,4.5825,4.88,0.38271816881258947,1.8678111587982833
7291,4.5825,4.88,0.3818941344778255,1.8632331902718169
7292,4.5775,4.87875,0.38143633762517887,1.860944206008584
7293,4.5825,4.88125,0.3835422031473534,1.8723891273247497
7294,4.5825,4.88125,0.3818941344778255,1.8632331902718169
7295,4.5875,4.88,0.38226037195994284,1.8632331902718169
7296,4.5925,4.88,0.3818941344778255,1.8632331902718169
7297,4.58,4.88,0.38171101573676686,1.8632331902718169
7298,4.575,4.88125,0.3812532188841202,1.860944206008584
7299,4.6,4.88125,0.38271816881258947,1.8678111587982833
7300,4.575,4.88125,0.3812532188841202,1.860944206008584
7301,4.5725,4.88,0.38107010014306153,1.860944206008584
7302,4.5925,4.88,0.3841831187410587,1.8746781115879831
7303,4.58,4.88,0.38171101573676686,1.8632331902718169
7304,4.595,4.88,0.3829012875536481,1.8678111587982833
7305,4.5825,4.88,0.38271816881258947,1.8678111587982833
7306,4.5925,4.88125,0.38207725321888414,1.8632331902718169
7307,4.5875,4.8825,0.38226037195994284,1.8678111587982833
7308,4.5975,4.88,0.3850071530758226,1.8792560801144493
7309,4.5975,4.88,0.3818941344778255,1.8632331902718169
7310,4.585,4.87875,0.38207725321888414,1.8632331902718169
7311,4.5825,4.88,0.38271816881258947,1.8678111587982833
7312,4.59,4.87875,0.38271816881258947,1.8678111587982833
7313,4.5875,4.88,0.38226037195994284,1.8632331902718169
7314,4.5925,4.87875,0.3818941344778255,1.8632331902718169
7315,4.5925,4.88,0.38107010014306153,1.860944206008584
7316,4.58,4.88,0.38171101573676686,1.8632331902718169
7317,4.5925,4.87875,0.3806123032904149,1.8563662374821175
7318,4.585,4.88125,0.38335908440629474,1.8723891273247497
7319,4.5925,4.88,0.38271816881258947,1.8678111587982833
7320,4.5825,4.8775,0.3818941344778255,1.8632331902718169
7321,4.5925,4.87875,0.38335908440629474,1.8723891273247497
7322,4.5925,4.87875,0.38271816881258947,1.8678111587982833
7323,4.59,4.87875,0.3825350500715308,1.8678111587982833
7324,4.59,4.88,0.38271816881258947,1.8678111587982833
7325,4.5975,4.88,0.38308440629470675,1.8678111587982833
7326,4.595,4.88125,0.3829012875536481,1.8678111587982833
7327,4.5775,4.88125,0.38226037195994284,1.8678111587982833
7328,4.59,4.8825,0.3825350500715308,1.8678111587982833
7329,4.5975,4.8775,0.38308440629470675,1.8678111587982833
7330,4.5775,4.88,0.38207725321888414,1.8632331902718169
7331,4.5975,4.87875,0.38308440629470675,1.8678111587982833
7332,4.5775,4.88125,0.38143633762517887,1.860944206008584
7333,4.5825,4.88,0.3825350500715308,1.8678111587982833
7334,4.5875,4.88125,0.38226037195994284,1.8678111587982833
7335,4.5775,4.88,0.38143633762517887,1.860944206008584
7336,4.5725,4.88,0.38271816881258947,1.8678111587982833
7337,4.585,4.88125,0.38207725321888414,1.8632331902718169
7338,4.595,4.88,0.3829012875536481,1.8678111587982833
7339,4.5925,4.88,0.3835422031473534,1.8723891273247497
7340,4.5925,4.88,0.3829012875536481,1.8678111587982833
7341,4.585,4.88,0.38207725321888414,1.8632331902718169
7342,4.585,4.88125,0.3825350500715308,1.8678111587982833
7343,4.565,4.88,0.38271816881258947,1.8678111587982833
7344,4.5775,4.88,0.38143633762517887,1.860944206008584
7345,4.5925,4.87875,0.38271816881258947,1.8678111587982833
7346,4.5775,4.87875,0.38308440629470675,1.8678111587982833
7347,4.5925,4.88,0.38271816881258947,1.8678111587982833
7348,4.59,4.87875,0.38207725321888414,1.8632331902718169
7349,4.5825,4.87875,0.38308440629470675,1.8678111587982833
7350,4.585,4.88125,0.38207725321888414,1.8632331902718169
7351,4.5875,4.88,0.38308440629470675,1.8678111587982833
7352,4.58,4.88,0.38335908440629474,1.8723891273247497
7353,4.6,4.88125,0.38335908440629474,1.8723891273247497
7354,4.59,4.88,0.3825350500715308,1.8632331902718169
7355,4.5825,4.88,0.38271816881258947,1.8678111587982833
7356,4.5775,4.88,0.38143633762517887,1.860944206008584
7357,4.57,4.88,0.3807954220314736,1.860944206008584
7358,4.5925,4.88125,0.3829012875536481,1.8678111587982833
7359,4.5975,4.88125,0.38308440629470675,1.8723891273247497
7360,4.5975,4.88,0.38308440629470675,1.8678111587982833
7361,4.59,4.88,0.3841831187410587,1.8746781115879831
7362,4.595,4.88125,0.3829012875536481,1.8678111587982833
7363,4.5825,4.88125,0.3818941344778255,1.8632331902718169
7364,4.6,4.88,0.38226037195994284,1.8632331902718169
7365,4.5925,4.88125,0.38271816881258947,1.8678111587982833
7366,4.585,4.88,0.38207725321888414,1.8632331902718169
7367,4.59,4.87875,0.3829012875536481,1.8678111587982833
7368,4.5975,4.88125,0.38308440629470675,1.8723891273247497
7369,4.585,4.88125,0.38207725321888414,1.8632331902718169
7370,4.595,4.88,0.38308440629470675,1.8678111587982833
7371,4.6,4.88125,0.38335908440629474,1.8723891273247497
7372,4.5725,4.88,0.38107010014306153,1.860944206008584
7373,4.6,4.87875,0.38143633762517887,1.860944206008584
7374,4.6075,4.87875,0.38400000000000006,1.8746781115879831
7375,4.595,4.88,0.3829012875536481,1.8678111587982833
7376,4.615,4.88,0.38143633762517887,1.860944206008584
7377,4.58,4.8775,0.38207725321888414,1.8632331902718169
7378,4.5875,4.88,0.38226037195994284,1.8632331902718169
7379,4.6075,4.88,0.38207725321888414,1.8632331902718169
7380,4.5925,4.8775,0.3825350500715308,1.8678111587982833
7381,4.5775,4.87875,0.38143633762517887,1.860944206008584
7382,4.5975,4.88,0.3825350500715308,1.8678111587982833
7383,4.5875,4.88,0.3841831187410587,1.8746781115879831
7384,4.6075,4.8825,0.38400000000000006,1.8746781115879831
7385,4.5925,4.88125,0.38335908440629474,1.8723891273247497
7386,4.5925,4.88,0.3825350500715308,1.8678111587982833
7387,4.6025,4.88,0.3835422031473534,1.8723891273247497
7388,4.5975,4.8775,0.38436623748211735,1.8746781115879831
7389,4.6125,4.88,0.3835422031473534,1.8723891273247497
7390,4.6025,4.87875,0.3835422031473534,1.8723891273247497
7391,4.5875,4.87875,0.38226037195994284,1.8632331902718169
7392,4.59,4.88,0.3829012875536481,1.8678111587982833
7393,4.5925,4.8775,0.38271816881258947,1.8678111587982833
7394,4.605,4.8775,0.3837253218884121,1.8723891273247497
7395,4.5875,4.88,0.3818941344778255,1.8632331902718169
7396,4.5875,4.88,0.38226037195994284,1.8632331902718169
7397,4.5825,4.87875,0.3818941344778255,1.8632331902718169
7398,4.585,4.87875,0.38271816881258947,1.8678111587982833
7399,4.5925,4.88,0.38271816881258947,1.8678111587982833
7400,4.6025,4.88125,0.3835422031473534,1.8723891273247497
7401,4.6075,4.87875,0.384549356223176,1.8746781115879831
7402,4.6025,4.87875,0.3835422031473534,1.8723891273247497
7403,4.57,4.88,0.3807954220314736,1.860944206008584
7404,4.58,4.87875,0.38107010014306153,1.860944206008584
7405,4.6075,4.87875,0.38400000000000006,1.8746781115879831
7406,4.5925,4.88,0.38271816881258947,1.8678111587982833
7407,4.605,4.88,0.3829012875536481,1.8678111587982833
7408,4.5975,4.88,0.38308440629470675,1.8678111587982833
7409,4.5875,4.88,0.38226037195994284,1.8632331902718169
7410,4.5875,4.88,0.38308440629470675,1.8678111587982833
7411,4.595,4.87875,0.3829012875536481,1.8678111587982833
7412,4.595,4.87875,0.3829012875536481,1.8678111587982833
7413,4.595,4.88125,0.38226037195994284,1.8678111587982833
7414,4.6,4.88,0.38226037195994284,1.8632331902718169
7415,4.595,4.87875,0.3829012875536481,1.8678111587982833
7416,4.5975,4.87875,0.3812532188841202,1.860944206008584
7417,4.5775,4.88,0.38335908440629474,1.8723891273247497
7418,4.5825,4.88,0.3818941344778255,1.8632331902718169
7419,4.5875,4.87875,0.3806123032904149,1.8563662374821175
7420,4.6025,4.88,0.38226037195994284,1.8632331902718169
7421,4.5825,4.88,0.3818941344778255,1.8632331902718169
7422,4.61,4.87875,0.38143633762517887,1.860944206008584
7423,4.6,4.88,0.3807954220314736,1.860944206008584
7424,4.58,4.88,0.38171101573676686,1.8632331902718169
7425,4.5975,4.88125,0.3829012875536481,1.8678111587982833
7426,4.6025,4.87875,0.38226037195994284,1.8632331902718169
7427,4.58,4.88,0.38171101573676686,1.8632331902718169
7428,4.585,4.87875,0.38207725321888414,1.8632331902718169
7429,4.6125,4.88125,0.3806123032904149,1.8563662374821175
7430,4.5775,4.87875,0.38143633762517887,1.860944206008584
7431,4.6,4.87875,0.38335908440629474,1.8723891273247497
7432,4.5875,4.88,0.38271816881258947,1.8678111587982833
7433,4.5725,4.88,0.38107010014306153,1.860944206008584
7434,4.5875,4.88,0.38226037195994284,1.8632331902718169
7435,4.5825,4.88,0.3825350500715308,1.8678111587982833
7436,4.5975,4.87875,0.38308440629470675,1.8678111587982833
7437,4.5925,4.88,0.38271816881258947,1.8678111587982833
7438,4.575,4.88,0.38436623748211735,1.8746781115879831
7439,4.5825,4.88125,0.3818941344778255,1.8632331902718169
7440,4.6075,4.88,0.38400000000000006,1.8746781115879831
7441,4.585,4.8775,0.3829012875536481,1.8678111587982833
7442,4.5675,4.88,0.3806123032904149,1.8563662374821175
7443,4.595,4.88,0.3829012875536481,1.8678111587982833
7444,4.575,4.88,0.38107010014306153,1.860944206008584
7445,4.5775,4.88125,0.38143633762517887,1.860944206008584
7446,4.5925,4.88125,0.38271816881258947,1.8678111587982833
7447,4.5975,4.87875,0.38226037195994284,1.8632331902718169
7448,4.5925,4.88,0.38271816881258947,1.8678111587982833
7449,4.595,4.87875,0.3829012875536481,1.8678111587982833
7450,4.5825,4.88125,0.38143633762517887,1.860944206008584
7451,4.605,4.87875,0.3850071530758226,1.8792560801144493
7452,4.5925,4.88,0.38271816881258947,1.8678111587982833
7453,4.5925,4.87875,0.38207725321888414,1.8632331902718169
7454,4.595,4.87875,0.38308440629470675,1.8678111587982833
7455,4.5925,4.88,0.38271816881258947,1.8678111587982833
7456,4.59,4.87875,0.38226037195994284,1.8632331902718169
7457,4.58,4.88,0.38271816881258947,1.8678111587982833
7458,4.5975,4.88,0.38308440629470675,1.8678111587982833
7459,4.595,4.88,0.38308440629470675,1.8678111587982833
7460,4.595,4.88,0.3812532188841202,1.860944206008584
7461,4.5875,4.88,0.38226037195994284,1.8632331902718169
7462,4.5975,4.88,0.38308440629470675,1.860944206008584
7463,4.6,4.88,0.3835422031473534,1.8723891273247497
7464,4.595,4.88,0.3829012875536481,1.8678111587982833
7465,4.5925,4.88,0.38271816881258947,1.8678111587982833
7466,4.5775,4.88,0.384824034334764,1.8792560801144493
7467,4.5875,4.88125,0.38226037195994284,1.8678111587982833
7468,4.59,4.88125,0.3825350500715308,1.8678111587982833
7469,4.59,4.88,0.3829012875536481,1.8678111587982833
7470,4.585,4.88,0.38207725321888414,1.8632331902718169
7471,4.605,4.88,0.3837253218884121,1.8723891273247497
7472,4.61,4.88,0.3825350500715308,1.8678111587982833
7473,4.58,4.87875,0.38171101573676686,1.8632331902718169
7474,4.58,4.88,0.38171101573676686,1.8632331902718169
7475,4.5875,4.87875,0.38171101573676686,1.8632331902718169
7476,4.5875,4.88,0.38226037195994284,1.8632331902718169
7477,4.5975,4.88,0.38308440629470675,1.8678111587982833
7478,4.5775,4.87875,0.38171101573676686,1.8632331902718169
7479,4.5875,4.88,0.38226037195994284,1.8632331902718169
7480,4.59,4.8825,0.3825350500715308,1.8678111587982833
7481,4.595,4.87875,0.38226037195994284,1.8632331902718169
7482,4.5975,4.88125,0.38308440629470675,1.8723891273247497
7483,4.5925,4.88125,0.38271816881258947,1.8678111587982833
7484,4.5875,4.88,0.38271816881258947,1.8678111587982833
7485,4.6025,4.88125,0.38400000000000006,1.8746781115879831
7486,4.585,4.88125,0.38207725321888414,1.8632331902718169
7487,4.5925,4.88,0.38226037195994284,1.8632331902718169
7488,4.5775,4.88,0.3835422031473534,1.8723891273247497
7489,4.585,4.88,0.38207725321888414,1.8632331902718169
7490,4.595,4.88125,0.38308440629470675,1.8723891273247497
7491,4.605,4.87875,0.38207725321888414,1.8632331902718169
7492,4.5875,4.87875,0.38226037195994284,1.8632331902718169
7493,4.5975,4.88,0.3835422031473534,1.8723891273247497
7494,4.6075,4.87875,0.38143633762517887,1.860944206008584
7495,4.5975,4.88,0.38308440629470675,1.8678111587982833
7496,4.5925,4.88,0.3835422031473534,1.8723891273247497
7497,4.5925,4.87875,0.38207725321888414,1.8632331902718169
7498,4.6,4.88,0.38335908440629474,1.8723891273247497
7499,4.59,4.88,0.3825350500715308,1.8678111587982833
7500,4.5925,4.88,0.38171101573676686,1.8632331902718169
7501,4.5775,4.88125,0.38143633762517887,1.860944206008584
7502,4.5925,4.88,0.38271816881258947,1.8678111587982833
7503,4.5775,4.87875,0.38226037195994284,1.8632331902718169
7504,4.5875,4.88125,0.38226037195994284,1.8678111587982833
7505,4.6,4.88125,0.38335908440629474,1.8723891273247497
7506,4.5975,4.88125,0.3812532188841202,1.860944206008584
7507,4.5925,4.88,0.38271816881258947,1.8678111587982833
7508,4.5825,4.87875,0.3818941344778255,1.8632331902718169
7509,4.5775,4.88,0.3825350500715308,1.8678111587982833
7510,4.5925,4.88,0.38271816881258947,1.8678111587982833
7511,4.59,4.88,0.3825350500715308,1.8678111587982833
7512,4.5925,4.88,0.3829012875536481,1.8678111587982833
7513,4.5775,4.88125,0.38143633762517887,1.860944206008584
7514,4.5925,4.88,0.38271816881258947,1.8678111587982833
7515,4.5975,4.88,0.38271816881258947,1.8678111587982833
7516,4.58,4.87875,0.38171101573676686,1.8632331902718169
7517,4.595,4.88,0.3829012875536481,1.8678111587982833
7518,4.5775,4.88,0.38271816881258947,1.8678111587982833
7519,4.5925,4.88,0.38271816881258947,1.8678111587982833
7520,4.595,4.88125,0.3829012875536481,1.8678111587982833
7521,4.595,4.88125,0.38226037195994284,1.8678111587982833
7522,4.5925,4.88,0.38335908440629474,1.8723891273247497
7523,4.6075,4.88,0.38400000000000006,1.8746781115879831
7524,4.5925,4.88,0.3818941344778255,1.8632331902718169
7525,4.5825,4.88,0.38226037195994284,1.8632331902718169
7526,4.58,4.88125,0.38171101573676686,1.8632331902718169
7527,4.5975,4.88,0.38271816881258947,1.8678111587982833
7528,4.5925,4.88,0.3818941344778255,1.8632331902718169
7529,4.5925,4.87875,0.38271816881258947,1.8678111587982833
7530,4.5975,4.88125,0.3825350500715308,1.8678111587982833
7531,4.585,4.88,0.38171101573676686,1.8632331902718169
7532,4.5875,4.88,0.38226037195994284,1.8632331902718169
7533,4.5975,4.88125,0.38308440629470675,1.860944206008584
7534,4.585,4.88,0.3825350500715308,1.8678111587982833
7535,4.5875,4.88,0.38226037195994284,1.8632331902718169
7536,4.595,4.88125,0.3829012875536481,1.8678111587982833
7537,4.5875,4.87875,0.38226037195994284,1.8632331902718169
7538,4.59,4.88,0.3825350500715308,1.8678111587982833
7539,4.5925,4.87875,0.38271816881258947,1.8678111587982833
7540,4.6075,4.88125,0.38171101573676686,1.8632331902718169
7541,4.6,4.87875,0.38335908440629474,1.8723891273247497
7542,4.59,4.88,0.3825350500715308,1.8678111587982833
7543,4.5925,4.88,0.38226037195994284,1.8632331902718169
7544,4.6025,4.88125,0.3835422031473534,1.8723891273247497
7545,4.5825,4.88,0.3818941344778255,1.8632331902718169
7546,4.5775,4.88,0.38226037195994284,1.8632331902718169
7547,4.5825,4.87875,0.3818941344778255,1.8632331902718169
7548,4.595,4.88,0.3829012875536481,1.8678111587982833
7549,4.5725,4.88,0.38271816881258947,1.8678111587982833
7550,4.5825,4.87875,0.3818941344778255,1.8632331902718169
7551,4.58,4.88125,0.38171101573676686,1.8632331902718169
7552,4.59,4.88,0.3837253218884121,1.8723891273247497
7553,4.6025,4.88,0.3835422031473534,1.8723891273247497
7554,4.585,4.87875,0.38207725321888414,1.8632331902718169
7555,4.6,4.87875,0.38400000000000006,1.8746781115879831
7556,4.5925,4.88,0.38271816881258947,1.8678111587982833
7557,4.59,4.87875,0.3825350500715308,1.8678111587982833
7558,4.5875,4.87875,0.3812532188841202,1.860944206008584
7559,4.5925,4.88,0.3825350500715308,1.8678111587982833
7560,4.5825,4.88125,0.3818941344778255,1.8632331902718169
7561,4.615,4.88,0.38335908440629474,1.8723891273247497
7562,4.595,4.88,0.38271816881258947,1.8678111587982833
7563,4.6025,4.88,0.3835422031473534,1.8723891273247497
7564,4.6075,4.87875,0.3837253218884121,1.8723891273247497
7565,4.595,4.88,0.3825350500715308,1.8678111587982833
7566,4.595,4.87875,0.3829012875536481,1.8678111587982833
7567,4.5875,4.88,0.3818941344778255,1.8632331902718169
7568,4.605,4.87875,0.3825350500715308,1.8678111587982833
7569,4.5975,4.88,0.38308440629470675,1.8678111587982833
7570,4.5975,4.87875,0.38308440629470675,1.8678111587982833
7571,4.565,4.88,0.38226037195994284,1.8632331902718169
7572,4.6,4.88125,0.38335908440629474,1.8723891273247497
7573,4.5975,4.88,0.38308440629470675,1.8678111587982833
7574,4.585,4.88,0.38308440629470675,1.8678111587982833
7575,4.5925,4.88125,0.38271816881258947,1.8678111587982833
7576,4.6025,4.87875,0.3835422031473534,1.8723891273247497
7577,4.5925,4.88,0.38207725321888414,1.8632331902718169
7578,4.575,4.88125,0.3812532188841202,1.860944206008584
7579,4.5825,4.88,0.3818941344778255,1.8632331902718169
7580,4.58,4.87875,0.3812532188841202,1.860944206008584
7581,4.59,4.88125,0.3825350500715308,1.8678111587982833
7582,4.5975,4.87875,0.38308440629470675,1.8678111587982833
7583,4.595,4.88125,0.38107010014306153,1.860944206008584
7584,4.5825,4.88,0.3818941344778255,1.8632331902718169
7585,4.575,4.88,0.3812532188841202,1.860944206008584
7586,4.5675,4.8775,0.3807954220314736,1.8563662374821175
7587,4.5875,4.88125,0.38226037195994284,1.8678111587982833
7588,4.5825,4.88,0.3818941344778255,1.8632331902718169
7589,4.5825,4.88125,0.38171101573676686,1.8632331902718169
7590,4.5875,4.88,0.38226037195994284,1.8632331902718169
7591,4.58,4.88,0.38171101573676686,1.8632331902718169
7592,4.5825,4.88125,0.38171101573676686,1.8632331902718169
7593,4.58,4.88125,0.3829012875536481,1.8678111587982833
7594,4.5875,4.88,0.38226037195994284,1.8632331902718169
7595,4.5775,4.88125,0.38207725321888414,1.8632331902718169
7596,4.5975,4.88,0.37997138769670963,1.8517882689556513
7597,4.5775,4.88,0.38143633762517887,1.860944206008584
7598,4.585,4.88125,0.38143633762517887,1.860944206008584
7599,4.57,4.88,0.3807954220314736,1.860944206008584
7600,4.5825,4.88125,0.3818941344778255,1.8632331902718169
7601,4.585,4.88,0.3829012875536481,1.8678111587982833
7602,4.5975,4.88125,0.3812532188841202,1.860944206008584
7603,4.5875,4.88125,0.38226037195994284,1.8678111587982833
7604,4.5825,4.88,0.38143633762517887,1.860944206008584
7605,4.59,4.88,0.38107010014306153,1.860944206008584
7606,4.5775,4.88125,0.38143633762517887,1.860944206008584
7607,4.585,4.8825,0.38207725321888414,1.8632331902718169
7608,4.575,4.88,0.38171101573676686,1.8632331902718169
7609,4.575,4.88,0.3812532188841202,1.860944206008584
7610,4.5875,4.88125,0.38226037195994284,1.8678111587982833
7611,4.585,4.88,0.38207725321888414,1.8632331902718169
7612,4.585,4.88,0.38207725321888414,1.8632331902718169
7613,4.585,4.88,0.38207725321888414,1.8632331902718169
7614,4.5675,4.88125,0.3825350500715308,1.8678111587982833
7615,4.5775,4.88125,0.38143633762517887,1.860944206008584
7616,4.5875,4.88125,0.38226037195994284,1.8678111587982833
7617,4.585,4.88,0.38226037195994284,1.8632331902718169
7618,4.5875,4.8825,0.38226037195994284,1.8678111587982833
7619,4.5875,4.88125,0.38226037195994284,1.8678111587982833
7620,4.585,4.88125,0.38226037195994284,1.8678111587982833
7621,4.5775,4.88125,0.38143633762517887,1.860944206008584
7622,4.585,4.8825,0.38207725321888414,1.8632331902718169
7623,4.5825,4.88125,0.38308440629470675,1.8723891273247497
7624,4.5875,4.8825,0.38226037195994284,1.8678111587982833
7625,4.5775,4.8825,0.38143633762517887,1.8632331902718169
7626,4.5925,4.88,0.38171101573676686,1.8632331902718169
7627,4.5875,4.88,0.38226037195994284,1.8632331902718169
7628,4.57,4.88125,0.3807954220314736,1.860944206008584
7629,4.5675,4.88125,0.38171101573676686,1.8632331902718169
7630,4.585,4.88125,0.38271816881258947,1.8678111587982833
7631,4.5825,4.88125,0.3818941344778255,1.8632331902718169
7632,4.5625,4.88125,0.38207725321888414,1.8632331902718169
7633,4.5975,4.88,0.3829012875536481,1.8678111587982833
7634,4.585,4.88,0.38207725321888414,1.8632331902718169
7635,4.5975,4.88125,0.38171101573676686,1.8632331902718169
7636,4.595,4.87875,0.3818941344778255,1.8632331902718169
7637,4.575,4.8825,0.3812532188841202,1.860944206008584
7638,4.6,4.88,0.38226037195994284,1.8632331902718169
7639,4.56,4.88125,0.38171101573676686,1.8632331902718169
7640,4.5775,4.88,0.38143633762517887,1.860944206008584
7641,4.5975,4.88125,0.38308440629470675,1.8632331902718169
7642,4.585,4.87875,0.3818941344778255,1.8632331902718169
7643,4.56,4.88,0.37997138769670963,1.8517882689556513
7644,4.6025,4.88,0.3835422031473534,1.8723891273247497
7645,4.58,4.88,0.3812532188841202,1.860944206008584
7646,4.58,4.8825,0.38171101573676686,1.8632331902718169
7647,4.575,4.88,0.3812532188841202,1.860944206008584
7648,4.5825,4.88125,0.38226037195994284,1.8678111587982833
7649,4.595,4.88,0.3829012875536481,1.8678111587982833
7650,4.575,4.8825,0.3812532188841202,1.860944206008584
7651,4.58,4.88125,0.3818941344778255,1.8632331902718169
7652,4.5875,4.88125,0.38226037195994284,1.8678111587982833
7653,4.5975,4.88125,0.38308440629470675,1.8723891273247497
7654,4.58,4.88125,0.3806123032904149,1.8563662374821175
7655,4.6025,4.88125,0.3835422031473534,1.8723891273247497
7656,4.6025,4.88,0.3835422031473534,1.8723891273247497
7657,4.595,4.88375,0.3825350500715308,1.8678111587982833
7658,4.585,4.88125,0.38207725321888414,1.8632331902718169
7659,4.6025,4.88125,0.3835422031473534,1.8723891273247497
7660,4.575,4.88125,0.3807954220314736,1.860944206008584
7661,4.575,4.88125,0.3812532188841202,1.860944206008584
7662,4.6025,4.8825,0.3835422031473534,1.8723891273247497
7663,4.585,4.88125,0.3841831187410587,1.8746781115879831
7664,4.59,4.88125,0.38226037195994284,1.8678111587982833
7665,4.59,4.88,0.3825350500715308,1.8678111587982833
7666,4.575,4.88125,0.38226037195994284,1.8678111587982833
7667,4.5925,4.88,0.3825350500715308,1.8678111587982833
7668,4.59,4.88,0.3825350500715308,1.8678111587982833
7669,4.5475,4.8825,0.38271816881258947,1.8678111587982833
7670,4.575,4.88125,0.3829012875536481,1.8678111587982833
7671,4.5725,4.88,0.38107010014306153,1.860944206008584
7672,4.5575,4.88,0.384824034334764,1.8792560801144493
7673,4.5725,4.8825,0.3818941344778255,1.8632331902718169
7674,4.5975,4.8825,0.38308440629470675,1.8723891273247497
7675,4.5975,4.88,0.38171101573676686,1.8632331902718169
7676,4.5725,4.88,0.3807954220314736,1.860944206008584
7677,4.57,4.88,0.3807954220314736,1.860944206008584
7678,4.5825,4.88,0.3818941344778255,1.8632331902718169
7679,4.6175,4.88125,0.38143633762517887,1.860944206008584
7680,4.5775,4.88,0.38143633762517887,1.860944206008584
7681,4.5725,4.8775,0.38107010014306153,1.860944206008584
7682,4.5825,4.88125,0.38171101573676686,1.8632331902718169
7683,4.5925,4.88,0.38271816881258947,1.8678111587982833
7684,4.585,4.8825,0.38207725321888414,1.8632331902718169
7685,4.5925,4.88,0.38107010014306153,1.860944206008584
7686,4.5825,4.87875,0.3818941344778255,1.8632331902718169
7687,4.55,4.88,0.37914735336194566,1.8494992846924179
7688,4.59,4.88,0.38308440629470675,1.8678111587982833
7689,4.605,4.88125,0.3837253218884121,1.8723891273247497
7690,4.5825,4.88125,0.3818941344778255,1.8632331902718169
7691,4.615,4.88125,0.37997138769670963,1.8563662374821175
7692,4.595,4.8825,0.3829012875536481,1.8723891273247497
7693,4.59,4.88125,0.3825350500715308,1.8678111587982833
7694,4.5925,4.88,0.3818941344778255,1.8632331902718169
7695,4.5925,4.88,0.38271816881258947,1.8678111587982833
7696,4.6,4.8825,0.38335908440629474,1.8723891273247497
7697,4.5675,4.8825,0.38308440629470675,1.8723891273247497
7698,4.62,4.88,0.3850071530758226,1.8792560801144493
7699,4.5925,4.88,0.38271816881258947,1.8678111587982833
7700,4.5825,4.8825,0.3807954220314736,1.860944206008584
7701,4.5775,4.88,0.3825350500715308,1.8678111587982833
7702,4.5825,4.8825,0.3818941344778255,1.8632331902718169
7703,4.58,4.88,0.38207725321888414,1.8632331902718169
7704,4.5675,4.88125,0.3825350500715308,1.8678111587982833
7705,4.595,4.8825,0.3829012875536481,1.8723891273247497
7706,4.5825,4.88,0.3806123032904149,1.8563662374821175
7707,4.5775,4.8825,0.3806123032904149,1.860944206008584
7708,4.5975,4.88125,0.38308440629470675,1.8723891273247497
7709,4.59,4.88125,0.3812532188841202,1.860944206008584
7710,4.5875,4.8825,0.3825350500715308,1.8678111587982833
7711,4.5825,4.88125,0.3818941344778255,1.8632331902718169
7712,4.58,4.88125,0.38171101573676686,1.8632331902718169
7713,4.585,4.88,0.3837253218884121,1.8723891273247497
7714,4.57,4.8825,0.3807954220314736,1.860944206008584
7715,4.5875,4.8825,0.38226037195994284,1.8678111587982833
7716,4.5775,4.88,0.38207725321888414,1.8632331902718169
7717,4.585,4.88,0.38207725321888414,1.8632331902718169
7718,4.5875,4.88125,0.38226037195994284,1.8678111587982833
7719,4.5775,4.88125,0.38171101573676686,1.8632331902718169
7720,4.5825,4.88125,0.3818941344778255,1.8632331902718169
7721,4.59,4.88,0.3825350500715308,1.8678111587982833
7722,4.5875,4.88125,0.3825350500715308,1.8678111587982833
7723,4.585,4.88125,0.38207725321888414,1.8632331902718169
7724,4.595,4.88,0.3829012875536481,1.8678111587982833
7725,4.59,4.88125,0.38143633762517887,1.860944206008584
7726,4.5725,4.88125,0.38107010014306153,1.860944206008584
7727,4.59,4.88,0.3825350500715308,1.8678111587982833
7728,4.585,4.88125,0.3807954220314736,1.860944206008584
7729,4.57,4.88,0.3807954220314736,1.860944206008584
7730,4.5825,4.88,0.3818941344778255,1.8632331902718169
7731,4.5775,4.88125,0.38207725321888414,1.8632331902718169
7732,4.5825,4.88125,0.3818941344778255,1.8632331902718169
7733,4.585,4.88,0.38207725321888414,1.8632331902718169
7734,4.585,4.88,0.38143633762517887,1.860944206008584
7735,4.58,4.88125,0.38207725321888414,1.8632331902718169
7736,4.5875,4.88,0.38226037195994284,1.8632331902718169
7737,4.585,4.88,0.38107010014306153,1.860944206008584
7738,4.5725,4.87875,0.3829012875536481,1.8678111587982833
7739,4.575,4.88125,0.3812532188841202,1.860944206008584
7740,4.5825,4.88,0.3818941344778255,1.8632331902718169
7741,4.58,4.88125,0.3818941344778255,1.8632331902718169
7742,4.58,4.88,0.38171101573676686,1.8632331902718169
7743,4.5775,4.88125,0.38226037195994284,1.8678111587982833
7744,4.5975,4.88125,0.3829012875536481,1.8678111587982833
7745,4.58,4.88125,0.38171101573676686,1.8632331902718169
7746,4.59,4.88125,0.3807954220314736,1.860944206008584
7747,4.5875,4.87875,0.38308440629470675,1.8678111587982833
7748,4.58,4.88125,0.38171101573676686,1.8632331902718169
7749,4.5775,4.88125,0.38143633762517887,1.860944206008584
7750,4.5775,4.88,0.38226037195994284,1.8632331902718169
7751,4.5925,4.8825,0.38271816881258947,1.8678111587982833
7752,4.575,4.88,0.3812532188841202,1.860944206008584
7753,4.57,4.88,0.38207725321888414,1.8632331902718169
7754,4.5975,4.88,0.38308440629470675,1.8678111587982833
7755,4.5725,4.88125,0.38107010014306153,1.860944206008584
7756,4.5875,4.88,0.38308440629470675,1.8678111587982833
7757,4.5725,4.88,0.38107010014306153,1.860944206008584
7758,4.58,4.88,0.38171101573676686,1.8632331902718169
7759,4.585,4.88,0.38271816881258947,1.8678111587982833
7760,4.5875,4.88125,0.38226037195994284,1.8678111587982833
7761,4.5675,4.8825,0.3806123032904149,1.860944206008584
7762,4.5675,4.88125,0.38226037195994284,1.8678111587982833
7763,4.5775,4.88125,0.38143633762517887,1.860944206008584
7764,4.5975,4.88125,0.38308440629470675,1.8723891273247497
7765,4.58,4.88125,0.38143633762517887,1.860944206008584
7766,4.5825,4.88,0.3818941344778255,1.8632331902718169
7767,4.5775,4.88125,0.38143633762517887,1.860944206008584
7768,4.58,4.8825,0.38335908440629474,1.8723891273247497
7769,4.585,4.88,0.38207725321888414,1.8632331902718169
7770,4.58,4.88125,0.38171101573676686,1.8632331902718169
7771,4.585,4.88125,0.3812532188841202,1.860944206008584
7772,4.5875,4.88,0.3818941344778255,1.8632331902718169
7773,4.59,4.88125,0.3825350500715308,1.8678111587982833
7774,4.575,4.88125,0.3818941344778255,1.8632331902718169
7775,4.595,4.88,0.3825350500715308,1.8678111587982833
7776,4.5875,4.88,0.38226037195994284,1.8632331902718169
7777,4.58,4.88125,0.3841831187410587,1.8746781115879831
7778,4.59,4.8825,0.38271816881258947,1.8678111587982833
7779,4.57,4.88125,0.3807954220314736,1.860944206008584
7780,4.5925,4.88,0.3812532188841202,1.860944206008584
7781,4.59,4.88125,0.38107010014306153,1.860944206008584
7782,4.5875,4.88,0.38226037195994284,1.8632331902718169
7783,4.5925,4.88,0.38171101573676686,1.8632331902718169
7784,4.595,4.88125,0.3806123032904149,1.8563662374821175
7785,4.5825,4.88,0.3818941344778255,1.8632331902718169
7786,4.5775,4.88,0.38143633762517887,1.860944206008584
7787,4.595,4.88125,0.38226037195994284,1.8678111587982833
7788,4.585,4.88,0.38207725321888414,1.8632331902718169
7789,4.5775,4.88125,0.38143633762517887,1.860944206008584
7790,4.6,4.88375,0.3825350500715308,1.8678111587982833
7791,4.575,4.87875,0.3812532188841202,1.860944206008584
7792,4.615,4.87875,0.384549356223176,1.8746781115879831
7793,4.6075,4.88125,0.38143633762517887,1.860944206008584
7794,4.5875,4.8825,0.38226037195994284,1.8678111587982833
7795,4.59,4.88,0.3825350500715308,1.8678111587982833
7796,4.59,4.8825,0.38143633762517887,1.8632331902718169
7797,4.6075,4.88125,0.38400000000000006,1.8746781115879831
7798,4.6,4.88125,0.38335908440629474,1.8723891273247497
7799,4.5825,4.88125,0.38207725321888414,1.8632331902718169
7800,4.5775,4.88125,0.38143633762517887,1.860944206008584
7801,4.5875,4.88,0.38226037195994284,1.8632331902718169
7802,4.58,4.8825,0.38171101573676686,1.8632331902718169
7803,4.5725,4.88125,0.38107010014306153,1.860944206008584
7804,4.5975,4.88,0.38308440629470675,1.8678111587982833
7805,4.58,4.88,0.384549356223176,1.8746781115879831
7806,4.5725,4.88,0.38436623748211735,1.8746781115879831
7807,4.5875,4.8825,0.38226037195994284,1.8678111587982833
7808,4.5975,4.88125,0.38271816881258947,1.8678111587982833
7809,4.585,4.88,0.38335908440629474,1.8723891273247497
7810,4.575,4.88125,0.3812532188841202,1.860944206008584
7811,4.5825,4.88,0.38308440629470675,1.8678111587982833
7812,4.5875,4.88,0.38042918454935626,1.8563662374821175
7813,4.59,4.88,0.3825350500715308,1.8678111587982833
7814,4.5825,4.88,0.38226037195994284,1.8632331902718169
7815,4.585,4.88125,0.384824034334764,1.8792560801144493
7816,4.5825,4.88125,0.3818941344778255,1.8632331902718169
7817,4.575,4.88,0.38042918454935626,1.8563662374821175
7818,4.58,4.88125,0.3818941344778255,1.8632331902718169
7819,4.58,4.88,0.38171101573676686,1.8632331902718169
7820,4.58,4.88,0.38171101573676686,1.8632331902718169
7821,4.5875,4.8825,0.3818941344778255,1.8632331902718169
7822,4.5875,4.88125,0.38226037195994284,1.8678111587982833
7823,4.585,4.88,0.38207725321888414,1.8632331902718169
7824,4.5875,4.8825,0.38143633762517887,1.8632331902718169
7825,4.5925,4.88125,0.38271816881258947,1.8678111587982833
7826,4.595,4.8825,0.3829012875536481,1.8723891273247497
7827,4.5825,4.88125,0.3825350500715308,1.8678111587982833
7828,4.5775,4.88125,0.38143633762517887,1.860944206008584
7829,4.59,4.88,0.3825350500715308,1.8678111587982833
7830,4.5875,4.87875,0.38226037195994284,1.8632331902718169
7831,4.5775,4.88,0.38143633762517887,1.860944206008584
7832,4.5775,4.88,0.38143633762517887,1.860944206008584
7833,4.575,4.88,0.38207725321888414,1.8632331902718169
7834,4.5925,4.88125,0.38271816881258947,1.8678111587982833
7835,4.5825,4.88,0.3818941344778255,1.8632331902718169
7836,4.5825,4.8825,0.3812532188841202,1.860944206008584
7837,4.5925,4.88,0.38271816881258947,1.8678111587982833
7838,4.58,4.88125,0.38171101573676686,1.8632331902718169
7839,4.585,4.88,0.3812532188841202,1.860944206008584
7840,4.5925,4.88,0.38271816881258947,1.8678111587982833
7841,4.5825,4.88,0.3818941344778255,1.8632331902718169
7842,4.5775,4.87875,0.38171101573676686,1.8632331902718169
7843,4.575,4.88125,0.3818941344778255,1.8632331902718169
7844,4.585,4.88,0.38207725321888414,1.8632331902718169
7845,4.5775,4.88,0.38226037195994284,1.8632331902718169
7846,4.5975,4.8825,0.38143633762517887,1.8632331902718169
7847,4.575,4.8825,0.3812532188841202,1.860944206008584
7848,4.59,4.88,0.38143633762517887,1.860944206008584
7849,4.5925,4.88125,0.38271816881258947,1.8678111587982833
7850,4.585,4.8825,0.38207725321888414,1.8632331902718169
7851,4.5875,4.88,0.3825350500715308,1.8678111587982833
7852,4.585,4.88,0.38143633762517887,1.860944206008584
7853,4.57,4.88125,0.3807954220314736,1.860944206008584
7854,4.5725,4.8825,0.3825350500715308,1.8678111587982833
7855,4.5975,4.87875,0.38207725321888414,1.8632331902718169
7856,4.6025,4.88125,0.3835422031473534,1.8723891273247497
7857,4.5625,4.88,0.3802460658082976,1.8563662374821175
7858,4.5625,4.87875,0.3825350500715308,1.8678111587982833
7859,4.5925,4.88125,0.38271816881258947,1.8678111587982833
7860,4.585,4.88125,0.38207725321888414,1.8632331902718169
7861,4.5825,4.88125,0.38226037195994284,1.8678111587982833
7862,4.5775,4.88,0.38143633762517887,1.860944206008584
7863,4.5925,4.88125,0.38271816881258947,1.8678111587982833
7864,4.5825,4.88125,0.38107010014306153,1.860944206008584
7865,4.575,4.88125,0.3812532188841202,1.860944206008584
7866,4.58,4.8825,0.38171101573676686,1.8632331902718169
7867,4.5775,4.88375,0.38143633762517887,1.8632331902718169
7868,2,5.085,0.16663805436337628,0.8469241773962805
7869,2.0175,5.085,0.16810300429184552,0.8560801144492132
7870,2.0075,5.0875,0.17313876967095854,0.8812589413447783
7871,2.155,5.0775,0.17954792560801147,0.9110157367668098
7872,2.0775,5.08625,0.17313876967095854,0.8812589413447783
7873,1.855,5.10125,0.15455221745350503,0.7874105865522176
7874,1.845,5.1,0.15372818311874106,0.7828326180257512
7875,3.5725,4.985,0.29775107296137343,1.4855507868383406
7876,2.91,5.0175,0.2971101573676681,1.4924177396280403
7877,1.9025,5.09375,0.15858082975679544,0.8057224606580831
7878,1.8775,5.0925,0.1564749642346209,0.7942775393419171
7879,1.955,5.08375,0.16810300429184552,0.8560801144492132
7880,1.9775,5.09625,0.15830615164520745,0.8057224606580831
7881,1.905,5.09625,0.1587639484978541,0.8103004291845495
7882,1.845,5.09875,0.15372818311874106,0.7828326180257512
7883,1.855,5.0975,0.1614191702432046,0.8217453505007154
7884,1.885,5.09625,0.1571158798283262,0.8034334763948499
7885,2.0475,5.0825,0.16370815450643778,0.8331902718168813
7886,1.8425,5.10125,0.15372818311874106,0.7828326180257512
7887,1.8425,5.09875,0.15354506437768242,0.7828326180257512
7888,1.85,5.09625,0.1568412017167382,0.7988555078683836
7889,1.855,5.095,0.15793991416309014,0.8057224606580831
7890,1.9,5.095,0.15830615164520745,0.8057224606580831
7891,1.9075,5.09375,0.15894706723891275,0.8286123032904149
7892,1.91,5.09375,0.15830615164520745,0.8057224606580831
7893,1.905,5.09625,0.1587639484978541,0.8103004291845495
7894,1.95,5.0925,0.16251788268955653,0.8286123032904149
7895,1.9625,5.0875,0.15665808297567957,0.7988555078683836
7896,1.8575,5.1,0.154826895565093,0.7919885550786839
7897,1.8875,5.1,0.15729899856938484,0.8034334763948499
7898,1.8575,5.1,0.15436909871244636,0.7874105865522176
7899,1.8875,5.1,0.15729899856938484,0.8034334763948499
7900,1.8875,5.0975,0.15729899856938484,0.8034334763948499
7901,1.93,5.10125,0.15290414878397712,0.7805436337625179
7902,1.8525,5.1,0.15436909871244636,0.7874105865522176
7903,1.905,5.0975,0.1587639484978541,0.8103004291845495
7904,1.8375,5.10125,0.15501001430615166,0.7919885550786839
7905,1.9,5.09625,0.15830615164520745,0.8057224606580831
7906,1.9375,5.09125,0.1614191702432046,0.8217453505007154
7907,1.9,5.09375,0.1587639484978541,0.8103004291845495
7908,1.905,5.095,0.1587639484978541,0.8103004291845495
7909,1.915,5.09125,0.15958798283261805,0.8148783977110158
7910,1.9025,5.095,0.16004577968526468,0.8148783977110158
7911,1.8775,5.09625,0.1564749642346209,0.7988555078683836
7912,1.89,5.0975,0.1574821173104435,0.8034334763948499
7913,1.8575,5.10125,0.15436909871244636,0.7874105865522176
7914,1.8375,5.1,0.15336194563662375,0.7828326180257512
7915,1.8575,5.09875,0.154826895565093,0.7874105865522176
7916,1.8625,5.0975,0.15729899856938484,0.8034334763948499
7917,1.89,5.095,0.16022889842632335,0.817167381974249
7918,1.85,5.09875,0.15418597997138772,0.7874105865522176
7919,1.8475,5.1,0.15455221745350503,0.7874105865522176
7920,1.85,5.09875,0.15336194563662375,0.7828326180257512
7921,1.9075,5.095,0.15894706723891275,0.8103004291845495
7922,1.9575,5.09,0.1648068669527897,0.8400572246065808
7923,1.9475,5.0875,0.15894706723891275,0.8103004291845495
7924,1.9025,5.095,0.15858082975679544,0.8057224606580831
7925,1.905,5.095,0.1627010014306152,0.8286123032904149
7926,1.865,5.09875,0.15629184549356226,0.7942775393419171
7927,1.8725,5.09875,0.15601716738197427,0.7942775393419171
7928,1.8675,5.1,0.15565092989985696,0.7919885550786839
7929,1.84,5.10125,0.15537625178826897,0.7919885550786839
7930,1.845,5.1,0.15372818311874106,0.7828326180257512
7931,1.85,5.1,0.15418597997138772,0.7874105865522176
7932,1.8775,5.09875,0.15729899856938484,0.8034334763948499
7933,1.93,5.095,0.16086981402002862,0.8217453505007154
7934,1.855,5.09875,0.15455221745350503,0.7874105865522176
7935,1.8525,5.09875,0.15913018597997142,0.8103004291845495
7936,1.9275,5.09625,0.16059513590844066,0.817167381974249
7937,1.93,5.09625,0.16086981402002862,0.8217453505007154
7938,1.945,5.09125,0.16599713876967098,0.8446351931330472
7939,1.9325,5.0925,0.1610529327610873,0.8217453505007154
7940,1.9175,5.09625,0.1597711015736767,0.8148783977110158
7941,1.855,5.09875,0.1574821173104435,0.8034334763948499
7942,1.88,5.10125,0.15665808297567957,0.7988555078683836
7943,1.88,5.09875,0.15665808297567957,0.7988555078683836
7944,1.8825,5.095,0.16123605150214593,0.8217453505007154
7945,1.88,5.0975,0.15665808297567957,0.7988555078683836
7946,1.8675,5.1,0.15565092989985696,0.7942775393419171
7947,1.845,5.0975,0.1571158798283262,0.8034334763948499
7948,1.8875,5.095,0.15729899856938484,0.8034334763948499
7949,1.935,5.09625,0.16123605150214593,0.8217453505007154
7950,1.9225,5.0975,0.1571158798283262,0.8034334763948499
7951,1.9725,5.08875,0.1687439198855508,0.8583690987124465
7952,1.92,5.095,0.16004577968526468,0.8148783977110158
7953,1.91,5.09375,0.16370815450643778,0.8331902718168813
7954,1.9075,5.0925,0.16416595135908443,0.8354792560801145
7955,1.9575,5.09375,0.16315879828326182,0.8331902718168813
7956,2.025,5.065,0.1703919885550787,0.8629470672389129
7957,1.9525,5.08,0.17185693848354794,0.8743919885550788
7958,1.8925,5.09875,0.15766523605150215,0.8034334763948499
7959,1.88,5.0975,0.15601716738197427,0.7942775393419171
7960,1.875,5.09625,0.15729899856938484,0.8034334763948499
7961,1.905,5.095,0.1587639484978541,0.8103004291845495
7962,1.9225,5.09375,0.1581230329041488,0.8057224606580831
7963,1.8775,5.09625,0.1564749642346209,0.7988555078683836
7964,1.8875,5.09625,0.15729899856938484,0.8034334763948499
7965,1.885,5.09875,0.1571158798283262,0.8034334763948499
7966,1.9275,5.09125,0.16352503576537913,0.8331902718168813
7967,1.97,5.09,0.16416595135908443,0.8354792560801145
7968,2.035,5.0875,0.16956795422031476,0.8629470672389129
7969,1.91,5.0925,0.16123605150214593,0.8217453505007154
7970,2,5.08875,0.16663805436337628,0.8469241773962805
7971,1.945,5.09125,0.1620600858369099,0.8240343347639486
7972,1.945,5.09125,0.15894706723891275,0.8103004291845495
7973,1.87,5.095,0.1558340486409156,0.7942775393419171
7974,1.91,5.095,0.15913018597997142,0.8103004291845495
7975,1.8775,5.09625,0.15336194563662375,0.7805436337625179
7976,1.8625,5.085,0.15519313304721033,0.7874105865522176
7977,1.8725,5.0975,0.15601716738197427,0.7942775393419171
7978,1.89,5.09875,0.15729899856938484,0.8034334763948499
7979,1.905,5.0975,0.1587639484978541,0.8103004291845495
7980,1.8675,5.09875,0.15565092989985696,0.7942775393419171
7981,2.93,5.05125,0.20875536480686696,1.0529327610872676
7982,2.82,5.02375,0.235032904148784,1.1811158798283263
7983,2.7225,5,0.22688412017167384,1.1330472103004294
7984,2.8425,5.02625,0.2304549356223176,1.1582260371959945
7985,2.7975,5.02375,0.23311015736766813,1.1696709585121603
7986,1.96,5.05,0.16334191702432047,0.8240343347639486
7987,1.965,5.095,0.15858082975679544,0.8057224606580831
7988,1.9825,5.09375,0.16123605150214593,0.8217453505007154
7989,1.9175,5.09625,0.1597711015736767,0.8148783977110158
7990,1.9025,5.09625,0.15858082975679544,0.8057224606580831
7991,1.9325,5.095,0.1581230329041488,0.8057224606580831
7992,1.8575,5.09875,0.154826895565093,0.7874105865522176
7993,1.8675,5.09375,0.16233476394849788,0.8240343347639486
7994,1.885,5.0875,0.15537625178826897,0.7919885550786839
7995,1.8375,5.10125,0.1530872675250358,0.7805436337625179
7996,2.0125,5.09,0.17020886981402006,0.8652360515021461
7997,1.935,5.09375,0.16004577968526468,0.8148783977110158
7998,1.895,5.0975,0.15793991416309014,0.8057224606580831
7999,1.915,5.09375,0.16233476394849788,0.8240343347639486
8000,1.9725,5.095,0.1627010014306152,0.8286123032904149
8001,1.8425,5.09875,0.15354506437768242,0.7828326180257512
8002,1.8325,5.10125,0.15272103004291848,0.7805436337625179
8003,1.8475,5.1,0.1530872675250358,0.7805436337625179
8004,1.875,5.1,0.15629184549356226,0.7988555078683836
8005,1.8775,5.0975,0.1564749642346209,0.7988555078683836
8006,1.8425,5.10125,0.15400286123032905,0.7828326180257512
8007,1.8425,5.1,0.15354506437768242,0.7828326180257512
8008,1.8525,5.10125,0.15436909871244636,0.7874105865522176
8009,1.85,5.09875,0.1568412017167382,0.7988555078683836
8010,1.845,5.09375,0.15372818311874106,0.7828326180257512
8011,1.9,5.09625,0.15830615164520745,0.8057224606580831
8012,1.91,5.09375,0.1574821173104435,0.8034334763948499
8013,1.8925,5.095,0.15766523605150215,0.8034334763948499
8014,1.9725,5.09125,0.16434907010014307,0.8354792560801145
8015,1.9225,5.09,0.160412017167382,0.817167381974249
8016,1.8625,5.1,0.15519313304721033,0.7919885550786839
8017,1.8425,5.1,0.15354506437768242,0.7828326180257512
8018,1.8375,5.1,0.15436909871244636,0.7874105865522176
8019,1.8475,5.1,0.15400286123032905,0.7828326180257512
8020,1.8675,5.1,0.15565092989985696,0.7942775393419171
8021,1.88,5.095,0.15226323319027182,0.7759656652360516
8022,1.8275,5.1,0.15290414878397712,0.7805436337625179
8023,1.86,5.10125,0.15501001430615166,0.7919885550786839
8024,1.8475,5.1,0.1530872675250358,0.7805436337625179
8025,1.8475,5.0975,0.1564749642346209,0.7988555078683836
8026,2.005,5.0875,0.1670958512160229,0.8515021459227468
8027,1.965,5.0925,0.16691273247496424,0.8515021459227468
8028,1.8975,5.09625,0.15894706723891275,0.8103004291845495
8029,1.905,5.09625,0.1587639484978541,0.8103004291845495
8030,1.89,5.09625,0.1574821173104435,0.8034334763948499
8031,1.8525,5.09875,0.15226323319027182,0.7759656652360516
8032,1.8675,5.1,0.15565092989985696,0.7942775393419171
8033,1.8675,5.09625,0.1525379113018598,0.7759656652360516
8034,1.8875,5.09875,0.15290414878397712,0.7805436337625179
8035,1.8425,5.10125,0.15354506437768242,0.7828326180257512
8036,1.8375,5.10125,0.1530872675250358,0.7828326180257512
8037,1.85,5.09625,0.15913018597997142,0.8103004291845495
8038,1.8775,5.0975,0.1564749642346209,0.7988555078683836
8039,1.8675,5.0925,0.15565092989985696,0.7919885550786839
8040,1.8325,5.10125,0.15418597997138772,0.7874105865522176
8041,1.89,5.095,0.1574821173104435,0.8034334763948499
8042,1.9075,5.09625,0.15894706723891275,0.8103004291845495
8043,1.9025,5.09625,0.1614191702432046,0.8217453505007154
8044,1.9775,5.09375,0.1648068669527897,0.8400572246065808
8045,1.9,5.09625,0.15830615164520745,0.8057224606580831
8046,1.835,5.1,0.1525379113018598,0.7759656652360516
8047,1.8375,5.1,0.1530872675250358,0.7805436337625179
8048,1.88,5.09875,0.15665808297567957,0.7988555078683836
8049,1.8775,5.095,0.15793991416309014,0.8057224606580831
8050,1.83,5.0975,0.1525379113018598,0.7759656652360516
8051,1.835,5.1,0.15290414878397712,0.7805436337625179
8052,1.85,5.0975,0.15894706723891275,0.8103004291845495
8053,1.8425,5.09875,0.15354506437768242,0.7828326180257512
8054,1.8575,5.1,0.154826895565093,0.7919885550786839
8055,1.8825,5.09625,0.15793991416309014,0.8057224606580831
8056,1.8975,5.09,0.1581230329041488,0.8057224606580831
8057,1.9025,5.09625,0.15858082975679544,0.8057224606580831
8058,1.9025,5.09625,0.15793991416309014,0.8057224606580831
8059,1.8925,5.09625,0.1581230329041488,0.8057224606580831
8060,1.9325,5.09375,0.1610529327610873,0.8217453505007154
8061,1.89,5.0975,0.15354506437768242,0.7828326180257512
8062,1.8525,5.1,0.15290414878397712,0.7805436337625179
8063,1.84,5.10125,0.15336194563662375,0.7828326180257512
8064,1.845,5.1,0.15290414878397712,0.7805436337625179
8065,1.845,5.1,0.15565092989985696,0.7942775393419171
8066,1.89,5.0975,0.1574821173104435,0.8034334763948499
8067,1.9025,5.09875,0.1620600858369099,0.8240343347639486
8068,1.845,5.1,0.15272103004291848,0.7805436337625179
8069,1.835,5.10125,0.15290414878397712,0.7805436337625179
8070,1.8475,5.0975,0.15354506437768242,0.7828326180257512
8071,1.9775,5.09125,0.1670958512160229,0.8515021459227468
8072,1.8925,5.09375,0.15766523605150215,0.8034334763948499
8073,1.895,5.09625,0.15793991416309014,0.8057224606580831
8074,1.9075,5.095,0.15729899856938484,0.8034334763948499
8075,1.8975,5.095,0.1581230329041488,0.8057224606580831
8076,1.8775,5.09875,0.1564749642346209,0.7988555078683836
8077,2.0075,5.0925,0.1620600858369099,0.8240343347639486
8078,1.8725,5.09875,0.15601716738197427,0.7942775393419171
8079,1.8375,5.1,0.1530872675250358,0.7805436337625179
8080,1.85,5.10125,0.15537625178826897,0.7919885550786839
8081,1.9175,5.0975,0.1597711015736767,0.8148783977110158
8082,1.88,5.0975,0.15665808297567957,0.7988555078683836
8083,1.8325,5.10125,0.1564749642346209,0.7988555078683836
8084,1.845,5.1,0.15372818311874106,0.7828326180257512
8085,1.845,5.10125,0.15372818311874106,0.7828326180257512
8086,1.8975,5.095,0.160412017167382,0.817167381974249
8087,1.94,5.0925,0.16169384835479259,0.8240343347639486
8088,1.9125,5.09625,0.15940486409155938,0.8148783977110158
8089,1.9175,5.09375,0.15958798283261805,0.8148783977110158
8090,1.9025,5.09625,0.15858082975679544,0.8057224606580831
8091,2.8025,5.0325,0.23356795422031476,1.1742489270386267
8092,3.3075,4.995,0.2793476394849786,1.393991416309013
8093,3.255,4.99375,0.2712904148783977,1.3527896995708155
8094,1.9925,5.09,0.16599713876967098,0.8446351931330472
8095,1.9025,5.095,0.15766523605150215,0.8034334763948499
8096,1.9,5.095,0.15858082975679544,0.8057224606580831
8097,1.905,5.09625,0.1587639484978541,0.8103004291845495
8098,1.8925,5.095,0.15766523605150215,0.8034334763948499
8099,1.85,5.0975,0.1530872675250358,0.7805436337625179
8100,1.83,5.10125,0.1525379113018598,0.7759656652360516
8101,1.9725,5.09125,0.16370815450643778,0.8331902718168813
8102,1.8875,5.09625,0.15729899856938484,0.8034334763948499
8103,1.9,5.09375,0.15830615164520745,0.8057224606580831
8104,1.91,5.09375,0.1648068669527897,0.8400572246065808
8105,1.8925,5.09625,0.15894706723891275,0.8103004291845495
8106,1.845,5.1,0.15372818311874106,0.7828326180257512
8107,1.845,5.09875,0.15336194563662375,0.7828326180257512
8108,1.83,5.10125,0.15400286123032905,0.7828326180257512
8109,1.825,5.1,0.15208011444921318,0.7759656652360516
8110,1.83,5.1,0.1525379113018598,0.7759656652360516
8111,1.8475,5.0975,0.15501001430615166,0.7919885550786839
8112,1.84,5.1,0.15336194563662375,0.7828326180257512
8113,1.825,5.1,0.15208011444921318,0.7759656652360516
8114,1.85,5.10125,0.15208011444921318,0.7759656652360516
8115,1.825,5.1,0.15208011444921318,0.7759656652360516
8116,1.9625,5.08875,0.16352503576537913,0.8331902718168813
8117,1.8925,5.09375,0.15729899856938484,0.8034334763948499
8118,1.905,5.09625,0.1587639484978541,0.8103004291845495
8119,1.895,5.09625,0.15793991416309014,0.8057224606580831
8120,1.885,5.0975,0.1581230329041488,0.8057224606580831
8121,1.8475,5.1,0.15400286123032905,0.7828326180257512
8122,1.87,5.10375,0.1558340486409156,0.7942775393419171
8123,1.845,5.1,0.15372818311874106,0.7828326180257512
8124,1.8375,5.09875,0.1530872675250358,0.7805436337625179
8125,1.8175,5.10125,0.15143919885550788,0.7736766809728184
8126,1.86,5.0975,0.15858082975679544,0.8103004291845495
8127,1.8275,5.1,0.15226323319027182,0.7759656652360516
8128,1.8475,5.10125,0.15400286123032905,0.7828326180257512
8129,1.8225,5.10125,0.1587639484978541,0.8103004291845495
8130,1.8525,5.1,0.15436909871244636,0.7874105865522176
8131,1.9675,5.0925,0.16398283261802576,0.8354792560801145
8132,1.905,5.09375,0.16022889842632335,0.817167381974249
8133,1.8925,5.09625,0.16004577968526468,0.8148783977110158
8134,1.91,5.0975,0.15913018597997142,0.8103004291845495
8135,1.8975,5.09375,0.16462374821173106,0.8400572246065808
8136,1.8325,5.1025,0.1564749642346209,0.7988555078683836
8137,1.8375,5.10125,0.1530872675250358,0.7805436337625179
8138,1.8525,5.09875,0.1597711015736767,0.8148783977110158
8139,1.8475,5.0975,0.15793991416309014,0.8057224606580831
8140,1.8575,5.10125,0.154826895565093,0.7919885550786839
8141,1.8475,5.09625,0.1571158798283262,0.8034334763948499
8142,1.8375,5.1,0.15766523605150215,0.8034334763948499
8143,1.855,5.09875,0.15455221745350503,0.7874105865522176
8144,1.8575,5.09875,0.154826895565093,0.7988555078683836
8145,1.8325,5.10125,0.15793991416309014,0.8057224606580831
8146,1.9275,5.095,0.16059513590844066,0.817167381974249
8147,1.92,5.0975,0.16004577968526468,0.817167381974249
8148,1.915,5.09375,0.16334191702432047,0.8331902718168813
8149,1.9425,5.09625,0.16187696709585123,0.8240343347639486
8150,1.915,5.0975,0.15958798283261805,0.8148783977110158
8151,1.86,5.0975,0.16352503576537913,0.8331902718168813
8152,1.8825,5.1,0.1568412017167382,0.7988555078683836
8153,1.86,5.10125,0.15501001430615166,0.7919885550786839
8154,1.8525,5.095,0.15913018597997142,0.8103004291845495
8155,1.9325,5.09875,0.1610529327610873,0.8217453505007154
8156,1.8725,5.09875,0.15601716738197427,0.7942775393419171
8157,1.86,5.0975,0.15629184549356226,0.7942775393419171
8158,1.94,5.09875,0.16169384835479259,0.8240343347639486
8159,1.88,5.1,0.15665808297567957,0.7988555078683836
8160,1.8675,5.0975,0.15537625178826897,0.7919885550786839
8161,2.0025,5.08625,0.16691273247496424,0.8469241773962805
8162,1.9475,5.095,0.16233476394849788,0.8286123032904149
8163,1.93,5.0925,0.15940486409155938,0.8103004291845495
8164,1.9425,5.0925,0.16187696709585123,0.8240343347639486
8165,1.9325,5.095,0.1610529327610873,0.8217453505007154
8166,1.96,5.09125,0.15455221745350503,0.7874105865522176
8167,1.8775,5.09625,0.1564749642346209,0.7988555078683836
8168,1.905,5.095,0.1587639484978541,0.8103004291845495
8169,1.8875,5.09875,0.15793991416309014,0.8057224606580831
8170,1.8925,5.09625,0.15501001430615166,0.7919885550786839
8171,1.895,5.09875,0.15793991416309014,0.8057224606580831
8172,1.895,5.09375,0.15418597997138772,0.7828326180257512
8173,1.88,5.09625,0.1525379113018598,0.7759656652360516
8174,1.875,5.09875,0.15629184549356226,0.7942775393419171
8175,1.8775,5.09875,0.15793991416309014,0.8057224606580831
8176,1.9275,5.0925,0.15793991416309014,0.8034334763948499
8177,3.0375,5.005,0.2531616595135909,1.2680972818311875
8178,3,5.01375,0.24711874105865525,1.238340486409156
8179,3.0525,5.00875,0.25087267525035767,1.2566523605150215
8180,2.925,5.00875,0.24373104434907011,1.2223175965665238
8181,3.9275,4.93625,0.32732474964234626,1.620600858369099
8182,4.57,4.88375,0.3818941344778255,1.8632331902718169
8183,4.575,4.8825,0.3812532188841202,1.860944206008584
8184,4.5825,4.88125,0.3818941344778255,1.8632331902718169
8185,4.565,4.88125,0.3806123032904149,1.8563662374821175
8186,4.5675,4.8825,0.3806123032904149,1.860944206008584
8187,4.57,4.8825,0.3807954220314736,1.860944206008584
8188,4.58,4.88125,0.3807954220314736,1.860944206008584
8189,4.5775,4.88125,0.38143633762517887,1.860944206008584
8190,4.59,4.88125,0.3825350500715308,1.8678111587982833
8191,4.57,4.88125,0.38207725321888414,1.8632331902718169
8192,4.58,4.8825,0.38171101573676686,1.8632331902718169
8193,4.57,4.88,0.3807954220314736,1.860944206008584
8194,4.5775,4.88125,0.38226037195994284,1.8678111587982833
8195,4.5725,4.8825,0.38107010014306153,1.860944206008584
8196,4.565,4.88,0.38042918454935626,1.8563662374821175
8197,4.565,4.88,0.3787811158798284,1.8494992846924179
8198,4.56,4.88125,0.37997138769670963,1.8563662374821175
8199,4.5775,4.88375,0.38143633762517887,1.8632331902718169
8200,4.575,4.88,0.38171101573676686,1.8632331902718169
8201,4.59,4.88,0.3825350500715308,1.8678111587982833
8202,4.61,4.88,0.3841831187410587,1.8746781115879831
8203,4.585,4.88125,0.3818941344778255,1.8632331902718169
8204,4.5725,4.8825,0.3818941344778255,1.8632331902718169
8205,4.605,4.88,0.3837253218884121,1.8723891273247497
8206,4.6075,4.88125,0.38207725321888414,1.8632331902718169
8207,4.6,4.87875,0.38436623748211735,1.8746781115879831
8208,4.605,4.88,0.3837253218884121,1.8723891273247497
8209,4.6075,4.88125,0.38308440629470675,1.8723891273247497
8210,4.5775,4.88125,0.38400000000000006,1.8746781115879831
8211,4.575,4.88,0.3812532188841202,1.860944206008584
8212,4.6375,4.88,0.3776824034334764,1.840343347639485
8213,4.585,4.88,0.3825350500715308,1.8678111587982833
8214,4.5925,4.87875,0.38271816881258947,1.8678111587982833
8215,4.5725,4.88,0.38271816881258947,1.8678111587982833
8216,4.5725,4.88,0.38171101573676686,1.8632331902718169
8217,4.6125,4.87875,0.38436623748211735,1.8746781115879831
8218,4.59,4.88,0.3825350500715308,1.8678111587982833
8219,4.6025,4.87875,0.38226037195994284,1.8632331902718169
8220,4.605,4.88,0.3837253218884121,1.8723891273247497
8221,4.595,4.87875,0.3829012875536481,1.8678111587982833
8222,4.65,4.88375,0.37374535050071533,1.826609442060086
8223,4.6,4.88,0.38335908440629474,1.8723891273247497
8224,4.6125,4.8825,0.38436623748211735,1.8746781115879831
8225,4.6025,4.87875,0.38271816881258947,1.8678111587982833
8226,4.6025,4.87875,0.3835422031473534,1.8723891273247497
8227,4.6175,4.88125,0.384824034334764,1.8792560801144493
8228,4.6725,4.875,0.3762174535050072,1.8334763948497856
8229,4.6025,4.88,0.3835422031473534,1.8723891273247497
8230,4.6125,4.88125,0.38436623748211735,1.8746781115879831
8231,4.6,4.88,0.3841831187410587,1.8746781115879831
8232,3.66,5.0175,0.3049842632331903,1.5290414878397713
8233,4.61,4.87875,0.3841831187410587,1.8746781115879831
8234,4.67,4.8775,0.3762174535050072,1.8334763948497856
8235,4.6,4.87875,0.38335908440629474,1.8723891273247497
8236,4.59,4.88,0.3825350500715308,1.8678111587982833
8237,4.5875,4.88125,0.3841831187410587,1.8746781115879831
8238,4.5925,4.87875,0.38271816881258947,1.8678111587982833
8239,4.6,4.88,0.38335908440629474,1.8723891273247497
8240,4.5975,4.88,0.38436623748211735,1.8746781115879831
8241,4.61,4.88,0.38400000000000006,1.8746781115879831
8242,4.605,4.88,0.3837253218884121,1.8723891273247497
8243,4.5975,4.88125,0.38436623748211735,1.8746781115879831
8244,4.6075,4.88,0.38436623748211735,1.8746781115879831
8245,4.5875,4.87875,0.38226037195994284,1.8632331902718169
8246,4.62,4.87875,0.38335908440629474,1.8723891273247497
8247,4.605,4.88,0.38335908440629474,1.8723891273247497
8248,4.6025,4.88,0.3835422031473534,1.8723891273247497
8249,4.6,4.88,0.38226037195994284,1.8632331902718169
8250,4.6075,4.87875,0.384824034334764,1.8792560801144493
8251,4.64,4.88125,0.38665522174535055,1.8861230329041487
8252,4.605,4.88125,0.384549356223176,1.8792560801144493
8253,4.6175,4.87875,0.38271816881258947,1.8678111587982833
8254,4.59,4.87875,0.3825350500715308,1.8678111587982833
8255,4.6,4.87875,0.38335908440629474,1.8723891273247497
8256,4.585,4.87875,0.3837253218884121,1.8723891273247497
8257,4.61,4.87625,0.3841831187410587,1.8746781115879831
8258,4.105,4.96375,0.342065808297568,1.698426323319027
8259,4.61,4.88,0.3837253218884121,1.8723891273247497
8260,4.605,4.87875,0.3837253218884121,1.8723891273247497
8261,4.63,4.88,0.3858311874105866,1.8815450643776825
8262,4.615,4.88,0.3837253218884121,1.8723891273247497
8263,4.62,4.88,0.3850071530758226,1.8792560801144493
8264,4.6225,4.8775,0.3851902718168813,1.8792560801144493
8265,4.6175,4.87875,0.384824034334764,1.8792560801144493
8266,4.6075,4.88,0.38400000000000006,1.8746781115879831
8267,4.6125,4.87875,0.38436623748211735,1.8746781115879831
8268,4.6025,4.87875,0.38335908440629474,1.8723891273247497
8269,4.6,4.87875,0.38335908440629474,1.8723891273247497
8270,4.61,4.87875,0.3841831187410587,1.8746781115879831
8271,4.605,4.88,0.3837253218884121,1.8723891273247497
8272,4.595,4.8775,0.3829012875536481,1.8678111587982833
8273,4.5975,4.88,0.38308440629470675,1.8678111587982833
8274,4.6,4.87875,0.3835422031473534,1.8723891273247497
8275,4.5975,4.87875,0.3818941344778255,1.8632331902718169
8276,4.6175,4.87875,0.384824034334764,1.8792560801144493
8277,4.6025,4.87875,0.3850071530758226,1.8792560801144493
8278,4.6075,4.88,0.38436623748211735,1.8746781115879831
8279,4.5975,4.8775,0.38308440629470675,1.8678111587982833
8280,4.6075,4.88,0.38308440629470675,1.8678111587982833
8281,4.605,4.87875,0.384549356223176,1.8746781115879831
8282,4.6075,4.87875,0.38400000000000006,1.8746781115879831
8283,4.6,4.88,0.38436623748211735,1.8746781115879831
8284,4.5975,4.87875,0.3860143061516452,1.8815450643776825
8285,4.6025,4.87875,0.3835422031473534,1.8723891273247497
8286,4.615,4.87875,0.38400000000000006,1.8746781115879831
8287,4.62,4.88,0.3837253218884121,1.8723891273247497
8288,4.6125,4.88,0.38436623748211735,1.8746781115879831
8289,4.6175,4.87875,0.384824034334764,1.8815450643776825
8290,4.5975,4.88125,0.38400000000000006,1.8746781115879831
8291,4.6125,4.88,0.38436623748211735,1.8746781115879831
8292,4.605,4.88,0.3837253218884121,1.8723891273247497
8293,4.615,4.87875,0.38335908440629474,1.8723891273247497
8294,4.595,4.88125,0.3829012875536481,1.8678111587982833
8295,4.6075,4.88,0.38400000000000006,1.8746781115879831
8296,4.5975,4.88,0.3829012875536481,1.8678111587982833
8297,4.605,4.88,0.3837253218884121,1.8723891273247497
8298,4.6275,4.87875,0.38564806866952794,1.8815450643776825
8299,4.5975,4.88,0.3835422031473534,1.8723891273247497
8300,4.5975,4.87875,0.38308440629470675,1.8678111587982833
8301,4.6025,4.88,0.3835422031473534,1.8723891273247497
8302,4.605,4.87875,0.3835422031473534,1.8723891273247497
8303,4.625,4.88,0.38537339055793995,1.8792560801144493
8304,4.605,4.88,0.3837253218884121,1.8723891273247497
8305,4.5975,4.87875,0.38400000000000006,1.8746781115879831
8306,4.5875,4.88125,0.38226037195994284,1.8678111587982833
8307,4.615,4.87875,0.384549356223176,1.8746781115879831
8308,4.605,4.88,0.38436623748211735,1.8746781115879831
8309,4.6,4.88125,0.38335908440629474,1.8723891273247497
8310,4.615,4.87875,0.384549356223176,1.8746781115879831
8311,4.6125,4.88,0.3829012875536481,1.8678111587982833
8312,4.6075,4.87875,0.3837253218884121,1.8723891273247497
8313,4.5975,4.88,0.38308440629470675,1.8678111587982833
8314,4.59,4.88,0.38335908440629474,1.8723891273247497
8315,4.6075,4.88,0.38335908440629474,1.8723891273247497
8316,4.6175,4.88,0.384824034334764,1.8792560801144493
8317,4.6025,4.8775,0.3837253218884121,1.8723891273247497
8318,4.6075,4.87875,0.38436623748211735,1.8746781115879831
8319,4.5975,4.8775,0.38308440629470675,1.8678111587982833
8320,4.61,4.8775,0.3851902718168813,1.8792560801144493
8321,4.6425,4.87875,0.38564806866952794,1.8815450643776825
8322,4.6175,4.87875,0.384824034334764,1.8792560801144493
8323,4.5975,4.88,0.3850071530758226,1.8792560801144493
8324,4.595,4.88,0.384549356223176,1.8746781115879831
8325,4.6525,4.88,0.38775393419170245,1.8929899856938486
8326,4.6125,4.87875,0.38436623748211735,1.8746781115879831
8327,4.615,4.8775,0.38436623748211735,1.8746781115879831
8328,4.6,4.88,0.38335908440629474,1.8723891273247497
8329,4.6,4.8775,0.38335908440629474,1.8723891273247497
8330,4.6275,4.8775,0.3858311874105866,1.8815450643776825
8331,4.6175,4.87875,0.384824034334764,1.8792560801144493
8332,4.625,4.88125,0.38537339055793995,1.8815450643776825
8333,4.5925,4.88,0.3841831187410587,1.8746781115879831
8334,4.62,4.88,0.3850071530758226,1.8792560801144493
8335,4.6075,4.87625,0.38400000000000006,1.8723891273247497
8336,4.6025,4.88,0.3858311874105866,1.8815450643776825
8337,4.62,4.8775,0.3850071530758226,1.8792560801144493
8338,4.61,4.87875,0.3841831187410587,1.8746781115879831
8339,4.615,4.88,0.3841831187410587,1.8746781115879831
8340,4.64,4.8775,0.38665522174535055,1.8861230329041487
8341,4.6075,4.8775,0.38400000000000006,1.8723891273247497
8342,4.5975,4.87875,0.3862889842632332,1.8861230329041487
8343,4.6025,4.88125,0.3835422031473534,1.8723891273247497
8344,4.615,4.87875,0.384549356223176,1.8746781115879831
8345,4.6275,4.87875,0.3825350500715308,1.8678111587982833
8346,4.605,4.87875,0.3837253218884121,1.8723891273247497
8347,4.58,4.88,0.38171101573676686,1.8632331902718169
8348,4.6,4.88,0.3837253218884121,1.8723891273247497
8349,4.59,4.87875,0.38335908440629474,1.8723891273247497
8350,4.62,4.87875,0.3850071530758226,1.8792560801144493
8351,4.61,4.88,0.3858311874105866,1.8815450643776825
8352,4.6,4.87875,0.38308440629470675,1.8678111587982833
8353,4.6075,4.88,0.38400000000000006,1.8746781115879831
8354,4.5825,4.88125,0.3841831187410587,1.8746781115879831
8355,4.62,4.88125,0.3835422031473534,1.8723891273247497
8356,4.6075,4.87875,0.38400000000000006,1.8746781115879831
8357,4.59,4.8775,0.3837253218884121,1.8723891273247497
8358,4.605,4.88,0.3825350500715308,1.8678111587982833
8359,4.62,4.8775,0.3850071530758226,1.8792560801144493
8360,4.6075,4.8775,0.384824034334764,1.8746781115879831
8361,4.6175,4.88,0.38308440629470675,1.8678111587982833
8362,4.5975,4.88,0.38308440629470675,1.8678111587982833
8363,4.5725,4.88,0.38107010014306153,1.860944206008584
8364,4.625,4.88,0.38308440629470675,1.8678111587982833
8365,4.605,4.88125,0.3837253218884121,1.8723891273247497
8366,4.6,4.88,0.38335908440629474,1.8723891273247497
8367,4.615,4.88125,0.38537339055793995,1.8815450643776825
8368,4.6175,4.88,0.384824034334764,1.8792560801144493
8369,4.6375,4.87875,0.3864721030042919,1.8861230329041487
8370,4.625,4.8775,0.3841831187410587,1.8746781115879831
8371,4.6175,4.87875,0.384824034334764,1.8792560801144493
8372,4.61,4.88,0.3841831187410587,1.8746781115879831
8373,4.63,4.8775,0.3858311874105866,1.8815450643776825
8374,4.6175,4.87875,0.384824034334764,1.8792560801144493
8375,4.6475,4.8775,0.3872961373390558,1.8907010014306151
8376,4.6075,4.8775,0.3841831187410587,1.8746781115879831
8377,4.6225,4.8775,0.3851902718168813,1.8792560801144493
8378,4.6275,4.87875,0.38564806866952794,1.8815450643776825
8379,4.6275,4.8775,0.384549356223176,1.8746781115879831
8380,4.6325,4.87875,0.3860143061516452,1.8815450643776825
8381,4.605,4.87875,0.3837253218884121,1.8723891273247497
8382,4.62,4.87875,0.38436623748211735,1.8746781115879831
8383,4.605,4.8775,0.3837253218884121,1.8723891273247497
8384,4.6125,4.88,0.38436623748211735,1.8746781115879831
8385,4.6225,4.8775,0.3864721030042919,1.8861230329041487
8386,4.62,4.87875,0.3864721030042919,1.8861230329041487
8387,4.6075,4.8775,0.38400000000000006,1.8723891273247497
8388,4.6225,4.87875,0.3837253218884121,1.8723891273247497
8389,4.62,4.87875,0.3841831187410587,1.8746781115879831
8390,4.63,4.8775,0.3858311874105866,1.8815450643776825
8391,4.61,4.87875,0.3858311874105866,1.8815450643776825
8392,4.625,4.8775,0.3862889842632332,1.8815450643776825
8393,4.61,4.87875,0.3841831187410587,1.8746781115879831
8394,4.62,4.87875,0.38564806866952794,1.8815450643776825
8395,4.61,4.88,0.3851902718168813,1.8792560801144493
8396,4.6125,4.87875,0.38436623748211735,1.8746781115879831
8397,4.6175,4.87875,0.3851902718168813,1.8792560801144493
8398,4.6225,4.87875,0.38400000000000006,1.8746781115879831
8399,4.6075,4.8775,0.38400000000000006,1.8723891273247497
8400,4.61,4.87875,0.3841831187410587,1.8746781115879831
8401,4.6125,4.87875,0.3864721030042919,1.8861230329041487
8402,4.6125,4.8775,0.38436623748211735,1.8746781115879831
8403,4.615,4.87875,0.384549356223176,1.8746781115879831
8404,4.615,4.87875,0.38537339055793995,1.8792560801144493
8405,4.6125,4.8775,0.38436623748211735,1.8746781115879831
8406,4.6125,4.88,0.38436623748211735,1.8746781115879831
8407,4.6275,4.87875,0.384824034334764,1.8792560801144493
8408,4.61,4.87875,0.3841831187410587,1.8746781115879831
8409,4.625,4.87875,0.38537339055793995,1.8792560801144493
8410,4.6325,4.87875,0.38537339055793995,1.8792560801144493
8411,4.6225,4.87875,0.3851902718168813,1.8792560801144493
8412,4.6325,4.88,0.3860143061516452,1.8815450643776825
8413,4.615,4.87875,0.384824034334764,1.8792560801144493
8414,4.615,4.87875,0.384549356223176,1.8746781115879831
8415,4.61,4.8775,0.3841831187410587,1.8746781115879831
8416,4.61,4.88,0.38400000000000006,1.8746781115879831
8417,4.6175,4.87625,0.384824034334764,1.8746781115879831
8418,4.625,4.87875,0.38537339055793995,1.8792560801144493
8419,4.62,4.87875,0.38436623748211735,1.8746781115879831
8420,4.615,4.87875,0.38400000000000006,1.8746781115879831
8421,4.6175,4.87875,0.384824034334764,1.8792560801144493
8422,4.62,4.87875,0.384824034334764,1.8792560801144493
8423,4.63,4.88,0.3862889842632332,1.8861230329041487
8424,4.63,4.87875,0.3858311874105866,1.8815450643776825
8425,4.625,4.87875,0.38436623748211735,1.8746781115879831
8426,4.6025,4.88,0.3860143061516452,1.8815450643776825
8427,4.6175,4.87875,0.384824034334764,1.8792560801144493
8428,4.6125,4.8775,0.3841831187410587,1.8746781115879831
8429,4.6275,4.87875,0.38436623748211735,1.8746781115879831
8430,4.6275,4.87875,0.38564806866952794,1.8815450643776825
8431,4.6075,4.8775,0.384824034334764,1.8746781115879831
8432,4.6175,4.87875,0.384824034334764,1.8792560801144493
8433,4.6225,4.87875,0.3851902718168813,1.8792560801144493
8434,4.625,4.8775,0.38537339055793995,1.8792560801144493
8435,4.6125,4.8775,0.38400000000000006,1.8723891273247497
8436,4.6175,4.88,0.384824034334764,1.8792560801144493
8437,4.595,4.87875,0.3829012875536481,1.8678111587982833
8438,4.625,4.87875,0.384824034334764,1.8792560801144493
8439,4.615,4.87875,0.384549356223176,1.8746781115879831
8440,4.61,4.8775,0.3841831187410587,1.8746781115879831
8441,4.61,4.87875,0.38564806866952794,1.8815450643776825
8442,4.63,4.8775,0.3858311874105866,1.8815450643776825
8443,4.6225,4.8775,0.3851902718168813,1.8792560801144493
8444,4.615,4.8775,0.384824034334764,1.8746781115879831
8445,4.6075,4.8775,0.38400000000000006,1.8723891273247497
8446,4.635,4.87875,0.3862889842632332,1.8861230329041487
8447,4.615,4.87625,0.38537339055793995,1.8792560801144493
8448,4.6225,4.87875,0.3851902718168813,1.8792560801144493
8449,4.6,4.8775,0.38335908440629474,1.8723891273247497
8450,4.625,4.87875,0.384824034334764,1.8792560801144493
8451,4.595,4.8775,0.3829012875536481,1.8678111587982833
8452,4.615,4.87875,0.384549356223176,1.8746781115879831
8453,4.6275,4.8775,0.38436623748211735,1.8746781115879831
8454,4.6125,4.8775,0.38436623748211735,1.8746781115879831
8455,4.63,4.8775,0.3858311874105866,1.8815450643776825
8456,4.6225,4.87875,0.3851902718168813,1.8792560801144493
8457,4.6175,4.8775,0.38564806866952794,1.8815450643776825
8458,4.6125,4.87875,0.38436623748211735,1.8746781115879831
8459,4.64,4.8775,0.38537339055793995,1.8792560801144493
8460,4.6225,4.8775,0.3851902718168813,1.8792560801144493
8461,4.605,4.87875,0.3837253218884121,1.8723891273247497
8462,4.625,4.87875,0.38335908440629474,1.8723891273247497
8463,4.6225,4.8775,0.38400000000000006,1.8723891273247497
8464,4.6175,4.87625,0.384824034334764,1.8746781115879831
8465,4.6225,4.87875,0.3841831187410587,1.8746781115879831
8466,4.6475,4.8775,0.38436623748211735,1.8746781115879831
8467,4.625,4.88,0.38537339055793995,1.8792560801144493
8468,4.605,4.87875,0.384824034334764,1.8792560801144493
8469,4.615,4.8775,0.384824034334764,1.8746781115879831
8470,4.615,4.87875,0.384549356223176,1.8746781115879831
8471,4.6225,4.8775,0.3851902718168813,1.8792560801144493
8472,4.625,4.88,0.3851902718168813,1.8792560801144493
8473,4.625,4.87875,0.38537339055793995,1.8792560801144493
8474,4.625,4.8775,0.38537339055793995,1.8792560801144493
8475,4.6175,4.87875,0.38436623748211735,1.8746781115879831
8476,4.6125,4.87875,0.38436623748211735,1.8746781115879831
8477,4.6275,4.8775,0.38564806866952794,1.8815450643776825
8478,4.6225,4.8775,0.3858311874105866,1.8815450643776825
8479,4.6175,4.8775,0.384824034334764,1.8746781115879831
8480,4.6,4.87875,0.38335908440629474,1.8723891273247497
8481,4.595,4.87875,0.3858311874105866,1.8815450643776825
8482,4.605,4.87875,0.3837253218884121,1.8723891273247497
8483,4.6,4.8775,0.38335908440629474,1.8723891273247497
8484,4.6175,4.87625,0.3864721030042919,1.8861230329041487
8485,4.6325,4.8775,0.3860143061516452,1.8815450643776825
8486,4.605,4.87875,0.3837253218884121,1.8723891273247497
8487,4.6175,4.8775,0.38436623748211735,1.8746781115879831
8488,4.6175,4.87875,0.384824034334764,1.8792560801144493
8489,4.6125,4.8775,0.38436623748211735,1.8746781115879831
8490,4.6175,4.8775,0.3872961373390558,1.8907010014306151
8491,4.6175,4.8775,0.384824034334764,1.8746781115879831
8492,4.6225,4.87875,0.3851902718168813,1.8792560801144493
8493,4.6175,4.8775,0.38436623748211735,1.8746781115879831
8494,4.6325,4.88,0.3837253218884121,1.8723891273247497
8495,4.61,4.8775,0.3841831187410587,1.8746781115879831
8496,4.625,4.87875,0.3850071530758226,1.8792560801144493
8497,4.6125,4.88,0.38436623748211735,1.8746781115879831
8498,4.62,4.8775,0.3850071530758226,1.8792560801144493
8499,4.635,4.87875,0.3850071530758226,1.8792560801144493
8500,4.6375,4.88,0.3837253218884121,1.8723891273247497
8501,4.61,4.88,0.3841831187410587,1.8746781115879831
8502,4.61,4.8775,0.38564806866952794,1.8815450643776825
8503,4.605,4.88,0.3841831187410587,1.8746781115879831
8504,4.625,4.8775,0.38537339055793995,1.8792560801144493
8505,4.6225,4.87875,0.3851902718168813,1.8746781115879831
8506,4.6175,4.88,0.38436623748211735,1.8746781115879831
8507,4.6225,4.87875,0.3851902718168813,1.8792560801144493
8508,4.625,4.88125,0.38537339055793995,1.8815450643776825
8509,4.62,4.8775,0.3841831187410587,1.8746781115879831
8510,4.6225,4.87875,0.3851902718168813,1.8792560801144493
8511,4.615,4.87875,0.384549356223176,1.8746781115879831
8512,4.6175,4.8775,0.38537339055793995,1.8792560801144493
8513,4.6325,4.8775,0.3860143061516452,1.8815450643776825
8514,4.615,4.87625,0.384549356223176,1.8746781115879831
8515,4.6125,4.87875,0.384549356223176,1.8746781115879831
8516,4.6225,4.87875,0.3851902718168813,1.8792560801144493
8517,4.615,4.87875,0.384549356223176,1.8746781115879831
8518,4.605,4.88,0.3841831187410587,1.8746781115879831
8519,4.6125,4.87625,0.38436623748211735,1.8746781115879831
8520,4.6025,4.88,0.3835422031473534,1.8723891273247497
8521,4.615,4.8775,0.384824034334764,1.8746781115879831
8522,4.6125,4.87875,0.38436623748211735,1.8746781115879831
8523,4.6325,4.8775,0.3860143061516452,1.8815450643776825
8524,4.605,4.87875,0.38436623748211735,1.8746781115879831
8525,4.61,4.87875,0.3841831187410587,1.8746781115879831
8526,4.62,4.8775,0.3850071530758226,1.8792560801144493
8527,4.6,4.8775,0.3850071530758226,1.8792560801144493
8528,4.63,4.87875,0.38400000000000006,1.8746781115879831
8529,4.625,4.87875,0.38537339055793995,1.8792560801144493
8530,4.62,4.8775,0.38400000000000006,1.8723891273247497
8531,4.625,4.8775,0.38436623748211735,1.8746781115879831
8532,4.6125,4.87875,0.38436623748211735,1.8746781115879831
8533,4.605,4.87875,0.38436623748211735,1.8746781115879831
8534,4.6125,4.87875,0.384824034334764,1.8792560801144493
8535,4.6125,4.87875,0.38436623748211735,1.8746781115879831
8536,4.6075,4.8775,0.3841831187410587,1.8746781115879831
8537,4.645,4.8775,0.38537339055793995,1.8792560801144493
8538,4.625,4.87875,0.38537339055793995,1.8792560801144493
8539,4.59,4.87875,0.384549356223176,1.8746781115879831
8540,4.6175,4.87875,0.3858311874105866,1.8815450643776825
8541,4.615,4.87625,0.384549356223176,1.8746781115879831
8542,4.61,4.88,0.3841831187410587,1.8746781115879831
8543,4.615,4.8775,0.38400000000000006,1.8723891273247497
8544,4.62,4.8775,0.3850071530758226,1.8792560801144493
8545,4.6,4.8775,0.38335908440629474,1.8723891273247497
8546,4.6375,4.8775,0.38436623748211735,1.8746781115879831
8547,4.615,4.88,0.384549356223176,1.8746781115879831
8548,4.6125,4.8775,0.38436623748211735,1.8746781115879831
8549,4.5975,4.87875,0.38400000000000006,1.8746781115879831
8550,4.6,4.88,0.38335908440629474,1.8723891273247497
8551,4.6375,4.87875,0.3864721030042919,1.8861230329041487
8552,4.6075,4.8775,0.3841831187410587,1.8746781115879831
8553,4.585,4.8775,0.38207725321888414,1.8632331902718169
8554,4.6275,4.8775,0.38564806866952794,1.8815450643776825
8555,4.6225,4.87875,0.384824034334764,1.8792560801144493
8556,4.6075,4.87875,0.38400000000000006,1.8746781115879831
8557,4.6125,4.8775,0.38436623748211735,1.8746781115879831
8558,4.6325,4.88,0.3862889842632332,1.8861230329041487
8559,4.6325,4.8775,0.3860143061516452,1.8815450643776825
8560,4.595,4.88125,0.3829012875536481,1.8678111587982833
8561,4.625,4.88,0.3835422031473534,1.8723891273247497
8562,4.6275,4.87875,0.38564806866952794,1.8815450643776825
8563,4.6325,4.87875,0.3860143061516452,1.8815450643776825
8564,4.6325,4.88125,0.3837253218884121,1.8723891273247497
8565,4.62,4.8775,0.3858311874105866,1.8815450643776825
8566,4.6075,4.88,0.38400000000000006,1.8746781115879831
8567,4.6075,4.8775,0.384824034334764,1.8746781115879831
8568,4.625,4.88,0.3841831187410587,1.8746781115879831
8569,4.6175,4.8775,0.384824034334764,1.8746781115879831
8570,4.605,4.87875,0.38436623748211735,1.8746781115879831
8571,4.6275,4.88,0.384549356223176,1.8746781115879831
8572,4.6225,4.8775,0.3851902718168813,1.8792560801144493
8573,4.6125,4.8775,0.3851902718168813,1.8792560801144493
8574,4.64,4.87875,0.38400000000000006,1.8746781115879831
8575,4.6025,4.8775,0.3835422031473534,1.8723891273247497
8576,4.625,4.8775,0.384824034334764,1.8746781115879831
8577,4.61,4.8775,0.38400000000000006,1.8723891273247497
8578,4.6075,4.87875,0.38400000000000006,1.8746781115879831
8579,4.6075,4.87625,0.38400000000000006,1.8746781115879831
8580,4.6075,4.8775,0.384824034334764,1.8746781115879831
8581,4.63,4.87875,0.3858311874105866,1.8815450643776825
8582,4.6125,4.8775,0.38436623748211735,1.8746781115879831
8583,4.6025,4.8775,0.38537339055793995,1.8792560801144493
8584,4.5975,4.87875,0.38308440629470675,1.8678111587982833
8585,4.615,4.87875,0.384549356223176,1.8746781115879831
8586,4.6225,4.8775,0.3860143061516452,1.8815450643776825
8587,4.61,4.87875,0.3841831187410587,1.8746781115879831
8588,4.6225,4.8775,0.3851902718168813,1.8792560801144493
8589,4.6225,4.8775,0.38400000000000006,1.8723891273247497
8590,4.61,4.88,0.3841831187410587,1.8746781115879831
8591,4.6175,4.88,0.384824034334764,1.8792560801144493
8592,4.6175,4.88,0.3851902718168813,1.8792560801144493
8593,4.625,4.88,0.38537339055793995,1.8792560801144493
8594,4.615,4.8775,0.384549356223176,1.8746781115879831
8595,4.6275,4.87625,0.3858311874105866,1.8815450643776825
8596,4.6175,4.87875,0.384824034334764,1.8792560801144493
8597,4.6225,4.8775,0.3851902718168813,1.8792560801144493
8598,4.6225,4.8775,0.38335908440629474,1.8723891273247497
8599,4.6325,4.87875,0.3860143061516452,1.8815450643776825
8600,4.62,4.8775,0.3850071530758226,1.8792560801144493
8601,4.6125,4.87875,0.38436623748211735,1.8746781115879831
8602,4.6175,4.87875,0.3850071530758226,1.8792560801144493
8603,4.6075,4.8775,0.38400000000000006,1.8723891273247497
8604,4.615,4.8775,0.3835422031473534,1.8723891273247497
8605,4.62,4.88,0.38436623748211735,1.8746781115879831
8606,4.6225,4.87875,0.3851902718168813,1.8792560801144493
8607,4.6275,4.87875,0.38436623748211735,1.8746781115879831
8608,4.625,4.8775,0.3835422031473534,1.8723891273247497
8609,4.6225,4.8775,0.3851902718168813,1.8792560801144493
8610,4.6275,4.88,0.3837253218884121,1.8723891273247497
8611,4.62,4.88,0.384549356223176,1.8746781115879831
8612,4.625,4.87875,0.38537339055793995,1.8792560801144493
8613,4.625,4.87875,0.3837253218884121,1.8723891273247497
8614,4.625,4.8775,0.38436623748211735,1.8746781115879831
8615,4.615,4.88125,0.384549356223176,1.8792560801144493
8616,4.6125,4.87875,0.38436623748211735,1.8746781115879831
8617,4.6125,4.87875,0.38436623748211735,1.8746781115879831
8618,4.6025,4.88,0.3835422031473534,1.8723891273247497
8619,4.6075,4.8775,0.38400000000000006,1.8723891273247497
8620,4.6025,4.88,0.384549356223176,1.8746781115879831
8621,4.6225,4.87625,0.3851902718168813,1.8792560801144493
8622,4.6125,4.87875,0.38436623748211735,1.8746781115879831
8623,4.6125,4.88125,0.384549356223176,1.8792560801144493
8624,4.6175,4.8775,0.384824034334764,1.8746781115879831
8625,4.6225,4.88,0.3851902718168813,1.8792560801144493
8626,4.615,4.8775,0.384549356223176,1.8746781115879831
8627,4.6275,4.8775,0.38564806866952794,1.8815450643776825
8628,4.6125,4.87875,0.38436623748211735,1.8746781115879831
8629,4.6175,4.88,0.384824034334764,1.8792560801144493
8630,4.6075,4.87875,0.38400000000000006,1.8746781115879831
8631,4.6225,4.87875,0.3851902718168813,1.8792560801144493
8632,4.6275,4.87625,0.384549356223176,1.8746781115879831
8633,4.6025,4.87875,0.3835422031473534,1.8723891273247497
8634,4.6175,4.87875,0.384824034334764,1.8792560801144493
8635,4.505,4.8775,0.3829012875536481,1.8678111587982833
8636,4.6125,4.8775,0.38436623748211735,1.8746781115879831
8637,4.62,4.87875,0.3850071530758226,1.8792560801144493
8638,4.585,4.88,0.38335908440629474,1.8723891273247497
8639,4.61,4.87875,0.38436623748211735,1.8746781115879831
8640,4.6175,4.88125,0.384824034334764,1.8792560801144493
8641,4.61,4.87875,0.3837253218884121,1.8723891273247497
8642,4.6075,4.8775,0.38400000000000006,1.8723891273247497
8643,4.61,4.88,0.3841831187410587,1.8746781115879831
8644,4.605,4.87875,0.38537339055793995,1.8792560801144493
8645,4.6075,4.8775,0.38436623748211735,1.8746781115879831
8646,4.625,4.8775,0.38537339055793995,1.8792560801144493
8647,4.615,4.87875,0.384824034334764,1.8792560801144493
8648,4.6075,4.87875,0.3818941344778255,1.8632331902718169
8649,4.615,4.87875,0.384549356223176,1.8746781115879831
8650,4.62,4.8775,0.3850071530758226,1.8723891273247497
8651,4.6,4.87875,0.384549356223176,1.8746781115879831
8652,4.6175,4.8775,0.384824034334764,1.8746781115879831
8653,3.8825,4.96375,0.3235708154506438,1.6045779685264665
8654,4.6175,4.87875,0.384549356223176,1.8746781115879831
8655,4.6025,4.87875,0.3835422031473534,1.8723891273247497
8656,4.6075,4.8775,0.38400000000000006,1.8723891273247497
8657,4.6125,4.87875,0.3837253218884121,1.8723891273247497
8658,4.6075,4.8775,0.38400000000000006,1.8723891273247497
8659,4.5975,4.87875,0.38308440629470675,1.8678111587982833
8660,4.6225,4.87875,0.3825350500715308,1.8678111587982833
8661,4.6225,4.87875,0.3851902718168813,1.8792560801144493
8662,4.605,4.88,0.3837253218884121,1.8723891273247497
8663,4.6075,4.87875,0.3858311874105866,1.8815450643776825
8664,4.6075,4.87875,0.38400000000000006,1.8746781115879831
8665,4.59,4.87875,0.3825350500715308,1.8678111587982833
8666,4.61,4.87875,0.38226037195994284,1.8632331902718169
8667,4.59,4.88,0.3825350500715308,1.8678111587982833
8668,4.6125,4.8775,0.38436623748211735,1.8746781115879831
8669,4.6225,4.87625,0.38400000000000006,1.8723891273247497
8670,4.62,4.87875,0.3850071530758226,1.8792560801144493
8671,4.6175,4.8775,0.384824034334764,1.8746781115879831
8672,4.6125,4.8775,0.3851902718168813,1.8792560801144493
8673,4.6075,4.8775,0.3841831187410587,1.8746781115879831
8674,4.6,4.8775,0.38335908440629474,1.8723891273247497
8675,4.615,4.88,0.38537339055793995,1.8792560801144493
8676,4.6175,4.87875,0.38400000000000006,1.8746781115879831
8677,3.89,4.9675,0.3242117310443491,1.6091559370529327
8678,4.67,4.87625,0.35753934191702436,1.7442060085836912
8679,4.5975,4.8775,0.384824034334764,1.8746781115879831
8680,4.625,4.87625,0.38537339055793995,1.8792560801144493
8681,4.6175,4.8775,0.3835422031473534,1.8723891273247497
8682,4.63,4.88,0.384549356223176,1.8746781115879831
8683,4.6125,4.88,0.38436623748211735,1.8746781115879831
8684,4.61,4.88125,0.3864721030042919,1.8861230329041487
8685,4.6175,4.87875,0.3858311874105866,1.8815450643776825
8686,4.6175,4.8775,0.384824034334764,1.8746781115879831
8687,4.5925,4.87875,0.38271816881258947,1.8678111587982833
8688,4.63,4.8775,0.384549356223176,1.8746781115879831
8689,4.62,4.88,0.3850071530758226,1.8792560801144493
8690,4.6075,4.88,0.38400000000000006,1.8746781115879831
8691,4.645,4.87875,0.3837253218884121,1.8723891273247497
8692,4.6225,4.88,0.3851902718168813,1.8792560801144493
8693,4.6325,4.8775,0.3860143061516452,1.8815450643776825
8694,4.6175,4.87875,0.3860143061516452,1.8815450643776825
8695,4.5975,4.87875,0.38308440629470675,1.8678111587982833
8696,4.5975,4.87875,0.38308440629470675,1.8678111587982833
8697,4.615,4.8775,0.3837253218884121,1.8723891273247497
8698,4.615,4.88,0.384549356223176,1.8746781115879831
8699,4.62,4.87875,0.3850071530758226,1.8792560801144493
8700,4.6125,4.87875,0.38335908440629474,1.8723891273247497
8701,4.615,4.87875,0.384549356223176,1.8746781115879831
8702,4.63,4.88,0.3858311874105866,1.8815450643776825
8703,4.61,4.87875,0.3837253218884121,1.8723891273247497
8704,4.61,4.8825,0.3841831187410587,1.8746781115879831
8705,4.5975,4.87875,0.38308440629470675,1.8678111587982833
8706,4.615,4.8775,0.3825350500715308,1.8678111587982833
8707,4.605,4.88125,0.3837253218884121,1.8723891273247497
8708,4.6225,4.8775,0.3851902718168813,1.8792560801144493
8709,4.6225,4.8775,0.384549356223176,1.8746781115879831
8710,4.6175,4.87875,0.3868383404864092,1.8861230329041487
8711,4.5775,4.8775,0.38143633762517887,1.860944206008584
8712,4.585,4.87875,0.3850071530758226,1.8792560801144493
8713,4.6075,4.87875,0.384824034334764,1.8792560801144493
8714,4.5525,4.87875,0.37933047210300436,1.8494992846924179
8715,4.6275,4.87875,0.3835422031473534,1.8723891273247497
8716,4.6025,4.88,0.38400000000000006,1.8746781115879831
8717,4.6175,4.8775,0.384824034334764,1.8746781115879831
8718,4.6125,4.87875,0.38271816881258947,1.8678111587982833
8719,4.605,4.8775,0.3860143061516452,1.8815450643776825
8720,4.5925,4.8775,0.38271816881258947,1.8678111587982833
8721,4.62,4.88,0.38436623748211735,1.8746781115879831
8722,4.62,4.88,0.38537339055793995,1.8792560801144493
8723,4.615,4.8775,0.384549356223176,1.8746781115879831
8724,4.6175,4.8775,0.384824034334764,1.8746781115879831
8725,4.6075,4.88,0.38335908440629474,1.8723891273247497
8726,4.62,4.8775,0.3850071530758226,1.8792560801144493
8727,4.61,4.87875,0.3841831187410587,1.8746781115879831
8728,4.6075,4.88,0.38308440629470675,1.8678111587982833
8729,4.6025,4.87875,0.3835422031473534,1.8723891273247497
8730,4.61,4.88,0.3841831187410587,1.8746781115879831
8731,4.605,4.8775,0.3850071530758226,1.8792560801144493
8732,4.5975,4.8775,0.38308440629470675,1.8678111587982833
8733,4.6,4.87875,0.38335908440629474,1.8723891273247497
8734,2.96,4.97875,0.3779570815450644,1.8815450643776825
8735,4.61,4.87875,0.3841831187410587,1.8746781115879831
8736,4.5975,4.87875,0.38308440629470675,1.8678111587982833
8737,4.6075,4.88,0.3841831187410587,1.8746781115879831
8738,4.6,4.87875,0.38335908440629474,1.8723891273247497
8739,4.595,4.88,0.3829012875536481,1.8678111587982833
8740,4.6125,4.87875,0.3806123032904149,1.8563662374821175
8741,4.59,4.88,0.3825350500715308,1.8678111587982833
8742,4.605,4.88,0.3837253218884121,1.8723891273247497
8743,4.6075,4.8775,0.38308440629470675,1.8678111587982833
8744,4.62,4.8775,0.3850071530758226,1.8792560801144493
8745,4.6175,4.87625,0.384824034334764,1.8746781115879831
8746,4.6175,4.87875,0.38436623748211735,1.8746781115879831
8747,4.6275,4.87875,0.3851902718168813,1.8792560801144493
8748,4.62,4.8775,0.3850071530758226,1.8792560801144493
8749,4.6175,4.87875,0.3841831187410587,1.8746781115879831
8750,4.62,4.8775,0.3851902718168813,1.8792560801144493
8751,4.6225,4.8775,0.3851902718168813,1.8792560801144493
8752,4.6125,4.87875,0.3850071530758226,1.8792560801144493
8753,4.615,4.8775,0.384549356223176,1.8746781115879831
8754,4.605,4.8775,0.3837253218884121,1.8723891273247497
8755,4.62,4.8775,0.384824034334764,1.8746781115879831
8756,4.6075,4.87875,0.38537339055793995,1.8792560801144493
8757,4.6225,4.87875,0.3851902718168813,1.8792560801144493
8758,4.61,4.87875,0.3841831187410587,1.8815450643776825
8759,4.615,4.87875,0.38537339055793995,1.8792560801144493
8760,4.625,4.87875,0.38537339055793995,1.8792560801144493
8761,4.605,4.8775,0.3837253218884121,1.8723891273247497
8762,4.6025,4.8775,0.3850071530758226,1.8792560801144493
8763,4.63,4.87625,0.3858311874105866,1.8815450643776825
8764,4.6225,4.87875,0.3851902718168813,1.8792560801144493
8765,4.6,4.8775,0.38537339055793995,1.8792560801144493
8766,4.63,4.8775,0.3858311874105866,1.8815450643776825
8767,4.615,4.87875,0.384549356223176,1.8746781115879831
8768,4.605,4.87875,0.38335908440629474,1.8723891273247497
8769,4.6225,4.87875,0.3851902718168813,1.8792560801144493
8770,4.645,4.88,0.3871130185979972,1.8907010014306151
8771,4.6175,4.8775,0.384824034334764,1.8746781115879831
8772,4.6125,4.8775,0.38436623748211735,1.8746781115879831
8773,4.61,4.87875,0.3841831187410587,1.8746781115879831
8774,4.6175,4.8775,0.3850071530758226,1.8792560801144493
8775,4.6075,4.8775,0.38400000000000006,1.8723891273247497
8776,4.6025,4.87625,0.3835422031473534,1.8723891273247497
8777,4.62,4.8775,0.384824034334764,1.8746781115879831
8778,4.6,4.87875,0.38335908440629474,1.8723891273247497
8779,4.6275,4.8775,0.38564806866952794,1.8815450643776825
8780,4.6425,4.8775,0.384824034334764,1.8746781115879831
8781,4.615,4.87625,0.384549356223176,1.8746781115879831
8782,4.6175,4.8775,0.384824034334764,1.8746781115879831
8783,4.62,4.87875,0.38537339055793995,1.8792560801144493
8784,4.62,4.8775,0.3829012875536481,1.8678111587982833
8785,4.6175,4.87875,0.384824034334764,1.8792560801144493
8786,4.6,4.8775,0.384824034334764,1.8746781115879831
8787,4.61,4.8775,0.38665522174535055,1.8861230329041487
8788,4.62,4.87875,0.3850071530758226,1.8792560801144493
8789,4.625,4.88,0.3841831187410587,1.8746781115879831
8790,4.62,4.8775,0.3860143061516452,1.8815450643776825
8791,4.6125,4.8775,0.38436623748211735,1.8746781115879831
8792,4.5975,4.87875,0.38537339055793995,1.8792560801144493
8793,4.5975,4.87875,0.3850071530758226,1.8792560801144493
8794,4.605,4.87625,0.3837253218884121,1.8723891273247497
8795,4.61,4.88,0.3841831187410587,1.8792560801144493
8796,4.6175,4.8775,0.3860143061516452,1.8815450643776825
8797,4.6375,4.8775,0.3864721030042919,1.8861230329041487
8798,4.6125,4.87875,0.38436623748211735,1.8746781115879831
8799,4.615,4.88,0.3841831187410587,1.8746781115879831
8800,4.6125,4.87875,0.38436623748211735,1.8746781115879831
8801,4.6325,4.87875,0.3860143061516452,1.8815450643776825
8802,4.605,4.88,0.3841831187410587,1.8746781115879831
8803,4.635,4.8775,0.3862889842632332,1.8815450643776825
8804,4.6175,4.8775,0.384824034334764,1.8746781115879831
8805,4.6225,4.8775,0.3850071530758226,1.8792560801144493
8806,4.6125,4.87625,0.38436623748211735,1.8746781115879831
8807,4.6075,4.88,0.38400000000000006,1.8746781115879831
8808,4.625,4.87875,0.3851902718168813,1.8792560801144493
8809,4.6275,4.8775,0.38564806866952794,1.8815450643776825
8810,4.61,4.87625,0.3841831187410587,1.8746781115879831
8811,4.6125,4.8775,0.3858311874105866,1.8815450643776825
8812,4.615,4.87875,0.384549356223176,1.8746781115879831
8813,4.605,4.87625,0.3837253218884121,1.8723891273247497
8814,4.6025,4.8775,0.38537339055793995,1.8792560801144493
8815,4.6275,4.875,0.38564806866952794,1.8792560801144493
8816,4.6275,4.875,0.38564806866952794,1.8792560801144493
8817,4.6175,4.87875,0.3841831187410587,1.8746781115879831
8818,4.6175,4.87875,0.38564806866952794,1.8815450643776825
8819,4.6275,4.87875,0.38564806866952794,1.8815450643776825
8820,4.6325,4.87625,0.38537339055793995,1.8792560801144493
8821,4.655,4.88,0.3841831187410587,1.8746781115879831
8822,4.62,4.87875,0.3850071530758226,1.8792560801144493
8823,4.62,4.87875,0.3862889842632332,1.8861230329041487
8824,4.6325,4.8775,0.384549356223176,1.8746781115879831
8825,4.6225,4.8775,0.3851902718168813,1.8792560801144493
8826,4.6,4.8775,0.38537339055793995,1.8792560801144493
8827,4.605,4.8775,0.3851902718168813,1.8792560801144493
8828,4.625,4.87625,0.38537339055793995,1.8792560801144493
8829,4.6025,4.8775,0.38665522174535055,1.8861230329041487
8830,4.615,4.8775,0.3841831187410587,1.8746781115879831
8831,4.6125,4.88,0.38436623748211735,1.8746781115879831
8832,4.6325,4.87625,0.3860143061516452,1.8746781115879831
8833,4.645,4.87625,0.3860143061516452,1.8815450643776825
8834,4.615,4.87875,0.384549356223176,1.8746781115879831
8835,4.5975,4.87875,0.38308440629470675,1.8678111587982833
8836,4.6125,4.8775,0.384549356223176,1.8746781115879831
8837,4.6175,4.88,0.384824034334764,1.8792560801144493
8838,4.625,4.87875,0.38537339055793995,1.8792560801144493
8839,4.6125,4.8775,0.384824034334764,1.8746781115879831
8840,4.625,4.8775,0.38537339055793995,1.8792560801144493
8841,4.62,4.8775,0.3850071530758226,1.8792560801144493
8842,4.6175,4.87875,0.384824034334764,1.8792560801144493
8843,4.5925,4.87875,0.38271816881258947,1.8678111587982833
8844,4.625,4.8775,0.38537339055793995,1.8792560801144493
8845,4.625,4.87875,0.3862889842632332,1.8861230329041487
8846,4.6125,4.8775,0.38436623748211735,1.8746781115879831
8847,4.6075,4.8775,0.38400000000000006,1.8723891273247497
8848,4.6125,4.8775,0.38537339055793995,1.8792560801144493
8849,4.5975,4.8775,0.38308440629470675,1.8678111587982833
8850,4.61,4.87875,0.3841831187410587,1.8746781115879831
8851,4.625,4.87875,0.3841831187410587,1.8746781115879831
8852,4.615,4.8775,0.384549356223176,1.8746781115879831
8853,4.6125,4.87875,0.38436623748211735,1.8746781115879831
8854,4.6225,4.87875,0.38436623748211735,1.8746781115879831
8855,4.6125,4.88,0.3864721030042919,1.8861230329041487
8856,4.595,4.87875,0.3829012875536481,1.8678111587982833
8857,4.6175,4.8775,0.3851902718168813,1.8792560801144493
8858,4.62,4.87875,0.38564806866952794,1.8815450643776825
8859,4.6225,4.87875,0.3851902718168813,1.8792560801144493
8860,4.625,4.8775,0.38400000000000006,1.8723891273247497
8861,4.6175,4.8775,0.3858311874105866,1.8815450643776825
8862,4.6,4.87875,0.38335908440629474,1.8723891273247497
8863,4.62,4.8775,0.38436623748211735,1.8746781115879831
8864,4.6225,4.8775,0.38665522174535055,1.8861230329041487
8865,4.615,4.88,0.384549356223176,1.8746781115879831
8866,4.62,4.8775,0.3851902718168813,1.8792560801144493
8867,4.625,4.8775,0.384549356223176,1.8746781115879831
8868,4.6125,4.88,0.38436623748211735,1.8746781115879831
8869,4.6225,4.8775,0.3851902718168813,1.8792560801144493
8870,4.615,4.87875,0.3850071530758226,1.8792560801144493
8871,4.62,4.88,0.3850071530758226,1.8792560801144493
8872,4.62,4.87875,0.3850071530758226,1.8792560801144493
8873,4.61,4.87875,0.38436623748211735,1.8746781115879831
8874,4.6275,4.88,0.38564806866952794,1.8815450643776825
8875,4.62,4.88,0.3850071530758226,1.8792560801144493
8876,4.6275,4.87875,0.3837253218884121,1.8723891273247497
8877,4.6325,4.8775,0.3860143061516452,1.8815450643776825
8878,4.6275,4.8775,0.38564806866952794,1.8815450643776825
8879,4.6175,4.87875,0.3841831187410587,1.8746781115879831
8880,4.6175,4.87875,0.384824034334764,1.8792560801144493
8881,4.6125,4.8775,0.38436623748211735,1.8746781115879831
8882,4.62,4.87875,0.384824034334764,1.8792560801144493
8883,4.6275,4.87875,0.38564806866952794,1.8815450643776825
8884,4.6225,4.87875,0.3851902718168813,1.8792560801144493
8885,4.6325,4.8775,0.3841831187410587,1.8746781115879831
8886,4.6225,4.87875,0.3851902718168813,1.8792560801144493
8887,4.6275,4.8775,0.38564806866952794,1.8815450643776825
8888,4.6225,4.87875,0.38537339055793995,1.8792560801144493
8889,4.61,4.88,0.3841831187410587,1.8746781115879831
8890,4.6225,4.8775,0.3851902718168813,1.8792560801144493
8891,4.6125,4.88,0.38537339055793995,1.8792560801144493
8892,4.61,4.8775,0.38564806866952794,1.8815450643776825
8893,4.6175,4.8775,0.384824034334764,1.8746781115879831
8894,4.6075,4.87875,0.3850071530758226,1.8792560801144493
8895,4.6325,4.87875,0.384549356223176,1.8746781115879831
8896,4.6325,4.87875,0.3860143061516452,1.8815450643776825
8897,4.625,4.87875,0.384549356223176,1.8746781115879831
8898,4.6325,4.87875,0.38564806866952794,1.8815450643776825
8899,4.6325,4.8775,0.3860143061516452,1.8815450643776825
8900,4.635,4.8775,0.384549356223176,1.8746781115879831
8901,4.62,4.87625,0.38400000000000006,1.8723891273247497
8902,4.6225,4.88,0.3851902718168813,1.8792560801144493
8903,4.62,4.8775,0.3851902718168813,1.8792560801144493
8904,4.615,4.8775,0.384549356223176,1.8746781115879831
8905,4.615,4.87875,0.384549356223176,1.8746781115879831
8906,4.61,4.87875,0.3841831187410587,1.8746781115879831
8907,4.6175,4.8775,0.38537339055793995,1.8792560801144493
8908,4.6175,4.8775,0.384824034334764,1.8746781115879831
8909,4.625,4.8775,0.38537339055793995,1.8792560801144493
8910,4.6325,4.88,0.384549356223176,1.8746781115879831
8911,4.625,4.8775,0.38537339055793995,1.8792560801144493
8912,4.6075,4.875,0.38400000000000006,1.8723891273247497
8913,4.61,4.87875,0.38436623748211735,1.8746781115879831
8914,4.6025,4.8775,0.3835422031473534,1.8723891273247497
8915,4.6275,4.87875,0.38564806866952794,1.8815450643776825
8916,4.615,4.87875,0.384824034334764,1.8792560801144493
8917,4.62,4.88,0.3850071530758226,1.8792560801144493
8918,4.6225,4.8775,0.3851902718168813,1.8792560801144493
8919,4.6225,4.87875,0.3850071530758226,1.8792560801144493
8920,4.6175,4.8775,0.384824034334764,1.8746781115879831
8921,4.61,4.8775,0.3841831187410587,1.8746781115879831
8922,4.615,4.87875,0.38436623748211735,1.8746781115879831
8923,4.61,4.87625,0.3841831187410587,1.8746781115879831
8924,4.615,4.87875,0.384549356223176,1.8746781115879831
8925,4.6125,4.88,0.38564806866952794,1.8815450643776825
8926,4.61,4.8775,0.3841831187410587,1.8746781115879831
8927,4.6175,4.88,0.384824034334764,1.8792560801144493
8928,4.61,4.8775,0.3868383404864092,1.8861230329041487
8929,4.6175,4.8775,0.3837253218884121,1.8723891273247497
8930,4.62,4.87875,0.3850071530758226,1.8792560801144493
8931,4.625,4.8775,0.38400000000000006,1.8723891273247497
8932,4.6375,4.88,0.384549356223176,1.8746781115879831
8933,4.605,4.87875,0.3837253218884121,1.8723891273247497
8934,4.6175,4.8775,0.38537339055793995,1.8792560801144493
8935,4.65,4.87625,0.3850071530758226,1.8792560801144493
8936,4.63,4.87875,0.3858311874105866,1.8815450643776825
8937,4.6175,4.8775,0.38665522174535055,1.8861230329041487
8938,4.6225,4.8775,0.3858311874105866,1.8815450643776825
8939,4.6275,4.8775,0.38564806866952794,1.8815450643776825
8940,4.6325,4.8775,0.3860143061516452,1.8746781115879831
8941,4.63,4.87875,0.3841831187410587,1.8746781115879831
8942,4.6125,4.87875,0.38436623748211735,1.8746781115879831
8943,4.6175,4.8775,0.384824034334764,1.8746781115879831
8944,4.6175,4.88,0.384824034334764,1.8792560801144493
8945,4.625,4.8775,0.38537339055793995,1.8792560801144493
8946,4.635,4.88,0.3862889842632332,1.8861230329041487
8947,4.59,4.87875,0.38537339055793995,1.8792560801144493
8948,4.6175,4.8775,0.384824034334764,1.8746781115879831
8949,4.6375,4.8775,0.3864721030042919,1.8861230329041487
8950,4.6075,4.8775,0.384824034334764,1.8746781115879831
8951,4.6175,4.87875,0.384824034334764,1.8792560801144493
8952,4.635,4.8775,0.3862889842632332,1.8815450643776825
8953,4.6325,4.8775,0.38564806866952794,1.8815450643776825
8954,4.625,4.8775,0.38537339055793995,1.8792560801144493
8955,4.6275,4.8775,0.38564806866952794,1.8815450643776825
8956,4.6225,4.87875,0.3850071530758226,1.8792560801144493
8957,4.6325,4.8775,0.3860143061516452,1.8815450643776825
8958,4.6225,4.87875,0.3851902718168813,1.8792560801144493
8959,4.6175,4.87875,0.38564806866952794,1.8815450643776825
8960,4.625,4.87875,0.38537339055793995,1.8792560801144493
8961,4.615,4.8775,0.384549356223176,1.8746781115879831
8962,4.615,4.87875,0.3851902718168813,1.8792560801144493
8963,4.62,4.87875,0.3850071530758226,1.8792560801144493
8964,4.6175,4.87875,0.384824034334764,1.8792560801144493
8965,4.6175,4.8775,0.38537339055793995,1.8792560801144493
8966,4.6225,4.8775,0.38400000000000006,1.8723891273247497
8967,4.61,4.8775,0.3841831187410587,1.8746781115879831
8968,4.62,4.8775,0.38564806866952794,1.8815450643776825
8969,4.61,4.8775,0.3851902718168813,1.8792560801144493
8970,4.61,4.8775,0.3841831187410587,1.8746781115879831
8971,4.615,4.87875,0.38335908440629474,1.8723891273247497
8972,4.6325,4.8775,0.3858311874105866,1.8815450643776825
8973,4.6125,4.8775,0.38436623748211735,1.8746781115879831
8974,4.6325,4.87875,0.38400000000000006,1.8746781115879831
8975,4.6225,4.8775,0.3851902718168813,1.8792560801144493
8976,4.615,4.8775,0.384549356223176,1.8746781115879831
8977,4.625,4.8775,0.38537339055793995,1.8815450643776825
8978,4.62,4.8775,0.3850071530758226,1.8792560801144493
8979,4.6175,4.8775,0.384824034334764,1.8746781115879831
8980,4.62,4.8775,0.3850071530758226,1.8792560801144493
8981,4.61,4.88,0.384549356223176,1.8746781115879831
8982,4.615,4.8775,0.384549356223176,1.8746781115879831
8983,4.62,4.8775,0.3850071530758226,1.8792560801144493
8984,4.6325,4.8775,0.38400000000000006,1.8723891273247497
8985,4.6225,4.87875,0.3851902718168813,1.8792560801144493
8986,4.6175,4.87875,0.384824034334764,1.8792560801144493
8987,4.6225,4.87875,0.384549356223176,1.8746781115879831
8988,4.6225,4.8775,0.3851902718168813,1.8792560801144493
8989,4.6125,4.8775,0.38436623748211735,1.8746781115879831
8990,4.6175,4.8775,0.384824034334764,1.8746781115879831
8991,4.62,4.8775,0.3850071530758226,1.8792560801144493
8992,4.625,4.8775,0.38537339055793995,1.8792560801144493
8993,4.6025,4.8775,0.384824034334764,1.8746781115879831
8994,4.625,4.87875,0.38537339055793995,1.8792560801144493
8995,4.6075,4.8775,0.38400000000000006,1.8723891273247497
8996,4.61,4.87875,0.3850071530758226,1.8792560801144493
8997,4.615,4.8775,0.384549356223176,1.8746781115879831
8998,4.6125,4.8775,0.38436623748211735,1.8746781115879831
8999,4.6175,4.8775,0.384824034334764,1.8746781115879831
9000,4.645,4.88,0.3837253218884121,1.8723891273247497
9001,4.605,4.8775,0.3837253218884121,1.8723891273247497
9002,4.6275,4.8775,0.38436623748211735,1.8746781115879831
9003,4.6125,4.87625,0.38537339055793995,1.8792560801144493
9004,4.6125,4.87875,0.38436623748211735,1.8746781115879831
9005,4.6175,4.8775,0.38665522174535055,1.8861230329041487
9006,4.615,4.8775,0.3851902718168813,1.8792560801144493
9007,4.6225,4.87875,0.3851902718168813,1.8792560801144493
9008,4.6275,4.87875,0.3858311874105866,1.8815450643776825
9009,4.6175,4.87875,0.3835422031473534,1.8723891273247497
9010,4.6275,4.88,0.38564806866952794,1.8815450643776825
9011,4.6125,4.8775,0.3841831187410587,1.8746781115879831
9012,4.6325,4.8775,0.3850071530758226,1.8792560801144493
9013,4.6225,4.88,0.3851902718168813,1.8792560801144493
9014,4.6025,4.87875,0.3835422031473534,1.8723891273247497
9015,4.6175,4.8775,0.3868383404864092,1.8861230329041487
9016,4.6175,4.8775,0.384824034334764,1.8746781115879831
9017,4.605,4.88,0.3837253218884121,1.8723891273247497
9018,4.62,4.8775,0.38537339055793995,1.8792560801144493
9019,4.6325,4.87875,0.3860143061516452,1.8815450643776825
9020,4.645,4.87875,0.3871130185979972,1.8907010014306151
9021,4.6275,4.87875,0.3851902718168813,1.8792560801144493
9022,4.6,4.87875,0.38335908440629474,1.8723891273247497
9023,4.6225,4.8775,0.3851902718168813,1.8792560801144493
9024,4.595,4.87875,0.38436623748211735,1.8746781115879831
9025,4.6075,4.8775,0.38400000000000006,1.8723891273247497
9026,4.615,4.87875,0.384549356223176,1.8746781115879831
9027,4.6125,4.8775,0.38564806866952794,1.8815450643776825
9028,4.65,4.87625,0.38747925608011446,1.8907010014306151
9029,4.6225,4.87875,0.3851902718168813,1.8792560801144493
9030,4.6075,4.87875,0.38400000000000006,1.8746781115879831
9031,4.615,4.87875,0.384549356223176,1.8746781115879831
9032,4.6025,4.8775,0.3835422031473534,1.8723891273247497
9033,4.625,4.87875,0.3851902718168813,1.8792560801144493
9034,4.625,4.87875,0.38537339055793995,1.8792560801144493
9035,4.6125,4.8775,0.38436623748211735,1.8746781115879831
9036,4.6025,4.87625,0.3851902718168813,1.8792560801144493
9037,4.61,4.88,0.3850071530758226,1.8792560801144493
9038,4.615,4.87875,0.384549356223176,1.8746781115879831
9039,4.6175,4.87875,0.38564806866952794,1.8815450643776825
9040,4.63,4.8775,0.38564806866952794,1.8815450643776825
9041,4.6175,4.88,0.384824034334764,1.8792560801144493
9042,4.62,4.8775,0.38564806866952794,1.8815450643776825
9043,4.6275,4.87625,0.3837253218884121,1.8723891273247497
9044,4.6075,4.88,0.38400000000000006,1.8746781115879831
9045,4.6325,4.87625,0.3860143061516452,1.8815450643776825
9046,4.65,4.87875,0.38400000000000006,1.8746781115879831
9047,4.6175,4.87625,0.384824034334764,1.8746781115879831
9048,4.6325,4.8775,0.3860143061516452,1.8746781115879831
9049,4.5975,4.8775,0.3858311874105866,1.8815450643776825
9050,4.6,4.8775,0.38335908440629474,1.8723891273247497
9051,4.64,4.8775,0.38665522174535055,1.8861230329041487
9052,4.65,4.87875,0.3837253218884121,1.8723891273247497
9053,4.6075,4.87875,0.38400000000000006,1.8746781115879831
9054,4.6375,4.87875,0.3864721030042919,1.8861230329041487
9055,4.65,4.8775,0.38436623748211735,1.8746781115879831
9056,4.6275,4.8775,0.38564806866952794,1.8815450643776825
9057,4.635,4.8775,0.3862889842632332,1.8815450643776825
9058,4.62,4.87875,0.38436623748211735,1.8746781115879831
9059,4.6275,4.88,0.38564806866952794,1.8815450643776825
9060,4.625,4.87625,0.38537339055793995,1.8792560801144493
9061,4.63,4.87625,0.38564806866952794,1.8792560801144493
9062,4.615,4.8775,0.384549356223176,1.8746781115879831
9063,4.6025,4.87875,0.3835422031473534,1.8723891273247497
9064,4.615,4.87875,0.384824034334764,1.8792560801144493
9065,4.6125,4.87875,0.38436623748211735,1.8746781115879831
9066,4.635,4.87875,0.3862889842632332,1.8861230329041487
9067,4.6025,4.87875,0.3858311874105866,1.8815450643776825
9068,4.62,4.87875,0.3850071530758226,1.8792560801144493
9069,4.62,4.8775,0.3850071530758226,1.8792560801144493
9070,4.63,4.87875,0.3872961373390558,1.8907010014306151
9071,4.6275,4.87875,0.3850071530758226,1.8792560801144493
9072,4.6275,4.8775,0.38564806866952794,1.8815450643776825
9073,4.6375,4.87875,0.38308440629470675,1.8678111587982833
9074,4.62,4.8775,0.3851902718168813,1.8792560801144493
9075,4.6175,4.8775,0.384824034334764,1.8746781115879831
9076,4.605,4.8775,0.3860143061516452,1.8815450643776825
9077,4.615,4.88,0.3851902718168813,1.8792560801144493
9078,4.6225,4.88,0.3851902718168813,1.8792560801144493
9079,4.6225,4.87625,0.3841831187410587,1.8746781115879831
9080,4.625,4.87875,0.38436623748211735,1.8746781115879831
9081,4.6175,4.87875,0.384824034334764,1.8792560801144493
9082,4.625,4.8775,0.3860143061516452,1.8815450643776825
9083,4.62,4.87875,0.3851902718168813,1.8792560801144493
9084,4.6175,4.87875,0.384824034334764,1.8792560801144493
9085,4.6225,4.8775,0.3851902718168813,1.8746781115879831
9086,4.6225,4.8775,0.3851902718168813,1.8792560801144493
9087,4.6325,4.87625,0.3860143061516452,1.8815450643776825
9088,4.61,4.88125,0.3841831187410587,1.8746781115879831
9089,4.625,4.8775,0.3851902718168813,1.8792560801144493
9090,4.6175,4.8775,0.384824034334764,1.8746781115879831
9091,4.62,4.8775,0.3850071530758226,1.8792560801144493
9092,4.62,4.87875,0.384549356223176,1.8746781115879831
9093,4.61,4.87875,0.3841831187410587,1.8746781115879831
9094,4.6125,4.87875,0.38436623748211735,1.8746781115879831
9095,4.62,4.8775,0.38564806866952794,1.8815450643776825
9096,4.615,4.8775,0.384549356223176,1.8746781115879831
9097,4.625,4.87875,0.38537339055793995,1.8792560801144493
9098,4.6175,4.8775,0.384549356223176,1.8746781115879831
9099,4.625,4.87875,0.38537339055793995,1.8792560801144493
9100,4.615,4.87875,0.384549356223176,1.8746781115879831
9101,4.6125,4.87875,0.38436623748211735,1.8746781115879831
9102,4.6175,4.8775,0.384824034334764,1.8746781115879831
9103,4.615,4.87875,0.384549356223176,1.8746781115879831
9104,4.6075,4.87875,0.38400000000000006,1.8746781115879831
9105,4.615,4.87875,0.384549356223176,1.8746781115879831
9106,4.625,4.8775,0.38537339055793995,1.8792560801144493
9107,4.6225,4.88,0.38436623748211735,1.8746781115879831
9108,4.6075,4.87625,0.3851902718168813,1.8792560801144493
9109,4.6225,4.8775,0.3851902718168813,1.8792560801144493
9110,4.61,4.87875,0.384549356223176,1.8746781115879831
9111,4.6475,4.8775,0.3851902718168813,1.8792560801144493
9112,4.615,4.8775,0.384549356223176,1.8746781115879831
9113,4.615,4.8775,0.3850071530758226,1.8792560801144493
9114,4.615,4.8775,0.3851902718168813,1.8792560801144493
9115,4.61,4.8775,0.3841831187410587,1.8746781115879831
9116,4.6175,4.8775,0.384824034334764,1.8746781115879831
9117,4.615,4.8775,0.384549356223176,1.8746781115879831
9118,4.6125,4.87875,0.38436623748211735,1.8746781115879831
9119,4.62,4.8775,0.384549356223176,1.8746781115879831
9120,4.6275,4.87875,0.384549356223176,1.8746781115879831
9121,4.6275,4.8775,0.38564806866952794,1.8815450643776825
9122,4.615,4.8775,0.384549356223176,1.8746781115879831
9123,4.615,4.87875,0.38665522174535055,1.8861230329041487
9124,4.62,4.87625,0.3850071530758226,1.8792560801144493
9125,4.6075,4.8775,0.38400000000000006,1.8723891273247497
9126,4.605,4.8775,0.38537339055793995,1.8792560801144493
9127,4.62,4.87875,0.3850071530758226,1.8792560801144493
9128,4.615,4.8775,0.384549356223176,1.8746781115879831
9129,4.63,4.88,0.38436623748211735,1.8746781115879831
9130,4.6225,4.87875,0.3851902718168813,1.8792560801144493
9131,4.605,4.87875,0.3837253218884121,1.8723891273247497
9132,4.63,4.8775,0.38537339055793995,1.8792560801144493
9133,4.61,4.8775,0.3841831187410587,1.8746781115879831
9134,4.6225,4.87875,0.3851902718168813,1.8792560801144493
9135,4.6075,4.8775,0.38564806866952794,1.8815450643776825
9136,4.61,4.8775,0.3841831187410587,1.8746781115879831
9137,4.6025,4.87875,0.3835422031473534,1.8723891273247497
9138,4.625,4.8775,0.3851902718168813,1.8792560801144493
9139,4.625,4.87875,0.38537339055793995,1.8792560801144493
9140,4.6025,4.88,0.3835422031473534,1.8723891273247497
9141,4.6125,4.8775,0.384824034334764,1.8746781115879831
9142,4.625,4.8775,0.38537339055793995,1.8792560801144493
9143,4.61,4.87875,0.3841831187410587,1.8746781115879831
9144,4.61,4.87875,0.3850071530758226,1.8792560801144493
9145,4.6225,4.87875,0.3860143061516452,1.8815450643776825
9146,4.605,4.87625,0.3837253218884121,1.8723891273247497
9147,4.6325,4.8775,0.38436623748211735,1.8746781115879831
9148,4.615,4.8775,0.38207725321888414,1.8632331902718169
9149,4.61,4.885,0.3841831187410587,1.8746781115879831
9150,4.6125,4.88,0.384824034334764,1.8792560801144493
9151,4.6175,4.8775,0.3825350500715308,1.8678111587982833
9152,4.6125,4.87875,0.38436623748211735,1.8746781115879831
9153,4.61,4.87875,0.38400000000000006,1.8746781115879831
9154,4.6125,4.87875,0.3837253218884121,1.8723891273247497
9155,4.6325,4.8775,0.3860143061516452,1.8815450643776825
9156,4.595,4.8775,0.3829012875536481,1.8792560801144493
9157,4.605,4.87875,0.3835422031473534,1.8723891273247497
9158,4.605,4.8775,0.3837253218884121,1.8723891273247497
9159,4.6125,4.8775,0.38436623748211735,1.8746781115879831
9160,4.625,4.87875,0.3851902718168813,1.8792560801144493
9161,4.61,4.87875,0.3841831187410587,1.8746781115879831
9162,4.615,4.87875,0.384549356223176,1.8746781115879831
9163,4.6475,4.87875,0.38400000000000006,1.8746781115879831
9164,4.6275,4.8775,0.38564806866952794,1.8815450643776825
9165,4.6175,4.87875,0.384824034334764,1.8792560801144493
9166,4.6325,4.88,0.38400000000000006,1.8746781115879831
9167,4.615,4.8775,0.384549356223176,1.8746781115879831
9168,4.59,4.87875,0.3825350500715308,1.8678111587982833
9169,4.6325,4.8775,0.38400000000000006,1.8723891273247497
9170,4.6025,4.8775,0.3835422031473534,1.8723891273247497
9171,4.6125,4.88,0.38436623748211735,1.8746781115879831
9172,4.6075,4.87875,0.384824034334764,1.8792560801144493
9173,4.6325,4.87875,0.3860143061516452,1.8815450643776825
9174,4.6175,4.87625,0.384824034334764,1.8746781115879831
9175,4.6175,4.87875,0.3841831187410587,1.8746781115879831
9176,4.5925,4.88,0.38271816881258947,1.8678111587982833
9177,4.63,4.8775,0.3858311874105866,1.8815450643776825
9178,4.6025,4.8775,0.38436623748211735,1.8746781115879831
9179,4.6175,4.87875,0.384824034334764,1.8792560801144493
9180,4.6125,4.87875,0.38436623748211735,1.8746781115879831
9181,4.61,4.8825,0.378964234620887,1.8494992846924179
9182,4.5975,4.87875,0.38436623748211735,1.8746781115879831
9183,4.62,4.8775,0.3850071530758226,1.8792560801144493
9184,4.6025,4.875,0.3568984263233191,1.7396280400572248
9185,4.61,4.8775,0.3868383404864092,1.8861230329041487
9186,4.6025,4.8775,0.3835422031473534,1.8723891273247497
9187,4.61,4.875,0.3652303290414879,1.7808297567954223
9188,4.6175,4.87875,0.384824034334764,1.8792560801144493
9189,4.615,4.87875,0.384549356223176,1.8746781115879831
9190,4.615,4.87875,0.3835422031473534,1.8723891273247497
9191,4.6125,4.87625,0.3858311874105866,1.8815450643776825
9192,4.6225,4.8775,0.3851902718168813,1.8792560801144493
9193,4.6125,4.87875,0.38436623748211735,1.8746781115879831
9194,4.6025,4.8775,0.38665522174535055,1.8861230329041487
9195,4.605,4.88,0.3837253218884121,1.8723891273247497
9196,4.6225,4.87875,0.3851902718168813,1.8792560801144493
9197,4.6075,4.87875,0.3862889842632332,1.8861230329041487
9198,4.62,4.8875,0.3850071530758226,1.8815450643776825
9199,3.8825,4.97125,0.3235708154506438,1.6091559370529327
9200,4.615,4.87875,0.38308440629470675,1.8678111587982833
9201,4.62,4.87875,0.3850071530758226,1.8792560801144493
9202,4.63,4.8775,0.3858311874105866,1.8815450643776825
9203,4.6275,4.87875,0.3841831187410587,1.8746781115879831
9204,4.6125,4.88,0.38436623748211735,1.8746781115879831
9205,2.2825,5.065,0.19016881258941346,0.9636623748211732
9206,2.0125,5.0875,0.16691273247496424,0.8469241773962805
9207,2.2475,5.06625,0.1873304721030043,0.9499284692417741
9208,2.05,5.08625,0.17084978540772533,0.8698140200286124
9209,2.0125,5.08625,0.17808297567954223,0.9064377682403434
9210,2.01,5.0875,0.16746208869814022,0.8515021459227468
9211,2.11,5.08,0.17579399141630903,0.8927038626609443
9212,2.09,5.07875,0.16892703862660946,0.8583690987124465
9213,2.0025,5.085,0.16691273247496424,0.8469241773962805
9214,2.005,5.08875,0.1670958512160229,0.8515021459227468
9215,3.22,4.985,0.2744034334763949,1.368812589413448
9216,2.3325,5.06625,0.18787982832618028,0.9522174535050073
9217,2.0725,5.0925,0.17268097281831188,0.876680972818312
9218,2.0175,5.08375,0.17249785407725324,0.876680972818312
9219,2.0075,5.0875,0.16663805436337628,0.8469241773962805
9220,2.01,5.08875,0.16746208869814022,0.8515021459227468
9221,2.025,5.0775,0.17918168812589416,0.9110157367668098
9222,1.9025,5.09625,0.15830615164520745,0.8057224606580831
9223,1.9075,5.0975,0.15894706723891275,0.8103004291845495
9224,1.8575,5.1,0.15400286123032905,0.7828326180257512
9225,1.845,5.09875,0.1530872675250358,0.7805436337625179
9226,1.8825,5.09875,0.1568412017167382,0.7988555078683836
9227,1.965,5.09,0.16746208869814022,0.8515021459227468
9228,1.96,5.09125,0.16334191702432047,0.8331902718168813
9229,1.9425,5.0925,0.16187696709585123,0.8240343347639486
9230,1.8875,5.095,0.15729899856938484,0.8034334763948499
9231,1.9075,5.09625,0.15940486409155938,0.8148783977110158
9232,1.865,5.0975,0.15537625178826897,0.7919885550786839
9233,1.885,5.09625,0.1571158798283262,0.8034334763948499
9234,1.8975,5.09625,0.15372818311874106,0.7828326180257512
9235,1.85,5.1,0.15418597997138772,0.7874105865522176
9236,1.84,5.1,0.15336194563662375,0.7828326180257512
9237,1.835,5.09875,0.1564749642346209,0.7988555078683836
9238,1.88,5.0975,0.15665808297567957,0.7988555078683836
9239,1.8775,5.0975,0.1564749642346209,0.7988555078683836
9240,1.8375,5.09875,0.15372818311874106,0.7828326180257512
9241,1.8475,5.1,0.15400286123032905,0.7828326180257512
9242,1.895,5.09375,0.15793991416309014,0.8057224606580831
9243,1.9275,5.0875,0.16416595135908443,0.8354792560801145
9244,1.9675,5.0925,0.16398283261802576,0.8354792560801145
9245,1.95,5.09,0.16251788268955653,0.8286123032904149
9246,1.9,5.09625,0.15830615164520745,0.8057224606580831
9247,1.85,5.09625,0.15418597997138772,0.7874105865522176
9248,1.87,5.09875,0.1558340486409156,0.7942775393419171
9249,1.9025,5.09625,0.15858082975679544,0.8057224606580831
9250,1.8825,5.09875,0.1568412017167382,0.7988555078683836
9251,1.85,5.0925,0.15418597997138772,0.7828326180257512
9252,1.8375,5.09875,0.15336194563662375,0.7828326180257512
9253,1.8475,5.1,0.15455221745350503,0.7874105865522176
9254,1.8375,5.09875,0.1530872675250358,0.7805436337625179
9255,1.875,5.095,0.15766523605150215,0.8034334763948499
9256,1.8875,5.09625,0.15913018597997142,0.8103004291845495
9257,1.93,5.0925,0.16086981402002862,0.817167381974249
9258,1.9075,5.09375,0.16352503576537913,0.8331902718168813
9259,1.9125,5.09375,0.16022889842632335,0.817167381974249
9260,1.955,5.095,0.16288412017167384,0.8286123032904149
9261,1.9525,5.0875,0.1574821173104435,0.8034334763948499
9262,1.9375,5.09875,0.1525379113018598,0.7759656652360516
9263,1.865,5.1,0.15537625178826897,0.7919885550786839
9264,1.8425,5.10125,0.15336194563662375,0.7828326180257512
9265,1.865,5.1,0.1581230329041488,0.8057224606580831
9266,1.885,5.0975,0.1571158798283262,0.8034334763948499
9267,1.865,5.09375,0.15537625178826897,0.7919885550786839
9268,1.84,5.10125,0.154826895565093,0.7919885550786839
9269,1.8525,5.1,0.15436909871244636,0.7874105865522176
9270,1.865,5.09875,0.15537625178826897,0.7919885550786839
9271,1.8625,5.0975,0.1587639484978541,0.8103004291845495
9272,1.925,5.08875,0.160412017167382,0.817167381974249
9273,1.935,5.09375,0.16123605150214593,0.8217453505007154
9274,1.905,5.09625,0.15830615164520745,0.8057224606580831
9275,1.93,5.095,0.16086981402002862,0.8217453505007154
9276,1.9475,5.09375,0.16233476394849788,0.8240343347639486
9277,1.8575,5.0975,0.16517310443490701,0.8446351931330472
9278,1.855,5.1,0.15455221745350503,0.7874105865522176
9279,1.85,5.1,0.15418597997138772,0.7874105865522176
9280,1.8425,5.09875,0.154826895565093,0.7874105865522176
9281,1.8925,5.09625,0.15766523605150215,0.8034334763948499
9282,1.92,5.095,0.16004577968526468,0.8148783977110158
9283,1.8475,5.1,0.15354506437768242,0.7828326180257512
9284,1.845,5.1,0.15372818311874106,0.7828326180257512
9285,1.8475,5.1,0.15400286123032905,0.7828326180257512
9286,1.85,5.0975,0.15913018597997142,0.8103004291845495
9287,2.1475,5.07875,0.1789985693848355,0.9064377682403434
9288,1.91,5.09625,0.15913018597997142,0.8103004291845495
9289,1.8925,5.09625,0.15958798283261805,0.8148783977110158
9290,1.9025,5.09625,0.15913018597997142,0.8103004291845495
9291,1.9325,5.095,0.1610529327610873,0.8217453505007154
9292,1.8825,5.095,0.1530872675250358,0.7805436337625179
9293,1.8375,5.10125,0.15372818311874106,0.7828326180257512
9294,1.84,5.1,0.15336194563662375,0.7828326180257512
9295,1.8425,5.1,0.15336194563662375,0.7828326180257512
9296,1.8425,5.1,0.15940486409155938,0.8148783977110158
9297,1.94,5.09625,0.16169384835479259,0.8240343347639486
9298,1.91,5.1,0.15436909871244636,0.7874105865522176
9299,1.8425,5.09875,0.15290414878397712,0.7805436337625179
9300,1.84,5.1,0.15336194563662375,0.7828326180257512
9301,1.865,5.09875,0.15537625178826897,0.7988555078683836
9302,1.905,5.095,0.1581230329041488,0.8057224606580831
9303,1.9125,5.09375,0.15940486409155938,0.8148783977110158
9304,1.9425,5.0925,0.16187696709585123,0.8240343347639486
9305,1.99,5.0925,0.16004577968526468,0.8148783977110158
9306,1.9,5.095,0.15830615164520745,0.8057224606580831
9307,1.8675,5.0925,0.15565092989985696,0.7919885550786839
9308,1.85,5.09875,0.15830615164520745,0.8057224606580831
9309,1.92,5.095,0.16004577968526468,0.8148783977110158
9310,1.8425,5.0975,0.15354506437768242,0.7828326180257512
9311,1.8475,5.09875,0.1530872675250358,0.7805436337625179
9312,1.8275,5.09875,0.15226323319027182,0.7759656652360516
9313,1.855,5.0975,0.15455221745350503,0.7874105865522176
9314,1.875,5.0975,0.160412017167382,0.817167381974249
9315,1.8625,5.1025,0.15519313304721033,0.7919885550786839
9316,1.8325,5.0975,0.15272103004291848,0.7805436337625179
9317,1.925,5.095,0.16123605150214593,0.8217453505007154
9318,1.915,5.09625,0.15958798283261805,0.8148783977110158
9319,1.94,5.09375,0.16169384835479259,0.8240343347639486
9320,1.955,5.09,0.15958798283261805,0.8148783977110158
9321,1.9075,5.09625,0.15894706723891275,0.8103004291845495
9322,1.8525,5.10125,0.15436909871244636,0.7874105865522176
9323,1.8425,5.10125,0.1574821173104435,0.8034334763948499
9324,1.8525,5.0975,0.1568412017167382,0.7988555078683836
9325,1.8875,5.09625,0.15729899856938484,0.8034334763948499
9326,1.835,5.10125,0.15501001430615166,0.7919885550786839
9327,1.85,5.1,0.15455221745350503,0.7874105865522176
9328,1.86,5.10125,0.15501001430615166,0.7919885550786839
9329,1.8575,5.09875,0.15958798283261805,0.8148783977110158
9330,1.86,5.09875,0.15766523605150215,0.8034334763948499
9331,3.265,4.99125,0.2721144492131617,1.357367668097282
9332,3.25,4.98,0.28062947067238914,1.3985693848354794
9333,3.3675,4.9825,0.27998855507868387,1.393991416309013
9334,1.9925,5.09125,0.16599713876967098,0.8446351931330472
9335,1.9025,5.095,0.1648068669527897,0.8400572246065808
9336,1.9075,5.095,0.16059513590844066,0.817167381974249
9337,1.9175,5.095,0.1597711015736767,0.8148783977110158
9338,1.91,5.0925,0.15913018597997142,0.8217453505007154
9339,1.85,5.09875,0.15766523605150215,0.8034334763948499
9340,1.885,5.1,0.1571158798283262,0.8034334763948499
9341,1.8575,5.1,0.154826895565093,0.7919885550786839
9342,1.865,5.0975,0.1568412017167382,0.7988555078683836
9343,1.89,5.09875,0.1574821173104435,0.8034334763948499
9344,1.865,5.1,0.15537625178826897,0.7919885550786839
9345,1.855,5.10125,0.1568412017167382,0.7988555078683836
9346,1.8625,5.1,0.15519313304721033,0.7919885550786839
9347,1.9075,5.095,0.15894706723891275,0.8103004291845495
9348,1.9225,5.0925,0.16352503576537913,0.8331902718168813
9349,1.92,5.095,0.16004577968526468,0.8148783977110158
9350,1.9075,5.09375,0.15894706723891275,0.8103004291845495
9351,1.9025,5.0925,0.16059513590844066,0.817167381974249
9352,1.8825,5.09625,0.1568412017167382,0.7988555078683836
9353,1.875,5.10125,0.15629184549356226,0.7988555078683836
9354,1.8675,5.095,0.15766523605150215,0.8034334763948499
9355,1.8675,5.09875,0.15565092989985696,0.7942775393419171
9356,1.86,5.1,0.15501001430615166,0.7919885550786839
9357,1.8575,5.0975,0.1564749642346209,0.7988555078683836
9358,1.865,5.09875,0.15537625178826897,0.7919885550786839
9359,1.865,5.09875,0.15537625178826897,0.7919885550786839
9360,1.8525,5.09875,0.15894706723891275,0.8103004291845495
9361,1.85,5.09875,0.15665808297567957,0.7988555078683836
9362,1.9375,5.0925,0.1614191702432046,0.8217453505007154
9363,1.95,5.09,0.15830615164520745,0.8057224606580831
9364,1.935,5.09125,0.16086981402002862,0.817167381974249
9365,1.93,5.09375,0.16086981402002862,0.817167381974249
9366,1.935,5.09,0.15766523605150215,0.8034334763948499
9367,1.865,5.0975,0.15565092989985696,0.7942775393419171
9368,1.9275,5.0975,0.16059513590844066,0.817167381974249
9369,1.87,5.09625,0.1581230329041488,0.8057224606580831
9370,1.8675,5.0975,0.15418597997138772,0.7874105865522176
9371,1.8925,5.0975,0.15766523605150215,0.8034334763948499
9372,1.8775,5.0975,0.1525379113018598,0.7759656652360516
9373,1.8875,5.0975,0.15290414878397712,0.7805436337625179
9374,1.89,5.0975,0.1574821173104435,0.8034334763948499
9375,1.895,5.10125,0.15793991416309014,0.8057224606580831
9376,1.88,5.0975,0.1530872675250358,0.7805436337625179
9377,1.905,5.09,0.1587639484978541,0.8057224606580831
9378,1.98,5.0775,0.16498998569384837,0.8354792560801145
9379,1.9325,5.09375,0.1587639484978541,0.8103004291845495
9380,1.895,5.09,0.15793991416309014,0.8034334763948499
9381,1.9325,5.09375,0.1610529327610873,0.8217453505007154
9382,1.9025,5.1,0.15272103004291848,0.7805436337625179
9383,1.84,5.09875,0.15336194563662375,0.7828326180257512
9384,1.845,5.09625,0.15372818311874106,0.7828326180257512
9385,1.8775,5.1,0.15354506437768242,0.7828326180257512
9386,1.8375,5.09875,0.1530872675250358,0.7805436337625179
9387,1.85,5.09625,0.15418597997138772,0.7874105865522176
9388,1.8675,5.10125,0.15418597997138772,0.7874105865522176
9389,1.8425,5.10125,0.15354506437768242,0.7828326180257512
9390,1.835,5.09625,0.15290414878397712,0.7805436337625179
9391,1.8475,5.1,0.1525379113018598,0.7759656652360516
9392,1.8975,5.09375,0.1581230329041488,0.8057224606580831
9393,1.8975,5.09375,0.1581230329041488,0.8057224606580831
9394,1.8975,5.095,0.15830615164520745,0.8057224606580831
9395,1.895,5.095,0.15793991416309014,0.8057224606580831
9396,1.9025,5.09625,0.15858082975679544,0.8057224606580831
9397,1.8625,5.09875,0.1558340486409156,0.7942775393419171
9398,1.845,5.09875,0.15290414878397712,0.7805436337625179
9399,1.825,5.09875,0.15208011444921318,0.7759656652360516
9400,1.8425,5.0975,0.15858082975679544,0.8103004291845495
9401,1.8425,5.1,0.15372818311874106,0.7828326180257512
9402,1.8325,5.09875,0.15272103004291848,0.7805436337625179
9403,1.8425,5.1,0.15354506437768242,0.7828326180257512
9404,1.8425,5.1,0.15272103004291848,0.7805436337625179
9405,1.835,5.1,0.15290414878397712,0.7805436337625179
9406,1.8375,5.10125,0.1530872675250358,0.7805436337625179
9407,1.9025,5.095,0.15729899856938484,0.8034334763948499
9408,1.9075,5.09375,0.15894706723891275,0.8103004291845495
9409,1.9,5.09375,0.1581230329041488,0.8057224606580831
9410,1.9,5.095,0.15830615164520745,0.8057224606580831
9411,1.8975,5.09625,0.1581230329041488,0.8057224606580831
9412,1.84,5.1,0.15336194563662375,0.7828326180257512
9413,1.84,5.10125,0.15354506437768242,0.7828326180257512
9414,1.845,5.10125,0.15372818311874106,0.7828326180257512
9415,1.8375,5.10125,0.1530872675250358,0.7805436337625179
9416,1.8525,5.1,0.15336194563662375,0.7828326180257512
9417,1.8475,5.10125,0.15400286123032905,0.7828326180257512
9418,1.8425,5.1025,0.15354506437768242,0.7828326180257512
9419,1.8425,5.1,0.1530872675250358,0.7805436337625179
9420,1.8325,5.10125,0.15272103004291848,0.7805436337625179
9421,1.8625,5.1,0.15519313304721033,0.7919885550786839
9422,1.9025,5.09125,0.1568412017167382,0.7988555078683836
9423,1.9025,5.095,0.15858082975679544,0.8057224606580831
9424,1.9,5.0975,0.15830615164520745,0.8057224606580831
9425,1.915,5.095,0.1581230329041488,0.8057224606580831
9426,1.9425,5.09625,0.16187696709585123,0.8240343347639486
9427,1.85,5.1,0.15418597997138772,0.7874105865522176
9428,1.83,5.1,0.15830615164520745,0.8057224606580831
9429,1.8425,5.10125,0.15354506437768242,0.7828326180257512
9430,1.8475,5.1,0.15400286123032905,0.7828326180257512
9431,1.8425,5.1,0.15418597997138772,0.7874105865522176
9432,1.83,5.09875,0.1525379113018598,0.7759656652360516
9433,1.8425,5.09875,0.15354506437768242,0.7828326180257512
9434,1.8225,5.10125,0.15372818311874106,0.7828326180257512
9435,1.8675,5.09875,0.15940486409155938,0.8148783977110158
9436,1.84,5.10125,0.15336194563662375,0.7828326180257512
9437,1.905,5.095,0.16288412017167384,0.8286123032904149
9438,1.905,5.09625,0.1574821173104435,0.8034334763948499
9439,1.8925,5.09375,0.15766523605150215,0.8034334763948499
9440,1.88,5.09625,0.1581230329041488,0.8057224606580831
9441,1.8925,5.09625,0.1581230329041488,0.8057224606580831
9442,1.855,5.09875,0.15455221745350503,0.7874105865522176
9443,1.845,5.1025,0.1530872675250358,0.7805436337625179
9444,1.825,5.1,0.1525379113018598,0.7759656652360516
9445,1.8375,5.1,0.1530872675250358,0.7805436337625179
9446,1.835,5.10125,0.15336194563662375,0.7828326180257512
9447,1.8375,5.1,0.15208011444921318,0.7759656652360516
9448,1.855,5.10125,0.15455221745350503,0.7874105865522176
9449,1.8125,5.09875,0.15107296137339057,0.769098712446352
9450,1.825,5.1,0.15290414878397712,0.7805436337625179
9451,1.97,5.09875,0.16416595135908443,0.8354792560801145
9452,1.8925,5.0975,0.15766523605150215,0.8034334763948499
9453,1.8925,5.0975,0.15830615164520745,0.8057224606580831
9454,1.87,5.095,0.1558340486409156,0.7942775393419171
9455,1.8875,5.09375,0.15729899856938484,0.8034334763948499
9456,1.88,5.09625,0.1574821173104435,0.8034334763948499
9457,1.8325,5.1,0.15272103004291848,0.7805436337625179
9458,1.86,5.10125,0.15501001430615166,0.7919885550786839
9459,1.855,5.09625,0.15958798283261805,0.8148783977110158
9460,1.8375,5.09875,0.1530872675250358,0.7805436337625179
9461,1.835,5.10125,0.15290414878397712,0.7805436337625179
9462,1.8475,5.09625,0.15208011444921318,0.7759656652360516
9463,1.8225,5.1,0.15189699570815451,0.7759656652360516
9464,1.8475,5.1,0.15400286123032905,0.7828326180257512
9465,1.8625,5.09875,0.15858082975679544,0.8103004291845495
9466,1.825,5.1,0.15208011444921318,0.7759656652360516
9467,1.91,5.09875,0.15913018597997142,0.8103004291845495
9468,1.9,5.095,0.15665808297567957,0.7988555078683836
9469,2.04,5.08625,0.1700257510729614,0.8652360515021461
9470,1.88,5.095,0.15665808297567957,0.7988555078683836
9471,1.89,5.09625,0.1574821173104435,0.8034334763948499
9472,1.8525,5.09875,0.15537625178826897,0.7919885550786839
9473,1.85,5.10125,0.15418597997138772,0.7874105865522176
9474,1.8375,5.1,0.1525379113018598,0.7759656652360516
9475,1.8475,5.1,0.15418597997138772,0.7874105865522176
9476,1.8425,5.1,0.15354506437768242,0.7828326180257512
9477,1.8525,5.10125,0.1530872675250358,0.7805436337625179
9478,1.85,5.09875,0.1597711015736767,0.8148783977110158
9479,1.8475,5.1,0.15400286123032905,0.7828326180257512
9480,1.855,5.09625,0.15766523605150215,0.8034334763948499
9481,1.825,5.10125,0.1530872675250358,0.7805436337625179
9482,2.065,5.085,0.1720400572246066,0.8743919885550788
9483,1.9275,5.0925,0.16059513590844066,0.8240343347639486
9484,1.8975,5.09625,0.15894706723891275,0.8103004291845495
9485,1.9025,5.0975,0.15858082975679544,0.8103004291845495
9486,1.89,5.09625,0.1574821173104435,0.8034334763948499
9487,1.84,5.1,0.15290414878397712,0.7805436337625179
9488,1.87,5.09875,0.1558340486409156,0.7942775393419171
9489,1.8375,5.10125,0.1530872675250358,0.7805436337625179
9490,1.8325,5.1,0.15400286123032905,0.7828326180257512
9491,1.83,5.10125,0.1525379113018598,0.7759656652360516
9492,1.8425,5.1,0.15354506437768242,0.7828326180257512
9493,1.8375,5.09875,0.15354506437768242,0.7828326180257512
9494,1.8375,5.10125,0.1530872675250358,0.7805436337625179
9495,1.8425,5.10125,0.15354506437768242,0.7828326180257512
9496,1.85,5.0975,0.15940486409155938,0.8148783977110158
9497,1.89,5.09375,0.1574821173104435,0.8034334763948499
9498,1.915,5.09625,0.15958798283261805,0.8148783977110158
9499,1.9,5.09625,0.1627010014306152,0.8286123032904149
9500,1.8975,5.095,0.1581230329041488,0.8057224606580831
9501,1.9,5.095,0.15830615164520745,0.8057224606580831
9502,1.835,5.09875,0.15189699570815451,0.7759656652360516
9503,1.8525,5.0975,0.15436909871244636,0.7874105865522176
9504,1.8475,5.10125,0.15400286123032905,0.7828326180257512
9505,1.8375,5.1,0.15290414878397712,0.7805436337625179
9506,1.835,5.1,0.15290414878397712,0.7805436337625179
9507,1.84,5.10125,0.15336194563662375,0.7828326180257512
9508,1.835,5.09875,0.15913018597997142,0.8103004291845495
9509,1.84,5.1,0.15400286123032905,0.7828326180257512
9510,1.87,5.10125,0.1558340486409156,0.7942775393419171
9511,1.835,5.1,0.15400286123032905,0.7828326180257512
9512,1.895,5.09625,0.15766523605150215,0.8034334763948499
9513,1.8925,5.095,0.15766523605150215,0.8034334763948499
9514,1.8875,5.09625,0.15913018597997142,0.8103004291845495
9515,1.8875,5.0975,0.1581230329041488,0.8057224606580831
9516,3.0675,4.96625,0.2556337625178827,1.2703862660944207
9517,3.9775,4.9275,0.32897281831187414,1.620600858369099
9518,3.9375,4.9325,0.3304377682403434,1.632045779685265
9519,4.6075,4.8775,0.38400000000000006,1.8723891273247497
9520,4.6175,4.8775,0.384824034334764,1.8723891273247497
9521,4.605,4.88,0.38436623748211735,1.8746781115879831
9522,4.625,4.87875,0.38537339055793995,1.8792560801144493
9523,4.6225,4.8775,0.3851902718168813,1.8792560801144493
9524,4.62,4.8775,0.3850071530758226,1.8792560801144493
9525,4.6125,4.8775,0.38436623748211735,1.8746781115879831
9526,4.62,4.88,0.3850071530758226,1.8792560801144493
9527,4.6075,4.87875,0.3850071530758226,1.8792560801144493
9528,4.6075,4.87875,0.38400000000000006,1.8746781115879831
9529,4.6225,4.8775,0.3851902718168813,1.8792560801144493
9530,4.595,4.87875,0.38436623748211735,1.8746781115879831
9531,4.61,4.8775,0.3841831187410587,1.8746781115879831
9532,4.6075,4.8775,0.38400000000000006,1.8723891273247497
9533,4.625,4.87875,0.3851902718168813,1.8792560801144493
9534,4.63,4.8775,0.3858311874105866,1.8815450643776825
9535,4.615,4.87625,0.384549356223176,1.8746781115879831
9536,4.615,4.87875,0.38400000000000006,1.8746781115879831
9537,4.6125,4.8775,0.38436623748211735,1.8746781115879831
9538,4.6125,4.87875,0.38436623748211735,1.8746781115879831
9539,4.62,4.8775,0.3862889842632332,1.8815450643776825
9540,4.605,4.88,0.3837253218884121,1.8723891273247497
9541,4.6275,4.87875,0.38564806866952794,1.8815450643776825
9542,4.63,4.88,0.38537339055793995,1.8792560801144493
9543,4.615,4.87875,0.3860143061516452,1.8815450643776825
9544,4.62,4.8775,0.3850071530758226,1.8792560801144493
9545,4.6175,4.87875,0.3864721030042919,1.8861230329041487
9546,4.6225,4.87875,0.3851902718168813,1.8792560801144493
9547,4.6225,4.87875,0.3851902718168813,1.8792560801144493
9548,4.6275,4.87875,0.384549356223176,1.8746781115879831
9549,4.625,4.8775,0.384824034334764,1.8746781115879831
9550,4.6225,4.87625,0.3851902718168813,1.8792560801144493
9551,4.62,4.8775,0.3860143061516452,1.8815450643776825
9552,4.62,4.8775,0.3864721030042919,1.8861230329041487
9553,4.6325,4.87625,0.3860143061516452,1.8815450643776825
9554,4.6175,4.87875,0.38564806866952794,1.8815450643776825
9555,4.615,4.8775,0.3860143061516452,1.8815450643776825
9556,4.63,4.87875,0.3858311874105866,1.8815450643776825
9557,4.63,4.8775,0.3858311874105866,1.8815450643776825
9558,4.6225,4.8775,0.3862889842632332,1.8815450643776825
9559,4.625,4.87875,0.38537339055793995,1.8792560801144493
9560,4.6175,4.87875,0.384824034334764,1.8792560801144493
9561,4.6175,4.87875,0.3862889842632332,1.8861230329041487
9562,4.6225,4.8775,0.3851902718168813,1.8792560801144493
9563,4.63,4.8775,0.3858311874105866,1.8815450643776825
9564,4.6175,4.8775,0.3871130185979972,1.8861230329041487
9565,4.62,4.87625,0.3850071530758226,1.8792560801144493
9566,4.6225,4.8775,0.3851902718168813,1.8792560801144493
9567,4.6325,4.8775,0.38665522174535055,1.8861230329041487
9568,4.645,4.87625,0.3871130185979972,1.8861230329041487
9569,4.63,4.8775,0.3858311874105866,1.8815450643776825
9570,4.635,4.8775,0.3858311874105866,1.8815450643776825
9571,4.625,4.8775,0.38537339055793995,1.8792560801144493
9572,4.6225,4.87875,0.3851902718168813,1.8792560801144493
9573,4.655,4.8775,0.38537339055793995,1.8792560801144493
9574,4.6325,4.87875,0.3860143061516452,1.8815450643776825
9575,4.6325,4.8775,0.3860143061516452,1.8815450643776825
9576,4.6425,4.8775,0.3858311874105866,1.8815450643776825
9577,4.6225,4.87625,0.3851902718168813,1.8792560801144493
9578,4.6225,4.87875,0.3851902718168813,1.8792560801144493
9579,4.635,4.87625,0.38400000000000006,1.8723891273247497
9580,4.6225,4.8775,0.3851902718168813,1.8792560801144493
9581,4.65,4.8775,0.38747925608011446,1.8907010014306151
9582,4.6175,4.87625,0.3872961373390558,1.8907010014306151
9583,4.6275,4.87875,0.38665522174535055,1.8861230329041487
9584,4.6275,4.87625,0.38564806866952794,1.8792560801144493
9585,4.62,4.87875,0.3860143061516452,1.8815450643776825
9586,4.6225,4.8775,0.3858311874105866,1.8815450643776825
9587,4.66,4.87625,0.38830329041487843,1.8929899856938486
9588,4.6125,4.8775,0.38564806866952794,1.8815450643776825
9589,4.62,4.8775,0.38564806866952794,1.8815450643776825
9590,4.64,4.87625,0.38665522174535055,1.8861230329041487
9591,4.6125,4.8775,0.3868383404864092,1.8861230329041487
9592,4.6275,4.8775,0.384824034334764,1.8746781115879831
9593,4.615,4.87625,0.384549356223176,1.8746781115879831
9594,4.6275,4.87625,0.38564806866952794,1.8815450643776825
9595,4.6275,4.87625,0.38335908440629474,1.8678111587982833
9596,4.6325,4.8775,0.3860143061516452,1.8815450643776825
9597,4.6375,4.8775,0.3864721030042919,1.8861230329041487
9598,4.625,4.8775,0.3862889842632332,1.8815450643776825
9599,4.6475,4.87875,0.3872961373390558,1.8907010014306151
9600,4.63,4.88,0.3858311874105866,1.8815450643776825
9601,4.6175,4.8775,0.3864721030042919,1.8861230329041487
9602,4.63,4.8775,0.3858311874105866,1.8815450643776825
9603,4.625,4.8775,0.38537339055793995,1.8792560801144493
9604,4.625,4.8775,0.3868383404864092,1.8861230329041487
9605,4.6375,4.8775,0.3864721030042919,1.8861230329041487
9606,4.6275,4.87625,0.38564806866952794,1.8792560801144493
9607,4.625,4.8775,0.3864721030042919,1.8861230329041487
9608,4.64,4.8775,0.38665522174535055,1.8861230329041487
9609,4.63,4.87625,0.3858311874105866,1.8815450643776825
9610,4.6275,4.8775,0.384549356223176,1.8746781115879831
9611,4.625,4.8775,0.38537339055793995,1.8792560801144493
9612,4.6275,4.8775,0.38564806866952794,1.8815450643776825
9613,4.625,4.87625,0.3858311874105866,1.8815450643776825
9614,4.625,4.87875,0.38537339055793995,1.8792560801144493
9615,4.625,4.87625,0.38537339055793995,1.8792560801144493
9616,4.635,4.8775,0.384824034334764,1.8746781115879831
9617,4.635,4.8775,0.3850071530758226,1.8792560801144493
9618,4.635,4.87625,0.3862889842632332,1.8815450643776825
9619,4.6325,4.87625,0.3860143061516452,1.8815450643776825
9620,4.6325,4.8775,0.3860143061516452,1.8815450643776825
9621,4.6225,4.8775,0.3851902718168813,1.8792560801144493
9622,4.635,4.8775,0.3864721030042919,1.8861230329041487
9623,4.6225,4.8775,0.3858311874105866,1.8815450643776825
9624,4.6375,4.8775,0.3864721030042919,1.8861230329041487
9625,4.6525,4.875,0.3851902718168813,1.8792560801144493
9626,4.63,4.87875,0.3862889842632332,1.8861230329041487
9627,4.6375,4.8775,0.3864721030042919,1.8861230329041487
9628,4.645,4.8775,0.38537339055793995,1.8792560801144493
9629,4.6125,4.87625,0.384824034334764,1.8746781115879831
9630,4.635,4.8775,0.3862889842632332,1.8815450643776825
9631,4.6375,4.8775,0.3864721030042919,1.8861230329041487
9632,4.645,4.87625,0.3862889842632332,1.8815450643776825
9633,4.6225,4.8775,0.3851902718168813,1.8792560801144493
9634,4.6325,4.8775,0.3860143061516452,1.8815450643776825
9635,4.6725,4.87625,0.38537339055793995,1.8792560801144493
9636,4.635,4.8775,0.3862889842632332,1.8815450643776825
9637,4.6325,4.87625,0.3860143061516452,1.8815450643776825
9638,3.68,4.92,0.38537339055793995,1.897567954220315
9639,4.635,4.87625,0.3862889842632332,1.8815450643776825
9640,4.645,4.87875,0.3871130185979972,1.8907010014306151
9641,4.62,4.8775,0.3862889842632332,1.8815450643776825
9642,4.635,4.8775,0.3862889842632332,1.8815450643776825
9643,4.6275,4.87625,0.38564806866952794,1.8792560801144493
9644,4.6275,4.87625,0.3864721030042919,1.8861230329041487
9645,4.64,4.87625,0.38665522174535055,1.8861230329041487
9646,4.615,4.87625,0.384549356223176,1.8746781115879831
9647,4.6225,4.87625,0.38400000000000006,1.8723891273247497
9648,4.64,4.8775,0.38665522174535055,1.8861230329041487
9649,4.645,4.8775,0.3871130185979972,1.8861230329041487
9650,4.5875,4.8775,0.38042918454935626,1.8563662374821175
9651,4.63,4.88,0.38537339055793995,1.8792560801144493
9652,4.615,4.87625,0.384549356223176,1.8746781115879831
9653,4.59,4.88,0.38564806866952794,1.8815450643776825
9654,4.5875,4.8775,0.3851902718168813,1.8792560801144493
9655,4.63,4.87625,0.3858311874105866,1.8815450643776825
9656,4.6075,4.87625,0.3850071530758226,1.8792560801144493
9657,4.6275,4.88,0.3860143061516452,1.8815450643776825
9658,4.5975,4.88125,0.38308440629470675,1.8723891273247497
9659,4.5925,4.87875,0.3835422031473534,1.8723891273247497
9660,4.61,4.88125,0.38436623748211735,1.8746781115879831
9661,4.435,4.88625,0.3696251788268956,1.8082975679542206
9662,4.6225,4.87875,0.3835422031473534,1.8723891273247497
9663,4.62,4.87875,0.38400000000000006,1.8746781115879831
9664,4.595,4.88,0.3829012875536481,1.8678111587982833
9665,4.6125,4.88,0.38436623748211735,1.8746781115879831
9666,4.595,4.88,0.384549356223176,1.8746781115879831
9667,4.61,4.88,0.3841831187410587,1.8746781115879831
9668,4.6075,4.88375,0.38400000000000006,1.8746781115879831
9669,4.6,4.8775,0.3858311874105866,1.8815450643776825
9670,4.5925,4.88,0.38271816881258947,1.8678111587982833
9671,4.61,4.87875,0.3841831187410587,1.8746781115879831
9672,4.6175,4.8775,0.38308440629470675,1.8678111587982833
9673,4.595,4.88125,0.3829012875536481,1.8678111587982833
9674,4.575,4.88,0.3812532188841202,1.860944206008584
9675,4.6075,4.88,0.3825350500715308,1.8678111587982833
9676,4.6125,4.88,0.38436623748211735,1.8746781115879831
9677,4.585,4.88,0.38207725321888414,1.8632331902718169
9678,4.6075,4.87875,0.38308440629470675,1.8678111587982833
9679,4.62,4.8825,0.3850071530758226,1.8792560801144493
9680,4.6125,4.8775,0.38436623748211735,1.8746781115879831
9681,4.595,4.87875,0.3851902718168813,1.8792560801144493
9682,4.6075,4.88,0.38400000000000006,1.8746781115879831
9683,4.6025,4.87875,0.3835422031473534,1.8723891273247497
9684,4.655,4.87375,0.3371216022889843,1.6434907010014308
9685,4.6,4.88,0.38335908440629474,1.8723891273247497
9686,4.615,4.8775,0.384549356223176,1.8746781115879831
9687,4.605,4.87875,0.38564806866952794,1.8815450643776825
9688,4.6125,4.88125,0.38436623748211735,1.8746781115879831
9689,4.5975,4.88,0.38308440629470675,1.8678111587982833
9690,4.6025,4.8775,0.3860143061516452,1.8815450643776825
9691,3.735,4.9,0.3837253218884121,1.8792560801144493
9692,4.5875,4.87875,0.38226037195994284,1.8632331902718169
9693,4.6275,4.87625,0.3829012875536481,1.8678111587982833
9694,4.6475,4.87875,0.38207725321888414,1.8632331902718169
9695,4.6375,4.8775,0.3864721030042919,1.8861230329041487
9696,4.6125,4.87875,0.3862889842632332,1.8861230329041487
9697,4.61,4.8775,0.3835422031473534,1.8723891273247497
9698,4.605,4.88,0.3837253218884121,1.8723891273247497
9699,4.6,4.88,0.3829012875536481,1.8678111587982833
9700,4.61,4.88125,0.3850071530758226,1.8792560801144493
9701,4.5975,4.87875,0.38308440629470675,1.8678111587982833
9702,4.6175,4.88,0.384824034334764,1.8746781115879831
9703,4.6125,4.87875,0.38308440629470675,1.8678111587982833
9704,4.6225,4.88,0.3851902718168813,1.8792560801144493
9705,4.615,4.8775,0.384549356223176,1.8746781115879831
9706,4.6175,4.88,0.3850071530758226,1.8792560801144493
9707,4.6125,4.88,0.38436623748211735,1.8746781115879831
9708,4.6,4.87875,0.38335908440629474,1.8723891273247497
9709,4.6125,4.88,0.3850071530758226,1.8792560801144493
9710,4.6125,4.8775,0.38436623748211735,1.8746781115879831
9711,4.615,4.87875,0.384549356223176,1.8746781115879831
9712,4.6075,4.8775,0.3825350500715308,1.8678111587982833
9713,4.6175,4.87875,0.384824034334764,1.8792560801144493
9714,4.605,4.88,0.3837253218884121,1.8723891273247497
9715,4.6175,4.87875,0.3860143061516452,1.8815450643776825
9716,4.62,4.87875,0.3850071530758226,1.8792560801144493
9717,4.6325,4.87875,0.3860143061516452,1.8815450643776825
9718,4.615,4.88,0.3837253218884121,1.8723891273247497
9719,4.585,4.8775,0.38207725321888414,1.8632331902718169
9720,4.5925,4.87875,0.38271816881258947,1.8678111587982833
9721,4.6175,4.88,0.37997138769670963,1.8517882689556513
9722,4.6025,4.88,0.3835422031473534,1.8723891273247497
9723,4.605,4.8775,0.3837253218884121,1.8723891273247497
9724,4.62,4.88125,0.3841831187410587,1.8746781115879831
9725,4.61,4.8775,0.38537339055793995,1.8792560801144493
9726,4.595,4.8775,0.3829012875536481,1.8678111587982833
9727,4.61,4.87875,0.3837253218884121,1.8723891273247497
9728,4.62,4.87875,0.3858311874105866,1.8815450643776825
9729,3.9375,4.87625,0.32814878397711017,1.6022889842632333
9730,4.6225,4.87875,0.38271816881258947,1.8678111587982833
9731,4.625,4.87875,0.384549356223176,1.8746781115879831
9732,4.6125,4.87875,0.38436623748211735,1.8746781115879831
9733,4.6275,4.8775,0.3850071530758226,1.8792560801144493
9734,4.6175,4.87875,0.38335908440629474,1.8723891273247497
9735,4.615,4.87875,0.384549356223176,1.8746781115879831
9736,4.6025,4.87875,0.38564806866952794,1.8815450643776825
9737,4.615,4.8775,0.3860143061516452,1.8815450643776825
9738,4.6175,4.88,0.384824034334764,1.8792560801144493
9739,4.605,4.88,0.3837253218884121,1.8792560801144493
9740,4.6225,4.87875,0.3872961373390558,1.8907010014306151
9741,4.615,4.87875,0.384549356223176,1.8746781115879831
9742,4.62,4.8775,0.3850071530758226,1.8792560801144493
9743,4.64,4.8775,0.38226037195994284,1.8632331902718169
9744,4.6225,4.87875,0.3851902718168813,1.8792560801144493
9745,4.6075,4.87875,0.38400000000000006,1.8746781115879831
9746,4.6025,4.88125,0.3858311874105866,1.8815450643776825
9747,4.62,4.87875,0.3850071530758226,1.8792560801144493
9748,4.62,4.88,0.3850071530758226,1.8792560801144493
9749,4.625,4.8775,0.38226037195994284,1.8632331902718169
9750,4.605,4.87875,0.3837253218884121,1.8723891273247497
9751,4.605,4.8775,0.3837253218884121,1.8723891273247497
9752,4.6125,4.87875,0.379788268955651,1.8517882689556513
9753,4.5775,4.87875,0.38143633762517887,1.860944206008584
9754,4.6175,4.895,0.384824034334764,1.8815450643776825
9755,3.8975,4.8825,0.3812532188841202,1.860944206008584
9756,4.5875,4.87875,0.38226037195994284,1.8632331902718169
9757,4.6,4.87875,0.38335908440629474,1.8723891273247497
9758,4.61,4.8775,0.3835422031473534,1.8723891273247497
9759,4.5775,4.87625,0.38143633762517887,1.860944206008584
9760,4.5675,4.87625,0.3806123032904149,1.8563662374821175
9761,4.615,4.88125,0.384824034334764,1.8792560801144493
9762,4.61,4.87875,0.38171101573676686,1.8632331902718169
9763,4.595,4.88,0.3829012875536481,1.8678111587982833
9764,4.61,4.88125,0.3837253218884121,1.8723891273247497
9765,4.6225,4.87875,0.38335908440629474,1.8723891273247497
9766,3.6775,4.97,0.3064492131616595,1.5221745350500717
9767,4.0825,4.8775,0.38436623748211735,1.8746781115879831
9768,4.62,4.88,0.38436623748211735,1.8746781115879831
9769,4.61,4.88,0.3841831187410587,1.8746781115879831
9770,4.6,4.8775,0.38400000000000006,1.8723891273247497
9771,4.6,4.88,0.38308440629470675,1.8678111587982833
9772,4.57,4.87875,0.3807954220314736,1.8563662374821175
9773,4.5925,4.88,0.38537339055793995,1.8792560801144493
9774,4.59,4.87875,0.38436623748211735,1.8746781115879831
9775,4.615,4.87875,0.384549356223176,1.8746781115879831
9776,4.62,4.8775,0.3850071530758226,1.8792560801144493
9777,4.62,4.8775,0.3858311874105866,1.8815450643776825
9778,4.6275,4.8775,0.38564806866952794,1.8815450643776825
9779,4.6025,4.87875,0.3835422031473534,1.8723891273247497
9780,4.605,4.8775,0.3850071530758226,1.8792560801144493
9781,4.6125,4.87875,0.38436623748211735,1.8746781115879831
9782,4.6075,4.8775,0.38400000000000006,1.8723891273247497
9783,4.6375,4.87875,0.3850071530758226,1.8792560801144493
9784,4.625,4.8775,0.38537339055793995,1.8792560801144493
9785,4.6225,4.87875,0.3851902718168813,1.8792560801144493
9786,4.6125,4.87875,0.3851902718168813,1.8792560801144493
9787,4.6225,4.8775,0.3851902718168813,1.8792560801144493
9788,4.6125,4.8775,0.38436623748211735,1.8746781115879831
9789,4.6125,4.8775,0.38537339055793995,1.8792560801144493
9790,4.6225,4.87875,0.3851902718168813,1.8792560801144493
9791,4.62,4.87875,0.3850071530758226,1.8792560801144493
9792,4.615,4.8775,0.38400000000000006,1.8723891273247497
9793,4.6225,4.87875,0.3851902718168813,1.8792560801144493
9794,4.61,4.8775,0.3841831187410587,1.8746781115879831
9795,4.615,4.87875,0.3851902718168813,1.8792560801144493
9796,4.6125,4.87875,0.38436623748211735,1.8746781115879831
9797,4.6325,4.87875,0.3860143061516452,1.8815450643776825
9798,4.63,4.87875,0.3858311874105866,1.8815450643776825
9799,4.6,4.87875,0.3850071530758226,1.8792560801144493
9800,4.6375,4.87875,0.3864721030042919,1.8861230329041487
9801,4.615,4.87625,0.3851902718168813,1.8792560801144493
9802,4.6175,4.87875,0.3862889842632332,1.8861230329041487
9803,4.6225,4.8775,0.3851902718168813,1.8792560801144493
9804,4.5975,4.8775,0.384824034334764,1.8746781115879831
9805,4.625,4.8775,0.384824034334764,1.8746781115879831
9806,4.62,4.8775,0.3850071530758226,1.8792560801144493
9807,4.6025,4.87875,0.384549356223176,1.8746781115879831
9808,4.625,4.8775,0.384824034334764,1.8746781115879831
9809,4.6175,4.87625,0.384824034334764,1.8746781115879831
9810,4.6225,4.8775,0.384549356223176,1.8746781115879831
9811,4.6125,4.87875,0.384549356223176,1.8746781115879831
9812,4.6225,4.8775,0.3851902718168813,1.8792560801144493
9813,4.615,4.8775,0.384549356223176,1.8746781115879831
9814,4.615,4.87875,0.3864721030042919,1.8861230329041487
9815,4.6325,4.8775,0.3860143061516452,1.8815450643776825
9816,4.615,4.8775,0.384549356223176,1.8746781115879831
9817,4.6325,4.8775,0.3837253218884121,1.8723891273247497
9818,4.6175,4.87875,0.384824034334764,1.8792560801144493
9819,4.615,4.8775,0.384549356223176,1.8746781115879831
9820,4.625,4.8775,0.38564806866952794,1.8815450643776825
9821,4.6225,4.87625,0.3851902718168813,1.8792560801144493
9822,4.635,4.8775,0.3862889842632332,1.8815450643776825
9823,4.6225,4.8775,0.3850071530758226,1.8792560801144493
9824,4.6125,4.87875,0.38436623748211735,1.8746781115879831
9825,4.6125,4.87875,0.38436623748211735,1.8746781115879831
9826,4.6175,4.8775,0.3858311874105866,1.8815450643776825
9827,4.625,4.87875,0.38537339055793995,1.8792560801144493
9828,4.6175,4.8775,0.384824034334764,1.8746781115879831
9829,4.6025,4.87875,0.3860143061516452,1.8815450643776825
9830,4.6175,4.8775,0.384824034334764,1.8746781115879831
9831,4.6375,4.8775,0.3864721030042919,1.8861230329041487
9832,4.625,4.8775,0.384824034334764,1.8746781115879831
9833,4.61,4.8775,0.3841831187410587,1.8746781115879831
9834,4.635,4.8775,0.3862889842632332,1.8815450643776825
9835,4.625,4.88,0.3850071530758226,1.8792560801144493
9836,4.62,4.8775,0.3860143061516452,1.8815450643776825
9837,4.6075,4.87875,0.38400000000000006,1.8746781115879831
9838,4.6225,4.87875,0.3864721030042919,1.8861230329041487
9839,4.6275,4.8775,0.384824034334764,1.8746781115879831
9840,4.605,4.8775,0.3837253218884121,1.8723891273247497
9841,4.6225,4.8775,0.38400000000000006,1.8723891273247497
9842,4.6175,4.8775,0.3858311874105866,1.8815450643776825
9843,4.61,4.8775,0.3841831187410587,1.8746781115879831
9844,4.6225,4.87875,0.38564806866952794,1.8815450643776825
9845,4.6225,4.8775,0.3837253218884121,1.8723891273247497
9846,4.6175,4.87875,0.384824034334764,1.8792560801144493
9847,4.6275,4.87875,0.3851902718168813,1.8792560801144493
9848,4.6175,4.8775,0.38436623748211735,1.8746781115879831
9849,4.6225,4.87875,0.3851902718168813,1.8792560801144493
9850,4.625,4.8775,0.38537339055793995,1.8792560801144493
9851,4.6175,4.8775,0.3851902718168813,1.8792560801144493
9852,4.625,4.8775,0.38537339055793995,1.8792560801144493
9853,4.63,4.8775,0.3858311874105866,1.8815450643776825
9854,4.635,4.8775,0.384824034334764,1.8746781115879831
9855,4.625,4.8775,0.38537339055793995,1.8792560801144493
9856,4.6075,4.8775,0.38400000000000006,1.8723891273247497
9857,4.6375,4.87625,0.3850071530758226,1.8792560801144493
9858,4.62,4.87875,0.3850071530758226,1.8792560801144493
9859,4.625,4.8775,0.38537339055793995,1.8792560801144493
9860,4.6325,4.87875,0.38400000000000006,1.8746781115879831
9861,4.63,4.87625,0.3858311874105866,1.8815450643776825
9862,4.6325,4.8775,0.3860143061516452,1.8815450643776825
9863,4.6475,4.8775,0.3862889842632332,1.8815450643776825
9864,4.6225,4.8775,0.3851902718168813,1.8792560801144493
9865,4.6025,4.87875,0.3835422031473534,1.8723891273247497
9866,4.595,4.88,0.3837253218884121,1.8723891273247497
9867,4.62,4.8775,0.3850071530758226,1.8792560801144493
9868,4.625,4.8775,0.38537339055793995,1.8792560801144493
9869,4.635,4.87875,0.38564806866952794,1.8815450643776825
9870,4.63,4.87875,0.3858311874105866,1.8815450643776825
9871,4.6325,4.8775,0.3860143061516452,1.8815450643776825
9872,4.62,4.8775,0.3837253218884121,1.8723891273247497
9873,4.63,4.8775,0.38335908440629474,1.8723891273247497
9874,4.625,4.87875,0.38537339055793995,1.8792560801144493
9875,4.6175,4.87875,0.3851902718168813,1.8792560801144493
9876,4.62,4.87875,0.384549356223176,1.8746781115879831
9877,4.6225,4.87875,0.3851902718168813,1.8792560801144493
9878,4.6225,4.87875,0.38564806866952794,1.8815450643776825
9879,4.6125,4.8775,0.384824034334764,1.8746781115879831
9880,4.62,4.8775,0.3850071530758226,1.8792560801144493
9881,4.62,4.87875,0.3862889842632332,1.8861230329041487
9882,4.61,4.8775,0.3860143061516452,1.8815450643776825
9883,4.6375,4.8775,0.3864721030042919,1.8861230329041487
9884,4.6275,4.8775,0.38436623748211735,1.8746781115879831
9885,4.625,4.8775,0.3837253218884121,1.8723891273247497
9886,4.5975,4.8775,0.38308440629470675,1.8678111587982833
9887,4.6175,4.8775,0.384824034334764,1.8746781115879831
9888,4.615,4.8775,0.3864721030042919,1.8861230329041487
9889,4.63,4.8775,0.3858311874105866,1.8815450643776825
9890,4.6375,4.8775,0.3864721030042919,1.8861230329041487
9891,4.6125,4.87875,0.3860143061516452,1.8815450643776825
9892,4.6325,4.8775,0.3860143061516452,1.8815450643776825
9893,4.6225,4.8775,0.3851902718168813,1.8792560801144493
9894,4.6175,4.87625,0.38537339055793995,1.8792560801144493
9895,4.63,4.87875,0.3858311874105866,1.8815450643776825
9896,4.62,4.8775,0.3850071530758226,1.8792560801144493
9897,4.62,4.87875,0.3841831187410587,1.8746781115879831
9898,4.615,4.8775,0.384549356223176,1.8746781115879831
9899,4.6175,4.8775,0.384824034334764,1.8746781115879831
9900,4.62,4.8775,0.38537339055793995,1.8792560801144493
9901,4.6175,4.8775,0.384824034334764,1.8746781115879831
9902,4.6125,4.8775,0.38436623748211735,1.8746781115879831
9903,4.6175,4.87625,0.3841831187410587,1.8746781115879831
9904,4.63,4.8775,0.3858311874105866,1.8815450643776825
9905,4.6225,4.8775,0.3851902718168813,1.8792560801144493
9906,4.62,4.8775,0.38537339055793995,1.8792560801144493
9907,4.62,4.8775,0.3850071530758226,1.8792560801144493
9908,4.6275,4.87875,0.38564806866952794,1.8815450643776825
9909,4.6225,4.87625,0.38537339055793995,1.8792560801144493
9910,4.6175,4.87875,0.384824034334764,1.8792560801144493
9911,4.6325,4.87875,0.3860143061516452,1.8815450643776825
9912,4.6325,4.8775,0.3850071530758226,1.8792560801144493
9913,4.6075,4.8775,0.3850071530758226,1.8792560801144493
9914,4.6325,4.87875,0.3860143061516452,1.8815450643776825
9915,4.6225,4.87875,0.38564806866952794,1.8815450643776825
9916,4.625,4.87875,0.3860143061516452,1.8815450643776825
9917,4.6425,4.87625,0.3868383404864092,1.8861230329041487
9918,4.6225,4.8775,0.3858311874105866,1.8815450643776825
9919,4.6475,4.87625,0.3862889842632332,1.8815450643776825
9920,4.635,4.87875,0.3862889842632332,1.8861230329041487
9921,4.6225,4.8775,0.3850071530758226,1.8792560801144493
9922,4.635,4.8775,0.38564806866952794,1.8815450643776825
9923,4.6225,4.87875,0.3851902718168813,1.8792560801144493
9924,4.62,4.87875,0.3850071530758226,1.8792560801144493
9925,4.62,4.87625,0.3860143061516452,1.8815450643776825
9926,4.6175,4.8775,0.384824034334764,1.8746781115879831
9927,4.6225,4.87875,0.3851902718168813,1.8792560801144493
9928,4.6075,4.87875,0.38564806866952794,1.8815450643776825
9929,4.6225,4.87875,0.3851902718168813,1.8792560801144493
9930,4.615,4.8775,0.384549356223176,1.8746781115879831
9931,4.6225,4.8775,0.38564806866952794,1.8815450643776825
9932,4.6325,4.87625,0.3860143061516452,1.8815450643776825
9933,4.61,4.88,0.3841831187410587,1.8746781115879831
9934,4.6275,4.8775,0.38564806866952794,1.8815450643776825
9935,4.625,4.87875,0.38537339055793995,1.8792560801144493
9936,4.62,4.87875,0.3850071530758226,1.8792560801144493
9937,4.6175,4.8775,0.38537339055793995,1.8792560801144493
9938,4.6225,4.87875,0.3851902718168813,1.8792560801144493
9939,4.6225,4.88,0.3851902718168813,1.8792560801144493
9940,4.615,4.8775,0.3851902718168813,1.8792560801144493
9941,4.615,4.8775,0.384549356223176,1.8746781115879831
9942,4.6375,4.87875,0.3864721030042919,1.8861230329041487
9943,4.63,4.8775,0.3850071530758226,1.8792560801144493
9944,4.615,4.8775,0.384549356223176,1.8746781115879831
9945,4.6225,4.8775,0.3851902718168813,1.8792560801144493
9946,4.6325,4.87625,0.3850071530758226,1.8792560801144493
9947,4.6325,4.87875,0.38436623748211735,1.8746781115879831
9948,4.6175,4.87875,0.384824034334764,1.8792560801144493
9949,4.6225,4.87625,0.3862889842632332,1.8815450643776825
9950,4.64,4.8775,0.38436623748211735,1.8746781115879831
9951,4.625,4.87875,0.38537339055793995,1.8792560801144493
9952,4.62,4.87875,0.3858311874105866,1.8815450643776825
9953,4.6325,4.88,0.3841831187410587,1.8746781115879831
9954,4.6375,4.8775,0.3864721030042919,1.8861230329041487
9955,4.6375,4.88125,0.3850071530758226,1.8792560801144493
9956,4.6225,4.88,0.3851902718168813,1.8792560801144493
9957,4.6175,4.8775,0.384824034334764,1.8746781115879831
9958,4.625,4.87625,0.3851902718168813,1.8792560801144493
9959,4.595,4.87625,0.3871130185979972,1.8861230329041487
9960,4.61,4.8775,0.3841831187410587,1.8746781115879831
9961,4.6275,4.8775,0.38564806866952794,1.8815450643776825
9962,4.615,4.8775,0.3862889842632332,1.8815450643776825
9963,4.615,4.8775,0.384549356223176,1.8746781115879831
9964,4.6425,4.88,0.3868383404864092,1.8861230329041487
9965,4.6225,4.87875,0.3860143061516452,1.8815450643776825
9966,4.65,4.8775,0.38747925608011446,1.8907010014306151
9967,4.625,4.8775,0.38537339055793995,1.8792560801144493
9968,4.6175,4.8775,0.384824034334764,1.8746781115879831
9969,4.61,4.8775,0.3841831187410587,1.8746781115879831
9970,4.6275,4.87875,0.38564806866952794,1.8815450643776825
9971,4.63,4.87875,0.3862889842632332,1.8861230329041487
9972,4.62,4.88,0.3850071530758226,1.8792560801144493
9973,4.6475,4.87625,0.3872961373390558,1.8907010014306151
9974,4.6275,4.8775,0.3860143061516452,1.8815450643776825
9975,4.65,4.87625,0.38747925608011446,1.8907010014306151
9976,4.61,4.8775,0.3841831187410587,1.8746781115879831
9977,4.63,4.87875,0.38564806866952794,1.8815450643776825
9978,4.615,4.88,0.384549356223176,1.8746781115879831
9979,4.61,4.8775,0.3841831187410587,1.8746781115879831
9980,4.61,4.87875,0.38564806866952794,1.8815450643776825
9981,4.615,4.8775,0.384549356223176,1.8746781115879831
9982,4.62,4.88,0.3850071530758226,1.8792560801144493
9983,4.635,4.88,0.38436623748211735,1.8746781115879831
9984,4.6175,4.8775,0.3858311874105866,1.8815450643776825
9985,4.605,4.87625,0.3837253218884121,1.8723891273247497
9986,4.6325,4.8775,0.384824034334764,1.8746781115879831
9987,4.6275,4.8775,0.38400000000000006,1.8723891273247497
9988,4.615,4.8775,0.384549356223176,1.8746781115879831
9989,4.6325,4.8775,0.384549356223176,1.8746781115879831
9990,4.6225,4.8775,0.3841831187410587,1.8746781115879831
9991,4.615,4.88,0.384549356223176,1.8746781115879831
9992,4.61,4.8775,0.3850071530758226,1.8792560801144493
9993,4.6275,4.8775,0.384824034334764,1.8746781115879831
9994,4.605,4.875,0.3837253218884121,1.8723891273247497
9995,4.615,4.8775,0.384549356223176,1.8861230329041487
9996,4.6225,4.875,0.3841831187410587,1.8723891273247497
9997,4.6125,4.87875,0.38436623748211735,1.8746781115879831
9998,4.6275,4.88,0.38564806866952794,1.8815450643776825
9999,4.63,4.87625,0.38308440629470675,1.8678111587982833
