Sample,EVM1 VSHUNT Results (mV),EVM1 VBUS Results (V),EVM1 CURRENT Results (A),EVM1 POWER Results (W)
0,4.7775,4.88,0.39919885550786843,1.9456366237482121
1,4.775,4.88,0.39791702432045783,1.9433476394849787
2,4.79,4.88125,0.39919885550786843,1.9502145922746783
3,4.7725,4.88125,0.39919885550786843,1.9502145922746783
4,4.785,4.88125,0.3987410586552218,1.9456366237482121
5,4.7875,4.8825,0.39892417739628044,1.9456366237482121
6,4.785,4.88125,0.39919885550786843,1.9502145922746783
7,4.79,4.88125,0.39919885550786843,1.9502145922746783
8,4.785,4.88125,0.3987410586552218,1.9456366237482121
9,4.775,4.88125,0.3987410586552218,1.9456366237482121
10,4.7825,4.88,0.3985579399141631,1.9456366237482121
11,4.78,4.88,0.39837482117310447,1.9433476394849787
12,4.78,4.8825,0.39892417739628044,1.9456366237482121
13,4.785,4.8825,0.3987410586552218,1.9456366237482121
14,4.7925,4.88125,0.3993819742489271,1.9502145922746783
15,4.785,4.88125,0.3985579399141631,1.9456366237482121
16,4.7825,4.8825,0.3985579399141631,1.9456366237482121
17,4.7875,4.88125,0.39892417739628044,1.9456366237482121
18,4.7775,4.8825,0.4003891273247497,1.9547925608011447
19,4.7875,4.88125,0.39892417739628044,1.9456366237482121
20,4.7875,4.8825,0.39892417739628044,1.9456366237482121
21,4.7925,4.88,0.39791702432045783,1.9433476394849787
22,4.7775,4.8825,0.3977339055793992,1.9433476394849787
23,4.7975,4.88125,0.3997482117310444,1.9502145922746783
24,4.7825,4.8825,0.3997482117310444,1.9502145922746783
25,4.795,4.88,0.39919885550786843,1.9456366237482121
26,4.785,4.88125,0.3987410586552218,1.9456366237482121
27,4.785,4.87875,0.3987410586552218,1.9456366237482121
28,4.79,4.88125,0.3993819742489271,1.9502145922746783
29,4.78,4.88,0.39837482117310447,1.9433476394849787
30,4.785,4.88,0.3981001430615165,1.9433476394849787
31,4.7875,4.88,0.3977339055793992,1.9433476394849787
32,4.785,4.8825,0.3987410586552218,1.9456366237482121
33,4.795,4.88125,0.3969098712446352,1.9387696709585123
34,4.7725,4.88125,0.3995650929899857,1.9502145922746783
35,4.795,4.88125,0.3995650929899857,1.9502145922746783
36,4.77,4.88,0.39837482117310447,1.9433476394849787
37,4.785,4.88125,0.39919885550786843,1.9502145922746783
38,4.785,4.88125,0.3987410586552218,1.9456366237482121
39,4.7775,4.88125,0.3981001430615165,1.9433476394849787
40,4.785,4.88,0.3987410586552218,1.9456366237482121
41,4.7825,4.88125,0.3985579399141631,1.9456366237482121
42,4.785,4.8825,0.3987410586552218,1.9456366237482121
43,4.785,4.88125,0.3987410586552218,1.9456366237482121
44,4.7975,4.8825,0.3997482117310444,1.9502145922746783
45,4.7775,4.88125,0.3981001430615165,1.9433476394849787
46,4.7975,4.88125,0.3977339055793992,1.9433476394849787
47,4.785,4.8825,0.3987410586552218,1.9456366237482121
48,4.785,4.88,0.3987410586552218,1.9456366237482121
49,4.79,4.88125,0.3987410586552218,1.9456366237482121
50,4.79,4.88125,0.39919885550786843,1.9502145922746783
51,4.7725,4.88,0.3977339055793992,1.9433476394849787
52,4.7975,4.88125,0.3974592274678112,1.9387696709585123
53,4.7775,4.88125,0.3981001430615165,1.9433476394849787
54,4.78,4.88125,0.39837482117310447,1.9456366237482121
55,4.7825,4.88,0.3985579399141631,1.9456366237482121
56,4.775,4.8825,0.39791702432045783,1.9433476394849787
57,4.8075,4.88125,0.40066380543633767,1.9547925608011447
58,4.79,4.88125,0.39791702432045783,1.9433476394849787
59,4.7775,4.88,0.3981001430615165,1.9433476394849787
60,4.7925,4.88,0.3993819742489271,1.9502145922746783
61,4.7925,4.88125,0.3987410586552218,1.9456366237482121
62,4.7925,4.88125,0.3993819742489271,1.9502145922746783
63,4.7925,4.88125,0.3993819742489271,1.9502145922746783
64,4.795,4.88125,0.39727610872675256,1.9387696709585123
65,4.7725,4.88,0.39919885550786843,1.9456366237482121
66,4.7925,4.88125,0.3993819742489271,1.9502145922746783
67,4.79,4.88125,0.39727610872675256,1.9387696709585123
68,4.7725,4.88,0.39919885550786843,1.9456366237482121
69,4.795,4.88125,0.3995650929899857,1.9502145922746783
70,4.78,4.8825,0.3993819742489271,1.9502145922746783
71,4.7875,4.8825,0.40020600858369104,1.9547925608011447
72,4.7975,4.88125,0.3997482117310444,1.9502145922746783
73,4.795,4.88125,0.39837482117310447,1.9456366237482121
74,4.7875,4.88125,0.39892417739628044,1.9456366237482121
75,4.785,4.88125,0.3987410586552218,1.9456366237482121
76,4.7925,4.88125,0.4003891273247497,1.9547925608011447
77,4.795,4.8825,0.3987410586552218,1.9456366237482121
78,4.795,4.8825,0.3995650929899857,1.9502145922746783
79,4.7975,4.8825,0.3997482117310444,1.9341917024320459
80,4.79,4.88125,0.39837482117310447,1.9456366237482121
81,4.7875,4.8825,0.39892417739628044,1.9456366237482121
82,4.79,4.88125,0.39919885550786843,1.9502145922746783
83,4.8,4.88125,0.3993819742489271,1.9502145922746783
84,4.7775,4.88125,0.3981001430615165,1.9433476394849787
85,4.775,4.88,0.39791702432045783,1.9433476394849787
86,4.785,4.88125,0.3997482117310444,1.9502145922746783
87,4.7825,4.88125,0.3985579399141631,1.9456366237482121
88,4.7925,4.88125,0.3993819742489271,1.9502145922746783
89,4.7825,4.88125,0.40002288984263235,1.9547925608011447
90,4.7775,4.88125,0.3981001430615165,1.9433476394849787
91,4.785,4.88,0.3987410586552218,1.9456366237482121
92,4.7875,4.88,0.39919885550786843,1.9456366237482121
93,4.79,4.88125,0.39919885550786843,1.9502145922746783
94,4.7975,4.88125,0.3997482117310444,1.9502145922746783
95,4.7725,4.88125,0.4003891273247497,1.9547925608011447
96,4.7825,4.88,0.3985579399141631,1.9456366237482121
97,4.7725,4.8825,0.3977339055793992,1.9433476394849787
98,4.795,4.88125,0.3987410586552218,1.9456366237482121
99,4.795,4.88,0.3995650929899857,1.9502145922746783
100,4.785,4.88125,0.3987410586552218,1.9456366237482121
101,4.7875,4.88125,0.3987410586552218,1.9456366237482121
102,4.7975,4.88125,0.3997482117310444,1.9502145922746783
103,4.785,4.88125,0.3987410586552218,1.9456366237482121
104,4.7975,4.88,0.39837482117310447,1.9433476394849787
105,4.78,4.8825,0.39837482117310447,1.9456366237482121
106,4.79,4.88125,0.39919885550786843,1.9502145922746783
107,4.78,4.8825,0.39727610872675256,1.9387696709585123
108,4.7775,4.88125,0.3993819742489271,1.9502145922746783
109,4.7775,4.8825,0.3981001430615165,1.9433476394849787
110,4.79,4.88125,0.3995650929899857,1.9502145922746783
111,4.7825,4.88,0.3981001430615165,1.9433476394849787
112,4.7825,4.88125,0.3985579399141631,1.9456366237482121
113,4.7775,4.88125,0.3969098712446352,1.9387696709585123
114,4.785,4.8825,0.3981001430615165,1.9433476394849787
115,4.8025,4.8825,0.40020600858369104,1.9547925608011447
116,4.7825,4.88,0.3981001430615165,1.9433476394849787
117,4.7775,4.88125,0.40148783977110164,1.9616595135908441
118,4.7775,4.88125,0.3981001430615165,1.9433476394849787
119,4.7775,4.88125,0.3985579399141631,1.9456366237482121
120,4.7875,4.88125,0.39791702432045783,1.9433476394849787
121,4.7825,4.88125,0.3985579399141631,1.9456366237482121
122,4.79,4.88125,0.39919885550786843,1.9502145922746783
123,4.7925,4.88,0.3981001430615165,1.9433476394849787
124,4.79,4.88125,0.39919885550786843,1.9502145922746783
125,4.78,4.88,0.39837482117310447,1.9433476394849787
126,4.785,4.88125,0.3987410586552218,1.9456366237482121
127,4.775,4.88,0.39791702432045783,1.9433476394849787
128,4.78,4.88125,0.39837482117310447,1.9456366237482121
129,4.7975,4.88125,0.3969098712446352,1.9387696709585123
130,4.775,4.88125,0.39791702432045783,1.9433476394849787
131,4.7925,4.88125,0.3993819742489271,1.9502145922746783
132,4.7825,4.8825,0.3977339055793992,1.9433476394849787
133,4.7875,4.8825,0.39892417739628044,1.9456366237482121
134,4.8025,4.88,0.40020600858369104,1.9547925608011447
135,4.775,4.88125,0.39791702432045783,1.9433476394849787
136,4.785,4.88125,0.3987410586552218,1.9456366237482121
137,4.7875,4.88125,0.39892417739628044,1.9456366237482121
138,4.7925,4.88125,0.40103004291845495,1.9570815450643777
139,4.7925,4.88,0.3993819742489271,1.9502145922746783
140,4.7875,4.88125,0.39892417739628044,1.9456366237482121
141,4.7825,4.88125,0.4008469241773963,1.9570815450643777
142,4.8025,4.88125,0.40020600858369104,1.9547925608011447
143,4.785,4.88,0.3987410586552218,1.9456366237482121
144,4.785,4.88125,0.3981001430615165,1.9433476394849787
145,4.7775,4.8825,0.3981001430615165,1.9433476394849787
146,4.79,4.8825,0.39919885550786843,1.9502145922746783
147,4.7775,4.8825,0.40020600858369104,1.9547925608011447
148,4.78,4.88125,0.39837482117310447,1.9456366237482121
149,4.7825,4.88,0.3985579399141631,1.9456366237482121
150,4.78,4.88125,0.39791702432045783,1.9433476394849787
151,4.7825,4.88,0.3995650929899857,1.9502145922746783
152,4.78,4.88125,0.39837482117310447,1.9456366237482121
153,4.795,4.88,0.3987410586552218,1.9456366237482121
154,4.78,4.88125,0.3995650929899857,1.9502145922746783
155,4.7825,4.88125,0.3985579399141631,1.9456366237482121
156,4.7875,4.87875,0.39919885550786843,1.9456366237482121
157,4.785,4.88125,0.3985579399141631,1.9456366237482121
158,4.7875,4.88125,0.39892417739628044,1.9456366237482121
159,4.795,4.8825,0.40020600858369104,1.9547925608011447
160,4.7925,4.88125,0.3964520743919886,1.9341917024320459
161,4.79,4.88125,0.39919885550786843,1.9502145922746783
162,4.78,4.88125,0.3987410586552218,1.9456366237482121
163,4.795,4.88125,0.39709298998569387,1.9387696709585123
164,4.8,4.88,0.40002288984263235,1.9547925608011447
165,4.79,4.88125,0.39919885550786843,1.9456366237482121
166,4.775,4.88,0.3969098712446352,1.9341917024320459
167,4.7775,4.88125,0.3981001430615165,1.9433476394849787
168,4.8025,4.8825,0.40020600858369104,1.9547925608011447
169,4.7825,4.8825,0.3981001430615165,1.9433476394849787
170,4.7925,4.88125,0.3993819742489271,1.9502145922746783
171,4.7975,4.88,0.3997482117310444,1.9502145922746783
172,4.7875,4.8825,0.39919885550786843,1.9502145922746783
173,4.7825,4.88125,0.3985579399141631,1.9456366237482121
174,4.7825,4.88125,0.3985579399141631,1.9456366237482121
175,4.7925,4.88125,0.39791702432045783,1.9433476394849787
176,4.79,4.88125,0.39919885550786843,1.9502145922746783
177,4.78,4.88125,0.39837482117310447,1.9456366237482121
178,4.8025,4.88125,0.3985579399141631,1.9456366237482121
179,4.7925,4.88125,0.3993819742489271,1.9502145922746783
180,4.7775,4.88125,0.3981001430615165,1.9433476394849787
181,4.7825,4.88125,0.3987410586552218,1.9456366237482121
182,4.7875,4.88,0.39892417739628044,1.9456366237482121
183,4.785,4.8825,0.3987410586552218,1.9456366237482121
184,4.79,4.8825,0.39919885550786843,1.9502145922746783
185,4.7925,4.88125,0.3993819742489271,1.9502145922746783
186,4.7725,4.88,0.3977339055793992,1.9433476394849787
187,4.795,4.87875,0.39663519313304724,1.9341917024320459
188,4.7875,4.88125,0.39892417739628044,1.9456366237482121
189,4.7975,4.88125,0.3997482117310444,1.9502145922746783
190,4.7975,4.88125,0.3993819742489271,1.9502145922746783
191,4.79,4.8825,0.39919885550786843,1.9502145922746783
192,4.7775,4.88125,0.3981001430615165,1.9433476394849787
193,4.7875,4.87875,0.39892417739628044,1.9456366237482121
194,4.7825,4.8825,0.39892417739628044,1.9456366237482121
195,4.79,4.88,0.39919885550786843,1.9456366237482121
196,4.7975,4.88125,0.3997482117310444,1.9502145922746783
197,4.7925,4.8825,0.3985579399141631,1.9456366237482121
198,4.7875,4.88125,0.39892417739628044,1.9456366237482121
199,4.7875,4.88,0.3985579399141631,1.9456366237482121
200,4.7775,4.88,0.3987410586552218,1.9456366237482121
201,4.7825,4.88125,0.3985579399141631,1.9456366237482121
202,4.7825,4.8825,0.39709298998569387,1.9387696709585123
203,4.79,4.8825,0.39791702432045783,1.9433476394849787
204,4.7975,4.88125,0.3997482117310444,1.9502145922746783
205,4.785,4.88125,0.39837482117310447,1.9456366237482121
206,4.7925,4.88,0.39791702432045783,1.9433476394849787
207,4.785,4.88125,0.3987410586552218,1.9456366237482121
208,4.795,4.88125,0.3995650929899857,1.9502145922746783
209,4.7875,4.8825,0.40002288984263235,1.9547925608011447
210,4.7825,4.88125,0.3985579399141631,1.9456366237482121
211,4.78,4.88125,0.39837482117310447,1.9456366237482121
212,4.78,4.88125,0.39919885550786843,1.9502145922746783
213,4.79,4.8825,0.39919885550786843,1.9502145922746783
214,4.7725,4.8825,0.3977339055793992,1.9433476394849787
215,4.7875,4.88,0.3985579399141631,1.9456366237482121
216,4.785,4.88,0.3987410586552218,1.9456366237482121
217,4.7825,4.88125,0.3985579399141631,1.9456366237482121
218,4.795,4.88125,0.40020600858369104,1.9547925608011447
219,4.785,4.88125,0.3987410586552218,1.9456366237482121
220,4.7825,4.8825,0.3985579399141631,1.9456366237482121
221,4.7875,4.88,0.3993819742489271,1.9502145922746783
222,4.7775,4.8825,0.3981001430615165,1.9433476394849787
223,4.7875,4.88125,0.39892417739628044,1.9456366237482121
224,4.7825,4.88,0.3997482117310444,1.9502145922746783
225,4.7975,4.88,0.3997482117310444,1.9502145922746783
226,4.79,4.88125,0.39919885550786843,1.9502145922746783
227,4.785,4.8825,0.39892417739628044,1.9456366237482121
228,4.7775,4.87875,0.3981001430615165,1.9433476394849787
229,4.78,4.88125,0.39837482117310447,1.9456366237482121
230,4.795,4.88125,0.3974592274678112,1.9387696709585123
231,4.7875,4.88125,0.39892417739628044,1.9456366237482121
232,4.7925,4.88125,0.3993819742489271,1.9502145922746783
233,4.795,4.88125,0.39837482117310447,1.9456366237482121
234,4.78,4.88,0.3981001430615165,1.9433476394849787
235,4.785,4.88125,0.3987410586552218,1.9456366237482121
236,4.785,4.88125,0.3977339055793992,1.9433476394849787
237,4.7925,4.8825,0.40002288984263235,1.9547925608011447
238,4.775,4.88125,0.39791702432045783,1.9433476394849787
239,4.7925,4.88125,0.39727610872675256,1.9387696709585123
240,4.78,4.88,0.40002288984263235,1.9547925608011447
241,4.7925,4.88125,0.3993819742489271,1.9502145922746783
242,4.795,4.88,0.39892417739628044,1.9456366237482121
243,4.78,4.88,0.39892417739628044,1.9456366237482121
244,4.7825,4.88,0.3985579399141631,1.9456366237482121
245,4.79,4.88125,0.3995650929899857,1.9502145922746783
246,4.775,4.88125,0.3997482117310444,1.9502145922746783
247,4.785,4.8825,0.3987410586552218,1.9456366237482121
248,4.8025,4.88,0.39608583690987126,1.9319027181688129
249,4.7875,4.8825,0.39791702432045783,1.9433476394849787
250,4.7725,4.88125,0.3977339055793992,1.9433476394849787
251,4.795,4.8825,0.3995650929899857,1.9502145922746783
252,4.7825,4.88125,0.39919885550786843,1.9502145922746783
253,4.7875,4.8825,0.39892417739628044,1.9456366237482121
254,4.7825,4.8825,0.3985579399141631,1.9456366237482121
255,4.7875,4.88125,0.3985579399141631,1.9456366237482121
256,4.785,4.88125,0.3987410586552218,1.9456366237482121
257,4.7825,4.88,0.3985579399141631,1.9456366237482121
258,4.78,4.88125,0.3987410586552218,1.9456366237482121
259,4.7825,4.88,0.3985579399141631,1.9456366237482121
260,4.795,4.88125,0.3995650929899857,1.9502145922746783
261,4.7925,4.88,0.3997482117310444,1.9502145922746783
262,4.8,4.88125,0.40002288984263235,1.9547925608011447
263,4.79,4.88125,0.39919885550786843,1.9502145922746783
264,4.7925,4.88125,0.3987410586552218,1.9456366237482121
265,4.7925,4.88125,0.3993819742489271,1.9502145922746783
266,4.7825,4.88,0.3985579399141631,1.9456366237482121
267,4.7775,4.88125,0.3987410586552218,1.9456366237482121
268,4.785,4.88125,0.3987410586552218,1.9456366237482121
269,4.79,4.8825,0.39919885550786843,1.9502145922746783
270,4.79,4.88125,0.3974592274678112,1.9387696709585123
271,4.79,4.88125,0.39919885550786843,1.9502145922746783
272,4.7825,4.88125,0.3985579399141631,1.9456366237482121
273,4.7975,4.8825,0.40002288984263235,1.9547925608011447
274,4.7825,4.88125,0.3985579399141631,1.9456366237482121
275,4.7875,4.88125,0.39892417739628044,1.9456366237482121
276,4.7875,4.88125,0.40148783977110164,1.9616595135908441
277,4.7925,4.88125,0.3995650929899857,1.9502145922746783
278,4.7925,4.88125,0.3993819742489271,1.9502145922746783
279,4.7775,4.88125,0.4021287553648069,1.9616595135908441
280,4.7825,4.88,0.39837482117310447,1.9433476394849787
281,4.7925,4.88125,0.3993819742489271,1.9502145922746783
282,4.7825,4.88,0.40148783977110164,1.9570815450643777
283,4.7975,4.88,0.39892417739628044,1.9456366237482121
284,4.7975,4.88,0.3997482117310444,1.9502145922746783
285,4.7725,4.8825,0.3995650929899857,1.9502145922746783
286,4.8,4.88125,0.39837482117310447,1.9456366237482121
287,4.7925,4.88,0.3993819742489271,1.9502145922746783
288,4.7825,4.8825,0.39727610872675256,1.9387696709585123
289,4.7925,4.88,0.3993819742489271,1.9502145922746783
290,4.79,4.88125,0.39919885550786843,1.9502145922746783
291,4.7925,4.88125,0.39709298998569387,1.9387696709585123
292,4.7975,4.8825,0.39837482117310447,1.9456366237482121
293,4.81,4.88,0.4008469241773963,1.9570815450643777
294,4.78,4.88125,0.39837482117310447,1.9456366237482121
295,4.785,4.88,0.3987410586552218,1.9456366237482121
296,4.785,4.8825,0.3987410586552218,1.9456366237482121
297,4.7875,4.88,0.39892417739628044,1.9456366237482121
298,4.7875,4.88,0.39892417739628044,1.9456366237482121
299,4.7775,4.8825,0.3981001430615165,1.9433476394849787
300,4.8025,4.88125,0.40020600858369104,1.9547925608011447
301,4.7925,4.88375,0.39791702432045783,1.9433476394849787
302,4.7875,4.88125,0.39892417739628044,1.9456366237482121
303,4.795,4.88,0.3995650929899857,1.9502145922746783
304,4.79,4.88,0.39919885550786843,1.9456366237482121
305,4.7825,4.8825,0.3985579399141631,1.9456366237482121
306,4.7875,4.88,0.39892417739628044,1.9456366237482121
307,4.8025,4.88,0.3993819742489271,1.9502145922746783
308,4.7725,4.88125,0.3977339055793992,1.9433476394849787
309,4.79,4.88125,0.39919885550786843,1.9502145922746783
310,4.7775,4.8825,0.40002288984263235,1.9547925608011447
311,4.77,4.8825,0.3974592274678112,1.9387696709585123
312,4.7875,4.88125,0.39892417739628044,1.9456366237482121
313,4.775,4.88125,0.39791702432045783,1.9433476394849787
314,4.775,4.88,0.39791702432045783,1.9433476394849787
315,4.7925,4.88,0.3993819742489271,1.9502145922746783
316,4.7875,4.88,0.40066380543633767,1.9547925608011447
317,4.7875,4.8825,0.39892417739628044,1.9456366237482121
318,4.7925,4.88125,0.3993819742489271,1.9502145922746783
319,4.785,4.8825,0.3977339055793992,1.9433476394849787
320,4.7875,4.88,0.3987410586552218,1.9456366237482121
321,4.7975,4.8825,0.3997482117310444,1.9502145922746783
322,4.8,4.8825,0.39892417739628044,1.9456366237482121
323,4.7925,4.88,0.3985579399141631,1.9456366237482121
324,4.795,4.88125,0.3995650929899857,1.9502145922746783
325,4.7775,4.88125,0.4018540772532189,1.9616595135908441
326,4.79,4.8825,0.3985579399141631,1.9456366237482121
327,4.79,4.8825,0.39919885550786843,1.9502145922746783
328,4.79,4.88125,0.3987410586552218,1.9456366237482121
329,4.79,4.88,0.3985579399141631,1.9456366237482121
330,4.785,4.88125,0.3987410586552218,1.9456366237482121
331,4.78,4.88125,0.39791702432045783,1.9433476394849787
332,4.7825,4.88125,0.3993819742489271,1.9502145922746783
333,4.7825,4.88125,0.3985579399141631,1.9456366237482121
334,4.7875,4.88125,0.3974592274678112,1.9387696709585123
335,4.7825,4.8825,0.3993819742489271,1.9502145922746783
336,4.7925,4.88125,0.3993819742489271,1.9502145922746783
337,4.8075,4.88,0.40066380543633767,1.9570815450643777
338,4.7775,4.8825,0.3993819742489271,1.9502145922746783
339,4.795,4.88125,0.3995650929899857,1.9502145922746783
340,4.7875,4.88,0.39892417739628044,1.9456366237482121
341,4.7825,4.8825,0.3977339055793992,1.9433476394849787
342,4.79,4.88125,0.39919885550786843,1.9502145922746783
343,4.7925,4.88,0.3993819742489271,1.9502145922746783
344,4.78,4.88,0.3981001430615165,1.9433476394849787
345,4.7775,4.8825,0.3981001430615165,1.9433476394849787
346,4.795,4.88,0.3995650929899857,1.9502145922746783
347,4.785,4.88375,0.3995650929899857,1.9502145922746783
348,4.7875,4.88125,0.39892417739628044,1.9456366237482121
349,4.8,4.88125,0.40002288984263235,1.9547925608011447
350,4.7775,4.88125,0.3977339055793992,1.9433476394849787
351,4.79,4.88,0.39919885550786843,1.9456366237482121
352,4.78,4.88125,0.39837482117310447,1.9456366237482121
353,4.77,4.88125,0.3987410586552218,1.9456366237482121
354,4.795,4.88125,0.3995650929899857,1.9502145922746783
355,4.7925,4.88125,0.3993819742489271,1.9502145922746783
356,4.775,4.8825,0.3997482117310444,1.9502145922746783
357,4.775,4.88125,0.39791702432045783,1.9433476394849787
358,4.7925,4.88125,0.3993819742489271,1.9502145922746783
359,4.785,4.88125,0.40020600858369104,1.9547925608011447
360,4.7725,4.88,0.3977339055793992,1.9433476394849787
361,4.795,4.8825,0.3995650929899857,1.9502145922746783
362,4.7925,4.88,0.3987410586552218,1.9456366237482121
363,4.78,4.88,0.4008469241773963,1.9570815450643777
364,4.78,4.8825,0.39837482117310447,1.9456366237482121
365,4.79,4.88125,0.3995650929899857,1.9502145922746783
366,4.785,4.88125,0.3985579399141631,1.9456366237482121
367,4.7825,4.88,0.3985579399141631,1.9456366237482121
368,4.8,4.88,0.39791702432045783,1.9433476394849787
369,4.775,4.88125,0.39892417739628044,1.9456366237482121
370,4.7825,4.87875,0.3985579399141631,1.9433476394849787
371,4.785,4.88,0.40002288984263235,1.9547925608011447
372,4.7825,4.87875,0.3993819742489271,1.9502145922746783
373,4.7725,4.88,0.3977339055793992,1.9433476394849787
374,4.7925,4.88125,0.3987410586552218,1.9456366237482121
375,4.7875,4.88125,0.39892417739628044,1.9456366237482121
376,4.77,4.88125,0.3974592274678112,1.9387696709585123
377,4.785,4.88,0.3987410586552218,1.9433476394849787
378,4.785,4.88125,0.3987410586552218,1.9456366237482121
379,4.7825,4.87875,0.3985579399141631,1.9433476394849787
380,4.7975,4.88125,0.3997482117310444,1.9502145922746783
381,4.785,4.8825,0.3985579399141631,1.9456366237482121
382,4.7825,4.8825,0.3985579399141631,1.9456366237482121
383,4.78,4.88,0.39837482117310447,1.9433476394849787
384,4.775,4.8825,0.3987410586552218,1.9456366237482121
385,4.79,4.88,0.39919885550786843,1.9456366237482121
386,4.795,4.88,0.3995650929899857,1.9502145922746783
387,4.79,4.88125,0.3993819742489271,1.9502145922746783
388,4.78,4.88125,0.39837482117310447,1.9456366237482121
389,4.8075,4.88,0.40066380543633767,1.9547925608011447
390,4.7925,4.8825,0.3981001430615165,1.9433476394849787
391,4.78,4.88125,0.39837482117310447,1.9456366237482121
392,4.7875,4.88125,0.39892417739628044,1.9456366237482121
393,4.785,4.8825,0.39837482117310447,1.9456366237482121
394,4.795,4.88125,0.3995650929899857,1.9502145922746783
395,4.7625,4.88125,0.3969098712446352,1.9387696709585123
396,4.785,4.88,0.39892417739628044,1.9456366237482121
397,4.8,4.88,0.40002288984263235,1.9547925608011447
398,4.7925,4.8825,0.3993819742489271,1.9502145922746783
399,4.775,4.88125,0.39892417739628044,1.9456366237482121
400,4.78,4.88125,0.39837482117310447,1.9456366237482121
401,4.79,4.88125,0.39919885550786843,1.9502145922746783
402,4.7775,4.88125,0.3985579399141631,1.9456366237482121
403,4.785,4.88,0.3987410586552218,1.9456366237482121
404,4.7825,4.88125,0.3985579399141631,1.9456366237482121
405,4.785,4.8825,0.3997482117310444,1.9502145922746783
406,4.7875,4.88125,0.39892417739628044,1.9456366237482121
407,4.795,4.88125,0.3995650929899857,1.9502145922746783
408,4.7775,4.8825,0.4003891273247497,1.9547925608011447
409,4.7975,4.88125,0.3993819742489271,1.9502145922746783
410,4.795,4.88,0.3995650929899857,1.9502145922746783
411,4.78,4.8825,0.3987410586552218,1.9456366237482121
412,4.765,4.88,0.3993819742489271,1.9502145922746783
413,4.795,4.88,0.3995650929899857,1.9502145922746783
414,4.7875,4.88125,0.39919885550786843,1.9502145922746783
415,4.7775,4.88,0.39919885550786843,1.9456366237482121
416,4.7925,4.88,0.3993819742489271,1.9502145922746783
417,4.7925,4.88125,0.3981001430615165,1.9433476394849787
418,4.775,4.88,0.40020600858369104,1.9547925608011447
419,4.7825,4.88125,0.3985579399141631,1.9456366237482121
420,4.7875,4.88125,0.39892417739628044,1.9502145922746783
421,4.8,4.88125,0.3987410586552218,1.9456366237482121
422,4.8,4.88125,0.40002288984263235,1.9547925608011447
423,4.7775,4.88125,0.3981001430615165,1.9433476394849787
424,4.8,4.88125,0.3987410586552218,1.9456366237482121
425,4.7775,4.8825,0.3981001430615165,1.9433476394849787
426,4.7625,4.88,0.3969098712446352,1.9341917024320459
427,4.8025,4.8825,0.39892417739628044,1.9456366237482121
428,4.78,4.88125,0.39837482117310447,1.9456366237482121
429,4.785,4.88125,0.3987410586552218,1.9456366237482121
430,4.7675,4.8825,0.40002288984263235,1.9547925608011447
431,4.7775,4.88125,0.3981001430615165,1.9433476394849787
432,4.7725,4.88,0.3977339055793992,1.9433476394849787
433,4.785,4.8825,0.39892417739628044,1.9456366237482121
434,4.7925,4.88125,0.3993819742489271,1.9502145922746783
435,4.7875,4.88,0.39892417739628044,1.9456366237482121
436,4.7825,4.88,0.3985579399141631,1.9456366237482121
437,4.7925,4.88,0.3993819742489271,1.9502145922746783
438,4.78,4.88125,0.39837482117310447,1.9456366237482121
439,4.8075,4.88125,0.40002288984263235,1.9547925608011447
440,4.7775,4.88125,0.3981001430615165,1.9433476394849787
441,4.8,4.88125,0.40002288984263235,1.9547925608011447
442,4.785,4.8875,0.3993819742489271,1.9502145922746783
443,4.7925,4.88,0.3993819742489271,1.9502145922746783
444,4.8,4.88,0.40002288984263235,1.9547925608011447
445,4.795,4.88,0.3985579399141631,1.9456366237482121
446,4.77,4.88125,0.3974592274678112,1.9387696709585123
447,4.7975,4.88125,0.3997482117310444,1.9502145922746783
448,4.7725,4.88,0.39892417739628044,1.9456366237482121
449,4.7775,4.8825,0.39892417739628044,1.9456366237482121
450,4.7775,4.88,0.3981001430615165,1.9433476394849787
451,4.785,4.88125,0.3987410586552218,1.9456366237482121
452,4.7825,4.8825,0.39727610872675256,1.9387696709585123
453,4.81,4.88125,0.4008469241773963,1.9570815450643777
454,4.8,4.88125,0.39837482117310447,1.9456366237482121
455,4.7725,4.88125,0.3993819742489271,1.9502145922746783
456,4.77,4.88375,0.3974592274678112,1.9433476394849787
457,4.775,4.88,0.39892417739628044,1.9456366237482121
458,4.7575,4.8825,0.39919885550786843,1.9502145922746783
459,4.785,4.88,0.3987410586552218,1.9456366237482121
460,4.7825,4.88,0.39892417739628044,1.9456366237482121
461,4.785,4.8825,0.39892417739628044,1.9456366237482121
462,4.77,4.88125,0.3974592274678112,1.9387696709585123
463,4.7625,4.88,0.3969098712446352,1.9502145922746783
464,4.7875,4.88,0.3995650929899857,1.9502145922746783
465,4.7825,4.88,0.3985579399141631,1.9456366237482121
466,4.805,4.88,0.4003891273247497,1.9547925608011447
467,4.775,4.87875,0.40002288984263235,1.9502145922746783
468,4.775,4.88125,0.39791702432045783,1.9433476394849787
469,4.815,4.88,0.40121316165951365,1.9570815450643777
470,4.7825,4.8825,0.39892417739628044,1.9456366237482121
471,4.7925,4.88125,0.3993819742489271,1.9502145922746783
472,4.7925,4.88,0.3993819742489271,1.9502145922746783
473,4.7825,4.88,0.3985579399141631,1.9456366237482121
474,4.7775,4.88,0.3981001430615165,1.9433476394849787
475,4.7725,4.88,0.3977339055793992,1.9433476394849787
476,4.7975,4.88125,0.39892417739628044,1.9456366237482121
477,4.79,4.88,0.39919885550786843,1.9456366237482121
478,4.8,4.88,0.40002288984263235,1.9547925608011447
479,4.79,4.88125,0.40002288984263235,1.9547925608011447
480,4.7925,4.88125,0.3993819742489271,1.9502145922746783
481,4.7925,4.8825,0.3993819742489271,1.9502145922746783
482,4.78,4.88125,0.3981001430615165,1.9433476394849787
483,4.8,4.88,0.40002288984263235,1.9547925608011447
484,4.775,4.88125,0.39791702432045783,1.9433476394849787
485,4.7675,4.88125,0.3981001430615165,1.9433476394849787
486,4.79,4.88125,0.39919885550786843,1.9502145922746783
487,4.7875,4.88,0.39892417739628044,1.9456366237482121
488,4.775,4.8825,0.3997482117310444,1.9502145922746783
489,4.7625,4.8825,0.3969098712446352,1.9387696709585123
490,4.7625,4.88125,0.3969098712446352,1.9387696709585123
491,4.765,4.88125,0.3985579399141631,1.9456366237482121
492,4.7875,4.88,0.3997482117310444,1.9502145922746783
493,4.8,4.88125,0.40002288984263235,1.9547925608011447
494,4.7625,4.88125,0.39919885550786843,1.9502145922746783
495,4.79,4.88,0.39791702432045783,1.9433476394849787
496,4.8025,4.88,0.40020600858369104,1.9547925608011447
497,4.7825,4.8825,0.40020600858369104,1.9547925608011447
498,4.7975,4.88125,0.3977339055793992,1.9433476394849787
499,4.775,4.8825,0.39791702432045783,1.9433476394849787
500,4.7775,4.88125,0.39837482117310447,1.9456366237482121
501,4.7825,4.88125,0.39727610872675256,1.9387696709585123
502,4.7925,4.88125,0.3993819742489271,1.9502145922746783
503,4.7875,4.88,0.3995650929899857,1.9502145922746783
504,4.775,4.8825,0.40002288984263235,1.9547925608011447
505,4.78,4.88125,0.39837482117310447,1.9456366237482121
506,4.795,4.88125,0.3995650929899857,1.9502145922746783
507,4.7875,4.8825,0.3981001430615165,1.9433476394849787
508,4.7675,4.88,0.39727610872675256,1.9387696709585123
509,4.7775,4.8825,0.3981001430615165,1.9433476394849787
510,4.775,4.88125,0.3969098712446352,1.9387696709585123
511,4.7725,4.88125,0.3977339055793992,1.9433476394849787
512,4.775,4.88,0.39791702432045783,1.9433476394849787
513,4.7875,4.88125,0.3993819742489271,1.9502145922746783
514,4.7775,4.88,0.3981001430615165,1.9433476394849787
515,4.775,4.8825,0.39791702432045783,1.9433476394849787
516,4.795,4.88125,0.3974592274678112,1.9387696709585123
517,4.7675,4.88125,0.39727610872675256,1.9387696709585123
518,4.7775,4.88125,0.3981001430615165,1.9433476394849787
519,4.7775,4.88125,0.3981001430615165,1.9433476394849787
520,4.8,4.88,0.40002288984263235,1.9547925608011447
521,4.785,4.88125,0.3987410586552218,1.9456366237482121
522,4.8,4.88125,0.39892417739628044,1.9456366237482121
523,4.78,4.8825,0.39837482117310447,1.9456366237482121
524,4.795,4.88,0.3995650929899857,1.9502145922746783
525,4.8,4.88,0.40103004291845495,1.9570815450643777
526,4.79,4.8825,0.39919885550786843,1.9502145922746783
527,4.8,4.88125,0.40002288984263235,1.9547925608011447
528,4.7775,4.8825,0.39837482117310447,1.9456366237482121
529,4.78,4.8825,0.39837482117310447,1.9456366237482121
530,4.77,4.87875,0.3974592274678112,1.9387696709585123
531,4.77,4.88125,0.3974592274678112,1.9387696709585123
532,4.7925,4.88125,0.3993819742489271,1.9502145922746783
533,4.7925,4.88125,0.3993819742489271,1.9502145922746783
534,4.7875,4.88125,0.3977339055793992,1.9433476394849787
535,4.775,4.88125,0.3981001430615165,1.9433476394849787
536,4.7825,4.88,0.3985579399141631,1.9456366237482121
537,4.7925,4.88125,0.39837482117310447,1.9456366237482121
538,4.805,4.88125,0.39791702432045783,1.9433476394849787
539,4.785,4.8825,0.3987410586552218,1.9456366237482121
540,4.77,4.8825,0.4003891273247497,1.9547925608011447
541,4.78,4.88,0.3985579399141631,1.9456366237482121
542,4.7875,4.88125,0.39892417739628044,1.9456366237482121
543,4.8,4.88125,0.40002288984263235,1.9547925608011447
544,4.79,4.88,0.3987410586552218,1.9456366237482121
545,4.7925,4.88125,0.3993819742489271,1.9502145922746783
546,4.78,4.88,0.39709298998569387,1.9387696709585123
547,4.765,4.88125,0.3997482117310444,1.9502145922746783
548,4.8125,4.8825,0.40103004291845495,1.9570815450643777
549,4.78,4.88125,0.39837482117310447,1.9502145922746783
550,4.7675,4.8825,0.3985579399141631,1.9456366237482121
551,4.7775,4.88,0.3981001430615165,1.9433476394849787
552,4.805,4.88,0.4003891273247497,1.9547925608011447
553,4.785,4.88,0.40002288984263235,1.9547925608011447
554,4.785,4.88,0.3987410586552218,1.9456366237482121
555,4.78,4.88,0.39837482117310447,1.9433476394849787
556,4.76,4.88,0.39791702432045783,1.9433476394849787
557,4.7725,4.88,0.3977339055793992,1.9433476394849787
558,4.795,4.88125,0.3995650929899857,1.9502145922746783
559,4.78,4.88125,0.3993819742489271,1.9502145922746783
560,4.7775,4.88,0.3981001430615165,1.9433476394849787
561,4.78,4.88,0.39837482117310447,1.9433476394849787
562,4.77,4.88125,0.3987410586552218,1.9456366237482121
563,4.79,4.88125,0.39919885550786843,1.9502145922746783
564,4.79,4.88,0.39919885550786843,1.9456366237482121
565,4.8,4.88,0.3987410586552218,1.9456366237482121
566,4.7775,4.88125,0.3981001430615165,1.9433476394849787
567,4.805,4.88125,0.4003891273247497,1.9547925608011447
568,4.81,4.88,0.3995650929899857,1.9502145922746783
569,4.7825,4.88125,0.3985579399141631,1.9456366237482121
570,4.7875,4.88125,0.39892417739628044,1.9456366237482121
571,4.7675,4.88125,0.3985579399141631,1.9456366237482121
572,4.785,4.88125,0.3987410586552218,1.9456366237482121
573,4.77,4.88125,0.3974592274678112,1.9387696709585123
574,4.75,4.88125,0.3985579399141631,1.9456366237482121
575,4.77,4.8825,0.3974592274678112,1.9387696709585123
576,4.7675,4.88125,0.39727610872675256,1.9387696709585123
577,4.7775,4.88,0.3997482117310444,1.9502145922746783
578,4.7625,4.88125,0.39837482117310447,1.9456366237482121
579,4.79,4.88,0.39919885550786843,1.9456366237482121
580,4.8475,4.88125,0.39709298998569387,1.9387696709585123
581,4.83,4.88,0.39837482117310447,1.9433476394849787
582,4.7975,4.88,0.3997482117310444,1.9502145922746783
583,4.745,4.8825,0.3977339055793992,1.9433476394849787
584,4.7625,4.88125,0.39919885550786843,1.9502145922746783
585,4.79,4.88125,0.39919885550786843,1.9502145922746783
586,4.7925,4.88,0.3985579399141631,1.9456366237482121
587,4.785,4.8825,0.3981001430615165,1.9433476394849787
588,4.8,4.8825,0.40002288984263235,1.9547925608011447
589,4.75,4.88125,0.39837482117310447,1.9456366237482121
590,4.805,4.87875,0.3985579399141631,1.9433476394849787
591,4.7975,4.87875,0.3997482117310444,1.9502145922746783
592,4.7775,4.8825,0.3981001430615165,1.9433476394849787
593,4.795,4.88125,0.3987410586552218,1.9456366237482121
594,4.7975,4.8825,0.3997482117310444,1.9502145922746783
595,4.7425,4.88375,0.395170243204578,1.9319027181688129
596,4.82,4.8825,0.3985579399141631,1.9456366237482121
597,4.785,4.8825,0.3987410586552218,1.9456366237482121
598,4.795,4.88125,0.3995650929899857,1.9502145922746783
599,4.7975,4.88125,0.39919885550786843,1.9502145922746783
600,4.77,4.8825,0.3974592274678112,1.9387696709585123
601,4.775,4.88,0.39791702432045783,1.9433476394849787
602,4.795,4.8825,0.3993819742489271,1.9502145922746783
603,4.775,4.87875,0.39791702432045783,1.9433476394849787
604,4.7675,4.88,0.39727610872675256,1.9387696709585123
605,4.8275,4.88,0.3985579399141631,1.9456366237482121
606,4.7975,4.8825,0.3997482117310444,1.9502145922746783
607,4.8075,4.88,0.40066380543633767,1.9547925608011447
608,4.8025,4.88125,0.3987410586552218,1.9456366237482121
609,4.7825,4.88125,0.3985579399141631,1.9456366237482121
610,4.7825,4.87875,0.3985579399141631,1.9433476394849787
611,4.79,4.87875,0.39892417739628044,1.9456366237482121
612,4.7825,4.88125,0.3985579399141631,1.9456366237482121
613,4.8,4.88125,0.40002288984263235,1.9547925608011447
614,4.7875,4.88,0.39709298998569387,1.9387696709585123
615,4.79,4.8825,0.39919885550786843,1.9502145922746783
616,4.7975,4.88,0.3997482117310444,1.9502145922746783
617,4.82,4.88,0.39727610872675256,1.9387696709585123
618,4.7725,4.88,0.39727610872675256,1.9387696709585123
619,4.81,4.88,0.4008469241773963,1.9570815450643777
620,4.805,4.88125,0.40002288984263235,1.9547925608011447
621,4.805,4.88,0.39919885550786843,1.9456366237482121
622,4.77,4.88125,0.3974592274678112,1.9387696709585123
623,4.7725,4.88125,0.3981001430615165,1.9433476394849787
624,4.7775,4.87875,0.39791702432045783,1.9433476394849787
625,4.82,4.88125,0.4016709585121603,1.9616595135908441
626,4.82,4.88125,0.3995650929899857,1.9502145922746783
627,4.795,4.88,0.39791702432045783,1.9433476394849787
628,4.7625,4.88125,0.3969098712446352,1.9387696709585123
629,4.82,4.8825,0.3993819742489271,1.9502145922746783
630,4.7975,4.88,0.40002288984263235,1.9547925608011447
631,4.785,4.88,0.3987410586552218,1.9456366237482121
632,4.755,4.88125,0.39791702432045783,1.9433476394849787
633,4.7775,4.8825,0.3981001430615165,1.9433476394849787
634,4.8,4.88,0.40002288984263235,1.9547925608011447
635,4.73,4.8825,0.3941630901287554,1.9250357653791133
636,4.8,4.8825,0.39727610872675256,1.9387696709585123
637,4.7525,4.8825,0.39608583690987126,1.9341917024320459
638,4.7675,4.88,0.39727610872675256,1.9387696709585123
639,4.82,4.88,0.40002288984263235,1.9547925608011447
640,4.815,4.88125,0.40121316165951365,1.9570815450643777
641,4.785,4.88125,0.3987410586552218,1.9456366237482121
642,4.7675,4.88,0.40066380543633767,1.9547925608011447
643,4.805,4.88125,0.4003891273247497,1.9547925608011447
644,4.82,4.88,0.4016709585121603,1.9616595135908441
645,4.7875,4.8825,0.40002288984263235,1.9547925608011447
646,4.7925,4.8825,0.3993819742489271,1.9502145922746783
647,4.7875,4.8825,0.39892417739628044,1.9456366237482121
648,4.77,4.88,0.3993819742489271,1.9502145922746783
649,4.79,4.8825,0.39919885550786843,1.9502145922746783
650,4.8,4.8825,0.40002288984263235,1.9547925608011447
651,4.79,4.8825,0.39791702432045783,1.9433476394849787
652,4.7875,4.88,0.39892417739628044,1.9456366237482121
653,4.76,4.88125,0.39663519313304724,1.9341917024320459
654,4.81,4.88,0.3993819742489271,1.9502145922746783
655,4.815,4.8825,0.40121316165951365,1.9570815450643777
656,4.8,4.88,0.40002288984263235,1.9547925608011447
657,4.775,4.88375,0.40002288984263235,1.9547925608011447
658,4.81,4.88,0.4008469241773963,1.9570815450643777
659,4.805,4.88,0.4003891273247497,1.9547925608011447
660,4.75,4.88,0.3987410586552218,1.9456366237482121
661,4.7475,4.88125,0.39562804005722463,1.9319027181688129
662,4.79,4.88,0.39919885550786843,1.9456366237482121
663,4.785,4.88,0.39837482117310447,1.9433476394849787
664,4.7825,4.8825,0.39791702432045783,1.9433476394849787
665,4.7875,4.88125,0.39892417739628044,1.9456366237482121
666,4.76,4.88,0.3995650929899857,1.9502145922746783
667,4.78,4.88125,0.39663519313304724,1.9341917024320459
668,4.78,4.88125,0.39837482117310447,1.9456366237482121
669,4.78,4.88,0.3993819742489271,1.9502145922746783
670,4.7825,4.8825,0.3981001430615165,1.9433476394849787
671,4.7725,4.88125,0.3977339055793992,1.9433476394849787
672,4.77,4.8825,0.3987410586552218,1.9456366237482121
673,4.7925,4.88,0.3995650929899857,1.9502145922746783
674,4.77,4.88,0.3974592274678112,1.9387696709585123
675,4.78,4.88,0.3987410586552218,1.9456366237482121
676,4.775,4.88375,0.3987410586552218,1.9456366237482121
677,4.79,4.88,0.39919885550786843,1.9456366237482121
678,4.77,4.88125,0.3974592274678112,1.9456366237482121
679,4.765,4.88125,0.4008469241773963,1.9570815450643777
680,4.7725,4.88125,0.3977339055793992,1.9433476394849787
681,4.7775,4.88,0.3981001430615165,1.9433476394849787
682,4.7625,4.88,0.39727610872675256,1.9387696709585123
683,4.815,4.88125,0.40121316165951365,1.9570815450643777
684,4.7625,4.88,0.3969098712446352,1.9341917024320459
685,4.79,4.88,0.39709298998569387,1.9387696709585123
686,4.79,4.88,0.39919885550786843,1.9456366237482121
687,4.7925,4.87875,0.3993819742489271,1.9502145922746783
688,4.78,4.8825,0.40148783977110164,1.9616595135908441
689,4.765,4.88125,0.39709298998569387,1.9387696709585123
690,4.7475,4.88,0.39562804005722463,1.9319027181688129
691,4.7675,4.8825,0.3969098712446352,1.9387696709585123
692,4.815,4.88,0.40121316165951365,1.9570815450643777
693,4.7925,4.88,0.3993819742489271,1.9502145922746783
694,4.78,4.88125,0.39791702432045783,1.9433476394849787
695,4.7975,4.88,0.3997482117310444,1.9502145922746783
696,4.82,4.88125,0.4016709585121603,1.9616595135908441
697,4.775,4.88125,0.39727610872675256,1.9387696709585123
698,4.7825,4.87875,0.3985579399141631,1.9433476394849787
699,4.765,4.88125,0.39709298998569387,1.9387696709585123
700,4.77,4.88375,0.39837482117310447,1.9456366237482121
701,4.815,4.87875,0.40121316165951365,1.9570815450643777
702,4.7825,4.88125,0.3985579399141631,1.9456366237482121
703,4.775,4.88,0.39919885550786843,1.9456366237482121
704,4.78,4.88125,0.4008469241773963,1.9570815450643777
705,4.8125,4.88,0.40103004291845495,1.9570815450643777
706,4.7725,4.88,0.3969098712446352,1.9341917024320459
707,4.785,4.88,0.4003891273247497,1.9547925608011447
708,4.7975,4.88,0.3997482117310444,1.9502145922746783
709,4.7775,4.88,0.40020600858369104,1.9547925608011447
710,4.7925,4.88125,0.40066380543633767,1.9547925608011447
711,4.8,4.88,0.40002288984263235,1.9547925608011447
712,4.7775,4.88125,0.39709298998569387,1.9387696709585123
713,4.7825,4.88,0.3974592274678112,1.9387696709585123
714,4.7625,4.88,0.3969098712446352,1.9341917024320459
715,4.79,4.88125,0.3995650929899857,1.9502145922746783
716,4.7825,4.87875,0.3985579399141631,1.9433476394849787
717,4.785,4.88125,0.3987410586552218,1.9456366237482121
718,4.7825,4.88,0.3977339055793992,1.9433476394849787
719,4.7775,4.88125,0.3995650929899857,1.9502145922746783
720,4.7925,4.88,0.3993819742489271,1.9502145922746783
721,4.7825,4.8825,0.3985579399141631,1.9433476394849787
722,4.79,4.88,0.40121316165951365,1.9570815450643777
723,4.79,4.88125,0.39919885550786843,1.9502145922746783
724,4.7775,4.88125,0.3981001430615165,1.9433476394849787
725,4.785,4.88,0.4003891273247497,1.9547925608011447
726,4.7775,4.88125,0.3981001430615165,1.9433476394849787
727,4.77,4.88,0.3974592274678112,1.9387696709585123
728,4.7825,4.88,0.40066380543633767,1.9547925608011447
729,4.7425,4.88125,0.395170243204578,1.9273247496423465
730,4.775,4.88125,0.39791702432045783,1.9433476394849787
731,4.79,4.88,0.39709298998569387,1.9387696709585123
732,4.7875,4.88,0.39892417739628044,1.9456366237482121
733,4.775,4.8825,0.39791702432045783,1.9433476394849787
734,4.7975,4.88875,0.3995650929899857,1.9547925608011447
735,4.8,4.88125,0.40002288984263235,1.9547925608011447
736,4.7675,4.8825,0.39727610872675256,1.9387696709585123
737,4.795,4.88,0.40066380543633767,1.9547925608011447
738,4.785,4.88,0.3987410586552218,1.9456366237482121
739,4.7625,4.8825,0.3969098712446352,1.9387696709585123
740,4.8025,4.88125,0.3974592274678112,1.9387696709585123
741,4.8075,4.88,0.40066380543633767,1.9547925608011447
742,4.775,4.8825,0.39791702432045783,1.9433476394849787
743,4.7925,4.88125,0.39608583690987126,1.9341917024320459
744,4.7925,4.88,0.3993819742489271,1.9502145922746783
745,4.78,4.88125,0.39837482117310447,1.9456366237482121
746,4.78,4.88,0.40020600858369104,1.9547925608011447
747,4.7875,4.88125,0.39562804005722463,1.9319027181688129
748,4.7925,4.88125,0.3993819742489271,1.9502145922746783
749,4.7925,4.88,0.4008469241773963,1.9570815450643777
750,4.8075,4.88125,0.3981001430615165,1.9433476394849787
751,4.78,4.8825,0.39837482117310447,1.9456366237482121
752,4.795,4.88,0.40066380543633767,1.9547925608011447
753,4.815,4.88125,0.3993819742489271,1.9502145922746783
754,4.7925,4.88125,0.3993819742489271,1.9502145922746783
755,4.8,4.88125,0.3985579399141631,1.9456366237482121
756,4.785,4.88125,0.3995650929899857,1.9502145922746783
757,4.7875,4.8825,0.39892417739628044,1.9456366237482121
758,4.8,4.88,0.4021287553648069,1.9616595135908441
759,4.7975,4.88,0.39837482117310447,1.9433476394849787
760,4.785,4.88125,0.3987410586552218,1.9456366237482121
761,4.795,4.88,0.4018540772532189,1.9616595135908441
762,4.785,4.8825,0.39919885550786843,1.9502145922746783
763,4.7825,4.88125,0.3985579399141631,1.9456366237482121
764,4.7825,4.88125,0.3985579399141631,1.9456366237482121
765,4.7925,4.88,0.39791702432045783,1.9433476394849787
766,4.7725,4.88125,0.3977339055793992,1.9433476394849787
767,4.78,4.8825,0.39837482117310447,1.9456366237482121
768,4.785,4.88,0.4003891273247497,1.9547925608011447
769,4.78,4.8825,0.39837482117310447,1.9456366237482121
770,4.7825,4.88,0.3985579399141631,1.9456366237482121
771,4.79,4.88,0.4003891273247497,1.9547925608011447
772,4.77,4.88125,0.3974592274678112,1.9387696709585123
773,4.7875,4.88,0.39892417739628044,1.9456366237482121
774,4.7825,4.88125,0.3985579399141631,1.9456366237482121
775,4.7825,4.88,0.3985579399141631,1.9456366237482121
776,4.79,4.88,0.39919885550786843,1.9456366237482121
777,4.79,4.88,0.39727610872675256,1.9387696709585123
778,4.7825,4.88125,0.3985579399141631,1.9456366237482121
779,4.7925,4.88125,0.3993819742489271,1.9502145922746783
780,4.8025,4.88125,0.3997482117310444,1.9502145922746783
781,4.79,4.88,0.39919885550786843,1.9456366237482121
782,4.7875,4.88,0.39892417739628044,1.9456366237482121
783,4.79,4.88125,0.3977339055793992,1.9433476394849787
784,4.7875,4.88125,0.39892417739628044,1.9456366237482121
785,4.785,4.88125,0.3987410586552218,1.9456366237482121
786,4.7825,4.8775,0.40066380543633767,1.9547925608011447
787,4.78,4.88125,0.39837482117310447,1.9456366237482121
788,4.7925,4.88,0.3993819742489271,1.9502145922746783
789,4.8,4.88125,0.3987410586552218,1.9456366237482121
790,4.79,4.8825,0.3985579399141631,1.9456366237482121
791,4.7925,4.88,0.3993819742489271,1.9502145922746783
792,4.785,4.88125,0.39791702432045783,1.9433476394849787
793,4.8,4.8825,0.39709298998569387,1.9387696709585123
794,4.795,4.8825,0.3995650929899857,1.9502145922746783
795,4.795,4.88125,0.4024949928469242,1.9662374821173105
796,4.79,4.88125,0.3995650929899857,1.9502145922746783
797,4.7825,4.88,0.3985579399141631,1.9456366237482121
798,4.8025,4.88,0.39727610872675256,1.9387696709585123
799,4.785,4.88125,0.3985579399141631,1.9456366237482121
800,4.7875,4.88125,0.39892417739628044,1.9456366237482121
801,4.785,4.88125,0.3985579399141631,1.9456366237482121
802,4.77,4.88125,0.39791702432045783,1.9433476394849787
803,4.775,4.88125,0.39791702432045783,1.9433476394849787
804,4.7825,4.88125,0.40103004291845495,1.9570815450643777
805,4.7875,4.8825,0.3974592274678112,1.9387696709585123
806,4.79,4.8825,0.39919885550786843,1.9502145922746783
807,4.7775,4.88,0.3981001430615165,1.9456366237482121
808,4.78,4.88,0.3993819742489271,1.9502145922746783
809,4.78,4.8825,0.39837482117310447,1.9456366237482121
810,4.785,4.88125,0.3987410586552218,1.9456366237482121
811,4.78,4.88,0.3964520743919886,1.9341917024320459
812,4.7775,4.88125,0.3981001430615165,1.9433476394849787
813,4.79,4.88,0.39919885550786843,1.9456366237482121
814,4.78,4.88125,0.3985579399141631,1.9456366237482121
815,4.785,4.87875,0.3987410586552218,1.9456366237482121
816,4.79,4.88125,0.39919885550786843,1.9502145922746783
817,4.79,4.88125,0.3977339055793992,1.9433476394849787
818,4.78,4.88,0.39837482117310447,1.9433476394849787
819,4.7925,4.88,0.3993819742489271,1.9502145922746783
820,4.7925,4.88125,0.39791702432045783,1.9433476394849787
821,4.77,4.88125,0.3974592274678112,1.9387696709585123
822,4.785,4.8825,0.3987410586552218,1.9456366237482121
823,4.79,4.88125,0.39919885550786843,1.9502145922746783
824,4.775,4.88,0.39791702432045783,1.9433476394849787
825,4.7875,4.88125,0.39892417739628044,1.9456366237482121
826,4.7925,4.88125,0.39663519313304724,1.9341917024320459
827,4.7725,4.88125,0.3977339055793992,1.9433476394849787
828,4.775,4.88125,0.39791702432045783,1.9433476394849787
829,4.795,4.88,0.3969098712446352,1.9341917024320459
830,4.775,4.8825,0.39791702432045783,1.9433476394849787
831,4.78,4.8825,0.39837482117310447,1.9456366237482121
832,4.7875,4.88,0.3974592274678112,1.9387696709585123
833,4.7825,4.8825,0.39837482117310447,1.9456366237482121
834,4.7775,4.8825,0.3981001430615165,1.9433476394849787
835,4.795,4.88125,0.3974592274678112,1.9387696709585123
836,4.7825,4.8825,0.3985579399141631,1.9456366237482121
837,4.8,4.8825,0.40002288984263235,1.9547925608011447
838,4.7975,4.88,0.4003891273247497,1.9547925608011447
839,4.7825,4.88125,0.3987410586552218,1.9456366237482121
840,4.78,4.8825,0.39837482117310447,1.9456366237482121
841,4.79,4.88,0.3977339055793992,1.9433476394849787
842,4.785,4.8825,0.39837482117310447,1.9456366237482121
843,4.7925,4.88125,0.3993819742489271,1.9502145922746783
844,4.7875,4.88125,0.3985579399141631,1.9456366237482121
845,4.7775,4.88125,0.39892417739628044,1.9456366237482121
846,4.7875,4.88,0.39892417739628044,1.9456366237482121
847,4.805,4.88,0.39709298998569387,1.9387696709585123
848,4.7875,4.8825,0.39791702432045783,1.9433476394849787
849,4.785,4.88,0.3987410586552218,1.9456366237482121
850,4.7975,4.88,0.3997482117310444,1.9502145922746783
851,4.7875,4.8825,0.3974592274678112,1.9387696709585123
852,4.7825,4.88,0.3985579399141631,1.9456366237482121
853,4.795,4.8825,0.3995650929899857,1.9502145922746783
854,4.79,4.88125,0.39919885550786843,1.9502145922746783
855,4.785,4.8825,0.3987410586552218,1.9456366237482121
856,4.7975,4.88125,0.3997482117310444,1.9502145922746783
857,4.7875,4.88125,0.39919885550786843,1.9502145922746783
858,4.79,4.8825,0.39919885550786843,1.9502145922746783
859,4.785,4.88125,0.3987410586552218,1.9456366237482121
860,4.7825,4.88,0.39791702432045783,1.9433476394849787
861,4.7775,4.88125,0.3981001430615165,1.9433476394849787
862,4.7825,4.88125,0.3985579399141631,1.9456366237482121
863,4.7825,4.88,0.3977339055793992,1.9433476394849787
864,4.7825,4.88,0.3985579399141631,1.9456366237482121
865,4.785,4.8825,0.3987410586552218,1.9456366237482121
866,4.78,4.8825,0.3981001430615165,1.9433476394849787
867,4.7825,4.88125,0.3985579399141631,1.9456366237482121
868,4.7875,4.88125,0.39892417739628044,1.9456366237482121
869,4.79,4.88125,0.39892417739628044,1.9456366237482121
870,4.775,4.88125,0.39791702432045783,1.9433476394849787
871,4.7875,4.88,0.39892417739628044,1.9456366237482121
872,4.7825,4.88125,0.39727610872675256,1.9387696709585123
873,4.78,4.88,0.39837482117310447,1.9433476394849787
874,4.785,4.8825,0.3987410586552218,1.9456366237482121
875,4.78,4.8825,0.39727610872675256,1.9387696709585123
876,4.78,4.88125,0.3985579399141631,1.9456366237482121
877,4.7875,4.88125,0.39892417739628044,1.9456366237482121
878,4.785,4.88,0.3993819742489271,1.9502145922746783
879,4.785,4.88125,0.3981001430615165,1.9433476394849787
880,4.77,4.88125,0.3974592274678112,1.9387696709585123
881,4.7875,4.88,0.40020600858369104,1.9547925608011447
882,4.785,4.88,0.3981001430615165,1.9433476394849787
883,4.78,4.88,0.39837482117310447,1.9433476394849787
884,4.7875,4.88125,0.3977339055793992,1.9433476394849787
885,4.795,4.8825,0.39791702432045783,1.9433476394849787
886,4.79,4.8825,0.39919885550786843,1.9502145922746783
887,4.795,4.8825,0.4024949928469242,1.9662374821173105
888,4.795,4.88125,0.3981001430615165,1.9433476394849787
889,4.7875,4.88125,0.39892417739628044,1.9456366237482121
890,4.7925,4.88125,0.4003891273247497,1.9547925608011447
891,4.7825,4.88,0.3993819742489271,1.9502145922746783
892,4.775,4.88,0.39791702432045783,1.9433476394849787
893,4.78,4.88125,0.39837482117310447,1.9456366237482121
894,4.7875,4.88,0.3981001430615165,1.9433476394849787
895,4.795,4.8825,0.3995650929899857,1.9502145922746783
896,4.78,4.88,0.39837482117310447,1.9433476394849787
897,4.7775,4.8825,0.4008469241773963,1.9570815450643777
898,4.78,4.88125,0.39837482117310447,1.9456366237482121
899,4.785,4.8825,0.3987410586552218,1.9456366237482121
900,4.7875,4.88125,0.3997482117310444,1.9502145922746783
901,4.7825,4.88125,0.3985579399141631,1.9456366237482121
902,4.79,4.8825,0.39919885550786843,1.9502145922746783
903,4.79,4.88125,0.39791702432045783,1.9433476394849787
904,4.7775,4.88,0.3981001430615165,1.9433476394849787
905,4.7925,4.88,0.3993819742489271,1.9502145922746783
906,4.795,4.8825,0.3993819742489271,1.9502145922746783
907,4.7875,4.88125,0.39892417739628044,1.9456366237482121
908,4.7875,4.88125,0.39892417739628044,1.9456366237482121
909,4.8,4.88,0.3981001430615165,1.9433476394849787
910,4.7925,4.88,0.3993819742489271,1.9502145922746783
911,4.785,4.88125,0.3987410586552218,1.9456366237482121
912,4.8,4.88125,0.39498712446351936,1.9273247496423465
913,4.795,4.88,0.3995650929899857,1.9502145922746783
914,4.78,4.88125,0.39837482117310447,1.9456366237482121
915,4.805,4.88125,0.4024949928469242,1.9662374821173105
916,4.765,4.88125,0.39709298998569387,1.9387696709585123
917,4.7925,4.88125,0.3993819742489271,1.9502145922746783
918,4.7825,4.88,0.40066380543633767,1.9547925608011447
919,4.77,4.88125,0.3974592274678112,1.9387696709585123
920,4.7825,4.88,0.3985579399141631,1.9456366237482121
921,4.78,4.88,0.3995650929899857,1.9502145922746783
922,4.79,4.8825,0.3985579399141631,1.9456366237482121
923,4.7775,4.88125,0.3981001430615165,1.9433476394849787
924,4.7725,4.88,0.4008469241773963,1.9570815450643777
925,4.785,4.88125,0.39837482117310447,1.9456366237482121
926,4.795,4.88125,0.3995650929899857,1.9502145922746783
927,4.7775,4.88125,0.39727610872675256,1.9387696709585123
928,4.79,4.88,0.3981001430615165,1.9433476394849787
929,4.7775,4.88,0.3981001430615165,1.9433476394849787
930,4.7875,4.88,0.3993819742489271,1.9502145922746783
931,4.795,4.88125,0.3993819742489271,1.9502145922746783
932,4.765,4.88125,0.39709298998569387,1.9387696709585123
933,4.775,4.8825,0.3974592274678112,1.9387696709585123
934,4.7925,4.88,0.4018540772532189,1.9616595135908441
935,4.7775,4.88125,0.3981001430615165,1.9433476394849787
936,4.775,4.8825,0.39791702432045783,1.9502145922746783
937,4.785,4.88,0.40148783977110164,1.9570815450643777
938,4.81,4.88125,0.4008469241773963,1.9570815450643777
939,4.7775,4.8825,0.3981001430615165,1.9433476394849787
940,4.785,4.88125,0.4029527896995709,1.9662374821173105
941,4.8,4.88,0.40002288984263235,1.9547925608011447
942,4.77,4.8825,0.3974592274678112,1.9387696709585123
943,4.7725,4.88125,0.4003891273247497,1.9547925608011447
944,4.7825,4.88125,0.3985579399141631,1.9456366237482121
945,4.7625,4.8825,0.3969098712446352,1.9387696709585123
946,4.785,4.87875,0.3985579399141631,1.9433476394849787
947,4.8125,4.8825,0.40103004291845495,1.9570815450643777
948,4.7975,4.88,0.3997482117310444,1.9502145922746783
949,4.775,4.8825,0.3977339055793992,1.9433476394849787
950,4.755,4.88,0.39626895565092995,1.9341917024320459
951,4.7575,4.88,0.3964520743919886,1.9341917024320459
952,4.78,4.88,0.4003891273247497,1.9547925608011447
953,4.7925,4.88,0.3993819742489271,1.9502145922746783
954,4.785,4.88125,0.3987410586552218,1.9456366237482121
955,4.7775,4.88125,0.3958111587982833,1.9319027181688129
956,4.785,4.8825,0.3987410586552218,1.9456366237482121
957,4.795,4.88125,0.3995650929899857,1.9502145922746783
958,4.7675,4.88,0.3993819742489271,1.9502145922746783
959,4.7675,4.88125,0.39727610872675256,1.9387696709585123
960,4.7525,4.88,0.39608583690987126,1.9319027181688129
961,4.7625,4.88125,0.40020600858369104,1.9547925608011447
962,4.7575,4.88,0.3964520743919886,1.9341917024320459
963,4.775,4.88,0.39791702432045783,1.9433476394849787
964,4.7725,4.88,0.3993819742489271,1.9502145922746783
965,4.785,4.88125,0.40148783977110164,1.9616595135908441
966,4.82,4.88125,0.4016709585121603,1.9616595135908441
967,4.7925,4.8825,0.3977339055793992,1.9433476394849787
968,4.7875,4.88125,0.39626895565092995,1.9341917024320459
969,4.79,4.8825,0.39919885550786843,1.9502145922746783
970,4.7975,4.88,0.39892417739628044,1.9456366237482121
971,4.7725,4.8775,0.40002288984263235,1.9502145922746783
972,4.8,4.8825,0.40002288984263235,1.9547925608011447
973,4.775,4.8825,0.39892417739628044,1.9456366237482121
974,4.7775,4.88125,0.39727610872675256,1.9387696709585123
975,4.79,4.88125,0.39919885550786843,1.9502145922746783
976,4.8225,4.88125,0.3985579399141631,1.9456366237482121
977,4.7775,4.88,0.39892417739628044,1.9456366237482121
978,4.76,4.88125,0.39663519313304724,1.9341917024320459
979,4.7675,4.88125,0.39727610872675256,1.9456366237482121
980,4.8075,4.8825,0.3981001430615165,1.9433476394849787
981,4.7925,4.88125,0.3993819742489271,1.9502145922746783
982,4.7975,4.88125,0.3997482117310444,1.9502145922746783
983,4.7575,4.88,0.39837482117310447,1.9433476394849787
984,4.7675,4.88125,0.39727610872675256,1.9387696709585123
985,4.825,4.88,0.4021287553648069,1.9616595135908441
986,4.75,4.88125,0.3987410586552218,1.9456366237482121
987,4.7825,4.8825,0.3985579399141631,1.9456366237482121
988,4.7875,4.88,0.39892417739628044,1.9456366237482121
989,4.7725,4.8825,0.3981001430615165,1.9433476394849787
990,4.7875,4.8825,0.39892417739628044,1.9456366237482121
991,4.7725,4.88375,0.3977339055793992,1.9433476394849787
992,4.745,4.8825,0.3987410586552218,1.9456366237482121
993,4.785,4.8825,0.3987410586552218,1.9456366237482121
994,4.8325,4.8825,0.4026781115879829,1.9662374821173105
995,4.825,4.88,0.39919885550786843,1.9456366237482121
996,4.7775,4.8825,0.3981001430615165,1.9433476394849787
997,4.8275,4.8825,0.40231187410586555,1.9662374821173105
998,4.785,4.8825,0.3985579399141631,1.9456366237482121
999,4.795,4.8825,0.3995650929899857,1.9502145922746783
1000,4.79,4.8825,0.39919885550786843,1.9502145922746783
1001,4.785,4.88,0.3995650929899857,1.9502145922746783
1002,4.8,4.88125,0.40002288984263235,1.9547925608011447
1003,4.785,4.88,0.3987410586552218,1.9456366237482121
1004,4.7975,4.88125,0.39791702432045783,1.9433476394849787
1005,4.79,4.88125,0.39791702432045783,1.9433476394849787
1006,4.79,4.88125,0.39919885550786843,1.9502145922746783
1007,4.7975,4.88125,0.39919885550786843,1.9502145922746783
1008,4.7925,4.88125,0.3985579399141631,1.9456366237482121
1009,4.8025,4.8825,0.40020600858369104,1.9547925608011447
1010,4.7725,4.88125,0.40002288984263235,1.9547925608011447
1011,4.7575,4.8825,0.3985579399141631,1.9456366237482121
1012,4.785,4.88125,0.3987410586552218,1.9456366237482121
1013,4.78,4.88,0.3993819742489271,1.9502145922746783
1014,4.7675,4.88,0.39837482117310447,1.9433476394849787
1015,4.785,4.8825,0.3987410586552218,1.9456366237482121
1016,4.8025,4.88,0.3997482117310444,1.9502145922746783
1017,4.7825,4.8825,0.3977339055793992,1.9433476394849787
1018,4.7825,4.88125,0.3985579399141631,1.9456366237482121
1019,4.7875,4.88,0.3993819742489271,1.9502145922746783
1020,4.7775,4.88,0.39837482117310447,1.9433476394849787
1021,4.775,4.88125,0.39791702432045783,1.9433476394849787
1022,4.7775,4.88125,0.3981001430615165,1.9456366237482121
1023,4.84,4.88,0.3964520743919886,1.9341917024320459
1024,4.7725,4.88,0.3977339055793992,1.9433476394849787
1025,4.7875,4.8825,0.39892417739628044,1.9456366237482121
1026,4.7875,4.88125,0.39791702432045783,1.9433476394849787
1027,4.7725,4.88125,0.3977339055793992,1.9433476394849787
1028,4.7925,4.88125,0.3993819742489271,1.9502145922746783
1029,4.7675,4.88125,0.39709298998569387,1.9387696709585123
1030,4.78,4.88125,0.39837482117310447,1.9456366237482121
1031,4.7875,4.88,0.39892417739628044,1.9456366237482121
1032,4.7675,4.88125,0.40002288984263235,1.9547925608011447
1033,4.78,4.88125,0.39837482117310447,1.9456366237482121
1034,4.79,4.88125,0.39919885550786843,1.9502145922746783
1035,4.78,4.88,0.39709298998569387,1.9387696709585123
1036,4.775,4.88125,0.39791702432045783,1.9433476394849787
1037,4.785,4.88125,0.3987410586552218,1.9456366237482121
1038,4.79,4.88125,0.39709298998569387,1.9387696709585123
1039,4.7875,4.8825,0.39892417739628044,1.9456366237482121
1040,4.7775,4.88125,0.3981001430615165,1.9433476394849787
1041,4.78,4.88125,0.3985579399141631,1.9456366237482121
1042,4.795,4.88,0.3995650929899857,1.9502145922746783
1043,4.77,4.88125,0.3974592274678112,1.9387696709585123
1044,4.79,4.88125,0.3981001430615165,1.9433476394849787
1045,4.775,4.8825,0.39791702432045783,1.9433476394849787
1046,4.7775,4.8825,0.3981001430615165,1.9433476394849787
1047,4.78,4.88125,0.39892417739628044,1.9456366237482121
1048,4.78,4.88,0.39837482117310447,1.9433476394849787
1049,4.795,4.88125,0.3995650929899857,1.9502145922746783
1050,4.7825,4.88125,0.4003891273247497,1.9547925608011447
1051,4.8,4.88125,0.3995650929899857,1.9502145922746783
1052,4.8125,4.8825,0.40103004291845495,1.9570815450643777
1053,4.785,4.88,0.39919885550786843,1.9456366237482121
1054,4.8,4.88125,0.3977339055793992,1.9433476394849787
1055,4.785,4.88,0.3987410586552218,1.9456366237482121
1056,4.79,4.88125,0.3995650929899857,1.9502145922746783
1057,4.7725,4.8825,0.40002288984263235,1.9547925608011447
1058,4.78,4.88125,0.39837482117310447,1.9456366237482121
1059,4.79,4.88125,0.39919885550786843,1.9502145922746783
1060,4.795,4.8825,0.3993819742489271,1.9502145922746783
1061,4.7875,4.88125,0.39892417739628044,1.9456366237482121
1062,4.7775,4.88125,0.4008469241773963,1.9570815450643777
1063,4.78,4.8825,0.3981001430615165,1.9433476394849787
1064,4.78,4.88125,0.39837482117310447,1.9456366237482121
1065,4.795,4.8825,0.3995650929899857,1.9547925608011447
1066,4.7825,4.88125,0.3987410586552218,1.9456366237482121
1067,4.7725,4.8825,0.3977339055793992,1.9433476394849787
1068,4.78,4.88125,0.39837482117310447,1.9456366237482121
1069,4.7875,4.88125,0.39892417739628044,1.9456366237482121
1070,4.77,4.88125,0.3974592274678112,1.9387696709585123
1071,4.77,4.88,0.3974592274678112,1.9387696709585123
1072,4.785,4.8825,0.39791702432045783,1.9433476394849787
1073,4.79,4.88,0.39919885550786843,1.9456366237482121
1074,4.7925,4.88125,0.3993819742489271,1.9502145922746783
1075,4.7975,4.88,0.39919885550786843,1.9456366237482121
1076,4.78,4.87875,0.39837482117310447,1.9433476394849787
1077,4.7775,4.88,0.3981001430615165,1.9433476394849787
1078,4.78,4.88,0.39727610872675256,1.9387696709585123
1079,4.77,4.88375,0.3974592274678112,1.9433476394849787
1080,4.77,4.87875,0.3974592274678112,1.9387696709585123
1081,4.785,4.88125,0.4016709585121603,1.9616595135908441
1082,4.7775,4.88125,0.3981001430615165,1.9433476394849787
1083,4.7675,4.88125,0.39727610872675256,1.9387696709585123
1084,4.7875,4.88,0.3987410586552218,1.9456366237482121
1085,4.795,4.8825,0.3995650929899857,1.9502145922746783
1086,4.795,4.87875,0.3995650929899857,1.9502145922746783
1087,4.7725,4.88,0.39919885550786843,1.9456366237482121
1088,4.7675,4.88,0.39727610872675256,1.9387696709585123
1089,4.7875,4.88125,0.39892417739628044,1.9456366237482121
1090,4.805,4.88125,0.39892417739628044,1.9456366237482121
1091,4.7925,4.87875,0.3993819742489271,1.9502145922746783
1092,4.78,4.8825,0.39837482117310447,1.9456366237482121
1093,4.7925,4.88125,0.39791702432045783,1.9433476394849787
1094,4.7825,4.88125,0.39919885550786843,1.9502145922746783
1095,4.785,4.8825,0.3987410586552218,1.9456366237482121
1096,4.7725,4.8825,0.39626895565092995,1.9341917024320459
1097,4.7775,4.8825,0.3977339055793992,1.9433476394849787
1098,4.7875,4.88125,0.39892417739628044,1.9456366237482121
1099,4.7725,4.88,0.3997482117310444,1.9502145922746783
1100,4.7725,4.8825,0.39892417739628044,1.9456366237482121
1101,4.8,4.88125,0.40002288984263235,1.9547925608011447
1102,4.8,4.88125,0.3985579399141631,1.9456366237482121
1103,4.76,4.88,0.3997482117310444,1.9502145922746783
1104,4.795,4.8825,0.3995650929899857,1.9502145922746783
1105,4.8025,4.88125,0.3969098712446352,1.9387696709585123
1106,4.77,4.88,0.3987410586552218,1.9456366237482121
1107,4.8025,4.88125,0.40020600858369104,1.9547925608011447
1108,4.7875,4.88125,0.39892417739628044,1.9433476394849787
1109,4.8,4.88,0.3995650929899857,1.9502145922746783
1110,4.7825,4.88,0.3985579399141631,1.9456366237482121
1111,4.775,4.88125,0.39791702432045783,1.9433476394849787
1112,4.78,4.88125,0.39709298998569387,1.9387696709585123
1113,4.7875,4.88125,0.39892417739628044,1.9456366237482121
1114,4.78,4.88125,0.39837482117310447,1.9456366237482121
1115,4.7875,4.8825,0.3985579399141631,1.9456366237482121
1116,4.78,4.88,0.39837482117310447,1.9433476394849787
1117,4.7925,4.88125,0.3993819742489271,1.9502145922746783
1118,4.795,4.88,0.39837482117310447,1.9433476394849787
1119,4.8075,4.88125,0.40066380543633767,1.9547925608011447
1120,4.7675,4.87875,0.39727610872675256,1.9387696709585123
1121,4.805,4.88,0.3987410586552218,1.9456366237482121
1122,4.805,4.88125,0.4003891273247497,1.9547925608011447
1123,4.7675,4.8825,0.39727610872675256,1.9387696709585123
1124,4.79,4.88,0.39892417739628044,1.9456366237482121
1125,4.8225,4.88125,0.4018540772532189,1.9616595135908441
1126,4.7775,4.88,0.3981001430615165,1.9433476394849787
1127,4.7725,4.88125,0.3993819742489271,1.9502145922746783
1128,4.7775,4.88,0.3981001430615165,1.9433476394849787
1129,4.7925,4.8825,0.3993819742489271,1.9502145922746783
1130,4.7775,4.88,0.4003891273247497,1.9547925608011447
1131,4.7925,4.88,0.3993819742489271,1.9502145922746783
1132,4.79,4.88,0.39919885550786843,1.9456366237482121
1133,4.78,4.88125,0.3997482117310444,1.9502145922746783
1134,4.77,4.88125,0.3974592274678112,1.9387696709585123
1135,4.79,4.88,0.39919885550786843,1.9456366237482121
1136,4.7825,4.8825,0.4003891273247497,1.9547925608011447
1137,4.79,4.88,0.3987410586552218,1.9456366237482121
1138,4.8025,4.88125,0.40020600858369104,1.9547925608011447
1139,4.7775,4.88125,0.39791702432045783,1.9433476394849787
1140,4.78,4.88125,0.39791702432045783,1.9433476394849787
1141,4.7775,4.88125,0.3981001430615165,1.9433476394849787
1142,4.7875,4.88125,0.39892417739628044,1.9456366237482121
1143,4.81,4.87875,0.40002288984263235,1.9502145922746783
1144,4.7825,4.88125,0.3985579399141631,1.9456366237482121
1145,4.7875,4.88,0.3985579399141631,1.9456366237482121
1146,4.77,4.87875,0.39892417739628044,1.9456366237482121
1147,4.7875,4.88125,0.39892417739628044,1.9456366237482121
1148,4.7975,4.88125,0.39919885550786843,1.9502145922746783
1149,4.785,4.8825,0.3985579399141631,1.9456366237482121
1150,4.795,4.88,0.3995650929899857,1.9502145922746783
1151,4.805,4.88,0.4003891273247497,1.9456366237482121
1152,4.7775,4.88125,0.3985579399141631,1.9456366237482121
1153,4.7825,4.88125,0.3985579399141631,1.9456366237482121
1154,4.7875,4.88,0.39892417739628044,1.9456366237482121
1155,4.775,4.88125,0.3977339055793992,1.9433476394849787
1156,4.7825,4.88,0.3985579399141631,1.9456366237482121
1157,4.795,4.88125,0.3995650929899857,1.9502145922746783
1158,4.7875,4.88125,0.39892417739628044,1.9456366237482121
1159,4.7775,4.88125,0.3981001430615165,1.9433476394849787
1160,4.8,4.88125,0.40002288984263235,1.9547925608011447
1161,4.7825,4.8825,0.3981001430615165,1.9433476394849787
1162,4.7875,4.88125,0.39892417739628044,1.9456366237482121
1163,4.78,4.88125,0.39837482117310447,1.9456366237482121
1164,4.7925,4.8825,0.39837482117310447,1.9456366237482121
1165,4.785,4.8825,0.3987410586552218,1.9456366237482121
1166,4.77,4.88125,0.3974592274678112,1.9387696709585123
1167,4.7825,4.88125,0.39919885550786843,1.9502145922746783
1168,4.7875,4.88125,0.39892417739628044,1.9456366237482121
1169,4.795,4.88125,0.3995650929899857,1.9502145922746783
1170,4.7875,4.88,0.3993819742489271,1.9502145922746783
1171,4.785,4.88125,0.3987410586552218,1.9456366237482121
1172,4.775,4.8825,0.39791702432045783,1.9433476394849787
1173,4.7675,4.88125,0.40020600858369104,1.9547925608011447
1174,4.78,4.88125,0.39837482117310447,1.9456366237482121
1175,4.8,4.88125,0.40002288984263235,1.9547925608011447
1176,4.79,4.88,0.3995650929899857,1.9502145922746783
1177,4.79,4.88125,0.39919885550786843,1.9502145922746783
1178,4.785,4.88125,0.3987410586552218,1.9456366237482121
1179,4.79,4.88,0.39837482117310447,1.9433476394849787
1180,4.7625,4.88125,0.3985579399141631,1.9456366237482121
1181,4.7825,4.8825,0.3985579399141631,1.9456366237482121
1182,4.7875,4.88125,0.39892417739628044,1.9456366237482121
1183,4.77,4.8825,0.3997482117310444,1.9502145922746783
1184,4.785,4.8825,0.3987410586552218,1.9456366237482121
1185,4.7775,4.88125,0.3995650929899857,1.9502145922746783
1186,4.78,4.88,0.39919885550786843,1.9456366237482121
1187,4.7825,4.88,0.3985579399141631,1.9456366237482121
1188,4.7875,4.88125,0.3985579399141631,1.9456366237482121
1189,4.77,4.88125,0.39791702432045783,1.9433476394849787
1190,4.7875,4.8825,0.39892417739628044,1.9456366237482121
1191,4.7825,4.88,0.39837482117310447,1.9433476394849787
1192,4.755,4.88125,0.39892417739628044,1.9456366237482121
1193,4.785,4.88125,0.3987410586552218,1.9456366237482121
1194,4.7875,4.88125,0.3993819742489271,1.9502145922746783
1195,4.7775,4.88125,0.39919885550786843,1.9502145922746783
1196,4.785,4.88125,0.3987410586552218,1.9456366237482121
1197,4.795,4.88125,0.3995650929899857,1.9502145922746783
1198,4.7875,4.88125,0.39892417739628044,1.9456366237482121
1199,4.8,4.88125,0.40002288984263235,1.9547925608011447
1200,4.785,4.88125,0.3987410586552218,1.9456366237482121
1201,4.795,4.8825,0.3985579399141631,1.9456366237482121
1202,4.785,4.88125,0.3987410586552218,1.9456366237482121
1203,4.78,4.88125,0.39837482117310447,1.9456366237482121
1204,4.7825,4.88125,0.39919885550786843,1.9502145922746783
1205,4.77,4.8825,0.3974592274678112,1.9387696709585123
1206,4.7825,4.8825,0.3985579399141631,1.9456366237482121
1207,4.7825,4.88125,0.3987410586552218,1.9456366237482121
1208,4.7825,4.8825,0.3985579399141631,1.9456366237482121
1209,4.7825,4.88,0.3985579399141631,1.9456366237482121
1210,4.7875,4.88125,0.39919885550786843,1.9502145922746783
1211,4.78,4.88125,0.39837482117310447,1.9456366237482121
1212,4.7775,4.88125,0.3981001430615165,1.9433476394849787
1213,4.7875,4.88125,0.3977339055793992,1.9433476394849787
1214,4.7925,4.88125,0.3993819742489271,1.9502145922746783
1215,4.7925,4.88125,0.3993819742489271,1.9502145922746783
1216,4.7825,4.88125,0.3987410586552218,1.9456366237482121
1217,4.775,4.8825,0.39791702432045783,1.9433476394849787
1218,4.8025,4.88,0.40020600858369104,1.9547925608011447
1219,4.7925,4.88125,0.3997482117310444,1.9502145922746783
1220,4.77,4.8825,0.3974592274678112,1.9387696709585123
1221,4.7975,4.88125,0.3997482117310444,1.9502145922746783
1222,4.7775,4.8825,0.3993819742489271,1.9502145922746783
1223,4.79,4.88125,0.40020600858369104,1.9547925608011447
1224,4.7975,4.8825,0.3997482117310444,1.9502145922746783
1225,4.79,4.8825,0.4031359084406295,1.968526466380544
1226,4.795,4.88125,0.39892417739628044,1.9456366237482121
1227,4.7925,4.8825,0.3993819742489271,1.9502145922746783
1228,4.7875,4.88125,0.39892417739628044,1.9456366237482121
1229,4.785,4.88,0.3993819742489271,1.9502145922746783
1230,4.785,4.8825,0.3987410586552218,1.9456366237482121
1231,4.78,4.8825,0.3987410586552218,1.9456366237482121
1232,4.79,4.88125,0.40148783977110164,1.9616595135908441
1233,4.79,4.88125,0.39919885550786843,1.9502145922746783
1234,4.7925,4.8825,0.40579113018598,1.9799713876967096
1235,4.79,4.88125,0.39791702432045783,1.9433476394849787
1236,4.79,4.88125,0.39919885550786843,1.9502145922746783
1237,4.795,4.87875,0.39626895565092995,1.9341917024320459
1238,4.7875,4.88125,0.3981001430615165,1.9433476394849787
1239,4.795,4.88125,0.3995650929899857,1.9502145922746783
1240,4.79,4.88125,0.39919885550786843,1.9502145922746783
1241,4.7975,4.88,0.3974592274678112,1.9387696709585123
1242,4.7225,4.88125,0.3935221745350501,1.9204577968526468
1243,4.7925,4.88125,0.3993819742489271,1.9502145922746783
1244,4.7875,4.88,0.395170243204578,1.9273247496423465
1245,4.75,4.88125,0.3958111587982833,1.9319027181688129
1246,4.77,4.88125,0.3974592274678112,1.9387696709585123
1247,4.7875,4.88,0.39837482117310447,1.9433476394849787
1248,4.8075,4.88,0.40066380543633767,1.9547925608011447
1249,4.7625,4.8825,0.3969098712446352,1.9387696709585123
1250,4.7825,4.88,0.4021287553648069,1.9616595135908441
1251,4.735,4.88125,0.394620886981402,1.9273247496423465
1252,4.7825,4.8825,0.3985579399141631,1.9456366237482121
1253,4.7675,4.8825,0.3997482117310444,1.9502145922746783
1254,4.7775,4.88,0.3981001430615165,1.9433476394849787
1255,4.7775,4.88125,0.3981001430615165,1.9433476394849787
1256,4.79,4.8825,0.3995650929899857,1.9502145922746783
1257,4.765,4.88,0.39709298998569387,1.9387696709585123
1258,4.7675,4.88125,0.39727610872675256,1.9387696709585123
1259,4.7875,4.87875,0.3987410586552218,1.9456366237482121
1260,4.8125,4.88,0.40103004291845495,1.9570815450643777
1261,4.78,4.8825,0.39837482117310447,1.9456366237482121
1262,4.8,4.88125,0.40066380543633767,1.9547925608011447
1263,4.81,4.88125,0.4008469241773963,1.9570815450643777
1264,4.78,4.88,0.39837482117310447,1.9433476394849787
1265,4.7975,4.8825,0.39837482117310447,1.9456366237482121
1266,4.78,4.88125,0.4026781115879829,1.9662374821173105
1267,4.8025,4.8825,0.40020600858369104,1.9547925608011447
1268,4.7675,4.8825,0.39892417739628044,1.9456366237482121
1269,4.8,4.88125,0.40002288984263235,1.9547925608011447
1270,4.8,4.88,0.40002288984263235,1.9547925608011447
1271,4.85,4.88125,0.39892417739628044,1.9456366237482121
1272,4.7875,4.88375,0.3985579399141631,1.9456366237482121
1273,4.7475,4.8825,0.39562804005722463,1.9319027181688129
1274,4.7675,4.88,0.39892417739628044,1.9456366237482121
1275,4.7675,4.88,0.4016709585121603,1.9616595135908441
1276,4.7975,4.88375,0.3997482117310444,1.9547925608011447
1277,4.77,4.88125,0.39727610872675256,1.9387696709585123
1278,4.755,4.88,0.39791702432045783,1.9433476394849787
1279,4.7725,4.88,0.3977339055793992,1.9433476394849787
1280,4.825,4.88125,0.3974592274678112,1.9387696709585123
1281,4.7675,4.88,0.39919885550786843,1.9456366237482121
1282,4.8,4.88125,0.40002288984263235,1.9547925608011447
1283,4.7875,4.88125,0.39892417739628044,1.9502145922746783
1284,4.755,4.88,0.3981001430615165,1.9433476394849787
1285,4.77,4.87875,0.3974592274678112,1.9387696709585123
1286,4.79,4.88125,0.39919885550786843,1.9502145922746783
1287,4.7975,4.8825,0.4008469241773963,1.9570815450643777
1288,4.8025,4.88125,0.40020600858369104,1.9547925608011447
1289,4.79,4.88125,0.39919885550786843,1.9502145922746783
1290,4.8025,4.88,0.39837482117310447,1.9433476394849787
1291,4.7875,4.8825,0.39892417739628044,1.9456366237482121
1292,4.7825,4.88125,0.3985579399141631,1.9456366237482121
1293,4.8225,4.8825,0.3977339055793992,1.9433476394849787
1294,4.7625,4.88125,0.3969098712446352,1.9387696709585123
1295,4.775,4.8825,0.39791702432045783,1.9433476394849787
1296,4.81,4.88125,0.40066380543633767,1.9547925608011447
1297,4.7625,4.88,0.3969098712446352,1.9341917024320459
1298,4.79,4.88125,0.39919885550786843,1.9502145922746783
1299,4.805,4.88,0.3985579399141631,1.9456366237482121
1300,4.7925,4.88125,0.3993819742489271,1.9502145922746783
1301,4.79,4.88375,0.39919885550786843,1.9502145922746783
1302,4.7875,4.88125,0.40002288984263235,1.9547925608011447
1303,4.745,4.87875,0.395444921316166,1.9273247496423465
1304,4.7725,4.8825,0.3977339055793992,1.9433476394849787
1305,4.795,4.88125,0.39727610872675256,1.9387696709585123
1306,4.7675,4.88125,0.39727610872675256,1.9387696709585123
1307,4.78,4.88,0.39837482117310447,1.9433476394849787
1308,4.7975,4.88,0.3977339055793992,1.9433476394849787
1309,4.765,4.88125,0.39892417739628044,1.9456366237482121
1310,4.775,4.8825,0.39791702432045783,1.9433476394849787
1311,4.79,4.88125,0.39837482117310447,1.9456366237482121
1312,4.795,4.87875,0.3981001430615165,1.9433476394849787
1313,4.7825,4.8825,0.3985579399141631,1.9456366237482121
1314,4.7925,4.88,0.39791702432045783,1.9433476394849787
1315,4.825,4.88125,0.3997482117310444,1.9502145922746783
1316,4.8,4.88,0.40002288984263235,1.9547925608011447
1317,4.8175,4.88,0.4008469241773963,1.9570815450643777
1318,4.785,4.8825,0.4003891273247497,1.9547925608011447
1319,4.785,4.88125,0.3987410586552218,1.9456366237482121
1320,4.7775,4.8825,0.39892417739628044,1.9456366237482121
1321,4.7825,4.88125,0.39562804005722463,1.9319027181688129
1322,4.79,4.88125,0.39919885550786843,1.9502145922746783
1323,4.795,4.8825,0.3995650929899857,1.9502145922746783
1324,4.7975,4.88125,0.3974592274678112,1.9387696709585123
1325,4.775,4.88125,0.39791702432045783,1.9433476394849787
1326,4.8,4.88,0.40002288984263235,1.9547925608011447
1327,4.8075,4.8825,0.39791702432045783,1.9433476394849787
1328,4.785,4.88125,0.3987410586552218,1.9456366237482121
1329,4.7925,4.88,0.3993819742489271,1.9502145922746783
1330,4.8125,4.88,0.395444921316166,1.9319027181688129
1331,4.79,4.8825,0.39919885550786843,1.9502145922746783
1332,4.805,4.8825,0.4003891273247497,1.9547925608011447
1333,4.7975,4.8825,0.39837482117310447,1.9456366237482121
1334,4.8125,4.8825,0.40103004291845495,1.9570815450643777
1335,4.785,4.885,0.3987410586552218,1.9456366237482121
1336,4.7875,4.88125,0.39837482117310447,1.9456366237482121
1337,4.815,4.88,0.40121316165951365,1.9570815450643777
1338,4.7725,4.8825,0.3977339055793992,1.9433476394849787
1339,4.79,4.88125,0.40121316165951365,1.9570815450643777
1340,4.8125,4.88125,0.40103004291845495,1.9570815450643777
1341,4.7475,4.88,0.39562804005722463,1.9319027181688129
1342,4.785,4.88125,0.3997482117310444,1.9502145922746783
1343,4.8075,4.8825,0.40066380543633767,1.9570815450643777
1344,4.7825,4.88125,0.3985579399141631,1.9456366237482121
1345,4.8,4.88,0.39837482117310447,1.9433476394849787
1346,4.7975,4.8825,0.3997482117310444,1.9502145922746783
1347,4.7875,4.88,0.39892417739628044,1.9456366237482121
1348,4.8175,4.8825,0.39892417739628044,1.9456366237482121
1349,4.7925,4.8825,0.3993819742489271,1.9502145922746783
1350,4.785,4.88125,0.3987410586552218,1.9456366237482121
1351,4.7675,4.88125,0.39837482117310447,1.9456366237482121
1352,4.7725,4.88125,0.39919885550786843,1.9502145922746783
1353,4.785,4.8825,0.3987410586552218,1.9456366237482121
1354,4.8025,4.88,0.39709298998569387,1.9387696709585123
1355,4.775,4.8825,0.3985579399141631,1.9456366237482121
1356,4.79,4.88125,0.39919885550786843,1.9502145922746783
1357,4.7725,4.88125,0.39919885550786843,1.9502145922746783
1358,4.7925,4.8825,0.40002288984263235,1.9547925608011447
1359,4.7925,4.88,0.3993819742489271,1.9502145922746783
1360,4.78,4.88125,0.39919885550786843,1.9502145922746783
1361,4.7625,4.88125,0.39727610872675256,1.9387696709585123
1362,4.815,4.88125,0.40121316165951365,1.9570815450643777
1363,4.775,4.88125,0.39919885550786843,1.9502145922746783
1364,4.8,4.88125,0.3985579399141631,1.9456366237482121
1365,4.8025,4.88125,0.40020600858369104,1.9547925608011447
1366,4.78,4.88125,0.39892417739628044,1.9456366237482121
1367,4.7975,4.88125,0.3987410586552218,1.9456366237482121
1368,4.7625,4.88,0.3969098712446352,1.9341917024320459
1369,4.7975,4.8825,0.3997482117310444,1.9456366237482121
1370,4.77,4.88125,0.3985579399141631,1.9456366237482121
1371,4.78,4.88,0.39837482117310447,1.9433476394849787
1372,4.79,4.88125,0.39919885550786843,1.9502145922746783
1373,4.7725,4.87875,0.3987410586552218,1.9456366237482121
1374,4.7875,4.88125,0.39892417739628044,1.9456366237482121
1375,4.7775,4.88,0.3981001430615165,1.9433476394849787
1376,4.7875,4.8825,0.3977339055793992,1.9433476394849787
1377,4.7875,4.88125,0.39892417739628044,1.9456366237482121
1378,4.78,4.8825,0.39837482117310447,1.9456366237482121
1379,4.7725,4.8825,0.3985579399141631,1.9456366237482121
1380,4.785,4.8825,0.3987410586552218,1.9456366237482121
1381,4.8025,4.88125,0.40020600858369104,1.9547925608011447
1382,4.795,4.8825,0.3993819742489271,1.9502145922746783
1383,4.79,4.88125,0.39919885550786843,1.9502145922746783
1384,4.81,4.88125,0.4008469241773963,1.9570815450643777
1385,4.7925,4.88125,0.3987410586552218,1.9456366237482121
1386,4.78,4.8825,0.39837482117310447,1.9456366237482121
1387,4.79,4.88125,0.39919885550786843,1.9502145922746783
1388,4.7875,4.88,0.40002288984263235,1.9547925608011447
1389,4.7925,4.8825,0.3993819742489271,1.9502145922746783
1390,4.79,4.88125,0.39919885550786843,1.9502145922746783
1391,4.7825,4.88125,0.39791702432045783,1.9433476394849787
1392,4.795,4.88,0.3995650929899857,1.9502145922746783
1393,4.8,4.88125,0.40002288984263235,1.9547925608011447
1394,4.795,4.8825,0.39892417739628044,1.9456366237482121
1395,4.8,4.88125,0.40002288984263235,1.9547925608011447
1396,4.78,4.8825,0.39837482117310447,1.9456366237482121
1397,4.765,4.88125,0.39919885550786843,1.9502145922746783
1398,4.7775,4.88125,0.39892417739628044,1.9456366237482121
1399,4.7675,4.88,0.39727610872675256,1.9387696709585123
1400,4.7775,4.88,0.39892417739628044,1.9456366237482121
1401,4.8,4.88125,0.3993819742489271,1.9502145922746783
1402,4.7925,4.88,0.3993819742489271,1.9502145922746783
1403,4.7875,4.8825,0.3987410586552218,1.9456366237482121
1404,4.78,4.88,0.40002288984263235,1.9547925608011447
1405,4.785,4.8825,0.3987410586552218,1.9456366237482121
1406,4.8,4.8825,0.3985579399141631,1.9456366237482121
1407,4.805,4.88,0.3997482117310444,1.9502145922746783
1408,4.7825,4.88125,0.3985579399141631,1.9456366237482121
1409,4.775,4.88,0.39919885550786843,1.9456366237482121
1410,4.8175,4.88125,0.3995650929899857,1.9502145922746783
1411,4.8,4.88125,0.40002288984263235,1.9547925608011447
1412,4.79,4.88125,0.39919885550786843,1.9502145922746783
1413,4.785,4.88125,0.39919885550786843,1.9502145922746783
1414,4.78,4.88125,0.39837482117310447,1.9456366237482121
1415,4.785,4.88125,0.3987410586552218,1.9456366237482121
1416,4.765,4.88125,0.40002288984263235,1.9547925608011447
1417,4.785,4.88125,0.3987410586552218,1.9456366237482121
1418,4.7825,4.88125,0.3985579399141631,1.9456366237482121
1419,4.775,4.8825,0.39837482117310447,1.9456366237482121
1420,4.795,4.8825,0.3995650929899857,1.9502145922746783
1421,4.775,4.8825,0.39791702432045783,1.9433476394849787
1422,4.7925,4.88125,0.4003891273247497,1.9547925608011447
1423,4.79,4.88125,0.39919885550786843,1.9502145922746783
1424,4.79,4.8825,0.39919885550786843,1.9502145922746783
1425,4.795,4.88125,0.3993819742489271,1.9502145922746783
1426,4.7875,4.88125,0.39892417739628044,1.9456366237482121
1427,4.7875,4.88125,0.39892417739628044,1.9456366237482121
1428,4.7675,4.88,0.3995650929899857,1.9502145922746783
1429,4.79,4.88,0.39919885550786843,1.9456366237482121
1430,4.79,4.88125,0.39919885550786843,1.9502145922746783
1431,4.78,4.88125,0.4003891273247497,1.9547925608011447
1432,4.7975,4.8825,0.3997482117310444,1.9502145922746783
1433,4.7925,4.8825,0.3993819742489271,1.9502145922746783
1434,4.7775,4.88125,0.39892417739628044,1.9456366237482121
1435,4.7825,4.8825,0.3985579399141631,1.9456366237482121
1436,4.795,4.8825,0.3995650929899857,1.9502145922746783
1437,4.8,4.88125,0.39791702432045783,1.9433476394849787
1438,4.7875,4.8825,0.39892417739628044,1.9456366237482121
1439,4.795,4.88,0.3995650929899857,1.9502145922746783
1440,4.79,4.88,0.3985579399141631,1.9456366237482121
1441,4.7825,4.88125,0.39919885550786843,1.9502145922746783
1442,4.785,4.88125,0.3987410586552218,1.9456366237482121
1443,4.7975,4.88,0.3981001430615165,1.9433476394849787
1444,4.7825,4.88125,0.39919885550786843,1.9502145922746783
1445,4.795,4.88125,0.3995650929899857,1.9502145922746783
1446,4.7925,4.88,0.3981001430615165,1.9433476394849787
1447,4.7825,4.88125,0.3985579399141631,1.9456366237482121
1448,4.7775,4.88125,0.3981001430615165,1.9433476394849787
1449,4.795,4.88125,0.3987410586552218,1.9456366237482121
1450,4.8,4.8825,0.3985579399141631,1.9456366237482121
1451,4.7875,4.8825,0.39892417739628044,1.9456366237482121
1452,4.7875,4.88,0.40066380543633767,1.9547925608011447
1453,4.8,4.88125,0.3981001430615165,1.9433476394849787
1454,4.79,4.88125,0.39919885550786843,1.9502145922746783
1455,4.7975,4.88,0.3997482117310444,1.9387696709585123
1456,4.8,4.8825,0.40103004291845495,1.9570815450643777
1457,4.7775,4.88125,0.3981001430615165,1.9433476394849787
1458,4.78,4.88125,0.39837482117310447,1.9456366237482121
1459,4.81,4.88,0.3985579399141631,1.9456366237482121
1460,4.79,4.8825,0.39919885550786843,1.9502145922746783
1461,4.7875,4.8825,0.39892417739628044,1.9456366237482121
1462,4.79,4.88125,0.39892417739628044,1.9456366237482121
1463,4.79,4.88125,0.39919885550786843,1.9502145922746783
1464,4.78,4.88125,0.39837482117310447,1.9456366237482121
1465,4.8,4.88125,0.39892417739628044,1.9456366237482121
1466,4.7875,4.88125,0.39892417739628044,1.9456366237482121
1467,4.78,4.8825,0.39837482117310447,1.9456366237482121
1468,4.795,4.88125,0.39892417739628044,1.9456366237482121
1469,4.79,4.8825,0.39919885550786843,1.9502145922746783
1470,4.785,4.88,0.3987410586552218,1.9456366237482121
1471,4.79,4.88,0.40020600858369104,1.9547925608011447
1472,4.805,4.88125,0.4003891273247497,1.9547925608011447
1473,4.79,4.8825,0.39919885550786843,1.9502145922746783
1474,4.795,4.88125,0.40066380543633767,1.9547925608011447
1475,4.785,4.88125,0.3987410586552218,1.9456366237482121
1476,4.78,4.88,0.39837482117310447,1.9433476394849787
1477,4.8025,4.8825,0.3977339055793992,1.9433476394849787
1478,4.7875,4.88,0.39892417739628044,1.9456366237482121
1479,4.785,4.8825,0.3987410586552218,1.9456366237482121
1480,4.7825,4.88,0.39562804005722463,1.9319027181688129
1481,4.775,4.88125,0.39791702432045783,1.9433476394849787
1482,4.7975,4.88125,0.3997482117310444,1.9502145922746783
1483,4.7875,4.88,0.4018540772532189,1.9616595135908441
1484,4.785,4.88125,0.3977339055793992,1.9433476394849787
1485,4.765,4.88125,0.39709298998569387,1.9387696709585123
1486,4.7825,4.88,0.3987410586552218,1.9456366237482121
1487,4.7875,4.88,0.3985579399141631,1.9456366237482121
1488,4.8,4.88125,0.40002288984263235,1.9547925608011447
1489,4.785,4.8825,0.3969098712446352,1.9387696709585123
1490,4.7875,4.88125,0.40121316165951365,1.9570815450643777
1491,4.8225,4.88125,0.4018540772532189,1.9616595135908441
1492,4.7725,4.8825,0.3964520743919886,1.9341917024320459
1493,4.7825,4.88125,0.39727610872675256,1.9387696709585123
1494,4.81,4.88125,0.4008469241773963,1.9570815450643777
1495,4.79,4.8825,0.3987410586552218,1.9456366237482121
1496,4.7875,4.8825,0.40002288984263235,1.9547925608011447
1497,4.8375,4.88125,0.4031359084406295,1.968526466380544
1498,4.775,4.88125,0.39791702432045783,1.9456366237482121
1499,4.7775,4.88125,0.39892417739628044,1.9456366237482121
1500,4.8125,4.88,0.40103004291845495,1.9570815450643777
1501,4.79,4.88,0.39919885550786843,1.9456366237482121
1502,4.7875,4.88125,0.3997482117310444,1.9502145922746783
1503,4.8275,4.87875,0.40231187410586555,1.9616595135908441
1504,4.78,4.88125,0.39837482117310447,1.9456366237482121
1505,4.7825,4.88125,0.39919885550786843,1.9502145922746783
1506,4.745,4.88,0.395444921316166,1.9319027181688129
1507,4.7775,4.88,0.3981001430615165,1.9433476394849787
1508,4.7725,4.8825,0.3974592274678112,1.9387696709585123
1509,4.7475,4.88,0.39562804005722463,1.9319027181688129
1510,4.7825,4.88125,0.3985579399141631,1.9456366237482121
1511,4.77,4.88125,0.39892417739628044,1.9456366237482121
1512,4.7925,4.8825,0.3993819742489271,1.9502145922746783
1513,4.785,4.88125,0.3987410586552218,1.9456366237482121
1514,4.7825,4.8825,0.3985579399141631,1.9456366237482121
1515,4.7475,4.8825,0.39562804005722463,1.9319027181688129
1516,4.7375,4.88125,0.3948040057224607,1.9273247496423465
1517,4.8,4.8825,0.3993819742489271,1.9502145922746783
1518,4.79,4.88,0.39919885550786843,1.9456366237482121
1519,4.7875,4.88125,0.39892417739628044,1.9456366237482121
1520,4.775,4.88125,0.39919885550786843,1.9502145922746783
1521,4.7825,4.8825,0.3985579399141631,1.9456366237482121
1522,4.8125,4.8825,0.40103004291845495,1.9570815450643777
1523,4.815,4.88125,0.3985579399141631,1.9456366237482121
1524,4.8,4.88125,0.40002288984263235,1.9547925608011447
1525,4.8,4.88125,0.40002288984263235,1.9547925608011447
1526,4.775,4.8825,0.39892417739628044,1.9456366237482121
1527,4.78,4.88,0.39919885550786843,1.9456366237482121
1528,4.755,4.8825,0.39626895565092995,1.9341917024320459
1529,4.805,4.8825,0.40002288984263235,1.9547925608011447
1530,4.8075,4.8825,0.3995650929899857,1.9502145922746783
1531,4.7925,4.88125,0.3993819742489271,1.9502145922746783
1532,4.825,4.8825,0.3977339055793992,1.9433476394849787
1533,4.8475,4.8825,0.39919885550786843,1.9502145922746783
1534,4.785,4.88,0.3987410586552218,1.9456366237482121
1535,4.7625,4.88125,0.39892417739628044,1.9456366237482121
1536,4.73,4.88,0.39791702432045783,1.9433476394849787
1537,4.7775,4.87875,0.3981001430615165,1.9433476394849787
1538,4.795,4.8825,0.3969098712446352,1.9387696709585123
1539,4.825,4.88125,0.3987410586552218,1.9456366237482121
1540,4.78,4.8825,0.39837482117310447,1.9456366237482121
1541,4.8075,4.88125,0.3993819742489271,1.9502145922746783
1542,4.805,4.88125,0.40002288984263235,1.9547925608011447
1543,4.7775,4.88,0.3981001430615165,1.9433476394849787
1544,4.7625,4.8825,0.3969098712446352,1.9387696709585123
1545,4.8225,4.88125,0.3997482117310444,1.9502145922746783
1546,4.8075,4.8825,0.40066380543633767,1.9570815450643777
1547,4.7775,4.8825,0.3981001430615165,1.9433476394849787
1548,4.7875,4.88125,0.3993819742489271,1.9502145922746783
1549,4.7925,4.8825,0.3993819742489271,1.9502145922746783
1550,4.775,4.88125,0.39791702432045783,1.9433476394849787
1551,4.7725,4.88,0.3995650929899857,1.9502145922746783
1552,4.795,4.88125,0.3995650929899857,1.9502145922746783
1553,4.785,4.88,0.3987410586552218,1.9456366237482121
1554,4.7925,4.88,0.39709298998569387,1.9387696709585123
1555,4.8075,4.88125,0.40066380543633767,1.9547925608011447
1556,4.7875,4.87875,0.39892417739628044,1.9456366237482121
1557,4.785,4.88125,0.3985579399141631,1.9456366237482121
1558,4.7875,4.88,0.39892417739628044,1.9456366237482121
1559,4.7775,4.88,0.3981001430615165,1.9433476394849787
1560,4.8025,4.88125,0.394620886981402,1.9273247496423465
1561,4.7875,4.88125,0.39892417739628044,1.9456366237482121
1562,4.7825,4.88,0.3985579399141631,1.9456366237482121
1563,4.785,4.88125,0.39892417739628044,1.9456366237482121
1564,4.8125,4.88,0.40103004291845495,1.9570815450643777
1565,4.805,4.88125,0.4003891273247497,1.9547925608011447
1566,4.7925,4.8825,0.3993819742489271,1.9502145922746783
1567,4.79,4.88,0.39919885550786843,1.9456366237482121
1568,4.7625,4.88125,0.3969098712446352,1.9387696709585123
1569,4.7925,4.88125,0.4003891273247497,1.9547925608011447
1570,4.7675,4.88,0.3987410586552218,1.9456366237482121
1571,4.7825,4.88125,0.3985579399141631,1.9456366237482121
1572,4.79,4.88125,0.39892417739628044,1.9456366237482121
1573,4.7925,4.88125,0.3993819742489271,1.9502145922746783
1574,4.7725,4.88375,0.3977339055793992,1.9433476394849787
1575,4.7925,4.88125,0.39791702432045783,1.9433476394849787
1576,4.7925,4.88125,0.3985579399141631,1.9456366237482121
1577,4.7725,4.88125,0.3977339055793992,1.9433476394849787
1578,4.7825,4.88,0.39919885550786843,1.9456366237482121
1579,4.8,4.88125,0.39791702432045783,1.9433476394849787
1580,4.7975,4.88375,0.3997482117310444,1.9547925608011447
1581,4.8,4.88,0.40020600858369104,1.9547925608011447
1582,4.79,4.88125,0.40020600858369104,1.9547925608011447
1583,4.7825,4.88125,0.3985579399141631,1.9456366237482121
1584,4.7725,4.88125,0.3987410586552218,1.9456366237482121
1585,4.775,4.88125,0.39892417739628044,1.9456366237482121
1586,4.7725,4.88,0.3977339055793992,1.9433476394849787
1587,4.815,4.88125,0.40121316165951365,1.9570815450643777
1588,4.785,4.88,0.40066380543633767,1.9547925608011447
1589,4.7725,4.88,0.3977339055793992,1.9433476394849787
1590,4.7975,4.88125,0.3997482117310444,1.9502145922746783
1591,4.785,4.88,0.39892417739628044,1.9456366237482121
1592,4.805,4.88125,0.4003891273247497,1.9547925608011447
1593,4.7875,4.88125,0.39892417739628044,1.9456366237482121
1594,4.795,4.8825,0.39727610872675256,1.9387696709585123
1595,4.7775,4.88375,0.3981001430615165,1.9433476394849787
1596,4.7925,4.88125,0.3993819742489271,1.9502145922746783
1597,4.7825,4.88,0.39892417739628044,1.9456366237482121
1598,4.7875,4.88,0.39892417739628044,1.9456366237482121
1599,4.7875,4.8825,0.39892417739628044,1.9456366237482121
1600,4.7825,4.8825,0.40002288984263235,1.9547925608011447
1601,4.79,4.88125,0.39919885550786843,1.9502145922746783
1602,4.7775,4.8825,0.3981001430615165,1.9433476394849787
1603,4.7875,4.88,0.3977339055793992,1.9433476394849787
1604,4.79,4.8825,0.39919885550786843,1.9502145922746783
1605,4.7675,4.88125,0.39727610872675256,1.9387696709585123
1606,4.8,4.88125,0.3995650929899857,1.9502145922746783
1607,4.795,4.88125,0.3995650929899857,1.9502145922746783
1608,4.7725,4.8825,0.3977339055793992,1.9433476394849787
1609,4.785,4.88125,0.3987410586552218,1.9456366237482121
1610,4.7875,4.88125,0.39892417739628044,1.9456366237482121
1611,4.8025,4.88,0.40020600858369104,1.9547925608011447
1612,4.8,4.88125,0.39919885550786843,1.9502145922746783
1613,4.7975,4.88,0.3977339055793992,1.9433476394849787
1614,4.815,4.88125,0.40121316165951365,1.9570815450643777
1615,4.7825,4.88125,0.39892417739628044,1.9456366237482121
1616,4.7875,4.88,0.3987410586552218,1.9456366237482121
1617,4.7775,4.88125,0.3981001430615165,1.9433476394849787
1618,4.7925,4.8825,0.39837482117310447,1.9456366237482121
1619,4.805,4.8825,0.39892417739628044,1.9456366237482121
1620,4.7875,4.8825,0.39892417739628044,1.9456366237482121
1621,4.7925,4.8825,0.3987410586552218,1.9456366237482121
1622,4.775,4.8825,0.39892417739628044,1.9456366237482121
1623,4.7725,4.88375,0.3977339055793992,1.9433476394849787
1624,4.7725,4.88125,0.3993819742489271,1.9502145922746783
1625,4.7925,4.88,0.39919885550786843,1.9456366237482121
1626,4.795,4.88,0.3995650929899857,1.9502145922746783
1627,4.79,4.88125,0.40020600858369104,1.9547925608011447
1628,4.7875,4.8825,0.3981001430615165,1.9433476394849787
1629,4.78,4.88125,0.39837482117310447,1.9456366237482121
1630,4.7675,4.88,0.39727610872675256,1.9387696709585123
1631,4.7875,4.88125,0.3995650929899857,1.9502145922746783
1632,4.7925,4.88125,0.3993819742489271,1.9502145922746783
1633,4.7775,4.8825,0.3981001430615165,1.9433476394849787
1634,4.7925,4.88125,0.3981001430615165,1.9433476394849787
1635,4.7825,4.88125,0.3985579399141631,1.9456366237482121
1636,4.795,4.88125,0.3995650929899857,1.9502145922746783
1637,4.8075,4.88375,0.3974592274678112,1.9433476394849787
1638,4.795,4.88,0.3995650929899857,1.9502145922746783
1639,4.7625,4.8825,0.3969098712446352,1.9387696709585123
1640,4.7775,4.88125,0.3993819742489271,1.9502145922746783
1641,4.81,4.8825,0.4008469241773963,1.9570815450643777
1642,4.805,4.8825,0.4003891273247497,1.9547925608011447
1643,4.7725,4.88125,0.3995650929899857,1.9502145922746783
1644,4.8,4.8825,0.40002288984263235,1.9547925608011447
1645,4.7775,4.88125,0.3981001430615165,1.9433476394849787
1646,4.8025,4.88125,0.39892417739628044,1.9456366237482121
1647,4.775,4.88125,0.39791702432045783,1.9433476394849787
1648,4.8175,4.8825,0.40148783977110164,1.9616595135908441
1649,4.8025,4.88125,0.39919885550786843,1.9502145922746783
1650,4.7775,4.8825,0.3981001430615165,1.9433476394849787
1651,4.805,4.8825,0.4003891273247497,1.9547925608011447
1652,4.775,4.8825,0.39892417739628044,1.9456366237482121
1653,4.7925,4.88,0.3993819742489271,1.9502145922746783
1654,4.7925,4.8825,0.3993819742489271,1.9502145922746783
1655,4.7775,4.88125,0.3995650929899857,1.9502145922746783
1656,4.775,4.8825,0.3987410586552218,1.9456366237482121
1657,4.8075,4.88,0.40066380543633767,1.9547925608011447
1658,4.79,4.88125,0.3997482117310444,1.9502145922746783
1659,4.7775,4.88,0.3985579399141631,1.9456366237482121
1660,4.78,4.88125,0.39837482117310447,1.9456366237482121
1661,4.7725,4.8825,0.39919885550786843,1.9502145922746783
1662,4.79,4.88,0.3985579399141631,1.9456366237482121
1663,4.7875,4.88125,0.39892417739628044,1.9456366237482121
1664,4.7775,4.8825,0.3977339055793992,1.9433476394849787
1665,4.8125,4.88,0.3985579399141631,1.9456366237482121
1666,4.78,4.88125,0.39837482117310447,1.9456366237482121
1667,4.7725,4.8825,0.3987410586552218,1.9456366237482121
1668,4.7725,4.8825,0.3974592274678112,1.9387696709585123
1669,4.78,4.88125,0.39837482117310447,1.9456366237482121
1670,4.78,4.8825,0.39892417739628044,1.9456366237482121
1671,4.7875,4.88125,0.3995650929899857,1.9502145922746783
1672,4.78,4.8825,0.39837482117310447,1.9456366237482121
1673,4.795,4.88125,0.3995650929899857,1.9456366237482121
1674,4.78,4.88125,0.3997482117310444,1.9502145922746783
1675,4.785,4.88125,0.3987410586552218,1.9456366237482121
1676,4.7975,4.88125,0.3997482117310444,1.9502145922746783
1677,4.7725,4.8825,0.40066380543633767,1.9570815450643777
1678,4.7875,4.88125,0.39892417739628044,1.9456366237482121
1679,4.785,4.8825,0.3987410586552218,1.9456366237482121
1680,4.7725,4.88,0.39919885550786843,1.9456366237482121
1681,4.7825,4.88125,0.3985579399141631,1.9456366237482121
1682,4.79,4.8825,0.39919885550786843,1.9502145922746783
1683,4.775,4.88125,0.39919885550786843,1.9502145922746783
1684,4.7775,4.88125,0.3981001430615165,1.9433476394849787
1685,4.795,4.8825,0.3995650929899857,1.9502145922746783
1686,4.78,4.8825,0.39892417739628044,1.9456366237482121
1687,4.785,4.88125,0.3987410586552218,1.9456366237482121
1688,4.7875,4.88375,0.39892417739628044,1.9456366237482121
1689,4.7825,4.8825,0.3981001430615165,1.9433476394849787
1690,4.7925,4.88,0.3993819742489271,1.9502145922746783
1691,4.7675,4.88125,0.39727610872675256,1.9387696709585123
1692,4.7925,4.88125,0.39892417739628044,1.9456366237482121
1693,4.79,4.88125,0.39919885550786843,1.9502145922746783
1694,4.79,4.8825,0.39919885550786843,1.9502145922746783
1695,4.79,4.8825,0.39892417739628044,1.9456366237482121
1696,4.7825,4.88,0.3985579399141631,1.9456366237482121
1697,4.7925,4.8825,0.3993819742489271,1.9502145922746783
1698,4.7925,4.8825,0.39892417739628044,1.9456366237482121
1699,4.78,4.8825,0.3997482117310444,1.9502145922746783
1700,4.7925,4.88,0.3993819742489271,1.9502145922746783
1701,4.7825,4.88625,0.39919885550786843,1.9502145922746783
1702,4.7775,4.88125,0.3987410586552218,1.9456366237482121
1703,4.8075,4.8825,0.40066380543633767,1.9570815450643777
1704,4.79,4.8825,0.39919885550786843,1.9502145922746783
1705,4.7825,4.88125,0.39791702432045783,1.9433476394849787
1706,4.785,4.88125,0.3987410586552218,1.9456366237482121
1707,4.7925,4.88,0.3987410586552218,1.9456366237482121
1708,4.7925,4.88125,0.39837482117310447,1.9456366237482121
1709,4.7825,4.88,0.3985579399141631,1.9456366237482121
1710,4.79,4.8825,0.39791702432045783,1.9433476394849787
1711,4.785,4.88125,0.3981001430615165,1.9433476394849787
1712,4.805,4.8825,0.4003891273247497,1.9547925608011447
1713,4.785,4.8825,0.39791702432045783,1.9433476394849787
1714,4.78,4.8825,0.3993819742489271,1.9502145922746783
1715,4.785,4.88,0.3987410586552218,1.9456366237482121
1716,4.78,4.88125,0.39837482117310447,1.9456366237482121
1717,4.79,4.88125,0.3987410586552218,1.9456366237482121
1718,4.7775,4.8825,0.3981001430615165,1.9433476394849787
1719,4.805,4.8825,0.4003891273247497,1.9547925608011447
1720,4.7875,4.8825,0.39919885550786843,1.9502145922746783
1721,4.7825,4.88125,0.3985579399141631,1.9456366237482121
1722,4.785,4.8825,0.3987410586552218,1.9456366237482121
1723,4.785,4.8825,0.3987410586552218,1.9456366237482121
1724,4.785,4.8825,0.3987410586552218,1.9456366237482121
1725,4.795,4.88125,0.3995650929899857,1.9502145922746783
1726,4.79,4.88,0.3995650929899857,1.9502145922746783
1727,4.7925,4.88125,0.3993819742489271,1.9502145922746783
1728,4.7925,4.88,0.3993819742489271,1.9502145922746783
1729,4.785,4.88,0.3997482117310444,1.9502145922746783
1730,4.7825,4.8825,0.3985579399141631,1.9456366237482121
1731,4.8075,4.88125,0.40066380543633767,1.9547925608011447
1732,4.7825,4.8825,0.3995650929899857,1.9502145922746783
1733,4.795,4.8825,0.3995650929899857,1.9502145922746783
1734,4.7875,4.88,0.39892417739628044,1.9456366237482121
1735,4.785,4.88125,0.3985579399141631,1.9456366237482121
1736,4.7975,4.8825,0.3997482117310444,1.9502145922746783
1737,4.7875,4.88,0.39892417739628044,1.9456366237482121
1738,4.7925,4.8825,0.39892417739628044,1.9456366237482121
1739,4.795,4.88,0.3995650929899857,1.9502145922746783
1740,4.78,4.88125,0.39837482117310447,1.9456366237482121
1741,4.785,4.8825,0.39727610872675256,1.9387696709585123
1742,4.79,4.88,0.39837482117310447,1.9433476394849787
1743,4.8,4.8825,0.40002288984263235,1.9547925608011447
1744,4.795,4.8825,0.40066380543633767,1.9570815450643777
1745,4.7925,4.88125,0.3997482117310444,1.9502145922746783
1746,4.79,4.88125,0.39919885550786843,1.9502145922746783
1747,4.7875,4.8825,0.395170243204578,1.9273247496423465
1748,4.79,4.88,0.3993819742489271,1.9502145922746783
1749,4.795,4.88,0.3995650929899857,1.9502145922746783
1750,4.785,4.88375,0.40020600858369104,1.9547925608011447
1751,4.7825,4.8825,0.40002288984263235,1.9547925608011447
1752,4.78,4.8825,0.39837482117310447,1.9456366237482121
1753,4.775,4.88125,0.40020600858369104,1.9547925608011447
1754,4.795,4.88125,0.40148783977110164,1.9616595135908441
1755,4.785,4.8825,0.3987410586552218,1.9456366237482121
1756,4.79,4.8825,0.3993819742489271,1.9502145922746783
1757,4.7875,4.8825,0.3987410586552218,1.9456366237482121
1758,4.7925,4.8825,0.3993819742489271,1.9502145922746783
1759,4.7775,4.88125,0.3981001430615165,1.9433476394849787
1760,4.78,4.88125,0.3993819742489271,1.9502145922746783
1761,4.78,4.8825,0.39837482117310447,1.9456366237482121
1762,4.7825,4.8825,0.3985579399141631,1.9456366237482121
1763,4.7775,4.8825,0.4016709585121603,1.9616595135908441
1764,4.7925,4.88,0.3993819742489271,1.9502145922746783
1765,4.7825,4.88125,0.3985579399141631,1.9456366237482121
1766,4.8,4.88125,0.39837482117310447,1.9456366237482121
1767,4.785,4.88,0.3987410586552218,1.9456366237482121
1768,4.79,4.8825,0.39919885550786843,1.9502145922746783
1769,4.7825,4.8825,0.40148783977110164,1.9616595135908441
1770,4.8,4.88125,0.40002288984263235,1.9547925608011447
1771,4.7875,4.8825,0.39892417739628044,1.9456366237482121
1772,4.79,4.88125,0.394620886981402,1.9273247496423465
1773,4.775,4.88,0.39791702432045783,1.9433476394849787
1774,4.7875,4.8825,0.39892417739628044,1.9456366237482121
1775,4.78,4.88,0.40121316165951365,1.9570815450643777
1776,4.825,4.88125,0.4021287553648069,1.9616595135908441
1777,4.785,4.8825,0.3987410586552218,1.9456366237482121
1778,4.79,4.88125,0.4008469241773963,1.9570815450643777
1779,4.855,4.88375,0.40460085836909876,1.9753934191702434
1780,4.7775,4.88125,0.3981001430615165,1.9433476394849787
1781,4.7975,4.88125,0.40121316165951365,1.9570815450643777
1782,4.795,4.88125,0.3995650929899857,1.9502145922746783
1783,4.785,4.88125,0.3987410586552218,1.9456366237482121
1784,4.79,4.88125,0.3995650929899857,1.9502145922746783
1785,4.7925,4.88125,0.3993819742489271,1.9502145922746783
1786,4.77,4.8825,0.3974592274678112,1.9387696709585123
1787,4.7975,4.88,0.3997482117310444,1.9502145922746783
1788,4.7775,4.88125,0.39663519313304724,1.9341917024320459
1789,4.8025,4.8825,0.40020600858369104,1.9547925608011447
1790,4.7875,4.88125,0.39709298998569387,1.9387696709585123
1791,4.7725,4.88125,0.394620886981402,1.9273247496423465
1792,4.7925,4.8825,0.3993819742489271,1.9502145922746783
1793,4.7875,4.8825,0.40066380543633767,1.9570815450643777
1794,4.7875,4.88125,0.4039599427753935,1.9731044349070102
1795,4.785,4.88125,0.3987410586552218,1.9456366237482121
1796,4.7675,4.88,0.39709298998569387,1.9387696709585123
1797,4.8,4.88125,0.3977339055793992,1.9433476394849787
1798,4.775,4.88125,0.39791702432045783,1.9433476394849787
1799,4.7875,4.88125,0.3997482117310444,1.9502145922746783
1800,4.7975,4.88125,0.3997482117310444,1.9502145922746783
1801,4.775,4.88,0.39791702432045783,1.9433476394849787
1802,4.76,4.8825,0.39663519313304724,1.9456366237482121
1803,4.78,4.88125,0.3981001430615165,1.9433476394849787
1804,4.8175,4.87875,0.40148783977110164,1.9570815450643777
1805,4.77,4.88125,0.3974592274678112,1.9387696709585123
1806,4.785,4.8825,0.40121316165951365,1.9570815450643777
1807,4.7575,4.8825,0.3964520743919886,1.9341917024320459
1808,4.7475,4.8825,0.39562804005722463,1.9319027181688129
1809,4.7825,4.88375,0.3997482117310444,1.9547925608011447
1810,4.7175,4.8825,0.3931559370529328,1.9204577968526468
1811,4.805,4.88,0.4003891273247497,1.9547925608011447
1812,4.7975,4.88125,0.39919885550786843,1.9502145922746783
1813,4.8025,4.88125,0.40020600858369104,1.9547925608011447
1814,4.77,4.88125,0.3974592274678112,1.9387696709585123
1815,4.8,4.87875,0.3974592274678112,1.9387696709585123
1816,4.81,4.88125,0.4008469241773963,1.9570815450643777
1817,4.79,4.8825,0.39919885550786843,1.9502145922746783
1818,4.79,4.88125,0.3977339055793992,1.9433476394849787
1819,4.775,4.88125,0.39791702432045783,1.9433476394849787
1820,4.755,4.88125,0.39626895565092995,1.9341917024320459
1821,4.7775,4.88,0.39837482117310447,1.9433476394849787
1822,4.7725,4.88125,0.3977339055793992,1.9433476394849787
1823,4.785,4.8825,0.3987410586552218,1.9456366237482121
1824,4.7625,4.88375,0.39837482117310447,1.9456366237482121
1825,4.82,4.88125,0.4016709585121603,1.9616595135908441
1826,4.845,4.88,0.4037768240343348,1.968526466380544
1827,4.7775,4.88,0.40002288984263235,1.9547925608011447
1828,4.73,4.8825,0.3941630901287554,1.9250357653791133
1829,4.795,4.88125,0.3995650929899857,1.9502145922746783
1830,4.79,4.8825,0.40148783977110164,1.9616595135908441
1831,4.7625,4.8825,0.3995650929899857,1.9502145922746783
1832,4.7925,4.88,0.3993819742489271,1.9502145922746783
1833,4.8075,4.8825,0.39892417739628044,1.9456366237482121
1834,4.795,4.88,0.3981001430615165,1.9433476394849787
1835,4.8375,4.88,0.4031359084406295,1.968526466380544
1836,4.7875,4.88125,0.3969098712446352,1.9387696709585123
1837,4.79,4.88,0.3997482117310444,1.9502145922746783
1838,4.74,4.8825,0.39498712446351936,1.9273247496423465
1839,4.805,4.88125,0.39892417739628044,1.9456366237482121
1840,4.7675,4.88,0.3964520743919886,1.9341917024320459
1841,4.78,4.8775,0.39837482117310447,1.9433476394849787
1842,4.7775,4.88125,0.3943462088698141,1.9250357653791133
1843,4.795,4.88,0.4003891273247497,1.9547925608011447
1844,4.7725,4.88375,0.3977339055793992,1.9433476394849787
1845,4.7675,4.8825,0.39727610872675256,1.9456366237482121
1846,4.7675,4.88,0.4008469241773963,1.9570815450643777
1847,4.7925,4.88125,0.3993819742489271,1.9502145922746783
1848,4.75,4.88125,0.3958111587982833,1.9319027181688129
1849,4.7775,4.88,0.39727610872675256,1.9387696709585123
1850,4.795,4.88125,0.3995650929899857,1.9502145922746783
1851,4.755,4.88,0.39626895565092995,1.9341917024320459
1852,4.74,4.88125,0.3969098712446352,1.9387696709585123
1853,4.74,4.885,0.39498712446351936,1.9273247496423465
1854,4.7625,4.8825,0.3969098712446352,1.9387696709585123
1855,4.7825,4.8825,0.3981001430615165,1.9433476394849787
1856,4.785,4.88125,0.3987410586552218,1.9456366237482121
1857,4.765,4.88,0.39709298998569387,1.9387696709585123
1858,4.75,4.88125,0.3981001430615165,1.9433476394849787
1859,4.81,4.88,0.4008469241773963,1.9570815450643777
1860,4.82,4.88,0.4016709585121603,1.9616595135908441
1861,4.8075,4.8825,0.3987410586552218,1.9456366237482121
1862,4.81,4.88,0.4008469241773963,1.9570815450643777
1863,4.81,4.885,0.4008469241773963,1.9570815450643777
1864,4.7825,4.88125,0.39919885550786843,1.9502145922746783
1865,4.78,4.88,0.39837482117310447,1.9433476394849787
1866,4.7775,4.88125,0.3981001430615165,1.9433476394849787
1867,4.7825,4.8825,0.39791702432045783,1.9433476394849787
1868,4.775,4.87875,0.39791702432045783,1.9433476394849787
1869,4.82,4.88125,0.4016709585121603,1.9616595135908441
1870,4.795,4.8825,0.39837482117310447,1.9456366237482121
1871,4.7975,4.88,0.3997482117310444,1.9502145922746783
1872,4.77,4.88125,0.3974592274678112,1.9387696709585123
1873,4.8,4.88,0.40002288984263235,1.9547925608011447
1874,4.81,4.88,0.3995650929899857,1.9502145922746783
1875,4.7925,4.88125,0.3993819742489271,1.9502145922746783
1876,4.815,4.8825,0.3981001430615165,1.9433476394849787
1877,4.7775,4.88375,0.4008469241773963,1.9570815450643777
1878,4.7875,4.88125,0.39892417739628044,1.9456366237482121
1879,4.77,4.88125,0.39727610872675256,1.9387696709585123
1880,4.79,4.87875,0.40002288984263235,1.9502145922746783
1881,4.7875,4.88125,0.39892417739628044,1.9456366237482121
1882,4.775,4.88125,0.3985579399141631,1.9456366237482121
1883,4.79,4.87875,0.39791702432045783,1.9433476394849787
1884,4.7825,4.88125,0.3985579399141631,1.9456366237482121
1885,4.795,4.88,0.40066380543633767,1.9547925608011447
1886,4.7975,4.885,0.39727610872675256,1.9387696709585123
1887,4.7825,4.8825,0.3985579399141631,1.9456366237482121
1888,4.7775,4.87875,0.3981001430615165,1.9502145922746783
1889,4.795,4.8825,0.3977339055793992,1.9433476394849787
1890,4.775,4.88125,0.39791702432045783,1.9433476394849787
1891,4.7675,4.8825,0.39727610872675256,1.9387696709585123
1892,4.76,4.88125,0.40121316165951365,1.9570815450643777
1893,4.77,4.8825,0.3974592274678112,1.9387696709585123
1894,4.755,4.88375,0.39626895565092995,1.9341917024320459
1895,4.7925,4.88,0.4008469241773963,1.9570815450643777
1896,4.785,4.88,0.3987410586552218,1.9456366237482121
1897,4.7825,4.88375,0.3985579399141631,1.9456366237482121
1898,4.82,4.88125,0.39727610872675256,1.9387696709585123
1899,4.76,4.88125,0.39663519313304724,1.9341917024320459
1900,4.7825,4.88,0.3985579399141631,1.9456366237482121
1901,4.8175,4.88125,0.3985579399141631,1.9456366237482121
1902,4.795,4.88125,0.3995650929899857,1.9502145922746783
1903,4.7875,4.88,0.39892417739628044,1.9456366237482121
1904,4.775,4.8825,0.40002288984263235,1.9547925608011447
1905,4.77,4.8825,0.3974592274678112,1.9387696709585123
1906,4.7775,4.88125,0.3981001430615165,1.9433476394849787
1907,4.79,4.87875,0.3987410586552218,1.9456366237482121
1908,4.8,4.8825,0.40002288984263235,1.9547925608011447
1909,4.775,4.88125,0.39791702432045783,1.9433476394849787
1910,4.775,4.88125,0.3981001430615165,1.9433476394849787
1911,4.79,4.8825,0.39919885550786843,1.9502145922746783
1912,4.7875,4.88125,0.39892417739628044,1.9456366237482121
1913,4.78,4.88375,0.3995650929899857,1.9502145922746783
1914,4.7775,4.8825,0.3981001430615165,1.9433476394849787
1915,4.7675,4.8825,0.39727610872675256,1.9387696709585123
1916,4.79,4.88,0.39837482117310447,1.9433476394849787
1917,4.7975,4.88125,0.4008469241773963,1.9570815450643777
1918,4.815,4.88125,0.40121316165951365,1.9570815450643777
1919,4.7625,4.88375,0.39837482117310447,1.9456366237482121
1920,4.79,4.88125,0.3987410586552218,1.9456366237482121
1921,4.7875,4.8825,0.39892417739628044,1.9456366237482121
1922,4.7875,4.8825,0.3981001430615165,1.9433476394849787
1923,4.7575,4.88125,0.39892417739628044,1.9456366237482121
1924,4.7725,4.8825,0.3977339055793992,1.9433476394849787
1925,4.7475,4.88,0.4018540772532189,1.9616595135908441
1926,4.7875,4.88,0.39919885550786843,1.9456366237482121
1927,4.815,4.88,0.40121316165951365,1.9570815450643777
1928,4.7875,4.8825,0.3993819742489271,1.9502145922746783
1929,4.7875,4.88,0.3974592274678112,1.9387696709585123
1930,4.775,4.88125,0.39791702432045783,1.9433476394849787
1931,4.775,4.88125,0.39791702432045783,1.9547925608011447
1932,4.785,4.8825,0.4008469241773963,1.9570815450643777
1933,4.79,4.87875,0.39919885550786843,1.9456366237482121
1934,4.7775,4.8825,0.3981001430615165,1.9433476394849787
1935,4.745,4.88125,0.39837482117310447,1.9456366237482121
1936,4.8025,4.88,0.40020600858369104,1.9547925608011447
1937,4.805,4.88,0.4003891273247497,1.9547925608011447
1938,4.755,4.88125,0.4003891273247497,1.9547925608011447
1939,4.8125,4.88,0.40103004291845495,1.9570815450643777
1940,4.7825,4.88,0.3985579399141631,1.9456366237482121
1941,4.7975,4.8825,0.4003891273247497,1.9547925608011447
1942,4.79,4.87875,0.39919885550786843,1.9456366237482121
1943,4.7775,4.88,0.3981001430615165,1.9433476394849787
1944,4.8225,4.88,0.39892417739628044,1.9456366237482121
1945,4.7925,4.88,0.3993819742489271,1.9502145922746783
1946,4.7825,4.88,0.3985579399141631,1.9456366237482121
1947,4.775,4.88,0.3977339055793992,1.9433476394849787
1948,4.7925,4.88,0.3993819742489271,1.9502145922746783
1949,4.8025,4.88125,0.40020600858369104,1.9547925608011447
1950,4.81,4.88125,0.3985579399141631,1.9456366237482121
1951,4.81,4.88125,0.4008469241773963,1.9570815450643777
1952,4.8025,4.88125,0.40020600858369104,1.9547925608011447
1953,4.775,4.8825,0.39837482117310447,1.9456366237482121
1954,4.8,4.88125,0.40002288984263235,1.9547925608011447
1955,4.7725,4.8825,0.3977339055793992,1.9433476394849787
1956,4.805,4.88125,0.39892417739628044,1.9456366237482121
1957,4.7775,4.88,0.3981001430615165,1.9433476394849787
1958,4.795,4.88125,0.3995650929899857,1.9502145922746783
1959,4.8,4.88375,0.3981001430615165,1.9433476394849787
1960,4.7625,4.88,0.40103004291845495,1.9570815450643777
1961,4.7825,4.8825,0.3985579399141631,1.9456366237482121
1962,4.7775,4.88,0.39837482117310447,1.9433476394849787
1963,4.7675,4.88,0.3997482117310444,1.9502145922746783
1964,4.775,4.88125,0.39791702432045783,1.9433476394849787
1965,4.7875,4.8825,0.3993819742489271,1.9502145922746783
1966,4.77,4.8825,0.39892417739628044,1.9456366237482121
1967,4.805,4.87875,0.4003891273247497,1.9547925608011447
1968,4.815,4.88375,0.39791702432045783,1.9433476394849787
1969,4.815,4.88125,0.39626895565092995,1.9341917024320459
1970,4.8,4.87875,0.40002288984263235,1.9502145922746783
1971,4.8,4.88375,0.3985579399141631,1.9456366237482121
1972,4.8,4.88125,0.3981001430615165,1.9433476394849787
1973,4.7725,4.88,0.3977339055793992,1.9433476394849787
1974,4.81,4.88125,0.39892417739628044,1.9456366237482121
1975,4.795,4.8825,0.39919885550786843,1.9502145922746783
1976,4.78,4.88125,0.39837482117310447,1.9456366237482121
1977,4.79,4.87875,0.39919885550786843,1.9502145922746783
1978,4.7975,4.88,0.3987410586552218,1.9456366237482121
1979,4.7775,4.88,0.3981001430615165,1.9433476394849787
1980,4.8,4.8825,0.40002288984263235,1.9547925608011447
1981,4.805,4.8825,0.39919885550786843,1.9502145922746783
1982,4.79,4.88125,0.39919885550786843,1.9502145922746783
1983,4.785,4.8825,0.3987410586552218,1.9456366237482121
1984,4.78,4.88125,0.39892417739628044,1.9456366237482121
1985,4.785,4.88,0.3987410586552218,1.9456366237482121
1986,4.8,4.88125,0.40002288984263235,1.9547925608011447
1987,4.79,4.8825,0.40066380543633767,1.9570815450643777
1988,4.8,4.88125,0.40002288984263235,1.9547925608011447
1989,4.7575,4.88,0.3964520743919886,1.9341917024320459
1990,4.79,4.8825,0.39892417739628044,1.9456366237482121
1991,4.7925,4.88,0.3993819742489271,1.9502145922746783
1992,4.7675,4.88125,0.39727610872675256,1.9387696709585123
1993,4.7875,4.88125,0.3993819742489271,1.9502145922746783
1994,4.8,4.8825,0.40002288984263235,1.9547925608011447
1995,4.7725,4.88,0.3977339055793992,1.9433476394849787
1996,4.7575,4.8825,0.3997482117310444,1.9502145922746783
1997,4.7925,4.88,0.3993819742489271,1.9502145922746783
1998,4.775,4.88125,0.39791702432045783,1.9433476394849787
1999,4.765,4.88,0.3985579399141631,1.9456366237482121
2000,4.78,4.8825,0.39837482117310447,1.9456366237482121
2001,4.8,4.88,0.40002288984263235,1.9547925608011447
2002,4.7725,4.88125,0.3995650929899857,1.9502145922746783
2003,4.8225,4.8825,0.3981001430615165,1.9433476394849787
2004,4.7825,4.8825,0.3985579399141631,1.9456366237482121
2005,4.7725,4.88125,0.3997482117310444,1.9502145922746783
2006,4.78,4.88125,0.3993819742489271,1.9502145922746783
2007,4.7775,4.88,0.3981001430615165,1.9433476394849787
2008,4.7775,4.88125,0.3981001430615165,1.9433476394849787
2009,4.77,4.88125,0.40020600858369104,1.9547925608011447
2010,4.78,4.88,0.39837482117310447,1.9433476394849787
2011,4.8,4.8825,0.3985579399141631,1.9456366237482121
2012,4.79,4.88,0.3985579399141631,1.9456366237482121
2013,4.79,4.87875,0.39919885550786843,1.9456366237482121
2014,4.7675,4.88125,0.3987410586552218,1.9456366237482121
2015,4.775,4.88125,0.3995650929899857,1.9502145922746783
2016,4.7825,4.8825,0.3985579399141631,1.9456366237482121
2017,4.7775,4.8825,0.39919885550786843,1.9502145922746783
2018,4.785,4.88,0.3995650929899857,1.9502145922746783
2019,4.785,4.88125,0.3987410586552218,1.9456366237482121
2020,4.7775,4.8825,0.3981001430615165,1.9433476394849787
2021,4.79,4.88125,0.3997482117310444,1.9502145922746783
2022,4.79,4.8825,0.39919885550786843,1.9502145922746783
2023,4.775,4.88125,0.39791702432045783,1.9433476394849787
2024,4.78,4.88125,0.39919885550786843,1.9502145922746783
2025,4.79,4.8825,0.39919885550786843,1.9502145922746783
2026,4.7825,4.88125,0.3985579399141631,1.9456366237482121
2027,4.79,4.88125,0.39892417739628044,1.9456366237482121
2028,4.79,4.88,0.39919885550786843,1.9456366237482121
2029,4.8,4.88,0.40002288984263235,1.9547925608011447
2030,4.795,4.88125,0.3987410586552218,1.9456366237482121
2031,4.7775,4.8825,0.3981001430615165,1.9433476394849787
2032,4.7975,4.88125,0.3997482117310444,1.9502145922746783
2033,4.7825,4.88125,0.3995650929899857,1.9502145922746783
2034,4.79,4.88125,0.39919885550786843,1.9502145922746783
2035,4.7975,4.88,0.3997482117310444,1.9502145922746783
2036,4.7825,4.8825,0.3993819742489271,1.9502145922746783
2037,4.7825,4.88125,0.3985579399141631,1.9456366237482121
2038,4.79,4.8825,0.39919885550786843,1.9502145922746783
2039,4.7875,4.88125,0.39919885550786843,1.9502145922746783
2040,4.7775,4.88125,0.3981001430615165,1.9433476394849787
2041,4.785,4.8825,0.3987410586552218,1.9456366237482121
2042,4.7875,4.88125,0.3977339055793992,1.9433476394849787
2043,4.7775,4.8825,0.3981001430615165,1.9433476394849787
2044,4.775,4.88125,0.39791702432045783,1.9433476394849787
2045,4.8025,4.88,0.39727610872675256,1.9387696709585123
2046,4.79,4.8825,0.3985579399141631,1.9456366237482121
2047,4.785,4.88125,0.3987410586552218,1.9456366237482121
2048,4.8,4.88125,0.4016709585121603,1.9616595135908441
2049,4.795,4.8825,0.3974592274678112,1.9387696709585123
2050,4.7825,4.88125,0.3985579399141631,1.9456366237482121
2051,4.7925,4.88125,0.40121316165951365,1.9570815450643777
2052,4.79,4.88,0.40066380543633767,1.9547925608011447
2053,4.7675,4.88,0.39727610872675256,1.9387696709585123
2054,4.7725,4.88125,0.3995650929899857,1.9502145922746783
2055,4.79,4.88,0.4003891273247497,1.9547925608011447
2056,4.7925,4.8825,0.3993819742489271,1.9502145922746783
2057,4.7775,4.88,0.39608583690987126,1.9319027181688129
2058,4.785,4.8825,0.39663519313304724,1.9341917024320459
2059,4.77,4.88125,0.3974592274678112,1.9387696709585123
2060,4.785,4.88,0.3987410586552218,1.9456366237482121
2061,4.79,4.88125,0.39608583690987126,1.9341917024320459
2062,4.76,4.88,0.39663519313304724,1.9341917024320459
2063,4.7875,4.88125,0.39892417739628044,1.9456366237482121
2064,4.7925,4.88,0.3974592274678112,1.9387696709585123
2065,4.7475,4.88125,0.39562804005722463,1.9319027181688129
2066,4.7725,4.8825,0.3977339055793992,1.9433476394849787
2067,4.795,4.88,0.39892417739628044,1.9456366237482121
2068,4.7925,4.88,0.3993819742489271,1.9502145922746783
2069,4.7825,4.8825,0.3985579399141631,1.9456366237482121
2070,4.79,4.88,0.3958111587982833,1.9319027181688129
2071,4.7825,4.88125,0.3985579399141631,1.9456366237482121
2072,4.7725,4.88,0.3977339055793992,1.9433476394849787
2073,4.7825,4.88,0.3987410586552218,1.9456366237482121
2074,4.7775,4.88125,0.3981001430615165,1.9433476394849787
2075,4.7975,4.88125,0.3997482117310444,1.9502145922746783
2076,4.7775,4.88125,0.3985579399141631,1.9456366237482121
2077,4.7925,4.8825,0.3993819742489271,1.9502145922746783
2078,4.7875,4.88125,0.39892417739628044,1.9456366237482121
2079,4.775,4.88125,0.3997482117310444,1.9502145922746783
2080,4.8,4.88125,0.40002288984263235,1.9547925608011447
2081,4.825,4.88,0.4021287553648069,1.9616595135908441
2082,4.7775,4.88125,0.39709298998569387,1.9387696709585123
2083,4.765,4.88,0.39709298998569387,1.9387696709585123
2084,4.79,4.8825,0.39919885550786843,1.9502145922746783
2085,4.7475,4.8825,0.39892417739628044,1.9456366237482121
2086,4.7525,4.88,0.39608583690987126,1.9319027181688129
2087,4.76,4.88,0.39663519313304724,1.9341917024320459
2088,4.795,4.8825,0.39892417739628044,1.9456366237482121
2089,4.7875,4.88,0.3995650929899857,1.9502145922746783
2090,4.7875,4.8825,0.39892417739628044,1.9456366237482121
2091,4.815,4.88125,0.3995650929899857,1.9502145922746783
2092,4.7875,4.87875,0.3997482117310444,1.9502145922746783
2093,4.8175,4.88,0.40148783977110164,1.9570815450643777
2094,4.7725,4.88125,0.39837482117310447,1.9456366237482121
2095,4.7625,4.88,0.4003891273247497,1.9547925608011447
2096,4.805,4.88125,0.4003891273247497,1.9547925608011447
2097,4.79,4.88,0.3987410586552218,1.9456366237482121
2098,4.8025,4.8825,0.39919885550786843,1.9502145922746783
2099,4.78,4.8825,0.39837482117310447,1.9456366237482121
2100,4.775,4.88,0.39919885550786843,1.9456366237482121
2101,4.775,4.88125,0.3981001430615165,1.9433476394849787
2102,4.7675,4.88,0.39727610872675256,1.9387696709585123
2103,4.7775,4.88,0.3981001430615165,1.9433476394849787
2104,4.8025,4.88,0.39791702432045783,1.9433476394849787
2105,4.815,4.88125,0.40121316165951365,1.9570815450643777
2106,4.85,4.88125,0.40414306151645213,1.9731044349070102
2107,4.815,4.8825,0.39919885550786843,1.9502145922746783
2108,4.795,4.88,0.3995650929899857,1.9502145922746783
2109,4.795,4.88125,0.3995650929899857,1.9502145922746783
2110,4.7675,4.8825,0.39791702432045783,1.9433476394849787
2111,4.805,4.8825,0.4003891273247497,1.9547925608011447
2112,4.81,4.8825,0.4008469241773963,1.9570815450643777
2113,4.7875,4.88125,0.3985579399141631,1.9456366237482121
2114,4.77,4.87875,0.3974592274678112,1.9387696709585123
2115,4.7875,4.88,0.39892417739628044,1.9456366237482121
2116,4.815,4.88,0.39892417739628044,1.9456366237482121
2117,4.78,4.88375,0.39837482117310447,1.9456366237482121
2118,4.7825,4.88125,0.3985579399141631,1.9456366237482121
2119,4.7975,4.88125,0.39791702432045783,1.9433476394849787
2120,4.7675,4.88125,0.39727610872675256,1.9387696709585123
2121,4.785,4.88,0.3987410586552218,1.9456366237482121
2122,4.7725,4.88125,0.3977339055793992,1.9433476394849787
2123,4.7775,4.88,0.3981001430615165,1.9433476394849787
2124,4.7775,4.885,0.3981001430615165,1.9456366237482121
2125,4.8275,4.88125,0.3987410586552218,1.9456366237482121
2126,4.8025,4.88,0.40020600858369104,1.9547925608011447
2127,4.78,4.88,0.39837482117310447,1.9433476394849787
2128,4.7775,4.88,0.3985579399141631,1.9456366237482121
2129,4.81,4.8825,0.4008469241773963,1.9570815450643777
2130,4.78,4.88,0.39837482117310447,1.9433476394849787
2131,4.8225,4.88,0.39709298998569387,1.9387696709585123
2132,4.7725,4.87875,0.3977339055793992,1.9387696709585123
2133,4.7925,4.88,0.3993819742489271,1.9502145922746783
2134,4.745,4.88125,0.3987410586552218,1.9456366237482121
2135,4.805,4.8825,0.3993819742489271,1.9502145922746783
2136,4.7825,4.88125,0.3985579399141631,1.9456366237482121
2137,4.7975,4.88125,0.3981001430615165,1.9433476394849787
2138,4.8025,4.87875,0.3985579399141631,1.9433476394849787
2139,4.7825,4.88125,0.3985579399141631,1.9456366237482121
2140,4.7725,4.88125,0.39837482117310447,1.9456366237482121
2141,4.795,4.88125,0.3981001430615165,1.9433476394849787
2142,4.7775,4.88125,0.3981001430615165,1.9433476394849787
2143,4.8025,4.88375,0.39919885550786843,1.9502145922746783
2144,4.785,4.88,0.3995650929899857,1.9502145922746783
2145,4.795,4.88,0.3995650929899857,1.9502145922746783
2146,4.79,4.88125,0.39727610872675256,1.9387696709585123
2147,4.795,4.88125,0.3987410586552218,1.9456366237482121
2148,4.7775,4.8825,0.3981001430615165,1.9433476394849787
2149,4.79,4.8825,0.39919885550786843,1.9502145922746783
2150,4.7575,4.8825,0.3997482117310444,1.9502145922746783
2151,4.785,4.8825,0.3987410586552218,1.9456366237482121
2152,4.7925,4.8825,0.3993819742489271,1.9502145922746783
2153,4.81,4.8825,0.40002288984263235,1.9547925608011447
2154,4.78,4.88125,0.39837482117310447,1.9456366237482121
2155,4.795,4.8825,0.3995650929899857,1.9502145922746783
2156,4.7775,4.88125,0.39727610872675256,1.9387696709585123
2157,4.7725,4.88125,0.3977339055793992,1.9433476394849787
2158,4.79,4.88125,0.39919885550786843,1.9502145922746783
2159,4.79,4.8825,0.40020600858369104,1.9547925608011447
2160,4.785,4.88,0.3987410586552218,1.9456366237482121
2161,4.81,4.88,0.4008469241773963,1.9570815450643777
2162,4.7875,4.88,0.4003891273247497,1.9547925608011447
2163,4.8075,4.88125,0.40066380543633767,1.9547925608011447
2164,4.78,4.88375,0.39837482117310447,1.9456366237482121
2165,4.7775,4.88,0.39892417739628044,1.9456366237482121
2166,4.7975,4.88125,0.3997482117310444,1.9502145922746783
2167,4.78,4.88,0.39837482117310447,1.9433476394849787
2168,4.7825,4.8825,0.39837482117310447,1.9456366237482121
2169,4.785,4.8825,0.3987410586552218,1.9456366237482121
2170,4.7925,4.88125,0.3993819742489271,1.9502145922746783
2171,4.7825,4.8825,0.39919885550786843,1.9502145922746783
2172,4.7725,4.88125,0.3977339055793992,1.9433476394849787
2173,4.775,4.8825,0.39791702432045783,1.9433476394849787
2174,4.79,4.88125,0.3993819742489271,1.9502145922746783
2175,4.77,4.88,0.3974592274678112,1.9387696709585123
2176,4.7775,4.8825,0.3981001430615165,1.9433476394849787
2177,4.795,4.88,0.3981001430615165,1.9433476394849787
2178,4.795,4.88,0.3985579399141631,1.9456366237482121
2179,4.785,4.88125,0.3987410586552218,1.9456366237482121
2180,4.8,4.88125,0.39892417739628044,1.9456366237482121
2181,4.7775,4.88125,0.3995650929899857,1.9502145922746783
2182,4.7825,4.88125,0.3985579399141631,1.9456366237482121
2183,4.76,4.88125,0.3974592274678112,1.9387696709585123
2184,4.7775,4.8825,0.3985579399141631,1.9456366237482121
2185,4.78,4.8825,0.39837482117310447,1.9456366237482121
2186,4.775,4.88,0.3995650929899857,1.9502145922746783
2187,4.775,4.88125,0.3995650929899857,1.9502145922746783
2188,4.7725,4.88125,0.3977339055793992,1.9433476394849787
2189,4.7725,4.88125,0.39791702432045783,1.9433476394849787
2190,4.775,4.8825,0.40002288984263235,1.9547925608011447
2191,4.7725,4.88,0.3977339055793992,1.9433476394849787
2192,4.79,4.88125,0.39919885550786843,1.9456366237482121
2193,4.7975,4.88125,0.39791702432045783,1.9433476394849787
2194,4.8,4.88,0.40002288984263235,1.9547925608011447
2195,4.7775,4.88,0.3981001430615165,1.9433476394849787
2196,4.7775,4.88125,0.3995650929899857,1.9502145922746783
2197,4.7875,4.88125,0.39892417739628044,1.9456366237482121
2198,4.7775,4.88,0.3981001430615165,1.9433476394849787
2199,4.8,4.88125,0.3985579399141631,1.9456366237482121
2200,4.77,4.88125,0.3974592274678112,1.9387696709585123
2201,4.785,4.8825,0.3987410586552218,1.9456366237482121
2202,4.8075,4.88,0.3977339055793992,1.9433476394849787
2203,4.7775,4.88,0.3981001430615165,1.9433476394849787
2204,4.7825,4.88125,0.3985579399141631,1.9456366237482121
2205,4.7875,4.8825,0.39837482117310447,1.9456366237482121
2206,4.7925,4.88125,0.3993819742489271,1.9502145922746783
2207,4.7825,4.8825,0.3985579399141631,1.9456366237482121
2208,4.7925,4.8825,0.3981001430615165,1.9433476394849787
2209,4.815,4.88,0.40121316165951365,1.9570815450643777
2210,4.79,4.88,0.39919885550786843,1.9456366237482121
2211,4.785,4.88,0.39791702432045783,1.9433476394849787
2212,4.8025,4.88125,0.40020600858369104,1.9547925608011447
2213,4.7725,4.88125,0.3977339055793992,1.9433476394849787
2214,4.7975,4.88125,0.3985579399141631,1.9456366237482121
2215,4.79,4.8825,0.39919885550786843,1.9502145922746783
2216,4.7775,4.88125,0.3981001430615165,1.9433476394849787
2217,4.7775,4.87875,0.3995650929899857,1.9502145922746783
2218,4.7825,4.88125,0.3985579399141631,1.9456366237482121
2219,4.78,4.88,0.39837482117310447,1.9433476394849787
2220,4.7875,4.8825,0.3985579399141631,1.9456366237482121
2221,4.7775,4.8825,0.3995650929899857,1.9502145922746783
2222,4.785,4.88125,0.3987410586552218,1.9456366237482121
2223,4.7875,4.8825,0.39837482117310447,1.9456366237482121
2224,4.7825,4.8825,0.3977339055793992,1.9433476394849787
2225,4.75,4.88125,0.3958111587982833,1.9319027181688129
2226,4.79,4.8825,0.3985579399141631,1.9456366237482121
2227,4.775,4.88,0.3993819742489271,1.9502145922746783
2228,4.79,4.8825,0.39919885550786843,1.9502145922746783
2229,4.7875,4.88,0.39892417739628044,1.9456366237482121
2230,4.7725,4.88125,0.3995650929899857,1.9502145922746783
2231,4.7725,4.88125,0.3977339055793992,1.9433476394849787
2232,4.79,4.8825,0.3985579399141631,1.9456366237482121
2233,4.7725,4.8825,0.3997482117310444,1.9502145922746783
2234,4.775,4.8825,0.39791702432045783,1.9433476394849787
2235,4.7775,4.88125,0.3981001430615165,1.9433476394849787
2236,4.7825,4.88375,0.3987410586552218,1.9456366237482121
2237,4.7775,4.8825,0.3981001430615165,1.9433476394849787
2238,4.7725,4.88125,0.3977339055793992,1.9433476394849787
2239,4.765,4.88125,0.39919885550786843,1.9502145922746783
2240,4.8025,4.88125,0.40020600858369104,1.9547925608011447
2241,4.78,4.88125,0.39837482117310447,1.9456366237482121
2242,4.7875,4.8825,0.3985579399141631,1.9456366237482121
2243,4.7825,4.88125,0.3985579399141631,1.9456366237482121
2244,4.785,4.88125,0.3987410586552218,1.9456366237482121
2245,4.7825,4.8825,0.3985579399141631,1.9456366237482121
2246,4.7875,4.88125,0.39892417739628044,1.9456366237482121
2247,4.7975,4.88125,0.3997482117310444,1.9502145922746783
2248,4.775,4.88,0.39892417739628044,1.9456366237482121
2249,4.7825,4.88125,0.3985579399141631,1.9456366237482121
2250,4.795,4.8825,0.3995650929899857,1.9502145922746783
2251,4.8,4.8825,0.3977339055793992,1.9433476394849787
2252,4.795,4.88,0.3995650929899857,1.9502145922746783
2253,4.795,4.88,0.3995650929899857,1.9502145922746783
2254,4.785,4.8825,0.3995650929899857,1.9502145922746783
2255,4.78,4.8825,0.39837482117310447,1.9456366237482121
2256,4.7875,4.88125,0.39892417739628044,1.9456366237482121
2257,4.7775,4.8825,0.39919885550786843,1.9502145922746783
2258,4.7925,4.8825,0.3993819742489271,1.9502145922746783
2259,4.795,4.88125,0.3995650929899857,1.9502145922746783
2260,4.7775,4.88125,0.39919885550786843,1.9502145922746783
2261,4.7925,4.88125,0.3993819742489271,1.9502145922746783
2262,4.7975,4.8825,0.3997482117310444,1.9502145922746783
2263,4.7975,4.88125,0.39892417739628044,1.9456366237482121
2264,4.775,4.88,0.40020600858369104,1.9547925608011447
2265,4.795,4.88,0.3995650929899857,1.9502145922746783
2266,4.79,4.8825,0.39837482117310447,1.9456366237482121
2267,4.775,4.88125,0.39892417739628044,1.9456366237482121
2268,4.7825,4.8825,0.3985579399141631,1.9456366237482121
2269,4.78,4.8825,0.39709298998569387,1.9387696709585123
2270,4.785,4.88125,0.3987410586552218,1.9456366237482121
2271,4.79,4.88125,0.39919885550786843,1.9502145922746783
2272,4.785,4.88125,0.3985579399141631,1.9456366237482121
2273,4.7875,4.8825,0.39892417739628044,1.9456366237482121
2274,4.7825,4.8825,0.3985579399141631,1.9456366237482121
2275,4.7925,4.88125,0.40020600858369104,1.9547925608011447
2276,4.7875,4.88125,0.39919885550786843,1.9502145922746783
2277,4.7975,4.88125,0.3997482117310444,1.9502145922746783
2278,4.785,4.88,0.3985579399141631,1.9456366237482121
2279,4.7825,4.88125,0.39837482117310447,1.9456366237482121
2280,4.7875,4.88,0.39892417739628044,1.9456366237482121
2281,4.785,4.88125,0.3987410586552218,1.9456366237482121
2282,4.7775,4.8825,0.3993819742489271,1.9502145922746783
2283,4.78,4.88125,0.39837482117310447,1.9456366237482121
2284,4.8025,4.88125,0.40020600858369104,1.9547925608011447
2285,4.8025,4.88125,0.40002288984263235,1.9547925608011447
2286,4.7775,4.8825,0.3981001430615165,1.9433476394849787
2287,4.7925,4.88125,0.3993819742489271,1.9502145922746783
2288,4.79,4.8825,0.4021287553648069,1.9662374821173105
2289,4.78,4.88125,0.39837482117310447,1.9456366237482121
2290,4.7925,4.88125,0.3993819742489271,1.9502145922746783
2291,4.8025,4.8825,0.3981001430615165,1.9433476394849787
2292,4.7775,4.88125,0.3981001430615165,1.9433476394849787
2293,4.7825,4.88125,0.3985579399141631,1.9456366237482121
2294,4.785,4.88,0.4018540772532189,1.9616595135908441
2295,4.7575,4.8825,0.3964520743919886,1.9341917024320459
2296,4.785,4.8825,0.3987410586552218,1.9456366237482121
2297,4.7725,4.88,0.39892417739628044,1.9456366237482121
2298,4.77,4.8825,0.3974592274678112,1.9387696709585123
2299,4.7775,4.88125,0.3981001430615165,1.9433476394849787
2300,4.7925,4.88125,0.39663519313304724,1.9341917024320459
2301,4.7725,4.88125,0.3977339055793992,1.9433476394849787
2302,4.78,4.88125,0.39837482117310447,1.9456366237482121
2303,4.7925,4.88125,0.39791702432045783,1.9433476394849787
2304,4.795,4.87875,0.3995650929899857,1.9502145922746783
2305,4.8,4.8825,0.40002288984263235,1.9547925608011447
2306,4.8,4.88125,0.3935221745350501,1.9204577968526468
2307,4.7875,4.88,0.4029527896995709,1.9662374821173105
2308,4.8025,4.8825,0.40020600858369104,1.9547925608011447
2309,4.79,4.88,0.4016709585121603,1.9616595135908441
2310,4.7875,4.88,0.4003891273247497,1.9547925608011447
2311,4.785,4.8825,0.3987410586552218,1.9456366237482121
2312,4.78,4.8825,0.39919885550786843,1.9502145922746783
2313,4.7875,4.88,0.4018540772532189,1.9616595135908441
2314,4.75,4.88,0.3958111587982833,1.9319027181688129
2315,4.78,4.88,0.39892417739628044,1.9456366237482121
2316,4.8025,4.88375,0.39727610872675256,1.9387696709585123
2317,4.815,4.8825,0.40121316165951365,1.9570815450643777
2318,4.79,4.8825,0.40121316165951365,1.9570815450643777
2319,4.7825,4.88125,0.4026781115879829,1.9662374821173105
2320,4.7725,4.88125,0.3977339055793992,1.9433476394849787
2321,4.7725,4.88,0.3985579399141631,1.9456366237482121
2322,4.785,4.88125,0.39837482117310447,1.9456366237482121
2323,4.8125,4.8825,0.40103004291845495,1.9570815450643777
2324,4.7475,4.88375,0.39562804005722463,1.9319027181688129
2325,4.78,4.88125,0.3969098712446352,1.9387696709585123
2326,4.7675,4.88,0.39727610872675256,1.9387696709585123
2327,4.8075,4.88125,0.40066380543633767,1.9547925608011447
2328,4.8025,4.8825,0.39892417739628044,1.9456366237482121
2329,4.7775,4.88125,0.3981001430615165,1.9433476394849787
2330,4.7375,4.88,0.3948040057224607,1.9273247496423465
2331,4.8075,4.88,0.4021287553648069,1.9616595135908441
2332,4.815,4.8825,0.40121316165951365,1.9570815450643777
2333,4.7525,4.88,0.39608583690987126,1.9319027181688129
2334,4.7625,4.88125,0.3981001430615165,1.9433476394849787
2335,4.75,4.88125,0.3958111587982833,1.9319027181688129
2336,4.8275,4.88125,0.40231187410586555,1.9662374821173105
2337,4.7925,4.8825,0.40002288984263235,1.9547925608011447
2338,4.775,4.88375,0.39791702432045783,1.9433476394849787
2339,4.7875,4.88,0.39892417739628044,1.9456366237482121
2340,4.755,4.88125,0.40020600858369104,1.9547925608011447
2341,4.79,4.8825,0.39919885550786843,1.9502145922746783
2342,4.7575,4.88,0.3964520743919886,1.9341917024320459
2343,4.84,4.8825,0.3995650929899857,1.9502145922746783
2344,4.78,4.88125,0.39837482117310447,1.9456366237482121
2345,4.7975,4.88125,0.3997482117310444,1.9502145922746783
2346,4.7775,4.8825,0.39727610872675256,1.9387696709585123
2347,4.78,4.8825,0.39837482117310447,1.9456366237482121
2348,4.77,4.8825,0.3974592274678112,1.9387696709585123
2349,4.8175,4.8825,0.3969098712446352,1.9387696709585123
2350,4.775,4.88,0.39791702432045783,1.9433476394849787
2351,4.7725,4.8825,0.3977339055793992,1.9433476394849787
2352,4.7625,4.8825,0.39837482117310447,1.9456366237482121
2353,4.7725,4.88125,0.3985579399141631,1.9456366237482121
2354,4.755,4.88,0.39626895565092995,1.9341917024320459
2355,4.755,4.8825,0.3997482117310444,1.9502145922746783
2356,4.79,4.88,0.3993819742489271,1.9502145922746783
2357,4.82,4.8825,0.4016709585121603,1.9616595135908441
2358,4.7375,4.88125,0.39919885550786843,1.9502145922746783
2359,4.8375,4.88125,0.39727610872675256,1.9387696709585123
2360,4.7675,4.88375,0.39727610872675256,1.9387696709585123
2361,4.8,4.88125,0.3981001430615165,1.9433476394849787
2362,4.77,4.8825,0.39791702432045783,1.9433476394849787
2363,4.755,4.88375,0.39626895565092995,1.9341917024320459
2364,4.7825,4.88125,0.39837482117310447,1.9456366237482121
2365,4.805,4.88375,0.3995650929899857,1.9502145922746783
2366,4.8025,4.88125,0.40020600858369104,1.9547925608011447
2367,4.785,4.88125,0.3987410586552218,1.9433476394849787
2368,4.8,4.8825,0.40066380543633767,1.9570815450643777
2369,4.7825,4.88375,0.3985579399141631,1.9456366237482121
2370,4.81,4.88375,0.4008469241773963,1.9570815450643777
2371,4.7725,4.8825,0.3993819742489271,1.9502145922746783
2372,4.76,4.8825,0.39663519313304724,1.9341917024320459
2373,4.795,4.88125,0.3995650929899857,1.9502145922746783
2374,4.7775,4.88125,0.3977339055793992,1.9433476394849787
2375,4.7775,4.88125,0.3981001430615165,1.9433476394849787
2376,4.775,4.88125,0.39791702432045783,1.9433476394849787
2377,4.79,4.88,0.39892417739628044,1.9456366237482121
2378,4.7725,4.8825,0.3977339055793992,1.9433476394849787
2379,4.78,4.8825,0.39837482117310447,1.9456366237482121
2380,4.8025,4.88125,0.3985579399141631,1.9456366237482121
2381,4.81,4.8825,0.4008469241773963,1.9570815450643777
2382,4.8,4.88125,0.40002288984263235,1.9547925608011447
2383,4.7775,4.88125,0.3981001430615165,1.9433476394849787
2384,4.7925,4.88125,0.3993819742489271,1.9502145922746783
2385,4.7625,4.88125,0.3969098712446352,1.9387696709585123
2386,4.7975,4.88125,0.40231187410586555,1.9662374821173105
2387,4.76,4.8825,0.39663519313304724,1.9341917024320459
2388,4.78,4.88,0.39837482117310447,1.9433476394849787
2389,4.775,4.88375,0.3997482117310444,1.9547925608011447
2390,4.7625,4.8825,0.3969098712446352,1.9387696709585123
2391,4.765,4.8825,0.39709298998569387,1.9387696709585123
2392,4.785,4.88125,0.39892417739628044,1.9456366237482121
2393,4.7825,4.88125,0.3985579399141631,1.9456366237482121
2394,4.775,4.8825,0.39791702432045783,1.9433476394849787
2395,4.7775,4.88,0.4003891273247497,1.9547925608011447
2396,4.8,4.8825,0.3977339055793992,1.9433476394849787
2397,4.8025,4.88,0.40020600858369104,1.9547925608011447
2398,4.7925,4.8825,0.4003891273247497,1.9547925608011447
2399,4.78,4.88125,0.3993819742489271,1.9502145922746783
2400,4.7675,4.8825,0.39727610872675256,1.9387696709585123
2401,4.7875,4.8825,0.40002288984263235,1.9547925608011447
2402,4.79,4.88,0.4008469241773963,1.9570815450643777
2403,4.7775,4.88,0.3981001430615165,1.9433476394849787
2404,4.7825,4.88125,0.40148783977110164,1.9616595135908441
2405,4.805,4.88125,0.3977339055793992,1.9433476394849787
2406,4.8025,4.88,0.40020600858369104,1.9547925608011447
2407,4.78,4.88125,0.40002288984263235,1.9547925608011447
2408,4.7625,4.8825,0.39663519313304724,1.9341917024320459
2409,4.77,4.87875,0.3974592274678112,1.9387696709585123
2410,4.7975,4.88,0.3987410586552218,1.9456366237482121
2411,4.7525,4.88,0.40103004291845495,1.9570815450643777
2412,4.79,4.88375,0.39919885550786843,1.9502145922746783
2413,4.775,4.88125,0.39791702432045783,1.9433476394849787
2414,4.805,4.88125,0.40020600858369104,1.9547925608011447
2415,4.7875,4.88,0.39892417739628044,1.9456366237482121
2416,4.795,4.8825,0.3995650929899857,1.9502145922746783
2417,4.7775,4.8825,0.3977339055793992,1.9433476394849787
2418,4.76,4.88125,0.39663519313304724,1.9341917024320459
2419,4.8075,4.88,0.40066380543633767,1.9547925608011447
2420,4.7875,4.8825,0.3987410586552218,1.9456366237482121
2421,4.8125,4.88125,0.40103004291845495,1.9570815450643777
2422,4.8125,4.88125,0.40103004291845495,1.9570815450643777
2423,4.7825,4.88,0.3995650929899857,1.9502145922746783
2424,4.8,4.8825,0.40002288984263235,1.9547925608011447
2425,4.795,4.8825,0.3995650929899857,1.9502145922746783
2426,4.805,4.88,0.39919885550786843,1.9456366237482121
2427,4.7775,4.88125,0.3981001430615165,1.9433476394849787
2428,4.7875,4.88125,0.39892417739628044,1.9456366237482121
2429,4.795,4.8825,0.3985579399141631,1.9456366237482121
2430,4.7875,4.88125,0.39892417739628044,1.9456366237482121
2431,4.8,4.8825,0.40002288984263235,1.9547925608011447
2432,4.7825,4.88125,0.39791702432045783,1.9433476394849787
2433,4.78,4.8825,0.39837482117310447,1.9456366237482121
2434,4.7575,4.88125,0.3964520743919886,1.9341917024320459
2435,4.81,4.88125,0.39892417739628044,1.9456366237482121
2436,4.7825,4.8825,0.3985579399141631,1.9456366237482121
2437,4.8125,4.88125,0.40103004291845495,1.9570815450643777
2438,4.765,4.8825,0.39919885550786843,1.9502145922746783
2439,4.8025,4.88125,0.39892417739628044,1.9456366237482121
2440,4.77,4.88,0.3974592274678112,1.9387696709585123
2441,4.7725,4.88,0.3997482117310444,1.9502145922746783
2442,4.7875,4.88125,0.39892417739628044,1.9456366237482121
2443,4.7775,4.88125,0.3981001430615165,1.9433476394849787
2444,4.7825,4.8825,0.39892417739628044,1.9456366237482121
2445,4.815,4.88125,0.39837482117310447,1.9456366237482121
2446,4.7825,4.8825,0.3985579399141631,1.9456366237482121
2447,4.7925,4.88125,0.3993819742489271,1.9502145922746783
2448,4.7725,4.8825,0.39892417739628044,1.9456366237482121
2449,4.78,4.8825,0.39837482117310447,1.9456366237482121
2450,4.8,4.88125,0.3985579399141631,1.9456366237482121
2451,4.7875,4.88125,0.4003891273247497,1.9547925608011447
2452,4.795,4.8825,0.3995650929899857,1.9502145922746783
2453,4.7975,4.88375,0.3985579399141631,1.9456366237482121
2454,4.8125,4.88125,0.39919885550786843,1.9502145922746783
2455,4.795,4.88125,0.3995650929899857,1.9502145922746783
2456,4.79,4.88125,0.39919885550786843,1.9502145922746783
2457,4.7775,4.88,0.40002288984263235,1.9547925608011447
2458,4.78,4.8825,0.39837482117310447,1.9456366237482121
2459,4.7875,4.8825,0.39892417739628044,1.9456366237482121
2460,4.8025,4.88,0.3993819742489271,1.9502145922746783
2461,4.7825,4.8825,0.3985579399141631,1.9456366237482121
2462,4.79,4.88125,0.39919885550786843,1.9502145922746783
2463,4.77,4.88125,0.39919885550786843,1.9502145922746783
2464,4.79,4.88125,0.39919885550786843,1.9502145922746783
2465,4.7825,4.88375,0.3985579399141631,1.9456366237482121
2466,4.78,4.8825,0.3995650929899857,1.9502145922746783
2467,4.7975,4.8825,0.3997482117310444,1.9502145922746783
2468,4.78,4.8825,0.39837482117310447,1.9456366237482121
2469,4.79,4.88125,0.39892417739628044,1.9456366237482121
2470,4.7875,4.88,0.39892417739628044,1.9456366237482121
2471,4.8,4.8825,0.40002288984263235,1.9547925608011447
2472,4.79,4.88125,0.39892417739628044,1.9456366237482121
2473,4.785,4.88,0.3987410586552218,1.9456366237482121
2474,4.7875,4.8825,0.39892417739628044,1.9456366237482121
2475,4.79,4.8825,0.3985579399141631,1.9456366237482121
2476,4.7925,4.88125,0.3993819742489271,1.9502145922746783
2477,4.7875,4.88125,0.39892417739628044,1.9456366237482121
2478,4.7825,4.8825,0.3993819742489271,1.9502145922746783
2479,4.7875,4.88125,0.39892417739628044,1.9456366237482121
2480,4.805,4.88125,0.4003891273247497,1.9547925608011447
2481,4.7925,4.8825,0.39919885550786843,1.9502145922746783
2482,4.7775,4.88125,0.4003891273247497,1.9547925608011447
2483,4.7775,4.88125,0.3981001430615165,1.9433476394849787
2484,4.785,4.88125,0.3985579399141631,1.9456366237482121
2485,4.7875,4.8825,0.3985579399141631,1.9456366237482121
2486,4.7875,4.88125,0.39892417739628044,1.9456366237482121
2487,4.7925,4.8825,0.39663519313304724,1.9341917024320459
2488,4.7975,4.8825,0.39791702432045783,1.9433476394849787
2489,4.7975,4.88125,0.3997482117310444,1.9502145922746783
2490,4.7925,4.88125,0.4008469241773963,1.9570815450643777
2491,4.7825,4.8825,0.39919885550786843,1.9502145922746783
2492,4.79,4.88,0.39919885550786843,1.9456366237482121
2493,4.7925,4.8825,0.3987410586552218,1.9456366237482121
2494,4.795,4.8825,0.39791702432045783,1.9433476394849787
2495,4.7925,4.88125,0.3993819742489271,1.9502145922746783
2496,4.7875,4.88,0.39837482117310447,1.9433476394849787
2497,4.8025,4.8825,0.39709298998569387,1.9387696709585123
2498,4.785,4.88,0.3987410586552218,1.9456366237482121
2499,4.785,4.88125,0.3987410586552218,1.9570815450643777
2500,4.7925,4.88125,0.39837482117310447,1.9456366237482121
2501,4.7775,4.88125,0.3981001430615165,1.9433476394849787
2502,4.78,4.88125,0.39837482117310447,1.9456366237482121
2503,4.8025,4.88125,0.4016709585121603,1.9616595135908441
2504,4.785,4.88125,0.3987410586552218,1.9456366237482121
2505,4.785,4.88125,0.3987410586552218,1.9456366237482121
2506,4.7925,4.8825,0.39892417739628044,1.9456366237482121
2507,4.7775,4.88125,0.3981001430615165,1.9433476394849787
2508,4.79,4.88125,0.39919885550786843,1.9502145922746783
2509,4.7875,4.87875,0.40002288984263235,1.9502145922746783
2510,4.7625,4.88125,0.3969098712446352,1.9387696709585123
2511,4.79,4.8825,0.39919885550786843,1.9502145922746783
2512,4.805,4.88125,0.39919885550786843,1.9502145922746783
2513,4.78,4.88125,0.39837482117310447,1.9456366237482121
2514,4.79,4.88125,0.39919885550786843,1.9502145922746783
2515,4.7825,4.88125,0.39837482117310447,1.9456366237482121
2516,4.795,4.88125,0.3995650929899857,1.9502145922746783
2517,4.79,4.88125,0.39919885550786843,1.9502145922746783
2518,4.7875,4.88,0.39663519313304724,1.9341917024320459
2519,4.8025,4.8825,0.40020600858369104,1.9547925608011447
2520,4.78,4.88125,0.39837482117310447,1.9456366237482121
2521,4.775,4.88,0.4008469241773963,1.9570815450643777
2522,4.7875,4.88125,0.39892417739628044,1.9456366237482121
2523,4.78,4.8825,0.39837482117310447,1.9456366237482121
2524,4.7875,4.88,0.3993819742489271,1.9502145922746783
2525,4.745,4.88125,0.395444921316166,1.9319027181688129
2526,4.8125,4.8825,0.40103004291845495,1.9570815450643777
2527,4.7625,4.88,0.39837482117310447,1.9433476394849787
2528,4.79,4.88125,0.39919885550786843,1.9502145922746783
2529,4.815,4.88,0.40121316165951365,1.9570815450643777
2530,4.77,4.8825,0.3995650929899857,1.9502145922746783
2531,4.7825,4.88,0.40020600858369104,1.9547925608011447
2532,4.76,4.88125,0.39663519313304724,1.9341917024320459
2533,4.7675,4.88,0.3997482117310444,1.9502145922746783
2534,4.7825,4.8825,0.40066380543633767,1.9570815450643777
2535,4.7875,4.88,0.39892417739628044,1.9456366237482121
2536,4.7875,4.88125,0.40002288984263235,1.9547925608011447
2537,4.795,4.8825,0.39919885550786843,1.9502145922746783
2538,4.7425,4.88125,0.395170243204578,1.9273247496423465
2539,4.78,4.88125,0.39919885550786843,1.9502145922746783
2540,4.7825,4.8775,0.3985579399141631,1.9433476394849787
2541,4.8175,4.87875,0.40148783977110164,1.9570815450643777
2542,4.75,4.8825,0.40002288984263235,1.9547925608011447
2543,4.775,4.88125,0.3995650929899857,1.9502145922746783
2544,4.815,4.88,0.40121316165951365,1.9570815450643777
2545,4.825,4.88,0.4021287553648069,1.9616595135908441
2546,4.79,4.8825,0.39892417739628044,1.9456366237482121
2547,4.7375,4.87875,0.3948040057224607,1.9273247496423465
2548,4.7725,4.88125,0.3977339055793992,1.9433476394849787
2549,4.7925,4.88375,0.40020600858369104,1.9547925608011447
2550,4.79,4.88,0.39919885550786843,1.9456366237482121
2551,4.825,4.88125,0.4021287553648069,1.9616595135908441
2552,4.805,4.87875,0.39919885550786843,1.9456366237482121
2553,4.75,4.88125,0.3958111587982833,1.9319027181688129
2554,4.82,4.88125,0.4016709585121603,1.9616595135908441
2555,4.78,4.88125,0.39791702432045783,1.9433476394849787
2556,4.7875,4.88375,0.39892417739628044,1.9456366237482121
2557,4.8225,4.88,0.4018540772532189,1.9616595135908441
2558,4.795,4.8825,0.39919885550786843,1.9502145922746783
2559,4.7775,4.8825,0.3981001430615165,1.9433476394849787
2560,4.83,4.8825,0.4024949928469242,1.9662374821173105
2561,4.7625,4.8825,0.39837482117310447,1.9456366237482121
2562,4.7825,4.88,0.3985579399141631,1.9456366237482121
2563,4.8,4.88,0.40002288984263235,1.9547925608011447
2564,4.8125,4.8825,0.40121316165951365,1.9570815450643777
2565,4.765,4.88,0.39709298998569387,1.9387696709585123
2566,4.81,4.8825,0.4008469241773963,1.9570815450643777
2567,4.7625,4.8825,0.39892417739628044,1.9456366237482121
2568,4.79,4.8825,0.39919885550786843,1.9502145922746783
2569,4.7725,4.8825,0.3977339055793992,1.9433476394849787
2570,4.795,4.8825,0.3987410586552218,1.9456366237482121
2571,4.835,4.8825,0.3997482117310444,1.9502145922746783
2572,4.79,4.8825,0.39919885550786843,1.9502145922746783
2573,4.835,4.88125,0.3981001430615165,1.9433476394849787
2574,4.8125,4.88,0.3977339055793992,1.9433476394849787
2575,4.79,4.88,0.39919885550786843,1.9456366237482121
2576,4.7875,4.88125,0.39919885550786843,1.9502145922746783
2577,4.7675,4.8825,0.39791702432045783,1.9433476394849787
2578,4.7875,4.88,0.39892417739628044,1.9456366237482121
2579,4.7875,4.88,0.3993819742489271,1.9502145922746783
2580,4.7675,4.88125,0.3997482117310444,1.9502145922746783
2581,4.8,4.88,0.40002288984263235,1.9547925608011447
2582,4.7875,4.8825,0.39892417739628044,1.9456366237482121
2583,4.735,4.88125,0.39837482117310447,1.9456366237482121
2584,4.7875,4.88125,0.39892417739628044,1.9456366237482121
2585,4.785,4.88125,0.39919885550786843,1.9502145922746783
2586,4.7875,4.88125,0.3987410586552218,1.9456366237482121
2587,4.79,4.88125,0.39919885550786843,1.9502145922746783
2588,4.805,4.88125,0.4003891273247497,1.9547925608011447
2589,4.7725,4.88125,0.4003891273247497,1.9547925608011447
2590,4.7775,4.88125,0.3981001430615165,1.9433476394849787
2591,4.795,4.8825,0.3995650929899857,1.9502145922746783
2592,4.81,4.88125,0.3985579399141631,1.9456366237482121
2593,4.7675,4.88125,0.39727610872675256,1.9387696709585123
2594,4.8,4.8825,0.40002288984263235,1.9547925608011447
2595,4.795,4.8825,0.3974592274678112,1.9387696709585123
2596,4.7925,4.8825,0.3993819742489271,1.9502145922746783
2597,4.805,4.8825,0.4003891273247497,1.9547925608011447
2598,4.7875,4.8825,0.3997482117310444,1.9502145922746783
2599,4.7875,4.88,0.39892417739628044,1.9456366237482121
2600,4.8025,4.8825,0.40020600858369104,1.9547925608011447
2601,4.785,4.8825,0.40066380543633767,1.9570815450643777
2602,4.8025,4.88125,0.40020600858369104,1.9547925608011447
2603,4.8025,4.88125,0.40020600858369104,1.9547925608011447
2604,4.7625,4.88,0.39709298998569387,1.9387696709585123
2605,4.76,4.88125,0.39663519313304724,1.9341917024320459
2606,4.8025,4.8825,0.40020600858369104,1.9547925608011447
2607,4.7725,4.88125,0.3985579399141631,1.9456366237482121
2608,4.785,4.88125,0.3987410586552218,1.9456366237482121
2609,4.7975,4.88,0.3997482117310444,1.9502145922746783
2610,4.8125,4.88,0.40002288984263235,1.9547925608011447
2611,4.8025,4.88125,0.40020600858369104,1.9547925608011447
2612,4.79,4.88125,0.39919885550786843,1.9502145922746783
2613,4.81,4.8825,0.39709298998569387,1.9387696709585123
2614,4.7825,4.88,0.3985579399141631,1.9456366237482121
2615,4.7875,4.88,0.39892417739628044,1.9456366237482121
2616,4.785,4.88125,0.40020600858369104,1.9547925608011447
2617,4.7675,4.88,0.3987410586552218,1.9456366237482121
2618,4.8025,4.88,0.40020600858369104,1.9547925608011447
2619,4.795,4.8825,0.39709298998569387,1.9387696709585123
2620,4.77,4.88125,0.39892417739628044,1.9456366237482121
2621,4.7875,4.8825,0.39892417739628044,1.9456366237482121
2622,4.79,4.8825,0.39919885550786843,1.9502145922746783
2623,4.78,4.88,0.39837482117310447,1.9433476394849787
2624,4.78,4.88,0.39837482117310447,1.9433476394849787
2625,4.79,4.88125,0.39837482117310447,1.9456366237482121
2626,4.8075,4.88125,0.3985579399141631,1.9456366237482121
2627,4.7775,4.88125,0.3981001430615165,1.9433476394849787
2628,4.77,4.8825,0.3995650929899857,1.9502145922746783
2629,4.7725,4.88125,0.39919885550786843,1.9502145922746783
2630,4.79,4.88,0.39919885550786843,1.9456366237482121
2631,4.775,4.88125,0.39791702432045783,1.9456366237482121
2632,4.7775,4.8825,0.3985579399141631,1.9456366237482121
2633,4.7775,4.88125,0.3981001430615165,1.9433476394849787
2634,4.805,4.88375,0.4003891273247497,1.9547925608011447
2635,4.7875,4.8825,0.39791702432045783,1.9433476394849787
2636,4.785,4.88,0.3987410586552218,1.9456366237482121
2637,4.7975,4.88125,0.3997482117310444,1.9502145922746783
2638,4.7725,4.8825,0.3977339055793992,1.9433476394849787
2639,4.8025,4.88,0.40020600858369104,1.9547925608011447
2640,4.7775,4.88125,0.3981001430615165,1.9433476394849787
2641,4.775,4.88125,0.39919885550786843,1.9502145922746783
2642,4.7875,4.88,0.39892417739628044,1.9456366237482121
2643,4.795,4.88,0.3995650929899857,1.9502145922746783
2644,4.78,4.8825,0.39919885550786843,1.9502145922746783
2645,4.7875,4.88375,0.39892417739628044,1.9456366237482121
2646,4.7825,4.88,0.3985579399141631,1.9456366237482121
2647,4.7875,4.8825,0.39837482117310447,1.9456366237482121
2648,4.7875,4.88,0.39892417739628044,1.9456366237482121
2649,4.7875,4.88125,0.39892417739628044,1.9456366237482121
2650,4.79,4.8825,0.39892417739628044,1.9456366237482121
2651,4.7875,4.8825,0.39892417739628044,1.9456366237482121
2652,4.7975,4.88,0.3997482117310444,1.9502145922746783
2653,4.7775,4.8825,0.3993819742489271,1.9502145922746783
2654,4.785,4.88,0.3987410586552218,1.9456366237482121
2655,4.7925,4.88,0.3993819742489271,1.9502145922746783
2656,4.78,4.8825,0.4008469241773963,1.9570815450643777
2657,4.785,4.8825,0.3987410586552218,1.9456366237482121
2658,4.7875,4.88125,0.39892417739628044,1.9456366237482121
2659,4.7925,4.88,0.3993819742489271,1.9502145922746783
2660,4.7825,4.88125,0.3993819742489271,1.9502145922746783
2661,4.7725,4.8825,0.3977339055793992,1.9433476394849787
2662,4.7875,4.88125,0.3995650929899857,1.9502145922746783
2663,4.8,4.88125,0.39892417739628044,1.9456366237482121
2664,4.795,4.8825,0.3995650929899857,1.9502145922746783
2665,4.7925,4.8825,0.3981001430615165,1.9433476394849787
2666,4.795,4.88,0.40002288984263235,1.9547925608011447
2667,4.78,4.8825,0.39837482117310447,1.9456366237482121
2668,4.7925,4.8825,0.39837482117310447,1.9456366237482121
2669,4.775,4.88125,0.39892417739628044,1.9456366237482121
2670,4.7925,4.88125,0.3993819742489271,1.9502145922746783
2671,4.79,4.87875,0.39791702432045783,1.9433476394849787
2672,4.7725,4.8825,0.3987410586552218,1.9456366237482121
2673,4.7875,4.88125,0.39892417739628044,1.9456366237482121
2674,4.785,4.8825,0.3993819742489271,1.9502145922746783
2675,4.785,4.88125,0.3985579399141631,1.9456366237482121
2676,4.7825,4.88125,0.3985579399141631,1.9456366237482121
2677,4.8025,4.88125,0.40020600858369104,1.9547925608011447
2678,4.7875,4.8825,0.3985579399141631,1.9456366237482121
2679,4.79,4.88125,0.39919885550786843,1.9502145922746783
2680,4.7825,4.88125,0.3985579399141631,1.9456366237482121
2681,4.795,4.8825,0.3981001430615165,1.9433476394849787
2682,4.8,4.88,0.40002288984263235,1.9547925608011447
2683,4.8075,4.88125,0.40066380543633767,1.9547925608011447
2684,4.7875,4.88125,0.39919885550786843,1.9502145922746783
2685,4.79,4.88125,0.39919885550786843,1.9502145922746783
2686,4.7875,4.88125,0.39892417739628044,1.9456366237482121
2687,4.78,4.88125,0.3977339055793992,1.9433476394849787
2688,4.7825,4.88125,0.3985579399141631,1.9456366237482121
2689,4.7925,4.88125,0.3993819742489271,1.9502145922746783
2690,4.795,4.8825,0.3987410586552218,1.9456366237482121
2691,4.7875,4.8825,0.39892417739628044,1.9456366237482121
2692,4.7875,4.88125,0.39892417739628044,1.9456366237482121
2693,4.78,4.88125,0.39919885550786843,1.9502145922746783
2694,4.795,4.8825,0.3995650929899857,1.9502145922746783
2695,4.79,4.88125,0.39919885550786843,1.9502145922746783
2696,4.7925,4.88,0.39727610872675256,1.9387696709585123
2697,4.785,4.8825,0.3987410586552218,1.9456366237482121
2698,4.79,4.88125,0.39919885550786843,1.9502145922746783
2699,4.7925,4.8825,0.40002288984263235,1.9547925608011447
2700,4.7825,4.88125,0.3985579399141631,1.9456366237482121
2701,4.785,4.8825,0.3987410586552218,1.9456366237482121
2702,4.7825,4.88125,0.39727610872675256,1.9387696709585123
2703,4.775,4.8825,0.3987410586552218,1.9456366237482121
2704,4.7775,4.88125,0.3981001430615165,1.9433476394849787
2705,4.7825,4.88125,0.39919885550786843,1.9502145922746783
2706,4.78,4.8825,0.40020600858369104,1.9547925608011447
2707,4.7975,4.8825,0.3997482117310444,1.9502145922746783
2708,4.785,4.88125,0.40066380543633767,1.9547925608011447
2709,4.785,4.88125,0.4008469241773963,1.9570815450643777
2710,4.7925,4.88125,0.3993819742489271,1.9502145922746783
2711,4.7875,4.88,0.40103004291845495,1.9570815450643777
2712,4.8,4.88125,0.3935221745350501,1.9204577968526468
2713,4.78,4.88125,0.39837482117310447,1.9456366237482121
2714,4.7875,4.87875,0.3964520743919886,1.9341917024320459
2715,4.7875,4.8825,0.3964520743919886,1.9341917024320459
2716,4.805,4.8825,0.4003891273247497,1.9547925608011447
2717,4.7825,4.88125,0.40231187410586555,1.9662374821173105
2718,4.785,4.88125,0.39498712446351936,1.9273247496423465
2719,4.805,4.88,0.4003891273247497,1.9547925608011447
2720,4.8175,4.8825,0.40148783977110164,1.9616595135908441
2721,4.7775,4.88125,0.3981001430615165,1.9433476394849787
2722,4.775,4.8825,0.39791702432045783,1.9433476394849787
2723,4.7625,4.8825,0.3969098712446352,1.9387696709585123
2724,4.78,4.88125,0.3993819742489271,1.9502145922746783
2725,4.8425,4.8825,0.4035021459227468,1.968526466380544
2726,4.795,4.88125,0.3995650929899857,1.9502145922746783
2727,4.77,4.88,0.39663519313304724,1.9341917024320459
2728,4.765,4.88,0.39709298998569387,1.9387696709585123
2729,4.805,4.88125,0.4003891273247497,1.9547925608011447
2730,4.8125,4.8825,0.4008469241773963,1.9570815450643777
2731,4.87,4.88,0.40579113018598,1.9799713876967096
2732,4.77,4.88,0.3974592274678112,1.9387696709585123
2733,4.7825,4.88375,0.3964520743919886,1.9341917024320459
2734,4.7725,4.88375,0.3977339055793992,1.9433476394849787
2735,4.76,4.8825,0.39663519313304724,1.9341917024320459
2736,4.81,4.88125,0.3993819742489271,1.9502145922746783
2737,4.7975,4.88,0.3997482117310444,1.9502145922746783
2738,4.7775,4.88375,0.3981001430615165,1.9433476394849787
2739,4.7425,4.8775,0.3985579399141631,1.9433476394849787
2740,4.785,4.88125,0.3987410586552218,1.9456366237482121
2741,4.7975,4.88,0.3997482117310444,1.9502145922746783
2742,4.7625,4.88,0.4008469241773963,1.9570815450643777
2743,4.785,4.88,0.3987410586552218,1.9456366237482121
2744,4.7825,4.88125,0.3985579399141631,1.9456366237482121
2745,4.8075,4.88375,0.39837482117310447,1.9456366237482121
2746,4.7725,4.88,0.3977339055793992,1.9433476394849787
2747,4.8075,4.88125,0.40066380543633767,1.9547925608011447
2748,4.7975,4.88125,0.3977339055793992,1.9433476394849787
2749,4.7525,4.88125,0.39892417739628044,1.9456366237482121
2750,4.8075,4.88125,0.40066380543633767,1.9547925608011447
2751,4.795,4.88125,0.39709298998569387,1.9387696709585123
2752,4.7675,4.88125,0.3974592274678112,1.9387696709585123
2753,4.7775,4.88125,0.3981001430615165,1.9433476394849787
2754,4.78,4.8825,0.3964520743919886,1.9341917024320459
2755,4.795,4.88125,0.3985579399141631,1.9456366237482121
2756,4.83,4.885,0.4024949928469242,1.9662374821173105
2757,4.8075,4.8825,0.39727610872675256,1.9387696709585123
2758,4.75,4.88125,0.39892417739628044,1.9456366237482121
2759,4.7875,4.8825,0.39892417739628044,1.9456366237482121
2760,4.8025,4.8825,0.3993819742489271,1.9502145922746783
2761,4.7525,4.88125,0.4008469241773963,1.9570815450643777
2762,4.8125,4.88125,0.40103004291845495,1.9570815450643777
2763,4.7875,4.88125,0.39892417739628044,1.9502145922746783
2764,4.7475,4.8825,0.3985579399141631,1.9456366237482121
2765,4.78,4.88375,0.39837482117310447,1.9456366237482121
2766,4.7775,4.88375,0.3981001430615165,1.9433476394849787
2767,4.755,4.8825,0.3981001430615165,1.9433476394849787
2768,4.7625,4.88125,0.3969098712446352,1.9387696709585123
2769,4.7925,4.88,0.3993819742489271,1.9502145922746783
2770,4.79,4.8825,0.40002288984263235,1.9547925608011447
2771,4.7925,4.8825,0.3993819742489271,1.9502145922746783
2772,4.765,4.88,0.39709298998569387,1.9387696709585123
2773,4.7725,4.88125,0.3997482117310444,1.9502145922746783
2774,4.7525,4.88,0.39608583690987126,1.9319027181688129
2775,4.7825,4.8825,0.3985579399141631,1.9456366237482121
2776,4.8075,4.8825,0.4021287553648069,1.9662374821173105
2777,4.75,4.8825,0.3958111587982833,1.9319027181688129
2778,4.755,4.88125,0.39626895565092995,1.9341917024320459
2779,4.7875,4.8825,0.3985579399141631,1.9456366237482121
2780,4.7875,4.8825,0.39892417739628044,1.9456366237482121
2781,4.7675,4.8825,0.39727610872675256,1.9387696709585123
2782,4.7875,4.88375,0.39727610872675256,1.9387696709585123
2783,4.7875,4.8825,0.39892417739628044,1.9456366237482121
2784,4.795,4.88125,0.3995650929899857,1.9502145922746783
2785,4.805,4.88125,0.3987410586552218,1.9456366237482121
2786,4.8125,4.88,0.40103004291845495,1.9570815450643777
2787,4.7725,4.88,0.3977339055793992,1.9433476394849787
2788,4.785,4.88,0.3995650929899857,1.9502145922746783
2789,4.8,4.88,0.40002288984263235,1.9547925608011447
2790,4.815,4.8825,0.40121316165951365,1.9570815450643777
2791,4.7875,4.88125,0.3995650929899857,1.9502145922746783
2792,4.7725,4.88125,0.40002288984263235,1.9547925608011447
2793,4.7975,4.885,0.3997482117310444,1.9547925608011447
2794,4.8,4.8825,0.39892417739628044,1.9456366237482121
2795,4.785,4.88125,0.3993819742489271,1.9502145922746783
2796,4.8175,4.88125,0.40148783977110164,1.9616595135908441
2797,4.8075,4.885,0.3974592274678112,1.9433476394849787
2798,4.8,4.88,0.39727610872675256,1.9387696709585123
2799,4.7575,4.88625,0.3964520743919886,1.9387696709585123
2800,4.76,4.88,0.39791702432045783,1.9433476394849787
2801,4.8125,4.88,0.40002288984263235,1.9547925608011447
2802,4.7925,4.88,0.3993819742489271,1.9502145922746783
2803,4.8175,4.88125,0.3987410586552218,1.9456366237482121
2804,4.78,4.88,0.39892417739628044,1.9456366237482121
2805,4.79,4.88,0.39919885550786843,1.9456366237482121
2806,4.7725,4.88125,0.3995650929899857,1.9502145922746783
2807,4.7925,4.88375,0.3981001430615165,1.9433476394849787
2808,4.7425,4.88375,0.395170243204578,1.9319027181688129
2809,4.775,4.8825,0.39791702432045783,1.9433476394849787
2810,4.795,4.8825,0.39892417739628044,1.9456366237482121
2811,4.7875,4.8825,0.39892417739628044,1.9456366237482121
2812,4.805,4.88,0.4003891273247497,1.9547925608011447
2813,4.7925,4.88375,0.3987410586552218,1.9456366237482121
2814,4.7825,4.88125,0.3985579399141631,1.9456366237482121
2815,4.7625,4.88125,0.3969098712446352,1.9387696709585123
2816,4.805,4.88125,0.3981001430615165,1.9433476394849787
2817,4.79,4.88125,0.39919885550786843,1.9502145922746783
2818,4.805,4.88,0.4003891273247497,1.9547925608011447
2819,4.77,4.8825,0.39892417739628044,1.9456366237482121
2820,4.775,4.88375,0.39791702432045783,1.9433476394849787
2821,4.7825,4.88,0.3985579399141631,1.9456366237482121
2822,4.7725,4.88,0.3987410586552218,1.9456366237482121
2823,4.8025,4.8825,0.40020600858369104,1.9547925608011447
2824,4.7975,4.88375,0.3997482117310444,1.9547925608011447
2825,4.81,4.8825,0.39919885550786843,1.9502145922746783
2826,4.7775,4.88,0.3981001430615165,1.9433476394849787
2827,4.77,4.88375,0.3974592274678112,1.9433476394849787
2828,4.815,4.88125,0.40002288984263235,1.9547925608011447
2829,4.7775,4.88,0.3981001430615165,1.9433476394849787
2830,4.76,4.88125,0.39663519313304724,1.9341917024320459
2831,4.7925,4.8825,0.39892417739628044,1.9456366237482121
2832,4.7875,4.8825,0.39892417739628044,1.9456366237482121
2833,4.7725,4.8825,0.3977339055793992,1.9433476394849787
2834,4.8125,4.8825,0.3993819742489271,1.9502145922746783
2835,4.7875,4.88125,0.39892417739628044,1.9456366237482121
2836,4.7925,4.88125,0.3993819742489271,1.9502145922746783
2837,4.7775,4.88,0.3995650929899857,1.9502145922746783
2838,4.775,4.88125,0.3993819742489271,1.9502145922746783
2839,4.78,4.88,0.39837482117310447,1.9433476394849787
2840,4.7925,4.88125,0.39892417739628044,1.9456366237482121
2841,4.78,4.88125,0.3995650929899857,1.9502145922746783
2842,4.7925,4.8825,0.3993819742489271,1.9502145922746783
2843,4.785,4.88125,0.39919885550786843,1.9502145922746783
2844,4.77,4.88125,0.40020600858369104,1.9547925608011447
2845,4.795,4.88125,0.3995650929899857,1.9502145922746783
2846,4.77,4.88125,0.3985579399141631,1.9456366237482121
2847,4.7975,4.88125,0.3985579399141631,1.9456366237482121
2848,4.79,4.88,0.39919885550786843,1.9456366237482121
2849,4.785,4.88125,0.3985579399141631,1.9456366237482121
2850,4.8025,4.88,0.3995650929899857,1.9502145922746783
2851,4.805,4.88125,0.4003891273247497,1.9547925608011447
2852,4.7725,4.8825,0.3977339055793992,1.9456366237482121
2853,4.78,4.88125,0.3997482117310444,1.9502145922746783
2854,4.7825,4.8825,0.3985579399141631,1.9456366237482121
2855,4.79,4.88,0.39919885550786843,1.9456366237482121
2856,4.78,4.88125,0.3987410586552218,1.9456366237482121
2857,4.7925,4.8825,0.3993819742489271,1.9502145922746783
2858,4.79,4.88125,0.39919885550786843,1.9502145922746783
2859,4.7825,4.88,0.39919885550786843,1.9456366237482121
2860,4.785,4.88125,0.3987410586552218,1.9456366237482121
2861,4.79,4.88,0.39919885550786843,1.9456366237482121
2862,4.78,4.8825,0.3985579399141631,1.9456366237482121
2863,4.775,4.88125,0.39791702432045783,1.9433476394849787
2864,4.7875,4.88,0.39892417739628044,1.9456366237482121
2865,4.7925,4.8825,0.39837482117310447,1.9456366237482121
2866,4.7925,4.88125,0.3993819742489271,1.9502145922746783
2867,4.7925,4.88125,0.3993819742489271,1.9502145922746783
2868,4.7875,4.88125,0.39919885550786843,1.9502145922746783
2869,4.795,4.88125,0.3995650929899857,1.9502145922746783
2870,4.8025,4.88,0.40020600858369104,1.9547925608011447
2871,4.7975,4.88,0.3987410586552218,1.9456366237482121
2872,4.795,4.88125,0.3995650929899857,1.9502145922746783
2873,4.7825,4.8825,0.3985579399141631,1.9456366237482121
2874,4.7875,4.88125,0.3993819742489271,1.9502145922746783
2875,4.7825,4.8825,0.3985579399141631,1.9456366237482121
2876,4.7825,4.88125,0.3985579399141631,1.9456366237482121
2877,4.7925,4.8825,0.3981001430615165,1.9433476394849787
2878,4.77,4.88125,0.3974592274678112,1.9387696709585123
2879,4.7825,4.8825,0.3985579399141631,1.9456366237482121
2880,4.7875,4.8825,0.39791702432045783,1.9433476394849787
2881,4.7875,4.88125,0.3997482117310444,1.9502145922746783
2882,4.78,4.88125,0.39837482117310447,1.9456366237482121
2883,4.79,4.8825,0.3987410586552218,1.9456366237482121
2884,4.7775,4.88125,0.40002288984263235,1.9547925608011447
2885,4.775,4.8825,0.39791702432045783,1.9433476394849787
2886,4.79,4.88125,0.40231187410586555,1.9662374821173105
2887,4.8,4.8825,0.3993819742489271,1.9502145922746783
2888,4.78,4.8825,0.39837482117310447,1.9456366237482121
2889,4.79,4.88,0.395170243204578,1.9273247496423465
2890,4.7825,4.88125,0.3964520743919886,1.9341917024320459
2891,4.7875,4.8825,0.39892417739628044,1.9456366237482121
2892,4.7775,4.8825,0.4016709585121603,1.9616595135908441
2893,4.795,4.88,0.39727610872675256,1.9387696709585123
2894,4.77,4.8825,0.3974592274678112,1.9387696709585123
2895,4.7825,4.88125,0.3995650929899857,1.9502145922746783
2896,4.78,4.88,0.3985579399141631,1.9456366237482121
2897,4.7725,4.8825,0.3977339055793992,1.9433476394849787
2898,4.77,4.87875,0.3974592274678112,1.9456366237482121
2899,4.79,4.8825,0.4029527896995709,1.968526466380544
2900,4.8125,4.88125,0.40103004291845495,1.9570815450643777
2901,4.79,4.88125,0.39919885550786843,1.9502145922746783
2902,4.7975,4.88,0.40020600858369104,1.9547925608011447
2903,4.815,4.88125,0.40121316165951365,1.9570815450643777
2904,4.795,4.88125,0.3995650929899857,1.9502145922746783
2905,4.775,4.87875,0.3958111587982833,1.9319027181688129
2906,4.7925,4.8825,0.3993819742489271,1.9502145922746783
2907,4.77,4.88125,0.3974592274678112,1.9387696709585123
2908,4.795,4.88,0.40066380543633767,1.9547925608011447
2909,4.775,4.88,0.39791702432045783,1.9433476394849787
2910,4.7875,4.8825,0.39892417739628044,1.9456366237482121
2911,4.78,4.8825,0.3997482117310444,1.9502145922746783
2912,4.7925,4.8825,0.3993819742489271,1.9502145922746783
2913,4.81,4.88,0.4008469241773963,1.9570815450643777
2914,4.785,4.8825,0.39837482117310447,1.9456366237482121
2915,4.795,4.8825,0.3995650929899857,1.9502145922746783
2916,4.7925,4.8825,0.3993819742489271,1.9502145922746783
2917,4.7825,4.88125,0.40002288984263235,1.9547925608011447
2918,4.7975,4.87875,0.3997482117310444,1.9502145922746783
2919,4.7825,4.88125,0.3985579399141631,1.9456366237482121
2920,4.7625,4.88125,0.3993819742489271,1.9502145922746783
2921,4.795,4.88,0.3995650929899857,1.9502145922746783
2922,4.85,4.8825,0.40414306151645213,1.9731044349070102
2923,4.82,4.88125,0.4003891273247497,1.9547925608011447
2924,4.785,4.88375,0.3987410586552218,1.9456366237482121
2925,4.7575,4.88375,0.3964520743919886,1.9341917024320459
2926,4.785,4.88,0.3985579399141631,1.9456366237482121
2927,4.775,4.8825,0.40066380543633767,1.9570815450643777
2928,4.7875,4.8825,0.39892417739628044,1.9456366237482121
2929,4.81,4.88,0.39919885550786843,1.9456366237482121
2930,4.785,4.8825,0.3997482117310444,1.9502145922746783
2931,4.7975,4.8825,0.3997482117310444,1.9502145922746783
2932,4.79,4.88375,0.3995650929899857,1.9502145922746783
2933,4.7375,4.88125,0.39837482117310447,1.9456366237482121
2934,4.7875,4.88,0.39892417739628044,1.9456366237482121
2935,4.7975,4.88125,0.39837482117310447,1.9456366237482121
2936,4.83,4.88,0.39791702432045783,1.9433476394849787
2937,4.78,4.87875,0.39837482117310447,1.9433476394849787
2938,4.735,4.8825,0.3987410586552218,1.9456366237482121
2939,4.8025,4.88125,0.40020600858369104,1.9547925608011447
2940,4.7675,4.8825,0.39727610872675256,1.9387696709585123
2941,4.7675,4.8825,0.39727610872675256,1.9387696709585123
2942,4.7775,4.88,0.39919885550786843,1.9456366237482121
2943,4.7775,4.88,0.3981001430615165,1.9433476394849787
2944,4.7875,4.88,0.39892417739628044,1.9456366237482121
2945,4.7575,4.88125,0.39626895565092995,1.9341917024320459
2946,4.7925,4.88,0.3993819742489271,1.9502145922746783
2947,4.805,4.88,0.4003891273247497,1.9547925608011447
2948,4.75,4.8825,0.3974592274678112,1.9387696709585123
2949,4.78,4.88375,0.39837482117310447,1.9456366237482121
2950,4.8,4.88125,0.40002288984263235,1.9547925608011447
2951,4.81,4.88125,0.3974592274678112,1.9387696709585123
2952,4.805,4.88125,0.4003891273247497,1.9547925608011447
2953,4.7825,4.8825,0.3985579399141631,1.9456366237482121
2954,4.7825,4.88125,0.3981001430615165,1.9433476394849787
2955,4.7825,4.88125,0.3985579399141631,1.9456366237482121
2956,4.785,4.88,0.3987410586552218,1.9456366237482121
2957,4.7775,4.88125,0.39892417739628044,1.9456366237482121
2958,4.7925,4.8825,0.3993819742489271,1.9502145922746783
2959,4.7925,4.8825,0.3993819742489271,1.9502145922746783
2960,4.7925,4.8825,0.3995650929899857,1.9502145922746783
2961,4.7775,4.88125,0.3981001430615165,1.9433476394849787
2962,4.78,4.8825,0.39837482117310447,1.9456366237482121
2963,4.78,4.8825,0.39709298998569387,1.9387696709585123
2964,4.7875,4.88,0.39892417739628044,1.9456366237482121
2965,4.7875,4.88125,0.39892417739628044,1.9456366237482121
2966,4.7925,4.8825,0.40002288984263235,1.9547925608011447
2967,4.8025,4.88125,0.40020600858369104,1.9547925608011447
2968,4.755,4.88125,0.39626895565092995,1.9341917024320459
2969,4.78,4.8825,0.3981001430615165,1.9433476394849787
2970,4.7675,4.88,0.3981001430615165,1.9433476394849787
2971,4.7925,4.8825,0.3993819742489271,1.9502145922746783
2972,4.795,4.88125,0.39663519313304724,1.9341917024320459
2973,4.7725,4.8825,0.3995650929899857,1.9502145922746783
2974,4.78,4.88125,0.39837482117310447,1.9456366237482121
2975,4.7825,4.88,0.3985579399141631,1.9456366237482121
2976,4.7825,4.88125,0.3969098712446352,1.9387696709585123
2977,4.785,4.88125,0.3987410586552218,1.9456366237482121
2978,4.8,4.8825,0.3993819742489271,1.9502145922746783
2979,4.7825,4.88125,0.3987410586552218,1.9456366237482121
2980,4.7875,4.88125,0.39892417739628044,1.9456366237482121
2981,4.7925,4.88125,0.3974592274678112,1.9387696709585123
2982,4.7925,4.8825,0.3993819742489271,1.9502145922746783
2983,4.775,4.88125,0.39791702432045783,1.9433476394849787
2984,4.7775,4.88,0.3993819742489271,1.9502145922746783
2985,4.8,4.88125,0.3974592274678112,1.9387696709585123
2986,4.775,4.88125,0.39791702432045783,1.9433476394849787
2987,4.785,4.8825,0.3987410586552218,1.9456366237482121
2988,4.795,4.88125,0.3981001430615165,1.9433476394849787
2989,4.77,4.8825,0.3974592274678112,1.9387696709585123
2990,4.8125,4.8825,0.40103004291845495,1.9570815450643777
2991,4.7875,4.88125,0.4003891273247497,1.9547925608011447
2992,4.77,4.88125,0.3974592274678112,1.9387696709585123
2993,4.785,4.88,0.3987410586552218,1.9456366237482121
2994,4.7925,4.88125,0.3985579399141631,1.9456366237482121
2995,4.7925,4.88125,0.3993819742489271,1.9502145922746783
2996,4.77,4.8825,0.3974592274678112,1.9387696709585123
2997,4.74,4.8825,0.39837482117310447,1.9456366237482121
2998,4.7675,4.8825,0.39727610872675256,1.9387696709585123
2999,4.7575,4.88125,0.3964520743919886,1.9341917024320459
3000,4.7975,4.88125,0.39892417739628044,1.9456366237482121
3001,4.78,4.88125,0.39837482117310447,1.9456366237482121
3002,4.785,4.8825,0.3987410586552218,1.9456366237482121
3003,4.7875,4.88125,0.3987410586552218,1.9456366237482121
3004,4.7925,4.88125,0.3993819742489271,1.9502145922746783
3005,4.79,4.88,0.39919885550786843,1.9456366237482121
3006,4.775,4.8825,0.3985579399141631,1.9456366237482121
3007,4.795,4.88125,0.3995650929899857,1.9502145922746783
3008,4.775,4.8825,0.39791702432045783,1.9433476394849787
3009,4.7675,4.8825,0.3977339055793992,1.9433476394849787
3010,4.8,4.88125,0.40002288984263235,1.9547925608011447
3011,4.7825,4.88,0.3985579399141631,1.9456366237482121
3012,4.755,4.8825,0.39919885550786843,1.9502145922746783
3013,4.7725,4.88,0.3969098712446352,1.9341917024320459
3014,4.785,4.8825,0.3987410586552218,1.9456366237482121
3015,4.81,4.8825,0.3993819742489271,1.9502145922746783
3016,4.785,4.88125,0.39663519313304724,1.9341917024320459
3017,4.82,4.88125,0.4016709585121603,1.9616595135908441
3018,4.7875,4.8825,0.3985579399141631,1.9456366237482121
3019,4.7925,4.8825,0.3987410586552218,1.9456366237482121
3020,4.76,4.88125,0.39663519313304724,1.9341917024320459
3021,4.8125,4.88,0.3977339055793992,1.9433476394849787
3022,4.8,4.88125,0.3985579399141631,1.9456366237482121
3023,4.765,4.88125,0.39709298998569387,1.9387696709585123
3024,4.765,4.8825,0.39919885550786843,1.9502145922746783
3025,4.7725,4.8825,0.39892417739628044,1.9456366237482121
3026,4.78,4.8825,0.39837482117310447,1.9456366237482121
3027,4.765,4.88125,0.39919885550786843,1.9502145922746783
3028,4.77,4.88125,0.3997482117310444,1.9502145922746783
3029,4.7625,4.88375,0.3969098712446352,1.9387696709585123
3030,4.775,4.8825,0.39791702432045783,1.9433476394849787
3031,4.785,4.8825,0.3981001430615165,1.9433476394849787
3032,4.8,4.88125,0.40002288984263235,1.9547925608011447
3033,4.7725,4.88125,0.3977339055793992,1.9433476394849787
3034,4.775,4.8825,0.3985579399141631,1.9456366237482121
3035,4.7825,4.8825,0.3985579399141631,1.9456366237482121
3036,4.7725,4.88,0.3977339055793992,1.9433476394849787
3037,4.78,4.8825,0.39892417739628044,1.9456366237482121
3038,4.805,4.88125,0.4003891273247497,1.9547925608011447
3039,4.7625,4.8825,0.3969098712446352,1.9387696709585123
3040,4.79,4.88125,0.3985579399141631,1.9456366237482121
3041,4.8,4.88125,0.40002288984263235,1.9547925608011447
3042,4.7825,4.88125,0.3985579399141631,1.9456366237482121
3043,4.7725,4.88125,0.3993819742489271,1.9502145922746783
3044,4.7875,4.88125,0.39892417739628044,1.9456366237482121
3045,4.7875,4.88125,0.39892417739628044,1.9456366237482121
3046,4.785,4.8825,0.3995650929899857,1.9502145922746783
3047,4.7725,4.8825,0.3977339055793992,1.9433476394849787
3048,4.7875,4.88,0.39892417739628044,1.9456366237482121
3049,4.78,4.88125,0.3981001430615165,1.9433476394849787
3050,4.7975,4.8825,0.3997482117310444,1.9502145922746783
3051,4.78,4.88,0.39837482117310447,1.9433476394849787
3052,4.7825,4.88125,0.3985579399141631,1.9456366237482121
3053,4.775,4.88125,0.39791702432045783,1.9433476394849787
3054,4.7925,4.88125,0.3993819742489271,1.9502145922746783
3055,4.77,4.88,0.3995650929899857,1.9502145922746783
3056,4.78,4.8825,0.3985579399141631,1.9456366237482121
3057,4.78,4.88125,0.39837482117310447,1.9456366237482121
3058,4.785,4.88125,0.3987410586552218,1.9456366237482121
3059,4.7675,4.88125,0.3997482117310444,1.9502145922746783
3060,4.7825,4.8825,0.3985579399141631,1.9456366237482121
3061,4.7925,4.88125,0.3987410586552218,1.9456366237482121
3062,4.7725,4.8825,0.3995650929899857,1.9502145922746783
3063,4.7875,4.88125,0.39892417739628044,1.9456366237482121
3064,4.7825,4.8825,0.3985579399141631,1.9456366237482121
3065,4.78,4.88125,0.3987410586552218,1.9456366237482121
3066,4.7825,4.88,0.3985579399141631,1.9456366237482121
3067,4.7875,4.8825,0.39791702432045783,1.9433476394849787
3068,4.775,4.88125,0.3993819742489271,1.9502145922746783
3069,4.7925,4.88125,0.3993819742489271,1.9502145922746783
3070,4.7875,4.88375,0.3987410586552218,1.9456366237482121
3071,4.7875,4.8825,0.3985579399141631,1.9456366237482121
3072,4.7825,4.8825,0.3985579399141631,1.9456366237482121
3073,4.78,4.8825,0.39837482117310447,1.9456366237482121
3074,4.8,4.88125,0.3987410586552218,1.9456366237482121
3075,4.8,4.8825,0.40002288984263235,1.9547925608011447
3076,4.7875,4.88125,0.39892417739628044,1.9456366237482121
3077,4.79,4.88125,0.3977339055793992,1.9433476394849787
3078,4.7775,4.88125,0.3981001430615165,1.9433476394849787
3079,4.7875,4.88125,0.39892417739628044,1.9456366237482121
3080,4.7775,4.88125,0.39837482117310447,1.9456366237482121
3081,4.7875,4.88,0.39892417739628044,1.9456366237482121
3082,4.785,4.88125,0.3987410586552218,1.9456366237482121
3083,4.7975,4.88125,0.39892417739628044,1.9456366237482121
3084,4.8,4.8825,0.40002288984263235,1.9547925608011447
3085,4.795,4.88125,0.3995650929899857,1.9502145922746783
3086,4.7825,4.88125,0.3987410586552218,1.9456366237482121
3087,4.78,4.8825,0.39837482117310447,1.9456366237482121
3088,4.7825,4.8825,0.3985579399141631,1.9456366237482121
3089,4.7975,4.88125,0.3985579399141631,1.9456366237482121
3090,4.79,4.88125,0.39919885550786843,1.9502145922746783
3091,4.7825,4.88,0.3985579399141631,1.9456366237482121
3092,4.7775,4.88375,0.39837482117310447,1.9456366237482121
3093,4.7875,4.88125,0.39892417739628044,1.9456366237482121
3094,4.79,4.88125,0.39919885550786843,1.9502145922746783
3095,4.785,4.8825,0.4003891273247497,1.9547925608011447
3096,4.7825,4.8825,0.3985579399141631,1.9456366237482121
3097,4.7775,4.88125,0.3981001430615165,1.9433476394849787
3098,4.7875,4.88125,0.3997482117310444,1.9502145922746783
3099,4.7875,4.88125,0.39892417739628044,1.9456366237482121
3100,4.7775,4.8825,0.3981001430615165,1.9433476394849787
3101,4.79,4.8825,0.39727610872675256,1.9387696709585123
3102,4.7875,4.88125,0.3987410586552218,1.9456366237482121
3103,4.7825,4.8825,0.3985579399141631,1.9456366237482121
3104,4.79,4.8825,0.3977339055793992,1.9433476394849787
3105,4.785,4.88125,0.3981001430615165,1.9433476394849787
3106,4.7825,4.8825,0.3985579399141631,1.9456366237482121
3107,4.795,4.88125,0.3977339055793992,1.9433476394849787
3108,4.7875,4.8825,0.3974592274678112,1.9387696709585123
3109,4.775,4.88125,0.39791702432045783,1.9433476394849787
3110,4.7775,4.8825,0.395170243204578,1.9273247496423465
3111,4.7875,4.88,0.39727610872675256,1.9387696709585123
3112,4.78,4.8825,0.39837482117310447,1.9456366237482121
3113,4.7925,4.88375,0.40002288984263235,1.9547925608011447
3114,4.805,4.8825,0.40121316165951365,1.9570815450643777
3115,4.7975,4.88125,0.3997482117310444,1.9502145922746783
3116,4.7725,4.88125,0.39626895565092995,1.9341917024320459
3117,4.7875,4.88125,0.39791702432045783,1.9433476394849787
3118,4.7775,4.88125,0.3981001430615165,1.9433476394849787
3119,4.78,4.8825,0.39837482117310447,1.9456366237482121
3120,4.7925,4.8825,0.40002288984263235,1.9547925608011447
3121,4.7925,4.8825,0.3993819742489271,1.9502145922746783
3122,4.7725,4.88125,0.3977339055793992,1.9433476394849787
3123,4.7875,4.8825,0.3977339055793992,1.9433476394849787
3124,4.7725,4.88125,0.3977339055793992,1.9433476394849787
3125,4.7825,4.8825,0.3985579399141631,1.9456366237482121
3126,4.785,4.8825,0.3981001430615165,1.9433476394849787
3127,4.79,4.8825,0.39919885550786843,1.9502145922746783
3128,4.7875,4.88125,0.39892417739628044,1.9456366237482121
3129,4.7775,4.8825,0.395170243204578,1.9273247496423465
3130,4.7675,4.8825,0.39727610872675256,1.9387696709585123
3131,4.7825,4.88125,0.3985579399141631,1.9456366237482121
3132,4.78,4.88125,0.3985579399141631,1.9456366237482121
3133,4.7925,4.8825,0.3993819742489271,1.9502145922746783
3134,4.785,4.88125,0.3987410586552218,1.9456366237482121
3135,4.785,4.8825,0.3995650929899857,1.9502145922746783
3136,4.795,4.8825,0.3995650929899857,1.9502145922746783
3137,4.7875,4.8825,0.39892417739628044,1.9456366237482121
3138,4.79,4.8825,0.39892417739628044,1.9456366237482121
3139,4.765,4.8825,0.39709298998569387,1.9387696709585123
3140,4.7875,4.8825,0.39892417739628044,1.9456366237482121
3141,4.7725,4.8825,0.3974592274678112,1.9387696709585123
3142,4.79,4.88125,0.39919885550786843,1.9502145922746783
3143,4.77,4.88125,0.3974592274678112,1.9387696709585123
3144,4.775,4.8825,0.4008469241773963,1.9570815450643777
3145,4.79,4.88,0.40002288984263235,1.9547925608011447
3146,4.8,4.88375,0.40002288984263235,1.9547925608011447
3147,4.7875,4.8825,0.4008469241773963,1.9570815450643777
3148,4.7775,4.88125,0.3997482117310444,1.9502145922746783
3149,4.82,4.8825,0.4016709585121603,1.9616595135908441
3150,4.7775,4.88125,0.3993819742489271,1.9502145922746783
3151,4.79,4.8825,0.3974592274678112,1.9387696709585123
3152,4.7825,4.8825,0.3985579399141631,1.9456366237482121
3153,4.7725,4.88125,0.4008469241773963,1.9570815450643777
3154,4.7825,4.88125,0.3977339055793992,1.9433476394849787
3155,4.8125,4.88125,0.40103004291845495,1.9570815450643777
3156,4.78,4.8825,0.4016709585121603,1.9616595135908441
3157,4.7825,4.8825,0.3969098712446352,1.9387696709585123
3158,4.7575,4.88125,0.3964520743919886,1.9341917024320459
3159,4.785,4.8825,0.40020600858369104,1.9547925608011447
3160,4.7725,4.8825,0.4029527896995709,1.968526466380544
3161,4.775,4.88,0.39791702432045783,1.9433476394849787
3162,4.77,4.8825,0.3974592274678112,1.9387696709585123
3163,4.7875,4.8825,0.39892417739628044,1.9456366237482121
3164,4.79,4.88125,0.39919885550786843,1.9502145922746783
3165,4.79,4.8825,0.39919885550786843,1.9502145922746783
3166,4.7825,4.88,0.40121316165951365,1.9570815450643777
3167,4.76,4.88125,0.39663519313304724,1.9341917024320459
3168,4.7775,4.88125,0.3981001430615165,1.9433476394849787
3169,4.7775,4.88125,0.40103004291845495,1.9570815450643777
3170,4.8025,4.8825,0.40020600858369104,1.9547925608011447
3171,4.735,4.88125,0.394620886981402,1.9273247496423465
3172,4.7875,4.88,0.3997482117310444,1.9502145922746783
3173,4.7775,4.8825,0.3981001430615165,1.9433476394849787
3174,4.765,4.8825,0.39709298998569387,1.9387696709585123
3175,4.7925,4.88125,0.4003891273247497,1.9547925608011447
3176,4.78,4.8825,0.39837482117310447,1.9456366237482121
3177,4.7575,4.8825,0.3964520743919886,1.9341917024320459
3178,4.77,4.88125,0.3993819742489271,1.9502145922746783
3179,4.8125,4.88,0.40103004291845495,1.9570815450643777
3180,4.7625,4.88125,0.3969098712446352,1.9387696709585123
3181,4.7575,4.88125,0.3981001430615165,1.9433476394849787
3182,4.7825,4.88,0.3985579399141631,1.9456366237482121
3183,4.7825,4.88125,0.3985579399141631,1.9456366237482121
3184,4.78,4.88125,0.3974592274678112,1.9387696709585123
3185,4.8075,4.8775,0.40066380543633767,1.9547925608011447
3186,4.7975,4.8825,0.3997482117310444,1.9502145922746783
3187,4.79,4.8825,0.3977339055793992,1.9433476394849787
3188,4.7725,4.88125,0.40002288984263235,1.9547925608011447
3189,4.7925,4.8825,0.3993819742489271,1.9502145922746783
3190,4.7975,4.8825,0.4003891273247497,1.9547925608011447
3191,4.795,4.88,0.39837482117310447,1.9433476394849787
3192,4.7675,4.88125,0.39727610872675256,1.9387696709585123
3193,4.795,4.88125,0.39498712446351936,1.9273247496423465
3194,4.8125,4.8825,0.4016709585121603,1.9616595135908441
3195,4.81,4.88125,0.4008469241773963,1.9570815450643777
3196,4.7325,4.8825,0.3985579399141631,1.9456366237482121
3197,4.7625,4.88125,0.39727610872675256,1.9387696709585123
3198,4.7675,4.88375,0.39727610872675256,1.9387696709585123
3199,4.7875,4.8825,0.395170243204578,1.9273247496423465
3200,4.81,4.87875,0.3974592274678112,1.9387696709585123
3201,4.7625,4.8825,0.3969098712446352,1.9387696709585123
3202,4.815,4.88125,0.39791702432045783,1.9433476394849787
3203,4.775,4.88,0.3977339055793992,1.9433476394849787
3204,4.7675,4.88,0.39727610872675256,1.9387696709585123
3205,4.7625,4.88125,0.3969098712446352,1.9433476394849787
3206,4.7725,4.88375,0.39562804005722463,1.9319027181688129
3207,4.77,4.88,0.3974592274678112,1.9387696709585123
3208,4.79,4.88125,0.39919885550786843,1.9502145922746783
3209,4.7375,4.88125,0.3974592274678112,1.9387696709585123
3210,4.7775,4.88125,0.3981001430615165,1.9433476394849787
3211,4.7875,4.87875,0.39892417739628044,1.9456366237482121
3212,4.835,4.88125,0.3995650929899857,1.9502145922746783
3213,4.765,4.88125,0.39709298998569387,1.9387696709585123
3214,4.8075,4.88,0.40066380543633767,1.9547925608011447
3215,4.7825,4.8825,0.3974592274678112,1.9387696709585123
3216,4.785,4.8825,0.3987410586552218,1.9456366237482121
3217,4.8125,4.88125,0.40103004291845495,1.9570815450643777
3218,4.7775,4.88,0.3987410586552218,1.9456366237482121
3219,4.7625,4.88125,0.3969098712446352,1.9387696709585123
3220,4.7875,4.87875,0.39892417739628044,1.9456366237482121
3221,4.7925,4.88375,0.39919885550786843,1.9502145922746783
3222,4.785,4.88125,0.3987410586552218,1.9456366237482121
3223,4.7975,4.8825,0.3997482117310444,1.9502145922746783
3224,4.795,4.8825,0.39663519313304724,1.9341917024320459
3225,4.81,4.88125,0.4008469241773963,1.9570815450643777
3226,4.7925,4.88125,0.3993819742489271,1.9502145922746783
3227,4.785,4.8825,0.3969098712446352,1.9387696709585123
3228,4.775,4.8825,0.39791702432045783,1.9433476394849787
3229,4.78,4.88,0.39837482117310447,1.9433476394849787
3230,4.77,4.88375,0.39709298998569387,1.9387696709585123
3231,4.7375,4.87875,0.3948040057224607,1.9273247496423465
3232,4.78,4.8825,0.39837482117310447,1.9456366237482121
3233,4.795,4.88125,0.3997482117310444,1.9502145922746783
3234,4.8075,4.87875,0.3974592274678112,1.9387696709585123
3235,4.7925,4.88125,0.3993819742489271,1.9502145922746783
3236,4.83,4.88125,0.40002288984263235,1.9547925608011447
3237,4.7675,4.88375,0.4008469241773963,1.9570815450643777
3238,4.745,4.88375,0.395444921316166,1.9319027181688129
3239,4.77,4.87875,0.39626895565092995,1.9341917024320459
3240,4.7875,4.88125,0.40002288984263235,1.9547925608011447
3241,4.7925,4.88125,0.3993819742489271,1.9502145922746783
3242,4.78,4.88,0.4003891273247497,1.9547925608011447
3243,4.7675,4.88125,0.40002288984263235,1.9547925608011447
3244,4.8075,4.88,0.40066380543633767,1.9547925608011447
3245,4.7875,4.88375,0.4003891273247497,1.9547925608011447
3246,4.805,4.88375,0.3969098712446352,1.9387696709585123
3247,4.795,4.88375,0.3995650929899857,1.9502145922746783
3248,4.8,4.88125,0.3993819742489271,1.9502145922746783
3249,4.79,4.88125,0.39791702432045783,1.9433476394849787
3250,4.8125,4.8825,0.40103004291845495,1.9570815450643777
3251,4.7675,4.8825,0.39727610872675256,1.9387696709585123
3252,4.7875,4.88375,0.39837482117310447,1.9456366237482121
3253,4.8025,4.8825,0.40020600858369104,1.9547925608011447
3254,4.805,4.88125,0.4003891273247497,1.9547925608011447
3255,4.7925,4.88125,0.3987410586552218,1.9456366237482121
3256,4.78,4.8825,0.39837482117310447,1.9456366237482121
3257,4.805,4.88375,0.4003891273247497,1.9547925608011447
3258,4.76,4.88,0.3985579399141631,1.9456366237482121
3259,4.79,4.88375,0.39919885550786843,1.9502145922746783
3260,4.785,4.88,0.3987410586552218,1.9456366237482121
3261,4.7675,4.8825,0.3997482117310444,1.9502145922746783
3262,4.7825,4.8825,0.3985579399141631,1.9456366237482121
3263,4.8,4.88125,0.40002288984263235,1.9547925608011447
3264,4.7825,4.8825,0.39626895565092995,1.9341917024320459
3265,4.7875,4.8825,0.39892417739628044,1.9456366237482121
3266,4.7775,4.88125,0.3981001430615165,1.9433476394849787
3267,4.755,4.88,0.3993819742489271,1.9502145922746783
3268,4.765,4.8825,0.39709298998569387,1.9387696709585123
3269,4.7875,4.88125,0.39892417739628044,1.9456366237482121
3270,4.7725,4.8825,0.39709298998569387,1.9387696709585123
3271,4.8,4.88125,0.40002288984263235,1.9547925608011447
3272,4.7925,4.8825,0.3993819742489271,1.9502145922746783
3273,4.7625,4.88125,0.3977339055793992,1.9433476394849787
3274,4.7675,4.88,0.39727610872675256,1.9387696709585123
3275,4.79,4.88125,0.39919885550786843,1.9502145922746783
3276,4.805,4.8825,0.3985579399141631,1.9456366237482121
3277,4.7725,4.8825,0.3993819742489271,1.9502145922746783
3278,4.7825,4.88375,0.3985579399141631,1.9456366237482121
3279,4.7825,4.8825,0.3974592274678112,1.9387696709585123
3280,4.785,4.88375,0.39919885550786843,1.9502145922746783
3281,4.7825,4.88125,0.3985579399141631,1.9456366237482121
3282,4.7875,4.8825,0.39919885550786843,1.9502145922746783
3283,4.7775,4.87875,0.39709298998569387,1.9387696709585123
3284,4.79,4.8825,0.39919885550786843,1.9502145922746783
3285,4.8075,4.8825,0.39919885550786843,1.9502145922746783
3286,4.78,4.88,0.3974592274678112,1.9387696709585123
3287,4.78,4.8775,0.39837482117310447,1.9433476394849787
3288,4.775,4.88375,0.39892417739628044,1.9456366237482121
3289,4.8125,4.88,0.3977339055793992,1.9433476394849787
3290,4.775,4.885,0.39791702432045783,1.9433476394849787
3291,4.7825,4.88125,0.39837482117310447,1.9456366237482121
3292,4.7725,4.8825,0.3977339055793992,1.9433476394849787
3293,4.8075,4.8825,0.40066380543633767,1.9570815450643777
3294,4.7875,4.88125,0.39892417739628044,1.9502145922746783
3295,4.7725,4.88,0.3985579399141631,1.9456366237482121
3296,4.7775,4.88125,0.3981001430615165,1.9433476394849787
3297,4.78,4.8825,0.39837482117310447,1.9456366237482121
3298,4.81,4.88125,0.39791702432045783,1.9433476394849787
3299,4.7925,4.8825,0.3993819742489271,1.9502145922746783
3300,4.7975,4.88125,0.3997482117310444,1.9502145922746783
3301,4.79,4.88125,0.39919885550786843,1.9502145922746783
3302,4.78,4.88125,0.39837482117310447,1.9456366237482121
3303,4.7725,4.88125,0.3977339055793992,1.9433476394849787
3304,4.79,4.88125,0.39919885550786843,1.9502145922746783
3305,4.7775,4.88125,0.3981001430615165,1.9433476394849787
3306,4.765,4.88,0.39709298998569387,1.9387696709585123
3307,4.76,4.8825,0.3993819742489271,1.9502145922746783
3308,4.7875,4.8825,0.39892417739628044,1.9456366237482121
3309,4.7775,4.88125,0.3981001430615165,1.9433476394849787
3310,4.7825,4.88125,0.39791702432045783,1.9433476394849787
3311,4.7775,4.88125,0.3981001430615165,1.9433476394849787
3312,4.7825,4.8825,0.3985579399141631,1.9456366237482121
3313,4.795,4.88125,0.39791702432045783,1.9433476394849787
3314,4.7725,4.88125,0.3977339055793992,1.9433476394849787
3315,4.795,4.87875,0.3995650929899857,1.9502145922746783
3316,4.7875,4.88,0.3977339055793992,1.9433476394849787
3317,4.79,4.88125,0.39919885550786843,1.9502145922746783
3318,4.785,4.88125,0.3987410586552218,1.9456366237482121
3319,4.79,4.88125,0.39837482117310447,1.9456366237482121
3320,4.7925,4.8825,0.3993819742489271,1.9502145922746783
3321,4.7925,4.8825,0.3993819742489271,1.9502145922746783
3322,4.785,4.88125,0.3981001430615165,1.9433476394849787
3323,4.775,4.88125,0.3985579399141631,1.9456366237482121
3324,4.795,4.8825,0.3995650929899857,1.9502145922746783
3325,4.795,4.88,0.3981001430615165,1.9433476394849787
3326,4.785,4.8825,0.3993819742489271,1.9502145922746783
3327,4.7925,4.8825,0.3993819742489271,1.9502145922746783
3328,4.7775,4.8825,0.3985579399141631,1.9456366237482121
3329,4.785,4.88125,0.3985579399141631,1.9456366237482121
3330,4.795,4.8825,0.3995650929899857,1.9502145922746783
3331,4.7775,4.8825,0.39892417739628044,1.9456366237482121
3332,4.79,4.8825,0.3981001430615165,1.9433476394849787
3333,4.79,4.88,0.39919885550786843,1.9456366237482121
3334,4.7875,4.8825,0.3974592274678112,1.9387696709585123
3335,4.7825,4.8825,0.3995650929899857,1.9502145922746783
3336,4.7925,4.88125,0.3993819742489271,1.9502145922746783
3337,4.785,4.8825,0.39919885550786843,1.9502145922746783
3338,4.7675,4.88375,0.39837482117310447,1.9456366237482121
3339,4.7825,4.8825,0.3985579399141631,1.9456366237482121
3340,4.78,4.8825,0.39837482117310447,1.9456366237482121
3341,4.795,4.88125,0.3977339055793992,1.9433476394849787
3342,4.785,4.8825,0.3987410586552218,1.9456366237482121
3343,4.79,4.88,0.39919885550786843,1.9456366237482121
3344,4.81,4.8825,0.3977339055793992,1.9433476394849787
3345,4.785,4.88125,0.3987410586552218,1.9456366237482121
3346,4.785,4.88125,0.3987410586552218,1.9456366237482121
3347,4.7875,4.8825,0.39919885550786843,1.9502145922746783
3348,4.7825,4.8825,0.3985579399141631,1.9456366237482121
3349,4.7775,4.8825,0.3981001430615165,1.9433476394849787
3350,4.8025,4.88125,0.3977339055793992,1.9433476394849787
3351,4.7825,4.8825,0.3985579399141631,1.9456366237482121
3352,4.79,4.88,0.39919885550786843,1.9456366237482121
3353,4.79,4.88,0.3981001430615165,1.9433476394849787
3354,4.78,4.88125,0.39837482117310447,1.9456366237482121
3355,4.775,4.8825,0.39791702432045783,1.9433476394849787
3356,4.775,4.88125,0.3958111587982833,1.9319027181688129
3357,4.7725,4.8825,0.3977339055793992,1.9433476394849787
3358,4.7825,4.88125,0.3985579399141631,1.9456366237482121
3359,4.795,4.8825,0.4031359084406295,1.968526466380544
3360,4.78,4.88125,0.39837482117310447,1.9456366237482121
3361,4.78,4.8825,0.39837482117310447,1.9456366237482121
3362,4.78,4.88,0.39608583690987126,1.9319027181688129
3363,4.8075,4.88,0.40066380543633767,1.9547925608011447
3364,4.7825,4.88125,0.3985579399141631,1.9456366237482121
3365,4.785,4.8825,0.39727610872675256,1.9387696709585123
3366,4.79,4.88125,0.3997482117310444,1.9502145922746783
3367,4.77,4.88,0.3974592274678112,1.9387696709585123
3368,4.7975,4.8825,0.39919885550786843,1.9502145922746783
3369,4.7875,4.88125,0.39919885550786843,1.9502145922746783
3370,4.755,4.88125,0.39626895565092995,1.9341917024320459
3371,4.78,4.87875,0.4029527896995709,1.9662374821173105
3372,4.7875,4.88125,0.3987410586552218,1.9456366237482121
3373,4.8,4.88125,0.40002288984263235,1.9547925608011447
3374,4.7825,4.8825,0.39727610872675256,1.9387696709585123
3375,4.7775,4.8825,0.4021287553648069,1.9662374821173105
3376,4.805,4.88,0.4003891273247497,1.9547925608011447
3377,4.7975,4.88125,0.39562804005722463,1.9319027181688129
3378,4.7775,4.88125,0.3987410586552218,1.9456366237482121
3379,4.79,4.88,0.39919885550786843,1.9456366237482121
3380,4.7675,4.88,0.3987410586552218,1.9456366237482121
3381,4.7675,4.8825,0.40020600858369104,1.9547925608011447
3382,4.7775,4.88125,0.3981001430615165,1.9433476394849787
3383,4.7975,4.87875,0.3997482117310444,1.9502145922746783
3384,4.7675,4.88375,0.3995650929899857,1.9502145922746783
3385,4.8375,4.88375,0.4031359084406295,1.968526466380544
3386,4.7675,4.8825,0.39727610872675256,1.9387696709585123
3387,4.7675,4.88125,0.39892417739628044,1.9456366237482121
3388,4.8175,4.88,0.40148783977110164,1.9570815450643777
3389,4.7875,4.88,0.39892417739628044,1.9456366237482121
3390,4.79,4.88375,0.3995650929899857,1.9502145922746783
3391,4.7775,4.8825,0.3981001430615165,1.9433476394849787
3392,4.7275,4.88,0.39397997138769675,1.9250357653791133
3393,4.8225,4.88,0.39709298998569387,1.9387696709585123
3394,4.79,4.8825,0.39919885550786843,1.9502145922746783
3395,4.8175,4.88125,0.40148783977110164,1.9616595135908441
3396,4.795,4.8825,0.40002288984263235,1.9547925608011447
3397,4.7825,4.88125,0.3985579399141631,1.9456366237482121
3398,4.8,4.87875,0.40002288984263235,1.9502145922746783
3399,4.7825,4.8825,0.39892417739628044,1.9456366237482121
3400,4.8025,4.88,0.40020600858369104,1.9547925608011447
3401,4.775,4.8825,0.39791702432045783,1.9433476394849787
3402,4.7575,4.88375,0.39892417739628044,1.9456366237482121
3403,4.7775,4.88125,0.3981001430615165,1.9433476394849787
3404,4.7825,4.88125,0.3985579399141631,1.9456366237482121
3405,4.745,4.88375,0.39837482117310447,1.9456366237482121
3406,4.7875,4.88125,0.39892417739628044,1.9456366237482121
3407,4.7825,4.88125,0.3985579399141631,1.9456366237482121
3408,4.8,4.88125,0.39892417739628044,1.9456366237482121
3409,4.7875,4.8825,0.39892417739628044,1.9456366237482121
3410,4.7775,4.88,0.3981001430615165,1.9433476394849787
3411,4.79,4.88125,0.3977339055793992,1.9433476394849787
3412,4.8,4.88125,0.3985579399141631,1.9456366237482121
3413,4.7875,4.8825,0.39892417739628044,1.9456366237482121
3414,4.81,4.8825,0.39791702432045783,1.9433476394849787
3415,4.7925,4.88125,0.3974592274678112,1.9387696709585123
3416,4.7875,4.88125,0.39892417739628044,1.9456366237482121
3417,4.77,4.8825,0.3977339055793992,1.9433476394849787
3418,4.7675,4.88125,0.39892417739628044,1.9456366237482121
3419,4.7775,4.88375,0.3981001430615165,1.9433476394849787
3420,4.7875,4.8825,0.3977339055793992,1.9433476394849787
3421,4.785,4.8825,0.39791702432045783,1.9433476394849787
3422,4.79,4.8825,0.39919885550786843,1.9502145922746783
3423,4.785,4.88,0.39709298998569387,1.9387696709585123
3424,4.775,4.8825,0.39727610872675256,1.9387696709585123
3425,4.805,4.88,0.4003891273247497,1.9547925608011447
3426,4.805,4.88125,0.4003891273247497,1.9387696709585123
3427,4.77,4.88125,0.3995650929899857,1.9502145922746783
3428,4.7675,4.88125,0.39727610872675256,1.9387696709585123
3429,4.7875,4.8825,0.39892417739628044,1.9456366237482121
3430,4.785,4.8825,0.3993819742489271,1.9502145922746783
3431,4.795,4.88125,0.3995650929899857,1.9502145922746783
3432,4.78,4.88125,0.39837482117310447,1.9456366237482121
3433,4.775,4.88125,0.39919885550786843,1.9502145922746783
3434,4.795,4.88125,0.3995650929899857,1.9502145922746783
3435,4.795,4.88125,0.3995650929899857,1.9502145922746783
3436,4.7825,4.88125,0.3995650929899857,1.9502145922746783
3437,4.7775,4.8825,0.3981001430615165,1.9433476394849787
3438,4.755,4.88375,0.39626895565092995,1.9341917024320459
3439,4.7775,4.8825,0.40002288984263235,1.9547925608011447
3440,4.7525,4.88125,0.39608583690987126,1.9341917024320459
3441,4.7825,4.88,0.3985579399141631,1.9456366237482121
3442,4.775,4.8825,0.39727610872675256,1.9387696709585123
3443,4.7925,4.8825,0.3993819742489271,1.9502145922746783
3444,4.78,4.8825,0.39837482117310447,1.9456366237482121
3445,4.7825,4.88125,0.3987410586552218,1.9456366237482121
3446,4.7775,4.88125,0.3981001430615165,1.9433476394849787
3447,4.79,4.8825,0.39919885550786843,1.9502145922746783
3448,4.7775,4.8825,0.3987410586552218,1.9456366237482121
3449,4.795,4.88375,0.3995650929899857,1.9502145922746783
3450,4.775,4.8825,0.39791702432045783,1.9433476394849787
3451,4.79,4.8825,0.39892417739628044,1.9456366237482121
3452,4.785,4.88125,0.3987410586552218,1.9456366237482121
3453,4.7775,4.88125,0.3981001430615165,1.9433476394849787
3454,4.7875,4.8825,0.3985579399141631,1.9456366237482121
3455,4.7825,4.8825,0.3987410586552218,1.9456366237482121
3456,4.7875,4.88,0.39892417739628044,1.9456366237482121
3457,4.8125,4.8825,0.3974592274678112,1.9387696709585123
3458,4.7775,4.8825,0.40002288984263235,1.9547925608011447
3459,4.785,4.88,0.3987410586552218,1.9456366237482121
3460,4.775,4.8825,0.39919885550786843,1.9502145922746783
3461,4.7975,4.8825,0.39919885550786843,1.9502145922746783
3462,4.7825,4.87875,0.3985579399141631,1.9433476394849787
3463,4.7875,4.88,0.39837482117310447,1.9433476394849787
3464,4.805,4.88125,0.3981001430615165,1.9433476394849787
3465,4.78,4.88125,0.39837482117310447,1.9456366237482121
3466,4.8,4.88125,0.3987410586552218,1.9456366237482121
3467,4.7825,4.88125,0.39892417739628044,1.9456366237482121
3468,4.7825,4.8825,0.3985579399141631,1.9456366237482121
3469,4.7725,4.88125,0.3981001430615165,1.9433476394849787
3470,4.76,4.8825,0.3987410586552218,1.9456366237482121
3471,4.7875,4.88125,0.39892417739628044,1.9456366237482121
3472,4.785,4.88125,0.3987410586552218,1.9456366237482121
3473,4.7575,4.88125,0.39919885550786843,1.9502145922746783
3474,4.78,4.88125,0.39837482117310447,1.9456366237482121
3475,4.7875,4.8825,0.39892417739628044,1.9456366237482121
3476,4.7975,4.8825,0.3985579399141631,1.9456366237482121
3477,4.7875,4.8825,0.39892417739628044,1.9456366237482121
3478,4.7725,4.8825,0.3977339055793992,1.9433476394849787
3479,4.79,4.88,0.39791702432045783,1.9433476394849787
3480,4.79,4.88125,0.39919885550786843,1.9502145922746783
3481,4.795,4.8825,0.3995650929899857,1.9502145922746783
3482,4.7825,4.88125,0.3981001430615165,1.9433476394849787
3483,4.7875,4.88125,0.39892417739628044,1.9456366237482121
3484,4.775,4.88125,0.39791702432045783,1.9433476394849787
3485,4.785,4.88125,0.39837482117310447,1.9456366237482121
3486,4.7875,4.88125,0.39892417739628044,1.9456366237482121
3487,4.7875,4.88125,0.39892417739628044,1.9456366237482121
3488,4.7775,4.88125,0.39791702432045783,1.9433476394849787
3489,4.78,4.8825,0.39837482117310447,1.9456366237482121
3490,4.78,4.88375,0.39837482117310447,1.9456366237482121
3491,4.7825,4.8825,0.39837482117310447,1.9456366237482121
3492,4.7725,4.88,0.3977339055793992,1.9433476394849787
3493,4.7925,4.88125,0.3993819742489271,1.9502145922746783
3494,4.78,4.8825,0.39919885550786843,1.9502145922746783
3495,4.7825,4.8825,0.3985579399141631,1.9456366237482121
3496,4.7725,4.88125,0.3977339055793992,1.9433476394849787
3497,4.7875,4.8825,0.39791702432045783,1.9433476394849787
3498,4.7675,4.88,0.39727610872675256,1.9387696709585123
3499,4.7825,4.88125,0.3985579399141631,1.9456366237482121
3500,4.7825,4.8825,0.4037768240343348,1.9731044349070102
3501,4.7825,4.8825,0.39791702432045783,1.9433476394849787
3502,4.78,4.88125,0.39837482117310447,1.9456366237482121
3503,4.79,4.88,0.40231187410586555,1.9662374821173105
3504,4.805,4.88125,0.3981001430615165,1.9433476394849787
3505,4.7775,4.8825,0.3981001430615165,1.9433476394849787
3506,4.7925,4.8825,0.39837482117310447,1.9456366237482121
3507,4.77,4.8825,0.3995650929899857,1.9502145922746783
3508,4.78,4.8825,0.39837482117310447,1.9456366237482121
3509,4.775,4.88125,0.39709298998569387,1.9387696709585123
3510,4.785,4.88125,0.4003891273247497,1.9547925608011447
3511,4.7925,4.8825,0.3993819742489271,1.9502145922746783
3512,4.78,4.8825,0.39663519313304724,1.9341917024320459
3513,4.78,4.88125,0.3993819742489271,1.9502145922746783
3514,4.765,4.88,0.39709298998569387,1.9387696709585123
3515,4.79,4.8825,0.40103004291845495,1.9570815450643777
3516,4.7975,4.8825,0.39892417739628044,1.9456366237482121
3517,4.73,4.88125,0.3941630901287554,1.9250357653791133
3518,4.79,4.87875,0.39919885550786843,1.9502145922746783
3519,4.7875,4.8825,0.4003891273247497,1.9547925608011447
3520,4.8125,4.8825,0.40103004291845495,1.9570815450643777
3521,4.7925,4.8825,0.3993819742489271,1.9502145922746783
3522,4.7825,4.8825,0.40002288984263235,1.9547925608011447
3523,4.77,4.88125,0.3974592274678112,1.9387696709585123
3524,4.7775,4.88,0.3981001430615165,1.9433476394849787
3525,4.7625,4.8825,0.3977339055793992,1.9433476394849787
3526,4.795,4.88125,0.3995650929899857,1.9502145922746783
3527,4.7475,4.88125,0.39562804005722463,1.9319027181688129
3528,4.7875,4.8825,0.39837482117310447,1.9456366237482121
3529,4.76,4.8825,0.39663519313304724,1.9341917024320459
3530,4.7475,4.8825,0.39562804005722463,1.9319027181688129
3531,4.7825,4.88125,0.4039599427753935,1.9731044349070102
3532,4.76,4.88,0.39663519313304724,1.9341917024320459
3533,4.7925,4.8825,0.3993819742489271,1.9502145922746783
3534,4.7875,4.88125,0.40103004291845495,1.9570815450643777
3535,4.795,4.88625,0.3995650929899857,1.9547925608011447
3536,4.7275,4.8825,0.39397997138769675,1.9250357653791133
3537,4.7675,4.8825,0.3974592274678112,1.9387696709585123
3538,4.7875,4.8825,0.39892417739628044,1.9456366237482121
3539,4.77,4.87875,0.3974592274678112,1.9387696709585123
3540,4.74,4.8825,0.40103004291845495,1.9570815450643777
3541,4.7475,4.88375,0.39562804005722463,1.9319027181688129
3542,4.78,4.8825,0.39837482117310447,1.9456366237482121
3543,4.77,4.88125,0.39727610872675256,1.9387696709585123
3544,4.79,4.88,0.3964520743919886,1.9341917024320459
3545,4.8325,4.8825,0.4026781115879829,1.9662374821173105
3546,4.78,4.88125,0.39663519313304724,1.9341917024320459
3547,4.785,4.8825,0.40002288984263235,1.9547925608011447
3548,4.81,4.88375,0.4008469241773963,1.9570815450643777
3549,4.785,4.88125,0.39837482117310447,1.9456366237482121
3550,4.7925,4.88125,0.39791702432045783,1.9433476394849787
3551,4.7325,4.8825,0.3943462088698141,1.9250357653791133
3552,4.7525,4.8825,0.39727610872675256,1.9387696709585123
3553,4.775,4.88125,0.40103004291845495,1.9570815450643777
3554,4.7625,4.87875,0.3969098712446352,1.9341917024320459
3555,4.7975,4.8825,0.3987410586552218,1.9456366237482121
3556,4.76,4.88,0.39727610872675256,1.9387696709585123
3557,4.78,4.88125,0.39837482117310447,1.9456366237482121
3558,4.7925,4.8825,0.3981001430615165,1.9433476394849787
3559,4.7925,4.88375,0.39837482117310447,1.9456366237482121
3560,4.7725,4.8825,0.3977339055793992,1.9433476394849787
3561,4.765,4.88375,0.39709298998569387,1.9387696709585123
3562,4.82,4.88375,0.3981001430615165,1.9433476394849787
3563,4.7775,4.88125,0.3981001430615165,1.9433476394849787
3564,4.7425,4.88,0.395170243204578,1.9273247496423465
3565,4.77,4.88375,0.39727610872675256,1.9387696709585123
3566,4.7925,4.88,0.3993819742489271,1.9502145922746783
3567,4.7775,4.88125,0.3981001430615165,1.9433476394849787
3568,4.805,4.87875,0.3993819742489271,1.9502145922746783
3569,4.7925,4.88125,0.3993819742489271,1.9502145922746783
3570,4.7825,4.88125,0.3985579399141631,1.9456366237482121
3571,4.78,4.8825,0.39709298998569387,1.9387696709585123
3572,4.785,4.88,0.3987410586552218,1.9456366237482121
3573,4.7975,4.8825,0.3997482117310444,1.9502145922746783
3574,4.77,4.88125,0.3987410586552218,1.9456366237482121
3575,4.8,4.88375,0.40002288984263235,1.9547925608011447
3576,4.815,4.88125,0.40121316165951365,1.9570815450643777
3577,4.7725,4.88,0.3985579399141631,1.9456366237482121
3578,4.775,4.8825,0.39791702432045783,1.9433476394849787
3579,4.81,4.88375,0.4008469241773963,1.9570815450643777
3580,4.7725,4.88,0.39919885550786843,1.9456366237482121
3581,4.8,4.88,0.40002288984263235,1.9547925608011447
3582,4.7975,4.88,0.3997482117310444,1.9502145922746783
3583,4.785,4.88,0.39919885550786843,1.9456366237482121
3584,4.7675,4.8825,0.39727610872675256,1.9387696709585123
3585,4.8025,4.88125,0.40020600858369104,1.9547925608011447
3586,4.8025,4.88125,0.39892417739628044,1.9456366237482121
3587,4.775,4.88,0.39791702432045783,1.9433476394849787
3588,4.755,4.88375,0.39626895565092995,1.9341917024320459
3589,4.7725,4.88,0.39919885550786843,1.9456366237482121
3590,4.785,4.88375,0.3981001430615165,1.9433476394849787
3591,4.7875,4.88125,0.39892417739628044,1.9456366237482121
3592,4.7675,4.88375,0.3985579399141631,1.9456366237482121
3593,4.81,4.88125,0.3981001430615165,1.9433476394849787
3594,4.81,4.88,0.4008469241773963,1.9570815450643777
3595,4.7875,4.8825,0.4021287553648069,1.9662374821173105
3596,4.7425,4.88125,0.4003891273247497,1.9547925608011447
3597,4.77,4.88375,0.3974592274678112,1.9433476394849787
3598,4.81,4.88,0.3985579399141631,1.9456366237482121
3599,4.755,4.88,0.39919885550786843,1.9456366237482121
3600,4.795,4.88125,0.3995650929899857,1.9502145922746783
3601,4.775,4.88125,0.39709298998569387,1.9387696709585123
3602,4.8,4.88375,0.3981001430615165,1.9433476394849787
3603,4.79,4.8825,0.39919885550786843,1.9502145922746783
3604,4.785,4.8825,0.3969098712446352,1.9387696709585123
3605,4.78,4.88,0.3974592274678112,1.9387696709585123
3606,4.77,4.8825,0.3974592274678112,1.9387696709585123
3607,4.75,4.88125,0.3958111587982833,1.9319027181688129
3608,4.8025,4.88125,0.39837482117310447,1.9456366237482121
3609,4.7875,4.8825,0.39892417739628044,1.9456366237482121
3610,4.79,4.88125,0.39919885550786843,1.9502145922746783
3611,4.765,4.8825,0.39626895565092995,1.9341917024320459
3612,4.8,4.8825,0.40002288984263235,1.9547925608011447
3613,4.79,4.88125,0.39919885550786843,1.9502145922746783
3614,4.79,4.88,0.39919885550786843,1.9456366237482121
3615,4.8025,4.88125,0.40020600858369104,1.9547925608011447
3616,4.7875,4.88125,0.39892417739628044,1.9456366237482121
3617,4.7825,4.8825,0.39919885550786843,1.9502145922746783
3618,4.7875,4.88125,0.39892417739628044,1.9456366237482121
3619,4.8,4.88,0.40002288984263235,1.9547925608011447
3620,4.78,4.88125,0.39892417739628044,1.9456366237482121
3621,4.78,4.88125,0.39837482117310447,1.9456366237482121
3622,4.79,4.8825,0.39919885550786843,1.9502145922746783
3623,4.795,4.88125,0.3985579399141631,1.9456366237482121
3624,4.775,4.8825,0.39791702432045783,1.9433476394849787
3625,4.8125,4.88125,0.40103004291845495,1.9570815450643777
3626,4.78,4.88,0.40020600858369104,1.9547925608011447
3627,4.8025,4.8825,0.40020600858369104,1.9547925608011447
3628,4.7775,4.88125,0.3981001430615165,1.9433476394849787
3629,4.77,4.88125,0.3974592274678112,1.9387696709585123
3630,4.7675,4.88,0.39727610872675256,1.9387696709585123
3631,4.78,4.88125,0.39837482117310447,1.9456366237482121
3632,4.765,4.88125,0.39791702432045783,1.9433476394849787
3633,4.775,4.88125,0.40121316165951365,1.9570815450643777
3634,4.7675,4.88125,0.39727610872675256,1.9387696709585123
3635,4.7725,4.8825,0.39791702432045783,1.9433476394849787
3636,4.78,4.8825,0.39727610872675256,1.9387696709585123
3637,4.7825,4.88125,0.3985579399141631,1.9456366237482121
3638,4.775,4.88125,0.3981001430615165,1.9433476394849787
3639,4.7725,4.88125,0.39919885550786843,1.9502145922746783
3640,4.7775,4.8825,0.3981001430615165,1.9433476394849787
3641,4.7775,4.8825,0.39791702432045783,1.9433476394849787
3642,4.7725,4.88125,0.3974592274678112,1.9387696709585123
3643,4.7975,4.88125,0.3997482117310444,1.9502145922746783
3644,4.7925,4.88,0.3981001430615165,1.9433476394849787
3645,4.7975,4.88125,0.39837482117310447,1.9456366237482121
3646,4.785,4.88125,0.3987410586552218,1.9456366237482121
3647,4.7875,4.88,0.3977339055793992,1.9433476394849787
3648,4.7925,4.88125,0.3993819742489271,1.9502145922746783
3649,4.78,4.88,0.39837482117310447,1.9433476394849787
3650,4.7875,4.88,0.39892417739628044,1.9456366237482121
3651,4.755,4.88,0.3995650929899857,1.9502145922746783
3652,4.78,4.8825,0.39837482117310447,1.9456366237482121
3653,4.7575,4.8825,0.3964520743919886,1.9341917024320459
3654,4.7925,4.88125,0.3985579399141631,1.9456366237482121
3655,4.78,4.88125,0.39837482117310447,1.9456366237482121
3656,4.76,4.8825,0.39663519313304724,1.9341917024320459
3657,4.7975,4.88125,0.39837482117310447,1.9456366237482121
3658,4.7925,4.8825,0.3993819742489271,1.9502145922746783
3659,4.775,4.8825,0.39791702432045783,1.9433476394849787
3660,4.795,4.8825,0.3985579399141631,1.9456366237482121
3661,4.795,4.87875,0.3995650929899857,1.9502145922746783
3662,4.7975,4.88375,0.3997482117310444,1.9547925608011447
3663,4.7975,4.88125,0.39892417739628044,1.9456366237482121
3664,4.7825,4.88125,0.3985579399141631,1.9456366237482121
3665,4.7825,4.8825,0.3985579399141631,1.9456366237482121
3666,4.7625,4.8825,0.3987410586552218,1.9456366237482121
3667,4.7825,4.88375,0.3985579399141631,1.9456366237482121
3668,4.775,4.8825,0.39791702432045783,1.9433476394849787
3669,4.77,4.88125,0.3997482117310444,1.9502145922746783
3670,4.7825,4.88125,0.3985579399141631,1.9456366237482121
3671,4.785,4.88,0.3987410586552218,1.9456366237482121
3672,4.81,4.88,0.39892417739628044,1.9456366237482121
3673,4.78,4.88,0.39837482117310447,1.9433476394849787
3674,4.7725,4.88375,0.3977339055793992,1.9433476394849787
3675,4.8225,4.88125,0.3997482117310444,1.9502145922746783
3676,4.7975,4.8825,0.3997482117310444,1.9502145922746783
3677,4.7825,4.88,0.3985579399141631,1.9456366237482121
3678,4.79,4.8825,0.39837482117310447,1.9456366237482121
3679,4.7825,4.8825,0.39919885550786843,1.9502145922746783
3680,4.7825,4.88375,0.3985579399141631,1.9456366237482121
3681,4.785,4.8825,0.3993819742489271,1.9502145922746783
3682,4.8025,4.8825,0.39919885550786843,1.9502145922746783
3683,4.7875,4.88,0.39892417739628044,1.9456366237482121
3684,4.7825,4.8825,0.3987410586552218,1.9456366237482121
3685,4.8075,4.88,0.3997482117310444,1.9502145922746783
3686,4.775,4.88,0.39791702432045783,1.9433476394849787
3687,4.785,4.88125,0.3985579399141631,1.9456366237482121
3688,4.7875,4.88125,0.39919885550786843,1.9502145922746783
3689,4.785,4.88125,0.3987410586552218,1.9456366237482121
3690,4.7825,4.8825,0.39791702432045783,1.9433476394849787
3691,4.79,4.8825,0.39892417739628044,1.9456366237482121
3692,4.7925,4.8825,0.3993819742489271,1.9502145922746783
3693,4.795,4.88125,0.3995650929899857,1.9456366237482121
3694,4.775,4.8825,0.39892417739628044,1.9456366237482121
3695,4.79,4.88125,0.39919885550786843,1.9502145922746783
3696,4.785,4.88125,0.3987410586552218,1.9456366237482121
3697,4.7825,4.8825,0.3977339055793992,1.9433476394849787
3698,4.7875,4.88125,0.39892417739628044,1.9456366237482121
3699,4.785,4.88,0.3987410586552218,1.9456366237482121
3700,4.7725,4.8825,0.3985579399141631,1.9456366237482121
3701,4.7875,4.88125,0.39892417739628044,1.9456366237482121
3702,4.7725,4.88125,0.3977339055793992,1.9433476394849787
3703,4.7725,4.8825,0.3981001430615165,1.9433476394849787
3704,4.79,4.8825,0.39919885550786843,1.9502145922746783
3705,4.78,4.88125,0.39837482117310447,1.9456366237482121
3706,4.785,4.8825,0.39727610872675256,1.9387696709585123
3707,4.775,4.88125,0.39791702432045783,1.9433476394849787
3708,4.7825,4.8825,0.3985579399141631,1.9456366237482121
3709,4.7775,4.88125,0.3974592274678112,1.9387696709585123
3710,4.78,4.88125,0.39837482117310447,1.9456366237482121
3711,4.78,4.88125,0.39837482117310447,1.9456366237482121
3712,4.7825,4.88125,0.3981001430615165,1.9433476394849787
3713,4.7825,4.88125,0.3985579399141631,1.9456366237482121
3714,4.8,4.88125,0.40002288984263235,1.9547925608011447
3715,4.7875,4.8825,0.395170243204578,1.9273247496423465
3716,4.765,4.8825,0.39709298998569387,1.9387696709585123
3717,4.7775,4.8825,0.3981001430615165,1.9433476394849787
3718,4.7825,4.88125,0.3981001430615165,1.9433476394849787
3719,4.77,4.88125,0.3974592274678112,1.9387696709585123
3720,4.79,4.8825,0.39919885550786843,1.9502145922746783
3721,4.7825,4.88125,0.39791702432045783,1.9433476394849787
3722,4.795,4.88125,0.3977339055793992,1.9433476394849787
3723,4.7775,4.8825,0.3981001430615165,1.9433476394849787
3724,4.7775,4.88125,0.39837482117310447,1.9456366237482121
3725,4.8,4.88125,0.39608583690987126,1.9341917024320459
3726,4.7875,4.8825,0.39892417739628044,1.9456366237482121
3727,4.775,4.8825,0.4035021459227468,1.968526466380544
3728,4.7775,4.88125,0.3995650929899857,1.9502145922746783
3729,4.7725,4.88125,0.3977339055793992,1.9433476394849787
3730,4.7725,4.88,0.394620886981402,1.9250357653791133
3731,4.7875,4.8825,0.3977339055793992,1.9433476394849787
3732,4.7875,4.88,0.39892417739628044,1.9456366237482121
3733,4.78,4.88125,0.39919885550786843,1.9502145922746783
3734,4.7825,4.88125,0.3987410586552218,1.9456366237482121
3735,4.7575,4.88375,0.3964520743919886,1.9341917024320459
3736,4.785,4.8825,0.3969098712446352,1.9387696709585123
3737,4.7875,4.88125,0.40066380543633767,1.9547925608011447
3738,4.8,4.88125,0.40002288984263235,1.9547925608011447
3739,4.78,4.8825,0.39837482117310447,1.9456366237482121
3740,4.7975,4.88,0.39892417739628044,1.9456366237482121
3741,4.7325,4.88125,0.3943462088698141,1.9250357653791133
3742,4.7875,4.88,0.39892417739628044,1.9456366237482121
3743,4.775,4.88125,0.3977339055793992,1.9433476394849787
3744,4.7875,4.88,0.39892417739628044,1.9456366237482121
3745,4.795,4.8825,0.3995650929899857,1.9502145922746783
3746,4.7775,4.88,0.39791702432045783,1.9433476394849787
3747,4.7775,4.8825,0.3981001430615165,1.9433476394849787
3748,4.7825,4.88125,0.3985579399141631,1.9456366237482121
3749,4.785,4.88,0.40002288984263235,1.9547925608011447
3750,4.755,4.88,0.39626895565092995,1.9341917024320459
3751,4.795,4.88125,0.3995650929899857,1.9502145922746783
3752,4.78,4.8825,0.39919885550786843,1.9502145922746783
3753,4.785,4.88125,0.3987410586552218,1.9456366237482121
3754,4.8275,4.88125,0.40231187410586555,1.9662374821173105
3755,4.76,4.88125,0.3993819742489271,1.9502145922746783
3756,4.7925,4.88,0.3993819742489271,1.9502145922746783
3757,4.7775,4.8825,0.3981001430615165,1.9433476394849787
3758,4.775,4.8825,0.3985579399141631,1.9456366237482121
3759,4.755,4.88375,0.39626895565092995,1.9341917024320459
3760,4.805,4.88125,0.4003891273247497,1.9547925608011447
3761,4.7575,4.88375,0.40002288984263235,1.9547925608011447
3762,4.785,4.88125,0.3987410586552218,1.9456366237482121
3763,4.7425,4.88125,0.395170243204578,1.9273247496423465
3764,4.785,4.8825,0.4003891273247497,1.9547925608011447
3765,4.79,4.88125,0.39919885550786843,1.9502145922746783
3766,4.795,4.88,0.3995650929899857,1.9502145922746783
3767,4.8225,4.88125,0.39919885550786843,1.9502145922746783
3768,4.79,4.88125,0.3981001430615165,1.9433476394849787
3769,4.7875,4.8825,0.39892417739628044,1.9456366237482121
3770,4.855,4.8825,0.3977339055793992,1.9433476394849787
3771,4.8025,4.88,0.4008469241773963,1.9570815450643777
3772,4.775,4.88375,0.39791702432045783,1.9433476394849787
3773,4.7575,4.8825,0.39709298998569387,1.9387696709585123
3774,4.795,4.88125,0.39791702432045783,1.9433476394849787
3775,4.7725,4.8825,0.3977339055793992,1.9433476394849787
3776,4.7975,4.88,0.39727610872675256,1.9387696709585123
3777,4.8125,4.8825,0.40020600858369104,1.9547925608011447
3778,4.7625,4.8825,0.3969098712446352,1.9387696709585123
3779,4.7775,4.88375,0.3995650929899857,1.9502145922746783
3780,4.8025,4.88,0.3985579399141631,1.9456366237482121
3781,4.7575,4.8825,0.3964520743919886,1.9341917024320459
3782,4.7925,4.88125,0.3993819742489271,1.9387696709585123
3783,4.7975,4.8825,0.39919885550786843,1.9502145922746783
3784,4.78,4.88,0.39837482117310447,1.9433476394849787
3785,4.7925,4.88,0.3993819742489271,1.9502145922746783
3786,4.76,4.8825,0.39837482117310447,1.9456366237482121
3787,4.77,4.88375,0.3974592274678112,1.9433476394849787
3788,4.79,4.8825,0.39919885550786843,1.9502145922746783
3789,4.775,4.88125,0.3985579399141631,1.9456366237482121
3790,4.7875,4.8825,0.39892417739628044,1.9456366237482121
3791,4.785,4.8825,0.3987410586552218,1.9456366237482121
3792,4.78,4.88125,0.40020600858369104,1.9547925608011447
3793,4.79,4.88375,0.39919885550786843,1.9502145922746783
3794,4.7925,4.8825,0.3993819742489271,1.9502145922746783
3795,4.77,4.88125,0.3985579399141631,1.9456366237482121
3796,4.8075,4.88125,0.40066380543633767,1.9547925608011447
3797,4.7825,4.88125,0.3985579399141631,1.9456366237482121
3798,4.775,4.88125,0.3977339055793992,1.9433476394849787
3799,4.7925,4.8825,0.3993819742489271,1.9502145922746783
3800,4.7825,4.8825,0.3985579399141631,1.9456366237482121
3801,4.7825,4.88,0.3981001430615165,1.9433476394849787
3802,4.7675,4.8825,0.39727610872675256,1.9387696709585123
3803,4.77,4.88,0.3974592274678112,1.9387696709585123
3804,4.785,4.88125,0.3985579399141631,1.9456366237482121
3805,4.795,4.88125,0.3995650929899857,1.9502145922746783
3806,4.785,4.88125,0.3987410586552218,1.9456366237482121
3807,4.79,4.88125,0.39837482117310447,1.9456366237482121
3808,4.7775,4.88125,0.3981001430615165,1.9433476394849787
3809,4.785,4.8825,0.3987410586552218,1.9456366237482121
3810,4.775,4.88125,0.39892417739628044,1.9456366237482121
3811,4.7675,4.88375,0.3981001430615165,1.9433476394849787
3812,4.7775,4.88125,0.3981001430615165,1.9433476394849787
3813,4.78,4.8825,0.39791702432045783,1.9433476394849787
3814,4.7825,4.88125,0.3985579399141631,1.9456366237482121
3815,4.78,4.88125,0.39837482117310447,1.9456366237482121
3816,4.7975,4.88125,0.3981001430615165,1.9433476394849787
3817,4.7875,4.88,0.39892417739628044,1.9456366237482121
3818,4.785,4.8825,0.3987410586552218,1.9456366237482121
3819,4.7775,4.88125,0.39837482117310447,1.9456366237482121
3820,4.78,4.8825,0.3981001430615165,1.9433476394849787
3821,4.7825,4.88125,0.3985579399141631,1.9456366237482121
3822,4.7925,4.8825,0.39892417739628044,1.9456366237482121
3823,4.785,4.88,0.3985579399141631,1.9456366237482121
3824,4.8,4.8825,0.40002288984263235,1.9547925608011447
3825,4.7775,4.88,0.39892417739628044,1.9456366237482121
3826,4.7875,4.8825,0.39791702432045783,1.9433476394849787
3827,4.7825,4.88125,0.3985579399141631,1.9456366237482121
3828,4.8025,4.88125,0.40020600858369104,1.9547925608011447
3829,4.7675,4.8825,0.3981001430615165,1.9433476394849787
3830,4.78,4.88125,0.39837482117310447,1.9456366237482121
3831,4.765,4.88,0.39709298998569387,1.9387696709585123
3832,4.77,4.8825,0.39791702432045783,1.9433476394849787
3833,4.775,4.88125,0.39791702432045783,1.9433476394849787
3834,4.77,4.88125,0.3974592274678112,1.9387696709585123
3835,4.7975,4.8825,0.3981001430615165,1.9433476394849787
3836,4.78,4.8825,0.39837482117310447,1.9456366237482121
3837,4.77,4.885,0.3974592274678112,1.9433476394849787
3838,4.7975,4.8825,0.3985579399141631,1.9456366237482121
3839,4.775,4.88125,0.39791702432045783,1.9433476394849787
3840,4.7725,4.88125,0.3977339055793992,1.9433476394849787
3841,4.7875,4.8825,0.39892417739628044,1.9456366237482121
3842,4.7775,4.8825,0.3981001430615165,1.9433476394849787
3843,4.7875,4.8825,0.39892417739628044,1.9456366237482121
3844,4.785,4.8825,0.39919885550786843,1.9502145922746783
3845,4.7725,4.88125,0.3977339055793992,1.9433476394849787
3846,4.785,4.8825,0.3987410586552218,1.9456366237482121
3847,4.785,4.88125,0.39919885550786843,1.9502145922746783
3848,4.7975,4.8825,0.3997482117310444,1.9502145922746783
3849,4.7925,4.8825,0.3993819742489271,1.9502145922746783
3850,4.7875,4.88125,0.40002288984263235,1.9547925608011447
3851,4.7825,4.8825,0.3985579399141631,1.9456366237482121
3852,4.7875,4.88125,0.39892417739628044,1.9456366237482121
3853,4.78,4.8825,0.3985579399141631,1.9456366237482121
3854,4.7775,4.88125,0.3981001430615165,1.9433476394849787
3855,4.7875,4.88125,0.39892417739628044,1.9456366237482121
3856,4.7875,4.88125,0.3985579399141631,1.9456366237482121
3857,4.785,4.8825,0.39837482117310447,1.9456366237482121
3858,4.78,4.88125,0.39837482117310447,1.9456366237482121
3859,4.7825,4.8825,0.3985579399141631,1.9456366237482121
3860,4.7875,4.88,0.3997482117310444,1.9502145922746783
3861,4.7925,4.8825,0.3993819742489271,1.9502145922746783
3862,4.7725,4.88125,0.3993819742489271,1.9502145922746783
3863,4.785,4.88375,0.3981001430615165,1.9433476394849787
3864,4.7725,4.8825,0.3977339055793992,1.9433476394849787
3865,4.78,4.8825,0.3974592274678112,1.9387696709585123
3866,4.79,4.88125,0.3981001430615165,1.9433476394849787
3867,4.7775,4.8825,0.3981001430615165,1.9433476394849787
3868,4.785,4.88,0.39837482117310447,1.9433476394849787
3869,4.7825,4.8825,0.3995650929899857,1.9502145922746783
3870,4.7775,4.8825,0.3981001430615165,1.9433476394849787
3871,4.785,4.88125,0.3987410586552218,1.9387696709585123
3872,4.7875,4.88125,0.3987410586552218,1.9456366237482121
3873,4.785,4.88125,0.3987410586552218,1.9456366237482121
3874,4.785,4.8825,0.3987410586552218,1.9456366237482121
3875,4.7775,4.88125,0.39919885550786843,1.9502145922746783
3876,4.7825,4.88125,0.3985579399141631,1.9456366237482121
3877,4.785,4.88,0.3987410586552218,1.9456366237482121
3878,4.7925,4.8825,0.3974592274678112,1.9387696709585123
3879,4.7925,4.88125,0.3993819742489271,1.9502145922746783
3880,4.775,4.88125,0.39791702432045783,1.9433476394849787
3881,4.785,4.88125,0.40103004291845495,1.9570815450643777
3882,4.7825,4.8825,0.3985579399141631,1.9456366237482121
3883,4.785,4.88125,0.3987410586552218,1.9456366237482121
3884,4.79,4.88125,0.39837482117310447,1.9456366237482121
3885,4.7775,4.8825,0.3981001430615165,1.9433476394849787
3886,4.79,4.88125,0.39919885550786843,1.9502145922746783
3887,4.7825,4.88125,0.4003891273247497,1.9547925608011447
3888,4.805,4.8825,0.4003891273247497,1.9547925608011447
3889,4.7725,4.88125,0.3977339055793992,1.9433476394849787
3890,4.78,4.88125,0.4008469241773963,1.9570815450643777
3891,4.77,4.88125,0.3974592274678112,1.9387696709585123
3892,4.7875,4.88125,0.39892417739628044,1.9456366237482121
3893,4.7875,4.8825,0.39892417739628044,1.9456366237482121
3894,4.8025,4.88125,0.40020600858369104,1.9547925608011447
3895,4.7725,4.88125,0.3977339055793992,1.9433476394849787
3896,4.7875,4.88,0.3993819742489271,1.9502145922746783
3897,4.765,4.8825,0.39709298998569387,1.9387696709585123
3898,4.7675,4.88125,0.39727610872675256,1.9387696709585123
3899,4.78,4.88125,0.3964520743919886,1.9341917024320459
3900,4.785,4.88,0.40231187410586555,1.9662374821173105
3901,4.7925,4.8825,0.3993819742489271,1.9502145922746783
3902,4.7675,4.88125,0.4021287553648069,1.9616595135908441
3903,4.7775,4.88375,0.40002288984263235,1.9547925608011447
3904,4.7725,4.88125,0.3977339055793992,1.9433476394849787
3905,4.7825,4.88125,0.40148783977110164,1.9616595135908441
3906,4.7775,4.88125,0.39791702432045783,1.9433476394849787
3907,4.8125,4.88125,0.40103004291845495,1.9570815450643777
3908,4.785,4.88375,0.3964520743919886,1.9341917024320459
3909,4.77,4.88,0.4029527896995709,1.9662374821173105
3910,4.8275,4.88,0.40231187410586555,1.9662374821173105
3911,4.7725,4.88125,0.4008469241773963,1.9570815450643777
3912,4.7675,4.8825,0.40148783977110164,1.9616595135908441
3913,4.8,4.88125,0.40002288984263235,1.9547925608011447
3914,4.7825,4.8825,0.40066380543633767,1.9570815450643777
3915,4.8025,4.88125,0.39892417739628044,1.9456366237482121
3916,4.735,4.8825,0.394620886981402,1.9273247496423465
3917,4.8075,4.88,0.40066380543633767,1.9570815450643777
3918,4.7675,4.8825,0.3981001430615165,1.9433476394849787
3919,4.8075,4.8825,0.40066380543633767,1.9570815450643777
3920,4.755,4.88125,0.39626895565092995,1.9341917024320459
3921,4.8,4.88375,0.3969098712446352,1.9387696709585123
3922,4.8325,4.8825,0.4026781115879829,1.9662374821173105
3923,4.7825,4.8825,0.3985579399141631,1.9456366237482121
3924,4.8,4.8825,0.3958111587982833,1.9319027181688129
3925,4.7825,4.88125,0.3985579399141631,1.9456366237482121
3926,4.77,4.88125,0.3974592274678112,1.9387696709585123
3927,4.7675,4.8825,0.4003891273247497,1.9547925608011447
3928,4.815,4.88125,0.40121316165951365,1.9570815450643777
3929,4.785,4.88,0.3987410586552218,1.9456366237482121
3930,4.835,4.88125,0.3993819742489271,1.9502145922746783
3931,4.7875,4.8825,0.39892417739628044,1.9456366237482121
3932,4.795,4.88375,0.3995650929899857,1.9502145922746783
3933,4.7875,4.88,0.40002288984263235,1.9547925608011447
3934,4.81,4.88375,0.4008469241773963,1.9570815450643777
3935,4.805,4.87875,0.4003891273247497,1.9547925608011447
3936,4.755,4.88125,0.39727610872675256,1.9387696709585123
3937,4.77,4.88125,0.3974592274678112,1.9387696709585123
3938,4.7775,4.8825,0.3981001430615165,1.9433476394849787
3939,4.7575,4.88375,0.3985579399141631,1.9456366237482121
3940,4.7825,4.88375,0.3985579399141631,1.9456366237482121
3941,4.78,4.88375,0.39837482117310447,1.9456366237482121
3942,4.79,4.88125,0.39791702432045783,1.9433476394849787
3943,4.79,4.8825,0.39919885550786843,1.9502145922746783
3944,4.8,4.88125,0.40002288984263235,1.9547925608011447
3945,4.7825,4.88125,0.3987410586552218,1.9456366237482121
3946,4.7825,4.8825,0.39791702432045783,1.9433476394849787
3947,4.7725,4.88125,0.3977339055793992,1.9433476394849787
3948,4.7725,4.88,0.3995650929899857,1.9502145922746783
3949,4.805,4.88125,0.3974592274678112,1.9387696709585123
3950,4.7875,4.8825,0.39892417739628044,1.9456366237482121
3951,4.7375,4.8825,0.39892417739628044,1.9456366237482121
3952,4.82,4.88,0.3974592274678112,1.9387696709585123
3953,4.7675,4.88125,0.39727610872675256,1.9387696709585123
3954,4.7875,4.8825,0.3985579399141631,1.9456366237482121
3955,4.7675,4.88125,0.3964520743919886,1.9341917024320459
3956,4.8,4.8825,0.40002288984263235,1.9547925608011447
3957,4.795,4.88,0.3997482117310444,1.9502145922746783
3958,4.7875,4.88125,0.39727610872675256,1.9387696709585123
3959,4.7925,4.8825,0.3993819742489271,1.9502145922746783
3960,4.805,4.88125,0.4003891273247497,1.9547925608011447
3961,4.79,4.88,0.3969098712446352,1.9341917024320459
3962,4.79,4.88,0.39919885550786843,1.9456366237482121
3963,4.795,4.88,0.3995650929899857,1.9502145922746783
3964,4.7975,4.8825,0.39837482117310447,1.9456366237482121
3965,4.795,4.88125,0.3995650929899857,1.9502145922746783
3966,4.785,4.88125,0.3987410586552218,1.9456366237482121
3967,4.81,4.8825,0.3995650929899857,1.9502145922746783
3968,4.7625,4.8825,0.3969098712446352,1.9387696709585123
3969,4.775,4.88125,0.39791702432045783,1.9433476394849787
3970,4.815,4.8825,0.39727610872675256,1.9387696709585123
3971,4.795,4.88125,0.3995650929899857,1.9502145922746783
3972,4.78,4.88375,0.39837482117310447,1.9456366237482121
3973,4.81,4.8825,0.3985579399141631,1.9456366237482121
3974,4.775,4.8825,0.39791702432045783,1.9433476394849787
3975,4.795,4.88125,0.3995650929899857,1.9502145922746783
3976,4.7775,4.8825,0.3974592274678112,1.9387696709585123
3977,4.755,4.88,0.39626895565092995,1.9341917024320459
3978,4.7825,4.8825,0.3985579399141631,1.9456366237482121
3979,4.7875,4.88,0.39919885550786843,1.9456366237482121
3980,4.7875,4.8825,0.39892417739628044,1.9456366237482121
3981,4.7575,4.8825,0.3964520743919886,1.9341917024320459
3982,4.7925,4.88125,0.39837482117310447,1.9456366237482121
3983,4.7925,4.88125,0.3993819742489271,1.9502145922746783
3984,4.78,4.8825,0.39837482117310447,1.9456366237482121
3985,4.75,4.88,0.39837482117310447,1.9433476394849787
3986,4.77,4.8825,0.3974592274678112,1.9387696709585123
3987,4.7925,4.88375,0.3993819742489271,1.9502145922746783
3988,4.785,4.88375,0.39709298998569387,1.9387696709585123
3989,4.8075,4.88125,0.40002288984263235,1.9547925608011447
3990,4.785,4.88125,0.3987410586552218,1.9456366237482121
3991,4.7875,4.87875,0.39663519313304724,1.9341917024320459
3992,4.785,4.88125,0.40121316165951365,1.9570815450643777
3993,4.7925,4.88,0.3993819742489271,1.9502145922746783
3994,4.775,4.8825,0.3985579399141631,1.9456366237482121
3995,4.78,4.8825,0.4003891273247497,1.9547925608011447
3996,4.7575,4.8825,0.3964520743919886,1.9341917024320459
3997,4.7825,4.8825,0.3987410586552218,1.9456366237482121
3998,4.7675,4.88125,0.3977339055793992,1.9433476394849787
3999,4.785,4.88125,0.3987410586552218,1.9456366237482121
4000,4.795,4.88125,0.39727610872675256,1.9387696709585123
4001,4.7725,4.8825,0.3977339055793992,1.9433476394849787
4002,4.7825,4.88125,0.3985579399141631,1.9456366237482121
4003,4.7625,4.88,0.3969098712446352,1.9433476394849787
4004,4.795,4.88125,0.3977339055793992,1.9433476394849787
4005,4.76,4.8825,0.39663519313304724,1.9341917024320459
4006,4.8,4.88125,0.40002288984263235,1.9547925608011447
4007,4.79,4.88125,0.39791702432045783,1.9433476394849787
4008,4.7825,4.88125,0.3985579399141631,1.9456366237482121
4009,4.775,4.88375,0.39791702432045783,1.9433476394849787
4010,4.79,4.88125,0.3985579399141631,1.9456366237482121
4011,4.7775,4.88,0.3981001430615165,1.9433476394849787
4012,4.7825,4.88,0.3985579399141631,1.9456366237482121
4013,4.805,4.88125,0.3974592274678112,1.9387696709585123
4014,4.7775,4.88375,0.3981001430615165,1.9433476394849787
4015,4.785,4.88125,0.3987410586552218,1.9456366237482121
4016,4.7775,4.8825,0.39892417739628044,1.9456366237482121
4017,4.7825,4.8825,0.3985579399141631,1.9456366237482121
4018,4.7625,4.88,0.3969098712446352,1.9341917024320459
4019,4.795,4.88125,0.3981001430615165,1.9433476394849787
4020,4.7725,4.8825,0.3977339055793992,1.9433476394849787
4021,4.7725,4.885,0.3977339055793992,1.9433476394849787
4022,4.79,4.88375,0.3985579399141631,1.9456366237482121
4023,4.78,4.8825,0.39837482117310447,1.9456366237482121
4024,4.775,4.8825,0.39791702432045783,1.9433476394849787
4025,4.78,4.88125,0.39892417739628044,1.9456366237482121
4026,4.7625,4.88,0.3969098712446352,1.9341917024320459
4027,4.8,4.88375,0.40002288984263235,1.9547925608011447
4028,4.78,4.8825,0.3997482117310444,1.9502145922746783
4029,4.765,4.8825,0.39709298998569387,1.9387696709585123
4030,4.775,4.8825,0.39791702432045783,1.9433476394849787
4031,4.77,4.88375,0.3981001430615165,1.9433476394849787
4032,4.7725,4.88,0.3977339055793992,1.9433476394849787
4033,4.7775,4.8825,0.3981001430615165,1.9433476394849787
4034,4.8,4.88,0.3981001430615165,1.9433476394849787
4035,4.77,4.88125,0.3995650929899857,1.9502145922746783
4036,4.77,4.8825,0.3974592274678112,1.9387696709585123
4037,4.7825,4.88125,0.3993819742489271,1.9502145922746783
4038,4.775,4.88,0.3985579399141631,1.9456366237482121
4039,4.775,4.88,0.39791702432045783,1.9433476394849787
4040,4.8,4.8825,0.3985579399141631,1.9456366237482121
4041,4.7825,4.8825,0.3985579399141631,1.9456366237482121
4042,4.7875,4.88125,0.39892417739628044,1.9456366237482121
4043,4.7725,4.8825,0.39892417739628044,1.9456366237482121
4044,4.78,4.8825,0.39791702432045783,1.9433476394849787
4045,4.785,4.88125,0.3987410586552218,1.9456366237482121
4046,4.78,4.88375,0.3981001430615165,1.9433476394849787
4047,4.7825,4.8825,0.39892417739628044,1.9456366237482121
4048,4.8,4.8825,0.40002288984263235,1.9547925608011447
4049,4.775,4.88125,0.39791702432045783,1.9456366237482121
4050,4.78,4.8825,0.3985579399141631,1.9456366237482121
4051,4.7825,4.8825,0.3985579399141631,1.9456366237482121
4052,4.7825,4.8825,0.3985579399141631,1.9456366237482121
4053,4.775,4.88125,0.3987410586552218,1.9456366237482121
4054,4.7725,4.88125,0.3977339055793992,1.9433476394849787
4055,4.7825,4.88125,0.3985579399141631,1.9456366237482121
4056,4.785,4.8825,0.39727610872675256,1.9387696709585123
4057,4.775,4.88125,0.39791702432045783,1.9433476394849787
4058,4.7875,4.88125,0.39892417739628044,1.9456366237482121
4059,4.795,4.88125,0.39837482117310447,1.9456366237482121
4060,4.785,4.8825,0.3987410586552218,1.9456366237482121
4061,4.78,4.8825,0.39837482117310447,1.9456366237482121
4062,4.775,4.88375,0.3993819742489271,1.9502145922746783
4063,4.7825,4.8825,0.3985579399141631,1.9456366237482121
4064,4.79,4.88125,0.39919885550786843,1.9502145922746783
4065,4.79,4.88125,0.39837482117310447,1.9456366237482121
4066,4.7775,4.88125,0.3981001430615165,1.9433476394849787
4067,4.795,4.8825,0.3995650929899857,1.9502145922746783
4068,4.7725,4.8825,0.39727610872675256,1.9387696709585123
4069,4.77,4.88125,0.3974592274678112,1.9387696709585123
4070,4.7875,4.88125,0.39892417739628044,1.9456366237482121
4071,4.78,4.88125,0.39837482117310447,1.9456366237482121
4072,4.79,4.8825,0.39919885550786843,1.9502145922746783
4073,4.78,4.8825,0.39837482117310447,1.9456366237482121
4074,4.7925,4.88125,0.39626895565092995,1.9341917024320459
4075,4.79,4.8825,0.39919885550786843,1.9502145922746783
4076,4.7775,4.88375,0.3981001430615165,1.9433476394849787
4077,4.78,4.8825,0.39892417739628044,1.9456366237482121
4078,4.785,4.88125,0.3995650929899857,1.9502145922746783
4079,4.7775,4.88125,0.3981001430615165,1.9433476394849787
4080,4.7975,4.88,0.4008469241773963,1.9570815450643777
4081,4.7725,4.8825,0.39837482117310447,1.9456366237482121
4082,4.78,4.88125,0.39837482117310447,1.9456366237482121
4083,4.785,4.88125,0.3993819742489271,1.9502145922746783
4084,4.7775,4.8825,0.39919885550786843,1.9502145922746783
4085,4.78,4.8825,0.39837482117310447,1.9456366237482121
4086,4.7975,4.88125,0.40066380543633767,1.9547925608011447
4087,4.8,4.8825,0.3981001430615165,1.9433476394849787
4088,4.7675,4.88125,0.39727610872675256,1.9387696709585123
4089,4.7925,4.8825,0.39919885550786843,1.9502145922746783
4090,4.7875,4.8825,0.40103004291845495,1.9570815450643777
4091,4.775,4.8825,0.39791702432045783,1.9433476394849787
4092,4.7775,4.88,0.40121316165951365,1.9570815450643777
4093,4.7875,4.8825,0.39837482117310447,1.9456366237482121
4094,4.765,4.88125,0.39709298998569387,1.9387696709585123
4095,4.7725,4.8825,0.3977339055793992,1.9433476394849787
4096,4.7925,4.88,0.3958111587982833,1.9319027181688129
4097,4.7625,4.88125,0.3969098712446352,1.9387696709585123
4098,4.775,4.88375,0.39791702432045783,1.9433476394849787
4099,4.7825,4.88125,0.40066380543633767,1.9547925608011447
4100,4.795,4.88125,0.3995650929899857,1.9502145922746783
4101,4.775,4.88125,0.39791702432045783,1.9433476394849787
4102,4.7775,4.88125,0.39663519313304724,1.9341917024320459
4103,4.7825,4.88125,0.3985579399141631,1.9456366237482121
4104,4.77,4.88125,0.3974592274678112,1.9387696709585123
4105,4.7875,4.88125,0.3981001430615165,1.9433476394849787
4106,4.7825,4.88125,0.3985579399141631,1.9456366237482121
4107,4.785,4.8825,0.3987410586552218,1.9456366237482121
4108,4.7875,4.88125,0.4031359084406295,1.968526466380544
4109,4.7975,4.88,0.3997482117310444,1.9502145922746783
4110,4.78,4.8825,0.39837482117310447,1.9456366237482121
4111,4.7775,4.88125,0.39709298998569387,1.9387696709585123
4112,4.815,4.88125,0.40121316165951365,1.9570815450643777
4113,4.7575,4.88125,0.3964520743919886,1.9341917024320459
4114,4.7875,4.88125,0.3981001430615165,1.9433476394849787
4115,4.815,4.88,0.40121316165951365,1.9570815450643777
4116,4.77,4.88,0.3974592274678112,1.9387696709585123
4117,4.78,4.88,0.3948040057224607,1.9273247496423465
4118,4.8575,4.88,0.4047839771101574,1.9753934191702434
4119,4.7775,4.88125,0.3981001430615165,1.9433476394849787
4120,4.7775,4.8825,0.3964520743919886,1.9341917024320459
4121,4.7875,4.8825,0.40020600858369104,1.9547925608011447
4122,4.81,4.88,0.4008469241773963,1.9570815450643777
4123,4.7775,4.88,0.4003891273247497,1.9547925608011447
4124,4.775,4.8825,0.4008469241773963,1.9570815450643777
4125,4.76,4.88125,0.39663519313304724,1.9341917024320459
4126,4.7475,4.88125,0.39837482117310447,1.9456366237482121
4127,4.765,4.88125,0.3997482117310444,1.9502145922746783
4128,4.78,4.88,0.39837482117310447,1.9433476394849787
4129,4.7525,4.88125,0.3981001430615165,1.9433476394849787
4130,4.7775,4.88,0.40020600858369104,1.9547925608011447
4131,4.765,4.8825,0.39709298998569387,1.9387696709585123
4132,4.825,4.88125,0.3985579399141631,1.9456366237482121
4133,4.77,4.88125,0.40121316165951365,1.9570815450643777
4134,4.755,4.88125,0.39626895565092995,1.9341917024320459
4135,4.8025,4.88375,0.3997482117310444,1.9547925608011447
4136,4.7875,4.8825,0.39919885550786843,1.9502145922746783
4137,4.785,4.8825,0.3987410586552218,1.9456366237482121
4138,4.7525,4.88,0.39608583690987126,1.9341917024320459
4139,4.7975,4.88125,0.39837482117310447,1.9456366237482121
4140,4.77,4.88375,0.3974592274678112,1.9433476394849787
4141,4.8325,4.88125,0.4026781115879829,1.9662374821173105
4142,4.7475,4.885,0.3981001430615165,1.9456366237482121
4143,4.79,4.87875,0.39919885550786843,1.9456366237482121
4144,4.79,4.88125,0.39919885550786843,1.9502145922746783
4145,4.775,4.88125,0.39919885550786843,1.9502145922746783
4146,4.75,4.885,0.3958111587982833,1.9341917024320459
4147,4.75,4.88125,0.3958111587982833,1.9319027181688129
4148,4.735,4.88,0.39727610872675256,1.9387696709585123
4149,4.795,4.88,0.3995650929899857,1.9502145922746783
4150,4.7525,4.88125,0.39608583690987126,1.9341917024320459
4151,4.8275,4.8825,0.3977339055793992,1.9433476394849787
4152,4.77,4.8825,0.3974592274678112,1.9387696709585123
4153,4.8125,4.88125,0.40103004291845495,1.9570815450643777
4154,4.7425,4.88375,0.39919885550786843,1.9502145922746783
4155,4.765,4.88375,0.39709298998569387,1.9387696709585123
4156,4.7875,4.88,0.39892417739628044,1.9456366237482121
4157,4.7775,4.8825,0.3977339055793992,1.9433476394849787
4158,4.775,4.8825,0.39791702432045783,1.9433476394849787
4159,4.805,4.88375,0.4003891273247497,1.9547925608011447
4160,4.7475,4.88,0.3981001430615165,1.9433476394849787
4161,4.7875,4.88125,0.39892417739628044,1.9456366237482121
4162,4.7875,4.88125,0.39892417739628044,1.9456366237482121
4163,4.795,4.8825,0.3993819742489271,1.9502145922746783
4164,4.78,4.8825,0.39837482117310447,1.9456366237482121
4165,4.7875,4.88125,0.39892417739628044,1.9456366237482121
4166,4.795,4.8825,0.3987410586552218,1.9456366237482121
4167,4.8,4.8825,0.3981001430615165,1.9433476394849787
4168,4.7775,4.88,0.3981001430615165,1.9433476394849787
4169,4.74,4.88125,0.39919885550786843,1.9502145922746783
4170,4.755,4.8825,0.3993819742489271,1.9502145922746783
4171,4.7875,4.8825,0.39892417739628044,1.9456366237482121
4172,4.7775,4.8825,0.3974592274678112,1.9387696709585123
4173,4.7875,4.88125,0.3981001430615165,1.9433476394849787
4174,4.7825,4.88125,0.3985579399141631,1.9456366237482121
4175,4.8125,4.8825,0.3987410586552218,1.9456366237482121
4176,4.795,4.88125,0.39919885550786843,1.9502145922746783
4177,4.8025,4.885,0.40020600858369104,1.9547925608011447
4178,4.7825,4.88,0.3981001430615165,1.9433476394849787
4179,4.8,4.8825,0.40002288984263235,1.9547925608011447
4180,4.79,4.8825,0.39919885550786843,1.9502145922746783
4181,4.7775,4.8825,0.39663519313304724,1.9341917024320459
4182,4.795,4.88375,0.39626895565092995,1.9341917024320459
4183,4.7825,4.88125,0.3985579399141631,1.9456366237482121
4184,4.7725,4.8825,0.3977339055793992,1.9433476394849787
4185,4.775,4.8825,0.39837482117310447,1.9456366237482121
4186,4.78,4.885,0.39837482117310447,1.9456366237482121
4187,4.7625,4.88375,0.3969098712446352,1.9387696709585123
4188,4.7275,4.88125,0.3977339055793992,1.9433476394849787
4189,4.7725,4.88125,0.3977339055793992,1.9433476394849787
4190,4.775,4.88,0.39791702432045783,1.9433476394849787
4191,4.79,4.88125,0.39892417739628044,1.9456366237482121
4192,4.7675,4.8825,0.39727610872675256,1.9387696709585123
4193,4.775,4.87875,0.39791702432045783,1.9433476394849787
4194,4.7775,4.88125,0.39892417739628044,1.9456366237482121
4195,4.7625,4.88125,0.3969098712446352,1.9387696709585123
4196,4.7775,4.88375,0.3981001430615165,1.9433476394849787
4197,4.785,4.8825,0.3977339055793992,1.9433476394849787
4198,4.7875,4.88,0.39892417739628044,1.9456366237482121
4199,4.765,4.88125,0.39709298998569387,1.9387696709585123
4200,4.7575,4.8825,0.3974592274678112,1.9387696709585123
4201,4.7725,4.8825,0.3977339055793992,1.9433476394849787
4202,4.7625,4.8825,0.3969098712446352,1.9387696709585123
4203,4.77,4.8825,0.39727610872675256,1.9387696709585123
4204,4.7975,4.88,0.3997482117310444,1.9502145922746783
4205,4.785,4.88375,0.3987410586552218,1.9456366237482121
4206,4.7675,4.88125,0.4003891273247497,1.9547925608011447
4207,4.78,4.8825,0.39837482117310447,1.9456366237482121
4208,4.77,4.88125,0.3974592274678112,1.9387696709585123
4209,4.7875,4.8825,0.3993819742489271,1.9502145922746783
4210,4.83,4.88125,0.39727610872675256,1.9387696709585123
4211,4.7875,4.88375,0.39892417739628044,1.9456366237482121
4212,4.8,4.88125,0.3985579399141631,1.9456366237482121
4213,4.7875,4.8825,0.39791702432045783,1.9433476394849787
4214,4.7825,4.88125,0.3985579399141631,1.9456366237482121
4215,4.7925,4.88,0.39791702432045783,1.9433476394849787
4216,4.7825,4.88125,0.40020600858369104,1.9547925608011447
4217,4.78,4.88125,0.39837482117310447,1.9456366237482121
4218,4.7825,4.88,0.39892417739628044,1.9456366237482121
4219,4.775,4.88125,0.39837482117310447,1.9456366237482121
4220,4.7725,4.88,0.3977339055793992,1.9433476394849787
4221,4.7925,4.88125,0.3974592274678112,1.9387696709585123
4222,4.77,4.87875,0.39919885550786843,1.9456366237482121
4223,4.7925,4.88125,0.3993819742489271,1.9502145922746783
4224,4.775,4.8825,0.3969098712446352,1.9387696709585123
4225,4.78,4.8825,0.3993819742489271,1.9502145922746783
4226,4.7975,4.88125,0.3997482117310444,1.9502145922746783
4227,4.795,4.88,0.3995650929899857,1.9456366237482121
4228,4.78,4.8825,0.3985579399141631,1.9456366237482121
4229,4.7875,4.88125,0.39892417739628044,1.9456366237482121
4230,4.7825,4.88125,0.3985579399141631,1.9456366237482121
4231,4.78,4.88125,0.39837482117310447,1.9456366237482121
4232,4.805,4.8825,0.4003891273247497,1.9547925608011447
4233,4.7825,4.8825,0.3985579399141631,1.9456366237482121
4234,4.79,4.8825,0.39919885550786843,1.9502145922746783
4235,4.77,4.88125,0.3974592274678112,1.9387696709585123
4236,4.775,4.88,0.39791702432045783,1.9433476394849787
4237,4.7825,4.88125,0.3974592274678112,1.9387696709585123
4238,4.7725,4.8825,0.3977339055793992,1.9433476394849787
4239,4.7825,4.8825,0.3985579399141631,1.9456366237482121
4240,4.7675,4.88125,0.3985579399141631,1.9456366237482121
4241,4.78,4.8825,0.39837482117310447,1.9456366237482121
4242,4.7625,4.8825,0.3969098712446352,1.9387696709585123
4243,4.7775,4.88125,0.39837482117310447,1.9456366237482121
4244,4.7725,4.8825,0.3977339055793992,1.9433476394849787
4245,4.7725,4.8825,0.3977339055793992,1.9433476394849787
4246,4.7775,4.8825,0.39892417739628044,1.9456366237482121
4247,4.7625,4.88375,0.3969098712446352,1.9387696709585123
4248,4.7825,4.88,0.3985579399141631,1.9456366237482121
4249,4.7875,4.88,0.39837482117310447,1.9433476394849787
4250,4.785,4.88125,0.3987410586552218,1.9456366237482121
4251,4.7675,4.88125,0.39727610872675256,1.9387696709585123
4252,4.7575,4.88125,0.3993819742489271,1.9502145922746783
4253,4.7925,4.88,0.3993819742489271,1.9502145922746783
4254,4.7625,4.8825,0.3969098712446352,1.9387696709585123
4255,4.76,4.8825,0.40002288984263235,1.9547925608011447
4256,4.7875,4.8825,0.3985579399141631,1.9456366237482121
4257,4.7625,4.88,0.3969098712446352,1.9341917024320459
4258,4.795,4.88,0.3974592274678112,1.9387696709585123
4259,4.785,4.8825,0.3981001430615165,1.9433476394849787
4260,4.7725,4.88125,0.3977339055793992,1.9433476394849787
4261,4.7675,4.8825,0.3995650929899857,1.9502145922746783
4262,4.78,4.88125,0.39727610872675256,1.9387696709585123
4263,4.7725,4.8825,0.3977339055793992,1.9433476394849787
4264,4.8,4.88125,0.39837482117310447,1.9456366237482121
4265,4.795,4.8825,0.3977339055793992,1.9433476394849787
4266,4.7925,4.87875,0.3993819742489271,1.9502145922746783
4267,4.7925,4.8825,0.3985579399141631,1.9456366237482121
4268,4.7725,4.88125,0.3969098712446352,1.9387696709585123
4269,4.7775,4.8825,0.3981001430615165,1.9433476394849787
4270,4.795,4.88,0.3977339055793992,1.9433476394849787
4271,4.795,4.8825,0.39892417739628044,1.9456366237482121
4272,4.75,4.88125,0.3958111587982833,1.9319027181688129
4273,4.7975,4.88375,0.3997482117310444,1.9502145922746783
4274,4.785,4.88125,0.3974592274678112,1.9387696709585123
4275,4.785,4.88125,0.3987410586552218,1.9456366237482121
4276,4.7925,4.8825,0.3993819742489271,1.9502145922746783
4277,4.7725,4.88125,0.40002288984263235,1.9547925608011447
4278,4.7775,4.88125,0.3981001430615165,1.9433476394849787
4279,4.8025,4.8825,0.40020600858369104,1.9547925608011447
4280,4.77,4.8825,0.3977339055793992,1.9433476394849787
4281,4.7775,4.8825,0.3981001430615165,1.9433476394849787
4282,4.7875,4.8825,0.39892417739628044,1.9456366237482121
4283,4.77,4.88,0.39919885550786843,1.9456366237482121
4284,4.7975,4.8825,0.3997482117310444,1.9502145922746783
4285,4.785,4.88125,0.3987410586552218,1.9456366237482121
4286,4.775,4.8825,0.3997482117310444,1.9502145922746783
4287,4.77,4.88125,0.3974592274678112,1.9387696709585123
4288,4.7875,4.8825,0.39892417739628044,1.9456366237482121
4289,4.795,4.88125,0.39837482117310447,1.9456366237482121
4290,4.785,4.8825,0.3987410586552218,1.9456366237482121
4291,4.78,4.88125,0.39837482117310447,1.9456366237482121
4292,4.7675,4.88125,0.3995650929899857,1.9502145922746783
4293,4.7775,4.88,0.3981001430615165,1.9433476394849787
4294,4.765,4.88125,0.39709298998569387,1.9387696709585123
4295,4.785,4.88375,0.3995650929899857,1.9502145922746783
4296,4.775,4.88125,0.39791702432045783,1.9433476394849787
4297,4.7675,4.8825,0.39727610872675256,1.9387696709585123
4298,4.775,4.88125,0.3981001430615165,1.9433476394849787
4299,4.7875,4.88125,0.39709298998569387,1.9387696709585123
4300,4.7875,4.8825,0.39892417739628044,1.9456366237482121
4301,4.78,4.88125,0.3974592274678112,1.9387696709585123
4302,4.7875,4.8825,0.39727610872675256,1.9387696709585123
4303,4.79,4.88125,0.39919885550786843,1.9502145922746783
4304,4.7925,4.8825,0.3981001430615165,1.9433476394849787
4305,4.785,4.88125,0.39919885550786843,1.9502145922746783
4306,4.7825,4.88125,0.3985579399141631,1.9456366237482121
4307,4.785,4.88125,0.3985579399141631,1.9456366237482121
4308,4.78,4.88125,0.39837482117310447,1.9456366237482121
4309,4.7825,4.8825,0.3985579399141631,1.9456366237482121
4310,4.7775,4.88125,0.3987410586552218,1.9456366237482121
4311,4.8,4.88125,0.3981001430615165,1.9433476394849787
4312,4.7725,4.88125,0.3977339055793992,1.9433476394849787
4313,4.7925,4.88125,0.3985579399141631,1.9456366237482121
4314,4.7725,4.8825,0.3981001430615165,1.9433476394849787
4315,4.785,4.8825,0.3987410586552218,1.9456366237482121
4316,4.7825,4.88,0.3985579399141631,1.9456366237482121
4317,4.7775,4.8825,0.3995650929899857,1.9502145922746783
4318,4.7875,4.8825,0.39892417739628044,1.9456366237482121
4319,4.8025,4.88125,0.40020600858369104,1.9547925608011447
4320,4.7825,4.8825,0.39791702432045783,1.9433476394849787
4321,4.785,4.8825,0.3987410586552218,1.9456366237482121
4322,4.77,4.88,0.3974592274678112,1.9387696709585123
4323,4.7875,4.88125,0.3981001430615165,1.9433476394849787
4324,4.795,4.88375,0.3995650929899857,1.9502145922746783
4325,4.7825,4.88,0.3985579399141631,1.9456366237482121
4326,4.77,4.8825,0.39892417739628044,1.9456366237482121
4327,4.7925,4.8825,0.3993819742489271,1.9502145922746783
4328,4.78,4.88125,0.39837482117310447,1.9456366237482121
4329,4.78,4.8825,0.39892417739628044,1.9456366237482121
4330,4.7925,4.8825,0.3993819742489271,1.9502145922746783
4331,4.7775,4.88125,0.3981001430615165,1.9433476394849787
4332,4.795,4.88125,0.39837482117310447,1.9456366237482121
4333,4.7725,4.8825,0.3977339055793992,1.9433476394849787
4334,4.785,4.8825,0.3987410586552218,1.9456366237482121
4335,4.785,4.88125,0.3993819742489271,1.9502145922746783
4336,4.8,4.88,0.40002288984263235,1.9547925608011447
4337,4.78,4.8825,0.39837482117310447,1.9456366237482121
4338,4.7675,4.88125,0.3995650929899857,1.9502145922746783
4339,4.7825,4.8825,0.3985579399141631,1.9456366237482121
4340,4.7725,4.88125,0.3977339055793992,1.9433476394849787
4341,4.8075,4.8825,0.3981001430615165,1.9433476394849787
4342,4.7875,4.88125,0.39892417739628044,1.9456366237482121
4343,4.7875,4.88125,0.39892417739628044,1.9456366237482121
4344,4.785,4.88125,0.3995650929899857,1.9502145922746783
4345,4.795,4.8825,0.40002288984263235,1.9547925608011447
4346,4.78,4.8825,0.39837482117310447,1.9456366237482121
4347,4.78,4.8825,0.3985579399141631,1.9456366237482121
4348,4.7725,4.88375,0.3981001430615165,1.9433476394849787
4349,4.7775,4.8825,0.3981001430615165,1.9433476394849787
4350,4.785,4.8825,0.39709298998569387,1.9387696709585123
4351,4.7875,4.8825,0.39791702432045783,1.9433476394849787
4352,4.79,4.88,0.39919885550786843,1.9456366237482121
4353,4.805,4.88125,0.3987410586552218,1.9456366237482121
4354,4.775,4.88,0.39727610872675256,1.9387696709585123
4355,4.7925,4.88125,0.3993819742489271,1.9502145922746783
4356,4.7775,4.8825,0.3987410586552218,1.9456366237482121
4357,4.7725,4.8825,0.39892417739628044,1.9456366237482121
4358,4.7825,4.8825,0.3985579399141631,1.9456366237482121
4359,4.78,4.8825,0.39919885550786843,1.9502145922746783
4360,4.795,4.88,0.4008469241773963,1.9570815450643777
4361,4.78,4.88125,0.39837482117310447,1.9456366237482121
4362,4.7975,4.88125,0.3997482117310444,1.9502145922746783
4363,4.7925,4.88125,0.39919885550786843,1.9502145922746783
4364,4.8,4.88,0.40002288984263235,1.9547925608011447
4365,4.7775,4.88125,0.3981001430615165,1.9433476394849787
4366,4.7725,4.88125,0.39892417739628044,1.9456366237482121
4367,4.785,4.88125,0.3987410586552218,1.9456366237482121
4368,4.785,4.88125,0.3987410586552218,1.9456366237482121
4369,4.7725,4.8825,0.3974592274678112,1.9387696709585123
4370,4.7975,4.88125,0.3997482117310444,1.9502145922746783
4371,4.7875,4.88125,0.39892417739628044,1.9456366237482121
4372,4.795,4.8825,0.3985579399141631,1.9456366237482121
4373,4.775,4.8825,0.39791702432045783,1.9433476394849787
4374,4.79,4.88,0.39919885550786843,1.9456366237482121
4375,4.7725,4.88125,0.39791702432045783,1.9433476394849787
4376,4.795,4.88125,0.3995650929899857,1.9502145922746783
4377,4.7825,4.88125,0.3985579399141631,1.9456366237482121
4378,4.775,4.8825,0.3995650929899857,1.9502145922746783
4379,4.78,4.88125,0.39837482117310447,1.9456366237482121
4380,4.775,4.88125,0.39791702432045783,1.9433476394849787
4381,4.785,4.88125,0.39727610872675256,1.9387696709585123
4382,4.785,4.88125,0.3987410586552218,1.9456366237482121
4383,4.7825,4.8825,0.3985579399141631,1.9456366237482121
4384,4.795,4.88375,0.39709298998569387,1.9387696709585123
4385,4.785,4.88,0.3987410586552218,1.9456366237482121
4386,4.7975,4.8825,0.3997482117310444,1.9502145922746783
4387,4.775,4.8825,0.3987410586552218,1.9456366237482121
4388,4.785,4.8825,0.3987410586552218,1.9456366237482121
4389,4.785,4.8825,0.3987410586552218,1.9456366237482121
4390,4.785,4.8825,0.3981001430615165,1.9433476394849787
4391,4.7925,4.88125,0.39791702432045783,1.9433476394849787
4392,4.7825,4.88125,0.3985579399141631,1.9456366237482121
4393,4.7875,4.88125,0.3995650929899857,1.9502145922746783
4394,4.78,4.8825,0.3981001430615165,1.9433476394849787
4395,4.7875,4.88375,0.39892417739628044,1.9456366237482121
4396,4.7825,4.88125,0.39919885550786843,1.9502145922746783
4397,4.78,4.8825,0.3995650929899857,1.9502145922746783
4398,4.7825,4.8825,0.3985579399141631,1.9456366237482121
4399,4.78,4.88125,0.3997482117310444,1.9502145922746783
4400,4.7925,4.8825,0.39919885550786843,1.9502145922746783
4401,4.7825,4.88125,0.3985579399141631,1.9456366237482121
4402,4.785,4.8825,0.3964520743919886,1.9341917024320459
4403,4.79,4.8825,0.3993819742489271,1.9502145922746783
4404,4.785,4.88125,0.3987410586552218,1.9456366237482121
4405,4.79,4.8825,0.39837482117310447,1.9456366237482121
4406,4.785,4.88125,0.39626895565092995,1.9341917024320459
4407,4.785,4.88125,0.3987410586552218,1.9456366237482121
4408,4.79,4.88125,0.39919885550786843,1.9502145922746783
4409,4.785,4.8825,0.3987410586552218,1.9456366237482121
4410,4.7775,4.8825,0.3981001430615165,1.9433476394849787
4411,4.78,4.88125,0.39837482117310447,1.9456366237482121
4412,4.78,4.8825,0.39791702432045783,1.9433476394849787
4413,4.7775,4.88125,0.3981001430615165,1.9433476394849787
4414,4.7775,4.8825,0.3981001430615165,1.9433476394849787
4415,4.7875,4.88125,0.3997482117310444,1.9502145922746783
4416,4.78,4.88125,0.39837482117310447,1.9456366237482121
4417,4.795,4.88125,0.3995650929899857,1.9502145922746783
4418,4.785,4.8825,0.3977339055793992,1.9433476394849787
4419,4.7775,4.8825,0.3981001430615165,1.9433476394849787
4420,4.7825,4.8825,0.3985579399141631,1.9456366237482121
4421,4.785,4.88,0.3964520743919886,1.9341917024320459
4422,4.7975,4.88375,0.3997482117310444,1.9547925608011447
4423,4.7875,4.88,0.39892417739628044,1.9456366237482121
4424,4.8,4.8825,0.3969098712446352,1.9387696709585123
4425,4.7975,4.88125,0.3997482117310444,1.9502145922746783
4426,4.7925,4.88375,0.3993819742489271,1.9502145922746783
4427,4.78,4.88125,0.4024949928469242,1.9662374821173105
4428,4.7625,4.8825,0.3969098712446352,1.9387696709585123
4429,4.785,4.8825,0.3987410586552218,1.9456366237482121
4430,4.7775,4.88125,0.40020600858369104,1.9547925608011447
4431,4.785,4.88375,0.3987410586552218,1.9456366237482121
4432,4.7925,4.88125,0.3993819742489271,1.9502145922746783
4433,4.795,4.88125,0.39837482117310447,1.9456366237482121
4434,4.7575,4.88125,0.3964520743919886,1.9341917024320459
4435,4.7925,4.8825,0.3993819742489271,1.9502145922746783
4436,4.7825,4.88125,0.40231187410586555,1.9662374821173105
4437,4.78,4.8825,0.3985579399141631,1.9456366237482121
4438,4.7825,4.8825,0.3985579399141631,1.9456366237482121
4439,4.7775,4.88125,0.4003891273247497,1.9547925608011447
4440,4.7675,4.8825,0.39663519313304724,1.9341917024320459
4441,4.78,4.8825,0.39837482117310447,1.9456366237482121
4442,4.795,4.88,0.39709298998569387,1.9387696709585123
4443,4.79,4.88375,0.3993819742489271,1.9502145922746783
4444,4.7875,4.88125,0.39892417739628044,1.9456366237482121
4445,4.785,4.88125,0.40121316165951365,1.9570815450643777
4446,4.7775,4.88125,0.39626895565092995,1.9341917024320459
4447,4.7875,4.88375,0.39892417739628044,1.9456366237482121
4448,4.7825,4.88125,0.4003891273247497,1.9547925608011447
4449,4.7825,4.88125,0.4003891273247497,1.9547925608011447
4450,4.7725,4.88125,0.3977339055793992,1.9433476394849787
4451,4.7875,4.88,0.39892417739628044,1.9547925608011447
4452,4.7825,4.8825,0.4003891273247497,1.9547925608011447
4453,4.775,4.88125,0.39791702432045783,1.9433476394849787
4454,4.7875,4.8825,0.39892417739628044,1.9456366237482121
4455,4.7775,4.88125,0.3997482117310444,1.9502145922746783
4456,4.7725,4.88125,0.3977339055793992,1.9433476394849787
4457,4.78,4.8825,0.39837482117310447,1.9456366237482121
4458,4.79,4.8825,0.3958111587982833,1.9319027181688129
4459,4.7475,4.88,0.39562804005722463,1.9319027181688129
4460,4.7875,4.88125,0.39892417739628044,1.9456366237482121
4461,4.785,4.88,0.39727610872675256,1.9387696709585123
4462,4.765,4.8825,0.39709298998569387,1.9387696709585123
4463,4.7825,4.88125,0.3985579399141631,1.9456366237482121
4464,4.78,4.8825,0.3997482117310444,1.9502145922746783
4465,4.7925,4.88125,0.3993819742489271,1.9502145922746783
4466,4.7725,4.8825,0.3977339055793992,1.9433476394849787
4467,4.7775,4.88125,0.4018540772532189,1.9616595135908441
4468,4.7625,4.88125,0.3969098712446352,1.9387696709585123
4469,4.7775,4.88125,0.3981001430615165,1.9433476394849787
4470,4.7975,4.8825,0.3977339055793992,1.9433476394849787
4471,4.7575,4.88,0.3964520743919886,1.9341917024320459
4472,4.775,4.8825,0.39791702432045783,1.9433476394849787
4473,4.7725,4.88375,0.3948040057224607,1.9273247496423465
4474,4.8025,4.88125,0.40020600858369104,1.9547925608011447
4475,4.7825,4.8825,0.3985579399141631,1.9456366237482121
4476,4.785,4.88125,0.4031359084406295,1.968526466380544
4477,4.75,4.88125,0.3958111587982833,1.9319027181688129
4478,4.785,4.8825,0.3987410586552218,1.9456366237482121
4479,4.7825,4.8825,0.3985579399141631,1.9456366237482121
4480,4.7825,4.8825,0.3943462088698141,1.9250357653791133
4481,4.7725,4.8825,0.3977339055793992,1.9433476394849787
4482,4.7925,4.87875,0.3981001430615165,1.9433476394849787
4483,4.7775,4.88125,0.40414306151645213,1.9731044349070102
4484,4.8025,4.88125,0.40020600858369104,1.9547925608011447
4485,4.785,4.88125,0.3977339055793992,1.9433476394849787
4486,4.78,4.8825,0.39626895565092995,1.9341917024320459
4487,4.8025,4.8825,0.40020600858369104,1.9547925608011447
4488,4.78,4.8825,0.39892417739628044,1.9456366237482121
4489,4.775,4.88125,0.39498712446351936,1.9273247496423465
4490,4.7475,4.88125,0.39562804005722463,1.9319027181688129
4491,4.7825,4.88,0.40231187410586555,1.9662374821173105
4492,4.7925,4.88,0.3995650929899857,1.9502145922746783
4493,4.8275,4.88125,0.40231187410586555,1.9662374821173105
4494,4.775,4.88125,0.3964520743919886,1.9341917024320459
4495,4.7725,4.8825,0.4024949928469242,1.9662374821173105
4496,4.7325,4.8825,0.3943462088698141,1.9250357653791133
4497,4.7975,4.88375,0.3997482117310444,1.9456366237482121
4498,4.7825,4.88125,0.40020600858369104,1.9547925608011447
4499,4.79,4.8825,0.39919885550786843,1.9502145922746783
4500,4.7775,4.88125,0.3981001430615165,1.9433476394849787
4501,4.78,4.88625,0.4003891273247497,1.9570815450643777
4502,4.7575,4.88,0.3964520743919886,1.9341917024320459
4503,4.8,4.88125,0.40002288984263235,1.9547925608011447
4504,4.7775,4.88,0.395170243204578,1.9273247496423465
4505,4.79,4.88125,0.39919885550786843,1.9502145922746783
4506,4.8075,4.88125,0.40066380543633767,1.9547925608011447
4507,4.7825,4.88125,0.39397997138769675,1.9250357653791133
4508,4.79,4.88125,0.39919885550786843,1.9502145922746783
4509,4.7725,4.88125,0.3977339055793992,1.9433476394849787
4510,4.7725,4.88375,0.39919885550786843,1.9502145922746783
4511,4.79,4.88125,0.39919885550786843,1.9502145922746783
4512,4.805,4.88125,0.4003891273247497,1.9547925608011447
4513,4.7675,4.88125,0.39892417739628044,1.9456366237482121
4514,4.7375,4.8825,0.3948040057224607,1.9273247496423465
4515,4.7975,4.88125,0.3997482117310444,1.9502145922746783
4516,4.7925,4.8825,0.39727610872675256,1.9387696709585123
4517,4.7725,4.88125,0.3977339055793992,1.9433476394849787
4518,4.795,4.8825,0.3995650929899857,1.9502145922746783
4519,4.75,4.88125,0.3964520743919886,1.9341917024320459
4520,4.7725,4.88,0.3977339055793992,1.9433476394849787
4521,4.77,4.88,0.3974592274678112,1.9387696709585123
4522,4.7775,4.88125,0.39837482117310447,1.9456366237482121
4523,4.76,4.88125,0.39663519313304724,1.9341917024320459
4524,4.7725,4.8825,0.3977339055793992,1.9433476394849787
4525,4.7875,4.88125,0.39727610872675256,1.9387696709585123
4526,4.79,4.8825,0.39562804005722463,1.9319027181688129
4527,4.775,4.88125,0.39791702432045783,1.9433476394849787
4528,4.7875,4.8825,0.3997482117310444,1.9502145922746783
4529,4.785,4.87875,0.40066380543633767,1.9547925608011447
4530,4.745,4.88,0.395444921316166,1.9319027181688129
4531,4.765,4.8825,0.3997482117310444,1.9502145922746783
4532,4.7825,4.87875,0.3985579399141631,1.9433476394849787
4533,4.7425,4.8825,0.395170243204578,1.9273247496423465
4534,4.8,4.88125,0.3981001430615165,1.9433476394849787
4535,4.795,4.88,0.3997482117310444,1.9502145922746783
4536,4.7875,4.88,0.39892417739628044,1.9456366237482121
4537,4.7325,4.8825,0.3964520743919886,1.9341917024320459
4538,4.795,4.8775,0.40103004291845495,1.9570815450643777
4539,4.7475,4.8825,0.39562804005722463,1.9319027181688129
4540,4.83,4.88125,0.39892417739628044,1.9456366237482121
4541,4.7575,4.8825,0.3964520743919886,1.9341917024320459
4542,4.7575,4.88125,0.3964520743919886,1.9341917024320459
4543,4.8175,4.88375,0.40148783977110164,1.9570815450643777
4544,4.77,4.88,0.4003891273247497,1.9547925608011447
4545,4.7475,4.88375,0.39562804005722463,1.9319027181688129
4546,4.7925,4.8825,0.3993819742489271,1.9502145922746783
4547,4.7575,4.88125,0.3985579399141631,1.9456366237482121
4548,4.7725,4.88,0.3977339055793992,1.9433476394849787
4549,4.82,4.8825,0.4016709585121603,1.9616595135908441
4550,4.795,4.885,0.39608583690987126,1.9341917024320459
4551,4.7725,4.8825,0.3977339055793992,1.9433476394849787
4552,4.7925,4.8825,0.3993819742489271,1.9502145922746783
4553,4.755,4.88375,0.39663519313304724,1.9387696709585123
4554,4.7925,4.88,0.3993819742489271,1.9502145922746783
4555,4.79,4.88375,0.39919885550786843,1.9502145922746783
4556,4.77,4.88375,0.39709298998569387,1.9387696709585123
4557,4.7725,4.88375,0.3977339055793992,1.9433476394849787
4558,4.79,4.88125,0.39919885550786843,1.9502145922746783
4559,4.815,4.8825,0.3993819742489271,1.9502145922746783
4560,4.7675,4.88125,0.39727610872675256,1.9387696709585123
4561,4.785,4.88375,0.3987410586552218,1.9456366237482121
4562,4.815,4.8825,0.395444921316166,1.9319027181688129
4563,4.7725,4.87875,0.3977339055793992,1.9387696709585123
4564,4.8075,4.8825,0.40066380543633767,1.9570815450643777
4565,4.81,4.8825,0.39709298998569387,1.9387696709585123
4566,4.78,4.88125,0.39837482117310447,1.9456366237482121
4567,4.8025,4.88125,0.40020600858369104,1.9547925608011447
4568,4.8225,4.88125,0.3977339055793992,1.9433476394849787
4569,4.85,4.8825,0.40148783977110164,1.9616595135908441
4570,4.7975,4.88375,0.3997482117310444,1.9547925608011447
4571,4.7925,4.8825,0.39727610872675256,1.9387696709585123
4572,4.7425,4.8825,0.3993819742489271,1.9502145922746783
4573,4.7775,4.8825,0.3981001430615165,1.9433476394849787
4574,4.77,4.88125,0.39727610872675256,1.9387696709585123
4575,4.775,4.88125,0.39727610872675256,1.9387696709585123
4576,4.7775,4.88125,0.3981001430615165,1.9433476394849787
4577,4.7875,4.88125,0.39791702432045783,1.9433476394849787
4578,4.83,4.88,0.39727610872675256,1.9387696709585123
4579,4.77,4.88375,0.3974592274678112,1.9433476394849787
4580,4.7825,4.8825,0.3987410586552218,1.9456366237482121
4581,4.775,4.8825,0.40002288984263235,1.9547925608011447
4582,4.77,4.8825,0.3974592274678112,1.9387696709585123
4583,4.7675,4.88,0.3977339055793992,1.9433476394849787
4584,4.7525,4.88375,0.39892417739628044,1.9456366237482121
4585,4.775,4.88125,0.39791702432045783,1.9433476394849787
4586,4.785,4.8825,0.3987410586552218,1.9456366237482121
4587,4.785,4.8825,0.3981001430615165,1.9433476394849787
4588,4.8,4.8825,0.40002288984263235,1.9547925608011447
4589,4.83,4.88125,0.4024949928469242,1.9662374821173105
4590,4.775,4.88125,0.3987410586552218,1.9456366237482121
4591,4.7925,4.8825,0.3993819742489271,1.9502145922746783
4592,4.78,4.88125,0.39837482117310447,1.9456366237482121
4593,4.8175,4.8825,0.3993819742489271,1.9502145922746783
4594,4.7975,4.8825,0.3997482117310444,1.9502145922746783
4595,4.8,4.88,0.40002288984263235,1.9547925608011447
4596,4.815,4.8825,0.39791702432045783,1.9433476394849787
4597,4.775,4.88,0.39791702432045783,1.9433476394849787
4598,4.7925,4.88,0.3993819742489271,1.9502145922746783
4599,4.7875,4.88375,0.39837482117310447,1.9456366237482121
4600,4.77,4.88,0.3974592274678112,1.9387696709585123
4601,4.7925,4.88125,0.3993819742489271,1.9502145922746783
4602,4.7475,4.88125,0.40002288984263235,1.9547925608011447
4603,4.745,4.885,0.395444921316166,1.9319027181688129
4604,4.7975,4.8825,0.3997482117310444,1.9502145922746783
4605,4.8175,4.88125,0.39837482117310447,1.9456366237482121
4606,4.75,4.88125,0.3958111587982833,1.9319027181688129
4607,4.755,4.8825,0.39626895565092995,1.9341917024320459
4608,4.7875,4.88,0.3964520743919886,1.9341917024320459
4609,4.7975,4.88125,0.3997482117310444,1.9502145922746783
4610,4.765,4.88125,0.39709298998569387,1.9387696709585123
4611,4.7475,4.88125,0.3974592274678112,1.9387696709585123
4612,4.7675,4.87875,0.39727610872675256,1.9387696709585123
4613,4.7825,4.8825,0.3985579399141631,1.9456366237482121
4614,4.7725,4.88375,0.3987410586552218,1.9456366237482121
4615,4.76,4.8825,0.3995650929899857,1.9502145922746783
4616,4.795,4.8825,0.3995650929899857,1.9502145922746783
4617,4.7825,4.88125,0.39663519313304724,1.9341917024320459
4618,4.7825,4.87875,0.39919885550786843,1.9456366237482121
4619,4.7975,4.88125,0.3997482117310444,1.9502145922746783
4620,4.765,4.88,0.3987410586552218,1.9456366237482121
4621,4.7675,4.88125,0.40066380543633767,1.9547925608011447
4622,4.7675,4.88125,0.39727610872675256,1.9387696709585123
4623,4.745,4.88125,0.3987410586552218,1.9456366237482121
4624,4.79,4.88,0.40148783977110164,1.9570815450643777
4625,4.8,4.88125,0.40002288984263235,1.9547925608011447
4626,4.8,4.88125,0.39727610872675256,1.9387696709585123
4627,4.7925,4.88,0.4029527896995709,1.9662374821173105
4628,4.7875,4.8825,0.39892417739628044,1.9456366237482121
4629,4.7975,4.88125,0.39791702432045783,1.9433476394849787
4630,4.7625,4.88125,0.39892417739628044,1.9456366237482121
4631,4.8025,4.8825,0.40020600858369104,1.9547925608011447
4632,4.79,4.8825,0.39919885550786843,1.9456366237482121
4633,4.775,4.88125,0.39837482117310447,1.9456366237482121
4634,4.7675,4.8825,0.39727610872675256,1.9387696709585123
4635,4.77,4.885,0.3974592274678112,1.9433476394849787
4636,4.7575,4.88375,0.3987410586552218,1.9456366237482121
4637,4.775,4.8825,0.39791702432045783,1.9433476394849787
4638,4.7875,4.8825,0.39892417739628044,1.9456366237482121
4639,4.775,4.88125,0.39709298998569387,1.9387696709585123
4640,4.8,4.8825,0.40002288984263235,1.9547925608011447
4641,4.795,4.8825,0.3995650929899857,1.9502145922746783
4642,4.8075,4.88,0.40002288984263235,1.9547925608011447
4643,4.775,4.87875,0.39791702432045783,1.9433476394849787
4644,4.8075,4.8825,0.40066380543633767,1.9570815450643777
4645,4.78,4.88125,0.39663519313304724,1.9341917024320459
4646,4.79,4.8825,0.39919885550786843,1.9502145922746783
4647,4.785,4.8825,0.3987410586552218,1.9456366237482121
4648,4.7675,4.88125,0.39791702432045783,1.9433476394849787
4649,4.7725,4.8825,0.3977339055793992,1.9433476394849787
4650,4.78,4.88,0.39837482117310447,1.9433476394849787
4651,4.785,4.88125,0.3981001430615165,1.9433476394849787
4652,4.7725,4.88375,0.3977339055793992,1.9433476394849787
4653,4.765,4.8825,0.39709298998569387,1.9387696709585123
4654,4.81,4.88125,0.39837482117310447,1.9456366237482121
4655,4.785,4.87875,0.3987410586552218,1.9456366237482121
4656,4.8,4.88125,0.40002288984263235,1.9547925608011447
4657,4.785,4.88125,0.3993819742489271,1.9502145922746783
4658,4.78,4.8825,0.39837482117310447,1.9456366237482121
4659,4.7775,4.8825,0.3981001430615165,1.9433476394849787
4660,4.78,4.88,0.40002288984263235,1.9547925608011447
4661,4.7725,4.8825,0.39919885550786843,1.9502145922746783
4662,4.7875,4.88125,0.39892417739628044,1.9456366237482121
4663,4.8,4.8825,0.39892417739628044,1.9456366237482121
4664,4.785,4.88125,0.3974592274678112,1.9387696709585123
4665,4.79,4.88,0.39919885550786843,1.9456366237482121
4666,4.7775,4.88125,0.3995650929899857,1.9502145922746783
4667,4.795,4.88125,0.3993819742489271,1.9502145922746783
4668,4.775,4.88,0.39791702432045783,1.9433476394849787
4669,4.8025,4.88125,0.3995650929899857,1.9502145922746783
4670,4.8,4.88125,0.3993819742489271,1.9502145922746783
4671,4.7925,4.88125,0.3993819742489271,1.9502145922746783
4672,4.79,4.88,0.40020600858369104,1.9547925608011447
4673,4.7825,4.88125,0.39837482117310447,1.9456366237482121
4674,4.7525,4.88375,0.39608583690987126,1.9341917024320459
4675,4.7875,4.88125,0.39837482117310447,1.9456366237482121
4676,4.7675,4.88125,0.3985579399141631,1.9456366237482121
4677,4.765,4.8825,0.39709298998569387,1.9387696709585123
4678,4.8075,4.88125,0.40066380543633767,1.9547925608011447
4679,4.785,4.88125,0.3985579399141631,1.9456366237482121
4680,4.7825,4.8825,0.3985579399141631,1.9456366237482121
4681,4.8,4.8825,0.40002288984263235,1.9547925608011447
4682,4.785,4.88125,0.3987410586552218,1.9456366237482121
4683,4.7825,4.88125,0.3985579399141631,1.9456366237482121
4684,4.77,4.8825,0.3974592274678112,1.9387696709585123
4685,4.79,4.88125,0.39919885550786843,1.9502145922746783
4686,4.78,4.88125,0.39837482117310447,1.9456366237482121
4687,4.7925,4.8825,0.3993819742489271,1.9502145922746783
4688,4.765,4.8825,0.39892417739628044,1.9456366237482121
4689,4.78,4.88125,0.39837482117310447,1.9456366237482121
4690,4.7825,4.88125,0.3985579399141631,1.9456366237482121
4691,4.78,4.8825,0.3981001430615165,1.9433476394849787
4692,4.7825,4.88375,0.3985579399141631,1.9456366237482121
4693,4.785,4.88125,0.3987410586552218,1.9456366237482121
4694,4.7875,4.88,0.39919885550786843,1.9456366237482121
4695,4.7925,4.8825,0.3993819742489271,1.9502145922746783
4696,4.78,4.88125,0.39837482117310447,1.9456366237482121
4697,4.7975,4.88,0.3987410586552218,1.9456366237482121
4698,4.8,4.87875,0.40002288984263235,1.9502145922746783
4699,4.7775,4.8825,0.3981001430615165,1.9433476394849787
4700,4.7875,4.88,0.3993819742489271,1.9502145922746783
4701,4.775,4.88125,0.39791702432045783,1.9433476394849787
4702,4.79,4.8825,0.39919885550786843,1.9502145922746783
4703,4.7625,4.88125,0.40002288984263235,1.9547925608011447
4704,4.815,4.88125,0.3974592274678112,1.9387696709585123
4705,4.775,4.88,0.39791702432045783,1.9433476394849787
4706,4.785,4.8825,0.3977339055793992,1.9433476394849787
4707,4.795,4.88,0.39892417739628044,1.9456366237482121
4708,4.7775,4.8825,0.3981001430615165,1.9433476394849787
4709,4.77,4.8825,0.39837482117310447,1.9456366237482121
4710,4.7975,4.8825,0.39791702432045783,1.9433476394849787
4711,4.78,4.8825,0.39837482117310447,1.9456366237482121
4712,4.7675,4.8825,0.3977339055793992,1.9433476394849787
4713,4.7625,4.88,0.39919885550786843,1.9456366237482121
4714,4.7775,4.8825,0.3981001430615165,1.9433476394849787
4715,4.775,4.8825,0.39837482117310447,1.9456366237482121
4716,4.7775,4.88125,0.3993819742489271,1.9502145922746783
4717,4.7925,4.8825,0.3993819742489271,1.9502145922746783
4718,4.79,4.88,0.39837482117310447,1.9433476394849787
4719,4.805,4.8825,0.3981001430615165,1.9433476394849787
4720,4.78,4.8825,0.39837482117310447,1.9456366237482121
4721,4.79,4.88,0.39919885550786843,1.9456366237482121
4722,4.78,4.8825,0.3995650929899857,1.9502145922746783
4723,4.7775,4.88125,0.3981001430615165,1.9433476394849787
4724,4.775,4.8825,0.39791702432045783,1.9433476394849787
4725,4.78,4.8825,0.3985579399141631,1.9456366237482121
4726,4.7725,4.8825,0.3977339055793992,1.9433476394849787
4727,4.77,4.88,0.3974592274678112,1.9387696709585123
4728,4.7775,4.8825,0.39837482117310447,1.9456366237482121
4729,4.775,4.8825,0.39791702432045783,1.9433476394849787
4730,4.775,4.88,0.39791702432045783,1.9433476394849787
4731,4.7675,4.88125,0.39892417739628044,1.9456366237482121
4732,4.7925,4.88125,0.3993819742489271,1.9502145922746783
4733,4.775,4.8825,0.39791702432045783,1.9433476394849787
4734,4.7825,4.8825,0.3987410586552218,1.9456366237482121
4735,4.785,4.8825,0.3987410586552218,1.9456366237482121
4736,4.7725,4.88375,0.3977339055793992,1.9433476394849787
4737,4.775,4.88125,0.3987410586552218,1.9456366237482121
4738,4.7825,4.88375,0.3985579399141631,1.9456366237482121
4739,4.78,4.88,0.39837482117310447,1.9433476394849787
4740,4.7825,4.88,0.3981001430615165,1.9433476394849787
4741,4.7825,4.88125,0.3985579399141631,1.9456366237482121
4742,4.7825,4.88125,0.3985579399141631,1.9456366237482121
4743,4.7675,4.88125,0.39919885550786843,1.9502145922746783
4744,4.7975,4.88125,0.3997482117310444,1.9502145922746783
4745,4.7875,4.88125,0.39892417739628044,1.9456366237482121
4746,4.7875,4.88125,0.39892417739628044,1.9456366237482121
4747,4.7975,4.88125,0.3997482117310444,1.9502145922746783
4748,4.78,4.8825,0.39837482117310447,1.9456366237482121
4749,4.7925,4.8825,0.39919885550786843,1.9502145922746783
4750,4.78,4.88125,0.40020600858369104,1.9547925608011447
4751,4.79,4.88125,0.39919885550786843,1.9502145922746783
4752,4.7775,4.8825,0.3995650929899857,1.9502145922746783
4753,4.8075,4.88125,0.39919885550786843,1.9502145922746783
4754,4.775,4.88125,0.39791702432045783,1.9433476394849787
4755,4.7675,4.8825,0.39791702432045783,1.9433476394849787
4756,4.79,4.8825,0.3981001430615165,1.9433476394849787
4757,4.785,4.88125,0.3987410586552218,1.9456366237482121
4758,4.7725,4.8825,0.39837482117310447,1.9456366237482121
4759,4.79,4.8825,0.3987410586552218,1.9456366237482121
4760,4.775,4.8825,0.39791702432045783,1.9433476394849787
4761,4.775,4.88,0.3985579399141631,1.9456366237482121
4762,4.785,4.8825,0.39919885550786843,1.9502145922746783
4763,4.7875,4.88,0.39892417739628044,1.9456366237482121
4764,4.7725,4.88125,0.3993819742489271,1.9502145922746783
4765,4.79,4.88125,0.39837482117310447,1.9456366237482121
4766,4.8,4.88,0.40002288984263235,1.9547925608011447
4767,4.7875,4.88125,0.39892417739628044,1.9456366237482121
4768,4.775,4.8825,0.39919885550786843,1.9502145922746783
4769,4.795,4.88125,0.3995650929899857,1.9502145922746783
4770,4.79,4.88125,0.39919885550786843,1.9502145922746783
4771,4.765,4.88125,0.40002288984263235,1.9547925608011447
4772,4.795,4.88125,0.3995650929899857,1.9502145922746783
4773,4.79,4.88,0.39919885550786843,1.9456366237482121
4774,4.77,4.8825,0.3987410586552218,1.9456366237482121
4775,4.775,4.88125,0.39791702432045783,1.9433476394849787
4776,4.77,4.8825,0.3974592274678112,1.9387696709585123
4777,4.7875,4.88125,0.3987410586552218,1.9456366237482121
4778,4.79,4.88125,0.39919885550786843,1.9502145922746783
4779,4.78,4.8825,0.39837482117310447,1.9456366237482121
4780,4.7825,4.8825,0.3985579399141631,1.9456366237482121
4781,4.7825,4.88,0.3985579399141631,1.9456366237482121
4782,4.7725,4.8825,0.3977339055793992,1.9433476394849787
4783,4.775,4.88,0.3995650929899857,1.9502145922746783
4784,4.7825,4.88125,0.3985579399141631,1.9456366237482121
4785,4.7675,4.88125,0.39727610872675256,1.9387696709585123
4786,4.76,4.8825,0.3993819742489271,1.9502145922746783
4787,4.785,4.88125,0.3987410586552218,1.9456366237482121
4788,4.7875,4.88,0.39892417739628044,1.9456366237482121
4789,4.76,4.88125,0.3993819742489271,1.9502145922746783
4790,4.78,4.88125,0.39837482117310447,1.9456366237482121
4791,4.79,4.8825,0.39919885550786843,1.9502145922746783
4792,4.785,4.8825,0.3995650929899857,1.9502145922746783
4793,4.7925,4.88125,0.3993819742489271,1.9502145922746783
4794,4.785,4.8825,0.3987410586552218,1.9456366237482121
4795,4.7875,4.8825,0.3985579399141631,1.9456366237482121
4796,4.7775,4.88125,0.39837482117310447,1.9456366237482121
4797,4.7725,4.88125,0.3977339055793992,1.9433476394849787
4798,4.7925,4.88125,0.3981001430615165,1.9433476394849787
4799,4.8075,4.88125,0.3987410586552218,1.9456366237482121
4800,4.795,4.88375,0.3995650929899857,1.9502145922746783
4801,4.78,4.88125,0.3981001430615165,1.9433476394849787
4802,4.755,4.8825,0.3987410586552218,1.9456366237482121
4803,4.775,4.88,0.39791702432045783,1.9433476394849787
4804,4.7825,4.8825,0.3987410586552218,1.9456366237482121
4805,4.7775,4.8825,0.3987410586552218,1.9456366237482121
4806,4.79,4.88125,0.39919885550786843,1.9502145922746783
4807,4.775,4.88125,0.39791702432045783,1.9433476394849787
4808,4.8125,4.88125,0.3985579399141631,1.9456366237482121
4809,4.7725,4.88125,0.3977339055793992,1.9433476394849787
4810,4.7625,4.88375,0.39892417739628044,1.9456366237482121
4811,4.755,4.88125,0.39791702432045783,1.9433476394849787
4812,4.775,4.88125,0.39791702432045783,1.9433476394849787
4813,4.7925,4.8825,0.3993819742489271,1.9502145922746783
4814,4.8,4.88125,0.39791702432045783,1.9433476394849787
4815,4.775,4.88125,0.39791702432045783,1.9433476394849787
4816,4.795,4.88125,0.3995650929899857,1.9502145922746783
4817,4.7725,4.88125,0.3974592274678112,1.9387696709585123
4818,4.7975,4.8825,0.3997482117310444,1.9502145922746783
4819,4.78,4.88125,0.39837482117310447,1.9456366237482121
4820,4.775,4.88125,0.3987410586552218,1.9456366237482121
4821,4.79,4.8825,0.39919885550786843,1.9502145922746783
4822,4.775,4.8825,0.39791702432045783,1.9433476394849787
4823,4.7975,4.88125,0.3993819742489271,1.9502145922746783
4824,4.785,4.88125,0.3987410586552218,1.9456366237482121
4825,4.7825,4.8825,0.3985579399141631,1.9456366237482121
4826,4.775,4.8825,0.3993819742489271,1.9502145922746783
4827,4.79,4.8825,0.39919885550786843,1.9502145922746783
4828,4.76,4.88125,0.39663519313304724,1.9341917024320459
4829,4.795,4.8825,0.39892417739628044,1.9456366237482121
4830,4.7825,4.8825,0.3985579399141631,1.9456366237482121
4831,4.775,4.88125,0.39791702432045783,1.9433476394849787
4832,4.805,4.8825,0.3985579399141631,1.9456366237482121
4833,4.7775,4.8825,0.3981001430615165,1.9433476394849787
4834,4.7875,4.88125,0.39892417739628044,1.9456366237482121
4835,4.7625,4.88,0.39892417739628044,1.9456366237482121
4836,4.785,4.88125,0.3987410586552218,1.9456366237482121
4837,4.79,4.8825,0.39919885550786843,1.9502145922746783
4838,4.7525,4.8825,0.3995650929899857,1.9502145922746783
4839,4.775,4.88,0.39791702432045783,1.9433476394849787
4840,4.77,4.8825,0.3974592274678112,1.9387696709585123
4841,4.785,4.88125,0.3987410586552218,1.9456366237482121
4842,4.795,4.8825,0.39791702432045783,1.9433476394849787
4843,4.7725,4.8825,0.3977339055793992,1.9433476394849787
4844,4.795,4.88,0.3987410586552218,1.9456366237482121
4845,4.7925,4.88125,0.39919885550786843,1.9502145922746783
4846,4.78,4.88,0.39837482117310447,1.9433476394849787
4847,4.785,4.88,0.3985579399141631,1.9456366237482121
4848,4.78,4.88,0.3985579399141631,1.9456366237482121
4849,4.7775,4.88,0.3981001430615165,1.9433476394849787
4850,4.76,4.88125,0.39919885550786843,1.9502145922746783
4851,4.795,4.8825,0.39892417739628044,1.9456366237482121
4852,4.7825,4.8825,0.3985579399141631,1.9456366237482121
4853,4.7925,4.8825,0.3981001430615165,1.9433476394849787
4854,4.775,4.88125,0.39892417739628044,1.9456366237482121
4855,4.7875,4.8825,0.39892417739628044,1.9456366237482121
4856,4.8075,4.88125,0.40066380543633767,1.9456366237482121
4857,4.7775,4.8825,0.4003891273247497,1.9547925608011447
4858,4.77,4.8825,0.3974592274678112,1.9387696709585123
4859,4.7675,4.885,0.39727610872675256,1.9387696709585123
4860,4.765,4.88125,0.39919885550786843,1.9502145922746783
4861,4.78,4.88,0.39837482117310447,1.9433476394849787
4862,4.8,4.88375,0.40002288984263235,1.9547925608011447
4863,4.78,4.88375,0.3987410586552218,1.9456366237482121
4864,4.76,4.8825,0.39663519313304724,1.9341917024320459
4865,4.7775,4.8825,0.3981001430615165,1.9433476394849787
4866,4.7775,4.8825,0.39919885550786843,1.9502145922746783
4867,4.77,4.8825,0.3974592274678112,1.9387696709585123
4868,4.7925,4.8825,0.3993819742489271,1.9502145922746783
4869,4.77,4.88125,0.3987410586552218,1.9456366237482121
4870,4.775,4.88125,0.39791702432045783,1.9433476394849787
4871,4.7875,4.88,0.39892417739628044,1.9456366237482121
4872,4.7875,4.8825,0.3981001430615165,1.9433476394849787
4873,4.7675,4.8825,0.39727610872675256,1.9387696709585123
4874,4.795,4.8825,0.3995650929899857,1.9502145922746783
4875,4.8,4.88125,0.39892417739628044,1.9456366237482121
4876,4.7875,4.8825,0.39892417739628044,1.9456366237482121
4877,4.755,4.88125,0.39626895565092995,1.9341917024320459
4878,4.795,4.88125,0.3993819742489271,1.9502145922746783
4879,4.7725,4.8825,0.3977339055793992,1.9433476394849787
4880,4.78,4.88125,0.39837482117310447,1.9456366237482121
4881,4.785,4.88125,0.3995650929899857,1.9502145922746783
4882,4.7825,4.8825,0.3985579399141631,1.9456366237482121
4883,4.8,4.8825,0.40002288984263235,1.9547925608011447
4884,4.7875,4.88,0.39837482117310447,1.9433476394849787
4885,4.785,4.88,0.3985579399141631,1.9456366237482121
4886,4.7675,4.8825,0.39727610872675256,1.9387696709585123
4887,4.785,4.8825,0.39837482117310447,1.9456366237482121
4888,4.7775,4.88125,0.3985579399141631,1.9456366237482121
4889,4.8025,4.88125,0.40020600858369104,1.9547925608011447
4890,4.78,4.88125,0.39892417739628044,1.9456366237482121
4891,4.78,4.8825,0.3987410586552218,1.9456366237482121
4892,4.765,4.88125,0.39709298998569387,1.9387696709585123
4893,4.7925,4.8825,0.39919885550786843,1.9502145922746783
4894,4.825,4.8825,0.3981001430615165,1.9433476394849787
4895,4.7925,4.8825,0.3993819742489271,1.9502145922746783
4896,4.7825,4.8825,0.39791702432045783,1.9433476394849787
4897,4.81,4.8825,0.3981001430615165,1.9433476394849787
4898,4.8025,4.88375,0.40020600858369104,1.9547925608011447
4899,4.8175,4.8825,0.3985579399141631,1.9456366237482121
4900,4.7825,4.8825,0.39837482117310447,1.9456366237482121
4901,4.7675,4.8825,0.39727610872675256,1.9387696709585123
4902,4.7825,4.8825,0.3985579399141631,1.9456366237482121
4903,4.805,4.8825,0.3981001430615165,1.9433476394849787
4904,4.7925,4.88125,0.3993819742489271,1.9502145922746783
4905,4.7925,4.88,0.3993819742489271,1.9502145922746783
4906,4.785,4.8825,0.39892417739628044,1.9456366237482121
4907,4.7925,4.88125,0.3993819742489271,1.9502145922746783
4908,4.785,4.88375,0.3987410586552218,1.9456366237482121
4909,4.8175,4.885,0.3987410586552218,1.9456366237482121
4910,4.775,4.88125,0.39791702432045783,1.9433476394849787
4911,4.7675,4.88125,0.39727610872675256,1.9387696709585123
4912,4.77,4.8825,0.39892417739628044,1.9456366237482121
4913,4.7875,4.8825,0.39892417739628044,1.9456366237482121
4914,4.795,4.8825,0.3995650929899857,1.9502145922746783
4915,4.7925,4.8825,0.3977339055793992,1.9433476394849787
4916,4.765,4.88125,0.39709298998569387,1.9387696709585123
4917,4.7725,4.88,0.3977339055793992,1.9433476394849787
4918,4.75,4.8825,0.3981001430615165,1.9433476394849787
4919,4.7725,4.88125,0.3977339055793992,1.9433476394849787
4920,4.8075,4.88125,0.40066380543633767,1.9547925608011447
4921,4.7925,4.8825,0.3987410586552218,1.9456366237482121
4922,4.785,4.88,0.3987410586552218,1.9456366237482121
4923,4.7725,4.88125,0.3977339055793992,1.9433476394849787
4924,4.7875,4.8825,0.39892417739628044,1.9456366237482121
4925,4.7525,4.88,0.39608583690987126,1.9319027181688129
4926,4.8,4.8825,0.40002288984263235,1.9547925608011447
4927,4.7925,4.87875,0.3981001430615165,1.9433476394849787
4928,4.785,4.88,0.3987410586552218,1.9456366237482121
4929,4.7925,4.88,0.3993819742489271,1.9502145922746783
4930,4.7875,4.88125,0.3993819742489271,1.9502145922746783
4931,4.7825,4.8825,0.40002288984263235,1.9547925608011447
4932,4.79,4.8825,0.39919885550786843,1.9502145922746783
4933,4.7925,4.88125,0.40002288984263235,1.9547925608011447
4934,4.7425,4.8825,0.3997482117310444,1.9502145922746783
4935,4.775,4.88125,0.39791702432045783,1.9433476394849787
4936,4.795,4.88125,0.3985579399141631,1.9456366237482121
4937,4.755,4.8825,0.39727610872675256,1.9387696709585123
4938,4.785,4.88125,0.3987410586552218,1.9456366237482121
4939,4.8025,4.8825,0.39837482117310447,1.9456366237482121
4940,4.7825,4.8825,0.39837482117310447,1.9456366237482121
4941,4.755,4.88125,0.39626895565092995,1.9341917024320459
4942,4.76,4.88125,0.3987410586552218,1.9456366237482121
4943,4.8125,4.8825,0.39919885550786843,1.9502145922746783
4944,4.7575,4.8825,0.3964520743919886,1.9341917024320459
4945,4.76,4.88125,0.39663519313304724,1.9502145922746783
4946,4.79,4.88125,0.39892417739628044,1.9456366237482121
4947,4.8125,4.8825,0.40103004291845495,1.9570815450643777
4948,4.7725,4.8825,0.3977339055793992,1.9433476394849787
4949,4.7875,4.88375,0.3981001430615165,1.9433476394849787
4950,4.7875,4.885,0.39892417739628044,1.9502145922746783
4951,4.795,4.88375,0.3995650929899857,1.9502145922746783
4952,4.795,4.88125,0.3977339055793992,1.9433476394849787
4953,4.785,4.8825,0.3987410586552218,1.9456366237482121
4954,4.8,4.88,0.40002288984263235,1.9547925608011447
4955,4.795,4.88125,0.39791702432045783,1.9433476394849787
4956,4.7625,4.88125,0.3969098712446352,1.9387696709585123
4957,4.815,4.88,0.40121316165951365,1.9570815450643777
4958,4.8,4.88125,0.39837482117310447,1.9456366237482121
4959,4.7775,4.88125,0.3981001430615165,1.9433476394849787
4960,4.795,4.88125,0.3995650929899857,1.9502145922746783
4961,4.7825,4.8825,0.39727610872675256,1.9387696709585123
4962,4.78,4.88125,0.39837482117310447,1.9456366237482121
4963,4.79,4.8825,0.39919885550786843,1.9502145922746783
4964,4.785,4.88125,0.39919885550786843,1.9502145922746783
4965,4.7725,4.88,0.3977339055793992,1.9433476394849787
4966,4.7825,4.8825,0.3985579399141631,1.9456366237482121
4967,4.7925,4.88125,0.3987410586552218,1.9456366237482121
4968,4.8,4.8825,0.40002288984263235,1.9547925608011447
4969,4.8175,4.88,0.40148783977110164,1.9570815450643777
4970,4.7825,4.8825,0.39919885550786843,1.9502145922746783
4971,4.785,4.8825,0.3987410586552218,1.9456366237482121
4972,4.8025,4.88125,0.40020600858369104,1.9547925608011447
4973,4.7875,4.88,0.3993819742489271,1.9502145922746783
4974,4.7675,4.88125,0.3977339055793992,1.9433476394849787
4975,4.775,4.88,0.39791702432045783,1.9433476394849787
4976,4.7825,4.88125,0.39919885550786843,1.9502145922746783
4977,4.7675,4.88375,0.3969098712446352,1.9387696709585123
4978,4.7575,4.88125,0.3964520743919886,1.9341917024320459
4979,4.7725,4.88375,0.3997482117310444,1.9547925608011447
4980,4.7525,4.88125,0.39727610872675256,1.9387696709585123
4981,4.765,4.88125,0.39709298998569387,1.9387696709585123
4982,4.79,4.8825,0.3997482117310444,1.9502145922746783
4983,4.75,4.88375,0.3993819742489271,1.9502145922746783
4984,4.7825,4.88,0.3985579399141631,1.9456366237482121
4985,4.7775,4.885,0.39791702432045783,1.9433476394849787
4986,4.78,4.88125,0.4003891273247497,1.9547925608011447
4987,4.79,4.8825,0.39919885550786843,1.9502145922746783
4988,4.8,4.8825,0.3985579399141631,1.9456366237482121
4989,4.8075,4.88125,0.39727610872675256,1.9387696709585123
4990,4.78,4.8825,0.39837482117310447,1.9456366237482121
4991,4.8025,4.88125,0.40020600858369104,1.9456366237482121
4992,4.785,4.8825,0.3995650929899857,1.9502145922746783
4993,4.7975,4.88375,0.3997482117310444,1.9547925608011447
4994,4.7775,4.8825,0.3981001430615165,1.9433476394849787
4995,4.7575,4.8825,0.39837482117310447,1.9456366237482121
4996,4.785,4.8825,0.3987410586552218,1.9456366237482121
4997,4.79,4.8825,0.39919885550786843,1.9502145922746783
4998,4.785,4.88125,0.3977339055793992,1.9433476394849787
4999,4.805,4.8825,0.4003891273247497,1.9547925608011447
5000,4.7725,4.885,0.3977339055793992,1.9433476394849787
5001,4.8025,4.8825,0.3981001430615165,1.9433476394849787
5002,4.76,4.8825,0.39663519313304724,1.9341917024320459
5003,4.765,4.88125,0.39709298998569387,1.9387696709585123
5004,4.775,4.88125,0.3985579399141631,1.9456366237482121
5005,4.7875,4.8825,0.39892417739628044,1.9456366237482121
5006,4.7875,4.88,0.39892417739628044,1.9456366237482121
5007,4.7925,4.88375,0.3977339055793992,1.9433476394849787
5008,4.79,4.8825,0.39919885550786843,1.9502145922746783
5009,4.785,4.88,0.3987410586552218,1.9456366237482121
5010,4.785,4.8825,0.3981001430615165,1.9433476394849787
5011,4.79,4.88125,0.39919885550786843,1.9502145922746783
5012,4.775,4.88375,0.39791702432045783,1.9433476394849787
5013,4.7625,4.8825,0.39791702432045783,1.9433476394849787
5014,4.79,4.88125,0.39919885550786843,1.9502145922746783
5015,4.8025,4.88125,0.40020600858369104,1.9547925608011447
5016,4.8075,4.88,0.39837482117310447,1.9433476394849787
5017,4.7725,4.8825,0.3977339055793992,1.9433476394849787
5018,4.7925,4.88375,0.3993819742489271,1.9502145922746783
5019,4.8025,4.88125,0.39892417739628044,1.9456366237482121
5020,4.775,4.8825,0.3987410586552218,1.9456366237482121
5021,4.7725,4.88125,0.3977339055793992,1.9433476394849787
5022,4.7875,4.8825,0.3997482117310444,1.9502145922746783
5023,4.785,4.88125,0.4008469241773963,1.9570815450643777
5024,4.7825,4.88125,0.3985579399141631,1.9456366237482121
5025,4.7675,4.88125,0.39892417739628044,1.9456366237482121
5026,4.78,4.88125,0.3969098712446352,1.9387696709585123
5027,4.78,4.8825,0.39837482117310447,1.9456366237482121
5028,4.7725,4.88125,0.39892417739628044,1.9456366237482121
5029,4.82,4.8825,0.39837482117310447,1.9456366237482121
5030,4.7725,4.88125,0.3977339055793992,1.9433476394849787
5031,4.7725,4.8825,0.39892417739628044,1.9456366237482121
5032,4.7825,4.88125,0.3995650929899857,1.9502145922746783
5033,4.765,4.88375,0.39709298998569387,1.9387696709585123
5034,4.8,4.88125,0.39837482117310447,1.9456366237482121
5035,4.79,4.88125,0.39892417739628044,1.9456366237482121
5036,4.7725,4.88375,0.3977339055793992,1.9433476394849787
5037,4.7975,4.8825,0.3997482117310444,1.9502145922746783
5038,4.7975,4.88125,0.39791702432045783,1.9433476394849787
5039,4.8125,4.8825,0.40103004291845495,1.9570815450643777
5040,4.77,4.88,0.3974592274678112,1.9387696709585123
5041,4.79,4.88375,0.3974592274678112,1.9433476394849787
5042,4.8225,4.88375,0.4018540772532189,1.9616595135908441
5043,4.785,4.88125,0.3987410586552218,1.9456366237482121
5044,4.795,4.88125,0.39791702432045783,1.9433476394849787
5045,4.795,4.8825,0.3995650929899857,1.9502145922746783
5046,4.7825,4.88125,0.3985579399141631,1.9456366237482121
5047,4.7975,4.88125,0.3985579399141631,1.9456366237482121
5048,4.7925,4.88,0.3993819742489271,1.9502145922746783
5049,4.75,4.88125,0.3958111587982833,1.9319027181688129
5050,4.7825,4.88125,0.3981001430615165,1.9433476394849787
5051,4.805,4.88125,0.4003891273247497,1.9547925608011447
5052,4.8075,4.87875,0.40066380543633767,1.9547925608011447
5053,4.7825,4.88,0.39892417739628044,1.9456366237482121
5054,4.78,4.8825,0.39837482117310447,1.9456366237482121
5055,4.7825,4.88,0.3985579399141631,1.9456366237482121
5056,4.79,4.87875,0.40020600858369104,1.9547925608011447
5057,4.7825,4.88,0.3985579399141631,1.9456366237482121
5058,4.78,4.88125,0.39837482117310447,1.9456366237482121
5059,4.795,4.8825,0.39919885550786843,1.9502145922746783
5060,4.7825,4.88,0.3985579399141631,1.9456366237482121
5061,4.7625,4.8825,0.3969098712446352,1.9387696709585123
5062,2.345,5.06875,0.18211158798283264,0.9224606580829757
5063,2.605,5.03875,0.23420886981402006,1.1811158798283263
5064,1.93,5.08125,0.16086981402002862,0.817167381974249
5065,2.0275,5.105,0.1716738197424893,0.876680972818312
5066,2.1625,5.1,0.16187696709585123,0.8240343347639486
5067,2.0125,5.09875,0.1677367668097282,0.8560801144492132
5068,1.8475,5.0975,0.16398283261802576,0.8354792560801145
5069,1.7775,5.09875,0.15629184549356226,0.7942775393419171
5070,1.9475,5.08375,0.16233476394849788,0.8240343347639486
5071,1.92,5.095,0.17808297567954223,0.9064377682403434
5072,1.975,5.095,0.1706666666666667,0.8698140200286124
5073,1.8675,5.10875,0.15565092989985696,0.7942775393419171
5074,1.5175,5.125,0.14210014306151647,0.7278969957081546
5075,1.8875,5.05125,0.3404177396280401,1.7213161659513594
5076,1.58,5.14375,0.13166237482117313,0.6798283261802576
5077,1.605,5.11125,0.13083834048640916,0.6683834048640916
5078,1.525,5.13125,0.13642346208869816,0.7004291845493563
5079,1.62,5.135,0.13495851216022892,0.6935622317596567
5080,1.51,5.1325,0.12580257510729614,0.6226037195994278
5081,0.9225,5.1675,0.07462088698140201,0.3868383404864092
5082,0.9875,5.18875,0.08231187410586553,0.4280400572246066
5083,0.9975,5.1675,0.08313590844062949,0.43032904148783985
5084,0.85,5.185,0.08167095851216023,0.4234620886981402
5085,1.095,5.18375,0.09128469241773964,0.4715307582260372
5086,1.0025,5.18375,0.0835021459227468,0.43032904148783985
5087,0.9625,5.16625,0.0666552217453505,0.34563662374821175
5088,0.87,5.1825,0.07251502145922747,0.37539341917024327
5089,1.02,5.17,0.08496709585121603,0.4394849785407726
5090,0.965,5.165,0.08167095851216023,0.421173104434907
5091,0.86,5.1575,0.07169098712446352,0.37081545064377686
5092,1.0425,5.17125,0.08688984263233192,0.45092989985693854
5093,0.8975,5.17875,0.08835479256080116,0.4577968526466381
5094,0.8675,5.15625,0.07233190271816882,0.37081545064377686
5095,0.9875,5.1925,0.08231187410586553,0.4280400572246066
5096,0.8475,5.1775,0.08542489270386266,0.44177396280400577
5097,1.2225,5.18125,0.10190557939914165,0.528755364806867
5098,0.855,5.1575,0.07123319027181689,0.36852646638054365
5099,0.8375,5.18,0.0812131616595136,0.421173104434907
5100,0.9575,5.17875,0.07974821173104436,0.4120171673819743
5101,0.9425,5.17625,0.0785579399141631,0.40515021459227474
5102,0.96,5.16125,0.07416309012875537,0.38226037195994284
5103,0.8375,5.1625,0.06976824034334765,0.35937052932761093
5104,0.8425,5.16125,0.07022603719599428,0.3639484978540773
5105,1.065,5.15625,0.07544492131616595,0.3891273247496424
5106,0.855,5.16375,0.07123319027181689,0.36852646638054365
5107,1.035,5.16875,0.08624892703862662,0.44635193133047213
5108,0.9625,5.1725,0.09540486409155938,0.49442060085836914
5109,1.08,5.16125,0.07169098712446352,0.37081545064377686
5110,0.9925,5.18625,0.08267811158798284,0.4280400572246066
5111,0.9175,5.17625,0.07169098712446352,0.37081545064377686
5112,0.8525,5.18625,0.07333905579399143,0.3776824034334764
5113,0.9625,5.18875,0.080206008583691,0.41659513590844066
5114,1.025,5.16,0.07810014306151646,0.4005722460658083
5115,1.0475,5.16,0.06857796852646639,0.35250357653791137
5116,0.815,5.16875,0.06793705293276109,0.35250357653791137
5117,0.8025,5.1875,0.08579113018597997,0.44635193133047213
5118,0.93,5.16375,0.08313590844062949,0.4280400572246066
5119,0.9825,5.1775,0.08185407725321889,0.4234620886981402
5120,0.9725,5.17,0.08835479256080116,0.4577968526466381
5121,1.1075,5.1525,0.07892417739628041,0.40515021459227474
5122,1.0025,5.18625,0.0835021459227468,0.43032904148783985
5123,0.9675,5.1725,0.07352217453505008,0.3776824034334764
5124,0.9575,5.16875,0.08560801144492132,0.44177396280400577
5125,0.9675,5.1925,0.08066380543633764,0.421173104434907
5126,1.0325,5.15875,0.08606580829756796,0.44635193133047213
5127,0.915,5.17625,0.06940200286123034,0.35937052932761093
5128,0.8075,5.1725,0.0672961373390558,0.34792560801144495
5129,0.795,5.17125,0.0662889842632332,0.3410586552217454
5130,0.845,5.1775,0.08524177396280401,0.44177396280400577
5131,1.0325,5.17375,0.08606580829756796,0.44635193133047213
5132,0.9,5.16375,0.07498712446351932,0.3868383404864092
5133,0.8125,5.19125,0.08066380543633764,0.421173104434907
5134,1.005,5.19,0.08377682403433477,0.4349070100143062
5135,0.8625,5.16125,0.07187410586552218,0.37081545064377686
5136,1.0675,5.15375,0.080206008583691,0.4120171673819743
5137,1.015,5.18625,0.08460085836909872,0.4394849785407726
5138,0.895,5.15625,0.07462088698140201,0.3868383404864092
5139,1.0475,5.15375,0.07251502145922747,0.37539341917024327
5140,0.9675,5.1925,0.08066380543633764,0.421173104434907
5141,0.935,5.18625,0.0779170243204578,0.40515021459227474
5142,0.9275,5.1675,0.07745922746781117,0.4005722460658083
5143,0.915,5.16875,0.0762689556509299,0.3937052932761088
5144,0.845,5.16,0.07040915593705294,0.3639484978540773
5145,0.82,5.19125,0.0785579399141631,0.4097281831187411
5146,1.05,5.18625,0.0875307582260372,0.4532188841201717
5147,1.1925,5.1575,0.09934191702432046,0.5127324749642347
5148,0.9475,5.165,0.08103004291845495,0.421173104434907
5149,0.8,5.16375,0.0666552217453505,0.34563662374821175
5150,1.0075,5.185,0.08395994277539343,0.4349070100143062
5151,1.025,5.16375,0.07581115879828328,0.3891273247496424
5152,1.055,5.17875,0.08789699570815451,0.4532188841201717
5153,0.8575,5.1575,0.07141630901287555,0.36852646638054365
5154,1.03,5.15875,0.07645207439198856,0.3937052932761088
5155,1.2975,5.15125,0.11939341917024322,0.6157367668097282
5156,0.955,5.17,0.07956509298998571,0.4120171673819743
5157,1.015,5.16625,0.07462088698140201,0.3868383404864092
5158,0.9175,5.1775,0.08103004291845495,0.421173104434907
5159,0.875,5.1875,0.07288125894134478,0.3776824034334764
5160,0.9825,5.1625,0.07004291845493563,0.35937052932761093
5161,0.995,5.16125,0.069585121602289,0.35937052932761093
5162,0.85,5.15875,0.07086695278969958,0.3639484978540773
5163,0.84,5.1875,0.08707296137339057,0.45092989985693854
5164,0.8425,5.185,0.08212875536480688,0.4280400572246066
5165,0.8575,5.15625,0.07141630901287555,0.36852646638054365
5166,1.045,5.1575,0.08249499284692419,0.4234620886981402
5167,0.8825,5.18625,0.09229184549356224,0.48068669527897
5168,1.0025,5.16125,0.0835021459227468,0.43032904148783985
5169,0.9975,5.16625,0.08313590844062949,0.4280400572246066
5170,0.865,5.18375,0.07141630901287555,0.37081545064377686
5171,0.93,5.19,0.07745922746781117,0.4005722460658083
5172,0.9625,5.1925,0.080206008583691,0.41659513590844066
5173,0.9975,5.16125,0.07581115879828328,0.3891273247496424
5174,0.885,5.15625,0.07370529327610874,0.3776824034334764
5175,0.8425,5.15625,0.07022603719599428,0.3639484978540773
5176,1.8475,5.09875,0.18412589413447786,0.9384835479256081
5177,1.7675,5.1075,0.14731902718168813,0.7530758226037197
5178,2.0575,5.0975,0.17149070100143063,0.8743919885550788
5179,2.4475,5.04625,0.1985007153075823,1.0002861230329043
5180,2.4075,5.0625,0.20060658082975683,1.0163090128755365
5181,2.2925,5.06375,0.19108440629470674,0.9682403433476396
5182,1.0275,5.17125,0.08441773962804007,0.4349070100143062
5183,0.945,5.1625,0.07874105865522175,0.40515021459227474
5184,0.915,5.1675,0.0762689556509299,0.3937052932761088
5185,1.03,5.16125,0.07105007153075824,0.36852646638054365
5186,1.145,5.17875,0.09540486409155938,0.49442060085836914
5187,0.8325,5.18125,0.06940200286123034,0.35937052932761093
5188,0.995,5.16,0.07333905579399143,0.3776824034334764
5189,0.9525,5.1875,0.07938197424892705,0.4120171673819743
5190,0.8825,5.18125,0.07352217453505008,0.38226037195994284
5191,0.935,5.16875,0.07434620886981402,0.38226037195994284
5192,0.845,5.1625,0.07040915593705294,0.3639484978540773
5193,0.86,5.16,0.07169098712446352,0.37081545064377686
5194,0.8375,5.1875,0.07480400572246067,0.3868383404864092
5195,0.9,5.15625,0.07498712446351932,0.3868383404864092
5196,0.9525,5.1825,0.07938197424892705,0.4120171673819743
5197,1.0775,5.15,0.07370529327610874,0.3776824034334764
5198,0.88,5.17875,0.09522174535050072,0.492131616595136
5199,0.945,5.1625,0.07874105865522175,0.40515021459227474
5200,0.7975,5.1925,0.08295278969957083,0.43032904148783985
5201,0.8225,5.18625,0.08377682403433477,0.4349070100143062
5202,0.9825,5.18125,0.08185407725321889,0.4234620886981402
5203,0.975,5.16375,0.06812017167381974,0.35250357653791137
5204,0.99,5.165,0.06647210300429185,0.34563662374821175
5205,0.845,5.1625,0.07040915593705294,0.3639484978540773
5206,0.82,5.19,0.08103004291845495,0.421173104434907
5207,0.8375,5.18375,0.09146781115879829,0.4715307582260372
5208,0.855,5.16125,0.07123319027181689,0.36852646638054365
5209,0.8125,5.19125,0.07956509298998571,0.4120171673819743
5210,1.085,5.15625,0.07462088698140201,0.3868383404864092
5211,1.0875,5.185,0.09064377682403435,0.46924177396280403
5212,0.9275,5.1825,0.08084692417739629,0.421173104434907
5213,1.01,5.1675,0.08084692417739629,0.41659513590844066
5214,0.855,5.16875,0.07123319027181689,0.36852646638054365
5215,0.9925,5.16,0.08267811158798284,0.3570815450643777
5216,1.0125,5.15875,0.07416309012875537,0.38226037195994284
5217,0.8625,5.16375,0.07187410586552218,0.37081545064377686
5218,0.8075,5.15875,0.0672961373390558,0.34792560801144495
5219,0.8,5.18625,0.0904606580829757,0.46924177396280403
5220,0.9975,5.17625,0.08313590844062949,0.43032904148783985
5221,0.9075,5.16,0.07562804005722461,0.3891273247496424
5222,0.8225,5.1925,0.07745922746781117,0.4005722460658083
5223,0.8425,5.18125,0.07022603719599428,0.3639484978540773
5224,0.99,5.19125,0.08249499284692419,0.4280400572246066
5225,0.8675,5.18625,0.08936194563662375,0.4646638054363377
5226,0.8625,5.1575,0.07187410586552218,0.37081545064377686
5227,1.03,5.1875,0.08579113018597997,0.44635193133047213
5228,0.9025,5.18,0.08688984263233192,0.45092989985693854
5229,0.93,5.17875,0.07745922746781117,0.4005722460658083
5230,0.93,5.16125,0.07745922746781117,0.4005722460658083
5231,0.8925,5.18125,0.06940200286123034,0.35937052932761093
5232,0.8425,5.17875,0.07022603719599428,0.3639484978540773
5233,0.795,5.16625,0.0662889842632332,0.3410586552217454
5234,0.815,5.1825,0.08579113018597997,0.44635193133047213
5235,1.0125,5.17875,0.08441773962804007,0.4394849785407726
5236,0.955,5.17875,0.07956509298998571,0.4120171673819743
5237,0.8425,5.1775,0.08002288984263234,0.4120171673819743
5238,0.9875,5.175,0.08231187410586553,0.4280400572246066
5239,1.615,5.1425,0.1345922746781116,0.6935622317596567
5240,0.9825,5.16625,0.080206008583691,0.4120171673819743
5241,0.8475,5.165,0.07059227467811159,0.3639484978540773
5242,1.055,5.18625,0.08789699570815451,0.4577968526466381
5243,0.91,5.18125,0.08212875536480688,0.4234620886981402
5244,0.9875,5.1675,0.08624892703862662,0.44635193133047213
5245,0.8325,5.1575,0.06940200286123034,0.3570815450643777
5246,0.7975,5.18625,0.08249499284692419,0.4280400572246066
5247,0.7975,5.1925,0.0835021459227468,0.4349070100143062
5248,0.8175,5.16875,0.06812017167381974,0.35250357653791137
5249,0.8175,5.18375,0.08377682403433477,0.4349070100143062
5250,0.8375,5.1825,0.08579113018597997,0.44635193133047213
5251,0.9975,5.18,0.08313590844062949,0.43032904148783985
5252,1,5.16125,0.0683032904148784,0.35250357653791137
5253,0.99,5.16125,0.0672961373390558,0.34792560801144495
5254,0.7975,5.1675,0.06647210300429185,0.34563662374821175
5255,1.0225,5.16375,0.07416309012875537,0.38226037195994284
5256,0.9325,5.175,0.08624892703862662,0.44635193133047213
5257,0.8525,5.16125,0.07105007153075824,0.36852646638054365
5258,1.055,5.1575,0.07205722460658083,0.37081545064377686
5259,0.905,5.18375,0.08624892703862662,0.44635193133047213
5260,0.925,5.16,0.07709298998569386,0.3982832618025752
5261,0.8175,5.1875,0.06812017167381974,0.35250357653791137
5262,0.8,5.18625,0.08313590844062949,0.43032904148783985
5263,0.9675,5.17875,0.08066380543633764,0.41659513590844066
5264,0.9925,5.17125,0.08267811158798284,0.4280400572246066
5265,0.9875,5.16625,0.06583118741058656,0.3410586552217454
5266,0.815,5.16625,0.06793705293276109,0.35250357653791137
5267,0.9125,5.185,0.07608583690987125,0.3937052932761088
5268,0.81,5.1825,0.08460085836909872,0.4394849785407726
5269,1.005,5.185,0.08377682403433477,0.4349070100143062
5270,1.02,5.18125,0.08496709585121603,0.4394849785407726
5271,0.98,5.17125,0.07123319027181689,0.36852646638054365
5272,1.05,5.1875,0.0875307582260372,0.4532188841201717
5273,0.9525,5.16125,0.07938197424892705,0.4097281831187411
5274,1.0175,5.16125,0.07956509298998571,0.4120171673819743
5275,0.89,5.19,0.07416309012875537,0.3868383404864092
5276,0.9425,5.19125,0.0785579399141631,0.4097281831187411
5277,0.9875,5.16375,0.07581115879828328,0.3891273247496424
5278,1.0325,5.17625,0.08606580829756796,0.44635193133047213
5279,0.87,5.15875,0.07251502145922747,0.37539341917024327
5280,1.5025,5.12375,0.11454077253218885,0.5859799713876968
5281,0.795,5.1675,0.0662889842632332,0.3410586552217454
5282,0.785,5.16625,0.06537339055793992,0.33648068669527903
5283,0.7925,5.19,0.0835021459227468,0.4349070100143062
5284,0.9825,5.19125,0.08185407725321889,0.4234620886981402
5285,0.92,5.1525,0.07663519313304722,0.3937052932761088
5286,1.425,5.14125,0.13770529327610875,0.709585121602289
5287,1.4025,5.1375,0.11682975679542204,0.5997138769670959
5288,2.3175,5.08625,0.19309871244635196,0.9819742489270388
5289,1.615,5.13375,0.12003433476394851,0.6157367668097282
5290,2.4175,5.07,0.1716738197424893,0.8698140200286124
5291,1.1225,5.1525,0.09357367668097283,0.4829756795422032
5292,0.9025,5.17375,0.08460085836909872,0.4394849785407726
5293,1.065,5.15625,0.07269814020028613,0.37539341917024327
5294,0.87,5.17375,0.07251502145922747,0.37539341917024327
5295,1.07,5.1525,0.07608583690987125,0.3937052932761088
5296,0.965,5.175,0.06747925608011446,0.34792560801144495
5297,0.7875,5.16625,0.06564806866952791,0.33648068669527903
5298,0.9175,5.16625,0.07370529327610874,0.38226037195994284
5299,0.9875,5.16125,0.07086695278969958,0.36852646638054365
5300,1.0025,5.17375,0.0835021459227468,0.43032904148783985
5301,1.05,5.15625,0.07059227467811159,0.3639484978540773
5302,0.8725,5.1875,0.08167095851216023,0.4234620886981402
5303,0.975,5.16625,0.0812131616595136,0.421173104434907
5304,0.8725,5.18125,0.07269814020028613,0.4532188841201717
5305,1.0975,5.155,0.08038912732474965,0.41659513590844066
5306,0.855,5.18375,0.07123319027181689,0.36852646638054365
5307,0.8575,5.1625,0.07141630901287555,0.36852646638054365
5308,0.8025,5.18625,0.0891788268955651,0.46237482117310447
5309,0.995,5.1925,0.08295278969957083,0.43032904148783985
5310,1.0775,5.18,0.0898197424892704,0.4646638054363377
5311,1.025,5.16625,0.06711301859799715,0.34563662374821175
5312,0.8375,5.1775,0.06976824034334765,0.35937052932761093
5313,0.84,5.18375,0.07004291845493563,0.3639484978540773
5314,0.9825,5.1625,0.07251502145922747,0.37539341917024327
5315,0.9175,5.1775,0.07645207439198856,0.3982832618025752
5316,1.09,5.175,0.090826895565093,0.46924177396280403
5317,0.8725,5.18875,0.08295278969957083,0.43032904148783985
5318,0.99,5.1625,0.08249499284692419,0.4280400572246066
5319,0.8525,5.16875,0.07105007153075824,0.36852646638054365
5320,1.1175,5.1525,0.08084692417739629,0.41659513590844066
5321,0.7875,5.1675,0.06564806866952791,0.33648068669527903
5322,0.82,5.1775,0.0683032904148784,0.35250357653791137
5323,0.83,5.185,0.08808011444921317,0.4577968526466381
5324,0.985,5.18375,0.08212875536480688,0.4280400572246066
5325,0.9025,5.1725,0.07517024320457798,0.3891273247496424
5326,0.9525,5.17,0.06601430615164522,0.3410586552217454
5327,0.845,5.15875,0.07040915593705294,0.3639484978540773
5328,0.85,5.16,0.07086695278969958,0.36852646638054365
5329,0.8675,5.18875,0.07480400572246067,0.3868383404864092
5330,1.02,5.17625,0.08496709585121603,0.4394849785407726
5331,0.86,5.15625,0.07169098712446352,0.37081545064377686
5332,1.0475,5.1575,0.07581115879828328,0.3891273247496424
5333,0.8725,5.17875,0.09229184549356224,0.47610872675250365
5334,0.8625,5.14875,0.07187410586552218,0.37081545064377686
5335,1.045,5.15625,0.07370529327610874,0.3776824034334764
5336,0.9425,5.16875,0.06812017167381974,0.35250357653791137
5337,0.815,5.16125,0.06793705293276109,0.34792560801144495
5338,0.83,5.1875,0.08624892703862662,0.44635193133047213
5339,0.945,5.1725,0.07022603719599428,0.3639484978540773
5340,0.8875,5.19,0.07397997138769671,0.38226037195994284
5341,0.8125,5.18875,0.08460085836909872,0.4394849785407726
5342,0.8025,5.185,0.08212875536480688,0.4280400572246066
5343,0.97,5.17875,0.08084692417739629,0.421173104434907
5344,0.91,5.17875,0.07370529327610874,0.38226037195994284
5345,0.8875,5.18,0.0895450643776824,0.4646638054363377
5346,0.8575,5.1575,0.07141630901287555,0.36852646638054365
5347,1,5.16125,0.07645207439198856,0.3937052932761088
5348,0.88,5.1775,0.09329899856938484,0.4829756795422032
5349,0.895,5.15625,0.07462088698140201,0.3868383404864092
5350,1.045,5.15625,0.08707296137339057,0.4234620886981402
5351,1.07,5.16375,0.06857796852646639,0.35250357653791137
5352,0.7975,5.16125,0.06647210300429185,0.3410586552217454
5353,0.85,5.16375,0.07086695278969958,0.36852646638054365
5354,0.8,5.1925,0.07938197424892705,0.4120171673819743
5355,0.9975,5.1825,0.08313590844062949,0.43032904148783985
5356,1.0125,5.18125,0.08441773962804007,0.4394849785407726
5357,0.995,5.16,0.0666552217453505,0.34563662374821175
5358,0.965,5.1925,0.08038912732474965,0.41659513590844066
5359,0.9225,5.19125,0.0769098712446352,0.3982832618025752
5360,0.9025,5.1775,0.09979971387696711,0.517310443490701
5361,0.915,5.1675,0.0762689556509299,0.3937052932761088
5362,0.9425,5.16625,0.0785579399141631,0.40515021459227474
5363,0.8675,5.18125,0.08542489270386266,0.44177396280400577
5364,0.8825,5.16375,0.07352217453505008,0.3776824034334764
5365,0.965,5.18875,0.08038912732474965,0.41659513590844066
5366,0.9075,5.16875,0.07745922746781117,0.4005722460658083
5367,0.8575,5.1675,0.07141630901287555,0.36852646638054365
5368,0.815,5.16,0.06793705293276109,0.34792560801144495
5369,0.8825,5.17625,0.08395994277539343,0.4349070100143062
5370,0.9125,5.17,0.07608583690987125,0.3937052932761088
5371,0.8925,5.16875,0.07434620886981402,0.38226037195994284
5372,0.865,5.1825,0.06976824034334765,0.35937052932761093
5373,3.41,4.9825,0.28420028612303294,1.4168812589413449
5374,3.4575,4.98375,0.28813733905579403,1.4374821173104437
5375,3.415,4.985,0.2910672389127325,1.4512160228898427
5376,3.4525,4.98,0.2876795422031474,1.4329041487839773
5377,3.425,4.98,0.2853905579399142,1.4214592274678113
5378,4.88,4.88,0.40002288984263235,1.9547925608011447
5379,4.7775,4.87875,0.39892417739628044,1.9456366237482121
5380,4.815,4.88125,0.40121316165951365,1.9570815450643777
5381,4.835,4.87875,0.40002288984263235,1.9502145922746783
5382,4.7775,4.88,0.40121316165951365,1.9570815450643777
5383,4.805,4.88125,0.4003891273247497,1.9547925608011447
5384,4.7825,4.88,0.40103004291845495,1.9570815450643777
5385,4.8375,4.87875,0.4018540772532189,1.9616595135908441
5386,4.8175,4.88375,0.40148783977110164,1.9616595135908441
5387,4.785,4.88125,0.4008469241773963,1.9570815450643777
5388,4.815,4.88,0.39919885550786843,1.9456366237482121
5389,4.7925,4.88,0.3993819742489271,1.9502145922746783
5390,4.865,4.88,0.40066380543633767,1.9547925608011447
5391,4.81,4.88,0.4016709585121603,1.9616595135908441
5392,4.8025,4.8775,0.40020600858369104,1.9502145922746783
5393,4.7975,4.88,0.4016709585121603,1.9616595135908441
5394,4.82,4.87875,0.3997482117310444,1.9502145922746783
5395,4.8,4.88,0.40002288984263235,1.9547925608011447
5396,4.8,4.88,0.40002288984263235,1.9547925608011447
5397,4.795,4.88,0.4008469241773963,1.9570815450643777
5398,4.7525,4.88,0.39608583690987126,1.9319027181688129
5399,4.83,4.88125,0.4024949928469242,1.9662374821173105
5400,4.7675,4.88125,0.40148783977110164,1.9616595135908441
5401,4.82,4.87625,0.4016709585121603,1.9570815450643777
5402,4.815,4.88,0.40121316165951365,1.9570815450643777
5403,4.7975,4.87875,0.40103004291845495,1.9570815450643777
5404,4.81,4.8825,0.4008469241773963,1.9570815450643777
5405,4.775,4.88125,0.39791702432045783,1.9433476394849787
5406,4.795,4.88,0.3993819742489271,1.9502145922746783
5407,4.7875,4.87875,0.39892417739628044,1.9456366237482121
5408,4.82,4.88,0.4016709585121603,1.9616595135908441
5409,4.7875,4.88125,0.40121316165951365,1.9570815450643777
5410,4.7875,4.8825,0.39892417739628044,1.9456366237482121
5411,4.78,4.8825,0.39837482117310447,1.9456366237482121
5412,4.765,4.8825,0.39892417739628044,1.9456366237482121
5413,4.805,4.88,0.4003891273247497,1.9547925608011447
5414,4.805,4.88,0.4003891273247497,1.9547925608011447
5415,4.805,4.88,0.4003891273247497,1.9547925608011447
5416,4.8,4.88125,0.40002288984263235,1.9547925608011447
5417,4.7175,4.87875,0.3931559370529328,1.9158798283261804
5418,4.8275,4.8825,0.39892417739628044,1.9456366237482121
5419,4.795,4.88125,0.3995650929899857,1.9502145922746783
5420,4.8575,4.87875,0.4047839771101574,1.9753934191702434
5421,4.7775,4.88125,0.40121316165951365,1.9570815450643777
5422,4.7775,4.88,0.3981001430615165,1.9433476394849787
5423,4.7775,4.88125,0.3981001430615165,1.9433476394849787
5424,4.83,4.88125,0.4008469241773963,1.9570815450643777
5425,4.7875,4.88125,0.3987410586552218,1.9456366237482121
5426,4.7275,4.88,0.39397997138769675,1.9250357653791133
5427,4.7475,4.88125,0.3977339055793992,1.9433476394849787
5428,4.81,4.88125,0.4008469241773963,1.9570815450643777
5429,4.7925,4.88125,0.3993819742489271,1.9502145922746783
5430,4.7125,4.88125,0.4018540772532189,1.9616595135908441
5431,4.8075,4.87875,0.40148783977110164,1.9570815450643777
5432,4.8625,4.88125,0.40524177396280403,1.9753934191702434
5433,4.7225,4.88,0.40148783977110164,1.9570815450643777
5434,4.8225,4.88125,0.4021287553648069,1.9616595135908441
5435,4.75,4.8825,0.3958111587982833,1.9319027181688129
5436,4.76,4.88,0.4016709585121603,1.9616595135908441
5437,4.805,4.8825,0.39892417739628044,1.9456366237482121
5438,4.87,4.88,0.40579113018598,1.9799713876967096
5439,4.8075,4.88,0.4003891273247497,1.9547925608011447
5440,4.805,4.88125,0.3993819742489271,1.9502145922746783
5441,4.7575,4.88,0.3964520743919886,1.9341917024320459
5442,4.77,4.88125,0.3974592274678112,1.9387696709585123
5443,4.8,4.88125,0.39892417739628044,1.9456366237482121
5444,4.8075,4.88,0.40066380543633767,1.9547925608011447
5445,4.785,4.8825,0.3987410586552218,1.9456366237482121
5446,4.795,4.87875,0.3964520743919886,1.9341917024320459
5447,4.7875,4.8825,0.39892417739628044,1.9456366237482121
5448,4.805,4.88,0.4003891273247497,1.9547925608011447
5449,4.7875,4.88,0.4003891273247497,1.9547925608011447
5450,4.82,4.88125,0.4016709585121603,1.9616595135908441
5451,4.7875,4.88125,0.39892417739628044,1.9456366237482121
5452,4.7925,4.8825,0.40103004291845495,1.9570815450643777
5453,4.795,4.88125,0.3995650929899857,1.9502145922746783
5454,4.7825,4.88125,0.3985579399141631,1.9456366237482121
5455,4.795,4.8825,0.39791702432045783,1.9433476394849787
5456,4.815,4.88,0.40121316165951365,1.9570815450643777
5457,4.7775,4.88125,0.3981001430615165,1.9433476394849787
5458,4.7875,4.88375,0.39626895565092995,1.9341917024320459
5459,4.8425,4.8825,0.4035021459227468,1.968526466380544
5460,4.775,4.88,0.39791702432045783,1.9433476394849787
5461,4.795,4.87875,0.3997482117310444,1.9502145922746783
5462,4.855,4.88125,0.40460085836909876,1.9753934191702434
5463,4.805,4.88125,0.4003891273247497,1.9547925608011447
5464,4.79,4.8825,0.40066380543633767,1.9570815450643777
5465,4.805,4.88125,0.4003891273247497,1.9547925608011447
5466,4.8,4.88,0.40002288984263235,1.9547925608011447
5467,4.79,4.88,0.3993819742489271,1.9502145922746783
5468,4.7975,4.88,0.4018540772532189,1.9616595135908441
5469,4.8,4.88,0.40002288984263235,1.9547925608011447
5470,4.805,4.88125,0.40002288984263235,1.9547925608011447
5471,4.795,4.8825,0.3995650929899857,1.9502145922746783
5472,4.805,4.88,0.4003891273247497,1.9547925608011447
5473,4.8025,4.88,0.4003891273247497,1.9547925608011447
5474,4.7875,4.8825,0.4044177396280401,1.9753934191702434
5475,4.8075,4.88125,0.40066380543633767,1.9547925608011447
5476,4.815,4.88125,0.395444921316166,1.9319027181688129
5477,4.79,4.88125,0.3977339055793992,1.9433476394849787
5478,4.785,4.88125,0.3987410586552218,1.9456366237482121
5479,4.7925,4.88,0.40231187410586555,1.9662374821173105
5480,4.795,4.88,0.3977339055793992,1.9433476394849787
5481,4.7975,4.88,0.3997482117310444,1.9502145922746783
5482,4.795,4.88125,0.3987410586552218,1.9456366237482121
5483,4.8125,4.88,0.39663519313304724,1.9341917024320459
5484,4.8125,4.88125,0.40103004291845495,1.9570815450643777
5485,4.8025,4.88125,0.40020600858369104,1.9547925608011447
5486,4.79,4.8825,0.3964520743919886,1.9341917024320459
5487,4.79,4.88125,0.39919885550786843,1.9502145922746783
5488,4.8,4.8825,0.40002288984263235,1.9547925608011447
5489,4.7925,4.88125,0.4039599427753935,1.9731044349070102
5490,4.8325,4.88125,0.4026781115879829,1.9662374821173105
5491,4.7975,4.88125,0.3997482117310444,1.9502145922746783
5492,4.7875,4.88,0.40121316165951365,1.9570815450643777
5493,4.795,4.8825,0.3995650929899857,1.9502145922746783
5494,4.8,4.88,0.40002288984263235,1.9547925608011447
5495,4.805,4.88125,0.4021287553648069,1.9616595135908441
5496,4.795,4.8825,0.3995650929899857,1.9502145922746783
5497,4.7975,4.88125,0.3997482117310444,1.9502145922746783
5498,4.795,4.88125,0.3974592274678112,1.9387696709585123
5499,4.775,4.88125,0.39791702432045783,1.9433476394849787
5500,4.79,4.8825,0.39919885550786843,1.9502145922746783
5501,4.79,4.8825,0.3948040057224607,1.9273247496423465
5502,4.8,4.8825,0.40002288984263235,1.9547925608011447
5503,4.81,4.8825,0.4008469241773963,1.9570815450643777
5504,4.7875,4.88125,0.40560801144492137,1.9799713876967096
5505,4.7775,4.88125,0.3981001430615165,1.9433476394849787
5506,4.7975,4.88,0.3997482117310444,1.9502145922746783
5507,4.7925,4.88,0.3977339055793992,1.9433476394849787
5508,4.8025,4.8825,0.40020600858369104,1.9547925608011447
5509,4.7775,4.88375,0.3981001430615165,1.9433476394849787
5510,4.8,4.88125,0.3987410586552218,1.9456366237482121
5511,4.81,4.8825,0.4008469241773963,1.9570815450643777
5512,4.7975,4.88125,0.3997482117310444,1.9502145922746783
5513,4.8025,4.88125,0.3987410586552218,1.9456366237482121
5514,4.795,4.88125,0.3993819742489271,1.9502145922746783
5515,4.7925,4.8825,0.3993819742489271,1.9502145922746783
5516,4.7925,4.88,0.39709298998569387,1.9387696709585123
5517,4.7975,4.8825,0.39892417739628044,1.9456366237482121
5518,4.7925,4.88125,0.3993819742489271,1.9502145922746783
5519,4.82,4.87875,0.40066380543633767,1.9547925608011447
5520,4.7975,4.8825,0.3995650929899857,1.9502145922746783
5521,4.8,4.8825,0.40002288984263235,1.9547925608011447
5522,4.79,4.88,0.40231187410586555,1.9662374821173105
5523,4.7875,4.88375,0.4003891273247497,1.9547925608011447
5524,4.8025,4.88,0.40020600858369104,1.9547925608011447
5525,4.81,4.88125,0.3985579399141631,1.9456366237482121
5526,4.7975,4.87875,0.3995650929899857,1.9502145922746783
5527,4.795,4.8825,0.3995650929899857,1.9502145922746783
5528,4.795,4.88125,0.3995650929899857,1.968526466380544
5529,4.815,4.88125,0.3993819742489271,1.9502145922746783
5530,4.7975,4.88125,0.3997482117310444,1.9502145922746783
5531,4.7975,4.88,0.3997482117310444,1.9502145922746783
5532,4.81,4.88,0.39919885550786843,1.9456366237482121
5533,4.8,4.8825,0.40002288984263235,1.9547925608011447
5534,4.8,4.8825,0.40002288984263235,1.9547925608011447
5535,4.8,4.88125,0.3981001430615165,1.9433476394849787
5536,4.8,4.88,0.40002288984263235,1.9547925608011447
5537,4.795,4.8825,0.3995650929899857,1.9502145922746783
5538,4.785,4.88125,0.40066380543633767,1.9547925608011447
5539,4.7975,4.88125,0.3997482117310444,1.9502145922746783
5540,4.805,4.88125,0.4003891273247497,1.9547925608011447
5541,4.79,4.88125,0.3995650929899857,1.9502145922746783
5542,4.7875,4.8825,0.39892417739628044,1.9456366237482121
5543,4.7975,4.88125,0.3997482117310444,1.9502145922746783
5544,4.81,4.8825,0.39919885550786843,1.9502145922746783
5545,4.805,4.88125,0.4003891273247497,1.9547925608011447
5546,4.8,4.8825,0.40002288984263235,1.9547925608011447
5547,4.7875,4.88125,0.3993819742489271,1.9502145922746783
5548,4.8,4.88125,0.40002288984263235,1.9547925608011447
5549,4.8075,4.88,0.40066380543633767,1.9547925608011447
5550,4.7975,4.88125,0.4003891273247497,1.9547925608011447
5551,4.7975,4.88,0.3997482117310444,1.9502145922746783
5552,4.805,4.88,0.4003891273247497,1.9547925608011447
5553,4.7975,4.88125,0.3981001430615165,1.9433476394849787
5554,4.8125,4.88125,0.40103004291845495,1.9570815450643777
5555,4.7875,4.88125,0.39892417739628044,1.9456366237482121
5556,4.795,4.88125,0.3993819742489271,1.9502145922746783
5557,4.795,4.88125,0.40002288984263235,1.9547925608011447
5558,4.79,4.88125,0.39919885550786843,1.9502145922746783
5559,4.7975,4.88125,0.4003891273247497,1.9547925608011447
5560,4.8025,4.88125,0.3995650929899857,1.9502145922746783
5561,4.815,4.88,0.40121316165951365,1.9570815450643777
5562,4.795,4.8825,0.39837482117310447,1.9456366237482121
5563,4.7875,4.8825,0.40121316165951365,1.9570815450643777
5564,4.805,4.88125,0.4003891273247497,1.9547925608011447
5565,4.8125,4.88,0.40103004291845495,1.9570815450643777
5566,4.79,4.88125,0.40103004291845495,1.9570815450643777
5567,4.8,4.88125,0.40002288984263235,1.9547925608011447
5568,4.795,4.8825,0.4016709585121603,1.9616595135908441
5569,4.8,4.88125,0.39892417739628044,1.9456366237482121
5570,4.8,4.8825,0.40002288984263235,1.9547925608011447
5571,4.7875,4.88125,0.40002288984263235,1.9547925608011447
5572,4.805,4.88125,0.40020600858369104,1.9547925608011447
5573,4.805,4.88125,0.4003891273247497,1.9547925608011447
5574,4.7925,4.88125,0.3993819742489271,1.9502145922746783
5575,4.7925,4.88125,0.39919885550786843,1.9502145922746783
5576,4.7925,4.88125,0.3993819742489271,1.9502145922746783
5577,4.815,4.88125,0.40121316165951365,1.9570815450643777
5578,4.805,4.88,0.4008469241773963,1.9570815450643777
5579,4.805,4.88125,0.4003891273247497,1.9547925608011447
5580,4.7975,4.88125,0.3997482117310444,1.9502145922746783
5581,4.795,4.8825,0.39919885550786843,1.9502145922746783
5582,4.805,4.8825,0.4003891273247497,1.9547925608011447
5583,4.7825,4.8825,0.3985579399141631,1.9456366237482121
5584,4.7925,4.88125,0.39919885550786843,1.9502145922746783
5585,4.7975,4.88,0.3997482117310444,1.9502145922746783
5586,4.8,4.88,0.40002288984263235,1.9547925608011447
5587,4.79,4.88125,0.3995650929899857,1.9502145922746783
5588,4.7975,4.8825,0.3997482117310444,1.9502145922746783
5589,4.79,4.88125,0.39919885550786843,1.9502145922746783
5590,4.805,4.88,0.4003891273247497,1.9547925608011447
5591,4.8075,4.88,0.40066380543633767,1.9547925608011447
5592,4.7875,4.88,0.39892417739628044,1.9456366237482121
5593,4.8025,4.88,0.3995650929899857,1.9502145922746783
5594,4.8,4.8825,0.40002288984263235,1.9547925608011447
5595,4.7825,4.88125,0.3985579399141631,1.9456366237482121
5596,4.7875,4.88,0.39919885550786843,1.9456366237482121
5597,4.795,4.88,0.3995650929899857,1.9502145922746783
5598,4.81,4.88125,0.4008469241773963,1.9570815450643777
5599,4.785,4.88125,0.3997482117310444,1.9502145922746783
5600,4.805,4.88125,0.4003891273247497,1.9547925608011447
5601,4.805,4.87875,0.4003891273247497,1.9547925608011447
5602,4.7925,4.8825,0.40002288984263235,1.9547925608011447
5603,4.7875,4.88125,0.3993819742489271,1.9502145922746783
5604,4.8075,4.88,0.40066380543633767,1.9547925608011447
5605,4.7975,4.88,0.40002288984263235,1.9547925608011447
5606,4.8,4.88,0.40103004291845495,1.9570815450643777
5607,4.7825,4.88,0.3985579399141631,1.9456366237482121
5608,4.795,4.88125,0.39919885550786843,1.9502145922746783
5609,4.79,4.8825,0.3993819742489271,1.9502145922746783
5610,4.8,4.8825,0.40002288984263235,1.9547925608011447
5611,4.79,4.88125,0.4003891273247497,1.9547925608011447
5612,4.7975,4.8825,0.39919885550786843,1.9502145922746783
5613,4.805,4.88125,0.4003891273247497,1.9547925608011447
5614,4.79,4.88125,0.3995650929899857,1.9502145922746783
5615,4.78,4.8825,0.40002288984263235,1.9547925608011447
5616,4.79,4.8825,0.39919885550786843,1.9502145922746783
5617,4.8075,4.88125,0.40066380543633767,1.9547925608011447
5618,4.7775,4.88,0.40002288984263235,1.9547925608011447
5619,4.81,4.88,0.4008469241773963,1.9570815450643777
5620,4.795,4.88125,0.3995650929899857,1.9502145922746783
5621,4.805,4.88125,0.3993819742489271,1.9502145922746783
5622,4.8125,4.88,0.40103004291845495,1.9570815450643777
5623,4.785,4.88,0.3987410586552218,1.9456366237482121
5624,4.78,4.88375,0.3993819742489271,1.9502145922746783
5625,4.8,4.88,0.40002288984263235,1.9547925608011447
5626,4.7925,4.88,0.3993819742489271,1.9502145922746783
5627,4.8,4.8825,0.4008469241773963,1.9570815450643777
5628,4.795,4.88125,0.3995650929899857,1.9502145922746783
5629,4.79,4.8775,0.39919885550786843,1.9456366237482121
5630,4.795,4.88125,0.40020600858369104,1.9547925608011447
5631,4.795,4.88,0.3995650929899857,1.9502145922746783
5632,4.8125,4.88125,0.40103004291845495,1.9570815450643777
5633,4.785,4.8825,0.39919885550786843,1.9502145922746783
5634,4.7925,4.88,0.3993819742489271,1.9502145922746783
5635,4.78,4.88125,0.39837482117310447,1.9456366237482121
5636,4.81,4.88125,0.4003891273247497,1.9547925608011447
5637,4.7975,4.88,0.3997482117310444,1.9502145922746783
5638,4.7925,4.87875,0.3993819742489271,1.9502145922746783
5639,4.81,4.88125,0.4003891273247497,1.9547925608011447
5640,4.8,4.88,0.40002288984263235,1.9547925608011447
5641,4.795,4.88,0.3995650929899857,1.9502145922746783
5642,4.81,4.88125,0.39892417739628044,1.9456366237482121
5643,4.81,4.8825,0.4008469241773963,1.9570815450643777
5644,4.79,4.87875,0.39919885550786843,1.9456366237482121
5645,4.8025,4.88,0.4003891273247497,1.9547925608011447
5646,4.7775,4.8825,0.3995650929899857,1.9502145922746783
5647,4.795,4.8825,0.3995650929899857,1.9502145922746783
5648,4.8225,4.88,0.40002288984263235,1.9547925608011447
5649,4.79,4.88,0.40121316165951365,1.9570815450643777
5650,4.795,4.88125,0.3995650929899857,1.9502145922746783
5651,4.7975,4.88,0.4003891273247497,1.9547925608011447
5652,4.81,4.88125,0.40148783977110164,1.9616595135908441
5653,4.795,4.88125,0.3995650929899857,1.9502145922746783
5654,4.795,4.88,0.3993819742489271,1.9502145922746783
5655,4.795,4.88,0.3987410586552218,1.9456366237482121
5656,4.795,4.88125,0.3995650929899857,1.9502145922746783
5657,4.8,4.8825,0.40020600858369104,1.9547925608011447
5658,4.815,4.8825,0.3997482117310444,1.9502145922746783
5659,4.8125,4.8825,0.40103004291845495,1.9570815450643777
5660,4.795,4.88,0.39919885550786843,1.9456366237482121
5661,4.8025,4.88125,0.40002288984263235,1.9547925608011447
5662,4.785,4.88125,0.3987410586552218,1.9456366237482121
5663,4.7975,4.88,0.3997482117310444,1.9502145922746783
5664,4.805,4.88125,0.3993819742489271,1.9502145922746783
5665,4.79,4.88,0.39919885550786843,1.9456366237482121
5666,4.835,4.88125,0.4029527896995709,1.9662374821173105
5667,4.8175,4.88125,0.40020600858369104,1.9547925608011447
5668,4.7925,4.88,0.3993819742489271,1.9502145922746783
5669,4.8025,4.88,0.40020600858369104,1.9547925608011447
5670,4.7875,4.8825,0.3995650929899857,1.9502145922746783
5671,4.765,4.88,0.39709298998569387,1.9387696709585123
5672,4.7925,4.8825,0.3993819742489271,1.9502145922746783
5673,4.78,4.88,0.39892417739628044,1.9456366237482121
5674,4.81,4.88125,0.4008469241773963,1.9570815450643777
5675,4.7875,4.88125,0.39892417739628044,1.9456366237482121
5676,4.7875,4.88,0.4008469241773963,1.9570815450643777
5677,4.7775,4.88125,0.3981001430615165,1.9433476394849787
5678,4.8075,4.88125,0.40066380543633767,1.9547925608011447
5679,4.7925,4.88125,0.39919885550786843,1.9502145922746783
5680,4.8025,4.88125,0.40020600858369104,1.9547925608011447
5681,4.8175,4.87875,0.40148783977110164,1.9570815450643777
5682,4.78,4.88125,0.3993819742489271,1.9502145922746783
5683,4.7975,4.88125,0.3997482117310444,1.9502145922746783
5684,4.8025,4.8825,0.40020600858369104,1.9547925608011447
5685,4.8225,4.88,0.3995650929899857,1.9502145922746783
5686,4.8075,4.87875,0.40066380543633767,1.9547925608011447
5687,4.7975,4.88125,0.3997482117310444,1.9502145922746783
5688,4.7825,4.88125,0.39919885550786843,1.9502145922746783
5689,4.785,4.88,0.3987410586552218,1.9456366237482121
5690,4.795,4.88125,0.3995650929899857,1.9502145922746783
5691,4.785,4.88125,0.39892417739628044,1.9456366237482121
5692,4.81,4.8825,0.3987410586552218,1.9456366237482121
5693,4.7775,4.88125,0.3981001430615165,1.9433476394849787
5694,4.8025,4.88,0.4003891273247497,1.9547925608011447
5695,4.78,4.8825,0.3993819742489271,1.9502145922746783
5696,4.7925,4.88,0.3993819742489271,1.9502145922746783
5697,4.7925,4.88,0.3997482117310444,1.9502145922746783
5698,4.7825,4.88,0.39919885550786843,1.9456366237482121
5699,4.79,4.88,0.39919885550786843,1.9456366237482121
5700,4.81,4.88125,0.3985579399141631,1.9456366237482121
5701,4.7825,4.88,0.3997482117310444,1.9502145922746783
5702,4.7775,4.8825,0.3981001430615165,1.9433476394849787
5703,4.79,4.88,0.3997482117310444,1.9502145922746783
5704,4.7575,4.88125,0.4003891273247497,1.9547925608011447
5705,4.8025,4.88125,0.40020600858369104,1.9547925608011447
5706,4.78,4.88,0.39837482117310447,1.9502145922746783
5707,4.805,4.88125,0.3995650929899857,1.9502145922746783
5708,4.79,4.88125,0.39919885550786843,1.9502145922746783
5709,4.7975,4.88,0.3997482117310444,1.9502145922746783
5710,4.7775,4.88,0.40121316165951365,1.9570815450643777
5711,4.8175,4.8825,0.40148783977110164,1.9616595135908441
5712,4.79,4.88125,0.39919885550786843,1.9502145922746783
5713,4.795,4.87875,0.3995650929899857,1.9502145922746783
5714,4.79,4.88,0.39919885550786843,1.9456366237482121
5715,4.81,4.88125,0.4008469241773963,1.9570815450643777
5716,4.8025,4.88125,0.4003891273247497,1.9547925608011447
5717,4.805,4.88,0.4003891273247497,1.9547925608011447
5718,4.82,4.88125,0.4016709585121603,1.9616595135908441
5719,4.7825,4.88125,0.3995650929899857,1.9502145922746783
5720,4.79,4.88125,0.39919885550786843,1.9502145922746783
5721,4.785,4.88125,0.3987410586552218,1.9456366237482121
5722,4.7925,4.88,0.4003891273247497,1.9547925608011447
5723,4.815,4.8825,0.40121316165951365,1.9570815450643777
5724,4.81,4.87875,0.4008469241773963,1.9547925608011447
5725,4.7825,4.88125,0.3977339055793992,1.9433476394849787
5726,4.805,4.88,0.4003891273247497,1.9547925608011447
5727,4.79,4.88125,0.39919885550786843,1.9502145922746783
5728,4.8075,4.88125,0.39919885550786843,1.9502145922746783
5729,4.7975,4.88125,0.3997482117310444,1.9502145922746783
5730,4.7675,4.88125,0.39727610872675256,1.9387696709585123
5731,4.8125,4.88125,0.3985579399141631,1.9456366237482121
5732,4.8025,4.88125,0.40020600858369104,1.9547925608011447
5733,4.7975,4.88125,0.3997482117310444,1.9502145922746783
5734,4.78,4.8825,0.39837482117310447,1.9456366237482121
5735,4.8,4.88125,0.3993819742489271,1.9502145922746783
5736,4.805,4.88125,0.4003891273247497,1.9547925608011447
5737,4.7825,4.88125,0.3995650929899857,1.9502145922746783
5738,4.805,4.88125,0.3997482117310444,1.9502145922746783
5739,4.7675,4.88125,0.39727610872675256,1.9387696709585123
5740,4.8125,4.88125,0.3997482117310444,1.9502145922746783
5741,4.785,4.8825,0.3993819742489271,1.9502145922746783
5742,4.8,4.88,0.40002288984263235,1.9547925608011447
5743,4.8,4.88,0.40020600858369104,1.9547925608011447
5744,4.7975,4.88,0.40066380543633767,1.9547925608011447
5745,4.8175,4.88,0.40148783977110164,1.9570815450643777
5746,4.8125,4.8825,0.3995650929899857,1.9502145922746783
5747,4.7975,4.87875,0.39892417739628044,1.9456366237482121
5748,4.8075,4.88,0.40066380543633767,1.9547925608011447
5749,4.7825,4.88375,0.39919885550786843,1.9502145922746783
5750,4.795,4.88,0.3997482117310444,1.9502145922746783
5751,4.8175,4.88125,0.40148783977110164,1.9616595135908441
5752,4.7925,4.88125,0.3993819742489271,1.9502145922746783
5753,4.8175,4.88125,0.3985579399141631,1.9456366237482121
5754,4.7975,4.88125,0.3997482117310444,1.9502145922746783
5755,4.79,4.88125,0.39919885550786843,1.9502145922746783
5756,4.7975,4.88125,0.3987410586552218,1.9456366237482121
5757,4.78,4.8825,0.39837482117310447,1.9456366237482121
5758,4.7975,4.88125,0.3997482117310444,1.9502145922746783
5759,4.7775,4.88,0.4016709585121603,1.9616595135908441
5760,4.7725,4.8825,0.3977339055793992,1.9433476394849787
5761,4.8125,4.88125,0.40103004291845495,1.9570815450643777
5762,4.775,4.88125,0.3985579399141631,1.9456366237482121
5763,4.7975,4.88,0.3997482117310444,1.9502145922746783
5764,4.7825,4.88125,0.3985579399141631,1.9456366237482121
5765,4.78,4.88,0.3985579399141631,1.9456366237482121
5766,4.7775,4.88,0.3981001430615165,1.9433476394849787
5767,4.79,4.88125,0.39919885550786843,1.9502145922746783
5768,4.7925,4.88125,0.3993819742489271,1.9502145922746783
5769,4.8175,4.88125,0.40148783977110164,1.9616595135908441
5770,4.7675,4.88,0.39727610872675256,1.9387696709585123
5771,4.77,4.88125,0.4008469241773963,1.9570815450643777
5772,4.8025,4.88125,0.40020600858369104,1.9547925608011447
5773,4.8025,4.88125,0.40020600858369104,1.9547925608011447
5774,4.82,4.88125,0.3993819742489271,1.9502145922746783
5775,4.81,4.88,0.4008469241773963,1.9570815450643777
5776,4.79,4.8825,0.39919885550786843,1.9502145922746783
5777,4.8,4.8825,0.3995650929899857,1.9502145922746783
5778,4.79,4.88,0.39919885550786843,1.9456366237482121
5779,4.7925,4.8825,0.3993819742489271,1.9502145922746783
5780,4.795,4.88,0.40002288984263235,1.9547925608011447
5781,4.7925,4.88,0.3987410586552218,1.9456366237482121
5782,4.795,4.8825,0.3995650929899857,1.9502145922746783
5783,4.815,4.88,0.4003891273247497,1.9547925608011447
5784,4.7925,4.87875,0.3995650929899857,1.9502145922746783
5785,4.8075,4.87875,0.40066380543633767,1.9547925608011447
5786,4.7925,4.88,0.40002288984263235,1.9547925608011447
5787,4.805,4.8825,0.3987410586552218,1.9456366237482121
5788,4.8,4.88,0.40002288984263235,1.9547925608011447
5789,4.795,4.88125,0.40121316165951365,1.9570815450643777
5790,4.7925,4.88125,0.40002288984263235,1.9547925608011447
5791,4.81,4.88,0.4008469241773963,1.9570815450643777
5792,4.8125,4.88,0.3985579399141631,1.9456366237482121
5793,4.805,4.88125,0.3987410586552218,1.9456366237482121
5794,4.7925,4.88125,0.3993819742489271,1.9502145922746783
5795,4.8,4.88125,0.40002288984263235,1.9570815450643777
5796,4.8025,4.8825,0.39791702432045783,1.9433476394849787
5797,4.7975,4.88,0.3997482117310444,1.9502145922746783
5798,4.7775,4.88125,0.3981001430615165,1.9433476394849787
5799,4.7775,4.88125,0.40020600858369104,1.9547925608011447
5800,4.79,4.8825,0.39919885550786843,1.9502145922746783
5801,4.795,4.88125,0.3995650929899857,1.9502145922746783
5802,4.8025,4.88125,0.3987410586552218,1.9456366237482121
5803,4.8,4.88,0.40002288984263235,1.9547925608011447
5804,4.8075,4.88125,0.40066380543633767,1.9547925608011447
5805,4.79,4.88125,0.3993819742489271,1.9502145922746783
5806,4.79,4.87875,0.39919885550786843,1.9456366237482121
5807,4.805,4.88125,0.4003891273247497,1.9547925608011447
5808,4.795,4.88125,0.40020600858369104,1.9547925608011447
5809,4.795,4.8825,0.3995650929899857,1.9502145922746783
5810,4.775,4.88125,0.39791702432045783,1.9433476394849787
5811,4.8,4.8825,0.39892417739628044,1.9456366237482121
5812,4.7975,4.8825,0.3997482117310444,1.9502145922746783
5813,4.805,4.88,0.4003891273247497,1.9547925608011447
5814,4.7975,4.88125,0.39837482117310447,1.9456366237482121
5815,4.81,4.8825,0.4008469241773963,1.9570815450643777
5816,4.79,4.8825,0.39919885550786843,1.9502145922746783
5817,4.805,4.88125,0.4003891273247497,1.9547925608011447
5818,4.79,4.88125,0.39919885550786843,1.9502145922746783
5819,4.7925,4.8825,0.3993819742489271,1.9502145922746783
5820,4.8075,4.88,0.39837482117310447,1.9433476394849787
5821,4.7825,4.88125,0.3985579399141631,1.9456366237482121
5822,4.795,4.8825,0.3995650929899857,1.9502145922746783
5823,4.79,4.88,0.4003891273247497,1.9547925608011447
5824,4.7975,4.88,0.39892417739628044,1.9456366237482121
5825,4.81,4.88125,0.4008469241773963,1.9570815450643777
5826,4.8075,4.88125,0.39791702432045783,1.9433476394849787
5827,4.7875,4.88125,0.39727610872675256,1.9387696709585123
5828,4.7975,4.88,0.3997482117310444,1.9502145922746783
5829,4.8,4.88125,0.4008469241773963,1.9570815450643777
5830,4.8075,4.88,0.3995650929899857,1.9502145922746783
5831,4.78,4.88125,0.39837482117310447,1.9456366237482121
5832,4.8075,4.88125,0.3995650929899857,1.9502145922746783
5833,4.7875,4.88,0.40002288984263235,1.9547925608011447
5834,4.7875,4.88125,0.39892417739628044,1.9456366237482121
5835,4.78,4.8825,0.3997482117310444,1.9502145922746783
5836,4.805,4.87875,0.4003891273247497,1.9547925608011447
5837,4.7925,4.8825,0.3993819742489271,1.9502145922746783
5838,4.7725,4.88125,0.3993819742489271,1.9502145922746783
5839,4.805,4.88,0.39919885550786843,1.9456366237482121
5840,4.7925,4.88,0.3993819742489271,1.9502145922746783
5841,4.81,4.87875,0.4008469241773963,1.9570815450643777
5842,4.805,4.88125,0.4003891273247497,1.9547925608011447
5843,4.7875,4.88125,0.39892417739628044,1.9456366237482121
5844,4.7875,4.88,0.39892417739628044,1.9456366237482121
5845,4.7725,4.88125,0.4008469241773963,1.9570815450643777
5846,4.7825,4.88125,0.3985579399141631,1.9456366237482121
5847,4.8,4.88125,0.40002288984263235,1.9547925608011447
5848,4.7975,4.88125,0.4003891273247497,1.9547925608011447
5849,4.79,4.88,0.39919885550786843,1.9456366237482121
5850,4.7925,4.8825,0.3993819742489271,1.9502145922746783
5851,4.7925,4.88125,0.39892417739628044,1.9456366237482121
5852,4.805,4.88125,0.4003891273247497,1.9547925608011447
5853,4.7775,4.88125,0.3981001430615165,1.9433476394849787
5854,4.79,4.88125,0.39791702432045783,1.9433476394849787
5855,4.8075,4.88125,0.40066380543633767,1.9547925608011447
5856,4.785,4.8825,0.3987410586552218,1.9456366237482121
5857,4.8025,4.88,0.4008469241773963,1.9570815450643777
5858,4.7725,4.88125,0.3977339055793992,1.9433476394849787
5859,4.8025,4.88125,0.40020600858369104,1.9547925608011447
5860,4.795,4.88125,0.3997482117310444,1.9502145922746783
5861,4.78,4.88,0.39837482117310447,1.9433476394849787
5862,4.78,4.88125,0.39837482117310447,1.9456366237482121
5863,4.8,4.88125,0.40066380543633767,1.9547925608011447
5864,4.7875,4.88,0.39892417739628044,1.9456366237482121
5865,4.7875,4.8825,0.39892417739628044,1.9456366237482121
5866,4.795,4.88125,0.4003891273247497,1.9547925608011447
5867,4.7975,4.88125,0.3995650929899857,1.9502145922746783
5868,4.7875,4.87875,0.39892417739628044,1.9456366237482121
5869,4.7775,4.88,0.40121316165951365,1.9570815450643777
5870,4.7875,4.88125,0.39919885550786843,1.9502145922746783
5871,4.7825,4.88,0.3985579399141631,1.9456366237482121
5872,4.8,4.88125,0.40121316165951365,1.9570815450643777
5873,4.7875,4.88,0.39892417739628044,1.9456366237482121
5874,4.7825,4.88,0.3985579399141631,1.9456366237482121
5875,4.805,4.88,0.39837482117310447,1.9433476394849787
5876,4.7775,4.88125,0.3981001430615165,1.9433476394849787
5877,4.785,4.88125,0.3987410586552218,1.9456366237482121
5878,4.8075,4.88,0.3987410586552218,1.9456366237482121
5879,4.8025,4.8825,0.3981001430615165,1.9433476394849787
5880,4.775,4.88125,0.39791702432045783,1.9433476394849787
5881,4.7925,4.88125,0.39837482117310447,1.9456366237482121
5882,4.815,4.88,0.40002288984263235,1.9547925608011447
5883,4.795,4.88125,0.3995650929899857,1.9502145922746783
5884,4.81,4.88125,0.4008469241773963,1.9433476394849787
5885,4.79,4.88125,0.3993819742489271,1.9502145922746783
5886,4.785,4.88,0.3987410586552218,1.9456366237482121
5887,4.7975,4.88125,0.3997482117310444,1.9502145922746783
5888,4.7925,4.8825,0.39837482117310447,1.9456366237482121
5889,4.78,4.88125,0.39837482117310447,1.9456366237482121
5890,4.78,4.8825,0.39837482117310447,1.9456366237482121
5891,4.79,4.8825,0.39837482117310447,1.9456366237482121
5892,4.7975,4.88125,0.3997482117310444,1.9502145922746783
5893,4.7925,4.87875,0.3993819742489271,1.9502145922746783
5894,4.8,4.8825,0.3987410586552218,1.9456366237482121
5895,4.8,4.88125,0.40002288984263235,1.9547925608011447
5896,4.8075,4.88125,0.40066380543633767,1.9547925608011447
5897,4.8025,4.88125,0.3969098712446352,1.9387696709585123
5898,4.785,4.88125,0.3987410586552218,1.9456366237482121
5899,4.795,4.88125,0.3995650929899857,1.9502145922746783
5900,4.79,4.88,0.39837482117310447,1.9433476394849787
5901,4.78,4.8825,0.39837482117310447,1.9456366237482121
5902,4.795,4.8825,0.3995650929899857,1.9502145922746783
5903,4.79,4.88,0.3993819742489271,1.9502145922746783
5904,4.8,4.88125,0.40002288984263235,1.9547925608011447
5905,4.8,4.88125,0.40002288984263235,1.9547925608011447
5906,4.7775,4.8825,0.3993819742489271,1.9502145922746783
5907,4.7675,4.88125,0.39727610872675256,1.9387696709585123
5908,4.79,4.88,0.39919885550786843,1.9456366237482121
5909,4.7725,4.88125,0.39892417739628044,1.9456366237482121
5910,4.805,4.88125,0.4003891273247497,1.9547925608011447
5911,4.795,4.88125,0.3995650929899857,1.9502145922746783
5912,4.7875,4.88125,0.3985579399141631,1.9456366237482121
5913,4.7775,4.8825,0.3997482117310444,1.9502145922746783
5914,4.775,4.87875,0.39791702432045783,1.9433476394849787
5915,4.8225,4.88125,0.40103004291845495,1.9570815450643777
5916,4.8025,4.8825,0.39892417739628044,1.9456366237482121
5917,4.8175,4.88125,0.40148783977110164,1.9616595135908441
5918,4.8075,4.88125,0.39919885550786843,1.9502145922746783
5919,4.7725,4.88125,0.4003891273247497,1.9547925608011447
5920,4.7775,4.88,0.3981001430615165,1.9433476394849787
5921,4.7825,4.88125,0.3987410586552218,1.9456366237482121
5922,4.7875,4.88,0.3993819742489271,1.9502145922746783
5923,4.7825,4.8825,0.3985579399141631,1.9456366237482121
5924,4.7975,4.88125,0.3981001430615165,1.9433476394849787
5925,4.8,4.88125,0.39791702432045783,1.9433476394849787
5926,4.8,4.88125,0.40002288984263235,1.9547925608011447
5927,4.7875,4.8825,0.39919885550786843,1.9502145922746783
5928,4.78,4.88125,0.3985579399141631,1.9456366237482121
5929,4.8,4.88125,0.40002288984263235,1.9547925608011447
5930,4.7875,4.88,0.39892417739628044,1.9456366237482121
5931,4.81,4.8825,0.3981001430615165,1.9433476394849787
5932,4.8075,4.88125,0.40066380543633767,1.9547925608011447
5933,4.7825,4.88125,0.3985579399141631,1.9456366237482121
5934,4.7925,4.8825,0.3995650929899857,1.9502145922746783
5935,4.7975,4.88125,0.3997482117310444,1.9502145922746783
5936,4.805,4.88125,0.4003891273247497,1.9547925608011447
5937,4.7775,4.8825,0.40020600858369104,1.9547925608011447
5938,4.7825,4.88375,0.3985579399141631,1.9456366237482121
5939,4.7925,4.88125,0.3993819742489271,1.9502145922746783
5940,4.79,4.88,0.3977339055793992,1.9433476394849787
5941,4.7875,4.8825,0.39892417739628044,1.9456366237482121
5942,4.785,4.88125,0.3987410586552218,1.9456366237482121
5943,4.7875,4.8825,0.3985579399141631,1.9456366237482121
5944,4.795,4.8825,0.3995650929899857,1.9502145922746783
5945,4.79,4.88125,0.39919885550786843,1.9502145922746783
5946,4.8025,4.88125,0.39837482117310447,1.9456366237482121
5947,4.8025,4.88125,0.40020600858369104,1.9547925608011447
5948,4.79,4.87875,0.39919885550786843,1.9456366237482121
5949,4.81,4.88125,0.40020600858369104,1.9547925608011447
5950,4.805,4.88125,0.4003891273247497,1.9547925608011447
5951,4.7875,4.87875,0.39892417739628044,1.9456366237482121
5952,4.795,4.8825,0.3977339055793992,1.9433476394849787
5953,4.775,4.88125,0.39791702432045783,1.9433476394849787
5954,4.7975,4.8825,0.3997482117310444,1.9502145922746783
5955,4.7875,4.88,0.4008469241773963,1.9570815450643777
5956,4.8075,4.8825,0.4008469241773963,1.9570815450643777
5957,4.7825,4.88,0.3985579399141631,1.9456366237482121
5958,4.8,4.88125,0.3995650929899857,1.9502145922746783
5959,4.7825,4.88125,0.39919885550786843,1.9502145922746783
5960,4.785,4.8825,0.3987410586552218,1.9456366237482121
5961,4.775,4.8825,0.3997482117310444,1.9502145922746783
5962,4.785,4.88125,0.3997482117310444,1.9502145922746783
5963,4.78,4.88125,0.39837482117310447,1.9456366237482121
5964,4.7925,4.8825,0.3997482117310444,1.9502145922746783
5965,4.805,4.88,0.3997482117310444,1.9502145922746783
5966,4.7775,4.88125,0.3981001430615165,1.9433476394849787
5967,4.7725,4.88125,0.3995650929899857,1.9502145922746783
5968,4.8025,4.88,0.39727610872675256,1.9387696709585123
5969,4.79,4.88125,0.39919885550786843,1.9502145922746783
5970,4.7875,4.88,0.40066380543633767,1.9547925608011447
5971,4.8,4.88375,0.3987410586552218,1.9456366237482121
5972,4.77,4.8825,0.3974592274678112,1.9387696709585123
5973,4.78,4.88,0.39837482117310447,1.9502145922746783
5974,4.785,4.88,0.39919885550786843,1.9456366237482121
5975,4.7875,4.88125,0.39892417739628044,1.9456366237482121
5976,4.8075,4.88125,0.40066380543633767,1.9547925608011447
5977,4.7875,4.88125,0.3995650929899857,1.9502145922746783
5978,4.7825,4.88,0.3985579399141631,1.9456366237482121
5979,4.7675,4.8825,0.39727610872675256,1.9387696709585123
5980,4.7925,4.88125,0.39919885550786843,1.9502145922746783
5981,4.7825,4.88,0.3985579399141631,1.9456366237482121
5982,4.815,4.88125,0.40121316165951365,1.9570815450643777
5983,4.8,4.88125,0.39892417739628044,1.9456366237482121
5984,4.7675,4.88,0.39727610872675256,1.9387696709585123
5985,4.7775,4.8825,0.3981001430615165,1.9433476394849787
5986,4.7925,4.8825,0.40002288984263235,1.9547925608011447
5987,4.7925,4.88,0.3993819742489271,1.9502145922746783
5988,4.7775,4.88125,0.3981001430615165,1.9433476394849787
5989,4.795,4.88125,0.3993819742489271,1.9502145922746783
5990,4.81,4.8825,0.4008469241773963,1.9570815450643777
5991,4.785,4.88,0.3987410586552218,1.9456366237482121
5992,4.7925,4.88,0.40020600858369104,1.9547925608011447
5993,4.7875,4.88125,0.39892417739628044,1.9456366237482121
5994,4.775,4.88,0.39791702432045783,1.9433476394849787
5995,4.785,4.87875,0.39837482117310447,1.9433476394849787
5996,4.7925,4.88,0.3993819742489271,1.9502145922746783
5997,4.8,4.88,0.40002288984263235,1.9547925608011447
5998,4.8025,4.8825,0.3985579399141631,1.9456366237482121
5999,4.8025,4.88125,0.40020600858369104,1.9547925608011447
6000,4.79,4.8825,0.39919885550786843,1.9502145922746783
6001,4.79,4.88,0.3997482117310444,1.9502145922746783
6002,4.7975,4.88,0.3997482117310444,1.9502145922746783
6003,4.775,4.88125,0.39791702432045783,1.9433476394849787
6004,4.77,4.88125,0.39892417739628044,1.9456366237482121
6005,4.8175,4.88125,0.4003891273247497,1.9547925608011447
6006,4.7925,4.88125,0.3993819742489271,1.9502145922746783
6007,4.7925,4.88125,0.3997482117310444,1.9502145922746783
6008,4.815,4.88125,0.3981001430615165,1.9433476394849787
6009,4.795,4.88,0.3995650929899857,1.9502145922746783
6010,4.805,4.88,0.3997482117310444,1.9502145922746783
6011,4.7975,4.8825,0.3995650929899857,1.9502145922746783
6012,4.7775,4.87875,0.3981001430615165,1.9433476394849787
6013,4.79,4.88,0.4003891273247497,1.9547925608011447
6014,4.7925,4.8825,0.39919885550786843,1.9502145922746783
6015,4.7975,4.88125,0.3997482117310444,1.9502145922746783
6016,4.7725,4.88125,0.3985579399141631,1.9456366237482121
6017,4.7775,4.88,0.40002288984263235,1.9547925608011447
6018,4.78,4.88,0.39837482117310447,1.9433476394849787
6019,4.785,4.8825,0.3987410586552218,1.9456366237482121
6020,4.81,4.88,0.4008469241773963,1.9570815450643777
6021,4.79,4.8825,0.39919885550786843,1.9502145922746783
6022,4.7875,4.88,0.39892417739628044,1.9456366237482121
6023,4.7875,4.88,0.40020600858369104,1.9547925608011447
6024,4.795,4.88125,0.3995650929899857,1.9502145922746783
6025,4.7875,4.87875,0.39892417739628044,1.9456366237482121
6026,4.79,4.88125,0.3995650929899857,1.9502145922746783
6027,4.805,4.88,0.4003891273247497,1.9547925608011447
6028,4.7975,4.8825,0.3997482117310444,1.9502145922746783
6029,4.7875,4.88125,0.3987410586552218,1.9456366237482121
6030,4.7925,4.88125,0.3993819742489271,1.9502145922746783
6031,4.8225,4.88,0.4018540772532189,1.9616595135908441
6032,4.7875,4.88,0.3995650929899857,1.9502145922746783
6033,4.7825,4.88125,0.3985579399141631,1.9456366237482121
6034,4.795,4.88125,0.3995650929899857,1.9502145922746783
6035,4.79,4.88125,0.39892417739628044,1.9456366237482121
6036,4.8,4.88,0.40002288984263235,1.9547925608011447
6037,4.8025,4.8825,0.40020600858369104,1.9547925608011447
6038,4.7875,4.88,0.3987410586552218,1.9456366237482121
6039,4.7875,4.8825,0.39892417739628044,1.9456366237482121
6040,4.83,4.8825,0.4024949928469242,1.9662374821173105
6041,4.795,4.88125,0.40002288984263235,1.9547925608011447
6042,4.7825,4.88375,0.3985579399141631,1.9456366237482121
6043,4.7875,4.8825,0.39892417739628044,1.9456366237482121
6044,4.785,4.88125,0.3995650929899857,1.9502145922746783
6045,4.7925,4.88,0.3993819742489271,1.9502145922746783
6046,4.775,4.87875,0.39791702432045783,1.9433476394849787
6047,4.8,4.88125,0.3995650929899857,1.9502145922746783
6048,4.78,4.88,0.3993819742489271,1.9502145922746783
6049,4.775,4.8825,0.39791702432045783,1.9433476394849787
6050,4.8025,4.88125,0.3995650929899857,1.9502145922746783
6051,4.7975,4.8825,0.3987410586552218,1.9456366237482121
6052,4.7975,4.88125,0.3997482117310444,1.9502145922746783
6053,4.785,4.8825,0.39919885550786843,1.9502145922746783
6054,4.795,4.88125,0.39919885550786843,1.9502145922746783
6055,4.775,4.88,0.39791702432045783,1.9433476394849787
6056,4.81,4.88,0.39892417739628044,1.9456366237482121
6057,4.7725,4.8825,0.40002288984263235,1.9547925608011447
6058,4.795,4.88,0.3995650929899857,1.9502145922746783
6059,4.8175,4.88,0.39892417739628044,1.9456366237482121
6060,4.8125,4.88,0.3993819742489271,1.9502145922746783
6061,4.7925,4.88125,0.3993819742489271,1.9502145922746783
6062,4.78,4.88125,0.39837482117310447,1.9502145922746783
6063,4.81,4.8825,0.40002288984263235,1.9547925608011447
6064,4.7875,4.8825,0.39892417739628044,1.9456366237482121
6065,4.7675,4.88,0.39727610872675256,1.9387696709585123
6066,4.805,4.88125,0.40002288984263235,1.9547925608011447
6067,4.8,4.8825,0.40002288984263235,1.9547925608011447
6068,4.785,4.88125,0.3987410586552218,1.9456366237482121
6069,4.7875,4.88,0.4003891273247497,1.9547925608011447
6070,4.8,4.88,0.40002288984263235,1.9547925608011447
6071,4.7875,4.88125,0.39892417739628044,1.9456366237482121
6072,4.7925,4.88,0.3993819742489271,1.9502145922746783
6073,4.785,4.88125,0.3987410586552218,1.9456366237482121
6074,4.7975,4.88125,0.3997482117310444,1.9502145922746783
6075,4.8075,4.88,0.3995650929899857,1.9502145922746783
6076,4.795,4.88,0.3995650929899857,1.9502145922746783
6077,4.8025,4.88,0.40020600858369104,1.9547925608011447
6078,4.785,4.88125,0.3997482117310444,1.9502145922746783
6079,4.795,4.8825,0.3995650929899857,1.9502145922746783
6080,4.79,4.88125,0.39919885550786843,1.9502145922746783
6081,4.8,4.87875,0.39892417739628044,1.9456366237482121
6082,4.79,4.87875,0.39919885550786843,1.9456366237482121
6083,4.785,4.88125,0.3987410586552218,1.9456366237482121
6084,4.7825,4.8825,0.3995650929899857,1.9502145922746783
6085,4.8,4.88,0.40002288984263235,1.9547925608011447
6086,4.8025,4.88125,0.40020600858369104,1.9547925608011447
6087,4.7925,4.88125,0.40066380543633767,1.9547925608011447
6088,4.7875,4.88125,0.39892417739628044,1.9456366237482121
6089,4.7975,4.88,0.3997482117310444,1.9502145922746783
6090,4.795,4.88,0.39892417739628044,1.9456366237482121
6091,4.8,4.88125,0.3995650929899857,1.9502145922746783
6092,4.7925,4.88125,0.3993819742489271,1.9502145922746783
6093,4.7675,4.88125,0.3995650929899857,1.9502145922746783
6094,4.785,4.88125,0.3993819742489271,1.9502145922746783
6095,4.79,4.88125,0.39919885550786843,1.9502145922746783
6096,4.7875,4.88,0.40020600858369104,1.9547925608011447
6097,4.8075,4.88125,0.39892417739628044,1.9456366237482121
6098,4.795,4.8825,0.3995650929899857,1.9502145922746783
6099,4.7925,4.88,0.40121316165951365,1.9570815450643777
6100,4.785,4.88125,0.3995650929899857,1.9502145922746783
6101,4.7875,4.8825,0.39892417739628044,1.9456366237482121
6102,4.7875,4.8825,0.3997482117310444,1.9502145922746783
6103,4.77,4.88125,0.4003891273247497,1.9547925608011447
6104,4.78,4.88125,0.39837482117310447,1.9456366237482121
6105,4.785,4.88125,0.39919885550786843,1.9502145922746783
6106,4.8025,4.88125,0.40066380543633767,1.9547925608011447
6107,4.805,4.88125,0.4003891273247497,1.9547925608011447
6108,4.78,4.88125,0.39837482117310447,1.9456366237482121
6109,4.7875,4.88,0.39919885550786843,1.9456366237482121
6110,4.8,4.88,0.40002288984263235,1.9547925608011447
6111,4.81,4.88125,0.4008469241773963,1.9570815450643777
6112,4.805,4.8825,0.39837482117310447,1.9456366237482121
6113,4.79,4.88,0.39919885550786843,1.9456366237482121
6114,4.795,4.88125,0.3995650929899857,1.9502145922746783
6115,4.7825,4.88125,0.40002288984263235,1.9547925608011447
6116,4.785,4.88125,0.3987410586552218,1.9456366237482121
6117,4.81,4.88125,0.4008469241773963,1.9570815450643777
6118,4.7925,4.88,0.39892417739628044,1.9456366237482121
6119,4.785,4.88,0.3987410586552218,1.9456366237482121
6120,4.7875,4.88,0.39892417739628044,1.9456366237482121
6121,4.8125,4.8825,0.39919885550786843,1.9502145922746783
6122,4.7825,4.88125,0.3985579399141631,1.9456366237482121
6123,4.795,4.8825,0.3995650929899857,1.9502145922746783
6124,4.8025,4.88125,0.3997482117310444,1.9502145922746783
6125,4.805,4.88125,0.4003891273247497,1.9547925608011447
6126,4.8075,4.8825,0.40066380543633767,1.9570815450643777
6127,4.795,4.88125,0.40020600858369104,1.9547925608011447
6128,4.7875,4.88125,0.39892417739628044,1.9456366237482121
6129,4.7875,4.88,0.39892417739628044,1.9456366237482121
6130,4.78,4.88125,0.39919885550786843,1.9502145922746783
6131,4.8,4.88125,0.40002288984263235,1.9547925608011447
6132,4.795,4.88125,0.3995650929899857,1.9502145922746783
6133,4.7875,4.88125,0.39919885550786843,1.9502145922746783
6134,4.8025,4.88125,0.40020600858369104,1.9547925608011447
6135,4.7975,4.88125,0.3997482117310444,1.9502145922746783
6136,4.79,4.88125,0.39837482117310447,1.9456366237482121
6137,4.8025,4.88125,0.39919885550786843,1.9502145922746783
6138,4.7975,4.88125,0.3997482117310444,1.9502145922746783
6139,4.795,4.8825,0.39919885550786843,1.9502145922746783
6140,4.7725,4.88125,0.3995650929899857,1.9502145922746783
6141,4.8,4.88,0.40002288984263235,1.9547925608011447
6142,4.7925,4.88125,0.3985579399141631,1.9456366237482121
6143,4.775,4.88125,0.4003891273247497,1.9547925608011447
6144,4.79,4.88,0.39919885550786843,1.9456366237482121
6145,4.79,4.88,0.40020600858369104,1.9547925608011447
6146,4.7975,4.8825,0.4008469241773963,1.9570815450643777
6147,4.795,4.88125,0.3995650929899857,1.9502145922746783
6148,4.7975,4.88125,0.39892417739628044,1.9456366237482121
6149,4.7975,4.8825,0.3997482117310444,1.9502145922746783
6150,4.8025,4.8825,0.40020600858369104,1.9547925608011447
6151,4.785,4.88,0.3987410586552218,1.9502145922746783
6152,4.7875,4.88125,0.4003891273247497,1.9547925608011447
6153,4.7925,4.88125,0.3993819742489271,1.9502145922746783
6154,4.79,4.88125,0.39919885550786843,1.9502145922746783
6155,4.7925,4.88,0.3997482117310444,1.9502145922746783
6156,4.7825,4.8825,0.3985579399141631,1.9456366237482121
6157,4.8,4.88125,0.40002288984263235,1.9547925608011447
6158,4.8025,4.87875,0.4003891273247497,1.9547925608011447
6159,4.8025,4.8825,0.40020600858369104,1.9547925608011447
6160,4.805,4.8825,0.4003891273247497,1.9547925608011447
6161,4.7875,4.88125,0.40020600858369104,1.9547925608011447
6162,4.795,4.88125,0.3995650929899857,1.9502145922746783
6163,4.8025,4.88,0.40020600858369104,1.9547925608011447
6164,4.795,4.88125,0.39892417739628044,1.9456366237482121
6165,4.7875,4.88,0.39892417739628044,1.9456366237482121
6166,4.8075,4.88125,0.40066380543633767,1.9547925608011447
6167,4.79,4.88125,0.3993819742489271,1.9502145922746783
6168,4.7925,4.88125,0.3993819742489271,1.9502145922746783
6169,4.7875,4.88125,0.39892417739628044,1.9456366237482121
6170,4.8125,4.88,0.39919885550786843,1.9456366237482121
6171,4.8025,4.88125,0.40020600858369104,1.9547925608011447
6172,4.7775,4.88125,0.3981001430615165,1.9433476394849787
6173,4.7825,4.88125,0.39919885550786843,1.9502145922746783
6174,4.8,4.88125,0.40002288984263235,1.9547925608011447
6175,4.795,4.88125,0.3995650929899857,1.9502145922746783
6176,4.8,4.8825,0.3993819742489271,1.9502145922746783
6177,4.7925,4.88125,0.3993819742489271,1.9502145922746783
6178,4.7975,4.88,0.3997482117310444,1.9502145922746783
6179,4.7925,4.88,0.4003891273247497,1.9547925608011447
6180,4.805,4.88125,0.3987410586552218,1.9456366237482121
6181,4.79,4.88,0.39919885550786843,1.9456366237482121
6182,4.79,4.88125,0.3997482117310444,1.9502145922746783
6183,4.7975,4.8825,0.3993819742489271,1.9502145922746783
6184,4.795,4.88,0.3995650929899857,1.9502145922746783
6185,4.78,4.88125,0.39892417739628044,1.9456366237482121
6186,4.77,4.88,0.40002288984263235,1.9547925608011447
6187,4.785,4.88375,0.3987410586552218,1.9456366237482121
6188,4.8075,4.8825,0.3997482117310444,1.9502145922746783
6189,4.7875,4.8825,0.3993819742489271,1.9502145922746783
6190,4.785,4.88,0.3987410586552218,1.9456366237482121
6191,4.8025,4.88125,0.39892417739628044,1.9456366237482121
6192,4.8,4.88,0.40002288984263235,1.9547925608011447
6193,4.795,4.8825,0.3995650929899857,1.9502145922746783
6194,4.8075,4.88125,0.3993819742489271,1.9502145922746783
6195,4.795,4.88125,0.40020600858369104,1.9547925608011447
6196,4.79,4.88125,0.39919885550786843,1.9502145922746783
6197,4.785,4.88,0.3987410586552218,1.9456366237482121
6198,4.775,4.88125,0.3993819742489271,1.9502145922746783
6199,4.7975,4.88125,0.3997482117310444,1.9502145922746783
6200,4.8,4.8825,0.40002288984263235,1.9547925608011447
6201,4.7725,4.8825,0.3995650929899857,1.9502145922746783
6202,4.79,4.88125,0.39919885550786843,1.9502145922746783
6203,4.8,4.88125,0.40002288984263235,1.9547925608011447
6204,4.785,4.88125,0.4003891273247497,1.9547925608011447
6205,4.795,4.88125,0.3995650929899857,1.9502145922746783
6206,4.805,4.88125,0.4003891273247497,1.9547925608011447
6207,4.78,4.88125,0.3997482117310444,1.9502145922746783
6208,4.7975,4.8825,0.3997482117310444,1.9502145922746783
6209,4.78,4.88125,0.39837482117310447,1.9456366237482121
6210,4.805,4.88125,0.3985579399141631,1.9456366237482121
6211,4.805,4.8825,0.4003891273247497,1.9547925608011447
6212,4.825,4.88125,0.4021287553648069,1.9616595135908441
6213,4.79,4.8825,0.3985579399141631,1.9456366237482121
6214,4.785,4.87875,0.3987410586552218,1.9456366237482121
6215,4.795,4.88125,0.3995650929899857,1.9502145922746783
6216,4.8,4.8825,0.3995650929899857,1.9502145922746783
6217,4.7875,4.88125,0.39892417739628044,1.9456366237482121
6218,4.81,4.88,0.4008469241773963,1.9570815450643777
6219,4.7875,4.8825,0.4003891273247497,1.9547925608011447
6220,4.7875,4.88125,0.39892417739628044,1.9456366237482121
6221,4.785,4.88,0.3987410586552218,1.9456366237482121
6222,4.79,4.8825,0.39919885550786843,1.9502145922746783
6223,4.8,4.88125,0.3997482117310444,1.9502145922746783
6224,4.775,4.8825,0.39791702432045783,1.9433476394849787
6225,4.8075,4.88125,0.39919885550786843,1.9502145922746783
6226,4.79,4.88125,0.3993819742489271,1.9502145922746783
6227,4.7975,4.8825,0.3997482117310444,1.9502145922746783
6228,4.8,4.8825,0.3995650929899857,1.9502145922746783
6229,4.7875,4.8825,0.3995650929899857,1.9502145922746783
6230,4.815,4.88125,0.40121316165951365,1.9570815450643777
6231,4.785,4.88125,0.39892417739628044,1.9456366237482121
6232,4.785,4.88,0.3993819742489271,1.9502145922746783
6233,4.7825,4.88125,0.3985579399141631,1.9456366237482121
6234,4.7825,4.88125,0.39892417739628044,1.9456366237482121
6235,4.8025,4.88125,0.39892417739628044,1.9456366237482121
6236,4.79,4.88125,0.39919885550786843,1.9502145922746783
6237,4.785,4.88,0.3993819742489271,1.9502145922746783
6238,4.81,4.8825,0.3985579399141631,1.9456366237482121
6239,4.805,4.88,0.4003891273247497,1.9547925608011447
6240,4.7875,4.88125,0.39892417739628044,1.9547925608011447
6241,4.8025,4.88125,0.3997482117310444,1.9502145922746783
6242,4.7925,4.88,0.3993819742489271,1.9502145922746783
6243,4.8025,4.88125,0.40020600858369104,1.9547925608011447
6244,4.7725,4.8825,0.40002288984263235,1.9547925608011447
6245,4.7775,4.88,0.3981001430615165,1.9433476394849787
6246,4.8075,4.88125,0.40066380543633767,1.9547925608011447
6247,4.7775,4.8825,0.3995650929899857,1.9502145922746783
6248,4.78,4.88125,0.39837482117310447,1.9456366237482121
6249,4.7975,4.8825,0.3997482117310444,1.9502145922746783
6250,4.7875,4.8825,0.39919885550786843,1.9502145922746783
6251,4.805,4.88125,0.4003891273247497,1.9547925608011447
6252,4.7975,4.88125,0.3997482117310444,1.9502145922746783
6253,4.805,4.88125,0.3987410586552218,1.9456366237482121
6254,4.7725,4.88,0.3977339055793992,1.9433476394849787
6255,4.7925,4.8825,0.3993819742489271,1.9502145922746783
6256,4.7925,4.88125,0.3995650929899857,1.9502145922746783
6257,4.7925,4.88125,0.3993819742489271,1.9502145922746783
6258,4.81,4.88125,0.4008469241773963,1.9570815450643777
6259,4.8075,4.87875,0.40002288984263235,1.9502145922746783
6260,4.7775,4.8825,0.3981001430615165,1.9433476394849787
6261,4.7825,4.88125,0.3985579399141631,1.9456366237482121
6262,4.79,4.8825,0.40002288984263235,1.9547925608011447
6263,4.8075,4.88,0.40066380543633767,1.9547925608011447
6264,4.7925,4.88125,0.3993819742489271,1.9502145922746783
6265,4.8,4.88,0.3995650929899857,1.9502145922746783
6266,4.7875,4.88125,0.39892417739628044,1.9456366237482121
6267,4.8025,4.88,0.40020600858369104,1.9547925608011447
6268,4.79,4.88125,0.3995650929899857,1.9502145922746783
6269,4.7925,4.88125,0.4003891273247497,1.9547925608011447
6270,4.805,4.88125,0.4003891273247497,1.9547925608011447
6271,4.795,4.8825,0.3995650929899857,1.9502145922746783
6272,4.79,4.88,0.40148783977110164,1.9570815450643777
6273,4.77,4.88,0.3974592274678112,1.9387696709585123
6274,4.8025,4.88125,0.3995650929899857,1.9502145922746783
6275,4.7875,4.88125,0.40002288984263235,1.9547925608011447
6276,4.805,4.88,0.4003891273247497,1.9547925608011447
6277,4.785,4.88125,0.40002288984263235,1.9547925608011447
6278,4.7825,4.88,0.40148783977110164,1.9570815450643777
6279,4.7925,4.88,0.3993819742489271,1.9502145922746783
6280,4.7825,4.88,0.4003891273247497,1.9547925608011447
6281,4.795,4.8825,0.3985579399141631,1.9456366237482121
6282,4.785,4.88,0.3987410586552218,1.9456366237482121
6283,4.7975,4.88125,0.3995650929899857,1.9502145922746783
6284,4.79,4.88125,0.4016709585121603,1.9616595135908441
6285,4.815,4.88125,0.40121316165951365,1.9570815450643777
6286,4.77,4.88125,0.3974592274678112,1.9387696709585123
6287,4.79,4.88,0.39919885550786843,1.9456366237482121
6288,4.8025,4.88125,0.40020600858369104,1.9547925608011447
6289,4.7875,4.88125,0.39892417739628044,1.9456366237482121
6290,4.7975,4.88125,0.3995650929899857,1.9502145922746783
6291,4.8025,4.88,0.40020600858369104,1.9547925608011447
6292,4.79,4.88,0.39919885550786843,1.9456366237482121
6293,4.7975,4.88,0.4003891273247497,1.9547925608011447
6294,4.785,4.88125,0.3987410586552218,1.9456366237482121
6295,4.805,4.88125,0.4003891273247497,1.9547925608011447
6296,4.78,4.88125,0.3987410586552218,1.9456366237482121
6297,4.79,4.88125,0.39919885550786843,1.9502145922746783
6298,4.8175,4.8825,0.40148783977110164,1.9616595135908441
6299,4.785,4.88,0.4003891273247497,1.9547925608011447
6300,4.8175,4.88,0.40148783977110164,1.9570815450643777
6301,4.7975,4.88125,0.3997482117310444,1.9502145922746783
6302,4.7875,4.88125,0.39892417739628044,1.9456366237482121
6303,4.8125,4.88125,0.40103004291845495,1.9570815450643777
6304,4.7825,4.88,0.3985579399141631,1.9456366237482121
6305,4.79,4.88125,0.4008469241773963,1.9570815450643777
6306,4.795,4.88,0.3995650929899857,1.9502145922746783
6307,4.775,4.8825,0.39791702432045783,1.9433476394849787
6308,4.785,4.88125,0.3985579399141631,1.9456366237482121
6309,4.8075,4.88125,0.40066380543633767,1.9547925608011447
6310,4.8025,4.88125,0.40020600858369104,1.9547925608011447
6311,4.8025,4.88,0.39919885550786843,1.9456366237482121
6312,4.785,4.88125,0.40002288984263235,1.9547925608011447
6313,4.785,4.88125,0.3987410586552218,1.9456366237482121
6314,4.81,4.8825,0.39892417739628044,1.9456366237482121
6315,4.7975,4.88125,0.39837482117310447,1.9456366237482121
6316,4.7875,4.88125,0.39892417739628044,1.9456366237482121
6317,4.775,4.88125,0.39727610872675256,1.9387696709585123
6318,4.7825,4.88125,0.3997482117310444,1.9502145922746783
6319,4.79,4.88125,0.39919885550786843,1.9502145922746783
6320,4.78,4.8825,0.40002288984263235,1.9547925608011447
6321,4.785,4.88125,0.3987410586552218,1.9456366237482121
6322,4.8,4.8825,0.40002288984263235,1.9547925608011447
6323,4.795,4.88,0.3997482117310444,1.9502145922746783
6324,4.7975,4.8825,0.3974592274678112,1.9387696709585123
6325,4.7825,4.8825,0.3985579399141631,1.9456366237482121
6326,4.795,4.88125,0.3985579399141631,1.9456366237482121
6327,4.7875,4.88125,0.39791702432045783,1.9433476394849787
6328,4.795,4.88125,0.3995650929899857,1.9502145922746783
6329,4.78,4.88,0.39837482117310447,1.9616595135908441
6330,4.7975,4.8825,0.3997482117310444,1.9502145922746783
6331,4.8025,4.88125,0.40020600858369104,1.9547925608011447
6332,4.8,4.8825,0.40002288984263235,1.9547925608011447
6333,4.78,4.8825,0.40002288984263235,1.9547925608011447
6334,4.7975,4.88125,0.3997482117310444,1.9502145922746783
6335,4.7725,4.87875,0.3977339055793992,1.9387696709585123
6336,4.7925,4.8825,0.39919885550786843,1.9502145922746783
6337,4.785,4.88,0.3987410586552218,1.9456366237482121
6338,4.7975,4.88125,0.3997482117310444,1.9502145922746783
6339,4.7775,4.88125,0.3997482117310444,1.9502145922746783
6340,4.7975,4.8825,0.3997482117310444,1.9502145922746783
6341,4.79,4.88125,0.39919885550786843,1.9502145922746783
6342,4.7825,4.88,0.39919885550786843,1.9456366237482121
6343,4.7925,4.88125,0.3993819742489271,1.9502145922746783
6344,4.7975,4.88,0.3997482117310444,1.9502145922746783
6345,4.78,4.88125,0.39919885550786843,1.9502145922746783
6346,4.81,4.88,0.4008469241773963,1.9570815450643777
6347,4.8,4.88,0.40002288984263235,1.9547925608011447
6348,4.79,4.88,0.3993819742489271,1.9502145922746783
6349,4.7975,4.88125,0.3997482117310444,1.9502145922746783
6350,4.7975,4.88,0.3997482117310444,1.9502145922746783
6351,4.805,4.88,0.3987410586552218,1.9456366237482121
6352,4.8125,4.8825,0.40103004291845495,1.9570815450643777
6353,4.7975,4.88,0.3997482117310444,1.9502145922746783
6354,4.795,4.88,0.40066380543633767,1.9547925608011447
6355,4.8025,4.87875,0.40020600858369104,1.9547925608011447
6356,4.8125,4.8825,0.40103004291845495,1.9570815450643777
6357,4.785,4.88125,0.39892417739628044,1.9456366237482121
6358,4.785,4.87875,0.4003891273247497,1.9547925608011447
6359,4.775,4.88125,0.39791702432045783,1.9433476394849787
6360,4.81,4.8825,0.39892417739628044,1.9456366237482121
6361,4.78,4.88,0.40002288984263235,1.9547925608011447
6362,4.7975,4.88125,0.3997482117310444,1.9502145922746783
6363,4.785,4.88125,0.39837482117310447,1.9456366237482121
6364,4.79,4.88125,0.39837482117310447,1.9456366237482121
6365,4.79,4.88125,0.39919885550786843,1.9502145922746783
6366,4.8025,4.88125,0.40020600858369104,1.9547925608011447
6367,4.8025,4.88125,0.39892417739628044,1.9456366237482121
6368,4.79,4.88125,0.39919885550786843,1.9502145922746783
6369,4.815,4.88125,0.3993819742489271,1.9502145922746783
6370,4.7875,4.87875,0.4008469241773963,1.9547925608011447
6371,4.7975,4.88,0.3997482117310444,1.9502145922746783
6372,4.795,4.88125,0.39709298998569387,1.9387696709585123
6373,4.7725,4.88125,0.40148783977110164,1.9616595135908441
6374,4.805,4.88,0.4003891273247497,1.9547925608011447
6375,4.8,4.88,0.40002288984263235,1.9456366237482121
6376,4.7825,4.88125,0.39892417739628044,1.9456366237482121
6377,4.7725,4.88,0.3977339055793992,1.9433476394849787
6378,4.8,4.88,0.40002288984263235,1.9547925608011447
6379,4.8,4.8825,0.3981001430615165,1.9433476394849787
6380,4.785,4.88125,0.3987410586552218,1.9456366237482121
6381,4.795,4.88125,0.3995650929899857,1.9502145922746783
6382,4.7825,4.88,0.3985579399141631,1.9456366237482121
6383,4.8125,4.88125,0.40103004291845495,1.9570815450643777
6384,4.7925,4.88125,0.3993819742489271,1.9502145922746783
6385,4.7825,4.88125,0.39892417739628044,1.9456366237482121
6386,4.795,4.88125,0.3995650929899857,1.9502145922746783
6387,4.79,4.88125,0.39919885550786843,1.9502145922746783
6388,4.795,4.8825,0.3987410586552218,1.9456366237482121
6389,4.7925,4.8825,0.3993819742489271,1.9502145922746783
6390,4.805,4.88,0.4003891273247497,1.9547925608011447
6391,4.8,4.88,0.3974592274678112,1.9387696709585123
6392,4.8175,4.8825,0.40148783977110164,1.9616595135908441
6393,4.7975,4.88125,0.3997482117310444,1.9502145922746783
6394,4.795,4.88125,0.40020600858369104,1.9547925608011447
6395,4.8025,4.8825,0.40020600858369104,1.9547925608011447
6396,4.795,4.88125,0.3995650929899857,1.9502145922746783
6397,4.7825,4.8825,0.3997482117310444,1.9502145922746783
6398,4.8025,4.88,0.40020600858369104,1.9547925608011447
6399,4.7925,4.88,0.3993819742489271,1.9502145922746783
6400,4.7925,4.88,0.3981001430615165,1.9433476394849787
6401,4.81,4.88125,0.4008469241773963,1.9570815450643777
6402,4.795,4.88125,0.3995650929899857,1.9502145922746783
6403,4.8025,4.88,0.3981001430615165,1.9433476394849787
6404,4.78,4.88,0.3993819742489271,1.9502145922746783
6405,4.8075,4.88,0.40066380543633767,1.9547925608011447
6406,4.8125,4.8825,0.3985579399141631,1.9456366237482121
6407,4.78,4.8825,0.3987410586552218,1.9456366237482121
6408,4.7825,4.88125,0.3985579399141631,1.9456366237482121
6409,4.8,4.88,0.40002288984263235,1.9547925608011447
6410,4.7925,4.88125,0.40002288984263235,1.9547925608011447
6411,4.8075,4.88125,0.40066380543633767,1.9547925608011447
6412,4.7825,4.88125,0.39919885550786843,1.9502145922746783
6413,4.7825,4.88,0.3981001430615165,1.9433476394849787
6414,4.8,4.88125,0.40002288984263235,1.9547925608011447
6415,4.78,4.88,0.40002288984263235,1.9547925608011447
6416,4.79,4.88,0.39892417739628044,1.9456366237482121
6417,4.8075,4.88,0.40066380543633767,1.9547925608011447
6418,4.8,4.8825,0.4008469241773963,1.9570815450643777
6419,4.7825,4.88125,0.39892417739628044,1.9456366237482121
6420,4.8,4.88,0.40002288984263235,1.9547925608011447
6421,4.7925,4.88125,0.3993819742489271,1.9502145922746783
6422,4.795,4.88125,0.3997482117310444,1.9502145922746783
6423,4.7975,4.8825,0.3997482117310444,1.9502145922746783
6424,4.7675,4.8825,0.39727610872675256,1.9387696709585123
6425,4.775,4.8825,0.40066380543633767,1.9570815450643777
6426,4.7725,4.88125,0.3977339055793992,1.9433476394849787
6427,4.8025,4.88,0.40020600858369104,1.9547925608011447
6428,4.7975,4.88,0.3987410586552218,1.9456366237482121
6429,4.805,4.88,0.4003891273247497,1.9547925608011447
6430,4.8075,4.8825,0.40066380543633767,1.9570815450643777
6431,4.785,4.8825,0.39892417739628044,1.9456366237482121
6432,4.7825,4.8825,0.3985579399141631,1.9456366237482121
6433,4.785,4.88,0.3987410586552218,1.9456366237482121
6434,4.7775,4.88125,0.40002288984263235,1.9547925608011447
6435,4.78,4.88,0.39837482117310447,1.9433476394849787
6436,4.795,4.88,0.3995650929899857,1.9502145922746783
6437,4.8,4.88125,0.3993819742489271,1.9502145922746783
6438,4.7875,4.88125,0.39892417739628044,1.9456366237482121
6439,4.7675,4.8825,0.39727610872675256,1.9387696709585123
6440,4.7825,4.88125,0.3981001430615165,1.9433476394849787
6441,4.8125,4.88,0.40103004291845495,1.9570815450643777
6442,4.805,4.88125,0.4003891273247497,1.9547925608011447
6443,4.7875,4.8825,0.3997482117310444,1.9502145922746783
6444,4.7825,4.88,0.3985579399141631,1.9456366237482121
6445,4.79,4.88125,0.39919885550786843,1.9502145922746783
6446,4.7825,4.88,0.4003891273247497,1.9547925608011447
6447,4.7975,4.88,0.4008469241773963,1.9570815450643777
6448,4.8,4.88125,0.40002288984263235,1.9547925608011447
6449,4.8025,4.88125,0.3995650929899857,1.9502145922746783
6450,4.795,4.8825,0.3974592274678112,1.9387696709585123
6451,4.7925,4.88125,0.3993819742489271,1.9502145922746783
6452,4.785,4.8825,0.3997482117310444,1.9502145922746783
6453,4.805,4.88,0.39892417739628044,1.9456366237482121
6454,4.82,4.88125,0.4016709585121603,1.9616595135908441
6455,4.7775,4.88375,0.3977339055793992,1.9433476394849787
6456,4.785,4.88375,0.4003891273247497,1.9547925608011447
6457,4.7975,4.88,0.3997482117310444,1.9502145922746783
6458,4.8,4.8825,0.3997482117310444,1.9502145922746783
6459,4.8,4.8825,0.3993819742489271,1.9502145922746783
6460,4.8025,4.88125,0.40020600858369104,1.9547925608011447
6461,4.78,4.88,0.3993819742489271,1.9502145922746783
6462,4.775,4.87875,0.40002288984263235,1.9502145922746783
6463,4.785,4.88125,0.3987410586552218,1.9456366237482121
6464,4.79,4.88375,0.39919885550786843,1.9570815450643777
6465,4.81,4.88,0.40066380543633767,1.9547925608011447
6466,4.79,4.88,0.39919885550786843,1.9456366237482121
6467,4.79,4.88,0.39919885550786843,1.9456366237482121
6468,4.795,4.88,0.3993819742489271,1.9502145922746783
6469,4.79,4.88,0.39919885550786843,1.9456366237482121
6470,4.7925,4.88125,0.3993819742489271,1.9502145922746783
6471,4.7975,4.88,0.3997482117310444,1.9502145922746783
6472,4.7925,4.88125,0.3993819742489271,1.9502145922746783
6473,4.7775,4.8825,0.3981001430615165,1.9433476394849787
6474,4.795,4.88125,0.40121316165951365,1.9570815450643777
6475,4.795,4.88125,0.3995650929899857,1.9502145922746783
6476,4.81,4.88,0.4008469241773963,1.9570815450643777
6477,4.7925,4.88,0.40066380543633767,1.9547925608011447
6478,4.7875,4.8825,0.39892417739628044,1.9456366237482121
6479,4.7825,4.8825,0.3985579399141631,1.9456366237482121
6480,4.7925,4.88125,0.3987410586552218,1.9456366237482121
6481,4.7775,4.88,0.3981001430615165,1.9433476394849787
6482,4.81,4.88125,0.4008469241773963,1.9570815450643777
6483,4.815,4.88,0.3981001430615165,1.9433476394849787
6484,4.8125,4.88125,0.40103004291845495,1.9570815450643777
6485,4.8,4.8825,0.40002288984263235,1.9547925608011447
6486,4.785,4.88125,0.4016709585121603,1.9616595135908441
6487,4.7875,4.8825,0.39892417739628044,1.9456366237482121
6488,4.8075,4.88125,0.40066380543633767,1.9547925608011447
6489,4.8,4.88,0.3987410586552218,1.9456366237482121
6490,4.79,4.8825,0.39919885550786843,1.9502145922746783
6491,4.795,4.88,0.3995650929899857,1.9502145922746783
6492,4.785,4.88,0.39919885550786843,1.9456366237482121
6493,4.8,4.88,0.3995650929899857,1.9502145922746783
6494,4.805,4.88125,0.4003891273247497,1.9547925608011447
6495,4.81,4.8825,0.3993819742489271,1.9502145922746783
6496,4.775,4.88125,0.4003891273247497,1.9547925608011447
6497,4.79,4.88125,0.39919885550786843,1.9502145922746783
6498,4.7925,4.88125,0.3987410586552218,1.9456366237482121
6499,4.785,4.88125,0.3995650929899857,1.9502145922746783
6500,4.78,4.88125,0.39837482117310447,1.9456366237482121
6501,4.7775,4.88125,0.3985579399141631,1.9456366237482121
6502,4.8,4.88125,0.39892417739628044,1.9456366237482121
6503,4.7775,4.88125,0.3981001430615165,1.9433476394849787
6504,4.8175,4.88125,0.3987410586552218,1.9456366237482121
6505,4.815,4.88125,0.40020600858369104,1.9547925608011447
6506,4.78,4.88125,0.39837482117310447,1.9456366237482121
6507,4.7825,4.8825,0.40002288984263235,1.9547925608011447
6508,4.795,4.88,0.3995650929899857,1.9502145922746783
6509,4.7875,4.8825,0.39892417739628044,1.9456366237482121
6510,4.8025,4.87875,0.40020600858369104,1.9502145922746783
6511,4.78,4.88125,0.4003891273247497,1.9547925608011447
6512,4.7925,4.88125,0.3993819742489271,1.9502145922746783
6513,4.805,4.87875,0.4003891273247497,1.9547925608011447
6514,4.795,4.8825,0.40020600858369104,1.9547925608011447
6515,4.8125,4.87875,0.40103004291845495,1.9570815450643777
6516,4.805,4.8825,0.4003891273247497,1.9547925608011447
6517,4.775,4.88125,0.3993819742489271,1.9502145922746783
6518,4.7875,4.88125,0.39892417739628044,1.9456366237482121
6519,4.7875,4.8825,0.39892417739628044,1.9456366237482121
6520,4.795,4.88125,0.40066380543633767,1.9547925608011447
6521,4.7875,4.8825,0.39892417739628044,1.9456366237482121
6522,4.8225,4.88125,0.4018540772532189,1.9616595135908441
6523,4.8075,4.88125,0.39837482117310447,1.9456366237482121
6524,4.8025,4.8825,0.40020600858369104,1.9547925608011447
6525,4.7825,4.88125,0.3985579399141631,1.9456366237482121
6526,4.7975,4.8825,0.3985579399141631,1.9456366237482121
6527,4.7875,4.88125,0.39892417739628044,1.9456366237482121
6528,4.7975,4.88125,0.3997482117310444,1.9502145922746783
6529,4.7925,4.88125,0.40103004291845495,1.9570815450643777
6530,4.81,4.88125,0.4008469241773963,1.9570815450643777
6531,4.7875,4.88,0.39892417739628044,1.9456366237482121
6532,4.8025,4.88125,0.40103004291845495,1.9570815450643777
6533,4.78,4.88125,0.39837482117310447,1.9456366237482121
6534,4.8025,4.88125,0.40020600858369104,1.9547925608011447
6535,4.8,4.88,0.3993819742489271,1.9502145922746783
6536,4.8,4.88,0.40002288984263235,1.9547925608011447
6537,4.8,4.8825,0.40002288984263235,1.9547925608011447
6538,4.8175,4.88125,0.3993819742489271,1.9502145922746783
6539,4.8425,4.88,0.3995650929899857,1.9502145922746783
6540,4.805,4.88,0.4003891273247497,1.9547925608011447
6541,4.7825,4.88,0.39727610872675256,1.9387696709585123
6542,4.815,4.88,0.3987410586552218,1.9456366237482121
6543,4.7925,4.88375,0.3993819742489271,1.9502145922746783
6544,4.81,4.88125,0.3985579399141631,1.9456366237482121
6545,4.8125,4.8825,0.3987410586552218,1.9456366237482121
6546,4.7875,4.88,0.39892417739628044,1.9456366237482121
6547,4.765,4.88125,0.40002288984263235,1.9547925608011447
6548,4.8325,4.88125,0.40020600858369104,1.9547925608011447
6549,4.78,4.87875,0.39837482117310447,1.9433476394849787
6550,4.8075,4.88,0.39919885550786843,1.9456366237482121
6551,4.8575,4.8825,0.3997482117310444,1.9502145922746783
6552,4.7825,4.88125,0.3985579399141631,1.9456366237482121
6553,4.7975,4.88,0.40148783977110164,1.9570815450643777
6554,4.76,4.88125,0.3995650929899857,1.9502145922746783
6555,4.805,4.87875,0.4003891273247497,1.9547925608011447
6556,4.7725,4.88,0.3977339055793992,1.9433476394849787
6557,4.815,4.88,0.3995650929899857,1.9502145922746783
6558,4.7925,4.8825,0.3993819742489271,1.9502145922746783
6559,4.82,4.88,0.4016709585121603,1.9616595135908441
6560,4.81,4.88,0.3997482117310444,1.9502145922746783
6561,4.7875,4.88,0.39892417739628044,1.9456366237482121
6562,4.815,4.88125,0.40121316165951365,1.9570815450643777
6563,4.825,4.87875,0.39919885550786843,1.9456366237482121
6564,4.8,4.88,0.40002288984263235,1.9547925608011447
6565,4.765,4.8825,0.39709298998569387,1.9387696709585123
6566,4.845,4.88125,0.40103004291845495,1.9570815450643777
6567,4.7975,4.88125,0.3997482117310444,1.9502145922746783
6568,4.8,4.88125,0.40002288984263235,1.9547925608011447
6569,4.8325,4.88125,0.4008469241773963,1.9570815450643777
6570,4.79,4.8825,0.39919885550786843,1.9502145922746783
6571,4.7775,4.88375,0.3981001430615165,1.9433476394849787
6572,4.7575,4.88,0.40103004291845495,1.9570815450643777
6573,4.79,4.88,0.39919885550786843,1.9456366237482121
6574,4.8025,4.8825,0.40020600858369104,1.9547925608011447
6575,4.795,4.88125,0.39892417739628044,1.9456366237482121
6576,4.7975,4.88125,0.3997482117310444,1.9502145922746783
6577,4.795,4.88,0.3995650929899857,1.9502145922746783
6578,4.85,4.88,0.40066380543633767,1.9547925608011447
6579,4.7875,4.88,0.39892417739628044,1.9456366237482121
6580,4.7825,4.88125,0.3985579399141631,1.9456366237482121
6581,4.7675,4.8825,0.40002288984263235,1.9547925608011447
6582,4.7875,4.88,0.39892417739628044,1.9456366237482121
6583,4.8475,4.8825,0.4039599427753935,1.9731044349070102
6584,4.8075,4.87875,0.3985579399141631,1.9433476394849787
6585,4.835,4.88125,0.3997482117310444,1.9502145922746783
6586,4.7675,4.8775,0.39727610872675256,1.9387696709585123
6587,4.8,4.88,0.40020600858369104,1.9547925608011447
6588,4.7875,4.88,0.40103004291845495,1.9570815450643777
6589,4.8125,4.87875,0.40103004291845495,1.9570815450643777
6590,4.81,4.8825,0.3997482117310444,1.9502145922746783
6591,4.805,4.8825,0.40103004291845495,1.9570815450643777
6592,4.8025,4.8825,0.40020600858369104,1.9547925608011447
6593,4.8075,4.88125,0.3985579399141631,1.9456366237482121
6594,4.8075,4.88125,0.40148783977110164,1.9616595135908441
6595,4.8025,4.88125,0.40020600858369104,1.9547925608011447
6596,4.77,4.88125,0.40002288984263235,1.9547925608011447
6597,4.7825,4.88375,0.40103004291845495,1.9570815450643777
6598,4.77,4.88,0.3974592274678112,1.9387696709585123
6599,4.78,4.88,0.3995650929899857,1.9502145922746783
6600,4.8025,4.88,0.3993819742489271,1.9502145922746783
6601,4.775,4.88,0.39791702432045783,1.9433476394849787
6602,4.79,4.88125,0.39919885550786843,1.9456366237482121
6603,4.775,4.88,0.39791702432045783,1.9433476394849787
6604,4.7875,4.8825,0.39892417739628044,1.9456366237482121
6605,4.8525,4.88,0.4044177396280401,1.9731044349070102
6606,4.785,4.88125,0.3997482117310444,1.9502145922746783
6607,4.79,4.88,0.39919885550786843,1.9456366237482121
6608,4.7875,4.88125,0.39892417739628044,1.9456366237482121
6609,4.78,4.88125,0.3993819742489271,1.9502145922746783
6610,4.8075,4.88125,0.40066380543633767,1.9547925608011447
6611,4.735,4.88125,0.394620886981402,1.9273247496423465
6612,4.8,4.88,0.3981001430615165,1.9433476394849787
6613,4.76,4.88,0.39663519313304724,1.9341917024320459
6614,4.805,4.88,0.4003891273247497,1.9547925608011447
6615,4.7925,4.88,0.3997482117310444,1.9502145922746783
6616,4.7975,4.88,0.3997482117310444,1.9502145922746783
6617,4.78,4.88,0.39837482117310447,1.9433476394849787
6618,4.78,4.88125,0.4031359084406295,1.968526466380544
6619,4.8525,4.88,0.4044177396280401,1.9731044349070102
6620,4.785,4.88125,0.3987410586552218,1.9456366237482121
6621,4.7925,4.88,0.4039599427753935,1.9731044349070102
6622,4.795,4.88,0.3995650929899857,1.9502145922746783
6623,4.7925,4.8825,0.3993819742489271,1.9502145922746783
6624,4.795,4.8825,0.4016709585121603,1.9616595135908441
6625,4.835,4.88125,0.4029527896995709,1.9662374821173105
6626,4.77,4.8825,0.3974592274678112,1.9387696709585123
6627,4.78,4.88125,0.3987410586552218,1.9456366237482121
6628,4.8025,4.88125,0.40020600858369104,1.9547925608011447
6629,4.785,4.88125,0.3987410586552218,1.9456366237482121
6630,4.7925,4.88,0.4037768240343348,1.968526466380544
6631,4.8,4.88,0.39892417739628044,1.9456366237482121
6632,4.78,4.88125,0.39837482117310447,1.9456366237482121
6633,4.795,4.88,0.4008469241773963,1.9570815450643777
6634,4.8,4.87875,0.40066380543633767,1.9547925608011447
6635,4.7825,4.88,0.3985579399141631,1.9456366237482121
6636,4.8125,4.88,0.39709298998569387,1.9387696709585123
6637,4.8075,4.88,0.39919885550786843,1.9456366237482121
6638,4.79,4.8825,0.39919885550786843,1.9502145922746783
6639,4.79,4.88125,0.40020600858369104,1.9547925608011447
6640,4.79,4.88125,0.39892417739628044,1.9456366237482121
6641,4.7875,4.8825,0.39892417739628044,1.9456366237482121
6642,4.795,4.8825,0.3993819742489271,1.9502145922746783
6643,4.81,4.88125,0.3981001430615165,1.9433476394849787
6644,4.7975,4.88,0.3997482117310444,1.9502145922746783
6645,4.795,4.88125,0.3995650929899857,1.9341917024320459
6646,4.805,4.88125,0.40103004291845495,1.9570815450643777
6647,4.795,4.88125,0.3995650929899857,1.9502145922746783
6648,4.8,4.88,0.40002288984263235,1.9547925608011447
6649,4.8075,4.88125,0.39727610872675256,1.9387696709585123
6650,4.7825,4.88,0.3985579399141631,1.9456366237482121
6651,4.8075,4.88,0.40066380543633767,1.9547925608011447
6652,4.805,4.88,0.3995650929899857,1.9502145922746783
6653,4.79,4.88125,0.39919885550786843,1.9502145922746783
6654,4.7825,4.88125,0.3985579399141631,1.9456366237482121
6655,4.795,4.88125,0.40002288984263235,1.9547925608011447
6656,4.7925,4.88125,0.3993819742489271,1.9502145922746783
6657,4.8,4.88125,0.40002288984263235,1.9547925608011447
6658,4.785,4.88,0.3993819742489271,1.9502145922746783
6659,4.7925,4.88125,0.3993819742489271,1.9502145922746783
6660,4.7875,4.88125,0.39892417739628044,1.9456366237482121
6661,4.785,4.88125,0.39919885550786843,1.9502145922746783
6662,4.7975,4.88125,0.3997482117310444,1.9502145922746783
6663,4.795,4.88125,0.3995650929899857,1.9502145922746783
6664,4.8,4.8825,0.3987410586552218,1.9456366237482121
6665,4.8025,4.8825,0.40020600858369104,1.9547925608011447
6666,4.8,4.8775,0.40002288984263235,1.9502145922746783
6667,4.8025,4.88125,0.39919885550786843,1.9502145922746783
6668,4.81,4.88125,0.4008469241773963,1.9570815450643777
6669,4.8025,4.88125,0.40020600858369104,1.9547925608011447
6670,4.79,4.8825,0.39892417739628044,1.9456366237482121
6671,4.805,4.88125,0.4003891273247497,1.9547925608011447
6672,4.8,4.88,0.40002288984263235,1.9547925608011447
6673,4.7875,4.8825,0.3987410586552218,1.9456366237482121
6674,4.8025,4.88,0.3993819742489271,1.9502145922746783
6675,4.7975,4.88,0.3997482117310444,1.9502145922746783
6676,4.7975,4.88125,0.3987410586552218,1.9456366237482121
6677,4.7825,4.88125,0.40066380543633767,1.9547925608011447
6678,4.785,4.88,0.3987410586552218,1.9456366237482121
6679,4.79,4.88,0.3993819742489271,1.9502145922746783
6680,4.83,4.88,0.39892417739628044,1.9456366237482121
6681,4.8,4.88125,0.40002288984263235,1.9547925608011447
6682,4.7975,4.88125,0.3993819742489271,1.9502145922746783
6683,4.7875,4.87875,0.3985579399141631,1.9433476394849787
6684,4.8,4.8825,0.40002288984263235,1.9547925608011447
6685,4.815,4.88,0.39919885550786843,1.9456366237482121
6686,4.7975,4.88125,0.40020600858369104,1.9547925608011447
6687,4.7925,4.8825,0.3993819742489271,1.9502145922746783
6688,4.7775,4.88,0.3997482117310444,1.9502145922746783
6689,4.77,4.8825,0.3997482117310444,1.9502145922746783
6690,4.7975,4.88125,0.3997482117310444,1.9502145922746783
6691,4.7975,4.88,0.3997482117310444,1.9456366237482121
6692,4.805,4.88,0.3997482117310444,1.9502145922746783
6693,4.795,4.88,0.3995650929899857,1.9502145922746783
6694,4.8125,4.87875,0.40103004291845495,1.9570815450643777
6695,4.795,4.88125,0.39892417739628044,1.9456366237482121
6696,4.79,4.88,0.39919885550786843,1.9456366237482121
6697,4.8125,4.8825,0.40103004291845495,1.9570815450643777
6698,4.7925,4.88,0.39892417739628044,1.9456366237482121
6699,4.7975,4.8825,0.3997482117310444,1.9502145922746783
6700,4.7975,4.87875,0.3997482117310444,1.9502145922746783
6701,4.765,4.88375,0.40020600858369104,1.9547925608011447
6702,4.7875,4.8825,0.39892417739628044,1.9456366237482121
6703,4.795,4.88125,0.3995650929899857,1.9502145922746783
6704,4.805,4.88125,0.39919885550786843,1.9502145922746783
6705,4.785,4.88,0.3987410586552218,1.9456366237482121
6706,4.79,4.88125,0.39919885550786843,1.9502145922746783
6707,4.76,4.88,0.3993819742489271,1.9502145922746783
6708,4.7925,4.88,0.3993819742489271,1.9502145922746783
6709,4.795,4.88,0.3995650929899857,1.9502145922746783
6710,4.795,4.88125,0.39892417739628044,1.9456366237482121
6711,4.7875,4.8825,0.39892417739628044,1.9456366237482121
6712,4.795,4.87875,0.3995650929899857,1.9502145922746783
6713,4.81,4.88,0.39919885550786843,1.9456366237482121
6714,4.805,4.8825,0.4003891273247497,1.9547925608011447
6715,4.775,4.88375,0.39791702432045783,1.9433476394849787
6716,4.7775,4.88125,0.3997482117310444,1.9502145922746783
6717,4.7925,4.88125,0.3993819742489271,1.9502145922746783
6718,4.7775,4.88125,0.3981001430615165,1.9433476394849787
6719,4.795,4.88125,0.39919885550786843,1.9502145922746783
6720,4.81,4.88125,0.40002288984263235,1.9547925608011447
6721,4.785,4.88125,0.3987410586552218,1.9456366237482121
6722,4.81,4.87875,0.3993819742489271,1.9502145922746783
6723,4.7825,4.8825,0.3987410586552218,1.9456366237482121
6724,4.79,4.88,0.39919885550786843,1.9456366237482121
6725,4.79,4.8825,0.3997482117310444,1.9502145922746783
6726,4.7975,4.88125,0.39892417739628044,1.9456366237482121
6727,4.7975,4.88,0.3997482117310444,1.9502145922746783
6728,4.7975,4.88125,0.40002288984263235,1.9547925608011447
6729,4.8,4.88,0.3987410586552218,1.9456366237482121
6730,4.7975,4.87875,0.3997482117310444,1.9502145922746783
6731,4.79,4.87875,0.4003891273247497,1.9547925608011447
6732,4.775,4.88375,0.40020600858369104,1.9547925608011447
6733,4.78,4.88125,0.39837482117310447,1.9456366237482121
6734,4.7725,4.8825,0.3985579399141631,1.9456366237482121
6735,4.8375,4.88125,0.3993819742489271,1.9502145922746783
6736,4.8,4.88,0.40002288984263235,1.9547925608011447
6737,4.8025,4.88125,0.40020600858369104,1.9547925608011447
6738,4.7775,4.88,0.3993819742489271,1.9502145922746783
6739,4.84,4.88125,0.40331902718168816,1.968526466380544
6740,4.8175,4.88125,0.40148783977110164,1.9616595135908441
6741,4.7675,4.8825,0.3995650929899857,1.9502145922746783
6742,4.82,4.88125,0.4016709585121603,1.9616595135908441
6743,4.7925,4.88125,0.3993819742489271,1.9502145922746783
6744,4.805,4.8825,0.40002288984263235,1.9547925608011447
6745,4.7875,4.88125,0.39892417739628044,1.9456366237482121
6746,4.835,4.88125,0.4029527896995709,1.9662374821173105
6747,4.7875,4.88,0.39837482117310447,1.9433476394849787
6748,4.775,4.88,0.39791702432045783,1.9433476394849787
6749,4.82,4.88,0.4016709585121603,1.9616595135908441
6750,4.81,4.88125,0.3997482117310444,1.9502145922746783
6751,4.76,4.88125,0.39663519313304724,1.9341917024320459
6752,4.795,4.88125,0.3995650929899857,1.9502145922746783
6753,4.8025,4.87875,0.40002288984263235,1.9502145922746783
6754,4.78,4.88125,0.39837482117310447,1.9456366237482121
6755,4.8075,4.8825,0.40066380543633767,1.9570815450643777
6756,4.7775,4.88125,0.3993819742489271,1.9502145922746783
6757,4.79,4.88125,0.39919885550786843,1.9502145922746783
6758,4.8225,4.87625,0.4018540772532189,1.9616595135908441
6759,4.78,4.88125,0.40002288984263235,1.9547925608011447
6760,4.79,4.88,0.39919885550786843,1.9456366237482121
6761,4.7625,4.88125,0.3969098712446352,1.9387696709585123
6762,4.7875,4.88125,0.4003891273247497,1.9547925608011447
6763,4.8025,4.88125,0.40020600858369104,1.9547925608011447
6764,4.7575,4.88,0.3964520743919886,1.9341917024320459
6765,4.8125,4.88375,0.40002288984263235,1.9547925608011447
6766,4.8075,4.88,0.39837482117310447,1.9433476394849787
6767,4.785,4.88,0.3987410586552218,1.9456366237482121
6768,4.7975,4.88,0.3969098712446352,1.9341917024320459
6769,4.785,4.88,0.40066380543633767,1.9547925608011447
6770,4.77,4.8825,0.3974592274678112,1.9387696709585123
6771,4.8225,4.88375,0.4008469241773963,1.9570815450643777
6772,4.8125,4.8825,0.39791702432045783,1.9433476394849787
6773,4.8025,4.88125,0.40020600858369104,1.9547925608011447
6774,4.8125,4.87875,0.40002288984263235,1.9502145922746783
6775,4.78,4.87875,0.40002288984263235,1.9502145922746783
6776,4.79,4.88,0.39919885550786843,1.9456366237482121
6777,4.79,4.88375,0.40020600858369104,1.9547925608011447
6778,4.795,4.88125,0.3987410586552218,1.9456366237482121
6779,4.7725,4.88,0.3977339055793992,1.9433476394849787
6780,4.78,4.88,0.3985579399141631,1.9456366237482121
6781,4.7925,4.8825,0.4035021459227468,1.968526466380544
6782,4.805,4.88125,0.4003891273247497,1.9547925608011447
6783,4.7925,4.88125,0.3993819742489271,1.9502145922746783
6784,4.7875,4.88125,0.40121316165951365,1.9570815450643777
6785,4.825,4.88,0.4021287553648069,1.9616595135908441
6786,4.7775,4.88,0.3981001430615165,1.9433476394849787
6787,4.8075,4.88,0.39727610872675256,1.9387696709585123
6788,4.7925,4.88125,0.3993819742489271,1.9502145922746783
6789,4.7775,4.8825,0.3981001430615165,1.9433476394849787
6790,4.7825,4.88125,0.40002288984263235,1.9547925608011447
6791,4.7825,4.88125,0.3985579399141631,1.9456366237482121
6792,4.7975,4.88,0.3997482117310444,1.9502145922746783
6793,4.8075,4.88,0.3985579399141631,1.9456366237482121
6794,4.7825,4.88125,0.3985579399141631,1.9456366237482121
6795,4.7825,4.8775,0.3985579399141631,1.9433476394849787
6796,4.835,4.88,0.3969098712446352,1.9341917024320459
6797,4.8,4.88125,0.40002288984263235,1.9547925608011447
6798,4.805,4.88125,0.4003891273247497,1.9547925608011447
6799,4.8275,4.88125,0.40121316165951365,1.9570815450643777
6800,4.8175,4.88,0.40148783977110164,1.9570815450643777
6801,4.795,4.8825,0.3995650929899857,1.9502145922746783
6802,4.795,4.88,0.39791702432045783,1.9433476394849787
6803,4.7875,4.88,0.39892417739628044,1.9456366237482121
6804,4.8275,4.88,0.40231187410586555,1.9662374821173105
6805,4.7975,4.88,0.3964520743919886,1.9341917024320459
6806,4.8075,4.88125,0.40066380543633767,1.9547925608011447
6807,4.795,4.88,0.3995650929899857,1.9502145922746783
6808,4.8375,4.88125,0.4018540772532189,1.9616595135908441
6809,4.84,4.8825,0.40002288984263235,1.9547925608011447
6810,4.7925,4.88125,0.3993819742489271,1.9502145922746783
6811,4.8,4.88,0.4018540772532189,1.9616595135908441
6812,4.81,4.88125,0.39892417739628044,1.9456366237482121
6813,4.7875,4.88125,0.39892417739628044,1.9456366237482121
6814,4.8025,4.88,0.40002288984263235,1.9547925608011447
6815,4.8025,4.88125,0.3995650929899857,1.9502145922746783
6816,4.785,4.88125,0.3987410586552218,1.9456366237482121
6817,4.7775,4.88125,0.40103004291845495,1.9570815450643777
6818,4.7675,4.88125,0.39837482117310447,1.9456366237482121
6819,4.8075,4.88,0.40066380543633767,1.9547925608011447
6820,4.7975,4.88,0.3977339055793992,1.9433476394849787
6821,4.7775,4.88375,0.3981001430615165,1.9433476394849787
6822,4.8,4.8825,0.40002288984263235,1.9547925608011447
6823,4.755,4.88125,0.40002288984263235,1.9547925608011447
6824,4.7925,4.88,0.40002288984263235,1.9547925608011447
6825,4.8,4.87875,0.40002288984263235,1.9502145922746783
6826,4.77,4.8825,0.3974592274678112,1.9502145922746783
6827,4.7475,4.885,0.39837482117310447,1.9456366237482121
6828,4.7775,4.8775,0.3981001430615165,1.9433476394849787
6829,4.8025,4.88125,0.40020600858369104,1.9547925608011447
6830,4.8125,4.87875,0.40121316165951365,1.9570815450643777
6831,4.825,4.87875,0.4021287553648069,1.9616595135908441
6832,4.7725,4.88125,0.3977339055793992,1.9433476394849787
6833,4.7725,4.88125,0.4016709585121603,1.9616595135908441
6834,4.7575,4.8825,0.3964520743919886,1.9341917024320459
6835,4.79,4.88125,0.39919885550786843,1.9502145922746783
6836,4.765,4.87875,0.40103004291845495,1.9570815450643777
6837,4.7675,4.88,0.39727610872675256,1.9387696709585123
6838,4.7775,4.88125,0.3981001430615165,1.9433476394849787
6839,4.765,4.8825,0.40103004291845495,1.9570815450643777
6840,4.8125,4.8825,0.40103004291845495,1.9570815450643777
6841,4.835,4.88,0.4029527896995709,1.9662374821173105
6842,4.7775,4.88375,0.3993819742489271,1.9502145922746783
6843,4.7975,4.8825,0.3997482117310444,1.9502145922746783
6844,4.7775,4.8825,0.3981001430615165,1.9433476394849787
6845,4.7875,4.8825,0.3993819742489271,1.9502145922746783
6846,4.765,4.88125,0.39709298998569387,1.9387696709585123
6847,4.7625,4.88,0.3969098712446352,1.9341917024320459
6848,4.7975,4.88,0.3974592274678112,1.9387696709585123
6849,4.8075,4.88125,0.40066380543633767,1.9547925608011447
6850,4.795,4.88125,0.3995650929899857,1.9502145922746783
6851,4.7875,4.88125,0.4018540772532189,1.9616595135908441
6852,4.7375,4.88125,0.3948040057224607,1.9273247496423465
6853,4.7875,4.88,0.39892417739628044,1.9456366237482121
6854,4.775,4.88,0.4016709585121603,1.9616595135908441
6855,4.795,4.88125,0.40066380543633767,1.9547925608011447
6856,4.7775,4.8825,0.3981001430615165,1.9433476394849787
6857,4.8,4.88125,0.40020600858369104,1.9547925608011447
6858,4.7975,4.88125,0.3997482117310444,1.9502145922746783
6859,4.79,4.88,0.39919885550786843,1.9456366237482121
6860,4.8025,4.87875,0.3993819742489271,1.9502145922746783
6861,4.7925,4.8825,0.3987410586552218,1.9456366237482121
6862,4.785,4.88125,0.3987410586552218,1.9456366237482121
6863,4.785,4.8825,0.3969098712446352,1.9387696709585123
6864,4.795,4.8825,0.3997482117310444,1.9502145922746783
6865,4.7975,4.88,0.3997482117310444,1.9502145922746783
6866,4.795,4.88125,0.40148783977110164,1.9616595135908441
6867,4.8,4.88125,0.3993819742489271,1.9502145922746783
6868,4.8025,4.8825,0.40020600858369104,1.9547925608011447
6869,4.79,4.8825,0.39791702432045783,1.9433476394849787
6870,4.795,4.88125,0.40121316165951365,1.9570815450643777
6871,4.8,4.88125,0.40002288984263235,1.9547925608011447
6872,4.795,4.88,0.3995650929899857,1.9502145922746783
6873,4.785,4.88125,0.40002288984263235,1.9547925608011447
6874,4.7825,4.88,0.3985579399141631,1.9456366237482121
6875,4.8,4.88,0.40002288984263235,1.9547925608011447
6876,4.8025,4.88125,0.3993819742489271,1.9502145922746783
6877,4.8,4.88125,0.40002288984263235,1.9547925608011447
6878,4.785,4.8825,0.3987410586552218,1.9456366237482121
6879,4.8,4.88125,0.40002288984263235,1.9547925608011447
6880,4.7875,4.88125,0.39892417739628044,1.9456366237482121
6881,4.795,4.88125,0.3995650929899857,1.9502145922746783
6882,4.8,4.88125,0.39892417739628044,1.9456366237482121
6883,4.785,4.88125,0.3987410586552218,1.9456366237482121
6884,4.79,4.8825,0.39919885550786843,1.9502145922746783
6885,4.8,4.88125,0.39892417739628044,1.9456366237482121
6886,4.795,4.88,0.3995650929899857,1.9502145922746783
6887,4.8,4.88125,0.40002288984263235,1.9547925608011447
6888,4.78,4.88125,0.39919885550786843,1.9502145922746783
6889,4.8,4.88125,0.40002288984263235,1.9547925608011447
6890,4.7875,4.88125,0.39892417739628044,1.9456366237482121
6891,4.7925,4.8825,0.3997482117310444,1.9502145922746783
6892,4.785,4.8825,0.3987410586552218,1.9456366237482121
6893,4.79,4.88,0.39919885550786843,1.9456366237482121
6894,4.79,4.88125,0.3985579399141631,1.9456366237482121
6895,4.795,4.88125,0.3995650929899857,1.9502145922746783
6896,4.7875,4.87875,0.39892417739628044,1.9456366237482121
6897,4.7975,4.88,0.3987410586552218,1.9456366237482121
6898,4.7925,4.88125,0.3993819742489271,1.9502145922746783
6899,4.8,4.87875,0.40002288984263235,1.9502145922746783
6900,4.7975,4.88125,0.40020600858369104,1.9547925608011447
6901,4.7825,4.88125,0.3995650929899857,1.9502145922746783
6902,4.785,4.88125,0.3987410586552218,1.9456366237482121
6903,4.8075,4.88,0.3997482117310444,1.9502145922746783
6904,4.8025,4.8825,0.39919885550786843,1.9502145922746783
6905,4.795,4.88,0.3995650929899857,1.9502145922746783
6906,4.7975,4.88125,0.3993819742489271,1.9502145922746783
6907,4.805,4.88,0.39919885550786843,1.9456366237482121
6908,4.7825,4.8825,0.3985579399141631,1.9456366237482121
6909,4.805,4.88125,0.3987410586552218,1.9456366237482121
6910,4.7825,4.88125,0.3987410586552218,1.9456366237482121
6911,4.81,4.88,0.4008469241773963,1.9570815450643777
6912,4.7875,4.88125,0.39892417739628044,1.9456366237482121
6913,4.7925,4.8825,0.39919885550786843,1.9502145922746783
6914,4.8,4.88125,0.40002288984263235,1.9547925608011447
6915,4.8,4.8825,0.40002288984263235,1.9502145922746783
6916,4.8,4.88125,0.3987410586552218,1.9456366237482121
6917,4.785,4.88,0.3987410586552218,1.9456366237482121
6918,4.78,4.88125,0.39837482117310447,1.9456366237482121
6919,4.7875,4.88125,0.39791702432045783,1.9433476394849787
6920,4.8025,4.88375,0.40020600858369104,1.9547925608011447
6921,4.785,4.88,0.3987410586552218,1.9456366237482121
6922,4.8075,4.88125,0.3987410586552218,1.9456366237482121
6923,4.79,4.88,0.39919885550786843,1.9456366237482121
6924,4.805,4.88125,0.4003891273247497,1.9547925608011447
6925,4.795,4.88125,0.40066380543633767,1.9547925608011447
6926,4.8175,4.88125,0.40148783977110164,1.9616595135908441
6927,4.79,4.88,0.39919885550786843,1.9456366237482121
6928,4.7975,4.88125,0.40020600858369104,1.9547925608011447
6929,4.805,4.8825,0.4003891273247497,1.9547925608011447
6930,4.7675,4.88,0.39727610872675256,1.9387696709585123
6931,4.795,4.88125,0.40121316165951365,1.9570815450643777
6932,4.7875,4.87875,0.39892417739628044,1.9456366237482121
6933,4.7825,4.88125,0.3985579399141631,1.9456366237482121
6934,4.81,4.88125,0.39837482117310447,1.9456366237482121
6935,4.7975,4.88,0.3997482117310444,1.9502145922746783
6936,4.7875,4.88125,0.39892417739628044,1.9456366237482121
6937,4.79,4.87875,0.3987410586552218,1.9456366237482121
6938,4.79,4.8825,0.39919885550786843,1.9502145922746783
6939,4.7875,4.88125,0.39892417739628044,1.9456366237482121
6940,4.82,4.88,0.3981001430615165,1.9433476394849787
6941,4.78,4.88125,0.39837482117310447,1.9456366237482121
6942,4.7925,4.88125,0.3993819742489271,1.9502145922746783
6943,4.7975,4.88125,0.3987410586552218,1.9456366237482121
6944,4.7925,4.88,0.40002288984263235,1.9547925608011447
6945,4.8025,4.88125,0.40020600858369104,1.9547925608011447
6946,4.81,4.88,0.3993819742489271,1.9502145922746783
6947,4.7375,4.8825,0.40002288984263235,1.9547925608011447
6948,4.785,4.88,0.3987410586552218,1.9456366237482121
6949,4.7925,4.8825,0.3981001430615165,1.9433476394849787
6950,4.825,4.88,0.39919885550786843,1.9456366237482121
6951,4.7725,4.8825,0.3977339055793992,1.9433476394849787
6952,4.78,4.88125,0.39727610872675256,1.9387696709585123
6953,4.7775,4.88,0.3981001430615165,1.9433476394849787
6954,4.785,4.88,0.3987410586552218,1.9456366237482121
6955,4.765,4.88125,0.39892417739628044,1.9456366237482121
6956,4.805,4.88,0.39919885550786843,1.9456366237482121
6957,4.82,4.88,0.4016709585121603,1.9616595135908441
6958,4.7875,4.88,0.39791702432045783,1.9433476394849787
6959,4.77,4.8825,0.40148783977110164,1.9616595135908441
6960,4.7925,4.88,0.3993819742489271,1.9502145922746783
6961,4.735,4.8825,0.394620886981402,1.9547925608011447
6962,4.7775,4.88375,0.3985579399141631,1.9456366237482121
6963,4.76,4.88125,0.39663519313304724,1.9341917024320459
6964,4.8075,4.88,0.40066380543633767,1.9547925608011447
6965,4.7725,4.88,0.4016709585121603,1.9616595135908441
6966,4.8325,4.88,0.4026781115879829,1.9662374821173105
6967,4.7825,4.88125,0.3985579399141631,1.9456366237482121
6968,4.7825,4.88,0.4016709585121603,1.9616595135908441
6969,4.8325,4.88125,0.4026781115879829,1.9662374821173105
6970,4.805,4.88125,0.4003891273247497,1.9547925608011447
6971,4.785,4.8825,0.3985579399141631,1.9456366237482121
6972,4.785,4.88125,0.3987410586552218,1.9456366237482121
6973,4.78,4.88125,0.39837482117310447,1.9456366237482121
6974,4.7925,4.8775,0.3964520743919886,1.9341917024320459
6975,4.7875,4.88125,0.39892417739628044,1.9456366237482121
6976,4.77,4.88125,0.3974592274678112,1.9387696709585123
6977,4.7925,4.88125,0.3993819742489271,1.9502145922746783
6978,4.7675,4.88125,0.39727610872675256,1.9387696709585123
6979,4.7725,4.88125,0.3977339055793992,1.9433476394849787
6980,4.79,4.88,0.40148783977110164,1.9570815450643777
6981,4.8175,4.88125,0.40148783977110164,1.9616595135908441
6982,4.785,4.88125,0.3987410586552218,1.9456366237482121
6983,4.805,4.88125,0.3995650929899857,1.9502145922746783
6984,4.785,4.88,0.3987410586552218,1.9456366237482121
6985,4.7925,4.8825,0.3993819742489271,1.9502145922746783
6986,4.805,4.88125,0.3977339055793992,1.9433476394849787
6987,4.785,4.8825,0.3987410586552218,1.9456366237482121
6988,4.785,4.88125,0.3987410586552218,1.9456366237482121
6989,4.795,4.88125,0.40103004291845495,1.9570815450643777
6990,4.7975,4.88,0.3985579399141631,1.9456366237482121
6991,4.8,4.8825,0.40002288984263235,1.9547925608011447
6992,4.8,4.88,0.4016709585121603,1.9616595135908441
6993,4.7925,4.8825,0.40002288984263235,1.9547925608011447
6994,4.8,4.8825,0.40002288984263235,1.9547925608011447
6995,4.8025,4.88125,0.40020600858369104,1.9547925608011447
6996,4.7975,4.88125,0.3993819742489271,1.9502145922746783
6997,4.8125,4.88,0.40103004291845495,1.9570815450643777
6998,4.81,4.88,0.3993819742489271,1.9502145922746783
6999,4.8,4.8825,0.39919885550786843,1.9502145922746783
